#"+ Scan (rt: 0.088-65.997 min, 11533 scans) 151221_SP_48H_2.D "
#Point,X(Thompsons),Y(Counts)
0,50.1,6840.06884765625
1,50.3,0.772478997707367
2,51.0,5.51018810272217
3,51.1,12149.943359375
4,51.3,0.271915376186371
5,51.5,0.0169947110116482
6,52.0,5.76554250717163
7,52.1,11291.3740234375
8,52.3,0.564727306365967
9,52.7,0.0435272678732872
10,53.0,2.65568375587463
11,53.2,17517.396484375
12,53.3,0.771958708763123
13,54.0,1.86924481391907
14,54.2,21628.310546875
15,54.3,0.569409549236298
16,55.1,4818.93896484375
17,55.2,34378.5625
18,56.0,0.950663328170776
19,56.2,24841.240234375
20,56.3,1.57062339782715
21,57.0,1.05497264862061
22,57.2,21706.802734375
23,57.3,21.1849479675293
24,57.4,12.6529092788696
25,57.6,3.09546518325806
26,57.9,3.43275809288025
27,58.1,1670.83044433594
28,58.2,4926.482421875
29,58.4,5.09199666976929
30,58.6,222.854766845703
31,58.7,76.4333648681641
32,58.9,12.5577907562256
33,59.1,4218.37841796875
34,59.2,5929.15771484375
35,59.3,5.14081335067749
36,59.5,0.0341628380119801
37,59.9,0.291424602270126
38,60.1,8185.65283203125
39,60.2,1485.90795898438
40,60.4,0.0182086192071438
41,60.5,0.0488164387643337
42,60.9,0.660105764865875
43,61.1,3638.16552734375
44,61.2,772.607238769531
45,61.5,0.0327755138278008
46,61.8,0.210006073117256
47,62.0,92.0217666625977
48,62.1,2985.43627929688
49,62.3,3.18243312835693
50,62.4,0.156073868274689
51,62.9,0.583109319210052
52,63.1,5664.73681640625
53,63.2,1358.75854492188
54,63.4,0.100407525897026
55,63.7,0.0329489298164845
56,63.9,1.56117224693298
57,64.1,5917.72900390625
58,64.2,792.099365234375
59,64.4,1.04690885543823
60,64.9,0.278331756591797
61,65.1,6927.1259765625
62,65.2,5510.9970703125
63,65.4,0.079510971903801
64,65.7,0.0708401948213577
65,65.9,0.22275210916996
66,66.1,5635.47509765625
67,66.2,4255.796875
68,66.4,0.134223535656929
69,67.0,1.98083758354187
70,67.2,20798.138671875
71,67.3,0.810110092163086
72,68.0,2.44845223426819
73,68.2,22338.8046875
74,68.3,0.844619810581207
75,68.5,0.0480360686779022
76,69.0,1.5554496049881
77,69.2,26375
78,69.3,1.02583885192871
79,69.8,0.0463886223733425
80,70.0,1.76840376853943
81,70.1,2941.1162109375
82,70.2,19848.275390625
83,70.4,0.0310413595288992
84,70.6,0.0412728674709797
85,70.7,0.0206364337354898
86,70.9,0.310066759586334
87,71.1,1923.06823730469
88,71.2,10060.3037109375
89,71.4,1.32289946079254
90,71.6,0.0555796399712563
91,71.9,1.8063817024231
92,72.0,17.9590740203857
93,72.2,7940.90234375
94,72.3,32.8278846740723
95,72.5,0.0904361382126808
96,72.9,2.10300874710083
97,73.1,11172.05859375
98,73.2,3294.4208984375
99,73.9,0.515303909778595
100,74.1,3637.29272460938
101,74.2,886.782897949219
102,74.4,0.0844533070921898
103,74.8,0.276164054870605
104,75.0,39.7467269897461
105,75.1,4825.2431640625
106,75.3,0.558657765388489
107,75.6,0.0151738487184048
108,75.8,0.291771441698074
109,75.9,2.64779329299927
110,76.1,2608.35473632813
111,76.2,839.138549804688
112,76.4,0.109858669340611
113,77.0,5.81748008728027
114,77.1,15411.8466796875
115,77.3,0.452180713415146
116,78.0,8.79805755615234
117,78.1,10060.615234375
118,78.3,0.564120352268219
119,79.0,2.74377870559692
120,79.1,16153.6435546875
121,79.3,0.250411868095398
122,79.9,0.323159635066986
123,80.1,7194.7724609375
124,80.2,8006.9248046875
125,81.0,2.66608858108521
126,81.2,20845.66015625
127,81.3,0.523020923137665
128,81.6,0.0132662793621421
129,81.9,0.121390789747238
130,82.1,5409.37255859375
131,82.2,14043.05859375
132,82.4,0.0410994552075863
133,82.7,0.0638168752193451
134,82.9,0.444463700056076
135,83.1,4504.47900390625
136,83.2,12734.130859375
137,83.4,0.22084453701973
138,83.9,0.540015578269958
139,84.1,12684.28515625
140,84.2,11035.3369140625
141,84.4,0.142287343740463
142,84.6,0.0859273374080658
143,84.8,0.136477932333946
144,85.0,4.48174810409546
145,85.2,11345.712890625
146,85.3,7.17540979385376
147,85.8,0.141767099499702
148,86.0,20.4500122070313
149,86.2,7185.396484375
150,86.3,10.0031213760376
151,86.4,0.177837505936623
152,86.6,0.0360704064369202
153,86.8,0.25691494345665
154,87.0,47.5158233642578
155,87.1,4561.5888671875
156,87.3,1.76909732818604
157,87.6,0.0410994552075863
158,87.8,1.19968783855438
159,88.0,141.385238647461
160,88.1,1747.39135742188
161,88.3,13.3940868377686
162,88.5,0.0896557718515396
163,88.7,0.188415855169296
164,88.9,3.44853901863098
165,89.1,5639.53662109375
166,89.2,1135.14660644531
167,89.4,0.356455385684967
168,89.6,0.19951443374157
169,89.8,1.50810718536377
170,89.9,5.86066055297852
171,90.1,4073.35888671875
172,90.2,1296.06115722656
173,90.3,18.2009010314941
174,90.5,0.0651174858212471
175,90.9,0.113847218453884
176,91.1,14037.3291015625
177,91.2,18151.283203125
178,91.8,0.146102488040924
179,92.0,13.0007801055908
180,92.2,13627.9619140625
181,92.3,2.69487547874451
182,92.6,0.0533252395689487
183,92.7,0.0380646847188473
184,92.9,0.654469788074493
185,93.1,5172.818359375
186,93.2,6043.005859375
187,93.4,0.165264889597893
188,93.8,0.0544524416327477
189,94.0,8.92803287506104
190,94.1,19537.861328125
191,94.3,2.51513051986694
192,94.6,0.0424867756664753
193,94.8,0.0308679435402155
194,95.0,3.45166039466858
195,95.2,20688.830078125
196,95.3,2.96020126342773
197,95.5,0.0938177406787872
198,95.8,0.113847218453884
199,96.0,9.88398551940918
200,96.2,16869.6640625
201,96.3,3.59732937812805
202,96.6,0.111939653754234
203,96.8,0.0666782259941101
204,97.0,11.4716033935547
205,97.2,17120.265625
206,97.3,3.00997138023376
207,97.5,0.0644238293170929
208,97.9,0.899245619773865
209,98.1,8691.28515625
210,98.2,7734.25390625
211,98.4,0.197346746921539
212,98.7,0.0307812355458736
213,98.9,1.40579211711884
214,99.1,6564.025390625
215,99.2,3349.25512695313
216,99.4,0.559264719486237
217,99.6,0.134310245513916
218,99.9,2.89759826660156
219,100.1,11607.232421875
220,100.2,996.873291015625
221,100.4,0.300008684396744
222,100.6,0.130234971642494
223,100.8,0.515650749206543
224,101.0,56.7130851745605
225,101.1,4845.01806640625
226,101.3,3.4148964881897
227,101.5,0.221798315644264
228,101.8,0.724703013896942
229,102.0,69.5170364379883
230,102.1,4507.86474609375
231,102.3,4.80386734008789
232,102.5,0.15468655526638
233,102.8,0.386976510286331
234,103.0,69.2985382080078
235,103.1,6381.763671875
236,103.3,2.42365384101868
237,103.4,0.368334352970123
238,103.6,0.110552325844765
239,103.9,2.73120617866516
240,104.1,4681.7548828125
241,104.2,2492.75634765625
242,104.4,0.273389399051666
243,104.6,0.0417931154370308
244,104.8,0.190323412418365
245,105.0,16.4783668518066
246,105.1,8997.3916015625
247,105.3,2.98413252830505
248,105.5,0.080985002219677
249,105.8,0.17653688788414
250,106.0,21.4722099304199
251,106.2,8523.35546875
252,106.3,6.77993583679199
253,106.6,0.237058877944946
254,106.7,0.112720020115376
255,106.9,1.693488240242
256,107.1,13352.658203125
257,107.2,5970.07666015625
258,107.4,0.507240116596222
259,107.7,0.03962542116642
260,107.9,1.16309714317322
261,108.1,8913.5986328125
262,108.2,7626.31005859375
263,108.4,0.509928047657013
264,108.7,0.129454612731934
265,108.8,0.144108206033707
266,109.0,8.45218086242676
267,109.2,15498.1279296875
268,109.3,6.33868026733398
269,109.6,0.130408391356468
270,109.8,0.337726533412933
271,110.0,10.2220582962036
272,110.2,13615.2587890625
273,110.3,5.32081842422485
274,110.4,0.435706228017807
275,110.6,0.0392785929143429
276,110.9,1.4148097038269
277,111.1,6790.40234375
278,111.2,7542.4267578125
279,111.4,0.518338680267334
280,111.7,0.126940086483955
281,111.8,0.193271487951279
282,112.0,15.6148443222046
283,112.1,10405.3681640625
284,112.3,10.8772220611572
285,112.4,0.496228218078613
286,112.7,0.0932107865810394
287,112.9,2.20437002182007
288,113.1,4443.4736328125
289,113.2,2265.0966796875
290,113.4,0.95248419046402
291,113.6,0.284487992525101
292,113.8,0.770918250083923
293,114.0,67.1171417236328
294,114.1,4010.64453125
295,114.2,1341.81750488281
296,114.4,1.63444030284882
297,114.6,0.102575220167637
298,114.8,0.560218513011932
299,115.0,27.5120964050293
300,115.1,8946.341796875
301,115.3,3.77690100669861
302,115.5,0.0651174858212471
303,115.6,0.238966450095177
304,115.9,3.05167770385742
305,116.1,5104.28466796875
306,116.2,1653.50732421875
307,116.3,4.29471969604492
308,116.6,0.22136478126049
309,116.8,0.607907772064209
310,116.9,2.78643894195557
311,117.1,15065.076171875
312,117.2,2543.50512695313
313,117.4,0.485736578702927
314,117.6,0.101361311972141
315,117.8,0.474898129701614
316,118.0,27.902193069458
317,118.1,7331.13720703125
318,118.3,5.55995845794678
319,118.5,0.303563684225082
320,118.7,0.0717939808964729
321,118.9,3.68724536895752
322,119.1,5157.8623046875
323,119.2,3002.2958984375
324,119.4,0.549813568592072
325,119.7,0.17844446003437
326,119.9,2.71594548225403
327,120.1,4894.85693359375
328,120.2,4323.3369140625
329,120.4,0.864562571048737
330,120.6,0.111332699656487
331,120.8,0.451400339603424
332,121.0,16.5609130859375
333,121.2,10310.912109375
334,121.3,5.97867012023926
335,121.4,0.693574965000153
336,121.6,0.132749497890472
337,121.9,2.34344911575317
338,122.1,3332.33862304688
339,122.2,6536.23046875
340,122.4,0.520332932472229
341,122.8,0.40397122502327
342,123.0,14.7517557144165
343,123.2,12902.98828125
344,123.3,10.0150871276855
345,123.4,0.930200278759003
346,123.6,0.0730078890919685
347,123.8,0.481661319732666
348,124.0,12.3651266098022
349,124.2,12160.228515625
350,124.3,16.9189281463623
351,124.5,0.103095464408398
352,124.6,0.145322114229202
353,124.9,1.42564809322357
354,125.1,4559.0712890625
355,125.2,8460.970703125
356,125.4,0.735194683074951
357,125.6,0.0701465383172035
358,125.8,0.801092505455017
359,126.0,42.3813400268555
360,126.1,7648.830078125
361,126.3,16.4576435089111
362,126.5,0.388710647821426
363,126.7,0.211306691169739
364,126.9,5.43111085891724
365,127.1,3288.599609375
366,127.2,2117.15747070313
367,127.4,0.587184607982635
368,127.5,0.339287251234055
369,127.8,0.61978667974472
370,128.0,44.3959922790527
371,128.1,7572.8173828125
372,128.3,8.81964778900146
373,128.5,0.162143409252167
374,128.7,0.379693061113358
375,128.9,3.98786091804504
376,129.1,5783.90576171875
377,129.2,4355.06787109375
378,129.4,0.579641044139862
379,129.5,0.223792597651482
380,129.8,0.777768135070801
381,130.0,24.7913818359375
382,130.1,11272.4970703125
383,130.3,6.30711889266968
384,130.4,0.798144459724426
385,130.6,0.16179658472538
386,130.8,0.812191128730774
387,131.0,20.5895252227783
388,131.1,10077.9697265625
389,131.3,7.51226902008057
390,131.6,0.229341894388199
391,131.8,0.670250594615936
392,132.0,25.085147857666
393,132.1,7180.5732421875
394,132.3,9.51443672180176
395,132.5,0.22275210916996
396,132.8,0.504292011260986
397,133.0,50.1776657104492
398,133.1,10339.6513671875
399,133.3,3.08991599082947
400,133.5,0.291511327028275
401,133.8,1.16136300563812
402,134.0,36.2761650085449
403,134.2,7596.771484375
404,134.3,6.76901054382324
405,134.5,0.358969926834106
406,134.8,0.674846112728119
407,135.0,18.1590213775635
408,135.1,13756.3955078125
409,135.3,9.08878898620605
410,135.5,0.0965056791901588
411,135.7,0.123992025852203
412,135.9,2.83586239814758
413,136.1,3376.0263671875
414,136.2,5265.21923828125
415,136.4,1.19067025184631
416,136.7,0.15139165520668
417,136.9,5.18798208236694
418,137.1,4043.48974609375
419,137.2,7586.14404296875
420,137.3,7.56281995773315
421,137.5,0.0619093030691147
422,137.7,0.108644761145115
423,137.9,2.19752025604248
424,138.1,2694.58349609375
425,138.2,9188.62890625
426,138.4,1.15095806121826
427,138.6,0.0728344768285751
428,138.8,0.732940256595612
429,139.0,27.46657371521
430,139.2,8376.59765625
431,139.3,12.7450790405273
432,139.5,0.255440920591354
433,139.8,0.59941041469574
434,140.0,32.2345428466797
435,140.2,6562.93408203125
436,140.3,21.8421058654785
437,140.5,0.249284654855728
438,140.6,0.299488425254822
439,140.9,4.24676990509033
440,141.1,1914.42272949219
441,141.2,2930.04833984375
442,141.4,1.35862302780151
443,141.6,0.394520074129105
444,141.7,0.142894297838211
445,141.9,4.83837699890137
446,142.1,3577.29931640625
447,142.2,1655.33947753906
448,142.4,1.06893265247345
449,142.7,0.3058180809021
450,142.9,3.93349528312683
451,143.1,2968.4912109375
452,143.2,2980.80078125
453,143.4,1.12182438373566
454,143.7,0.225873574614525
455,143.9,4.08401966094971
456,144.1,2583.2314453125
457,144.2,2775.76733398438
458,144.4,1.10231506824493
459,144.6,0.192491114139557
460,144.8,0.838983774185181
461,145.0,21.5437431335449
462,145.2,6657.1357421875
463,145.3,8.0903491973877
464,145.4,1.21208703517914
465,145.7,0.341715067625046
466,145.9,3.03026103973389
467,146.1,3152.16064453125
468,146.2,3744.85693359375
469,146.4,1.28440129756927
470,146.7,0.396774470806122
471,146.9,5.89941883087158
472,147.1,5023.70361328125
473,147.2,4154.9833984375
474,147.4,0.77282577753067
475,147.7,0.204543486237526
476,147.9,3.35844969749451
477,148.1,3001.2412109375
478,148.2,4050.19555664063
479,148.4,0.966530799865723
480,148.7,0.450793385505676
481,148.9,4.24572944641113
482,149.1,3918.27270507813
483,149.2,4688.95947265625
484,149.4,0.888147056102753
485,149.7,0.157547906041145
486,149.8,0.705107092857361
487,150.0,16.5053329467773
488,150.2,7112.056640625
489,150.3,18.9391307830811
490,150.4,1.23263680934906
491,150.6,0.170987606048584
492,150.8,1.03407609462738
493,151.0,18.6317520141602
494,151.2,11268.5029296875
495,151.3,10.5145235061646
496,151.5,0.202462494373322
497,151.7,0.290904372930527
498,151.9,3.47645878791809
499,152.1,3496.75805664063
500,152.2,7544.58837890625
501,152.4,1.52501511573792
502,152.6,0.203849822282791
503,152.8,1.36781406402588
504,153.0,36.1344833374023
505,153.2,6729.4482421875
506,153.3,16.9810104370117
507,153.5,0.0590479485690594
508,153.7,0.446544706821442
509,153.9,3.9467613697052
510,154.1,2651.74780273438
511,154.2,7798.5458984375
512,154.4,1.7773345708847
513,154.6,0.194225266575813
514,154.8,1.19743347167969
515,155.0,41.5994987487793
516,155.2,4944.56494140625
517,155.3,14.0624294281006
518,155.5,0.254747241735458
519,155.7,0.57799357175827
520,155.8,0.998352527618408
521,156.0,39.4870376586914
522,156.1,2054.82470703125
523,156.2,2953.62255859375
524,156.4,0.995057642459869
525,156.5,0.272955864667892
526,156.8,1.27044129371643
527,157.0,18.7808895111084
528,157.1,1805.81726074219
529,157.2,4177.14453125
530,157.4,1.48348212242126
531,157.7,0.159715592861176
532,157.8,0.806901931762695
533,158.0,24.5712299346924
534,158.1,1727.94323730469
535,158.2,2680.63842773438
536,158.4,1.30174279212952
537,158.7,0.312494575977325
538,158.8,0.526662647724152
539,159.0,22.9409523010254
540,159.2,5190.53076171875
541,159.3,12.5010833740234
542,159.5,0.170900896191597
543,159.8,0.491979539394379
544,160.0,17.2211055755615
545,160.2,5243.50732421875
546,160.3,12.3263673782349
547,160.5,0.159455478191376
548,160.7,0.392612516880035
549,160.9,3.9171941280365
550,161.1,2447.79907226563
551,161.2,3736.93994140625
552,161.4,0.941385567188263
553,161.6,0.23532472550869
554,161.7,0.094511404633522
555,161.9,2.87141251564026
556,162.1,2110.35400390625
557,162.2,3510.32348632813
558,162.4,0.939391314983368
559,162.6,0.70215904712677
560,162.7,0.256221264600754
561,162.9,5.8644757270813
562,163.1,2320.791015625
563,163.2,4350.326171875
564,163.4,1.33885371685028
565,163.7,0.423567146062851
566,163.9,3.04014563560486
567,164.1,1787.72534179688
568,164.2,4186.06689453125
569,164.4,1.35073268413544
570,164.5,0.568889260292053
571,164.8,1.42625510692596
572,165.0,33.3889694213867
573,165.2,9407.7568359375
574,165.3,14.9016733169556
575,165.5,0.242087915539742
576,165.8,0.793548941612244
577,166.0,20.7928562164307
578,166.2,8027.13525390625
579,166.3,14.0550594329834
580,166.4,1.67267835140228
581,166.6,0.106477066874504
582,166.8,0.97563511133194
583,167.0,23.9289855957031
584,167.2,6929.56787109375
585,167.3,13.0479497909546
586,167.5,0.344836562871933
587,167.8,0.862915098667145
588,168.0,23.0846271514893
589,168.2,7043.31640625
590,168.3,19.4703884124756
591,168.5,0.15303909778595
592,168.7,0.429723411798477
593,168.9,3.41203498840332
594,169.1,1527.46069335938
595,169.2,2692.28198242188
596,169.4,1.66764938831329
597,169.6,0.137518420815468
598,169.8,0.852163374423981
599,170.0,27.0528907775879
600,170.2,4599.90576171875
601,170.3,16.6113758087158
602,170.5,0.512962818145752
603,170.8,1.08115839958191
604,171.0,16.4712562561035
605,171.2,5138.927734375
606,171.3,12.2706146240234
607,171.4,1.61345708370209
608,171.6,0.120090179145336
609,171.8,0.814185380935669
610,172.0,18.8344745635986
611,172.2,4383.62353515625
612,172.3,11.7081422805786
613,172.6,0.482788532972336
614,172.7,0.0781236439943314
615,172.9,3.16136312484741
616,173.1,1491.02124023438
617,173.2,3068.037109375
618,173.4,1.19778025150299
619,173.7,0.196739792823792
620,173.9,2.32584762573242
621,174.1,1453.94982910156
622,174.2,3012.96533203125
623,174.3,18.6501350402832
624,174.5,0.269140720367432
625,174.8,0.92161625623703
626,175.0,16.7805423736572
627,175.1,1559.75170898438
628,175.2,3493.6015625
629,175.4,0.886673033237457
630,175.5,0.359490156173706
631,175.8,0.892829298973083
632,176.0,23.5504207611084
633,176.2,4663.3134765625
634,176.3,18.9782371520996
635,176.5,0.344836562871933
636,176.7,0.533252418041229
637,176.9,8.24269485473633
638,177.1,1922.17810058594
639,177.2,3842.20141601563
640,177.3,15.5826759338379
641,177.6,0.332784175872803
642,177.8,1.33564555644989
643,178.0,31.3387660980225
644,178.2,5416.98974609375
645,178.3,23.4646663665771
646,178.6,0.517731726169586
647,178.8,1.39885544776917
648,179.0,36.8350830078125
649,179.1,1242.318359375
650,179.2,5136.78369140625
651,179.4,1.27182865142822
652,179.7,0.476892381906509
653,179.9,3.15494656562805
654,180.1,1033.34460449219
655,180.2,4291.1142578125
656,180.3,13.6351337432861
657,180.5,0.370675444602966
658,180.7,0.573137938976288
659,180.9,3.66175317764282
660,181.1,1038.21069335938
661,181.2,3470.61303710938
662,181.4,1.04682219028473
663,181.5,0.370068490505219
664,181.7,0.177317261695862
665,181.9,2.99436402320862
666,182.1,1816.87707519531
667,182.2,3446.6875
668,182.4,1.25405359268188
669,182.5,0.435706228017807
670,182.8,0.744038820266724
671,183.0,19.6868114471436
672,183.2,4146.08251953125
673,183.3,19.7549648284912
674,183.5,0.471429824829102
675,183.8,0.781843423843384
676,184.0,22.2527523040771
677,184.2,3600.4443359375
678,184.3,17.5069808959961
679,184.5,0.333911389112473
680,184.7,0.331830412149429
681,184.9,3.68490409851074
682,185.1,808.349548339844
683,185.2,4173.2236328125
684,185.4,1.73311364650726
685,185.6,0.111419402062893
686,185.8,0.922656714916229
687,186.0,15.0394515991211
688,186.2,4855.5771484375
689,186.3,17.3933067321777
690,186.6,0.353594034910202
691,186.7,0.169340148568153
692,186.9,2.89109516143799
693,187.1,1234.39770507813
694,187.2,2860.11010742188
695,187.4,1.37683165073395
696,187.6,0.126940086483955
697,187.8,0.684383928775787
698,188.0,13.7973642349243
699,188.2,3953.00512695313
700,188.3,24.0578346252441
701,188.5,0.638602256774902
702,188.8,0.937830567359924
703,189.0,18.2172031402588
704,189.2,4199.41748046875
705,189.3,23.296106338501
706,189.5,0.319517910480499
707,189.8,0.708488702774048
708,190.0,14.8679437637329
709,190.1,1165.25390625
710,190.2,2889.55712890625
711,190.4,1.99427723884583
712,190.7,0.869244754314423
713,190.9,12.5585708618164
714,191.1,2888.08813476563
715,191.2,2915.08862304688
716,191.4,0.791121125221252
717,191.5,0.337726533412933
718,191.8,1.29203152656555
719,192.0,29.3488254547119
720,192.2,5015.72998046875
721,192.3,43.2544860839844
722,192.6,1.12373185157776
723,192.8,2.85207653045654
724,193.0,73.1657867431641
725,193.2,5974.07177734375
726,193.3,30.4982223510742
727,193.5,0.156420707702637
728,193.7,0.47637215256691
729,193.9,5.98187828063965
730,194.1,870.063293457031
731,194.2,4162.4296875
732,194.4,1.64840018749237
733,194.7,0.684210538864136
734,194.9,4.97338056564331
735,195.1,1014.54669189453
736,195.2,3360.03466796875
737,195.4,1.59784960746765
738,195.6,0.136998176574707
739,195.8,0.902800679206848
740,196.0,18.9511833190918
741,196.2,3729.44555664063
742,196.3,36.4839172363281
743,196.5,0.371455818414688
744,196.8,0.943639993667603
745,197.0,19.2704410552979
746,197.2,3626.28637695313
747,197.3,17.5479068756104
748,197.5,0.281973481178284
749,197.7,0.371195703744888
750,197.9,3.37544441223145
751,198.1,776.483154296875
752,198.2,2339.4169921875
753,198.4,1.553715467453
754,198.7,0.313101530075073
755,198.9,2.55952477455139
756,199.1,720.704345703125
757,199.2,3482.00756835938
758,199.4,1.77482008934021
759,199.7,0.197433456778526
760,199.9,2.18581461906433
761,200.1,832.995239257813
762,200.2,2802.03515625
763,200.3,23.4513130187988
764,200.5,0.224572971463203
765,200.7,0.246423304080963
766,200.9,1.9168473482132
767,201.1,819.797912597656
768,201.2,2597.18237304688
769,201.4,1.21486175060272
770,201.7,0.283967733383179
771,201.8,0.484262555837631
772,202.0,13.5937747955322
773,202.2,3255.18017578125
774,202.3,29.0713596343994
775,202.4,2.39582061767578
776,202.7,0.479580342769623
777,202.9,2.32983613014221
778,203.1,916.370666503906
779,203.2,2474.49365234375
780,203.4,1.16283702850342
781,203.7,0.237665832042694
782,203.9,2.09841322898865
783,204.1,716.9541015625
784,204.2,2417.80419921875
785,204.4,2.50654649734497
786,204.7,0.526749312877655
787,204.9,2.92950654029846
788,205.1,729.154968261719
789,205.2,2568.37622070313
790,205.3,35.9267311096191
791,205.5,0.43457904458046
792,205.8,0.577039778232574
793,206.0,10.4451570510864
794,206.2,3265.59130859375
795,206.3,52.0797729492188
796,206.5,0.38316136598587
797,206.9,2.09876012802124
798,207.1,14818.318359375
799,207.2,2858.56616210938
800,207.7,0.0153472647070885
801,207.9,8.84123802185059
802,208.1,3486.4013671875
803,208.2,3454.2001953125
804,208.4,1.50394523143768
805,208.5,0.412468582391739
806,208.7,0.583456158638
807,208.9,10.7477674484253
808,209.1,2475.74365234375
809,209.2,2901.03442382813
810,209.4,0.653342604637146
811,209.6,0.0608688108623028
812,209.8,1.46111154556274
813,210.0,24.7087478637695
814,210.2,2995.42260742188
815,210.3,40.9619369506836
816,210.5,0.746640086174011
817,210.8,2.63426685333252
818,211.0,42.4351005554199
819,211.1,1195.83215332031
820,211.2,2987.03515625
821,211.4,1.21217381954193
822,211.6,0.0743952170014381
823,211.8,0.823116302490234
824,212.0,16.5311717987061
825,212.2,2742.32397460938
826,212.3,201.330352783203
827,212.5,0.716292381286621
828,212.7,0.225266620516777
829,212.9,4.70770835876465
830,213.1,336.919708251953
831,213.2,4635.55859375
832,213.4,2.04465436935425
833,213.7,0.342061907052994
834,213.9,2.17922472953796
835,214.1,509.489288330078
836,214.2,2491.87451171875
837,214.4,1.86170125007629
838,214.7,0.298794776201248
839,214.9,3.10361576080322
840,215.1,643.378295898438
841,215.2,2270.18530273438
842,215.4,0.874533951282501
843,215.5,0.251018822193146
844,215.8,0.590566217899323
845,216.0,14.3630447387695
846,216.2,2493.65502929688
847,216.3,44.7079696655273
848,216.6,0.338680297136307
849,216.7,0.0551461018621922
850,216.9,2.01265931129456
851,217.1,519.226501464844
852,217.2,1932.9482421875
853,217.3,45.2093124389648
854,217.6,0.504205346107483
855,217.8,0.528396785259247
856,218.0,10.3708486557007
857,218.2,2544.68212890625
858,218.3,64.9636688232422
859,218.5,0.540882706642151
860,218.7,0.163010492920876
861,218.9,2.04543495178223
862,219.1,451.872375488281
863,219.2,2121.36645507813
864,219.4,1.98760080337524
865,219.5,0.438740998506546
866,219.7,0.236625328660011
867,219.9,1.64198386669159
868,220.1,370.710235595703
869,220.2,2328.07202148438
870,220.4,2.74013710021973
871,220.7,0.627937197685242
872,220.8,1.18919622898102
873,221.0,24.0354633331299
874,221.2,3689.3935546875
875,221.3,48.029914855957
876,221.5,0.455302178859711
877,221.8,0.72478973865509
878,222.0,11.8011789321899
879,222.2,2653.89697265625
880,222.3,75.127197265625
881,222.5,0.536027073860168
882,222.8,1.46744120121002
883,223.0,19.4867763519287
884,223.2,2682.97583007813
885,223.3,31.8685512542725
886,223.5,0.532298624515533
887,223.8,0.817046761512756
888,224.0,16.569149017334
889,224.2,2258.31884765625
890,224.3,45.311107635498
891,224.5,0.973294019699097
892,224.7,0.283534198999405
893,224.9,7.20341634750366
894,225.1,822.32958984375
895,225.2,2508.47875976563
896,225.4,1.31102049350739
897,225.7,0.434839159250259
898,225.9,3.57417845726013
899,226.1,485.009185791016
900,226.2,2007.81823730469
901,226.4,2.04881644248962
902,226.6,0.218936964869499
903,226.8,1.2804126739502
904,227.0,11.7681436538696
905,227.2,2620.70361328125
906,227.3,214.825103759766
907,227.5,0.405185133218765
908,227.8,0.645712316036224
909,228.0,12.9144191741943
910,228.1,412.747589111328
911,228.2,2043.00939941406
912,228.4,2.53203845024109
913,228.6,0.501257240772247
914,228.9,2.83395481109619
915,229.1,464.400238037109
916,229.2,1751.33093261719
917,229.3,40.7734336853027
918,229.5,0.178097635507584
919,229.6,0.379172801971436
920,229.9,2.6121563911438
921,230.1,406.851196289063
922,230.2,1753.97827148438
923,230.4,1.48911821842194
924,230.7,0.275730520486832
925,230.9,2.279545545578
926,231.1,341.174530029297
927,231.2,1568.90454101563
928,231.4,1.67848777770996
929,231.5,0.655163466930389
930,231.7,0.0893089398741722
931,231.9,1.66964364051819
932,232.1,287.6875
933,232.2,1521.24108886719
934,232.3,91.3509902954102
935,232.5,0.308332622051239
936,232.8,0.486863791942596
937,233.0,12.3100671768188
938,233.2,1918.89636230469
939,233.3,66.5087127685547
940,233.5,0.392612516880035
941,233.7,0.308245897293091
942,233.9,1.74542617797852
943,234.1,296.289001464844
944,234.2,1800.57751464844
945,234.4,3.17870450019836
946,234.7,0.435879647731781
947,234.9,2.02965402603149
948,235.0,14.7793292999268
949,235.2,2164.31665039063
950,235.3,56.771785736084
951,235.5,0.435879647731781
952,235.7,0.411428064107895
953,235.9,2.0553195476532
954,236.1,293.932708740234
955,236.2,1880.47424316406
956,236.4,5.40275716781616
957,236.5,1.11454093456268
958,236.8,0.911037862300873
959,237.0,15.9171075820923
960,237.2,1947.84814453125
961,237.3,72.8463516235352
962,237.5,0.585537135601044
963,237.7,0.20358969271183
964,237.9,1.68412387371063
965,238.1,339.494323730469
966,238.2,1407.42810058594
967,238.3,72.1410751342773
968,238.5,0.964536547660828
969,238.7,0.43180438876152
970,238.9,2.96783137321472
971,239.1,213.486434936523
972,239.2,2016.78344726563
973,239.4,2.66522145271301
974,239.6,0.534899830818176
975,239.9,3.3320906162262
976,240.1,296.421661376953
977,240.2,1507.58862304688
978,240.4,3.4168906211853
979,240.7,0.601144552230835
980,240.9,5.55388879776001
981,241.1,339.359405517578
982,241.2,1467.58801269531
983,241.3,70.8070755004883
984,241.5,0.519205749034882
985,241.8,0.753403306007385
986,242.0,15.0632095336914
987,242.2,1796.236328125
988,242.3,67.9287261962891
989,242.5,0.228561520576477
990,242.7,0.260903507471085
991,242.9,2.59880352020264
992,243.1,473.151031494141
993,243.2,1526.68139648438
994,243.4,1.17801094055176
995,243.6,0.213040843605995
996,243.9,3.41411590576172
997,244.1,308.349426269531
998,244.2,1645.18481445313
999,244.4,2.57990121841431
1000,244.6,0.277898192405701
1001,244.9,2.95335125923157
1002,245.1,289.265686035156
1003,245.2,1229.97290039063
1004,245.3,85.2956695556641
1005,245.5,0.554929316043854
1006,245.7,0.108037807047367
1007,245.9,1.62264800071716
1008,246.1,250.675720214844
1009,246.2,1324.65588378906
1010,246.4,3.57062339782715
1011,246.6,0.108384639024734
1012,246.8,0.41350907087326
1013,247.0,12.597936630249
1014,247.2,1586.64489746094
1015,247.3,90.4219207763672
1016,247.4,3.43674683570862
1017,247.6,0.310326874256134
1018,247.9,1.62481570243835
1019,248.1,244.519378662109
1020,248.2,1407.35339355469
1021,248.4,3.48001384735107
1022,248.7,0.731466233730316
1023,248.9,7.36686038970947
1024,249.0,81.4370040893555
1025,249.2,1970.63732910156
1026,249.3,84.2722625732422
1027,249.4,2.34128165245056
1028,249.6,0.128067284822464
1029,249.8,1.07907748222351
1030,250.0,28.3055572509766
1031,250.1,344.290832519531
1032,250.2,1295.24719238281
1033,250.4,4.70215892791748
1034,250.7,1.31700336933136
1035,250.9,10.1553802490234
1036,251.1,730.596984863281
1037,251.2,1158.40393066406
1038,251.4,1.70571398735046
1039,251.7,0.751062154769897
1040,251.9,3.71013617515564
1041,252.1,349.408569335938
1042,252.2,1182.447265625
1043,252.4,3.04274678230286
1044,252.6,0.32879564166069
1045,252.8,2.91650056838989
1046,253.0,42.8909225463867
1047,253.2,1638.23828125
1048,253.3,57.8436660766602
1049,253.5,0.403017431497574
1050,253.7,0.352466821670532
1051,253.9,2.65342926979065
1052,254.1,323.196990966797
1053,254.2,1025.69604492188
1054,254.3,87.3083343505859
1055,254.6,0.582502365112305
1056,254.8,1.12841415405273
1057,255.0,19.959680557251
1058,255.2,1332.87097167969
1059,255.3,135.20671081543
1060,255.5,0.586404204368591
1061,255.8,0.906355679035187
1062,256.0,12.7689237594604
1063,256.2,1498.74340820313
1064,256.3,1797.56335449219
1065,256.5,0.696176171302795
1066,256.8,0.927685797214508
1067,256.9,2.37327671051025
1068,257.1,145.086364746094
1069,257.2,1517.578125
1070,257.4,8.44775867462158
1071,257.6,0.25006502866745
1072,257.8,0.766496121883392
1073,257.9,2.4683084487915
1074,258.1,296.320892333984
1075,258.2,1244.3955078125
1076,258.4,2.75548434257507
1077,258.6,0.135264024138451
1078,258.8,0.719673991203308
1079,259.0,17.8089828491211
1080,259.2,1259.93188476563
1081,259.3,125.41576385498
1082,259.4,3.79545640945435
1083,259.7,0.276684284210205
1084,259.9,2.08852863311768
1085,260.1,186.917114257813
1086,260.2,1145.2587890625
1087,260.4,4.72652387619019
1088,260.6,0.238793030381203
1089,260.8,0.488771349191666
1090,261.0,11.8090696334839
1091,261.2,1172.28991699219
1092,261.3,123.923439025879
1093,261.4,5.11818265914917
1094,261.6,0.118095897138119
1095,261.8,0.716725945472717
1096,262.0,8.62264823913574
1097,262.2,1184.16259765625
1098,262.3,181.455307006836
1099,262.5,0.525882244110107
1100,262.6,0.423133611679077
1101,262.8,0.319691330194473
1102,263.0,11.2922916412354
1103,263.2,1263.1162109375
1104,263.3,161.995574951172
1105,263.5,0.634787142276764
1106,263.8,0.703026115894318
1107,264.0,10.7003383636475
1108,264.2,1122.31811523438
1109,264.3,148.077682495117
1110,264.4,9.42504119873047
1111,264.7,1.08740139007568
1112,264.9,7.02887344360352
1113,265.1,699.132385253906
1114,265.2,1039.06127929688
1115,265.4,3.64163708686829
1116,265.6,0.256741523742676
1117,265.8,0.85320383310318
1118,266.0,20.8701992034912
1119,266.2,1167.58984375
1120,266.3,103.859100341797
1121,266.5,0.943466603755951
1122,266.7,1.97684907913208
1123,266.9,30.3322639465332
1124,267.1,1664.9541015625
1125,267.2,807.692687988281
1126,267.4,1.2199774980545
1127,267.6,0.211393386125565
1128,267.8,3.14419484138489
1129,268.0,59.4295501708984
1130,268.2,1268.83972167969
1131,268.3,72.4380493164063
1132,268.5,0.818087220191956
1133,268.7,1.07500219345093
1134,268.9,11.7886934280396
1135,269.1,553.603820800781
1136,269.2,946.888000488281
1137,269.4,2.01560735702515
1138,269.7,0.426515221595764
1139,269.9,3.38255429267883
1140,270.1,237.673889160156
1141,270.2,882.633117675781
1142,270.4,4.82441711425781
1143,270.7,1.28422784805298
1144,270.8,1.38298797607422
1145,271.0,27.1852073669434
1146,271.1,257.743530273438
1147,271.2,832.066223144531
1148,271.4,3.1422872543335
1149,271.6,0.519812703132629
1150,271.9,2.3024365901947
1151,272.1,186.692184448242
1152,272.2,816.953979492188
1153,272.4,4.52683591842651
1154,272.6,0.376658290624619
1155,272.8,0.844099521636963
1156,272.9,1.73658204078674
1157,273.1,174.712387084961
1158,273.2,697.179931640625
1159,273.3,115.633834838867
1160,273.5,0.853724122047424
1161,273.8,0.370502024888992
1162,274.0,11.1423740386963
1163,274.2,844.758178710938
1164,274.3,145.627410888672
1165,274.5,1.16231679916382
1166,274.8,0.815919518470764
1167,275.0,11.7330265045166
1168,275.2,862.79296875
1169,275.3,146.390960693359
1170,275.5,0.467527955770493
1171,275.6,0.587531447410583
1172,275.9,1.29784095287323
1173,276.1,157.301132202148
1174,276.2,959.858947753906
1175,276.4,6.16049575805664
1176,276.7,0.623775243759155
1177,276.8,0.268707185983658
1178,277.0,11.4888582229614
1179,277.2,928.758422851563
1180,277.3,158.307815551758
1181,277.4,5.05159091949463
1182,277.7,0.365906536579132
1183,277.9,1.2210179567337
1184,278.0,6.19023656845093
1185,278.2,895.883361816406
1186,278.4,440.450103759766
1187,278.5,0.945981085300446
1188,278.8,0.833607912063599
1189,279.0,12.9062690734863
1190,279.2,861.528076171875
1191,279.3,225.512619018555
1192,279.5,1.15113151073456
1193,279.7,0.222145155072212
1194,279.9,1.24512267112732
1195,280.1,58.246768951416
1196,280.2,955.684020996094
1197,280.4,55.1741104125977
1198,280.7,0.822162508964539
1199,280.9,15.1319694519043
1200,281.1,7204.50244140625
1201,281.2,955.082275390625
1202,281.4,4.93609619140625
1203,281.7,0.516170978546143
1204,281.9,16.3183898925781
1205,282.1,1922.29357910156
1206,282.2,906.437438964844
1207,282.3,60.6775321960449
1208,282.5,0.543137073516846
1209,282.7,1.24902451038361
1210,282.9,13.9672241210938
1211,283.1,1465.3359375
1212,283.2,985.199951171875
1213,283.4,2.07656288146973
1214,283.6,0.400156080722809
1215,283.7,0.341108113527298
1216,283.9,3.8595335483551
1217,284.1,321.745941162109
1218,284.2,859.126159667969
1219,284.4,10.8643026351929
1220,284.7,1.47871327400208
1221,284.9,11.2161626815796
1222,285.1,504.3154296875
1223,285.2,694.83056640625
1224,285.3,72.8876266479492
1225,285.5,0.433885365724564
1226,285.8,1.23931324481964
1227,286.0,21.1849479675293
1228,286.1,192.527359008789
1229,286.2,656.105407714844
1230,286.4,4.80508089065552
1231,286.7,0.697129964828491
1232,286.9,4.11228656768799
1233,287.1,223.696182250977
1234,287.2,725.577392578125
1235,287.4,3.29454612731934
1236,287.5,0.658718466758728
1237,287.8,0.674239158630371
1238,288.0,13.7902536392212
1239,288.2,640.823120117188
1240,288.3,136.673278808594
1241,288.5,0.524841785430908
1242,288.6,0.630971968173981
1243,288.9,2.667649269104
1244,289.1,150.1376953125
1245,289.2,657.042602539063
1246,289.4,6.33763980865479
1247,289.7,0.481748014688492
1248,289.9,1.63045179843903
1249,290.0,9.8255443572998
1250,290.2,598.186767578125
1251,290.3,140.935150146484
1252,290.4,9.02106952667236
1253,290.7,0.328708916902542
1254,290.8,0.224833086133003
1255,291.0,12.2965402603149
1256,291.2,597.256164550781
1257,291.3,149.544692993164
1258,291.4,7.42859601974487
1259,291.7,0.625335991382599
1260,291.9,1.51591086387634
1261,292.1,115.150177001953
1262,292.2,622.558166503906
1263,292.4,8.15841484069824
1264,292.5,1.52666258811951
1265,292.8,0.840457797050476
1266,293.0,15.4362268447876
1267,293.1,127.590217590332
1268,293.2,592.501098632813
1269,293.4,5.61831283569336
1270,293.5,1.27148187160492
1271,293.8,0.732420027256012
1272,294.0,12.6138906478882
1273,294.2,537.723815917969
1274,294.3,156.258041381836
1275,294.4,10.2817134857178
1276,294.6,0.690106630325317
1277,294.8,0.81340503692627
1278,295.0,16.9881210327148
1279,295.2,731.579406738281
1280,295.3,118.499351501465
1281,295.5,0.475851893424988
1282,295.7,0.396774470806122
1283,295.9,2.18858933448792
1284,296.1,140.111938476563
1285,296.2,576.78125
1286,296.4,7.10153484344482
1287,296.7,0.660452604293823
1288,296.9,2.64545226097107
1289,297.1,142.699295043945
1290,297.2,449.418365478516
1291,297.3,137.611114501953
1292,297.6,0.651955246925354
1293,297.8,0.745079338550568
1294,298.0,11.381254196167
1295,298.2,472.917205810547
1296,298.3,144.252746582031
1297,298.5,1.32411336898804
1298,298.8,1.42434751987457
1299,299.0,22.7974510192871
1300,299.2,780.982299804688
1301,299.3,102.447929382324
1302,299.5,0.587271332740784
1303,299.8,0.772652387619019
1304,299.9,1.84444642066956
1305,300.1,154.158248901367
1306,300.2,507.060363769531
1307,300.4,7.8935227394104
1308,300.6,0.484175831079483
1309,300.8,1.07951092720032
1310,301.0,13.2584753036499
1311,301.2,538.277526855469
1312,301.3,140.574966430664
1313,301.5,0.646319270133972
1314,301.7,0.54166305065155
1315,301.9,1.62889099121094
1316,302.0,11.3953866958618
1317,302.2,445.289093017578
1318,302.3,153.299926757813
1319,302.5,1.57738661766052
1320,302.8,0.943900108337402
1321,303.0,12.0938177108765
1322,303.2,467.613037109375
1323,303.3,143.785308837891
1324,303.5,1.33928728103638
1325,303.8,0.66955691576004
1326,304.0,10.8787822723389
1327,304.2,414.672668457031
1328,304.3,155.358963012695
1329,304.5,1.02297759056091
1330,304.7,0.605826735496521
1331,304.8,0.526922762393951
1332,305.0,10.0785570144653
1333,305.2,412.768737792969
1334,305.3,175.944763183594
1335,305.5,0.754877328872681
1336,305.6,0.507673621177673
1337,305.8,0.300268799066544
1338,306.0,11.3877573013306
1339,306.2,393.793975830078
1340,306.3,151.256652832031
1341,306.5,0.858579754829407
1342,306.6,0.510188162326813
1343,306.9,2.61943984031677
1344,307.1,94.9774551391602
1345,307.2,433.474731445313
1346,307.4,10.3268880844116
1347,307.6,0.743345201015472
1348,307.9,1.6692967414856
1349,308.1,85.7690963745117
1350,308.2,428.609375
1351,308.4,14.331916809082
1352,308.7,0.893089413642883
1353,308.8,0.629844784736633
1354,309.0,14.6268968582153
1355,309.2,374.172637939453
1356,309.3,125.838722229004
1357,309.4,10.5747852325439
1358,309.7,0.585277020931244
1359,309.9,2.42521452903748
1360,310.1,88.794677734375
1361,310.2,413.973724365234
1362,310.4,11.2939395904541
1363,310.7,1.10656380653381
1364,310.9,3.58969902992249
1365,311.1,112.596199035645
1366,311.2,434.966430664063
1367,311.4,9.72114753723145
1368,311.7,0.775166928768158
1369,311.8,0.472210168838501
1370,312.0,13.5219802856445
1371,312.2,349.981536865234
1372,312.3,145.210525512695
1373,312.5,1.34761118888855
1374,312.7,0.916847288608551
1375,312.9,2.01465368270874
1376,313.0,4.81548595428467
1377,313.2,442.250762939453
1378,313.3,492.55517578125
1379,313.5,1.09225702285767
1380,313.7,0.550333797931671
1381,313.9,1.96913206577301
1382,314.0,6.96444988250732
1383,314.2,361.796569824219
1384,314.3,210.375015258789
1385,314.5,0.991762757301331
1386,314.7,1.10708403587341
1387,314.9,2.10994529724121
1388,315.1,83.7077102661133
1389,315.2,438.915100097656
1390,315.4,13.2652387619019
1391,315.6,0.273996353149414
1392,315.8,0.907309472560883
1393,316.0,11.3213386535645
1394,316.1,79.9387817382813
1395,316.2,360.035888671875
1396,316.4,16.0887889862061
1397,316.7,1.0004335641861
1398,316.9,2.90202021598816
1399,317.1,93.1017913818359
1400,317.2,379.243469238281
1401,317.4,16.4562568664551
1402,317.6,0.753576695919037
1403,317.8,0.626029670238495
1404,318.0,13.2491979598999
1405,318.2,295.935302734375
1406,318.3,132.769271850586
1407,318.5,2.22717428207397
1408,318.8,1.10222840309143
1409,319.0,11.2542266845703
1410,319.2,288.889190673828
1411,319.3,130.155471801758
1412,319.4,15.1801786422729
1413,319.7,0.680655539035797
1414,319.8,0.544524431228638
1415,320.0,10.8567590713501
1416,320.2,267.141845703125
1417,320.3,143.173416137695
1418,320.5,1.67406570911407
1419,320.6,0.822769463062286
1420,320.9,1.82181560993195
1421,321.1,75.2704391479492
1422,321.2,191.091644287109
1423,321.3,142.042572021484
1424,321.5,2.4454174041748
1425,321.8,0.851296305656433
1426,322.0,11.099627494812
1427,322.2,254.097198486328
1428,322.3,136.456085205078
1429,322.5,2.47307729721069
1430,322.8,1.54608511924744
1431,323.0,21.8048210144043
1432,323.2,302.197174072266
1433,323.3,113.977973937988
1434,323.5,1.40535855293274
1435,323.7,0.443076401948929
1436,323.9,3.18208622932434
1437,324.1,79.9479751586914
1438,324.2,314.90185546875
1439,324.4,16.3541145324707
1440,324.5,3.23506450653076
1441,324.7,1.49302005767822
1442,324.9,15.23046875
1443,325.1,313.851287841797
1444,325.2,293.987762451172
1445,325.4,4.69860410690308
1446,325.7,0.949189305305481
1447,325.9,5.93566274642944
1448,326.1,131.836380004883
1449,326.2,281.020538330078
1450,326.4,14.7149047851563
1451,326.6,1.56741523742676
1452,326.8,10.4233074188232
1453,327.0,147.053939819336
1454,327.1,714.1630859375
1455,327.3,30.7618141174316
1456,327.5,0.941645741462708
1457,327.8,3.38454866409302
1458,328.0,45.8790435791016
1459,328.2,385.204803466797
1460,328.3,77.4387435913086
1461,328.6,1.9433798789978
1462,328.8,3.35714912414551
1463,329.0,40.5907402038574
1464,329.2,367.121307373047
1465,329.3,87.3603591918945
1466,329.5,1.35290038585663
1467,329.8,1.61553800106049
1468,330.0,16.3196907043457
1469,330.1,71.2881317138672
1470,330.2,283.637908935547
1471,330.4,19.5240612030029
1472,330.6,0.638515591621399
1473,330.8,1.76363480091095
1474,331.0,16.2193698883057
1475,331.2,253.390701293945
1476,331.3,111.989074707031
1477,331.5,1.67892134189606
1478,331.7,0.300182074308395
1479,331.9,3.16803956031799
1480,332.0,11.8911819458008
1481,332.2,212.314056396484
1482,332.3,114.817657470703
1483,332.4,21.2398338317871
1484,332.6,0.659325420856476
1485,332.8,1.06260299682617
1486,333.0,10.6690368652344
1487,333.2,202.168731689453
1488,333.3,105.18416595459
1489,333.4,21.8662109375
1490,333.6,0.751755833625793
1491,333.8,0.965056777000427
1492,334.0,9.4050121307373
1493,334.2,181.643798828125
1494,334.3,126.20679473877
1495,334.5,3.1679527759552
1496,334.8,1.20081508159637
1497,335.0,10.7432584762573
1498,335.2,179.165954589844
1499,335.3,119.131538391113
1500,335.5,2.112633228302
1501,335.7,0.634353578090668
1502,335.9,2.24468922615051
1503,336.1,57.1676940917969
1504,336.2,130.061569213867
1505,336.3,116.434669494629
1506,336.5,2.76120686531067
1507,336.7,0.430156946182251
1508,336.9,2.70753479003906
1509,337.1,59.7528839111328
1510,337.2,239.715515136719
1511,337.4,17.0641632080078
1512,337.6,0.911818265914917
1513,337.8,0.49189281463623
1514,338.0,10.5919532775879
1515,338.2,171.171859741211
1516,338.3,93.2159042358398
1517,338.4,19.3604431152344
1518,338.6,1.74759387969971
1519,338.9,3.7224485874176
1520,339.1,111.980407714844
1521,339.2,252.329833984375
1522,339.4,8.52874374389648
1523,339.5,1.28882336616516
1524,339.8,0.924477577209473
1525,340.0,15.2857885360718
1526,340.2,176.199859619141
1527,340.3,99.2368011474609
1528,340.5,2.99601149559021
1529,340.7,2.56602787971497
1530,340.9,28.7221012115479
1531,341.1,1005.5166015625
1532,341.2,302.557891845703
1533,341.4,1.95257091522217
1534,341.6,0.377612084150314
1535,341.8,3.75409698486328
1536,342.0,63.3070335388184
1537,342.2,495.360107421875
1538,342.3,56.2160758972168
1539,342.5,2.52224063873291
1540,342.8,3.74273824691772
1541,343.0,53.2059326171875
1542,343.2,542.77783203125
1543,343.3,72.3468322753906
1544,343.5,1.05523276329041
1545,343.8,1.59949707984924
1546,344.0,22.8199081420898
1547,344.2,254.673889160156
1548,344.3,99.1396026611328
1549,344.5,2.81279802322388
1550,344.8,2.37960624694824
1551,345.0,29.952917098999
1552,345.2,279.096496582031
1553,345.3,78.1739349365234
1554,345.4,12.5203332901001
1555,345.6,0.659498810768127
1556,345.8,0.871239066123962
1557,346.0,13.6661748886108
1558,346.2,170.595504760742
1559,346.3,110.776817321777
1560,346.5,2.21095991134644
1561,346.7,1.73424088954926
1562,346.8,0.920402348041534
1563,347.0,14.9904623031616
1564,347.2,165.054718017578
1565,347.3,100.514953613281
1566,347.5,3.0262725353241
1567,347.8,1.16994714736938
1568,348.0,10.5469522476196
1569,348.2,135.485046386719
1570,348.3,106.899421691895
1571,348.5,2.19795370101929
1572,348.6,1.09876012802124
1573,348.9,2.56403374671936
1574,349.1,47.9226570129395
1575,349.2,165.683944702148
1576,349.4,21.5333385467529
1577,349.7,1.45799016952515
1578,349.9,2.85138297080994
1579,350.1,46.6686897277832
1580,350.2,166.844268798828
1581,350.4,19.662446975708
1582,350.6,1.19595944881439
1583,350.9,2.68169593811035
1584,351.1,48.350212097168
1585,351.3,155.141326904297
1586,351.4,19.3115406036377
1587,351.7,1.28578865528107
1588,351.8,1.0004335641861
1589,352.0,10.7965841293335
1590,352.2,118.278160095215
1591,352.3,68.6684265136719
1592,352.4,21.1947460174561
1593,352.6,1.59984397888184
1594,352.9,2.29836130142212
1595,353.1,49.8795623779297
1596,353.2,174.352462768555
1597,353.4,16.6995582580566
1598,353.5,3.52943730354309
1599,353.8,1.34102141857147
1600,354.0,9.43388557434082
1601,354.2,105.453651428223
1602,354.3,66.9129486083984
1603,354.5,2.51851201057434
1604,354.8,4.90453481674194
1605,355.0,76.7984924316406
1606,355.1,1880.3544921875
1607,355.3,31.2034168243408
1608,355.6,0.592647194862366
1609,355.7,0.267493277788162
1610,355.9,9.65238857269287
1611,356.1,393.655670166016
1612,356.2,416.012756347656
1613,356.4,4.40518522262573
1614,356.5,1.74637997150421
1615,356.8,2.32957601547241
1616,357.0,37.8413238525391
1617,357.2,615.623229980469
1618,357.3,50.5473861694336
1619,357.4,6.70345973968506
1620,357.6,0.304517477750778
1621,357.8,1.08141851425171
1622,358.0,20.7690982818604
1623,358.1,83.9235229492188
1624,358.2,222.588577270508
1625,358.4,17.2837944030762
1626,358.7,1.73346054553986
1627,358.8,1.28908348083496
1628,359.0,24.3186511993408
1629,359.2,254.489730834961
1630,359.3,73.6345291137695
1631,359.4,12.2889966964722
1632,359.7,0.905922114849091
1633,359.9,3.09442472457886
1634,360.0,11.9260387420654
1635,360.2,141.96418762207
1636,360.3,88.3143997192383
1637,360.5,3.58779144287109
1638,360.8,1.42165958881378
1639,361.0,13.7508888244629
1640,361.2,129.407012939453
1641,361.3,84.8061218261719
1642,361.5,2.70831537246704
1643,361.8,1.20003473758698
1644,362.0,10.3670339584351
1645,362.2,103.642417907715
1646,362.3,86.0255813598633
1647,362.5,3.08653426170349
1648,362.7,1.46692097187042
1649,362.9,3.45096683502197
1650,363.1,46.2687950134277
1651,363.3,130.482696533203
1652,363.4,21.1378650665283
1653,363.6,1.12217116355896
1654,363.8,0.637735188007355
1655,364.0,8.93887138366699
1656,364.1,28.7941551208496
1657,364.3,125.929420471191
1658,364.4,22.7411766052246
1659,364.6,0.841411590576172
1660,364.8,1.21676921844482
1661,365.0,10.4330186843872
1662,365.2,85.6513519287109
1663,365.3,73.6089477539063
1664,365.5,3.2778115272522
1665,365.6,1.16327059268951
1666,365.9,2.03450965881348
1667,366.1,34.1085586547852
1668,366.3,112.173240661621
1669,366.4,23.4261684417725
1670,366.7,1.77100491523743
1671,366.9,2.2243127822876
1672,367.1,39.1301498413086
1673,367.2,63.9397392272949
1674,367.3,79.2099227905273
1675,367.5,4.43119764328003
1676,367.8,1.2227520942688
1677,368.0,7.18095922470093
1678,368.2,80.6164932250977
1679,368.3,102.218414306641
1680,368.5,7.80568790435791
1681,368.7,1.53732764720917
1682,369.0,13.2474641799927
1683,369.2,149.641983032227
1684,369.3,73.1841659545898
1685,369.4,21.3095474243164
1686,369.6,1.23055577278137
1687,369.9,2.51989936828613
1688,370.0,9.63487339019775
1689,370.2,100.214080810547
1690,370.3,81.891960144043
1691,370.5,5.38082027435303
1692,370.8,1.84219193458557
1693,371.0,11.1649179458618
1694,371.2,145.783401489258
1695,371.3,123.871322631836
1696,371.4,38.1015357971191
1697,371.6,1.11965668201447
1698,371.9,2.29801440238953
1699,372.1,37.9869079589844
1700,372.3,139.410125732422
1701,372.4,26.4993495941162
1702,372.5,6.78054285049438
1703,372.7,0.70068496465683
1704,372.9,3.75817227363586
1705,373.1,71.8020477294922
1706,373.2,100.799354553223
1707,373.3,78.1389923095703
1708,373.5,3.12017679214478
1709,373.6,0.841585040092468
1710,373.9,3.34986567497253
1711,374.1,43.3167419433594
1712,374.2,63.4715156555176
1713,374.3,71.1751480102539
1714,374.5,5.21564197540283
1715,374.7,1.07110035419464
1716,374.9,3.40015602111816
1717,375.1,38.9846534729004
1718,375.2,60.6377334594727
1719,375.3,83.4019775390625
1720,375.5,5.94008493423462
1721,375.7,0.632532715797424
1722,375.9,2.41628360748291
1723,376.0,7.0254054069519
1724,376.2,70.2706146240234
1725,376.3,75.8050842285156
1726,376.5,5.71369123458862
1727,376.8,1.49033212661743
1728,377.0,8.21581554412842
1729,377.1,23.1665649414063
1730,377.3,90.6473617553711
1731,377.4,21.0029487609863
1732,377.5,4.64181041717529
1733,377.8,1.41316223144531
1734,378.0,7.76406812667847
1735,378.2,63.3327827453613
1736,378.3,66.7030258178711
1737,378.5,6.23246335983276
1738,378.7,0.646145820617676
1739,378.9,2.2788519859314
1740,379.0,5.80230665206909
1741,379.2,58.7178535461426
1742,379.3,40.3726692199707
1743,379.4,22.4197521209717
1744,379.6,1.27434313297272
1745,379.8,1.39616751670837
1746,380.0,8.56316661834717
1747,380.2,56.6814346313477
1748,380.3,57.66357421875
1749,380.5,6.49475431442261
1750,380.8,1.39452004432678
1751,381.0,8.25153923034668
1752,381.2,59.6983451843262
1753,381.3,56.619701385498
1754,381.5,4.29090452194214
1755,381.6,1.4432498216629
1756,381.9,1.98491287231445
1757,382.1,24.5928211212158
1758,382.3,76.3030471801758
1759,382.4,25.1176624298096
1760,382.6,3.64666604995728
1761,382.9,5.23307037353516
1762,383.1,38.7986640930176
1763,383.2,46.7432594299316
1764,383.3,56.6555976867676
1765,383.5,5.28943014144897
1766,383.8,1.99661839008331
1767,384.0,9.56186580657959
1768,384.2,63.8285789489746
1769,384.3,39.4836540222168
1770,384.4,29.4618911743164
1771,384.6,5.52943706512451
1772,384.9,9.19908046722412
1773,385.1,68.6958312988281
1774,385.2,104.887802124023
1775,385.4,18.5284843444824
1776,385.7,2.18503427505493
1777,385.8,1.44567763805389
1778,386.0,10.7882595062256
1779,386.2,79.5502471923828
1780,386.3,89.1181793212891
1781,386.5,13.1273736953735
1782,386.8,5.03338241577148
1783,387.0,28.118616104126
1784,387.1,56.9923706054688
1785,387.2,141.518249511719
1786,387.4,20.2013359069824
1787,387.5,5.68629169464111
1788,387.8,2.71542525291443
1789,388.0,13.76389503479
1790,388.1,30.1500034332275
1791,388.3,92.0220260620117
1792,388.4,25.8624820709229
1793,388.6,2.31630969047546
1794,388.8,3.63530731201172
1795,389.0,14.3600101470947
1796,389.2,75.3387680053711
1797,389.3,57.7662353515625
1798,389.5,4.69201421737671
1799,389.7,1.92985343933105
1800,389.8,0.930026888847351
1801,390.0,8.41350936889648
1802,390.2,54.9458084106445
1803,390.3,54.8103713989258
1804,390.5,7.32237911224365
1805,390.8,2.28023934364319
1806,390.9,2.07647609710693
1807,391.1,29.2900371551514
1808,391.3,68.4559936523438
1809,391.4,23.3194313049316
1810,391.6,2.12607312202454
1811,391.9,2.76510882377625
1812,392.1,20.4422092437744
1813,392.2,30.1236457824707
1814,392.3,50.0999755859375
1815,392.5,4.97814989089966
1816,392.6,2.09954047203064
1817,392.9,2.2752103805542
1818,393.1,20.195873260498
1819,393.3,57.7183723449707
1820,393.4,20.1739349365234
1821,393.6,2.11818265914917
1822,393.9,2.22795462608337
1823,394.1,17.3536815643311
1824,394.3,54.908088684082
1825,394.4,21.9313278198242
1826,394.6,2.15225863456726
1827,394.9,1.78366422653198
1828,395.1,17.8645629882813
1829,395.2,27.9684391021729
1830,395.3,45.6829948425293
1831,395.5,6.36902809143066
1832,395.7,0.602098345756531
1833,395.9,1.63218593597412
1834,396.1,16.5535411834717
1835,396.3,53.9972267150879
1836,396.4,17.7376232147217
1837,396.5,8.71403789520264
1838,396.7,1.43787395954132
1839,397.0,7.73458766937256
1840,397.2,42.0637283325195
1841,397.3,45.5883979797363
1842,397.5,7.04118633270264
1843,397.8,1.43969476222992
1844,397.9,1.60730075836182
1845,398.1,18.0094509124756
1846,398.2,24.592041015625
1847,398.3,46.3853302001953
1848,398.5,9.37345027923584
1849,398.8,4.75834560394287
1850,399.0,27.0093650817871
1851,399.2,97.6528244018555
1852,399.3,39.4234809875488
1853,399.5,4.54920673370361
1854,399.8,2.81054377555847
1855,400.0,14.2270011901855
1856,400.2,54.2115669250488
1857,400.3,35.2074928283691
1858,400.5,6.97164678573608
1859,400.8,9.6375617980957
1860,401.0,126.46085357666
1861,401.1,291.850860595703
1862,401.3,19.5791206359863
1863,401.5,0.970345973968506
1864,401.7,2.77325940132141
1865,401.9,16.6364345550537
1866,402.1,105.64917755127
1867,402.2,62.3948669433594
1868,402.3,31.8193016052246
1869,402.5,2.6954824924469
1870,402.7,4.63981628417969
1871,402.9,15.9502296447754
1872,403.0,33.8949089050293
1873,403.2,121.670249938965
1874,403.3,33.182258605957
1875,403.5,3.38983774185181
1876,403.8,3.19804048538208
1877,404.0,15.1865081787109
1878,404.2,61.1272888183594
1879,404.3,27.6917533874512
1880,404.4,17.9724273681641
1881,404.6,3.30165600776672
1882,404.9,5.8271050453186
1883,405.1,37.6357421875
1884,405.2,60.8968162536621
1885,405.4,15.6215209960938
1886,405.6,1.81487905979156
1887,405.9,3.01343965530396
1888,406.1,20.0490760803223
1889,406.2,24.5724449157715
1890,406.3,38.9114723205566
1891,406.5,6.4169774055481
1892,406.7,1.75045526027679
1893,407.0,7.12650632858276
1894,407.2,38.6724166870117
1895,407.3,24.2512798309326
1896,407.4,18.3759651184082
1897,407.6,1.73831617832184
1898,407.8,0.751929223537445
1899,408.0,5.83985090255737
1900,408.2,33.0952033996582
1901,408.3,38.2935066223145
1902,408.5,6.97364091873169
1903,408.8,1.46223878860474
1904,408.9,0.99774557352066
1905,409.1,13.7978839874268
1906,409.2,19.3722362518311
1907,409.3,35.5362854003906
1908,409.5,6.59360074996948
1909,409.7,0.619873404502869
1910,409.9,1.7227954864502
1911,410.1,14.4906787872314
1912,410.3,47.1086463928223
1913,410.4,26.1829528808594
1914,410.6,2.67267847061157
1915,410.9,2.24677014350891
1916,411.1,14.5872716903687
1917,411.2,20.0730953216553
1918,411.3,39.1321411132813
1919,411.5,7.19127702713013
1920,411.7,0.691060423851013
1921,411.9,1.87410044670105
1922,412.1,11.7138643264771
1923,412.3,38.8434944152832
1924,412.4,21.576171875
1925,412.6,3.24833083152771
1926,412.9,4.20593070983887
1927,413.0,7.49345350265503
1928,413.2,39.3103256225586
1929,413.3,24.9132919311523
1930,413.4,18.5791206359863
1931,413.6,1.21304082870483
1932,413.7,1.77534031867981
1933,414.0,5.70215892791748
1934,414.1,10.5507669448853
1935,414.3,35.0576591491699
1936,414.4,11.9610681533813
1937,414.7,2.68681168556213
1938,414.8,3.1389057636261
1939,415.0,61.9480628967285
1940,415.2,363.677001953125
1941,415.3,30.8206024169922
1942,415.5,1.78088963031769
1943,415.8,3.2245728969574
1944,416.0,33.1903228759766
1945,416.2,145.526657104492
1946,416.3,48.1741104125977
1947,416.5,4.25093221664429
1948,416.8,3.62290811538696
1949,417.0,32.5132217407227
1950,417.2,146.971817016602
1951,417.3,42.0318222045898
1952,417.5,1.98057746887207
1953,417.8,2.12798047065735
1954,418.0,15.3951272964478
1955,418.2,58.640941619873
1956,418.3,36.9252586364746
1957,418.5,3.33763980865479
1958,418.7,2.65941214561462
1959,418.9,5.63799524307251
1960,419.1,33.7571334838867
1961,419.2,31.6386032104492
1962,419.3,38.2473754882813
1963,419.5,3.68351697921753
1964,419.6,1.95690631866455
1965,419.8,1.00893092155457
1966,420.0,7.34474992752075
1967,420.2,30.9234371185303
1968,420.3,29.7114372253418
1969,420.5,7.09381771087646
1970,420.8,2.22925519943237
1971,421.0,8.96150207519531
1972,421.2,37.9644508361816
1973,421.3,20.9190158843994
1974,421.4,16.5858840942383
1975,421.6,1.74620652198792
1976,421.8,0.743345201015472
1977,422.0,5.07162046432495
1978,422.1,9.30616474151611
1979,422.3,31.9405193328857
1980,422.4,11.6193532943726
1981,422.5,5.75747871398926
1982,422.7,0.708662092685699
1983,422.9,2.58666443824768
1984,423.1,11.6997308731079
1985,423.3,30.2119998931885
1986,423.4,14.3943462371826
1987,423.6,1.77005112171173
1988,423.7,1.30971992015839
1989,424.0,4.09217023849487
1990,424.1,6.46553373336792
1991,424.3,25.1565933227539
1992,424.4,15.3273220062256
1993,424.6,1.57287788391113
1994,424.8,1.3327841758728
1995,424.9,1.3059047460556
1996,425.1,10.0263595581055
1997,425.3,25.6307983398438
1998,425.4,15.3107604980469
1999,425.6,1.73337376117706
2000,425.9,1.52102661132813
2001,426.0,2.76987767219543
2002,426.2,18.2697467803955
2003,426.3,22.9074821472168
2004,426.5,6.24997854232788
2005,426.8,1.70736145973206
2006,427.0,4.6941819190979
2007,427.2,21.7539234161377
2008,427.3,23.8680305480957
2009,427.5,4.25101900100708
2010,427.6,1.82814526557922
2011,427.9,1.90193355083466
2012,428.0,2.51096844673157
2013,428.2,17.6578521728516
2014,428.3,16.0850601196289
2015,428.5,1.65889191627502
2016,428.6,1.06190931797028
2017,428.9,7.71343088150024
2018,429.1,223.91389465332
2019,429.2,217.422698974609
2020,429.3,37.4101257324219
2021,429.5,1.27087485790253
2022,429.8,1.43813407421112
2023,430.0,28.3361663818359
2024,430.2,167.707107543945
2025,430.3,59.568977355957
2026,430.5,9.26844692230225
2027,430.8,2.27416968345642
2028,431.0,25.5815486907959
2029,431.2,146.988037109375
2030,431.3,49.2171173095703
2031,431.5,1.85875308513641
2032,431.7,1.08141851425171
2033,431.9,4.59559535980225
2034,432.1,32.0871429443359
2035,432.2,55.2871742248535
2036,432.4,13.6405963897705
2037,432.7,2.35550165176392
2038,432.9,4.62464237213135
2039,433.1,35.9621963500977
2040,433.2,63.5844116210938
2041,433.4,12.5236282348633
2042,433.6,1.42564809322357
2043,433.9,3.10838460922241
2044,434.1,17.7787227630615
2045,434.3,34.0634689331055
2046,434.4,13.0823726654053
2047,434.6,1.41619694232941
2048,434.8,1.45790338516235
2049,435.0,6.32029819488525
2050,435.2,24.2628116607666
2051,435.3,24.3872375488281
2052,435.5,4.36408567428589
2053,435.7,1.00450885295868
2054,436.0,3.6384289264679
2055,436.1,5.65264892578125
2056,436.3,21.5629940032959
2057,436.4,12.1400327682495
2058,436.6,2.16318392753601
2059,436.8,0.497355401515961
2060,437.0,4.32003831863403
2061,437.2,16.3793468475342
2062,437.3,19.3485641479492
2063,437.5,4.39625406265259
2064,437.8,1.03581023216248
2065,438.0,2.95560574531555
2066,438.2,13.90895652771
2067,438.3,9.7466402053833
2068,438.4,11.8253707885742
2069,438.6,1.28908348083496
2070,438.8,1.20046818256378
2071,439.0,3.11636185646057
2072,439.2,12.6945285797119
2073,439.3,16.8724536895752
2074,439.5,4.87860918045044
2075,439.8,0.784357905387878
2076,439.9,0.629237830638885
2077,440.1,5.97945022583008
2078,440.2,7.58137512207031
2079,440.4,15.2190237045288
2080,440.5,3.84496665000916
2081,440.6,2.57305121421814
2082,440.9,1.57088351249695
2083,441.1,9.03563690185547
2084,441.3,18.1469688415527
2085,441.4,10.44420337677
2086,441.6,1.88762676715851
2087,441.9,1.48695051670074
2088,442.1,6.22301244735718
2089,442.2,7.37977981567383
2090,442.4,14.8461809158325
2091,442.5,3.51244258880615
2092,442.6,2.52484178543091
2093,442.9,2.35550165176392
2094,443.0,3.61128926277161
2095,443.2,16.8246765136719
2096,443.3,16.5655078887939
2097,443.5,4.77204561233521
2098,443.7,0.485736578702927
2099,443.9,1.70918238162994
2100,444.0,2.06858587265015
2101,444.2,13.5940341949463
2102,444.3,8.81956100463867
2103,444.4,12.0596551895142
2104,444.6,2.2497181892395
2105,444.8,3.51565074920654
2106,445.0,10.3724966049194
2107,445.2,29.138298034668
2108,445.3,23.4513130187988
2109,445.5,3.6129367351532
2110,445.6,2.19743347167969
2111,445.9,2.33954739570618
2112,446.1,10.179744720459
2113,446.2,10.1269397735596
2114,446.3,17.8179130554199
2115,446.5,5.59550857543945
2116,446.8,2.68091559410095
2117,446.9,2.61926651000977
2118,447.1,16.0920829772949
2119,447.3,26.7087478637695
2120,447.4,9.32220554351807
2121,447.6,2.38203406333923
2122,447.9,2.10665059089661
2123,448.1,9.067458152771
2124,448.2,9.61744594573975
2125,448.3,16.7111759185791
2126,448.5,3.2253532409668
2127,448.6,2.64380478858948
2128,448.8,0.667736053466797
2129,449.0,3.83707618713379
2130,449.2,14.267840385437
2131,449.3,8.46379947662354
2132,449.4,9.24451541900635
2133,449.6,1.83447504043579
2134,449.8,0.450619965791702
2135,450.0,2.39816188812256
2136,450.1,3.98109769821167
2137,450.3,14.1518249511719
2138,450.4,8.90800285339355
2139,450.6,1.81513917446136
2140,450.8,0.595421850681305
2141,451.0,2.82025480270386
2142,451.2,10.8169603347778
2143,451.3,12.9390449523926
2144,451.5,3.01491379737854
2145,451.6,1.57625937461853
2146,451.8,0.528570175170898
2147,452.0,2.06945276260376
2148,452.2,8.7621603012085
2149,452.4,12.1828660964966
2150,452.5,2.63998961448669
2151,452.6,2.08107161521912
2152,452.9,1.46449315547943
2153,453.1,5.31292819976807
2154,453.3,11.6949625015259
2155,453.4,6.75704479217529
2156,453.6,1.32636785507202
2157,453.7,0.839677453041077
2158,454.0,1.92569148540497
2159,454.2,7.27425670623779
2160,454.4,10.8927421569824
2161,454.5,3.82693147659302
2162,454.8,1.00459551811218
2163,454.9,0.675453066825867
2164,455.1,4.2206711769104
2165,455.2,4.53854179382324
2166,455.3,9.31709003448486
2167,455.5,4.07266092300415
2168,455.8,0.960114479064941
2169,456.0,1.79164135456085
2170,456.2,6.80776882171631
2171,456.4,9.33763980865479
2172,456.5,3.83907055854797
2173,456.7,0.76112025976181
2174,456.9,1.39295935630798
2175,457.1,6.80976343154907
2176,457.3,10.9716463088989
2177,457.4,6.6111159324646
2178,457.6,1.53403282165527
2179,457.8,1.35133957862854
2180,458.0,1.52640247344971
2181,458.2,7.96973896026611
2182,458.4,9.48695087432861
2183,458.5,5.28613567352295
2184,458.8,4.97208023071289
2185,459.0,13.5306510925293
2186,459.2,27.382381439209
2187,459.3,13.7070150375366
2188,459.5,2.10179495811462
2189,459.7,2.14532208442688
2190,459.8,1.18746209144592
2191,460.0,5.98924827575684
2192,460.2,14.4661407470703
2193,460.3,11.5735712051392
2194,460.5,2.82415676116943
2195,460.7,4.19283771514893
2196,460.9,17.1639652252197
2197,461.1,71.1841659545898
2198,461.2,32.7447319030762
2199,461.3,17.1291942596436
2200,461.5,1.65551030635834
2201,461.7,2.54313707351685
2202,461.9,8.83959102630615
2203,462.1,29.0919094085693
2204,462.2,16.642765045166
2205,462.3,16.0463027954102
2206,462.5,2.33911395072937
2207,462.7,4.10812473297119
2208,462.9,7.65368938446045
2209,463.1,22.8199939727783
2210,463.2,23.7063217163086
2211,463.4,6.76658296585083
2212,463.7,1.64866042137146
2213,463.9,2.73909640312195
2214,464.0,2.77880859375
2215,464.2,12.1073436737061
2216,464.3,9.4672679901123
2217,464.5,2.36529946327209
2218,464.6,2.00780367851257
2219,464.9,2.71872019767761
2220,465.1,7.26714658737183
2221,465.3,12.4755048751831
2222,465.4,6.11714220046997
2223,465.6,1.38125383853912
2224,465.8,0.444897264242172
2225,466.0,2.35238003730774
2226,466.2,6.8380298614502
2227,466.3,4.70909547805786
2228,466.4,6.54018878936768
2229,466.6,1.70996272563934
2230,466.9,0.915806829929352
2231,467.1,3.86811757087708
2232,467.2,3.9735541343689
2233,467.4,7.72305536270142
2234,467.5,1.91728079319
2235,467.6,1.14280760288239
2236,467.9,0.657938063144684
2237,468.1,2.76770997047424
2238,468.2,3.06953954696655
2239,468.3,7.03806447982788
2240,468.5,1.66452789306641
2241,468.6,1.42165958881378
2242,468.9,0.544611096382141
2243,469.0,1.02159023284912
2244,469.2,4.73675537109375
2245,469.3,3.03346920013428
2246,469.4,4.54513120651245
2247,469.6,0.580161273479462
2248,469.7,0.752536177635193
2249,470.0,1.08818173408508
2250,470.2,3.66331386566162
2251,470.3,5.92673206329346
2252,470.5,2.68629145622253
2253,470.8,0.720627784729004
2254,471.0,1.34145498275757
2255,471.2,5.14722967147827
2256,471.3,6.48851108551025
2257,471.5,2.21226048469543
2258,471.7,0.378305733203888
2259,471.9,0.76337468624115
2260,472.1,2.87574791908264
2261,472.3,6.38047361373901
2262,472.4,4.95309114456177
2263,472.7,2.17619013786316
2264,472.9,2.91944861412048
2265,473.1,11.0227174758911
2266,473.2,7.88771343231201
2267,473.3,11.104395866394
2268,473.5,2.8048210144043
2269,473.7,0.429636687040329
2270,473.9,1.73198652267456
2271,474.0,1.9168473482132
2272,474.2,8.2990550994873
2273,474.3,6.79909801483154
2274,474.5,1.55154776573181
2275,474.7,1.91806125640869
2276,474.9,8.24382209777832
2277,475.1,89.6658248901367
2278,475.2,103.617446899414
2279,475.4,7.22231864929199
2280,475.7,1.12130403518677
2281,475.9,7.20150852203369
2282,476.1,43.2501525878906
2283,476.2,49.1610145568848
2284,476.4,9.68282318115234
2285,476.7,2.01621437072754
2286,476.9,6.25942945480347
2287,477.1,31.2711353302002
2288,477.2,23.3766574859619
2289,477.3,22.3326969146729
2290,477.5,2.6126766204834
2291,477.7,0.604092597961426
2292,477.9,2.93254137039185
2293,478.1,9.86057376861572
2294,478.3,15.1821727752686
2295,478.4,4.66114616394043
2296,478.5,2.75574445724487
2297,478.8,1.85996699333191
2298,479.0,5.73857641220093
2299,479.1,6.68663835525513
2300,479.3,15.5703630447388
2301,479.4,6.29385232925415
2302,479.6,0.761467099189758
2303,479.8,0.706581115722656
2304,479.9,0.64146363735199
2305,480.1,3.98760080337524
2306,480.3,9.19370460510254
2307,480.4,4.5254487991333
2308,480.6,0.817306876182556
2309,480.8,1.01500046253204
2310,481.0,2.67926812171936
2311,481.2,6.86213493347168
2312,481.3,3.47160315513611
2313,481.4,4.09685230255127
2314,481.6,0.556750178337097
2315,481.8,0.551200926303864
2316,482.0,1.05887448787689
2317,482.2,3.98881459236145
2318,482.4,5.25483417510986
2319,482.5,1.45166039466858
2320,482.6,1.25665485858917
2321,482.8,0.317697048187256
2322,483.0,1.12798058986664
2323,483.1,1.23575830459595
2324,483.3,3.93037366867065
2325,483.4,3.03702425956726
2326,483.6,1.1674325466156
2327,483.9,0.563513398170471
2328,484.1,1.98777425289154
2329,484.3,3.81002330780029
2330,484.4,3.32610774040222
2331,484.6,0.945200741291046
2332,484.9,0.83629584312439
2333,485.0,0.793809056282043
2334,485.2,2.82857894897461
2335,485.4,4.1121129989624
2336,485.5,0.963322639465332
2337,485.6,1.07127368450165
2338,485.9,0.641376912593842
2339,486.0,0.510795116424561
2340,486.2,2.45218062400818
2341,486.4,3.88467884063721
2342,486.5,1.90826320648193
2343,486.7,0.929333209991455
2344,487.0,2.22890830039978
2345,487.2,6.01378631591797
2346,487.3,5.65438318252563
2347,487.5,2.02445149421692
2348,487.8,0.612503230571747
2349,488.0,1.6383421421051
2350,488.2,4.26567220687866
2351,488.3,2.47793292999268
2352,488.5,3.20948576927185
2353,488.6,1.53724098205566
2354,488.8,1.77126502990723
2355,489.0,24.3591442108154
2356,489.2,131.419586181641
2357,489.3,43.8941307067871
2358,489.5,1.36937487125397
2359,489.7,0.971993386745453
2360,489.8,1.23359060287476
2361,490.0,16.3920059204102
2362,490.2,57.8973388671875
2363,490.3,27.7925090789795
2364,490.5,2.58709788322449
2365,490.8,2.53351259231567
2366,490.9,3.79311537742615
2367,491.1,32.5190315246582
2368,491.2,44.2044563293457
2369,491.4,8.66782283782959
2370,491.6,1.03754448890686
2371,491.8,0.688112378120422
2372,492.0,6.02176380157471
2373,492.2,15.1935319900513
2374,492.3,7.30763912200928
2375,492.4,5.82337617874146
2376,492.6,0.869418203830719
2377,492.8,1.07318127155304
2378,493.0,6.1334433555603
2379,493.2,15.8541574478149
2380,493.3,12.6215209960938
2381,493.5,1.50611293315887
2382,493.6,1.18269312381744
2383,493.9,1.05089747905731
2384,494.1,3.69478893280029
2385,494.3,6.96444988250732
2386,494.4,2.89274263381958
2387,494.5,2.12893438339233
2388,494.8,1.18650829792023
2389,495.0,2.55744385719299
2390,495.2,7.53446626663208
2391,495.3,6.72305536270142
2392,495.5,1.88589262962341
2393,495.7,0.620306968688965
2394,495.9,0.392959326505661
2395,496.1,2.14081335067749
2396,496.3,4.18104553222656
2397,496.4,3.16656541824341
2398,496.6,0.621694266796112
2399,496.9,0.763721466064453
2400,497.1,2.32324624061584
2401,497.3,4.47602510452271
2402,497.4,1.67120432853699
2403,497.5,1.51365649700165
2404,497.7,0.320731818675995
2405,497.9,0.488511234521866
2406,498.1,1.37197601795197
2407,498.2,1.4162837266922
2408,498.4,3.01075172424316
2409,498.5,0.990202009677887
2410,498.7,0.697997033596039
2411,498.9,0.635133981704712
2412,499.0,0.470476031303406
2413,499.2,2.31336164474487
2414,499.4,3.23697209358215
2415,499.5,1.25275301933289
2416,499.8,0.37336340546608
2417,500.0,0.711523473262787
2418,500.2,2.10751748085022
2419,500.4,2.25301313400269
2420,500.5,0.895257115364075
2421,500.6,0.813318312168121
2422,500.9,0.965056777000427
2423,501.1,2.52137351036072
2424,501.2,2.05930805206299
2425,501.3,4.08020448684692
2426,501.5,1.14653599262238
2427,501.6,0.772999227046967
2428,501.8,0.137171596288681
2429,502.0,1.17835772037506
2430,502.2,2.47229695320129
2431,502.4,2.87644147872925
2432,502.5,0.923263669013977
2433,502.7,1.57712650299072
2434,502.9,5.54816627502441
2435,503.1,37.6731986999512
2436,503.2,27.6515216827393
2437,503.3,25.8846778869629
2438,503.5,1.12156414985657
2439,503.7,1.24018037319183
2440,503.8,0.839677453041077
2441,504.0,10.2587356567383
2442,504.2,24.1966533660889
2443,504.3,11.2904710769653
2444,504.4,6.39928913116455
2445,504.6,1.84661412239075
2446,504.9,3.53420615196228
2447,505.1,14.8240699768066
2448,505.2,10.8887538909912
2449,505.3,12.6820430755615
2450,505.5,1.95378482341766
2451,505.8,1.14176714420319
2452,505.9,0.999653160572052
2453,506.1,4.67822790145874
2454,506.3,7.43327856063843
2455,506.4,3.1679527759552
2456,506.7,1.17757737636566
2457,506.9,2.35567498207092
2458,507.1,10.9252576828003
2459,507.3,17.2210178375244
2460,507.4,6.11896276473999
2461,507.6,0.511748909950256
2462,507.8,0.891702055931091
2463,508.0,2.46041798591614
2464,508.2,7.03641700744629
2465,508.3,3.73926997184753
2466,508.4,3.39373970031738
2467,508.6,0.873146593570709
2468,508.9,0.946241199970245
2469,509.1,3.35116624832153
2470,509.3,5.23124933242798
2471,509.4,1.59941041469574
2472,509.5,1.40882682800293
2473,509.7,0.130755230784416
2474,509.9,0.583629608154297
2475,510.1,1.73918318748474
2476,510.3,3.12217116355896
2477,510.4,1.78782618045807
2478,510.6,0.604179322719574
2479,510.8,0.165438309311867
2480,511.0,1.4157634973526
2481,511.2,2.56325316429138
2482,511.3,1.42651522159576
2483,511.4,2.14064002037048
2484,511.6,0.751495718955994
2485,511.9,0.361831277608871
2486,512.0,0.511922299861908
2487,512.2,1.67363214492798
2488,512.4,2.01855540275574
2489,512.5,1.06052196025848
2490,512.8,0.341541677713394
2491,513.0,0.6108558177948
2492,513.2,1.62230122089386
2493,513.3,1.74707365036011
2494,513.5,1.15919530391693
2495,513.7,0.222578689455986
2496,513.9,0.293852418661118
2497,514.0,0.382901251316071
2498,514.2,1.50472557544708
2499,514.4,1.4723836183548
2500,514.5,1.10647702217102
2501,514.7,0.310933828353882
2502,514.8,0.394520074129105
2503,515.1,1.38194739818573
2504,515.2,1.02627241611481
2505,515.4,2.07855725288391
2506,515.5,1.02965402603149
2507,515.7,0.537154257297516
2508,515.9,0.272088795900345
2509,516.1,1.07387495040894
2510,516.3,1.84947538375854
2511,516.4,1.49484086036682
2512,516.6,0.904794931411743
2513,516.8,0.309026271104813
2514,517.0,0.960027754306793
2515,517.2,2.04716897010803
2516,517.4,2.17332863807678
2517,517.5,0.940865337848663
2518,517.7,0.574438571929932
2519,518.0,0.813838541507721
2520,518.1,0.706060886383057
2521,518.2,2.04161977767944
2522,518.4,1.33729302883148
2523,518.7,1.09624552726746
2524,518.9,2.04118609428406
2525,519.0,2.15286564826965
2526,519.2,6.68282318115234
2527,519.3,4.73883628845215
2528,519.5,1.40501165390015
2529,519.7,0.34709095954895
2530,519.9,1.04396080970764
2531,520.0,0.926732003688812
2532,520.2,3.28440117835999
2533,520.3,2.78973388671875
2534,520.5,0.601057827472687
2535,520.7,1.39339292049408
2536,520.9,2.73866295814514
2537,521.1,8.56143283843994
2538,521.3,8.25734806060791
2539,521.4,2.87227964401245
2540,521.6,1.11722886562347
2541,521.9,1.68629145622253
2542,522.0,1.28786957263947
2543,522.2,4.77716112136841
2544,522.3,3.1924045085907
2545,522.5,0.677707433700562
2546,522.7,0.736321866512299
2547,522.9,1.27182865142822
2548,523.1,3.08722805976868
2549,523.3,3.75929951667786
2550,523.4,1.27529692649841
2551,523.5,1.04682219028473
2552,523.7,0.328708916902542
2553,524.0,1.09138989448547
2554,524.2,1.5557097196579
2555,524.4,1.78271043300629
2556,524.5,1.00286138057709
2557,524.7,0.112633310258389
2558,524.9,0.446804821491241
2559,525.0,0.657070994377136
2560,525.2,1.93939125537872
2561,525.4,2.25448703765869
2562,525.5,0.870198547840118
2563,525.8,0.234631061553955
2564,526.0,0.63548082113266
2565,526.1,0.527876555919647
2566,526.3,1.68906617164612
2567,526.5,1.49267315864563
2568,526.6,0.550420522689819
2569,526.9,0.353767454624176
2570,527.0,0.281279802322388
2571,527.2,1.28526830673218
2572,527.3,1.4168906211853
2573,527.5,0.653602719306946
2574,527.7,0.341801792383194
2575,528.0,0.39686119556427
2576,528.1,0.357495874166489
2577,528.3,1.26324462890625
2578,528.4,0.634353578090668
2579,528.6,0.596982598304749
2580,528.8,0.380386710166931
2581,529.0,0.496314913034439
2582,529.2,1.06901931762695
2583,529.3,1.17133438587189
2584,529.5,0.313361644744873
2585,529.6,0.296193540096283
2586,529.9,0.129888147115707
2587,530.1,0.52822333574295
2588,530.3,1.06147575378418
2589,530.4,1.28838980197906
2590,530.6,0.528656899929047
2591,530.8,0.530564486980438
2592,531.1,1.03659069538116
2593,531.3,1.61727213859558
2594,531.5,1.61510443687439
2595,531.7,0.896557688713074
2596,531.9,0.335211992263794
2597,532.0,0.340327769517899
2598,532.2,0.857279121875763
2599,532.4,1.34813141822815
2600,532.5,0.644498407840729
2601,532.7,1.415243268013
2602,532.9,1.90149998664856
2603,533.1,5.0519380569458
2604,533.2,6.10691070556641
2605,533.4,2.35350728034973
2606,533.6,0.39139860868454
2607,533.8,0.969999134540558
2608,533.9,0.717159450054169
2609,534.1,2.48530292510986
2610,534.3,3.47099637985229
2611,534.4,1.13188242912292
2612,534.6,1.6389491558075
2613,534.8,4.43804740905762
2614,535.0,22.0477752685547
2615,535.2,37.4703903198242
2616,535.3,14.1231250762939
2617,535.5,0.990982413291931
2618,535.7,1.71369111537933
2619,535.9,4.82016801834106
2620,536.1,13.4773263931274
2621,536.2,13.8104572296143
2622,536.4,4.19179725646973
2623,536.6,0.746293246746063
2624,536.8,2.33243727684021
2625,536.9,2.63747501373291
2626,537.1,10.1373453140259
2627,537.3,10.7358884811401
2628,537.4,2.10110116004944
2629,537.5,1.43353855609894
2630,537.7,0.477846175432205
2631,537.9,1.48365557193756
2632,538.1,3.09295058250427
2633,538.3,3.79736399650574
2634,538.4,0.987860918045044
2635,538.5,1.01005804538727
2636,538.7,0.271915376186371
2637,538.9,1.13604438304901
2638,539.0,1.09919357299805
2639,539.2,3.07318139076233
2640,539.3,1.54305040836334
2641,539.4,1.37509751319885
2642,539.6,0.512876093387604
2643,539.9,0.661319673061371
2644,540.1,1.22136473655701
2645,540.2,0.917107403278351
2646,540.3,1.79363560676575
2647,540.5,0.893783032894135
2648,540.7,0.174629330635071
2649,540.9,0.358362972736359
2650,541.1,0.943986833095551
2651,541.2,0.695395827293396
2652,541.3,1.16075611114502
2653,541.5,0.512355864048004
2654,541.7,0.32333305478096
2655,541.9,0.323766589164734
2656,542.1,0.62230122089386
2657,542.2,0.992369711399078
2658,542.4,0.928119301795959
2659,542.6,0.311454087495804
2660,542.8,0.143674671649933
2661,542.9,0.245989769697189
2662,543.1,0.301395982503891
2663,543.3,0.911558151245117
2664,543.5,0.683343470096588
2665,543.6,0.338593602180481
2666,543.9,0.159108638763428
2667,544.1,0.653776109218597
2668,544.3,0.600450873374939
2669,544.4,0.642937660217285
2670,544.7,0.332957595586777
2671,544.9,0.403450965881348
2672,545.0,0.236625328660011
2673,545.2,0.811757564544678
2674,545.4,0.969045341014862
2675,545.5,0.537154257297516
2676,545.7,0.148183479905128
2677,545.9,0.383508205413818
2678,546.1,0.461718559265137
2679,546.3,0.858319580554962
2680,546.4,0.420792520046234
2681,546.6,0.617705702781677
2682,546.8,0.461284995079041
2683,547.0,1.10812449455261
2684,547.2,2.39452004432678
2685,547.3,1.96080815792084
2686,547.5,0.693401515483856
2687,547.8,0.320038139820099
2688,547.9,0.340154349803925
2689,548.1,0.878262400627136
2690,548.2,1.57669293880463
2691,548.4,1.33521199226379
2692,548.6,0.387756884098053
2693,548.8,1.77612066268921
2694,549.0,13.5791206359863
2695,549.2,60.7255706787109
2696,549.3,24.69704246521
2697,549.4,11.7955436706543
2698,549.7,1.37752532958984
2699,549.9,3.39729475975037
#"+ Scan (rt: 5.043-54.995 min, 8741 scans) 151221_SP_48H_2.D "
#Point,X(Thompsons),Y(Counts)
0,50.1,6658.27685546875
1,50.3,0.225717887282372
2,51.0,0.802196562290192
3,51.1,12772.478515625
4,52.0,0.296533584594727
5,52.2,11652.396484375
6,53.2,18692.236328125
7,54.2,23718.716796875
8,55.2,42769.48828125
9,56.2,26976.1015625
10,57.2,24675.453125
11,57.3,35.7424774169922
12,57.5,11.1062803268433
13,57.8,4.03786754608154
14,58.1,1676.81811523438
15,58.2,3745.11645507813
16,58.4,6.34458303451538
17,58.6,293.846466064453
18,58.7,108.790641784668
19,59.0,59.7848091125488
20,59.2,11996.4794921875
21,59.3,1.88605427742004
22,60.0,11.4367923736572
23,60.1,10146.7626953125
24,61.0,38.6326522827148
25,61.1,4965.08984375
26,61.3,0.0536551885306835
27,62.0,77.8061981201172
28,62.1,3209.9130859375
29,62.3,1.57338976860046
30,63.0,10.6893949508667
31,63.1,7761.94189453125
32,64.1,4886.4111328125
33,64.2,987.15625
34,64.4,1.32055830955505
35,65.2,13611.671875
36,66.0,8.76627349853516
37,66.2,11096.02734375
38,66.3,0.35396409034729
39,67.2,20716.822265625
40,68.2,25996.626953125
41,69.2,31220.80078125
42,70.2,27129.220703125
43,71.0,0.214277535676956
44,71.2,14020.0732421875
45,71.3,4.18499040603638
46,71.9,1.57155930995941
47,72.1,2577.7841796875
48,72.2,6928.76708984375
49,72.4,2.53266215324402
50,72.8,0.91431188583374
51,73.0,10.6413450241089
52,73.1,14348.6865234375
53,74.0,44.1750373840332
54,74.1,4678.93994140625
55,74.9,0.381192088127136
56,75.1,4584.9423828125
57,75.2,822.9072265625
58,75.9,1.49891316890717
59,76.1,3058.19702148438
60,76.2,980.176513671875
61,77.1,17707.05859375
62,78.0,1.32101595401764
63,78.1,10956.5224609375
64,79.2,16579.607421875
65,80.2,18180.04296875
66,81.2,24012.33984375
67,82.2,23372.265625
68,83.2,20987.736328125
69,83.3,0.774854123592377
70,84.2,29015.802734375
71,85.0,3.3285665512085
72,85.2,13828.9873046875
73,85.3,1.4443427324295
74,86.0,13.288182258606
75,86.2,8671.0263671875
76,86.3,6.30545711517334
77,86.8,0.0226518698036671
78,87.0,32.5012016296387
79,87.1,5427.72900390625
80,87.3,0.51138311624527
81,87.7,0.0523967519402504
82,87.9,4.69660234451294
83,88.1,1589.57397460938
84,88.2,644.0458984375
85,88.4,0.467566639184952
86,88.7,0.1023910343647
87,88.9,1.513099193573
88,89.1,6510.4296875
89,89.2,1385.45971679688
90,89.4,0.112572930753231
91,89.6,0.0816840156912804
92,89.8,0.666399717330933
93,90.0,51.5002861022949
94,90.1,6758.28271484375
95,90.3,13.1014757156372
96,91.1,28579.873046875
97,92.0,2.46230411529541
98,92.1,10105.86328125
99,93.2,13246.3681640625
100,94.0,0.758608877658844
101,94.1,24401.55859375
102,94.3,0.149296417832375
103,95.2,25564.755859375
104,96.0,1.69568693637848
105,96.2,19721.189453125
106,96.3,0.864431977272034
107,97.1,8446.08984375
108,97.2,12562.146484375
109,98.0,0.199633911252022
110,98.2,20146.796875
111,98.3,0.215192764997482
112,98.9,0.273309677839279
113,99.1,8368.248046875
114,99.2,4163.390625
115,99.4,0.21015901863575
116,99.8,0.0330625772476196
117,100.0,46.2680473327637
118,100.1,16201.873046875
119,100.3,3.97437357902527
120,100.4,0.139000117778778
121,100.9,2.41082262992859
122,101.1,4917.25146484375
123,101.2,1041.54553222656
124,101.4,0.171948283910751
125,101.6,0.0498798750340939
126,101.8,0.221141740679741
127,102.0,47.1051368713379
128,102.1,5533.79345703125
129,102.3,3.08809065818787
130,102.5,0.129504635930061
131,103.0,26.9074478149414
132,103.1,7749.74853515625
133,103.3,0.911451756954193
134,103.8,0.0760782510042191
135,104.0,16.1314487457275
136,104.1,8809.4033203125
137,104.3,2.99233508110046
138,105.1,6715.169921875
139,105.2,4139.39013671875
140,106.0,1.78000223636627
141,106.2,10696.2802734375
142,106.3,2.41757225990295
143,107.0,0.934790074825287
144,107.1,24461.3203125
145,107.3,0.335773944854736
146,108.0,2.12492847442627
147,108.2,21029.03125
148,108.3,0.321587920188904
149,109.0,1.91271018981934
150,109.2,19604.4296875
151,109.3,1.39697980880737
152,110.0,2.08237051963806
153,110.2,17155.8125
154,110.3,2.63185000419617
155,111.0,4.7560920715332
156,111.2,18115.62109375
157,111.3,1.06234979629517
158,112.1,7655.99853515625
159,112.2,5487.45166015625
160,112.8,0.0877473950386047
161,113.0,20.2314376831055
162,113.1,5632.41552734375
163,113.2,2815.97875976563
164,113.4,0.733554542064667
165,113.6,0.105823129415512
166,113.8,0.270792812108994
167,114.0,47.3350868225098
168,114.1,6816.13232421875
169,114.3,9.75952434539795
170,114.5,0.0776799023151398
171,114.8,0.36197230219841
172,114.9,2.01487255096436
173,115.1,7638.8544921875
174,115.2,3152.17919921875
175,115.4,0.148037984967232
176,115.7,0.0753918290138245
177,115.9,1.91293907165527
178,116.1,6231.21142578125
179,116.2,2019.62243652344
180,116.4,0.206498116254807
181,116.6,0.179041296243668
182,116.8,0.457041531801224
183,117.0,10.507607460022
184,117.1,21507.796875
185,117.3,2.35339212417603
186,117.6,0.104679100215435
187,117.8,0.313922882080078
188,118.0,11.5247678756714
189,118.1,9048.1953125
190,118.3,2.89474892616272
191,118.5,0.103420659899712
192,118.8,0.149639636278152
193,119.0,13.128589630127
194,119.1,9755.4267578125
195,119.3,3.31277894973755
196,119.5,0.0994165390729904
197,119.7,0.0792815461754799
198,119.9,1.36002743244171
199,120.1,6025.404296875
200,120.2,5455.33544921875
201,120.3,4.96121740341187
202,120.5,0.174121960997581
203,120.8,0.21553598344326
204,120.9,0.784692823886871
205,121.1,4647.28515625
206,121.2,8125.1904296875
207,121.4,0.293215870857239
208,121.8,0.0599473752081394
209,122.0,6.16668558120728
210,122.2,12362.2294921875
211,122.3,11.1854476928711
212,122.8,0.127788588404655
213,122.9,0.540098369121552
214,123.1,5373.6865234375
215,123.2,10969.712890625
216,123.3,8.21896839141846
217,123.5,0.149982839822769
218,123.7,0.0521679446101189
219,123.9,0.481638252735138
220,124.1,5034.89013671875
221,124.2,10437.41015625
222,124.4,0.32868093252182
223,124.6,0.0268847960978746
224,124.9,0.467795461416245
225,125.1,5669.9765625
226,125.2,10905.5634765625
227,125.4,0.299736857414246
228,125.7,0.101819016039371
229,126.0,22.8873119354248
230,126.1,9676.298828125
231,126.3,15.5121841430664
232,126.5,0.123441256582737
233,126.8,0.276512980461121
234,126.9,1.40933537483215
235,127.1,4047.65551757813
236,127.2,2639.353515625
237,127.4,0.730008006095886
238,127.6,0.0184189453721046
239,127.7,0.277771413326263
240,128.0,23.7746257781982
241,128.1,9512.4736328125
242,128.3,5.3342866897583
243,128.5,0.0962132513523102
244,128.7,0.358082592487335
245,128.9,3.25374674797058
246,129.1,6845.3818359375
247,129.2,5207.36376953125
248,129.4,0.564351916313171
249,129.6,0.0668115764856339
250,129.8,0.497769147157669
251,130.0,17.5863170623779
252,130.1,13934.7705078125
253,130.3,5.2439079284668
254,130.6,0.262212574481964
255,130.7,0.11554741859436
256,130.9,3.18304538726807
257,131.1,6646.10302734375
258,131.2,5660.43505859375
259,131.4,0.618807911872864
260,131.6,0.133623152971268
261,131.7,0.0661251544952393
262,131.9,2.15707588195801
263,132.1,4915.57373046875
264,132.2,4008.07055664063
265,132.4,0.797048389911652
266,132.6,0.0883194133639336
267,132.9,4.04198598861694
268,133.1,7428.70947265625
269,133.2,4250.82080078125
270,133.4,0.518590569496155
271,133.7,0.333600282669067
272,133.9,2.84315299987793
273,134.1,4328.34619140625
274,134.2,4974.0908203125
275,134.4,0.456355094909668
276,134.6,0.112000912427902
277,134.8,0.642031788825989
278,135.0,12.2711362838745
279,135.1,16350.6201171875
280,135.3,8.7187967300415
281,135.5,0.105136714875698
282,135.6,0.109140828251839
283,135.9,1.46287608146667
284,136.1,3994.44873046875
285,136.2,6638.2529296875
286,136.4,0.749685406684875
287,136.6,0.046676579862833
288,136.8,0.463104903697968
289,137.0,13.0793962478638
290,137.2,14273.4033203125
291,137.3,7.3646035194397
292,137.5,0.0260839723050594
293,137.7,0.048163827508688
294,137.9,1.10250544548035
295,138.1,3226.32739257813
296,138.2,11841.4755859375
297,138.4,0.959043562412262
298,138.6,0.0787095278501511
299,138.7,0.0371811017394066
300,138.9,1.62441372871399
301,139.1,4977.93017578125
302,139.2,5576.95458984375
303,139.3,12.871753692627
304,139.5,0.162109598517418
305,139.8,0.174350753426552
306,140.0,19.3321132659912
307,140.2,8250.921875
308,140.3,23.5787658691406
309,140.5,0.316439777612686
310,140.7,0.0874041840434074
311,140.9,2.74648213386536
312,141.1,2219.92919921875
313,141.2,3652.55834960938
314,141.4,1.37192535400391
315,141.6,0.341494113206863
316,141.8,0.480723023414612
317,142.0,22.2873821258545
318,142.1,6454.4287109375
319,142.3,5.08248472213745
320,142.5,0.200091525912285
321,142.7,0.218968078494072
322,142.9,3.14723706245422
323,143.1,3592.11889648438
324,143.2,3686.54028320313
325,143.4,0.990962147712708
326,143.6,0.0594897605478764
327,143.8,0.544216930866241
328,144.0,15.5373525619507
329,144.2,6560.06884765625
330,144.3,6.43759298324585
331,144.5,0.22011211514473
332,144.6,0.378904014825821
333,144.8,0.53609424829483
334,145.0,13.3254776000977
335,145.2,8166.5009765625
336,145.3,6.90035486221313
337,145.5,0.196773827075958
338,145.8,0.58208441734314
339,146.0,9.54570388793945
340,146.2,8504.455078125
341,146.3,6.84967374801636
342,146.5,0.168172985315323
343,146.6,0.364374786615372
344,146.9,4.97128486633301
345,147.1,4966.3974609375
346,147.2,5187.7646484375
347,147.4,0.813064873218536
348,147.6,0.0172749105840921
349,147.8,0.562407076358795
350,148.0,7.38622570037842
351,148.2,8456.3857421875
352,148.3,11.4834690093994
353,148.5,0.265987873077393
354,148.7,0.245166450738907
355,148.9,3.23212456703186
356,149.1,4364.0791015625
357,149.2,5901.38818359375
358,149.4,0.510239124298096
359,149.7,0.115776225924492
360,149.9,1.59581279754639
361,150.1,2928.48266601563
362,150.2,5870.93017578125
363,150.4,0.897723376750946
364,150.6,0.180986151099205
365,150.8,0.743965208530426
366,151.0,12.348014831543
367,151.2,14077.806640625
368,151.3,11.1273307800293
369,151.5,0.158791899681091
370,151.7,0.264271825551987
371,151.9,2.40212798118591
372,152.1,4229.1416015625
373,152.2,9652.4521484375
374,152.4,1.03317701816559
375,152.6,0.413453847169876
376,152.8,0.770735621452332
377,153.0,17.6612510681152
378,153.2,8332.265625
379,153.3,17.9232349395752
380,153.6,0.23166686296463
381,153.8,0.583228468894958
382,154.0,16.7111320495605
383,154.2,13257.59765625
384,154.3,21.9445152282715
385,154.5,0.47751972079277
386,154.7,0.383480161428452
387,154.9,5.32879543304443
388,155.1,2695.06787109375
389,155.2,3374.68725585938
390,155.4,1.52682757377625
391,155.7,0.555428445339203
392,155.9,3.97322964668274
393,156.1,2510.79956054688
394,156.2,3739.27319335938
395,156.4,1.12630128860474
396,156.6,0.0634938776493073
397,156.8,1.23818790912628
398,157.0,14.7268047332764
399,157.2,7264.70458984375
400,157.3,8.57785129547119
401,157.5,0.185104683041573
402,157.8,0.606452345848083
403,158.0,13.107081413269
404,158.2,5376.78759765625
405,158.3,8.18922328948975
406,158.5,0.209243789315224
407,158.8,0.64500629901886
408,159.0,13.9699115753174
409,159.2,6351.48876953125
410,159.3,11.0219650268555
411,159.5,0.0462189689278603
412,159.7,0.194371357560158
413,159.9,1.69694542884827
414,160.1,2335.99047851563
415,160.2,4136.39404296875
416,160.4,0.729435980319977
417,160.7,0.302024930715561
418,160.9,2.97254323959351
419,161.1,2727.83422851563
420,161.2,4724.23828125
421,161.4,0.888914287090302
422,161.7,0.18087175488472
423,161.9,2.29721999168396
424,162.1,2446.29443359375
425,162.2,4404.30078125
426,162.4,1.04198598861694
427,162.7,0.26472944021225
428,162.9,5.23361158370972
429,163.1,2401.791015625
430,163.2,5580.3466796875
431,163.4,0.875986754894257
432,163.5,0.369522929191589
433,163.8,0.829653382301331
434,164.0,6.25900936126709
435,164.2,7318.03076171875
436,164.3,26.5870037078857
437,164.5,0.406475245952606
438,164.8,1.17595243453979
439,165.0,14.1873931884766
440,165.2,11712.001953125
441,165.3,16.1751518249512
442,165.5,0.219654500484467
443,165.8,0.607939600944519
444,166.0,9.59306716918945
445,166.2,10032.08984375
446,166.3,15.0755062103271
447,166.5,0.331769824028015
448,166.7,0.306029051542282
449,166.9,2.52728509902954
450,167.1,2556.13793945313
451,167.2,6107.5625
452,167.4,1.21450638771057
453,167.6,0.09003546833992
454,167.8,0.592037498950958
455,168.0,13.5871181488037
456,168.2,8856.3837890625
457,168.3,20.1692028045654
458,168.5,0.158105477690697
459,168.7,0.34263813495636
460,168.8,0.538153529167175
461,169.0,15.269305229187
462,169.2,5132.572265625
463,169.3,12.1086835861206
464,169.5,0.481867074966431
465,169.7,0.239560693502426
466,169.9,3.1513557434082
467,170.1,1561.97973632813
468,170.2,4145.63720703125
469,170.3,12.9432563781738
470,170.5,0.364832401275635
471,170.6,0.255233943462372
472,170.9,4.11280155181885
473,171.1,1494.23791503906
474,171.2,4683.8369140625
475,171.4,1.33726119995117
476,171.6,0.100903786718845
477,171.8,0.646379113197327
478,172.0,9.59341049194336
479,172.2,5331.26611328125
480,172.3,8.73870277404785
481,172.4,0.924036145210266
482,172.6,0.255005151033401
483,172.9,3.10502219200134
484,173.1,1715.76574707031
485,173.2,3811.33837890625
486,173.4,1.06909966468811
487,173.6,0.0207070130854845
488,173.8,0.38805627822876
489,174.0,8.17869853973389
490,174.2,5443.0751953125
491,174.3,16.5113830566406
492,174.6,0.188651189208031
493,174.8,0.807344675064087
494,175.0,9.12675857543945
495,175.2,6098.787109375
496,175.3,16.0510234832764
497,175.4,0.820501089096069
498,175.6,0.0788239315152168
499,175.8,0.71055942773819
500,176.0,7.37169647216797
501,176.2,5623.6201171875
502,176.3,20.8638591766357
503,176.5,0.514700829982758
504,176.8,2.30740189552307
505,177.0,19.6000461578369
506,177.2,6617.484375
507,177.3,18.5644664764404
508,177.5,0.079739160835743
509,177.6,0.449490904808044
510,177.9,4.16966009140015
511,178.1,1563.13598632813
512,178.2,5058.02001953125
513,178.4,1.68802201747894
514,178.6,0.461388856172562
515,178.8,1.3989245891571
516,179.0,16.7627277374268
517,179.2,7770.70166015625
518,179.3,23.175952911377
519,179.5,0.200320333242416
520,179.7,0.474659651517868
521,179.9,2.50646376609802
522,180.1,1117.99145507813
523,180.2,5467.14306640625
524,180.4,1.42763984203339
525,180.6,0.0765358656644821
526,180.8,0.854822099208832
527,180.9,2.54799222946167
528,181.1,1114.33544921875
529,181.2,4371.63916015625
530,181.4,1.28143227100372
531,181.6,0.277428209781647
532,181.9,2.31243562698364
533,182.1,2155.27221679688
534,182.2,4342.22265625
535,182.4,1.73881709575653
536,182.7,0.370438158512115
537,182.9,3.24310708045959
538,183.1,1260.01733398438
539,183.2,3788.541015625
540,183.3,19.7781715393066
541,183.6,0.433245629072189
542,183.7,0.16771537065506
543,183.9,3.6101131439209
544,184.1,1159.4853515625
545,184.2,3215.72021484375
546,184.4,1.70564007759094
547,184.6,0.144720286130905
548,184.8,0.854707717895508
549,185.0,11.7658166885376
550,185.2,5893.86669921875
551,185.3,12.3748998641968
552,185.4,1.84326732158661
553,185.7,0.277428209781647
554,185.9,2.76787543296814
555,186.1,1636.00122070313
556,186.2,4321.31689453125
557,186.4,1.00583457946777
558,186.6,0.0446173213422298
559,186.8,0.651870489120483
560,187.0,10.6324214935303
561,187.1,1384.81335449219
562,187.2,3525.4384765625
563,187.4,1.26404297351837
564,187.6,0.0372955054044724
565,187.8,0.602905869483948
566,188.0,6.71742343902588
567,188.2,4792.17822265625
568,188.3,22.3631172180176
569,188.5,0.302024930715561
570,188.7,0.415398687124252
571,188.9,2.66170907020569
572,189.1,1155.39074707031
573,189.2,3854.44091796875
574,189.4,1.26381421089172
575,189.6,0.108111202716827
576,189.8,0.44422835111618
577,190.0,6.76032495498657
578,190.1,1273.75476074219
579,190.2,3550.07983398438
580,190.4,1.39640772342682
581,190.6,0.74041873216629
582,190.7,0.29184302687645
583,190.9,13.0344352722168
584,191.1,1872.72180175781
585,191.2,3828.50244140625
586,191.4,0.84361058473587
587,191.5,0.350074350833893
588,191.8,1.2852076292038
589,192.0,12.9772338867188
590,192.2,5845.5498046875
591,192.3,54.6210975646973
592,192.5,0.609998881816864
593,192.7,0.86889374256134
594,192.9,16.5008583068848
595,193.1,1664.22473144531
596,193.2,4448.462890625
597,193.4,0.592952728271484
598,193.7,0.421690881252289
599,193.9,5.82336139678955
600,194.1,703.235107421875
601,194.2,5249.0947265625
602,194.4,1.75220227241516
603,194.6,0.250085800886154
604,194.8,1.38656902313232
605,195.0,18.2662162780762
606,195.2,5114.44775390625
607,195.3,39.1573028564453
608,195.5,0.226633101701736
609,195.6,0.243107199668884
610,195.9,2.50634932518005
611,196.1,785.265991210938
612,196.2,3744.18334960938
613,196.3,37.2810897827148
614,196.5,0.300995320081711
615,196.7,0.203638032078743
616,196.9,3.27605533599854
617,197.1,820.829284667969
618,197.2,3500.79223632813
619,197.4,1.66548454761505
620,197.6,0.138771310448647
621,197.8,0.770735621452332
622,198.0,9.86420345306396
623,198.2,3667.33325195313
624,198.3,23.3957214355469
625,198.4,1.51001024246216
626,198.6,0.138771310448647
627,198.8,0.887884676456451
628,199.0,7.84910202026367
629,199.1,753.6171875
630,199.2,4247.951171875
631,199.4,1.64626467227936
632,199.7,0.217252030968666
633,199.8,0.356938570737839
634,200.0,7.55314016342163
635,200.2,4346.5234375
636,200.3,23.1292762756348
637,200.5,0.333142668008804
638,200.8,0.503260493278503
639,201.0,7.0887770652771
640,201.2,4038.65771484375
641,201.3,19.36643409729
642,201.4,1.17286348342896
643,201.6,0.0936963707208633
644,201.8,0.67234867811203
645,202.0,7.11474657058716
646,202.2,3851.26635742188
647,202.3,31.7524318695068
648,202.4,2.54204320907593
649,202.6,0.210502237081528
650,202.8,0.962246894836426
651,203.0,10.007550239563
652,203.2,3889.65747070313
653,203.3,22.7565498352051
654,203.5,0.089577853679657
655,203.7,0.229035586118698
656,203.9,1.49765467643738
657,204.1,756.004089355469
658,204.2,2960.82299804688
659,204.4,2.79121375083923
660,204.6,0.198261067271233
661,204.8,0.955382704734802
662,205.0,7.93993806838989
663,205.2,3793.65063476563
664,205.3,43.4587593078613
665,205.5,0.260153293609619
666,205.7,0.372955054044724
667,205.9,1.98203861713409
668,206.1,490.883209228516
669,206.2,3690.35571289063
670,206.4,2.5102391242981
671,206.6,0.028028829023242
672,207.0,84.375358581543
673,207.1,8990.083984375
674,207.3,8.94176864624023
675,207.7,0.0202494002878666
676,207.9,9.30374145507813
677,208.1,1400.12377929688
678,208.2,4511.529296875
679,208.4,2.08179831504822
680,208.7,0.693513333797455
681,208.9,10.5975284576416
682,209.1,1066.59753417969
683,209.2,3710.66381835938
684,209.4,0.520421028137207
685,209.5,0.21713761985302
686,209.8,1.50978147983551
687,210.0,14.4615030288696
688,210.2,3320.81323242188
689,210.3,51.6119422912598
690,210.5,0.839377641677856
691,210.8,2.60862612724304
692,211.0,32.828052520752
693,211.2,4609.3720703125
694,211.3,20.2552337646484
695,211.5,0.24802653491497
696,211.8,0.832627832889557
697,212.0,10.3700952529907
698,212.2,3178.447265625
699,212.3,255.194717407227
700,212.5,0.598100900650024
701,212.7,0.40636083483696
702,212.8,1.26003885269165
703,213.0,17.2738819122314
704,213.2,5245.4033203125
705,213.3,442.018981933594
706,213.6,0.422377288341522
707,213.8,0.551424324512482
708,214.0,8.23578548431396
709,214.2,3422.42358398438
710,214.3,63.8287391662598
711,214.5,0.722686171531677
712,214.8,0.750600636005402
713,215.0,16.3464126586914
714,215.2,3352.4091796875
715,215.3,28.2306365966797
716,215.5,0.15936391055584
717,215.7,0.250772207975388
718,215.9,2.79281544685364
719,216.1,557.697265625
720,216.2,2411.29809570313
721,216.4,1.97185671329498
722,216.6,0.174007549881935
723,216.8,0.474774062633514
724,217.0,6.14174556732178
725,217.2,2869.21215820313
726,217.3,49.3633460998535
727,217.5,0.502459645271301
728,217.7,0.0959844440221786
729,217.9,1.26015329360962
730,218.1,494.020355224609
731,218.2,2614.48559570313
732,218.4,2.45566868782043
733,218.6,0.0575449019670486
734,218.8,0.726690292358398
735,219.0,4.91190958023071
736,219.2,2955.00048828125
737,219.3,57.5015449523926
738,219.5,0.273881703615189
739,219.7,0.33485871553421
740,219.9,1.45555424690247
741,220.1,360.323883056641
742,220.2,2841.08178710938
743,220.4,2.27800011634827
744,220.6,0.518590569496155
745,220.8,1.79796361923218
746,221.0,23.3332576751709
747,221.2,3623.31860351563
748,221.3,59.1317939758301
749,221.5,0.478549361228943
750,221.8,0.71055942773819
751,222.0,8.6793270111084
752,222.2,2985.85620117188
753,222.3,91.4068222045898
754,222.5,0.472943603992462
755,222.8,1.47877812385559
756,223.0,15.2098159790039
757,223.2,2951.73828125
758,223.3,38.5380401611328
759,223.5,0.41253861784935
760,223.7,0.422034084796906
761,223.9,2.34195160865784
762,224.1,383.626129150391
763,224.2,2237.69702148438
764,224.3,46.3389778137207
765,224.5,1.04599010944366
766,224.8,1.85470771789551
767,224.9,5.98318290710449
768,225.1,569.33740234375
769,225.2,3001.83276367188
770,225.4,1.51275599002838
771,225.7,0.478663772344589
772,225.9,3.65290021896362
773,226.1,427.181213378906
774,226.2,2416.76538085938
775,226.4,2.32536315917969
776,226.7,0.860656678676605
777,226.9,3.31529569625854
778,227.1,344.929412841797
779,227.2,2866.81201171875
780,227.4,1.8809061050415
781,227.6,0.34801509976387
782,227.9,2.34252381324768
783,228.1,414.426391601563
784,228.2,2446.7255859375
785,228.4,2.80768799781799
786,228.6,0.508523046970367
787,228.9,2.98283958435059
788,229.0,11.6681156158447
789,229.2,2546.52661132813
790,229.3,42.7145652770996
791,229.6,0.491362541913986
792,229.7,0.0988445281982422
793,229.9,2.25786519050598
794,230.1,404.406829833984
795,230.2,2107.79956054688
796,230.4,1.66800141334534
797,230.7,0.28383481502533
798,230.9,2.00549125671387
799,231.1,322.285766601563
800,231.2,1883.77685546875
801,231.4,2.55680131912231
802,231.6,0.119093924760818
803,231.8,0.387941896915436
804,232.0,5.85241985321045
805,232.2,2108.76953125
806,232.3,97.6643371582031
807,232.5,0.338519632816315
808,232.7,0.110513672232628
809,232.9,1.62830340862274
810,233.1,331.203308105469
811,233.2,1913.44140625
812,233.3,71.0644073486328
813,233.5,0.482782304286957
814,233.7,0.406704038381577
815,233.9,1.17984211444855
816,234.1,274.640075683594
817,234.2,2175.31689453125
818,234.4,3.4529230594635
819,234.6,0.1908248513937
820,234.8,0.827479720115662
821,235.0,6.99279260635376
822,235.2,2511.14379882813
823,235.3,67.1793823242188
824,235.5,0.622697651386261
825,235.8,0.645349502563477
826,236.0,6.28749561309814
827,236.2,2390.36694335938
828,236.3,130.867401123047
829,236.5,0.985813975334167
830,236.8,0.96590781211853
831,237.0,9.09106540679932
832,237.2,2204.2841796875
833,237.3,84.3603744506836
834,237.5,0.664798080921173
835,237.8,0.584944486618042
836,237.9,1.07218849658966
837,238.1,312.267822265625
838,238.2,1749.61486816406
839,238.4,2.41619944572449
840,238.5,1.06898522377014
841,238.8,1.43004238605499
842,239.0,9.51916217803955
843,239.1,177.165313720703
844,239.2,2304.9677734375
845,239.4,2.65930676460266
846,239.6,0.287381321191788
847,239.8,1.11978030204773
848,240.0,10.7190256118774
849,240.2,1943.61999511719
850,240.3,93.9908447265625
851,240.4,4.15204191207886
852,240.7,0.743850827217102
853,240.9,6.60656690597534
854,241.1,322.679779052734
855,241.2,1792.29833984375
856,241.4,0.748541355133057
857,241.5,0.485871195793152
858,241.8,0.658048272132874
859,242.0,10.6421461105347
860,242.2,2071.12109375
861,242.3,69.0829391479492
862,242.5,0.406932830810547
863,242.8,0.589749455451965
864,243.0,24.9827251434326
865,243.1,481.491943359375
866,243.2,1809.39624023438
867,243.4,0.716966032981873
868,243.6,0.261182934045792
869,243.7,0.0733325704932213
870,243.9,3.1538724899292
871,244.0,16.4161987304688
872,244.2,2169.05834960938
873,244.3,88.4311828613281
874,244.5,0.468367457389832
875,244.7,0.105022311210632
876,244.9,3.07035803794861
877,245.1,274.736541748047
878,245.2,1459.25146484375
879,245.3,92.3773040771484
880,245.5,0.340464472770691
881,245.6,0.334744304418564
882,245.8,0.226404294371605
883,246.0,6.67212009429932
884,246.2,1690.90795898438
885,246.3,106.919570922852
886,246.5,0.508408665657043
887,246.7,0.382450520992279
888,246.9,1.47523164749146
889,247.1,236.288635253906
890,247.2,1674.5615234375
891,247.4,4.02711343765259
892,247.6,0.315295726060867
893,247.8,0.244594439864159
894,248.0,5.07722234725952
895,248.2,1771.744140625
896,248.3,112.869926452637
897,248.5,0.697746276855469
898,248.7,0.898295402526855
899,248.9,8.15936374664307
900,249.1,427.717437744141
901,249.2,1722.81701660156
902,249.4,2.68356013298035
903,249.6,0.149410828948021
904,249.8,1.16005039215088
905,250.0,10.2194261550903
906,250.2,1693.64367675781
907,250.3,114.834228515625
908,250.5,1.18601989746094
909,250.8,4.39869594573975
910,251.0,26.8397216796875
911,251.2,1822.47827148438
912,251.3,60.2757110595703
913,251.5,0.279029846191406
914,251.7,0.87827479839325
915,251.8,0.935934126377106
916,252.0,8.9336462020874
917,252.2,1548.52160644531
918,252.3,89.7809143066406
919,252.5,0.58769017457962
920,252.7,1.26610231399536
921,252.9,8.58734703063965
922,253.0,17.7682189941406
923,253.2,1685.01916503906
924,253.3,73.2363586425781
925,253.5,0.374213486909866
926,253.8,1.20306599140167
927,254.0,9.00766468048096
928,254.2,1449.44982910156
929,254.3,97.388053894043
930,254.4,3.47305798530579
931,254.6,0.623384058475494
932,254.9,3.95057773590088
933,255.1,257.321929931641
934,255.2,1346.87365722656
935,255.4,3.14357614517212
936,255.7,0.571902513504028
937,255.9,4.26370000839233
938,256.0,12.3511037826538
939,256.2,1621.26110839844
940,256.3,2090.916015625
941,256.5,0.689166009426117
942,256.8,1.04015552997589
943,257.0,11.9600734710693
944,257.1,114.551307678223
945,257.2,1727.76647949219
946,257.4,9.63528156280518
947,257.6,0.395492494106293
948,257.9,3.39743733406067
949,258.0,15.7126188278198
950,258.2,1586.80541992188
951,258.3,146.874038696289
952,258.4,2.6059947013855
953,258.6,0.124242074787617
954,258.8,0.889143109321594
955,259.0,16.3012237548828
956,259.2,1399.55322265625
957,259.3,136.151473999023
958,259.4,4.16348266601563
959,259.7,0.279830694198608
960,259.8,0.591923117637634
961,260.0,8.49811267852783
962,260.1,157.44091796875
963,260.2,1322.37707519531
964,260.4,4.86054229736328
965,260.6,0.308660328388214
966,260.9,1.48587119579315
967,261.1,185.437255859375
968,261.2,1134.02465820313
969,261.3,140.291610717773
970,261.5,0.505434155464172
971,261.8,0.663768470287323
972,262.0,3.65255689620972
973,262.2,1329.70031738281
974,262.3,196.908935546875
975,262.5,0.652442514896393
976,262.6,0.262898981571198
977,262.9,1.46779549121857
978,263.1,176.763305664063
979,263.2,1403.35388183594
980,263.4,17.0502223968506
981,263.7,0.676124036312103
982,263.9,1.38153529167175
983,264.1,165.607482910156
984,264.2,1239.2626953125
985,264.4,9.65232849121094
986,264.7,1.11314499378204
987,264.9,7.84017848968506
988,265.1,340.663543701172
989,265.2,1217.31616210938
990,265.4,4.31369400024414
991,265.7,0.616863071918488
992,265.9,2.6317355632782
993,266.0,7.44113922119141
994,266.2,1184.92700195313
995,266.3,119.458641052246
996,266.5,1.1845326423645
997,266.7,2.05033755302429
998,266.8,6.7491135597229
999,267.0,119.945083618164
1000,267.2,1812.42846679688
1001,267.3,42.9604148864746
1002,267.6,0.415398687124252
1003,267.8,3.5736186504364
1004,268.0,31.1336231231689
1005,268.2,1207.62805175781
1006,268.3,92.3385162353516
1007,268.5,1.30682992935181
1008,268.8,3.84269523620605
1009,269.0,39.3007659912109
1010,269.2,1286.41650390625
1011,269.3,79.1772079467773
1012,269.4,2.13659763336182
1013,269.6,0.268390357494354
1014,269.8,0.940853476524353
1015,270.0,9.33279991149902
1016,270.2,1027.61193847656
1017,270.3,132.955490112305
1018,270.5,0.27033519744873
1019,270.7,1.44045305252075
1020,270.9,5.40201330184937
1021,271.1,200.147354125977
1022,271.2,932.272277832031
1023,271.4,3.28497886657715
1024,271.6,0.78229033946991
1025,271.7,0.159249514341354
1026,271.9,1.76261293888092
1027,272.1,154.78205871582
1028,272.2,789.809204101563
1029,272.3,128.866607666016
1030,272.5,0.919803202152252
1031,272.8,0.894405663013458
1032,273.0,5.94497203826904
1033,273.2,913.763977050781
1034,273.3,128.112915039063
1035,273.5,0.884795784950256
1036,273.8,0.488845676183701
1037,274.0,4.88113498687744
1038,274.2,905.884765625
1039,274.3,158.986953735352
1040,274.5,0.816496968269348
1041,274.7,0.791442632675171
1042,274.9,1.35373532772064
1043,275.1,139.874725341797
1044,275.2,792.892211914063
1045,275.3,163.006866455078
1046,275.5,0.798306822776794
1047,275.8,0.448918879032135
1048,276.0,4.18807935714722
1049,276.2,1002.84576416016
1050,276.3,192.553939819336
1051,276.4,6.34332466125488
1052,276.7,0.695915818214417
1053,276.9,1.22194254398346
1054,277.1,135.358657836914
1055,277.2,1052.3046875
1056,277.4,5.28086042404175
1057,277.7,0.377416759729385
1058,277.9,1.02036380767822
1059,278.1,107.267364501953
1060,278.2,1094.5185546875
1061,278.4,294.548797607422
1062,278.5,0.963848531246185
1063,278.8,1.00194489955902
1064,279.0,4.8265643119812
1065,279.2,878.824951171875
1066,279.3,270.521789550781
1067,279.5,1.15295732021332
1068,279.6,0.497540324926376
1069,279.8,0.319185435771942
1070,280.0,3.15204215049744
1071,280.2,786.610473632813
1072,280.3,433.418273925781
1073,280.4,72.6090850830078
1074,280.6,0.474430829286575
1075,280.8,2.05994749069214
1076,281.0,128.206390380859
1077,281.1,3750.73046875
1078,281.3,34.5276298522949
1079,281.4,6.42169094085693
1080,281.7,0.579910755157471
1081,281.9,18.2558059692383
1082,282.1,678.668029785156
1083,282.2,1035.65185546875
1084,282.4,3.52659869194031
1085,282.6,0.490676134824753
1086,282.8,4.14128828048706
1087,282.9,12.080883026123
1088,283.1,535.229248046875
1089,283.2,924.327758789063
1090,283.3,71.1539840698242
1091,283.5,0.378331989049911
1092,283.8,1.32010066509247
1093,284.0,11.5934104919434
1094,284.2,828.21826171875
1095,284.3,171.12744140625
1096,284.4,13.9249515533447
1097,284.7,1.62624418735504
1098,284.8,3.38977241516113
1099,285.0,34.4949073791504
1100,285.2,975.359924316406
1101,285.3,93.379020690918
1102,285.5,0.290126979351044
1103,285.7,0.589749455451965
1104,285.9,4.0372953414917
1105,286.1,145.903671264648
1106,286.2,581.134887695313
1107,286.3,126.323989868164
1108,286.5,0.873012244701385
1109,286.8,1.60942685604095
1110,287.0,14.5982151031494
1111,287.2,773.436706542969
1112,287.3,138.587921142578
1113,287.5,0.706326484680176
1114,287.8,0.651069700717926
1115,288.0,5.61846446990967
1116,288.2,646.756896972656
1117,288.3,152.593292236328
1118,288.5,0.561606228351593
1119,288.6,0.645349502563477
1120,288.9,2.42546629905701
1121,289.1,112.46688079834
1122,289.2,710.45166015625
1123,289.4,7.10868310928345
1124,289.6,0.0585745349526405
1125,289.8,0.605308294296265
1126,290.0,4.64660787582397
1127,290.2,615.756225585938
1128,290.3,164.396286010742
1129,290.5,0.83903443813324
1130,290.6,0.248941764235497
1131,290.9,0.749799787998199
1132,291.1,103.336235046387
1133,291.2,684.787231445313
1134,291.4,7.28978395462036
1135,291.7,0.708843410015106
1136,291.8,0.301338523626328
1137,292.0,4.27365303039551
1138,292.2,583.392639160156
1139,292.3,182.171600341797
1140,292.5,1.54364490509033
1141,292.8,0.712161064147949
1142,293.0,6.13442420959473
1143,293.2,575.878723144531
1144,293.3,155.047927856445
1145,293.5,1.34103643894196
1146,293.8,0.856881380081177
1147,294.0,6.62601518630981
1148,294.2,542.522155761719
1149,294.3,169.977233886719
1150,294.4,10.6174354553223
1151,294.6,0.735728204250336
1152,294.9,3.10456466674805
1153,295.1,116.889488220215
1154,295.2,628.008361816406
1155,295.4,6.70644092559814
1156,295.6,0.163253635168076
1157,295.8,0.701292753219604
1158,296.0,8.17492294311523
1159,296.2,517.383361816406
1160,296.3,165.480377197266
1161,296.5,1.1845326423645
1162,296.8,1.08523046970367
1163,297.0,8.05182456970215
1164,297.2,533.609313964844
1165,297.3,141.425811767578
1166,297.6,0.702551186084747
1167,297.8,0.698203861713409
1168,297.9,1.06807005405426
1169,298.1,89.7498016357422
1170,298.2,513.763854980469
1171,298.4,8.36128616333008
1172,298.5,1.30625784397125
1173,298.8,1.49937081336975
1174,299.0,13.5171031951904
1175,299.2,616.0068359375
1176,299.3,121.780456542969
1177,299.5,0.510582327842712
1178,299.7,0.551881909370422
1179,299.9,1.8068870306015
1180,300.1,97.3063735961914
1181,300.2,511.598205566406
1182,300.4,8.5684700012207
1183,300.5,1.49719715118408
1184,300.7,0.268504738807678
1185,300.9,2.24322152137756
1186,301.0,4.36677742004395
1187,301.2,493.699798583984
1188,301.3,157.680236816406
1189,301.5,0.829310119152069
1190,301.7,0.496739506721497
1191,301.9,1.05148148536682
1192,302.1,80.7390441894531
1193,302.2,508.356262207031
1194,302.4,11.809061050415
1195,302.5,1.54650497436523
1196,302.7,0.473858833312988
1197,302.9,2.07653594017029
1198,303.0,4.12916135787964
1199,303.2,456.384979248047
1200,303.3,153.268844604492
1201,303.5,1.41105139255524
1202,303.8,0.470197916030884
1203,304.0,5.06784105300903
1204,304.2,407.619964599609
1205,304.3,162.338409423828
1206,304.5,1.2299507856369
1207,304.7,0.596956849098206
1208,304.9,1.26999199390411
1209,305.1,67.6962585449219
1210,305.2,340.609436035156
1211,305.3,193.20295715332
1212,305.5,0.988788485527039
1213,305.8,0.437707364559174
1214,306.0,4.82908153533936
1215,306.2,385.391021728516
1216,306.3,162.558746337891
1217,306.5,0.717881262302399
1218,306.6,0.467109024524689
1219,306.9,1.93376040458679
1220,307.1,67.0926666259766
1221,307.2,447.832275390625
1222,307.4,9.79212951660156
1223,307.7,0.676810443401337
1224,307.9,1.19608736038208
1225,308.1,61.6410026550293
1226,308.2,439.130187988281
1227,308.4,14.2506580352783
1228,308.7,0.796934008598328
1229,308.8,0.558402955532074
1230,309.0,7.65404415130615
1231,309.2,346.921875
1232,309.3,144.133163452148
1233,309.5,1.01155471801758
1234,309.8,0.605880320072174
1235,310.0,6.25031471252441
1236,310.2,328.792816162109
1237,310.3,156.252487182617
1238,310.5,0.983869135379791
1239,310.7,0.909506916999817
1240,310.8,0.75494796037674
1241,311.0,8.32113075256348
1242,311.2,374.651641845703
1243,311.3,128.636535644531
1244,311.5,1.07836627960205
1245,311.8,0.819700241088867
1246,312.0,7.56240701675415
1247,312.2,319.319427490234
1248,312.3,134.286010742188
1249,312.4,13.7074708938599
1250,312.7,0.968882262706757
1251,312.9,2.37158226966858
1252,313.0,4.54982280731201
1253,313.2,354.752319335938
1254,313.3,488.979064941406
1255,313.4,20.0557136535645
1256,313.6,0.611028492450714
1257,313.9,1.3130077123642
1258,314.1,47.672004699707
1259,314.2,476.016357421875
1260,314.4,14.8505887985229
1261,314.5,1.58002519607544
1262,314.7,0.410708159208298
1263,314.9,1.82416200637817
1264,315.1,55.3993835449219
1265,315.2,434.863403320313
1266,315.4,13.6033630371094
1267,315.6,0.186019912362099
1268,315.8,0.557830929756165
1269,315.9,0.630362629890442
1270,316.1,63.577392578125
1271,316.2,228.431533813477
1272,316.3,146.591232299805
1273,316.5,2.01189804077148
1274,316.7,0.54742020368576
1275,316.9,2.59707117080688
1276,317.0,9.02894401550293
1277,317.2,298.437469482422
1278,317.3,155.454635620117
1279,317.5,1.29744875431061
1280,317.6,0.773595690727234
1281,317.9,1.95732748508453
1282,318.1,63.7719955444336
1283,318.2,215.355560302734
1284,318.3,136.123321533203
1285,318.5,2.17560911178589
1286,318.7,0.961674869060516
1287,319.0,5.47763395309448
1288,319.2,273.440338134766
1289,319.3,147.982269287109
1290,319.5,1.47969341278076
1291,319.7,0.23784464597702
1292,319.9,1.02093577384949
1293,320.0,4.75780820846558
1294,320.2,246.885131835938
1295,320.3,145.600051879883
1296,320.5,1.95217943191528
1297,320.7,0.30259695649147
1298,320.9,1.25466191768646
1299,321.1,54.8103179931641
1300,321.2,182.799682617188
1301,321.3,145.5810546875
1302,321.5,2.50417566299438
1303,321.8,0.671547889709473
1304,321.9,0.702665627002716
1305,322.1,48.5683555603027
1306,322.2,310.176635742188
1307,322.4,16.5160732269287
1308,322.6,0.531975746154785
1309,322.8,1.40178465843201
1310,323.0,9.42901229858398
1311,323.2,246.423522949219
1312,323.3,124.845558166504
1313,323.5,1.00663542747498
1314,323.6,0.803569376468658
1315,323.9,2.33463001251221
1316,324.1,52.2018089294434
1317,324.2,304.631378173828
1318,324.4,16.476490020752
1319,324.6,0.970026314258575
1320,324.8,5.77393913269043
1321,325.0,38.7416763305664
1322,325.2,363.021179199219
1323,325.3,69.387825012207
1324,325.5,1.30088090896606
1325,325.8,2.35007429122925
1326,326.0,14.350531578064
1327,326.2,237.383255004883
1328,326.3,88.5689315795898
1329,326.4,16.0924377441406
1330,326.7,5.20066356658936
1331,326.8,9.32719326019287
1332,327.0,85.8865127563477
1333,327.2,507.312774658203
1334,327.3,36.5434150695801
1335,327.4,3.14014410972595
1336,327.6,0.373641461133957
1337,327.8,3.60370659828186
1338,328.0,20.4195175170898
1339,328.2,288.2041015625
1340,328.3,89.5288848876953
1341,328.5,2.10044622421265
1342,328.8,3.59787201881409
1343,329.0,21.7472820281982
1344,329.1,82.6724624633789
1345,329.2,285.98193359375
1346,329.4,9.42157649993896
1347,329.5,1.6350531578064
1348,329.8,1.12996220588684
1349,330.0,7.70277976989746
1350,330.2,204.197113037109
1351,330.3,124.839263916016
1352,330.5,2.64775204658508
1353,330.7,1.04187166690826
1354,330.8,0.565953552722931
1355,331.0,7.92964172363281
1356,331.2,214.484161376953
1357,331.3,110.20100402832
1358,331.5,1.82496285438538
1359,331.7,0.314609318971634
1360,331.9,2.74465155601501
1361,332.1,49.4450302124023
1362,332.2,138.833770751953
1363,332.3,131.198837280273
1364,332.5,3.00514817237854
1365,332.8,0.683102607727051
1366,333.0,5.41986036300659
1367,333.1,42.9392509460449
1368,333.2,232.300994873047
1369,333.4,22.7371006011963
1370,333.6,0.927811443805695
1371,333.8,0.447660446166992
1372,334.0,4.97036933898926
1373,334.2,156.709533691406
1374,334.3,120.251571655273
1375,334.5,2.56835603713989
1376,334.7,0.287724524736404
1377,334.9,1.23235332965851
1378,335.1,42.7611274719238
1379,335.2,115.073791503906
1380,335.3,111.613662719727
1381,335.5,1.77885830402374
1382,335.7,0.871067404747009
1383,336.0,4.87896108627319
1384,336.2,153.146209716797
1385,336.3,106.241851806641
1386,336.5,1.92987072467804
1387,336.6,0.65999311208725
1388,336.8,0.321816712617874
1389,337.0,6.00308895111084
1390,337.2,161.009033203125
1391,337.3,105.255577087402
1392,337.5,1.77588379383087
1393,337.8,0.606452345848083
1394,338.0,5.63985824584961
1395,338.2,142.016021728516
1396,338.3,101.808372497559
1397,338.5,1.51824736595154
1398,338.6,1.8162682056427
1399,338.9,2.72291493415833
1400,339.0,7.94474315643311
1401,339.2,181.800827026367
1402,339.3,89.1651992797852
1403,339.5,1.06223547458649
1404,339.7,0.730008006095886
1405,339.9,1.94737446308136
1406,340.1,43.0932388305664
1407,340.2,171.6884765625
1408,340.4,23.6512985229492
1409,340.7,2.82770848274231
1410,340.9,34.1869354248047
1411,341.1,487.782867431641
1412,341.2,295.363006591797
1413,341.4,1.97734808921814
1414,341.7,1.32410478591919
1415,341.9,13.7199401855469
1416,342.1,151.638595581055
1417,342.2,183.802658081055
1418,342.3,68.0392379760742
1419,342.5,2.16073679924011
1420,342.7,2.26736068725586
1421,342.9,11.2459669113159
1422,343.1,140.917861938477
1423,343.2,305.526824951172
1424,343.4,8.56652545928955
1425,343.7,0.910536527633667
1426,343.9,3.17995643615723
1427,344.1,57.8528785705566
1428,344.2,212.825531005859
1429,344.4,17.9732303619385
1430,344.7,1.84921634197235
1431,344.9,6.1194372177124
1432,345.1,72.7753143310547
1433,345.2,213.449600219727
1434,345.4,14.3138084411621
1435,345.6,0.339206039905548
1436,345.8,0.841894507408142
1437,345.9,0.820615470409393
1438,346.1,40.6530151367188
1439,346.3,182.09895324707
1440,346.4,21.2306365966797
1441,346.7,1.45669829845428
1442,346.9,2.41150903701782
1443,347.0,6.80917501449585
1444,347.2,127.492279052734
1445,347.3,93.1718368530273
1446,347.5,2.97654724121094
1447,347.7,0.766273856163025
1448,348.0,5.03660917282104
1449,348.2,108.880790710449
1450,348.3,96.7572326660156
1451,348.5,2.11692023277283
1452,348.6,1.03317701816559
1453,348.8,0.583457291126251
1454,349.0,5.17240571975708
1455,349.1,24.7666168212891
1456,349.3,141.6337890625
1457,349.4,18.0167026519775
1458,349.5,3.79670524597168
1459,349.8,1.39572131633759
1460,350.0,6.47328662872314
1461,350.1,24.8710670471191
1462,350.3,142.175033569336
1463,350.4,18.2320098876953
1464,350.6,0.852762818336487
1465,350.8,0.715593159198761
1466,351.0,6.81180620193481
1467,351.2,92.0853424072266
1468,351.3,77.5164184570313
1469,351.5,2.00892353057861
1470,351.6,0.828051686286926
1471,351.9,1.69911909103394
1472,352.0,5.33508729934692
1473,352.2,91.0633773803711
1474,352.3,74.3064880371094
1475,352.5,3.10216212272644
1476,352.7,0.460702449083328
1477,352.9,1.40910649299622
1478,353.1,28.6343669891357
1479,353.3,138.031463623047
1480,353.4,17.0999889373779
1481,353.6,0.998855948448181
1482,353.9,1.35430729389191
1483,354.0,4.25408983230591
1484,354.2,81.7732543945313
1485,354.3,69.4610443115234
1486,354.5,2.64569282531738
1487,354.7,1.51447200775146
1488,354.9,20.6952285766602
1489,355.1,560.424682617188
1490,355.2,446.271362304688
1491,355.4,3.39835262298584
1492,355.7,0.699119091033936
1493,355.9,11.1242418289185
1494,356.1,170.661361694336
1495,356.2,220.758270263672
1496,356.3,57.2110748291016
1497,356.5,1.622354388237
1498,356.7,1.18773591518402
1499,356.9,9.8296537399292
1500,357.1,129.693969726563
1501,357.2,257.703125
1502,357.4,8.55016613006592
1503,357.6,0.562292635440826
1504,357.9,2.84887313842773
1505,358.1,45.9683113098145
1506,358.2,160.180526733398
1507,358.4,17.9548110961914
1508,358.5,3.64832401275635
1509,358.7,1.00377535820007
1510,358.9,4.81157779693604
1511,359.1,56.4474334716797
1512,359.2,99.1807556152344
1513,359.3,79.912712097168
1514,359.5,1.35659539699554
1515,359.7,1.06303632259369
1516,359.8,0.609998881816864
1517,360.0,6.87289762496948
1518,360.2,91.7428207397461
1519,360.3,60.5142440795898
1520,360.4,20.8313694000244
1521,360.6,0.947832047939301
1522,360.9,2.61148619651794
1523,361.1,31.8400650024414
1524,361.2,59.891773223877
1525,361.3,73.2497406005859
1526,361.5,2.28440690040588
1527,361.7,0.669259786605835
1528,361.9,1.66502690315247
1529,362.0,3.51241278648376
1530,362.2,75.2988204956055
1531,362.3,75.0323791503906
1532,362.5,2.61468935012817
1533,362.7,1.16554164886475
1534,362.9,2.28326272964478
1535,363.1,27.028829574585
1536,363.3,103.279029846191
1537,363.4,19.9184303283691
1538,363.6,0.951950550079346
1539,363.8,0.475574880838394
1540,364.0,5.32284641265869
1541,364.1,18.2162227630615
1542,364.3,102.112571716309
1543,364.4,20.3194141387939
1544,364.6,1.06887078285217
1545,364.9,1.48621439933777
1546,365.0,4.97620391845703
1547,365.2,60.3511047363281
1548,365.3,43.4172286987305
1549,365.4,20.1887664794922
1550,365.6,0.461388856172562
1551,365.8,0.805285453796387
1552,366.0,4.55291175842285
1553,366.2,55.6456909179688
1554,366.3,50.8555068969727
1555,366.4,19.4558982849121
1556,366.6,0.919688820838928
1557,366.9,1.23921751976013
1558,367.1,21.4314155578613
1559,367.2,43.4175720214844
1560,367.3,61.3348579406738
1561,367.5,3.24573850631714
1562,367.6,1.3506463766098
1563,367.9,1.28246200084686
1564,368.1,19.7628421783447
1565,368.3,83.6013031005859
1566,368.4,22.9716281890869
1567,368.6,1.66090834140778
1568,368.9,1.58826220035553
1569,369.1,27.2249164581299
1570,369.2,58.6403160095215
1571,369.3,66.1218414306641
1572,369.5,3.42821192741394
1573,369.7,0.423178136348724
1574,369.9,1.27880108356476
1575,370.0,4.86454629898071
1576,370.2,60.2516860961914
1577,370.3,63.2119903564453
1578,370.5,5.07996797561646
1579,370.7,0.67646723985672
1580,370.9,1.47614693641663
1581,371.1,22.7984218597412
1582,371.3,186.955490112305
1583,371.4,36.8528785705566
1584,371.5,4.01212692260742
1585,371.8,0.805628657341003
1586,372.0,3.88765597343445
1587,372.2,69.5006256103516
1588,372.3,58.0597190856934
1589,372.4,29.95263671875
1590,372.6,1.85287725925446
1591,372.9,2.47248601913452
1592,373.1,30.3871402740479
1593,373.2,56.2687339782715
1594,373.3,67.2233123779297
1595,373.5,4.57236003875732
1596,373.8,0.973344027996063
1597,374.0,5.40556001663208
1598,374.1,16.6984329223633
1599,374.3,82.0835113525391
1600,374.4,17.0824851989746
1601,374.5,4.6992335319519
1602,374.7,1.5470769405365
1603,374.9,1.51012468338013
1604,375.1,23.0126991271973
1605,375.2,39.1745796203613
1606,375.3,65.7389297485352
1607,375.5,4.73343992233276
1608,375.6,1.5278571844101
1609,375.9,1.23738706111908
1610,376.1,17.5612621307373
1611,376.3,77.0618896484375
1612,376.4,22.4768333435059
1613,376.6,1.21885371208191
1614,376.9,1.66045069694519
1615,377.1,18.1820163726807
1616,377.3,65.980094909668
1617,377.4,19.7758846282959
1618,377.6,1.26553022861481
1619,377.8,0.361400306224823
1620,378.0,4.31632518768311
1621,378.1,12.7133054733276
1622,378.3,64.5951232910156
1623,378.4,16.2890968322754
1624,378.5,5.03535079956055
1625,378.8,0.923921763896942
1626,379.0,3.93364596366882
1627,379.2,36.8982963562012
1628,379.3,44.3395500183105
1629,379.5,3.8764443397522
1630,379.8,0.85653817653656
1631,380.0,4.54947948455811
1632,380.2,37.3352012634277
1633,380.3,43.4250068664551
1634,380.5,5.07093000411987
1635,380.7,0.472257167100906
1636,380.9,1.57968199253082
1637,381.1,14.6895093917847
1638,381.2,26.0227661132813
1639,381.3,40.3497314453125
1640,381.5,4.50955247879028
1641,381.8,0.818556249141693
1642,382.0,3.21176075935364
1643,382.2,34.3074035644531
1644,382.3,44.2477989196777
1645,382.5,5.58952045440674
1646,382.7,0.93707811832428
1647,382.9,3.19517207145691
1648,383.1,20.5509662628174
1649,383.3,58.0073204040527
1650,383.4,13.070930480957
1651,383.5,4.81386566162109
1652,383.8,1.32421922683716
1653,383.9,1.27834343910217
1654,384.1,16.8084888458252
1655,384.3,58.1546745300293
1656,384.4,17.9974822998047
1657,384.5,9.04210090637207
1658,384.8,4.03718090057373
1659,385.0,14.717080116272
1660,385.2,64.5086364746094
1661,385.3,45.0261993408203
1662,385.5,3.91396856307983
1663,385.6,1.63596844673157
1664,385.9,1.92952752113342
1665,386.1,16.5457038879395
1666,386.3,83.3489303588867
1667,386.4,39.1587905883789
1668,386.7,3.814208984375
1669,386.9,5.42374992370605
1670,387.1,37.4108238220215
1671,387.3,105.16096496582
1672,387.4,20.7107887268066
1673,387.5,5.83937788009644
1674,387.8,1.69408535957336
1675,388.0,6.16634273529053
1676,388.1,14.8206157684326
1677,388.3,65.5928421020508
1678,388.4,22.3503036499023
1679,388.6,3.00560569763184
1680,388.9,3.6333372592926
1681,389.0,5.81981468200684
1682,389.2,44.3130073547363
1683,389.3,43.3198699951172
1684,389.5,3.70918655395508
1685,389.7,1.2852076292038
1686,389.8,0.671433448791504
1687,390.0,5.06303644180298
1688,390.1,11.6077108383179
1689,390.3,50.381534576416
1690,390.4,18.5317478179932
1691,390.6,1.93467569351196
1692,390.9,2.25340342521667
1693,391.1,19.8733558654785
1694,391.2,25.353048324585
1695,391.3,37.8026542663574
1696,391.5,3.55485653877258
1697,391.6,1.75826561450958
1698,391.9,1.94279825687408
1699,392.1,11.771879196167
1700,392.2,20.3176975250244
1701,392.3,34.6869926452637
1702,392.5,4.71147489547729
1703,392.7,1.07253170013428
1704,393.0,4.11154317855835
1705,393.2,26.6534729003906
1706,393.3,30.3107204437256
1707,393.5,3.20638370513916
1708,393.6,1.44743168354034
1709,393.9,1.47454524040222
1710,394.1,9.63287925720215
1711,394.3,35.9845542907715
1712,394.4,14.6394004821777
1713,394.6,1.60588037967682
1714,394.9,1.17560923099518
1715,395.1,9.6312780380249
1716,395.2,15.9538955688477
1717,395.3,33.2618675231934
1718,395.5,4.89177417755127
1719,395.7,0.752774298191071
1720,396.0,2.52556920051575
1721,396.2,21.9553833007813
1722,396.3,33.0041198730469
1723,396.5,6.59855842590332
1724,396.7,0.961903691291809
1725,397.0,3.6980893611908
1726,397.2,23.8366317749023
1727,397.3,28.9128246307373
1728,397.5,5.89875316619873
1729,397.8,0.947832047939301
1730,398.0,3.31289315223694
1731,398.1,8.15124130249023
1732,398.3,34.0431289672852
1733,398.4,17.447660446167
1734,398.6,3.57236003875732
1735,398.9,4.9124813079834
1736,399.1,30.1059379577637
1737,399.3,48.5670967102051
1738,399.4,11.3932046890259
1739,399.6,2.00629210472107
1740,399.9,3.10376381874084
1741,400.1,16.2622127532959
1742,400.3,33.9966812133789
1743,400.4,13.8785037994385
1744,400.7,6.79235792160034
1745,400.9,30.2733097076416
1746,401.1,142.411972045898
1747,401.2,76.9144287109375
1748,401.4,3.12081003189087
1749,401.6,2.39560699462891
1750,401.7,1.79567551612854
1751,401.9,10.5953550338745
1752,402.1,48.9081344604492
1753,402.2,34.496166229248
1754,402.3,26.7250881195068
1755,402.5,4.47969341278076
1756,402.8,6.47717666625977
1757,403.0,21.9242649078369
1758,403.2,62.1728630065918
1759,403.3,27.0170459747314
1760,403.5,2.3093466758728
1761,403.7,1.74865579605103
1762,403.9,3.68470430374146
1763,404.1,18.1693172454834
1764,404.2,17.9987411499023
1765,404.3,29.2294940948486
1766,404.5,3.68150091171265
1767,404.6,2.6031346321106
1768,404.8,1.10662400722504
1769,405.0,7.66136598587036
1770,405.1,14.1694316864014
1771,405.3,38.5793380737305
1772,405.4,7.82153081893921
1773,405.5,3.82519173622131
1774,405.8,1.14849555492401
1775,406.0,3.93867969512939
1776,406.2,22.642032623291
1777,406.3,24.7800025939941
1778,406.5,4.44994831085205
1779,406.8,1.33234179019928
1780,406.9,1.00308883190155
1781,407.1,10.9044733047485
1782,407.3,28.724630355835
1783,407.4,8.54764938354492
1784,407.5,4.07985353469849
1785,407.7,0.433703243732452
1786,407.9,1.34137976169586
1787,408.1,8.22457408905029
1788,408.2,12.5428438186646
1789,408.3,24.9119091033936
1790,408.5,4.8420090675354
1791,408.8,1.01304197311401
1792,408.9,0.685505092144012
1793,409.1,6.79842138290405
1794,409.3,24.018533706665
1795,409.4,9.7033519744873
1796,409.5,4.37570095062256
1797,409.7,0.427983075380325
1798,409.9,1.16863059997559
1799,410.1,8.49651050567627
1800,410.3,29.1463222503662
1801,410.4,11.9359340667725
1802,410.5,7.39217472076416
1803,410.7,1.13305115699768
1804,410.9,1.13945770263672
1805,411.1,7.71799564361572
1806,411.2,11.2472257614136
1807,411.4,22.5012016296387
1808,411.5,5.21473503112793
1809,411.7,0.825878024101257
1810,412.0,2.90115547180176
1811,412.2,14.8711814880371
1812,412.3,12.5161876678467
1813,412.4,14.50257396698
1814,412.6,1.82839488983154
1815,412.9,2.43885135650635
1816,413.0,3.23509907722473
1817,413.2,17.9298706054688
1818,413.3,23.3130073547363
1819,413.5,5.02127885818481
1820,413.8,0.971742391586304
1821,414.0,3.00686430931091
1822,414.2,15.1187505722046
1823,414.3,17.6540451049805
1824,414.5,4.55874633789063
1825,414.7,1.59741449356079
1826,414.9,17.0294017791748
1827,415.1,115.567329406738
1828,415.2,108.133735656738
1829,415.4,4.12755966186523
1830,415.5,2.27285218238831
1831,415.7,1.02928721904755
1832,415.9,7.74522352218628
1833,416.1,40.6961441040039
1834,416.2,61.205810546875
1835,416.4,15.4147119522095
1836,416.7,2.01475811004639
1837,416.9,8.23464107513428
1838,417.0,13.3921747207642
1839,417.2,63.8232460021973
1840,417.3,30.6281890869141
1841,417.5,1.6358540058136
1842,417.7,1.05868887901306
1843,417.9,2.88994383811951
1844,418.1,15.7153644561768
1845,418.3,30.8026542663574
1846,418.4,7.43633460998535
1847,418.5,3.6693742275238
1848,418.7,0.739961087703705
1849,418.9,2.94474315643311
1850,419.1,15.8396062850952
1851,419.3,29.7018642425537
1852,419.4,9.33028221130371
1853,419.6,1.68939483165741
1854,419.9,1.71833884716034
1855,420.1,7.68859386444092
1856,420.3,20.1404876708984
1857,420.4,5.62235450744629
1858,420.5,4.78812503814697
1859,420.7,1.65770506858826
1860,421.0,5.39949655532837
1861,421.2,18.5541706085205
1862,421.3,10.8114633560181
1863,421.4,10.2758264541626
1864,421.6,0.933417201042175
1865,421.7,0.7430499792099
1866,422.0,2.42866945266724
1867,422.1,5.14941072463989
1868,422.3,16.1129169464111
1869,422.4,6.56011915206909
1870,422.5,3.32959604263306
1871,422.7,0.392060399055481
1872,422.9,1.60439312458038
1873,423.1,6.04496049880981
1874,423.3,14.0601758956909
1875,423.4,7.32307529449463
1876,423.6,1.14860999584198
1877,423.7,0.72394460439682
1878,424.0,2.37924718856812
1879,424.2,9.81844139099121
1880,424.4,12.9811229705811
1881,424.5,2.27891540527344
1882,424.6,1.47157073020935
1883,424.9,1.12607252597809
1884,425.1,5.15478801727295
1885,425.3,12.6779546737671
1886,425.4,7.96647977828979
1887,425.6,1.18762159347534
1888,425.9,0.863859951496124
1889,426.0,1.55325472354889
1890,426.2,8.88365173339844
1891,426.3,12.1217250823975
1892,426.5,4.17229127883911
1893,426.8,1.08202719688416
1894,427.0,2.20729899406433
1895,427.2,9.42134761810303
1896,427.3,13.2451667785645
1897,427.5,3.41196656227112
1898,427.7,0.272165656089783
1899,427.9,1.14254665374756
1900,428.0,0.893376052379608
1901,428.2,8.00583457946777
1902,428.3,10.4859857559204
1903,428.5,2.32799458503723
1904,428.8,2.60713887214661
1905,429.0,34.6463775634766
1906,429.2,165.955490112305
1907,429.3,28.8860549926758
1908,429.4,5.20844316482544
1909,429.6,0.611371695995331
1910,429.8,1.76249861717224
1911,430.0,16.1130313873291
1912,430.2,63.8803329467773
1913,430.4,52.9243812561035
1914,430.5,10.1697750091553
1915,430.6,1.99702548980713
1916,430.9,6.21370553970337
1917,431.1,35.810661315918
1918,431.2,49.5004005432129
1919,431.4,16.3371467590332
1920,431.7,1.09884452819824
1921,431.9,2.6976318359375
1922,432.1,12.3458414077759
1923,432.2,12.5553140640259
1924,432.3,17.9358196258545
1925,432.5,2.77050685882568
1926,432.6,1.62510013580322
1927,432.9,2.49696826934814
1928,433.1,13.895320892334
1929,433.2,24.8748435974121
1930,433.4,7.54398822784424
1931,433.6,1.03306257724762
1932,433.9,1.47363007068634
1933,434.1,7.2148494720459
1934,434.2,6.52762842178345
1935,434.3,11.073447227478
1936,434.5,2.70941543579102
1937,434.8,0.771422028541565
1938,435.0,2.72302937507629
1939,435.2,9.8572244644165
1940,435.3,8.99073314666748
1941,435.5,2.77050685882568
1942,435.7,0.583914875984192
1943,436.0,1.67177665233612
1944,436.1,2.3301682472229
1945,436.3,9.36105728149414
1946,436.4,3.91946005821228
1947,436.5,2.62555766105652
1948,436.7,0.719597280025482
1949,437.0,2.03958368301392
1950,437.1,2.84727144241333
1951,437.3,8.63608264923096
1952,437.4,4.82187414169312
1953,437.6,0.647294342517853
1954,437.8,0.727376759052277
1955,438.0,1.43141520023346
1956,438.2,6.04770612716675
1957,438.3,8.17846965789795
1958,438.5,2.87244033813477
1959,438.8,0.634252369403839
1960,439.0,1.27113604545593
1961,439.2,5.31632518768311
1962,439.3,4.15330076217651
1963,439.4,4.97117042541504
1964,439.6,0.627388179302216
1965,439.8,0.402013510465622
1966,439.9,0.346756666898727
1967,440.1,2.50634932518005
1968,440.2,3.19013833999634
1969,440.4,7.73035144805908
1970,440.5,1.94176864624023
1971,440.6,1.20443880558014
1972,440.8,0.353506475687027
1973,441.0,1.86477518081665
1974,441.2,5.73035144805908
1975,441.3,3.96361970901489
1976,441.4,4.80356931686401
1977,441.6,0.709300994873047
1978,441.8,0.705868899822235
1979,441.9,0.333943486213684
1980,442.1,3.02688479423523
1981,442.2,2.90767645835876
1982,442.4,6.90927791595459
1983,442.5,2.82999658584595
1984,442.8,0.979178607463837
1985,442.9,0.509667098522186
1986,443.1,3.72280049324036
1987,443.3,8.83468723297119
1988,443.4,2.82347559928894
1989,443.5,2.7012927532196
1990,443.8,0.492163360118866
1991,443.9,0.519620180130005
1992,444.1,2.98352599143982
1993,444.3,9.630934715271
1994,444.4,7.01487255096436
1995,444.6,1.34515500068665
1996,444.7,2.12858939170837
1997,445.0,4.64500617980957
1998,445.2,11.1099414825439
1999,445.3,12.3543071746826
2000,445.5,3.14758038520813
2001,445.8,0.90195631980896
2002,446.0,1.94520080089569
2003,446.1,2.71261858940125
2004,446.3,8.89280414581299
2005,446.4,3.52534031867981
2006,446.5,2.65839147567749
2007,446.8,1.2250314950943
2008,447.0,3.76982045173645
2009,447.2,9.90927791595459
2010,447.3,7.50520515441895
2011,447.5,2.2691912651062
2012,447.8,0.744880437850952
2013,448.0,1.87873244285583
2014,448.2,6.02699899673462
2015,448.3,7.5561146736145
2016,448.5,1.73652899265289
2017,448.6,1.50692141056061
2018,448.9,0.718682050704956
2019,449.1,3.82747960090637
2020,449.3,6.67978477478027
2021,449.4,3.61285901069641
2022,449.6,0.935590922832489
2023,449.9,0.682530581951141
2024,450.1,2.66948866844177
2025,450.3,5.66502666473389
2026,450.4,4.24070453643799
2027,450.6,1.04759180545807
2028,450.8,0.454639047384262
2029,451.0,1.46665143966675
2030,451.2,5.12675905227661
2031,451.3,3.01933407783508
2032,451.4,3.78423523902893
2033,451.6,0.845555424690247
2034,451.8,0.281775534152985
2035,452.0,0.955840289592743
2036,452.2,3.82153081893921
2037,452.3,2.84578418731689
2038,452.4,3.46367692947388
2039,452.6,1.07745110988617
2040,452.9,0.898409783840179
2041,453.0,0.682301819324493
2042,453.2,3.53426384925842
2043,453.3,2.24207758903503
2044,453.4,2.40876340866089
2045,453.6,0.735613763332367
2046,453.9,0.525683581829071
2047,454.1,1.87186825275421
2048,454.3,3.78537917137146
2049,454.4,3.71410584449768
2050,454.6,0.626472949981689
2051,454.9,0.629561841487885
2052,455.1,1.90355789661407
2053,455.3,4.392746925354
2054,455.4,3.11017036437988
2055,455.6,0.511611938476563
2056,455.8,0.539411962032318
2057,456.0,0.919116795063019
2058,456.1,0.956869900226593
2059,456.3,3.28246188163757
2060,456.4,2.86717772483826
2061,456.6,1.02230870723724
2062,456.9,0.664798080921173
2063,457.0,0.755519986152649
2064,457.2,3.74213480949402
2065,457.4,3.97757697105408
2066,457.5,1.26564466953278
2067,457.8,0.447431653738022
2068,458.0,0.829996585845947
2069,458.2,3.27651309967041
2070,458.4,4.01052522659302
2071,458.5,2.37627267837524
2072,458.8,2.07310366630554
2073,459.0,5.54478883743286
2074,459.2,9.92815494537354
2075,459.3,4.88971519470215
2076,459.5,1.57121610641479
2077,459.8,0.925523400306702
2078,459.9,0.888914287090302
2079,460.1,3.54181432723999
2080,460.2,3.49639630317688
2081,460.3,4.99347877502441
2082,460.5,1.25569152832031
2083,460.7,2.31621098518372
2084,460.9,10.4448003768921
2085,461.1,29.4647064208984
2086,461.2,13.6041641235352
2087,461.3,9.39789485931396
2088,461.5,0.807802319526672
2089,461.7,1.62510013580322
2090,461.9,4.37741661071777
2091,462.1,11.4043016433716
2092,462.2,6.19391393661499
2093,462.3,5.85791110992432
2094,462.5,1.14025855064392
2095,462.6,2.00274562835693
2096,462.8,1.32296073436737
2097,463.0,5.55245399475098
2098,463.2,9.42729663848877
2099,463.3,5.85550832748413
2100,463.5,0.86477518081665
2101,463.7,0.72131335735321
2102,463.9,0.977233707904816
2103,464.0,1.14346182346344
2104,464.2,4.66090822219849
2105,464.3,3.54410243034363
2106,464.5,0.939366221427917
2107,464.6,0.898638606071472
2108,464.8,0.404759168624878
2109,465.0,2.47237157821655
2110,465.2,4.83560228347778
2111,465.3,3.5175609588623
2112,465.5,1.19734585285187
2113,465.8,0.331312209367752
2114,466.0,1.14437711238861
2115,466.2,2.98787331581116
2116,466.4,3.12721657752991
2117,466.5,1.30740189552307
2118,466.8,0.400869458913803
2119,466.9,0.387827485799789
2120,467.1,1.74934220314026
2121,467.3,2.81443762779236
2122,467.4,1.82587802410126
2123,467.6,0.544445693492889
2124,467.9,0.256949990987778
2125,468.1,1.20318043231964
2126,468.3,2.64672231674194
2127,468.4,1.84155130386353
2128,468.6,0.64603590965271
2129,468.9,0.282919585704803
2130,469.0,0.444113940000534
2131,469.2,1.67028939723969
2132,469.3,1.04633331298828
2133,469.5,1.53300535678864
2134,469.7,0.407619267702103
2135,469.8,0.440567433834076
2136,470.1,0.905273973941803
2137,470.2,0.673835933208466
2138,470.3,1.96201813220978
2139,470.5,0.50875186920166
2140,470.6,0.498569965362549
2141,470.9,0.370666980743408
2142,471.1,1.0143004655838
2143,471.2,0.94268387556076
2144,471.3,2.02219414710999
2145,471.6,1.01533007621765
2146,471.8,0.391030788421631
2147,472.0,0.791671454906464
2148,472.2,1.89932501316071
2149,472.4,2.10445022583008
2150,472.5,1.32456243038177
2151,472.7,0.831140577793121
2152,473.0,2.13133502006531
2153,473.2,5.1248140335083
2154,473.3,4.3924036026001
2155,473.5,0.791785836219788
2156,473.6,0.537238299846649
2157,473.9,0.796590805053711
2158,474.0,0.700720727443695
2159,474.2,3.0597186088562
2160,474.3,1.12847495079041
2161,474.4,2.01063942909241
2162,474.7,1.49651074409485
2163,474.8,1.93376040458679
2164,475.0,21.6875648498535
2165,475.2,54.1481513977051
2166,475.3,20.2730808258057
2167,475.5,1.80093812942505
2168,475.8,1.2995080947876
2169,476.0,10.5133275985718
2170,476.2,21.7384738922119
2171,476.3,11.3531637191772
2172,476.5,1.49914193153381
2173,476.7,0.89108794927597
2174,476.9,2.97345852851868
2175,477.1,12.4490337371826
2176,477.3,14.3943481445313
2177,477.4,3.44766044616699
2178,477.6,0.831483840942383
2179,477.8,0.65999311208725
2180,478.0,2.45738482475281
2181,478.2,4.14803791046143
2182,478.3,2.12126755714417
2183,478.4,2.37592959403992
2184,478.7,0.747626125812531
2185,478.8,0.484155118465424
2186,479.0,3.21381998062134
2187,479.2,6.07356119155884
2188,479.3,2.18613433837891
2189,479.4,2.2385311126709
2190,479.6,0.272623270750046
2191,479.8,0.342752546072006
2192,479.9,0.304885029792786
2193,480.1,1.51447200775146
2194,480.3,3.44377064704895
2195,480.4,1.90847730636597
2196,480.6,0.76833313703537
2197,480.9,0.900697886943817
2198,481.0,0.831369400024414
2199,481.2,3.07138776779175
2200,481.3,2.27056407928467
2201,481.5,0.740304291248322
2202,481.8,0.189223200082779
2203,482.0,0.74819815158844
2204,482.2,1.40807688236237
2205,482.4,1.87427067756653
2206,482.5,0.593639194965363
2207,482.6,0.456011891365051
2208,482.8,0.4386225938797
2209,483.1,0.69145405292511
2210,483.3,1.47465968132019
2211,483.4,0.708156943321228
2212,483.6,0.752774298191071
2213,483.7,0.0993021428585052
2214,483.9,0.288525342941284
2215,484.1,0.825306057929993
2216,484.2,0.47706213593483
2217,484.4,1.41345381736755
2218,484.5,0.469854712486267
2219,484.6,0.358997821807861
2220,484.9,0.492163360118866
2221,485.1,0.86534720659256
2222,485.2,0.545818567276001
2223,485.4,1.28406357765198
2224,485.5,0.385196208953857
2225,485.7,0.473515629768372
2226,485.8,0.169889032840729
2227,485.9,0.403043121099472
2228,486.1,0.482324689626694
2229,486.3,1.05537128448486
2230,486.4,0.902642726898193
2231,486.7,0.396979749202728
2232,486.8,0.2362429946661
2233,487.0,0.995080649852753
2234,487.2,1.91774392127991
2235,487.4,1.63528203964233
2236,487.5,0.719597280025482
2237,487.8,0.265072643756866
2238,488.0,0.836059927940369
2239,488.2,1.44468593597412
2240,488.3,0.586317360401154
2241,488.5,1.11291611194611
2242,488.6,0.247111320495605
2243,488.8,2.0368378162384
2244,489.0,16.939136505127
2245,489.2,48.9010429382324
2246,489.3,22.3103771209717
2247,489.5,1.22972202301025
2248,489.7,0.801967740058899
2249,489.8,0.746710896492004
2250,490.0,8.40292835235596
2251,490.2,19.4348468780518
2252,490.3,7.25283145904541
2253,490.4,4.44560098648071
2254,490.7,0.763413786888123
2255,490.9,2.25122976303101
2256,491.1,13.0255117416382
2257,491.2,8.85390663146973
2258,491.3,9.15570259094238
2259,491.5,0.693398952484131
2260,491.6,0.578423500061035
2261,491.9,0.878503620624542
2262,492.1,3.31827020645142
2263,492.3,4.27022075653076
2264,492.4,1.96636545658112
2265,492.7,0.47088435292244
2266,492.9,0.907447636127472
2267,493.1,3.82381868362427
2268,493.2,2.75837993621826
2269,493.3,4.28314828872681
2270,493.5,0.800366103649139
2271,493.7,0.196888223290443
2272,493.9,0.389886736869812
2273,494.0,0.364832401275635
2274,494.2,1.98581397533417
2275,494.4,2.00846576690674
2276,494.5,0.632307529449463
2277,494.7,0.171833887696266
2278,494.8,0.670632660388947
2279,495.1,2.07356142997742
2280,495.2,2.06829881668091
2281,495.3,2.37352705001831
2282,495.5,0.511154353618622
2283,495.7,0.415856301784515
2284,495.9,0.284521222114563
2285,496.0,0.870838582515717
2286,496.2,0.656103432178497
2287,496.3,1.1710330247879
2288,496.5,0.445944398641586
2289,496.6,0.286580473184586
2290,496.9,0.411051362752914
2291,497.1,0.647866368293762
2292,497.3,1.51824736595154
2293,497.4,0.877016365528107
2294,497.6,0.445372372865677
2295,497.8,0.221256151795387
2296,498.0,0.284406810998917
2297,498.2,0.923807322978973
2298,498.4,1.21187508106232
2299,498.5,0.300766497850418
2300,498.7,0.275140136480331
2301,498.9,0.339320451021194
2302,499.0,0.242306366562843
2303,499.2,1.04438853263855
2304,499.3,1.24287843704224
2305,499.6,0.320558279752731
2306,499.7,0.0580025166273117
2307,499.9,0.225031465291977
2308,500.0,0.488616853952408
2309,500.2,0.887541472911835
2310,500.5,0.568470418453217
2311,500.6,0.283491581678391
2312,500.9,0.449376493692398
2313,501.1,0.961674869060516
2314,501.3,1.59661364555359
2315,501.5,1.19059598445892
2316,501.7,0.256263583898544
2317,501.9,0.260382115840912
2318,502.1,0.930442750453949
2319,502.2,0.377073556184769
2320,502.3,0.803340554237366
2321,502.6,0.675780832767487
2322,502.7,0.290927797555923
2323,502.9,2.66479802131653
2324,503.0,5.20318031311035
2325,503.2,17.2612972259521
2326,503.3,7.16508388519287
2327,503.4,2.78549361228943
2328,503.6,0.0575449019670486
2329,503.8,0.524768352508545
2330,504.0,3.56904244422913
2331,504.2,6.98444128036499
2332,504.3,4.90264272689819
2333,504.5,0.907104432582855
2334,504.8,0.589749455451965
2335,505.0,2.97849225997925
2336,505.2,6.50520515441895
2337,505.3,3.29252934455872
2338,505.5,0.666285336017609
2339,505.8,0.433703243732452
2340,505.9,0.402242302894592
2341,506.1,1.53048849105835
2342,506.3,2.36837887763977
2343,506.4,1.17435073852539
2344,506.6,0.156503826379776
2345,506.8,0.718453288078308
2346,507.0,1.91110861301422
2347,507.2,4.14952516555786
2348,507.3,2.08168411254883
2349,507.4,1.52431070804596
2350,507.6,0.120695576071739
2351,507.8,0.35396409034729
2352,508.0,0.765930652618408
2353,508.2,2.03695225715637
2354,508.3,1.67909848690033
2355,508.5,0.275140136480331
2356,508.7,0.355336904525757
2357,508.8,0.115204207599163
2358,509.0,0.608854830265045
2359,509.2,1.32330393791199
2360,509.3,1.45177900791168
2361,509.5,0.595012009143829
2362,509.8,0.109598442912102
2363,510.0,0.525912344455719
2364,510.2,0.684933066368103
2365,510.3,0.85756778717041
2366,510.5,0.135224804282188
2367,510.6,0.312321245670319
2368,510.9,0.351218402385712
2369,511.1,0.841665685176849
2370,511.3,1.05285441875458
2371,511.5,0.868550479412079
2372,511.6,0.326736062765121
2373,511.9,0.213705524802208
2374,512.0,0.233497306704521
2375,512.2,0.71055942773819
2376,512.3,0.651069700717926
2377,512.5,0.322388738393784
2378,512.8,0.168058574199677
2379,513.0,0.36094269156456
2380,513.2,0.666971743106842
2381,513.3,0.595698416233063
2382,513.5,0.510239124298096
2383,513.7,0.169660225510597
2384,514.0,0.221484959125519
2385,514.2,0.570300877094269
2386,514.4,0.468825072050095
2387,514.6,0.385882616043091
2388,514.7,0.134309574961662
2389,514.8,0.257064402103424
2390,515.1,0.790870606899261
2391,515.2,0.492048978805542
2392,515.4,0.499942809343338
2393,515.5,0.372726231813431
2394,515.7,0.242649585008621
2395,515.9,0.158105477690697
2396,516.0,0.420890063047409
2397,516.2,0.274911344051361
2398,516.4,0.495481073856354
2399,516.6,0.327308088541031
2400,516.7,0.255920380353928
2401,517.0,0.451893389225006
2402,517.2,0.739961087703705
2403,517.4,0.544560134410858
2404,517.5,0.134767189621925
2405,517.6,0.179956525564194
2406,517.9,0.190939247608185
2407,518.1,0.404072761535645
2408,518.2,0.325134426355362
2409,518.3,0.703352034091949
2410,518.5,0.121038779616356
2411,518.6,0.311978042125702
2412,518.9,0.804827809333801
2413,519.1,2.08523058891296
2414,519.2,2.26404309272766
2415,519.4,0.839949667453766
2416,519.5,0.695686995983124
2417,519.7,0.0572016946971416
2418,519.9,0.548564255237579
2419,520.1,1.07287490367889
2420,520.2,0.581626832485199
2421,520.4,1.02848649024963
2422,520.5,0.247912138700485
2423,520.7,0.53506463766098
2424,520.8,0.31552454829216
2425,521.0,2.05926084518433
2426,521.2,3.15044045448303
2427,521.3,1.71204662322998
2428,521.6,0.484955966472626
2429,521.7,0.174465164542198
2430,521.9,0.719711720943451
2431,522.1,1.28005945682526
2432,522.3,1.60324907302856
2433,522.4,0.241047933697701
2434,522.5,0.33405789732933
2435,522.8,0.440338641405106
2436,522.9,0.298364043235779
2437,523.1,1.15867745876312
2438,523.2,0.731495261192322
2439,523.3,1.11291611194611
2440,523.5,0.43244481086731
2441,523.8,0.132364720106125
2442,524.0,0.469625890254974
2443,524.2,0.573504149913788
2444,524.3,0.834687113761902
2445,524.6,0.436563313007355
2446,524.7,0.0654387399554253
2447,524.9,0.349159121513367
2448,525.1,1.14735150337219
2449,525.2,0.602105021476746
2450,525.4,1.01567327976227
2451,525.5,0.417343556880951
2452,525.8,0.117835484445095
2453,526.0,0.457613557577133
2454,526.1,0.334744304418564
2455,526.3,0.633222758769989
2456,526.4,0.723830223083496
2457,526.6,0.261068522930145
2458,526.9,0.197574645280838
2459,527.1,0.404530376195908
2460,527.3,0.904702007770538
2461,527.4,0.553826808929443
2462,527.6,0.0996453464031219
2463,527.8,0.1147465929389
2464,528.0,0.236586198210716
2465,528.1,0.18945200741291
2466,528.2,0.524653911590576
2467,528.4,0.423521339893341
2468,528.7,0.197231441736221
2469,528.9,0.307401895523071
2470,529.0,0.125843718647957
2471,529.2,0.52167946100235
2472,529.4,0.516073703765869
2473,529.5,0.179155707359314
2474,529.7,0.144377067685127
2475,529.8,0.0268847960978746
2476,530.0,0.15856309235096
2477,530.1,0.0578881129622459
2478,530.3,0.534721434116364
2479,530.4,0.515616059303284
2480,530.6,0.233726114034653
2481,530.8,0.155130997300148
2482,531.0,0.255462765693665
2483,531.2,0.572131335735321
2484,531.4,0.668458998203278
2485,531.5,0.0383251346647739
2486,531.7,0.160050332546234
2487,531.8,0.113030545413494
2488,532.0,0.190024018287659
2489,532.1,0.12092437595129
2490,532.3,0.438508182764053
2491,532.4,0.251344233751297
2492,532.7,0.364717990159988
2493,532.8,0.364489197731018
2494,533.0,0.779201447963715
2495,533.2,1.57602107524872
2496,533.3,0.872897863388062
2497,533.6,0.263356596231461
2498,533.8,0.355108112096786
2499,533.9,0.336917966604233
2500,534.1,0.742935597896576
2501,534.3,0.777370989322662
2502,534.4,0.22869236767292
2503,534.6,0.567784011363983
2504,534.8,1.91762959957123
2505,535.0,7.90744781494141
2506,535.2,13.5969572067261
2507,535.3,4.13144969940186
2508,535.4,2.08351445198059
2509,535.7,0.652099311351776
2510,535.9,1.53803908824921
2511,536.1,4.26656007766724
2512,536.2,4.62201118469238
2513,536.4,1.31323647499084
2514,536.6,0.162796020507813
2515,536.8,0.963276505470276
2516,537.0,2.48015093803406
2517,537.2,3.41642832756042
2518,537.3,1.43759298324585
2519,537.4,0.868550479412079
2520,537.7,0.257064402103424
2521,537.9,0.693627715110779
2522,538.1,1.10879766941071
2523,538.3,1.35259127616882
2524,538.5,0.641574203968048
2525,538.7,0.245166450738907
2526,538.9,0.436906546354294
2527,539.0,0.53563666343689
2528,539.1,1.29893600940704
2529,539.3,0.630248248577118
2530,539.4,0.657705068588257
2531,539.6,0.086946576833725
2532,539.8,0.201349958777428
2533,539.9,0.258894860744476
2534,540.1,0.618007063865662
2535,540.2,0.433131217956543
2536,540.3,0.685962677001953
2537,540.5,0.523853123188019
2538,540.7,0.0487358421087265
2539,540.9,0.345155030488968
2540,541.1,0.409792929887772
2541,541.2,0.327422499656677
2542,541.4,0.498569965362549
2543,541.5,0.305342644453049
2544,541.7,0.22869236767292
2545,541.9,0.149639636278152
2546,542.1,0.452236592769623
2547,542.2,0.45200777053833
2548,542.4,0.398810207843781
2549,542.6,0.201693177223206
2550,542.8,0.0924379378557205
2551,543.0,0.239560693502426
2552,543.1,0.201921969652176
2553,543.3,0.414369076490402
2554,543.5,0.368607699871063
2555,543.6,0.159135103225708
2556,543.9,0.0716165229678154
2557,544.1,0.350074350833893
2558,544.2,0.242878392338753
2559,544.4,0.303283363580704
2560,544.7,0.1147465929389
2561,544.9,0.22331540286541
2562,545.0,0.0943827927112579
2563,545.2,0.355336904525757
2564,545.3,0.451550155878067
2565,545.6,0.250886619091034
2566,545.7,0.12172520160675
2567,545.9,0.216107994318008
2568,546.0,0.0351218394935131
2569,546.2,0.310833990573883
2570,546.4,0.358654618263245
2571,546.6,0.220340922474861
2572,546.7,0.0205926094204187
2573,546.9,0.373069435358047
2574,547.0,0.275025755167007
2575,547.1,1.08168399333954
2576,547.3,0.908591687679291
2577,547.5,0.265187054872513
2578,547.7,0.0561720617115498
2579,547.9,0.395263701677322
2580,548.1,0.329824954271317
2581,548.3,0.522937893867493
2582,548.4,0.456698328256607
2583,548.7,0.535751044750214
2584,548.9,2.95492506027222
2585,549.0,4.81432342529297
2586,549.2,22.141975402832
2587,549.3,9.17961311340332
2588,549.4,5.58254194259644
2589,549.6,0.638485312461853
2590,549.9,1.35041761398315
