#"+ Scan (rt: 0.088-65.997 min, 11533 scans) 180221_WC_1.D "
#Point,X(Thompsons),Y(Counts)
0,50.2,3093.09448242188
1,50.3,16.1441078186035
2,50.8,0.0150871416553855
3,51.0,4.03919172286987
4,51.2,3698.88696289063
5,51.3,21.7618141174316
6,51.5,0.0225440040230751
7,51.8,0.0291337892413139
8,52.0,9.73866271972656
9,52.2,2078.87036132813
10,52.3,38.7443008422852
11,52.6,0.0986733734607697
12,52.8,0.0821122005581856
13,53.0,9.23124980926514
14,53.2,1766.41345214844
15,53.3,24.9330615997314
16,53.6,0.0330356359481812
17,53.7,0.0160409267991781
18,53.9,0.293678998947144
19,54.1,193.862823486328
20,54.2,621.030151367188
21,54.4,0.786092102527618
22,54.6,0.0150004336610436
23,54.9,0.235151305794716
24,55.1,199.248672485352
25,55.2,1559.82385253906
26,55.4,0.429636687040329
27,55.7,0.0376311466097832
28,55.9,0.571837365627289
29,56.1,122.940521240234
30,56.2,464.786956787109
31,56.4,1.97641551494598
32,56.8,0.0285268351435661
33,57.0,6.80213308334351
34,57.2,652.318054199219
35,57.3,105.597068786621
36,57.6,11.5576171875
37,57.8,8.72843170166016
38,58.0,44.131275177002
39,58.1,778.591674804688
40,58.3,17.1840801239014
41,58.4,2.34501004219055
42,58.7,0.381167083978653
43,58.9,3.8346483707428
44,59.1,145.891525268555
45,59.2,189.498748779297
46,59.4,1.78418445587158
47,59.6,0.0296540353447199
48,59.8,0.213127553462982
49,60.0,18.6306247711182
50,60.2,3770.490234375
51,60.3,10.7271308898926
52,60.5,0.0365039445459843
53,60.8,0.161276340484619
54,61.0,18.9224834442139
55,61.2,828.796752929688
56,61.3,13.2556142807007
57,61.6,0.0308679435402155
58,61.8,0.094511404633522
59,62.0,11.3067722320557
60,62.2,1391.82336425781
61,62.3,13.9462413787842
62,62.6,0.0574005022644997
63,63.0,9.4796667098999
64,63.2,2778.55883789063
65,63.3,21.5357666015625
66,63.5,0.0462152101099491
67,63.8,0.0232376661151648
68,64.0,46.2247467041016
69,64.1,3859.60888671875
70,64.3,0.510968506336212
71,65.0,8.5525016784668
72,65.2,3994.2841796875
73,65.3,37.4501876831055
74,65.7,0.013786525465548
75,65.9,0.97485476732254
76,66.1,292.945281982422
77,66.2,3735.53173828125
78,66.4,0.586577653884888
79,66.9,1.24000692367554
80,67.1,157.484008789063
81,67.2,760.79443359375
82,67.4,0.980230629444122
83,67.6,0.0591346584260464
84,67.8,0.13257609307766
85,68.0,14.8845920562744
86,68.2,561.120788574219
87,68.3,29.8253707885742
88,68.5,0.235238015651703
89,68.8,0.197606861591339
90,69.0,12.1180095672607
91,69.2,713.152587890625
92,69.3,67.8330001831055
93,69.5,14.0363302230835
94,69.7,3.47134304046631
95,69.9,9.97945022583008
96,70.1,120.413505554199
97,70.2,210.478622436523
98,70.4,8.61336994171143
99,70.6,0.388363838195801
100,70.8,1.18373358249664
101,71.0,22.8867588043213
102,71.2,285.193450927734
103,71.3,44.0819396972656
104,71.5,0.267666697502136
105,71.8,0.485563158988953
106,71.9,3.19075703620911
107,72.1,88.9275131225586
108,72.2,146.10725402832
109,72.4,3.31275463104248
110,72.6,0.143414556980133
111,72.8,0.214774996042252
112,72.9,0.222231850028038
113,73.1,273.347351074219
114,73.2,1437.23547363281
115,73.4,0.449319332838058
116,73.8,0.0528049953281879
117,74.0,15.8560647964478
118,74.2,1472.44604492188
119,74.3,18.7031135559082
120,74.5,0.014046648517251
121,74.8,0.0466487482190132
122,75.0,15.322639465332
123,75.2,938.111389160156
124,75.3,26.4222660064697
125,75.6,0.141160145401955
126,75.9,2.00164747238159
127,76.1,471.504638671875
128,76.2,892.800659179688
129,76.4,1.07352817058563
130,77.0,2.62923789024353
131,77.2,4962.07861328125
132,77.3,16.3121471405029
133,77.7,0.0287869591265917
134,77.9,0.38454869389534
135,78.1,254.180358886719
136,78.2,7477.03515625
137,78.4,1.31682991981506
138,78.6,0.0215035118162632
139,79.0,7.59949731826782
140,79.2,3807.4697265625
141,79.3,4.21182680130005
142,79.5,0.0195092335343361
143,79.8,0.131015345454216
144,80.0,29.6529960632324
145,80.2,772.828735351563
146,80.3,34.2770309448242
147,80.5,0.0187288653105497
148,80.7,0.0135264024138451
149,81.0,11.0025148391724
150,81.2,1535.5068359375
151,81.3,13.560564994812
152,81.5,0.273996353149414
153,81.8,0.751322269439697
154,82.0,34.9471092224121
155,82.1,209.441253662109
156,82.2,454.281890869141
157,82.4,8.55310821533203
158,82.6,1.21824336051941
159,82.8,3.38099360466003
160,83.0,44.7340660095215
161,83.2,295.107940673828
162,83.3,42.0629501342773
163,83.5,0.618832886219025
164,83.7,0.125379338860512
165,83.9,4.0587010383606
166,84.1,808.813171386719
167,84.2,197.526489257813
168,84.4,2.56125903129578
169,84.6,0.14783664047718
170,84.8,0.54192316532135
171,85.0,43.4849548339844
172,85.2,383.817321777344
173,85.3,27.0300006866455
174,85.5,0.381080389022827
175,85.7,0.0957253128290176
176,85.9,3.40769958496094
177,86.1,187.113327026367
178,86.2,202.37336730957
179,86.4,1.09468483924866
180,86.6,0.0463886223733425
181,86.8,0.336946159601212
182,87.0,27.2814540863037
183,87.2,295.270172119141
184,87.3,18.3829021453857
185,87.5,0.194138556718826
186,87.8,0.782103538513184
187,88.0,22.2830142974854
188,88.2,127.434494018555
189,88.3,16.1081237792969
190,88.4,2.67640686035156
191,88.6,0.0759559497237206
192,88.8,0.778028249740601
193,88.9,3.51695132255554
194,89.1,221.134140014648
195,89.2,1144.97509765625
196,89.4,1.10153472423553
197,89.7,0.217636346817017
198,89.9,3.78817296028137
199,90.1,114.431976318359
200,90.2,924.5400390625
201,90.4,5.49059200286865
202,90.6,0.121043957769871
203,90.8,0.0417931154370308
204,91.0,11.4102144241333
205,91.2,5997.0615234375
206,91.3,34.5459098815918
207,91.6,0.0279198829084635
208,91.8,0.195439174771309
209,92.0,20.6099891662598
210,92.1,208.890060424805
211,92.2,2586.56787109375
212,92.4,1.32211911678314
213,92.6,0.0881817415356636
214,92.9,1.54938006401062
215,93.1,199.238098144531
216,93.2,651.189819335938
217,93.4,2.29376578330994
218,93.6,0.130581811070442
219,93.9,1.19197082519531
220,94.1,637.707824707031
221,94.2,10477.8515625
222,94.4,1.70562732219696
223,94.6,0.365473002195358
224,94.9,9.94927597045898
225,95.1,296.666687011719
226,95.2,1019.54345703125
227,95.4,2.71325755119324
228,95.6,0.0380646847188473
229,95.8,0.404751569032669
230,96.0,51.0122261047363
231,96.2,791.273559570313
232,96.3,25.5104484558105
233,96.5,0.0430070236325264
234,96.7,0.887626826763153
235,96.9,17.8887538909912
236,97.1,924.168823242188
237,97.2,243.938003540039
238,97.4,2.13379001617432
239,97.7,0.453828155994415
240,97.9,5.49614143371582
241,98.1,459.972076416016
242,98.2,216.63037109375
243,98.4,1.87574779987335
244,98.7,0.384635388851166
245,98.9,5.21494817733765
246,99.1,140.075698852539
247,99.2,102.983177185059
248,99.4,1.41437613964081
249,99.6,0.0720541030168533
250,99.8,0.593427538871765
251,100.0,18.2239665985107
252,100.2,95.0706634521484
253,100.3,11.2968006134033
254,100.5,0.347524493932724
255,100.7,0.327408313751221
256,100.9,4.52267408370972
257,101.1,78.7697067260742
258,101.2,96.9529190063477
259,101.4,2.32576084136963
260,101.6,0.0768230259418488
261,101.8,0.707534909248352
262,102.0,21.2785911560059
263,102.2,454.138122558594
264,102.3,24.4063129425049
265,102.5,0.491632699966431
266,102.8,0.440995395183563
267,103.0,35.9269065856934
268,103.2,937.848266601563
269,103.3,25.2850952148438
270,103.5,0.105003036558628
271,103.7,0.160149142146111
272,103.9,3.94424700737
273,104.1,185.192398071289
274,104.2,479.171508789063
275,104.4,2.01031827926636
276,104.6,0.0300875753164291
277,104.8,0.0726610571146011
278,105.0,16.7900810241699
279,105.2,1699.11389160156
280,105.3,19.4205322265625
281,105.5,0.0131795713678002
282,105.7,0.0180352032184601
283,105.9,4.25162553787231
284,106.1,135.580413818359
285,106.2,676.366455078125
286,106.4,4.38723659515381
287,106.6,0.416457116603851
288,106.9,1.90323424339294
289,107.1,220.390274047852
290,107.2,5627.58203125
291,107.4,1.06338334083557
292,107.6,0.0834995210170746
293,107.9,3.37032866477966
294,108.1,183.295852661133
295,108.2,4158.8466796875
296,108.4,1.4140293598175
297,108.6,0.220757827162743
298,108.9,2.28136658668518
299,109.1,187.296020507813
300,109.2,633.106628417969
301,109.4,1.86950492858887
302,109.5,0.267319858074188
303,109.8,0.240700602531433
304,110.0,18.4060516357422
305,110.2,2094.76953125
306,110.3,15.7328538894653
307,110.6,0.085493803024292
308,110.8,0.440908700227737
309,111.0,27.8337821960449
310,111.1,324.898712158203
311,111.2,248.600021362305
312,111.4,1.59290730953217
313,111.7,0.282060176134109
314,111.9,3.67970180511475
315,112.1,130.251358032227
316,112.2,135.73779296875
317,112.4,1.71351778507233
318,112.6,0.16370415687561
319,112.8,0.656203925609589
320,113.0,23.664701461792
321,113.2,185.104217529297
322,113.3,16.0626029968262
323,113.5,0.216249018907547
324,113.8,0.498135775327682
325,114.0,16.9375705718994
326,114.2,117.659149169922
327,114.3,17.1761035919189
328,114.5,0.231249451637268
329,114.6,0.215381950139999
330,114.9,1.99054884910583
331,115.1,239.629928588867
332,115.2,1088.55981445313
333,115.4,0.455302178859711
334,115.6,0.0169080030173063
335,115.8,0.489898562431335
336,116.0,17.0697994232178
337,116.2,388.463806152344
338,116.3,23.4703884124756
339,116.5,0.252579540014267
340,116.7,0.109251715242863
341,116.9,3.2783317565918
342,117.1,148.342239379883
343,117.2,425.744384765625
344,117.4,1.14315438270569
345,117.6,0.16535159945488
346,117.8,0.555276155471802
347,118.0,20.6864643096924
348,118.2,1080.48986816406
349,118.3,26.2243137359619
350,118.5,0.684904217720032
351,118.7,0.137778550386429
352,118.9,2.73857617378235
353,119.1,237.02912902832
354,119.2,530.990539550781
355,119.4,0.80317348241806
356,119.5,0.303216844797134
357,119.8,0.887193262577057
358,120.0,22.7238368988037
359,120.2,601.957153320313
360,120.3,35.5087127685547
361,120.5,0.160929501056671
362,120.7,0.0814185366034508
363,121.0,21.3745765686035
364,121.2,1446.56115722656
365,121.3,12.828405380249
366,121.4,0.142027229070663
367,121.7,0.0295673292130232
368,121.9,2.03190851211548
369,122.1,308.975891113281
370,122.2,1121.01123046875
371,122.4,0.620133519172668
372,122.8,0.339373975992203
373,122.9,2.36842107772827
374,123.1,224.166137695313
375,123.2,364.612060546875
376,123.4,1.11367380619049
377,123.5,0.116448454558849
378,123.8,0.293765723705292
379,124.0,17.058874130249
380,124.2,564.191040039063
381,124.3,16.5575313568115
382,124.5,0.212520599365234
383,124.8,0.648400247097015
384,124.9,4.49657487869263
385,125.1,121.145668029785
386,125.2,117.562385559082
387,125.4,2.28665566444397
388,125.7,0.418017864227295
389,125.9,4.42859601974487
390,126.1,256.887115478516
391,126.2,233.441345214844
392,126.4,1.57990109920502
393,126.7,0.29732072353363
394,126.9,2.84938859939575
395,127.1,142.206024169922
396,127.2,353.924133300781
397,127.4,1.17254829406738
398,127.5,0.322552680969238
399,127.7,0.0878349095582962
400,127.9,2.36339211463928
401,128.1,231.533432006836
402,128.2,1680.24462890625
403,128.4,0.919101715087891
404,128.6,0.149830922484398
405,128.7,0.0645972415804863
406,128.9,2.40284395217896
407,129.1,132.494934082031
408,129.2,534.627319335938
409,129.3,25.8601398468018
410,129.5,0.127720460295677
411,129.8,0.201335296034813
412,130.0,20.0724010467529
413,130.2,218.600357055664
414,130.3,23.0696258544922
415,130.5,0.201768830418587
416,130.8,0.235844969749451
417,131.0,17.9775428771973
418,131.2,1631.85021972656
419,131.3,22.6940078735352
420,131.5,0.045694962143898
421,131.7,0.122517995536327
422,131.9,2.54105615615845
423,132.1,147.426254272461
424,132.2,939.091369628906
425,132.3,21.7866992950439
426,132.5,0.29983526468277
427,132.8,0.156594127416611
428,133.0,34.8544158935547
429,133.2,825.251342773438
430,133.3,22.542444229126
431,133.4,0.416977375745773
432,133.6,0.0515043772757053
433,133.8,0.858839869499207
434,134.0,34.5743522644043
435,134.2,1103.28869628906
436,134.3,18.733980178833
437,134.4,1.24729037284851
438,134.8,0.051677793264389
439,135.0,12.6190061569214
440,135.2,750.879211425781
441,135.3,19.6838645935059
442,135.4,0.444463700056076
443,135.6,0.0564467199146748
444,135.9,2.80412721633911
445,136.1,240.800750732422
446,136.2,371.378051757813
447,136.4,0.939911544322968
448,136.7,0.0599150247871876
449,136.9,2.68663835525513
450,137.1,246.46354675293
451,137.2,193.426162719727
452,137.4,0.286829113960266
453,137.6,0.0757825374603271
454,137.7,0.018555449321866
455,137.9,3.07786345481873
456,138.1,142.824249267578
457,138.2,159.906875610352
458,138.4,1.10136127471924
459,138.6,0.0773432776331902
460,138.8,0.289170205593109
461,139.0,27.4098682403564
462,139.2,689.425903320313
463,139.3,14.8286657333374
464,139.5,0.0155206797644496
465,139.7,0.0296540353447199
466,139.9,2.11376047134399
467,140.1,97.1723785400391
468,140.2,117.855979919434
469,140.4,0.883378148078918
470,140.7,0.028613543137908
471,140.9,1.60730075836182
472,141.1,111.267143249512
473,141.2,596.32470703125
474,141.4,0.642243981361389
475,141.6,0.0452614240348339
476,141.8,0.19023671746254
477,142.0,16.6563777923584
478,142.2,528.592590332031
479,142.3,11.2921180725098
480,142.5,0.195612594485283
481,142.8,0.14948408305645
482,143.0,10.5189456939697
483,143.2,213.657852172852
484,143.3,20.5694103240967
485,143.6,0.11670857667923
486,143.8,0.178704589605331
487,144.0,13.6430244445801
488,144.2,535.166625976563
489,144.3,20.5693225860596
490,144.6,0.228648230433464
491,144.7,0.0783837661147118
492,144.9,1.9712997674942
493,145.1,185.140640258789
494,145.2,603.866027832031
495,145.4,0.770744800567627
496,145.5,0.061822596937418
497,145.9,1.47481143474579
498,146.1,133.560211181641
499,146.2,483.500640869141
500,146.3,17.6449317932129
501,146.5,0.0651174858212471
502,146.9,0.68299663066864
503,147.1,494.791046142578
504,147.2,900.388610839844
505,147.4,0.15061129629612
506,147.6,0.0560998879373074
507,147.9,1.59065294265747
508,148.1,256.270538330078
509,148.2,532.726623535156
510,148.4,1.63868892192841
511,148.8,0.0475158244371414
512,149.0,17.7020721435547
513,149.1,1001.63775634766
514,149.3,4.45764350891113
515,149.6,0.0331223458051682
516,149.8,0.0695395842194557
517,150.0,29.9416465759277
518,150.2,443.154602050781
519,150.3,15.7146453857422
520,150.6,0.113500386476517
521,150.8,0.0797710940241814
522,151.0,28.6689491271973
523,151.2,581.880676269531
524,151.3,8.20671081542969
525,151.8,0.165785133838654
526,152.0,19.1326637268066
527,152.2,561.793884277344
528,152.3,18.9211826324463
529,152.5,0.088441863656044
530,152.7,0.151304945349693
531,152.9,3.03346920013428
532,153.1,194.18815612793
533,153.2,324.881378173828
534,153.4,0.345877051353455
535,153.7,0.0347697921097279
536,153.9,2.33876705169678
537,154.1,85.4880752563477
538,154.2,304.309448242188
539,154.4,1.23133611679077
540,154.5,0.314922392368317
541,154.8,0.495361149311066
542,155.0,32.5295257568359
543,155.2,390.958892822266
544,155.3,16.7895603179932
545,155.5,0.0456082560122013
546,155.8,0.342582166194916
547,156.0,16.6797008514404
548,156.2,273.959594726563
549,156.3,13.0157804489136
550,156.5,0.0607821047306061
551,156.7,0.0874880775809288
552,156.9,1.7203676700592
553,157.1,96.3130111694336
554,157.2,277.106811523438
555,157.4,0.952657580375671
556,157.7,0.0866210013628006
557,157.9,1.82407009601593
558,158.1,115.186767578125
559,158.2,337.525970458984
560,158.3,16.9740753173828
561,158.6,0.15468655526638
562,158.7,0.0440475158393383
563,158.9,2.05757403373718
564,159.1,104.190757751465
565,159.2,196.447937011719
566,159.4,1.01413333415985
567,159.5,0.128414109349251
568,159.7,0.0762160792946815
569,159.9,2.93366861343384
570,160.1,169.425827026367
571,160.2,284.074920654297
572,160.4,0.872279524803162
573,160.6,0.0344229601323605
574,160.8,0.848088085651398
575,161.0,30.258129119873
576,161.1,145.068237304688
577,161.2,250.803787231445
578,161.4,0.638515591621399
579,161.6,0.061735887080431
580,161.8,0.409260392189026
581,162.0,23.4175834655762
582,162.2,390.959259033203
583,162.3,11.8759212493896
584,162.5,0.242174625396729
585,162.8,0.463712811470032
586,162.9,6.29974842071533
587,163.1,228.960891723633
588,163.2,144.927429199219
589,163.4,0.394433379173279
590,163.7,0.205497264862061
591,163.9,3.13422346115112
592,164.1,123.800743103027
593,164.2,125.791030883789
594,164.4,1.36738061904907
595,164.6,0.113587096333504
596,164.8,0.247203677892685
597,165.0,28.0042495727539
598,165.2,527.829711914063
599,165.3,20.1232986450195
600,165.5,0.11532124876976
601,165.7,0.0192491114139557
602,165.9,1.74707365036011
603,166.1,383.973205566406
604,166.2,366.830047607422
605,166.4,0.136044397950172
606,166.7,0.0193358194082975
607,166.9,3.50091052055359
608,167.1,103.95491027832
609,167.2,165.871246337891
610,167.4,0.882857859134674
611,167.6,0.0167345870286226
612,167.8,0.205930814146996
613,168.0,14.4951877593994
614,168.2,1078.41564941406
615,168.3,13.4895515441895
616,168.4,0.796410322189331
617,168.6,0.0781236439943314
618,168.9,1.17671036720276
619,169.1,66.6012344360352
620,169.2,270.503784179688
621,169.4,0.613890588283539
622,169.6,0.132836207747459
623,169.8,0.125032514333725
624,170.0,10.2562208175659
625,170.2,253.418792724609
626,170.3,18.444637298584
627,170.5,0.100927770137787
628,170.8,0.279198825359344
629,171.0,15.1890230178833
630,171.2,215.771530151367
631,171.3,15.1617097854614
632,171.6,0.0307812355458736
633,171.8,0.0756958276033401
634,172.0,9.79883766174316
635,172.2,193.851470947266
636,172.3,17.3942604064941
637,172.5,0.0861874595284462
638,172.7,0.041186161339283
639,172.9,1.72661054134369
640,173.1,75.0254898071289
641,173.2,105.547729492188
642,173.4,0.600710988044739
643,173.6,0.047168992459774
644,173.8,0.338160067796707
645,174.0,15.4806203842163
646,174.2,227.105697631836
647,174.3,12.1035289764404
648,174.5,0.0421399474143982
649,174.8,0.215988904237747
650,175.0,14.4478454589844
651,175.2,151.942947387695
652,175.3,13.2604703903198
653,175.5,0.282667130231857
654,175.7,0.0454348400235176
655,175.9,3.37951970100403
656,176.1,189.477416992188
657,176.2,222.378311157227
658,176.4,1.1107257604599
659,176.7,0.0582675784826279
660,176.9,5.56195259094238
661,177.1,174.450973510742
662,177.2,113.820083618164
663,177.4,0.695569217205048
664,177.8,0.500216782093048
665,178.0,24.0491638183594
666,178.2,471.680755615234
667,178.3,15.7779417037964
668,178.4,1.12832736968994
669,178.6,0.251365631818771
670,178.9,3.54044914245605
671,179.1,149.340591430664
672,179.2,210.231506347656
673,179.4,0.335298717021942
674,179.6,0.11670857667923
675,179.8,0.368247628211975
676,180.0,21.4392604827881
677,180.2,207.13395690918
678,180.3,20.8943901062012
679,180.5,0.112373188138008
680,180.7,0.0267059747129679
681,180.9,1.88788688182831
682,181.1,112.951873779297
683,181.2,403.644073486328
684,181.3,15.9018468856812
685,181.5,0.0651174858212471
686,181.8,0.123211652040482
687,182.0,9.42850971221924
688,182.2,413.746307373047
689,182.3,17.0272254943848
690,182.5,0.110292203724384
691,182.7,0.0178617872297764
692,182.9,1.31327497959137
693,183.1,52.1716804504395
694,183.2,146.88996887207
695,183.4,1.06251621246338
696,183.7,0.092950664460659
697,183.9,1.17974507808685
698,184.1,154.001037597656
699,184.2,296.217193603516
700,184.4,0.628110647201538
701,184.7,0.102315098047256
702,184.9,0.978930056095123
703,185.1,72.1064758300781
704,185.2,98.3077239990234
705,185.4,0.507153391838074
706,185.7,0.0902627259492874
707,185.9,1.34709095954895
708,186.1,75.1717681884766
709,186.2,99.2060165405273
710,186.4,0.826151072978973
711,186.6,0.053151823580265
712,186.8,0.245903059840202
713,187.0,13.222318649292
714,187.2,117.410041809082
715,187.3,11.2163352966309
716,187.5,0.0614757649600506
717,187.7,0.0282667130231857
718,187.9,1.33946073055267
719,188.1,65.3366012573242
720,188.2,68.465446472168
721,188.3,12.5522413253784
722,188.5,0.110639035701752
723,188.7,0.0561865940690041
724,188.9,2.53403282165527
725,189.1,94.8397674560547
726,189.2,135.353164672852
727,189.4,0.593600988388062
728,189.6,0.0428336076438427
729,189.8,0.22630712389946
730,190.0,14.2519721984863
731,190.2,157.570877075195
732,190.3,11.9844789505005
733,190.5,0.0645105317234993
734,190.7,0.08826844394207
735,190.9,4.26610612869263
736,191.1,381.339294433594
737,191.2,156.582336425781
738,191.4,0.992889940738678
739,191.7,0.436053067445755
740,191.9,19.2771186828613
741,192.1,179.584320068359
742,192.2,121.58129119873
743,192.4,1.13335645198822
744,192.7,0.122864820063114
745,192.9,4.3909649848938
746,193.1,422.237670898438
747,193.2,277.161895751953
748,193.3,10.4151563644409
749,193.5,0.130755230784416
750,193.8,0.527876555919647
751,194.0,31.9842185974121
752,194.2,319.630096435547
753,194.3,14.944073677063
754,194.6,0.0934709087014198
755,194.8,0.18884938955307
756,195.0,23.6489200592041
757,195.2,258.933746337891
758,195.3,13.3466577529907
759,195.4,0.342928975820541
760,195.8,0.252492845058441
761,196.0,10.3085060119629
762,196.2,248.828750610352
763,196.3,15.0117921829224
764,196.4,1.2232723236084
765,196.7,0.142287343740463
766,196.9,2.46093821525574
767,197.1,118.60279083252
768,197.2,170.375442504883
769,197.4,0.443336516618729
770,197.8,0.250671982765198
771,198.0,11.6763200759888
772,198.2,267.212860107422
773,198.3,17.4801006317139
774,198.5,0.033729299902916
775,198.9,1.16249024868011
776,199.1,42.2673187255859
777,199.2,61.1248588562012
778,199.4,1.09988725185394
779,199.6,0.0858406275510788
780,199.8,0.12572617828846
781,200.0,13.8427991867065
782,200.2,131.508804321289
783,200.3,12.4798402786255
784,200.5,0.102141678333282
785,200.8,0.260556668043137
786,201.0,10.3942604064941
787,201.2,63.8095016479492
788,201.3,9.78470516204834
789,201.5,0.222838804125786
790,201.7,0.0165611729025841
791,201.9,1.18754875659943
792,202.1,61.3185653686523
793,202.2,108.275382995605
794,202.3,13.4184513092041
795,202.5,0.100494235754013
796,202.8,0.492673188447952
797,203.0,18.3908786773682
798,203.2,120.645454406738
799,203.3,15.6679964065552
800,203.6,0.0321685597300529
801,203.7,0.0130061563104391
802,203.9,1.28067290782928
803,204.1,41.1534729003906
804,204.2,68.7724761962891
805,204.4,1.10118794441223
806,204.6,0.0438740998506546
807,204.9,2.444983959198
808,205.1,63.4551277160645
809,205.2,75.2336807250977
810,205.4,0.662533581256866
811,205.7,0.122864820063114
812,205.9,2.18581461906433
813,206.1,28.8334350585938
814,206.2,51.1799201965332
815,206.4,0.922830164432526
816,206.8,0.208098500967026
817,207.0,21.8795623779297
818,207.2,3941.75732421875
819,207.3,10.1160144805908
820,207.8,0.103875838220119
821,208.0,16.1976928710938
822,208.2,929.211853027344
823,208.3,12.4511404037476
824,208.5,0.0262724347412586
825,208.6,0.0491632707417011
826,208.9,1.22448623180389
827,209.1,339.618499755859
828,209.2,335.338348388672
829,209.4,0.238359495997429
830,209.6,0.0299141593277454
831,209.9,1.5272696018219
832,210.0,15.8160924911499
833,210.2,234.896041870117
834,210.3,21.0083236694336
835,210.5,0.153819471597672
836,210.8,0.154599845409393
837,211.0,25.2000350952148
838,211.1,195.239654541016
839,211.2,194.677627563477
840,211.4,0.177317261695862
841,211.9,2.41706418991089
842,212.1,80.7521057128906
843,212.2,108.741348266602
844,212.4,1.32168555259705
845,212.6,0.0534986555576324
846,212.9,1.34388279914856
847,213.1,130.084884643555
848,213.2,131.644241333008
849,213.4,0.142200648784637
850,213.7,0.0171681270003319
851,213.9,2.08861517906189
852,214.1,50.8291854858398
853,214.2,57.7907752990723
854,214.4,1.23541140556335
855,214.7,0.115754790604115
856,214.9,3.26532554626465
857,215.1,106.881126403809
858,215.2,110.921966552734
859,215.4,0.345790326595306
860,215.8,0.22301222383976
861,216.0,12.7698774337769
862,216.2,81.2878723144531
863,216.3,10.2492847442627
864,216.5,0.140726611018181
865,216.7,0.0174282491207123
866,216.9,1.39131188392639
867,217.1,22.1899757385254
868,217.2,23.9756355285645
869,217.4,0.665048122406006
870,217.7,0.0273129288107157
871,217.9,1.04196655750275
872,218.0,5.29914140701294
873,218.2,191.80924987793
874,218.3,7.6686897277832
875,218.5,0.120957255363464
876,218.8,0.222578689455986
877,219.0,6.9112114906311
878,219.2,69.1528625488281
879,219.3,7.77560043334961
880,219.4,0.71161013841629
881,219.9,1.3050377368927
882,220.1,25.4282493591309
883,220.2,40.6608009338379
884,220.4,1.01248586177826
885,220.8,0.159021943807602
886,221.0,9.067458152771
887,221.2,409.153198242188
888,221.3,24.6621875762939
889,221.6,0.0724009349942207
890,221.8,0.191103786230087
891,222.0,12.3069448471069
892,222.2,134.573913574219
893,222.3,23.1244258880615
894,222.6,0.178704589605331
895,222.8,0.220584407448769
896,223.0,16.1846008300781
897,223.2,138.89274597168
898,223.3,17.2856159210205
899,223.4,1.18069887161255
900,223.6,0.180698856711388
901,223.8,0.232463359832764
902,224.0,12.6276769638062
903,224.1,50.8616142272949
904,224.2,78.4263381958008
905,224.4,1.64363133907318
906,224.5,0.0758692473173141
907,224.9,0.981964766979218
908,225.1,145.956130981445
909,225.2,166.04768371582
910,225.4,0.420445680618286
911,225.8,0.267666697502136
912,226.0,16.2276935577393
913,226.2,112.236366271973
914,226.3,16.4764595031738
915,226.6,0.127026796340942
916,226.8,0.331743687391281
917,227.0,19.847827911377
918,227.2,82.1732406616211
919,227.3,10.5100145339966
920,227.4,0.764155030250549
921,227.6,0.0740483850240707
922,227.9,1.36859452724457
923,228.1,31.1469688415527
924,228.2,46.9557800292969
925,228.4,0.884678721427917
926,228.6,0.0695395842194557
927,228.9,1.45877051353455
928,229.1,27.0655517578125
929,229.2,28.8435802459717
930,229.4,0.705020368099213
931,229.7,0.0942512825131416
932,229.9,1.53819477558136
933,230.1,29.3346042633057
934,230.2,37.5113143920898
935,230.4,1.0276597738266
936,230.6,0.0313881896436214
937,230.8,0.188242435455322
938,231.0,6.29055738449097
939,231.2,45.006763458252
940,231.3,8.40926074981689
941,231.5,0.0658111497759819
942,231.8,0.044220931828022
943,232.0,3.887366771698
944,232.2,56.1271133422852
945,232.3,6.41801786422729
946,232.5,0.0133529873564839
947,232.8,0.155640333890915
948,233.0,4.61839914321899
949,233.2,21.6250762939453
950,233.3,5.37440395355225
951,233.5,0.103615708649158
952,233.8,0.122691407799721
953,234.0,5.99679183959961
954,234.2,48.6292381286621
955,234.3,8.9750280380249
956,234.5,0.0287002511322498
957,234.7,0.106130234897137
958,234.9,1.70900893211365
959,235.1,23.2032432556152
960,235.2,14.0800313949585
961,235.3,5.98786115646362
962,235.5,0.0565334260463715
963,235.8,0.138558924198151
964,236.0,5.99020195007324
965,236.2,31.5987167358398
966,236.3,7.17393589019775
967,236.5,0.0299141593277454
968,236.6,0.0921702906489372
969,236.8,0.181565940380096
970,237.0,8.53177833557129
971,237.2,35.0110969543457
972,237.3,6.27078819274902
973,237.4,0.904448091983795
974,237.6,0.0275730509310961
975,237.8,0.188242435455322
976,238.0,7.1121997833252
977,238.2,42.0637283325195
978,238.3,8.01283264160156
979,238.5,0.0702332407236099
980,238.7,0.0580941662192345
981,238.9,1.17350208759308
982,239.0,4.79762411117554
983,239.2,22.7725658416748
984,239.3,5.2466835975647
985,239.4,0.768056869506836
986,239.8,0.139946237206459
987,240.0,4.61900615692139
988,240.2,20.0538463592529
989,240.3,4.4698691368103
990,240.5,0.0450013019144535
991,240.8,0.109078295528889
992,240.9,0.26784011721611
993,241.1,5.34388256072998
994,241.2,6.83378124237061
995,241.4,0.410907834768295
996,241.6,0.0485563166439533
997,241.9,0.99774557352066
998,242.0,3.88580584526062
999,242.2,21.9156341552734
1000,242.3,4.78331756591797
1001,242.5,0.086881123483181
1002,242.8,0.0132662793621421
1003,243.0,1.83031296730042
1004,243.2,8.31388187408447
1005,243.3,1.85693228244781
1006,243.4,0.400502890348434
1007,243.6,0.0179484952241182
1008,243.8,0.095985434949398
1009,244.0,2.82311630249023
1010,244.2,23.7628536224365
1011,244.3,6.61553812026978
1012,244.5,0.0425734855234623
1013,244.9,0.517645001411438
1014,245.1,8.49683475494385
1015,245.2,7.56464052200317
1016,245.3,3.86933159828186
1017,245.5,0.0600884407758713
1018,245.7,0.0440475158393383
1019,246.0,3.13587093353271
1020,246.1,7.11376047134399
1021,246.2,16.5787734985352
1022,246.4,0.51729816198349
1023,246.6,0.0134396944195032
1024,246.8,0.0627763792872429
1025,247.0,2.21382117271423
1026,247.2,10.6990375518799
1027,247.3,3.11150622367859
1028,247.5,0.0624295510351658
1029,247.8,0.143501251935959
1030,248.0,4.47082281112671
1031,248.2,23.8488693237305
1032,248.3,6.36408567428589
1033,248.5,0.178097635507584
1034,248.7,0.0965056791901588
1035,248.9,5.91242504119873
1036,249.1,88.5968933105469
1037,249.2,24.0326023101807
1038,249.4,0.178357750177383
1039,249.6,0.0595681965351105
1040,249.8,0.458423644304276
1041,250.0,12.8661231994629
1042,250.2,34.0035552978516
1043,250.3,4.70215892791748
1044,250.4,1.01586747169495
1045,250.7,0.172808468341827
1046,250.9,6.49856948852539
1047,251.1,74.8467864990234
1048,251.2,30.3334770202637
1049,251.4,0.274516612291336
1050,251.6,0.0143934795632958
1051,251.8,0.449492752552032
1052,252.0,12.5579643249512
1053,252.2,39.0356369018555
1054,252.3,7.65698432922363
1055,252.5,0.165004774928093
1056,252.7,0.166999042034149
1057,252.9,4.87427377700806
1058,253.1,83.6416397094727
1059,253.2,32.1281547546387
1060,253.4,0.337986648082733
1061,253.7,0.0456082560122013
1062,253.9,1.48088097572327
1063,254.1,16.1629238128662
1064,254.2,11.1110725402832
1065,254.4,0.488251119852066
1066,254.6,0.0354634523391724
1067,254.8,0.257261782884598
1068,255.0,6.48617029190063
1069,255.1,19.3531608581543
1070,255.3,2.89473676681519
1071,255.6,0.217462927103043
1072,255.7,0.614757657051086
1073,255.9,4.85242366790771
1074,256.1,8.74690055847168
1075,256.2,7.30859279632568
1076,256.4,0.480620831251144
1077,256.6,0.0132662793621421
1078,256.9,0.27902540564537
1079,257.1,2.34743785858154
1080,257.2,2.96817827224731
1081,257.4,0.160322546958923
1082,257.7,0.137778550386429
1083,257.9,0.996705114841461
1084,258.1,10.0444812774658
1085,258.2,9.13933944702148
1086,258.3,3.40093636512756
1087,258.5,0.0418798215687275
1088,258.9,0.164744645357132
1089,259.1,2.31526923179626
1090,259.2,3.20263600349426
1091,259.4,0.296453654766083
1092,259.6,0.0268793888390064
1093,259.8,0.0284401290118694
1094,260.0,1.17081415653229
1095,260.2,5.89213562011719
1096,260.3,2.28197336196899
1097,260.6,0.0283534210175276
1098,260.8,0.0574005022644997
1099,261.0,0.350732684135437
1100,261.2,2.18832921981812
1101,261.3,0.780716180801392
1102,261.4,0.181392520666122
1103,261.8,0.0409260392189026
1104,262.0,1.21017944812775
1105,262.2,6.43145751953125
1106,262.3,2.07708311080933
1107,262.5,0.0309546515345573
1108,262.7,0.0281800050288439
1109,262.9,0.190063297748566
1110,263.1,1.6665221452713
1111,263.2,1.62845742702484
1112,263.4,0.106563776731491
1113,263.6,0.0308679435402155
1114,263.9,0.25691494345665
1115,264.1,2.53385925292969
1116,264.2,3.46614074707031
1117,264.4,0.304777592420578
1118,264.6,0.0789907202124596
1119,264.9,2.86516952514648
1120,265.1,92.0443954467773
1121,265.2,42.820426940918
1122,265.4,0.315269231796265
1123,265.8,0.327234894037247
1124,266.0,10.1407270431519
1125,266.2,27.4108219146729
1126,266.3,5.43986797332764
1127,266.5,0.297494143247604
1128,266.8,0.661059558391571
1129,267.0,49.5635986328125
1130,267.1,310.987152099609
1131,267.3,2.71100330352783
1132,267.6,0.0657244399189949
1133,267.8,0.541056096553802
1134,268.0,24.5817222595215
1135,268.1,76.2276916503906
1136,268.3,4.75496387481689
1137,268.5,0.149397388100624
1138,268.7,0.0353767462074757
1139,268.9,3.03208184242249
1140,269.1,78.9654922485352
1141,269.2,49.907657623291
1142,269.4,0.31648313999176
1143,269.8,0.123038239777088
1144,270.0,5.64900732040405
1145,270.2,17.3180446624756
1146,270.3,3.54504466056824
1147,270.5,0.0717072784900665
1148,270.7,0.121997743844986
1149,270.9,3.71663928031921
1150,271.1,34.4524421691895
1151,271.2,17.6390361785889
1152,271.3,4.44220924377441
1153,271.5,0.090002603828907
1154,271.8,0.118442729115486
1155,272.0,1.99124252796173
1156,272.2,7.1432409286499
1157,272.3,1.83594906330109
1158,272.8,0.0735281333327293
1159,273.0,1.40171682834625
1160,273.2,3.17575645446777
1161,273.3,0.814705610275269
1162,273.5,0.0150004336610436
1163,273.9,0.168212950229645
1164,274.1,2.2484176158905
1165,274.2,3.46943545341492
1166,274.4,0.151565074920654
1167,274.7,0.013786525465548
1168,274.9,0.0886152759194374
1169,275.1,0.539061844348907
1170,275.2,0.760253190994263
1171,275.4,0.0697997063398361
1172,275.7,0.0287002511322498
1173,276.0,0.3052978515625
1174,276.2,1.30694532394409
1175,276.3,0.773953020572662
1176,276.7,0.0285268351435661
1177,276.9,0.0671117678284645
1178,277.1,0.408133178949356
1179,277.2,0.364085674285889
1180,277.4,0.091389924287796
1181,277.9,0.0339894220232964
1182,278.1,0.434752464294434
1183,278.2,0.639122545719147
1184,278.4,0.083933062851429
1185,278.8,0.0548859797418118
1186,279.0,1.92152953147888
1187,279.2,7.24642324447632
1188,279.3,1.85181653499603
1189,279.5,0.0297407433390617
1190,279.8,0.0424000695347786
1191,280.0,0.649700880050659
1192,280.1,1.74143755435944
1193,280.3,0.292204976081848
1194,280.5,0.013786525465548
1195,280.7,0.0598283186554909
1196,280.9,3.74230480194092
1197,281.1,677.195617675781
1198,281.2,1157.32055664063
1199,281.4,0.267319858074188
1200,281.8,0.288042992353439
1201,282.0,14.6570711135864
1202,282.2,490.916931152344
1203,282.3,7.18434047698975
1204,282.4,0.521113336086273
1205,282.7,0.119309805333614
1206,282.8,0.123471774160862
1207,283.0,13.8173065185547
1208,283.2,410.205932617188
1209,283.3,8.58683776855469
1210,283.5,0.0488164387643337
1211,283.8,0.0496835187077522
1212,284.0,10.676233291626
1213,284.2,79.684814453125
1214,284.3,10.7479410171509
1215,284.6,0.237232282757759
1216,284.8,0.502557873725891
1217,285.0,28.3411083221436
1218,285.1,167.670684814453
1219,285.3,6.63929605484009
1220,285.5,0.0134396944195032
1221,285.8,0.272348910570145
1222,286.0,9.93653011322021
1223,286.2,28.8100242614746
1224,286.3,4.71889352798462
1225,286.5,0.0592213645577431
1226,286.7,0.120697133243084
1227,286.9,2.90756964683533
1228,287.1,38.6955680847168
1229,287.2,36.633659362793
1230,287.4,0.688806056976318
1231,287.8,0.0750888735055923
1232,288.0,1.28804302215576
1233,288.2,4.28648233413696
1234,288.3,1.39243912696838
1235,288.5,0.0132662793621421
1236,288.7,0.0485563166439533
1237,288.9,1.1935316324234
1238,289.1,9.5462589263916
1239,289.2,7.35107946395874
1240,289.4,0.355414897203445
1241,289.8,0.0136131104081869
1242,290.0,0.331917107105255
1243,290.1,0.953091144561768
1244,290.3,0.305991500616074
1245,290.5,0.0278331749141216
1246,290.8,0.0270528048276901
1247,291.0,0.138385504484177
1248,291.1,0.215208530426025
1249,291.3,0.0576606243848801
1250,292.0,0.0691927522420883
1251,292.3,0.178704589605331
1252,292.6,0.0131795713678002
1253,292.9,0.144888579845428
1254,293.0,0.296453654766083
1255,293.2,1.19205760955811
1256,293.3,0.39139860868454
1257,293.7,0.0163010489195585
1258,294.0,0.111072577536106
1259,294.2,0.330356359481812
1260,294.4,0.159108638763428
1261,294.6,0.0267926827073097
1262,294.8,0.113587096333504
1263,295.0,6.5218071937561
1264,295.2,52.6764945983887
1265,295.3,11.6091213226318
1266,295.6,0.0581808723509312
1267,295.9,0.337639808654785
1268,296.1,6.86404228210449
1269,296.2,9.50065040588379
1270,296.4,0.899072229862213
1271,296.7,0.045694962143898
1272,296.8,0.107604265213013
1273,297.0,3.54114270210266
1274,297.2,13.3933925628662
1275,297.3,3.06425046920776
1276,297.4,0.38316136598587
1277,297.7,0.0287002511322498
1278,297.8,0.0130061563104391
1279,298.0,0.392785906791687
1280,298.2,1.08948230743408
1281,298.3,0.382554411888123
1282,298.4,0.22084453701973
1283,298.7,0.0484696105122566
1284,298.9,1.11965668201447
1285,299.1,56.7158584594727
1286,299.2,68.7687530517578
1287,299.4,0.326107680797577
1288,299.8,0.080985002219677
1289,300.0,5.56412029266357
1290,300.2,22.3037376403809
1291,300.3,4.76155376434326
1292,300.5,0.051764503121376
1293,300.8,0.130321681499481
1294,301.0,4.36226463317871
1295,301.2,13.4860830307007
1296,301.3,2.62628984451294
1297,301.6,0.0359837003052235
1298,301.7,0.0133529873564839
1299,301.9,0.114714294672012
1300,302.1,0.430937319993973
1301,302.2,0.68845921754837
1302,302.4,0.086881123483181
1303,302.8,0.0158675108104944
1304,303.0,0.125292643904686
1305,303.1,0.398595333099365
1306,303.4,0.11341368407011
1307,304.0,0.0456082560122013
1308,304.3,0.126593247056007
1309,304.4,0.0404057912528515
1310,304.8,0.014306771568954
1311,305.1,0.0425734855234623
1312,305.2,0.0851469710469246
1313,305.4,0.0134396944195032
1314,305.9,0.0293939132243395
1315,306.2,0.0268793888390064
1316,306.4,0.0278331749141216
1317,306.8,0.0305211134254932
1318,307.1,0.0447411760687828
1319,307.3,0.0699731186032295
1320,308.0,0.0138732334598899
1321,308.1,0.0480360686779022
1322,308.3,0.0435272678732872
1323,308.9,0.0607821047306061
1324,309.1,0.11506112664938
1325,309.2,0.0730945989489555
1326,309.3,0.0835862308740616
1327,309.9,0.0139599414542317
1328,310.2,0.0299141593277454
1329,310.4,0.0848868489265442
1330,310.5,0.0135264024138451
1331,310.8,0.149310678243637
1332,311.0,1.10248851776123
1333,311.2,2.51157546043396
1334,311.3,0.360357224941254
1335,311.7,0.0135264024138451
1336,311.9,0.0580941662192345
1337,312.1,0.239486694335938
1338,312.3,0.16864649951458
1339,312.4,0.0410994552075863
1340,312.8,0.0728344768285751
1341,313.0,1.77464663982391
1342,313.2,4.05618667602539
1343,313.3,0.742824912071228
1344,313.9,0.0429203137755394
1345,314.1,0.0987600833177567
1346,314.2,0.14237405359745
1347,314.4,0.0141333565115929
1348,314.8,0.032688807696104
1349,315.0,0.0520246252417564
1350,315.2,1.21633577346802
1351,315.3,0.104049250483513
1352,316.0,0.083846352994442
1353,316.2,0.250151723623276
1354,316.4,0.0347697921097279
1355,317.0,0.0317350216209888
1356,317.2,0.0347697921097279
1357,317.3,0.109858669340611
1358,317.9,0.01708141900599
1359,318.1,0.0298274513334036
1360,318.3,0.0150004336610436
1361,318.5,0.0288736671209335
1362,319.2,0.014046648517251
1363,319.8,0.0158675108104944
1364,320.0,0.0153472647070885
1365,320.2,0.705280482769012
1366,320.3,0.464753329753876
1367,320.5,0.0372843146324158
1368,321.0,0.0784704759716988
1369,321.2,0.270528048276901
1370,321.3,0.114714294672012
1371,322.4,0.014566894620657
1372,322.8,0.0707534924149513
1373,323.0,0.44983959197998
1374,323.2,1.24572968482971
1375,323.3,0.119136393070221
1376,323.6,0.032688807696104
1377,324.0,0.0802913382649422
1378,324.2,0.112459897994995
1379,324.3,0.106823898851871
1380,324.5,0.0139599414542317
1381,324.8,0.946848154067993
1382,325.0,22.3785667419434
1383,325.1,44.0058097839355
1384,325.3,2.14116024971008
1385,325.4,0.126766666769981
1386,325.7,0.0489898547530174
1387,325.9,1.45521545410156
1388,326.1,5.95838022232056
1389,326.2,3.78106307983398
1390,326.4,0.223619177937508
1391,326.6,0.150958120822906
1392,326.8,0.994364023208618
1393,327.0,41.5243225097656
1394,327.1,111.872627258301
1395,327.3,1.16179656982422
1396,327.5,0.0133529873564839
1397,327.7,0.149570792913437
1398,327.9,4.13431024551392
1399,328.1,25.5589179992676
1400,328.2,11.43492603302
1401,328.4,0.288736671209335
1402,328.6,0.0264458507299423
1403,328.8,0.623601853847504
1404,329.0,10.12087059021
1405,329.1,18.2863082885742
1406,329.3,1.23740565776825
1407,329.4,0.0736148431897163
1408,329.9,0.153992891311646
1409,330.1,0.4927599132061
1410,330.2,0.334951877593994
1411,330.3,0.0454348400235176
1412,330.8,0.026619266718626
1413,331.0,0.330963313579559
1414,331.2,7.57053661346436
1415,331.3,0.175149574875832
1416,331.8,0.0313881896436214
1417,331.9,0.0680655539035797
1418,332.2,2.41654372215271
1419,332.6,0.0315616056323051
1420,333.0,0.114540882408619
1421,333.2,1.01898896694183
1422,333.3,0.0332090519368649
1423,333.8,0.0141333565115929
1424,334.1,0.193618312478065
1425,334.3,0.0144801875576377
1426,334.9,0.0135264024138451
1427,335.7,0.014046648517251
1428,337.1,0.0142200645059347
1429,337.4,0.0269660968333483
1430,338.8,0.174109071493149
1431,339.0,4.06034851074219
1432,339.2,8.75435733795166
1433,339.3,1.35446107387543
1434,339.5,0.028613543137908
1435,339.7,0.0131795713678002
1436,339.9,0.11506112664938
1437,340.1,0.575999319553375
1438,340.2,0.718199968338013
1439,340.4,0.0756958276033401
1440,340.7,0.100754357874393
1441,340.9,3.724529504776
1442,341.1,196.371795654297
1443,341.2,104.024368286133
1444,341.4,0.136391222476959
1445,341.7,0.0467354543507099
1446,341.9,3.20272254943848
1447,342.0,15.9797973632813
1448,342.1,72.6876754760742
1449,342.3,4.7996187210083
1450,342.5,0.0615624710917473
1451,342.7,0.113326974213123
1452,342.9,2.90054631233215
1453,343.0,15.1067371368408
1454,343.1,76.9940185546875
1455,343.3,5.00953769683838
1456,343.8,0.167866125702858
1457,344.0,2.86707711219788
1458,344.2,8.45851039886475
1459,344.3,1.50767362117767
1460,344.5,0.0879216194152832
1461,344.8,0.442729562520981
1462,345.0,9.68923950195313
1463,345.2,25.8975982666016
1464,345.3,3.98907494544983
1465,345.5,0.0367640666663647
1466,345.9,0.213474377989769
1467,346.1,0.886846423149109
1468,346.2,4.26523876190186
1469,346.4,0.0947715267539024
1470,346.7,0.0163010489195585
1471,346.9,0.0880950316786766
1472,347.1,1.06607127189636
1473,347.2,1.26758003234863
1474,347.5,0.0279198829084635
1475,347.8,0.0285268351435661
1476,348.0,0.10248851031065
1477,348.2,0.482528388500214
1478,348.3,0.0852336809039116
1479,348.9,0.0136131104081869
1480,349.1,0.121564209461212
1481,349.2,0.0302609894424677
1482,349.3,0.0627763792872429
1483,350.8,0.0159542188048363
1484,351.1,0.0141333565115929
1485,351.5,0.0414462834596634
1486,352.3,0.0277464669197798
1487,352.8,0.0261857286095619
1488,352.9,0.0730078890919685
1489,353.2,0.15113154053688
1490,353.3,0.139252573251724
1491,353.6,0.0130061563104391
1492,354.1,0.0469088703393936
1493,354.3,0.0613023489713669
1494,354.4,0.014306771568954
1495,354.8,0.314575552940369
1496,355.0,12.5360269546509
1497,355.2,452.295166015625
1498,355.3,13.7986650466919
1499,355.5,0.0563600100576878
1500,355.8,0.0752622932195663
1501,356.0,11.3255004882813
1502,356.2,139.046646118164
1503,356.3,13.4290294647217
1504,356.5,0.080985002219677
1505,356.8,0.176710307598114
1506,357.0,10.9703454971313
1507,357.2,110.41047668457
1508,357.3,11.7292985916138
1509,357.5,0.0318217277526855
1510,357.9,1.2228387594223
1511,358.1,11.4970951080322
1512,358.2,15.3276681900024
1513,358.4,0.711696863174438
1514,358.6,0.0701465383172035
1515,358.8,0.340847998857498
1516,359.0,8.90306091308594
1517,359.2,49.8345603942871
1518,359.3,10.777247428894
1519,359.5,0.0629497990012169
1520,359.7,0.0149137256667018
1521,359.9,0.442035883665085
1522,360.1,3.88476538658142
1523,360.2,2.8582329750061
1524,360.3,1.67553973197937
1525,360.5,0.0288736671209335
1526,360.8,0.105436570942402
1527,361.0,0.897164642810822
1528,361.2,3.06572437286377
1529,361.3,1.08653426170349
1530,362.0,0.0563600100576878
1531,362.2,0.103182174265385
1532,362.3,0.0402323752641678
1533,362.6,0.014566894620657
1534,362.8,0.0131795713678002
1535,363.0,0.342408746480942
1536,363.2,2.01534724235535
1537,363.3,0.49440735578537
1538,364.0,0.0638168752193451
1539,364.1,0.151304945349693
1540,364.3,0.0773432776331902
1541,365.0,0.0910430923104286
1542,365.2,0.0698864161968231
1543,366.9,0.0143934795632958
1544,367.1,0.0879216194152832
1545,367.3,0.123038239777088
1546,367.5,0.0683256760239601
1547,367.6,0.0498569309711456
1548,368.2,0.0136998174712062
1549,368.3,0.126246422529221
1550,368.6,0.0665915235877037
1551,368.9,0.647012948989868
1552,369.1,6.7845311164856
1553,369.2,10.5559701919556
1554,369.4,0.623168289661407
1555,369.8,0.0143934795632958
1556,370.0,0.182953268289566
1557,370.2,0.720541059970856
1558,370.3,0.320645093917847
1559,370.5,0.0292204972356558
1560,370.8,0.0451747141778469
1561,371.0,0.975721836090088
1562,371.2,3.61493110656738
1563,371.3,1.09919357299805
1564,371.5,0.0428336076438427
1565,371.8,0.0294806212186813
1566,372.0,0.0732680112123489
1567,372.1,0.150958120822906
1568,372.4,0.0156940948218107
1569,372.6,0.0430937297642231
1570,372.8,0.201248586177826
1571,373.0,5.67345857620239
1572,373.2,25.4155902862549
1573,373.3,6.60001754760742
1574,373.5,0.0285268351435661
1575,373.7,0.0275730509310961
1576,373.9,0.121650911867619
1577,374.1,1.3588832616806
1578,374.2,0.843319177627563
1579,374.3,0.848695039749146
1580,374.6,0.0150004336610436
1581,374.8,0.0962455570697784
1582,375.1,0.605740070343018
1583,375.2,0.466140627861023
1584,375.4,0.0319951437413692
1585,376.5,0.0150871416553855
1586,377.1,0.0338160060346127
1587,377.3,0.0941645726561546
1588,378.4,0.0294806212186813
1589,378.9,0.0134396944195032
1590,379.2,0.0304344054311514
1591,379.5,0.101101189851761
1592,380.4,0.0136131104081869
1593,381.1,0.0134396944195032
1594,381.7,0.0162143409252167
1595,382.2,0.0136998174712062
1596,382.8,0.0131795713678002
1597,383.0,0.0876614898443222
1598,383.1,0.127286911010742
1599,384.9,0.879996538162231
1600,385.1,3.42729568481445
1601,385.2,1.62446892261505
1602,385.4,0.0443076379597187
1603,385.6,0.0287869591265917
1604,385.8,0.0144801875576377
1605,386.0,0.150351166725159
1606,386.1,0.173762246966362
1607,386.3,0.0926038324832916
1608,386.5,0.014306771568954
1609,386.7,0.114454172551632
1610,386.9,1.73874962329865
1611,387.1,8.53108501434326
1612,387.2,5.04526138305664
1613,387.4,0.157547906041145
1614,387.9,0.0678921341896057
1615,388.1,0.453307896852493
1616,388.2,0.158935233950615
1617,388.3,0.149917632341385
1618,388.6,0.0294806212186813
1619,388.8,0.0132662793621421
1620,389.0,0.344836562871933
1621,389.2,0.705367207527161
1622,389.3,0.094424694776535
1623,390.0,0.0723142251372337
1624,390.2,0.0614757649600506
1625,390.5,0.0180352032184601
1626,391.1,0.0328622199594975
1627,392.2,0.0136998174712062
1628,393.4,0.014046648517251
1629,393.9,0.0139599414542317
1630,394.9,0.0376311466097832
1631,395.2,0.0175149571150541
1632,395.5,0.0131795713678002
1633,396.5,0.0407526232302189
1634,397.2,0.0260990206152201
1635,398.5,0.028093297034502
1636,398.7,0.0615624710917473
1637,398.9,1.09997403621674
1638,399.1,4.91754102706909
1639,399.2,3.47793292999268
1640,399.4,0.108558051288128
1641,399.7,0.0130061563104391
1642,399.9,0.101534724235535
1643,400.1,0.323419749736786
1644,400.3,0.28613543510437
1645,400.5,0.0432671457529068
1646,400.7,0.219717338681221
1647,400.9,5.83291435241699
1648,401.1,67.3925247192383
1649,401.2,28.6664352416992
1650,401.4,0.155120089650154
1651,401.6,0.0168212950229645
1652,401.8,0.78825980424881
1653,402.0,8.97043228149414
1654,402.1,18.7281703948975
1655,402.3,1.65915203094482
1656,402.4,0.333911389112473
1657,402.6,0.0172548331320286
1658,402.8,0.59117317199707
1659,403.0,7.389404296875
1660,403.1,13.5835428237915
1661,403.3,1.83846354484558
1662,403.5,0.0308679435402155
1663,403.7,0.0264458507299423
1664,404.0,0.249284654855728
1665,404.2,0.441428929567337
1666,404.3,0.0857539251446724
1667,404.5,0.0143934795632958
1668,404.8,0.0272262208163738
1669,405.0,0.485216349363327
1670,405.2,5.62403535842896
1671,405.3,0.163617447018623
1672,406.0,0.047255702316761
1673,406.2,1.67579984664917
1674,406.3,0.0661579817533493
1675,406.9,0.0131795713678002
1676,407.2,0.694095194339752
1677,407.3,0.264285087585449
1678,408.2,0.209659233689308
1679,408.3,0.0559264719486237
1680,409.0,0.0444810539484024
1681,410.3,0.0136998174712062
1682,412.3,0.0143934795632958
1683,412.9,0.0334691740572453
1684,413.1,0.150697991251945
1685,413.4,0.0347697921097279
1686,414.2,0.0133529873564839
1687,414.4,0.0268793888390064
1688,414.7,0.014046648517251
1689,414.9,1.93280148506165
1690,415.0,9.60790729522705
1691,415.2,100.413856506348
1692,415.3,11.1924047470093
1693,415.6,0.0279198829084635
1694,415.8,0.279372245073318
1695,416.0,7.1963062286377
1696,416.2,31.6136302947998
1697,416.3,6.96462345123291
1698,416.4,1.15720105171204
1699,416.6,0.0148270176723599
1700,416.8,0.329922825098038
1701,417.0,6.80265331268311
1702,417.2,27.3192577362061
1703,417.3,7.23558473587036
1704,417.5,0.120176881551743
1705,417.8,0.0553195178508759
1706,418.0,0.584930181503296
1707,418.2,1.70025146007538
1708,418.3,0.812017679214478
1709,418.6,0.027139512822032
1710,418.8,0.0135264024138451
1711,419.0,0.731726348400116
1712,419.2,2.76467537879944
1713,419.3,1.18780887126923
1714,419.9,0.0293072052299976
1715,420.2,0.0283534210175276
1716,420.4,0.0461285002529621
1717,420.9,0.0267059747129679
1718,421.1,0.204283356666565
1719,421.3,0.282407015562057
1720,421.4,0.0665915235877037
1721,421.8,0.027139512822032
1722,422.0,0.0163877569139004
1723,422.2,0.0133529873564839
1724,422.4,0.0450013019144535
1725,423.1,0.0652909055352211
1726,423.3,0.0564467199146748
1727,424.8,0.0132662793621421
1728,427.1,0.0165611729025841
1729,427.9,0.0152605567127466
1730,428.2,0.0167345870286226
1731,428.4,0.051677793264389
1732,428.7,0.0446544699370861
1733,428.9,1.04231333732605
1734,429.1,40.0877494812012
1735,429.2,78.1255493164063
1736,429.4,0.535160005092621
1737,429.7,0.0534119494259357
1738,429.9,1.41567671298981
1739,430.1,17.7337207794189
1740,430.2,26.2027225494385
1741,430.4,1.29714727401733
1742,430.6,0.142200648784637
1743,430.8,0.249718204140663
1744,431.0,5.39547395706177
1745,431.2,25.8849391937256
1746,431.3,8.38281440734863
1747,431.4,1.18902277946472
1748,431.6,0.0136998174712062
1749,431.8,0.0601751506328583
1750,432.0,0.450359851121902
1751,432.2,1.31570279598236
1752,432.3,0.689413011074066
1753,432.7,0.0755224153399467
1754,432.9,0.449059218168259
1755,433.1,5.80247974395752
1756,433.2,6.31969118118286
1757,433.3,4.92517137527466
1758,433.5,0.0897424817085266
1759,434.0,0.088441863656044
1760,434.2,0.568108916282654
1761,434.3,0.27330270409584
1762,434.4,0.0723142251372337
1763,434.9,0.0130061563104391
1764,435.2,0.216855973005295
1765,435.3,0.100494235754013
1766,435.5,0.01708141900599
1767,437.0,0.013092864304781
1768,437.2,0.0424867756664753
1769,437.4,0.0283534210175276
1770,438.3,0.0131795713678002
1771,438.9,0.0136131104081869
1772,440.7,0.027139512822032
1773,441.2,0.0151738487184048
1774,441.9,0.0169080030173063
1775,442.4,0.0407526232302189
1776,443.1,0.0134396944195032
1777,443.3,0.017601665109396
1778,444.1,0.0146536026149988
1779,444.7,0.0156073877587914
1780,444.9,0.0417931154370308
1781,445.1,0.118095897138119
1782,445.3,0.205930814146996
1783,446.0,0.0135264024138451
1784,446.2,0.0142200645059347
1785,446.6,0.014046648517251
1786,446.8,0.0166478808969259
1787,447.0,0.0686725080013275
1788,447.2,0.127200201153755
1789,447.3,0.0829792767763138
1790,447.6,0.0171681270003319
1791,448.2,0.0293939132243395
1792,449.0,0.0273129288107157
1793,449.1,0.0446544699370861
1794,450.5,0.013786525465548
1795,451.6,0.0144801875576377
1796,453.0,0.0130061563104391
1797,455.4,0.014566894620657
1798,458.4,0.0147403106093407
1799,458.6,0.0132662793621421
1800,458.8,0.0283534210175276
1801,459.0,0.231336161494255
1802,459.2,0.411341369152069
1803,459.3,0.0960721373558044
1804,459.8,0.0270528048276901
1805,460.0,0.0156073877587914
1806,460.2,0.057227086275816
1807,460.3,0.0134396944195032
1808,460.5,0.0139599414542317
1809,460.8,0.481401205062866
1810,461.0,6.4444637298584
1811,461.1,13.1967401504517
1812,461.3,2.01708149909973
1813,461.5,0.0158675108104944
1814,461.9,0.195352464914322
1815,462.1,0.899505794048309
1816,462.2,0.581028342247009
1817,462.4,0.0624295510351658
1818,462.6,0.0130061563104391
1819,462.8,0.0723142251372337
1820,463.0,0.353854149580002
1821,463.2,0.522674083709717
1822,463.3,0.149310678243637
1823,464.8,0.0280065890401602
1824,465.1,0.0133529873564839
1825,466.1,0.0166478808969259
1826,466.3,0.0153472647070885
1827,469.0,0.0193358194082975
1828,469.4,0.014046648517251
1829,469.7,0.0163877569139004
1830,470.3,0.0153472647070885
1831,472.9,0.0131795713678002
1832,473.0,0.0303476974368095
1833,473.4,0.0358102843165398
1834,474.1,0.0135264024138451
1835,474.3,0.0141333565115929
1836,474.6,0.076389491558075
1837,474.9,1.40483832359314
1838,475.1,19.1291942596436
1839,475.2,30.9108638763428
1840,475.4,1.85172986984253
1841,475.8,0.150524586439133
1842,476.0,1.96713781356812
1843,476.2,7.87106561660767
1844,476.3,3.62524938583374
1845,476.5,0.0687592104077339
1846,476.8,0.0273996349424124
1847,477.0,0.886499583721161
1848,477.2,3.60201168060303
1849,477.3,1.2232723236084
1850,477.5,0.0142200645059347
1851,477.7,0.0419665314257145
1852,478.0,0.0272262208163738
1853,478.2,0.155466914176941
1854,478.4,0.0874880775809288
1855,479.0,0.0460417941212654
1856,479.2,0.551894545555115
1857,479.3,0.233330443501472
1858,480.0,0.0254053585231304
1859,480.2,0.141160145401955
1860,480.3,0.094337984919548
1861,481.2,0.0667649358510971
1862,481.4,0.0132662793621421
1863,484.5,0.0146536026149988
1864,485.1,0.0147403106093407
1865,487.0,0.0149137256667018
1866,487.5,0.0300008673220873
1867,488.4,0.014566894620657
1868,488.7,0.0313014835119247
1869,488.9,1.02098321914673
1870,489.1,16.6897602081299
1871,489.2,40.0905227661133
1872,489.4,2.333824634552
1873,489.5,0.228734940290451
1874,489.7,0.0324286818504333
1875,489.9,0.491979539394379
1876,490.1,5.50784683227539
1877,490.2,11.5081939697266
1878,490.4,1.58562386035919
1879,490.6,0.0160409267991781
1880,490.8,0.0691927522420883
1881,491.0,1.31440210342407
1882,491.2,5.73744916915894
1883,491.3,3.35107946395874
1884,491.5,0.0470822863280773
1885,491.8,0.0133529873564839
1886,492.0,0.0456082560122013
1887,492.2,0.146449312567711
1888,492.3,0.104742914438248
1889,492.6,0.031128067523241
1890,492.9,0.0467354543507099
1891,493.1,0.307292103767395
1892,493.2,0.503338217735291
1893,493.4,0.0444810539484024
1894,493.7,0.0133529873564839
1895,494.1,0.0405792072415352
1896,494.3,0.0430070236325264
1897,494.7,0.0132662793621421
1898,495.0,0.0470822863280773
1899,495.2,0.0212433878332376
1900,495.4,0.055839765816927
1901,497.0,0.0138732334598899
1902,497.2,0.0804647505283356
1903,497.4,0.0444810539484024
1904,498.2,0.013786525465548
1905,499.1,0.0134396944195032
1906,499.9,0.0318217277526855
1907,500.0,0.0273996349424124
1908,500.8,0.0150871416553855
1909,501.0,0.146189197897911
1910,501.2,0.45859706401825
1911,501.3,0.176710307598114
1912,501.6,0.0269660968333483
1913,501.9,0.0933841988444328
1914,502.0,0.0156073877587914
1915,502.1,0.0431804396212101
1916,502.3,0.0394520089030266
1917,502.8,0.0434405617415905
1918,503.0,1.65915203094482
1919,503.2,8.17263507843018
1920,503.3,4.11506128311157
1921,503.5,0.132489383220673
1922,503.9,0.0616491809487343
1923,504.1,0.421052634716034
1924,504.2,0.978409767150879
1925,504.4,0.086881123483181
1926,504.7,0.0133529873564839
1927,505.0,0.165264889597893
1928,505.2,0.490418791770935
1929,505.3,0.178878009319305
1930,506.3,0.0423133634030819
1931,506.9,0.0703199505805969
1932,507.0,0.191970869898796
1933,507.2,0.935316026210785
1934,507.3,0.844186246395111
1935,507.5,0.0135264024138451
1936,508.0,0.0579207502305508
1937,508.1,0.0474291183054447
1938,508.3,0.132402673363686
1939,508.4,0.0134396944195032
1940,509.1,0.0130061563104391
1941,509.3,0.0404057912528515
1942,510.1,0.013092864304781
1943,510.3,0.0130061563104391
1944,512.1,0.0287869591265917
1945,515.4,0.0142200645059347
1946,517.3,0.0130061563104391
1947,518.7,0.04864302277565
1948,519.1,0.0565334260463715
1949,519.3,0.0264458507299423
1950,519.9,0.0150871416553855
1951,520.6,0.0138732334598899
1952,521.0,0.0139599414542317
1953,521.2,0.0843665972352028
1954,521.3,0.0419665314257145
1955,522.1,0.0424867756664753
1956,522.9,0.0136998174712062
1957,523.5,0.0132662793621421
1958,524.5,0.0171681270003319
1959,526.4,0.0132662793621421
1960,526.7,0.0139599414542317
1961,528.3,0.0142200645059347
1962,528.7,0.0133529873564839
1963,529.0,0.014306771568954
1964,529.3,0.0157808028161526
1965,532.2,0.0302609894424677
1966,533.2,0.0815919563174248
1967,533.4,0.0150004336610436
1968,534.1,0.014306771568954
1969,534.7,0.0180352032184601
1970,534.9,0.302349776029587
1971,535.1,2.84600710868835
1972,535.2,2.84834814071655
1973,535.4,0.240874007344246
1974,535.5,0.0447411760687828
1975,535.7,0.014306771568954
1976,535.9,0.0324286818504333
1977,536.1,0.42660191655159
1978,536.2,0.269054025411606
1979,536.5,0.0281800050288439
1980,536.9,0.0316483117640018
1981,537.1,0.170293942093849
1982,537.3,0.116361744701862
1983,537.4,0.0270528048276901
1984,537.7,0.0134396944195032
1985,538.0,0.013092864304781
1986,539.1,0.0149137256667018
1987,539.4,0.0135264024138451
1988,540.2,0.013786525465548
1989,542.0,0.014306771568954
1990,546.4,0.0146536026149988
1991,547.2,0.0132662793621421
1992,548.3,0.0143934795632958
1993,548.8,0.0138732334598899
1994,549.0,1.6952223777771
1995,549.2,10.1965665817261
1996,549.3,9.01803493499756
1997,549.5,0.272782444953918
1998,549.7,0.0182086192071438
1999,549.9,0.11176623404026
#"+ Scan (rt: 5.043-54.995 min, 8741 scans) 180221_WC_1.D "
#Point,X(Thompsons),Y(Counts)
0,50.2,2305.11157226563
1,50.3,14.7940740585327
2,51.0,2.22583222389221
3,51.2,3073.552734375
4,51.3,19.7159366607666
5,51.8,0.0384395383298397
6,52.0,8.31655406951904
7,52.2,1221.32214355469
8,52.3,44.0328330993652
9,52.5,0.0188765581697226
10,52.7,0.087632991373539
11,52.9,0.390458762645721
12,53.1,187.698196411133
13,53.2,1820.72106933594
14,53.4,0.214163139462471
15,53.6,0.0218510460108519
16,53.8,0.0189909618347883
17,54.0,8.85287761688232
18,54.2,794.069580078125
19,54.3,44.8111190795898
20,55.0,3.19562983512878
21,55.2,1939.98852539063
22,55.3,34.8646621704102
23,55.8,0.0193341728299856
24,56.0,8.88731288909912
25,56.2,459.805053710938
26,56.3,51.6341361999512
27,56.8,0.0376387126743793
28,57.0,7.24493741989136
29,57.2,440.047027587891
30,57.3,122.357856750488
31,57.6,14.9983987808228
32,57.8,11.3808488845825
33,58.0,57.2301788330078
34,58.2,169.881256103516
35,58.3,21.8148956298828
36,58.5,0.480837434530258
37,58.7,0.482553482055664
38,58.9,4.34046459197998
39,59.1,140.089462280273
40,59.2,174.912933349609
41,59.4,2.1276741027832
42,59.6,0.039125956594944
43,59.8,0.127445369958878
44,60.0,18.7641010284424
45,60.2,1282.86901855469
46,60.3,11.6192655563354
47,60.6,0.0183045417070389
48,60.8,0.212790295481682
49,61.0,20.2492847442627
50,61.2,724.658935546875
51,61.3,15.0250539779663
52,61.6,0.0207070130854845
53,61.8,0.12469968944788
54,62.0,12.9890174865723
55,62.2,1337.09851074219
56,62.3,16.5767078399658
57,62.6,0.0382107309997082
58,63.0,6.78297662734985
59,63.2,2947.24243164063
60,63.3,20.5992450714111
61,64.0,39.7334403991699
62,64.1,2608.849609375
63,64.3,0.195515394210815
64,65.0,3.14655065536499
65,65.2,4599.669921875
66,65.3,39.6270446777344
67,65.8,0.0539983995258808
68,66.0,12.4633340835571
69,66.2,5019.73388671875
70,66.3,24.2164516448975
71,66.9,1.06692600250244
72,67.1,180.64729309082
73,67.2,820.197021484375
74,67.4,0.891202390193939
75,67.6,0.0602905862033367
76,67.8,0.174922779202461
77,68.0,16.11474609375
78,68.2,624.734130859375
79,68.3,34.5005149841309
80,68.5,0.246996909379959
81,68.7,0.0546848177909851
82,68.9,0.616291046142578
83,69.1,259.525573730469
84,69.2,533.921508789063
85,69.5,27.9497776031494
86,69.6,4.93147230148315
87,69.7,7.42866945266724
88,70.0,41.5254554748535
89,70.2,250.149978637695
90,70.3,57.1098289489746
91,70.5,3.76490092277527
92,70.8,1.5110399723053
93,71.0,26.7118186950684
94,71.2,293.151824951172
95,71.3,47.2241172790527
96,71.5,0.300194472074509
97,71.8,0.585745334625244
98,72.0,24.6143455505371
99,72.2,166.929641723633
100,72.3,24.9243793487549
101,72.5,0.895892918109894
102,72.8,0.237501427531242
103,73.0,11.2737674713135
104,73.2,1036.67309570313
105,73.3,37.131908416748
106,73.8,0.0329481735825539
107,74.0,16.5614910125732
108,74.2,1239.36206054688
109,74.3,15.7547187805176
110,74.5,0.0185333490371704
111,74.8,0.0388971529901028
112,75.0,15.402928352356
113,75.2,910.403015136719
114,75.3,26.3270797729492
115,75.4,0.597643315792084
116,75.6,0.0906074792146683
117,75.8,0.0916371122002602
118,76.0,29.571216583252
119,76.2,1009.96704101563
120,76.3,34.6517562866211
121,76.5,0.0678412094712257
122,77.0,1.5139000415802
123,77.2,4326.9873046875
124,77.3,14.1099414825439
125,78.0,10.254319190979
126,78.2,1903.61547851563
127,78.3,42.219425201416
128,79.0,3.49593877792358
129,79.2,3420.1865234375
130,79.3,5.03901147842407
131,79.9,2.30614352226257
132,80.1,206.348022460938
133,80.2,742.59228515625
134,80.4,1.06200659275055
135,80.9,0.0525111556053162
136,81.1,586.808715820313
137,81.2,950.911560058594
138,81.4,1.72257173061371
139,81.7,0.0332913845777512
140,81.9,5.60244846343994
141,82.1,251.070922851563
142,82.2,479.761474609375
143,82.4,10.4672231674194
144,82.6,1.5670975446701
145,82.8,4.06440925598145
146,83.0,50.746826171875
147,83.2,286.217712402344
148,83.3,47.5618362426758
149,83.5,0.674407958984375
150,83.8,1.05056631565094
151,84.0,33.6119422912598
152,84.2,317.361053466797
153,84.3,29.3599128723145
154,84.5,0.477977335453033
155,84.6,0.339434862136841
156,84.9,5.90115547180176
157,85.1,198.552459716797
158,85.2,221.197006225586
159,85.4,1.73344016075134
160,85.5,0.502802908420563
161,85.8,0.466079384088516
162,86.0,33.8835372924805
163,86.2,335.286804199219
164,86.3,16.5820846557617
165,86.5,0.194371357560158
166,86.8,0.297792017459869
167,87.0,27.6702899932861
168,87.2,341.269989013672
169,87.3,18.8702659606934
170,87.6,0.14243221282959
171,87.8,0.734927356243134
172,88.0,25.6730346679688
173,88.2,156.820388793945
174,88.3,19.9123668670654
175,88.4,2.97071266174316
176,88.7,0.237730234861374
177,88.9,2.63551092147827
178,89.1,251.600280761719
179,89.2,1300.55871582031
180,89.4,0.855279743671417
181,89.5,0.177668452262878
182,89.8,0.594211161136627
183,90.0,20.5555419921875
184,90.2,1290.77270507813
185,90.3,43.9678535461426
186,90.5,1.43347442150116
187,90.7,0.0522823482751846
188,91.0,8.10170459747314
189,91.2,3249.43359375
190,91.3,33.7594108581543
191,91.6,0.0180757343769073
192,91.8,0.174236357212067
193,92.0,21.8179836273193
194,92.2,891.611022949219
195,92.3,31.6029052734375
196,92.5,0.205010861158371
197,92.8,0.0584601312875748
198,93.0,18.9365062713623
199,93.2,805.860412597656
200,93.3,56.4029273986816
201,93.5,0.290470212697983
202,93.8,0.0355794541537762
203,94.0,11.1195516586304
204,94.2,14129.2451171875
205,94.3,38.8044853210449
206,94.6,0.436220109462738
207,94.7,0.199176296591759
208,94.9,12.0981578826904
209,95.1,351.310363769531
210,95.2,1285.11450195313
211,95.4,1.73206722736359
212,95.5,0.309804379940033
213,95.8,0.472714781761169
214,96.0,47.3458404541016
215,96.2,680.328674316406
216,96.3,27.0928955078125
217,96.6,0.240475922822952
218,96.8,1.55256831645966
219,97.0,40.134651184082
220,97.2,557.244018554688
221,97.3,36.2727394104004
222,97.5,0.466651409864426
223,97.8,0.848301112651825
224,98.0,38.9559555053711
225,98.2,342.275146484375
226,98.3,25.4441146850586
227,98.5,0.451664566993713
228,98.8,1.41917395591736
229,99.0,33.8552780151367
230,99.2,201.848648071289
231,99.3,20.9387950897217
232,99.5,0.181329369544983
233,99.7,0.232010066509247
234,99.9,4.78595113754272
235,100.1,63.2992782592773
236,100.2,58.2027244567871
237,100.4,2.56023335456848
238,100.7,0.371353387832642
239,100.9,5.70060634613037
240,101.1,101.411735534668
241,101.2,126.26530456543
242,101.4,2.9120237827301
243,101.7,0.240475922822952
244,101.9,3.97105598449707
245,102.1,188.217132568359
246,102.2,450.912261962891
247,102.4,1.96842467784882
248,102.6,0.304084211587906
249,102.9,3.86511850357056
250,103.1,233.229721069336
251,103.2,990.630493164063
252,103.4,0.975975275039673
253,103.6,0.0351218394935131
254,103.8,0.386683434247971
255,104.0,27.5904350280762
256,104.2,742.870056152344
257,104.3,37.3308563232422
258,104.5,0.231552451848984
259,104.6,0.0614346191287041
260,104.9,0.189795210957527
261,105.1,418.603149414063
262,105.2,1574.11437988281
263,105.4,0.112000912427902
264,105.7,0.0237959045916796
265,105.9,4.32925271987915
266,106.1,159.302032470703
267,106.2,874.450744628906
268,106.4,4.84269523620605
269,106.6,0.378217607736588
270,106.8,0.065553143620491
271,107.0,16.1211528778076
272,107.1,249.555892944336
273,107.2,7401.81005859375
274,107.4,0.833543062210083
275,107.6,0.0572016946971416
276,107.8,0.571101725101471
277,108.0,23.0773372650146
278,108.2,5663.3583984375
279,108.3,30.0777950286865
280,108.5,0.231094837188721
281,108.6,0.272280067205429
282,108.9,2.50932383537292
283,109.1,241.841323852539
284,109.2,828.119689941406
285,109.4,2.25969576835632
286,109.5,0.304885029792786
287,109.7,0.0728749558329582
288,109.9,1.02253746986389
289,110.1,680.980102539063
290,110.2,2091.85546875
291,110.4,0.313694089651108
292,110.6,0.0805399864912033
293,110.9,3.99828386306763
294,111.1,454.661468505859
295,111.2,321.435089111328
296,111.4,1.49079048633575
297,111.7,0.31552454829216
298,111.9,4.65862035751343
299,112.1,169.491134643555
300,112.2,174.581390380859
301,112.4,1.87953329086304
302,112.6,0.312893271446228
303,112.9,4.60141849517822
304,113.1,135.747512817383
305,113.2,151.28303527832
306,113.4,1.89257526397705
307,113.5,0.285322040319443
308,113.8,0.618350327014923
309,114.0,22.1170349121094
310,114.2,154.601760864258
311,114.3,22.1847610473633
312,114.5,0.472485989332199
313,114.7,0.0337489992380142
314,114.9,1.23338294029236
315,115.1,267.911346435547
316,115.2,1399.25231933594
317,115.4,0.410364955663681
318,115.7,0.0181901380419731
319,115.9,3.16988897323608
320,116.1,155.572021484375
321,116.2,396.675537109375
322,116.4,1.26655983924866
323,116.7,0.172405898571014
324,116.9,2.71868205070496
325,117.1,166.276290893555
326,117.2,538.390441894531
327,117.4,1.19276964664459
328,117.6,0.170346647500992
329,117.7,0.0363802760839462
330,117.9,3.28188991546631
331,118.1,195.172866821289
332,118.2,1261.08081054688
333,118.4,2.59592723846436
334,118.7,0.334515511989594
335,118.9,2.62544322013855
336,119.1,241.969573974609
337,119.2,658.716735839844
338,119.4,1.02093577384949
339,119.5,0.400068640708923
340,119.7,0.212790295481682
341,119.9,4.59157991409302
342,120.1,182.355331420898
343,120.2,658.428771972656
344,120.4,2.04415965080261
345,120.8,0.0189909618347883
346,121.0,15.7277202606201
347,121.2,1814.08459472656
348,121.3,12.9832973480225
349,121.7,0.0390115529298782
350,121.9,1.55062353610992
351,122.1,344.404632568359
352,122.2,1429.9697265625
353,122.4,0.671433448791504
354,122.8,0.371353387832642
355,123.0,24.9505786895752
356,123.2,700.3330078125
357,123.3,24.9153423309326
358,123.5,0.088090606033802
359,123.6,0.0834000706672668
360,123.9,2.73344016075134
361,124.1,271.42626953125
362,124.2,508.91455078125
363,124.4,1.30637228488922
364,124.6,0.0514815226197243
365,124.8,0.453609436750412
366,125.0,31.2737674713135
367,125.2,242.024139404297
368,125.3,22.6912250518799
369,125.5,0.531174898147583
370,125.7,0.13007664680481
371,125.9,4.026198387146
372,126.1,331.6650390625
373,126.2,301.395477294922
374,126.4,1.47820615768433
375,126.6,0.102963045239449
376,126.8,0.293787896633148
377,127.0,23.4044151306152
378,127.2,596.414611816406
379,127.3,26.0549144744873
380,127.5,0.30957555770874
381,127.7,0.075620636343956
382,127.9,2.26003885269165
383,128.1,294.515167236328
384,128.2,2205.29467773438
385,128.4,0.883079767227173
386,128.6,0.167257755994797
387,128.7,0.0382107309997082
388,128.9,2.25614929199219
389,129.1,163.305221557617
390,129.2,725.451416015625
391,129.4,1.38348019123077
392,129.6,0.019562978297472
393,129.9,3.00308895111084
394,130.1,112.207641601563
395,130.2,215.508178710938
396,130.4,2.07802319526672
397,130.6,0.0642947033047676
398,130.8,0.226633101701736
399,131.0,15.9141979217529
400,131.2,2107.6875
401,131.3,23.9508056640625
402,131.7,0.0689852386713028
403,131.9,2.26827597618103
404,132.1,180.666168212891
405,132.2,1255.24951171875
406,132.4,1.02185106277466
407,132.5,0.375815123319626
408,132.8,0.169431418180466
409,133.0,31.1664562225342
410,133.2,769.57763671875
411,133.3,29.2628993988037
412,133.5,0.0218510460108519
413,133.6,0.0679556131362915
414,133.9,3.30751633644104
415,134.1,688.368835449219
416,134.2,764.003784179688
417,134.4,1.2696487903595
418,134.8,0.0505662970244884
419,135.0,14.8845672607422
420,135.2,704.353637695313
421,135.3,23.6581630706787
422,135.6,0.0416428335011005
423,135.8,0.225031465291977
424,136.0,32.1464347839355
425,136.2,680.29150390625
426,136.3,18.7115898132324
427,136.5,0.138542503118515
428,136.8,0.161423176527023
429,137.0,39.5688133239746
430,137.2,398.903686523438
431,137.3,14.2858943939209
432,137.6,0.0690996423363686
433,137.8,0.419860422611237
434,138.0,32.7508277893066
435,138.2,320.402801513672
436,138.3,27.8759860992432
437,138.6,0.16394005715847
438,138.8,0.195972993969917
439,139.0,25.5555419921875
440,139.2,869.2734375
441,139.3,15.916600227356
442,139.7,0.0189909618347883
443,139.9,2.63825654983521
444,140.1,126.566757202148
445,140.2,154.254318237305
446,140.4,1.08912026882172
447,140.7,0.0377531163394451
448,140.9,1.41757237911224
449,141.1,141.306594848633
450,141.2,781.895751953125
451,141.4,0.716622829437256
452,141.6,0.0374099090695381
453,141.8,0.233497306704521
454,142.0,20.7034664154053
455,142.2,695.408508300781
456,142.3,14.6538152694702
457,142.5,0.178583681583405
458,142.7,0.0825992450118065
459,142.9,1.51504409313202
460,143.1,83.1778945922852
461,143.2,232.616409301758
462,143.4,1.46024477481842
463,143.6,0.056057658046484
464,143.8,0.200549140572548
465,144.0,16.6717758178711
466,144.2,702.001281738281
467,144.3,25.9463443756104
468,144.6,0.266674280166626
469,144.8,0.20638370513916
470,145.0,17.1290473937988
471,145.2,965.874633789063
472,145.3,20.0208206176758
473,145.5,0.0612058117985725
474,145.9,1.51504409313202
475,146.1,171.747161865234
476,146.2,635.21875
477,146.3,21.7946453094482
478,146.5,0.0859169438481331
479,146.8,0.039125956594944
480,147.0,12.6772680282593
481,147.2,1332.84387207031
482,147.3,13.7091865539551
483,147.4,0.177210852503777
484,147.6,0.017846928909421
485,147.8,0.0804255828261375
486,148.0,20.9383373260498
487,148.2,886.974853515625
488,148.3,27.4759178161621
489,148.5,0.0233382899314165
490,148.8,0.0626930519938469
491,149.0,17.4260387420654
492,149.1,992.973327636719
493,149.3,5.18258762359619
494,149.6,0.0437020920217037
495,149.8,0.0421004444360733
496,150.0,28.4276390075684
497,150.2,541.63037109375
498,150.3,16.243221282959
499,150.6,0.0971284732222557
500,150.9,0.705640077590942
501,151.1,358.9306640625
502,151.2,328.778045654297
503,151.3,8.29836368560791
504,151.7,0.0312321241945028
505,151.9,0.765129864215851
506,152.1,234.319641113281
507,152.2,505.749908447266
508,152.4,0.567669630050659
509,152.6,0.048507034778595
510,152.8,0.21015901863575
511,153.0,26.0069789886475
512,153.2,565.264709472656
513,153.3,15.2162227630615
514,153.5,0.0369522944092751
515,153.7,0.0282576363533735
516,153.9,2.2102735042572
517,154.1,103.879875183105
518,154.2,391.817993164063
519,154.4,1.37661600112915
520,154.5,0.235098958015442
521,154.8,0.34343895316124
522,155.0,28.253288269043
523,155.2,468.458526611328
524,155.3,19.096097946167
525,155.5,0.0415284298360348
526,155.7,0.0433588847517967
527,155.9,2.51778984069824
528,156.1,88.1118850708008
529,156.2,302.925750732422
530,156.4,0.983869135379791
531,156.7,0.0612058117985725
532,156.9,1.62269759178162
533,157.1,122.532775878906
534,157.2,361.247222900391
535,157.4,0.981809854507446
536,157.7,0.0946116000413895
537,157.9,2.25603485107422
538,158.1,148.552108764648
539,158.2,463.343200683594
540,158.4,0.79361629486084
541,158.6,0.141516983509064
542,158.9,1.86637687683105
543,159.1,130.902648925781
544,159.2,228.536437988281
545,159.3,25.6882514953613
546,159.6,0.130191057920456
547,159.8,0.269648790359497
548,160.0,31.591121673584
549,160.2,549.209045410156
550,160.3,17.9659080505371
551,160.5,0.126072525978088
552,160.8,0.317240595817566
553,161.0,23.7850360870361
554,161.2,479.28759765625
555,161.3,14.7662734985352
556,161.6,0.0386683456599712
557,161.8,0.370323747396469
558,162.0,25.1631393432617
559,162.2,503.136383056641
560,162.3,13.1735496520996
561,162.5,0.0927811488509178
562,162.7,0.103306256234646
563,162.9,3.68676352500916
564,163.1,231.647064208984
565,163.2,175.200210571289
566,163.4,0.520421028137207
567,163.7,0.164397671818733
568,163.9,2.53048849105835
569,164.1,154.423294067383
570,164.2,141.864776611328
571,164.3,19.3170108795166
572,164.5,0.327651292085648
573,164.9,1.94199752807617
574,165.1,198.874725341797
575,165.2,478.567901611328
576,165.4,0.626129746437073
577,166.0,25.0970134735107
578,166.2,854.796142578125
579,166.3,7.17377853393555
580,166.8,0.349159121513367
581,167.0,23.1885375976563
582,167.2,284.580474853516
583,167.3,22.0569725036621
584,167.5,0.165656104683876
585,167.8,0.254318714141846
586,168.0,17.9009265899658
587,168.1,111.899322509766
588,168.2,1324.49047851563
589,168.4,0.875300288200378
590,168.6,0.103077448904514
591,168.9,1.27102160453796
592,169.1,85.8273620605469
593,169.2,335.238647460938
594,169.3,20.6090831756592
595,169.5,0.139457732439041
596,169.9,1.65564584732056
597,170.1,80.6021041870117
598,170.2,284.813629150391
599,170.4,1.06795561313629
600,170.6,0.0172749105840921
601,170.8,0.288868546485901
602,171.0,18.10959815979
603,171.2,280.20947265625
604,171.3,19.0072078704834
605,171.6,0.0406132005155087
606,171.9,1.52728521823883
607,172.1,85.8418960571289
608,172.2,200.327301025391
609,172.4,1.33874845504761
610,172.7,0.0369522944092751
611,172.9,2.06040501594543
612,173.1,96.4244384765625
613,173.2,136.935012817383
614,173.4,0.79258668422699
615,173.6,0.0622354410588741
616,173.8,0.369179725646973
617,174.0,19.8289661407471
618,174.2,298.163146972656
619,174.3,15.4510927200317
620,174.5,0.0173893142491579
621,174.7,0.0370666980743408
622,174.9,1.86328792572021
623,175.1,102.014755249023
624,175.2,121.440452575684
625,175.4,1.08866262435913
626,175.6,0.0864889621734619
627,175.9,2.16130876541138
628,176.1,223.082260131836
629,176.2,278.995300292969
630,176.4,0.857224583625793
631,176.6,0.0415284298360348
632,176.8,0.607024371623993
633,177.0,33.334056854248
634,177.2,201.537582397461
635,177.3,15.6185789108276
636,177.4,0.917743980884552
637,177.8,0.150097236037254
638,178.0,19.4691677093506
639,178.2,588.946350097656
640,178.3,19.6303634643555
641,178.6,0.269877582788467
642,178.8,0.249742597341537
643,179.0,24.9752883911133
644,179.1,114.259124755859
645,179.2,247.879531860352
646,179.4,0.4772909283638
647,179.6,0.0822560340166092
648,179.8,0.341951727867126
649,180.0,22.3287944793701
650,180.2,249.774276733398
651,180.3,23.8977241516113
652,180.5,0.0896922573447227
653,180.9,1.40773367881775
654,181.1,130.169540405273
655,181.2,538.931030273438
656,181.4,0.529802083969116
657,181.8,0.098958931863308
658,182.0,11.3961791992188
659,182.2,542.744873046875
660,182.3,21.4696254730225
661,182.5,0.126530140638351
662,182.7,0.023567097261548
663,182.9,1.35934102535248
664,183.1,65.7033538818359
665,183.2,191.365753173828
666,183.4,1.28497886657715
667,183.7,0.122640430927277
668,183.9,1.27102160453796
669,184.1,199.90608215332
670,184.2,388.16943359375
671,184.4,0.754490315914154
672,184.7,0.114517793059349
673,184.9,1.06132018566132
674,185.1,93.3994979858398
675,185.2,128.343780517578
676,185.4,0.594096779823303
677,185.7,0.0997597500681877
678,185.9,1.6501544713974
679,186.1,97.6015319824219
680,186.2,129.223663330078
681,186.4,0.990847706794739
682,186.7,0.199519500136375
683,186.8,0.158105477690697
684,187.0,16.8458995819092
685,187.2,152.99462890625
686,187.3,14.476490020752
687,187.5,0.0811119973659515
688,187.9,1.67417919635773
689,188.1,85.4404525756836
690,188.2,90.0723037719727
691,188.3,16.3503036499023
692,188.5,0.143690660595894
693,188.8,0.228577971458435
694,189.0,17.5953559875488
695,189.2,237.723251342773
696,189.3,18.6704044342041
697,189.6,0.0377531163394451
698,189.8,0.205125272274017
699,190.0,17.2536315917969
700,190.2,202.984893798828
701,190.3,14.7091865539551
702,190.5,0.0851161181926727
703,190.6,0.0973572805523872
704,190.9,4.08946323394775
705,191.1,169.456466674805
706,191.2,154.089691162109
707,191.4,0.982725083827972
708,191.5,0.545132160186768
709,191.8,3.01487255096436
710,192.0,104.108680725098
711,192.2,196.780227661133
712,192.3,10.8163824081421
713,192.5,0.154215767979622
714,192.7,0.162109598517418
715,192.9,4.31655406951904
716,193.1,250.349151611328
717,193.2,211.815582275391
718,193.4,0.622354447841644
719,193.8,0.696487843990326
720,194.0,29.8781604766846
721,194.2,328.106292724609
722,194.3,16.8453273773193
723,194.6,0.123326852917671
724,194.8,0.151470080018044
725,195.0,16.6855049133301
726,195.2,276.947479248047
727,195.3,15.2252607345581
728,195.4,0.452465385198593
729,195.7,0.0692140460014343
730,195.9,1.59672808647156
731,196.1,93.8156967163086
732,196.2,255.373519897461
733,196.4,1.3150669336319
734,196.6,0.0725317448377609
735,196.8,0.222628995776176
736,197.0,15.2274341583252
737,197.2,311.040161132813
738,197.3,15.9755172729492
739,197.7,0.0426724627614021
740,197.9,1.56732642650604
741,198.1,120.219314575195
742,198.2,250.354766845703
743,198.4,0.7409907579422
744,198.8,0.0447317250072956
745,199.0,10.2443656921387
746,199.2,110.676582336426
747,199.3,15.2347555160522
748,199.6,0.0773366913199425
749,199.8,0.0884338170289993
750,200.0,16.8450984954834
751,200.2,168.674072265625
752,200.3,15.6006174087524
753,200.5,0.0572016946971416
754,200.7,0.0219654496759176
755,200.9,2.32776570320129
756,201.1,50.432788848877
757,201.2,54.7929306030273
758,201.4,1.29893600940704
759,201.6,0.0390115529298782
760,201.8,0.192540898919106
761,202.0,14.3942337036133
762,202.2,206.915802001953
763,202.3,16.6786403656006
764,202.5,0.0455325469374657
765,202.7,0.0994165390729904
766,202.9,2.03180408477783
767,203.1,62.2886390686035
768,203.2,65.0528564453125
769,203.3,15.361515045166
770,203.6,0.0424436554312706
771,203.8,0.186935126781464
772,204.0,12.1004457473755
773,204.2,117.651527404785
774,204.3,12.0677270889282
775,204.5,0.171033069491386
776,204.8,0.0994165390729904
777,205.0,11.4584140777588
778,205.1,39.956413269043
779,205.2,74.2782287597656
780,205.4,0.610456466674805
781,205.7,0.0860313475131989
782,205.9,2.03523635864258
783,206.1,34.3409233093262
784,206.2,67.3704376220703
785,206.4,1.21759521961212
786,206.8,0.274568140506744
787,207.0,28.6389427185059
788,207.2,1562.43811035156
789,207.3,13.2219429016113
790,207.8,0.137055262923241
791,208.0,15.7421350479126
792,208.2,448.177673339844
793,208.3,15.9283838272095
794,208.5,0.0535407848656178
795,208.8,0.213934332132339
796,209.0,19.0475921630859
797,209.2,318.14208984375
798,209.3,16.0531978607178
799,209.6,0.0394691675901413
800,209.8,0.0654387399554253
801,210.0,12.4472026824951
802,210.2,226.609771728516
803,210.3,22.2593517303467
804,210.4,0.963276505470276
805,210.7,0.0741333961486816
806,210.9,1.96201813220978
807,211.1,174.829544067383
808,211.2,178.272506713867
809,211.4,0.21553598344326
810,211.9,1.73630023002625
811,212.1,82.2924118041992
812,212.2,124.170921325684
813,212.4,1.31804144382477
814,212.6,0.0286008473485708
815,212.9,1.40693283081055
816,213.1,119.507377624512
817,213.2,129.360595703125
818,213.4,0.187621548771858
819,213.9,2.07218861579895
820,214.1,58.5087509155273
821,214.2,69.1038818359375
822,214.4,1.32982492446899
823,214.7,0.0952980220317841
824,214.9,2.6947717666626
825,215.1,113.209701538086
826,215.2,127.140716552734
827,215.4,0.397551774978638
828,215.8,0.23246768116951
829,216.0,15.2916145324707
830,216.2,102.186134338379
831,216.3,12.7921295166016
832,216.5,0.185676693916321
833,216.7,0.0229950807988644
834,216.9,1.58780455589294
835,217.1,27.2449378967285
836,217.2,30.2471103668213
837,217.4,0.835373520851135
838,217.7,0.0360370650887489
839,217.9,1.30477058887482
840,218.1,44.1941413879395
841,218.2,222.952865600586
842,218.4,1.03157532215118
843,218.7,0.0392403602600098
844,218.9,1.26942002773285
845,219.1,32.1316795349121
846,219.2,64.6065673828125
847,219.4,0.711474657058716
848,219.8,0.19700263440609
849,220.0,7.33703231811523
850,220.2,62.8938331604004
851,220.3,12.466194152832
852,220.5,0.143690660595894
853,220.8,0.190367236733437
854,221.0,11.3006525039673
855,221.2,190.106399536133
856,221.3,22.9935932159424
857,221.6,0.0955268293619156
858,221.7,0.080196775496006
859,221.9,1.21473515033722
860,222.1,48.2458534240723
861,222.2,79.5228271484375
862,222.4,1.39480602741241
863,222.6,0.166456922888756
864,222.9,2.03843951225281
865,223.1,58.3532791137695
866,223.2,70.1514663696289
867,223.4,1.55783092975616
868,223.6,0.218396067619324
869,223.8,0.244136825203896
870,224.0,12.9808950424194
871,224.1,59.6351661682129
872,224.2,92.419059753418
873,224.4,1.22903561592102
874,224.5,0.0789383351802826
875,224.9,1.29561829566956
876,225.1,92.7213134765625
877,225.2,106.891662597656
878,225.4,0.554742038249969
879,225.8,0.223887428641319
880,226.0,12.7403039932251
881,226.2,103.583343505859
882,226.3,15.913854598999
883,226.5,0.0971284732222557
884,226.8,0.281889945268631
885,227.0,16.3094615936279
886,227.2,69.7038116455078
887,227.3,10.7000341415405
888,227.5,0.0745910108089447
889,227.6,0.0977004915475845
890,227.9,1.37203979492188
891,228.1,37.1712608337402
892,228.2,58.2385292053223
893,228.4,0.899096190929413
894,228.6,0.0550280287861824
895,228.8,0.149067610502243
896,229.0,9.21828174591064
897,229.2,47.726692199707
898,229.3,8.2284631729126
899,229.5,0.0487358421087265
900,229.7,0.124356478452682
901,229.9,1.64923918247223
902,230.1,36.1462059020996
903,230.2,46.3396644592285
904,230.4,1.12801742553711
905,230.6,0.041414026170969
906,230.8,0.17629562318325
907,231.0,7.14586448669434
908,231.2,56.8510475158691
909,231.3,10.4017848968506
910,231.5,0.0692140460014343
911,231.7,0.0208214167505503
912,231.9,0.723029375076294
913,232.1,25.7635288238525
914,232.2,59.5725898742676
915,232.4,0.500858008861542
916,232.8,0.0717309266328812
917,233.0,4.60576581954956
918,233.2,26.6744079589844
919,233.3,6.79773473739624
920,233.6,0.117263473570347
921,233.9,1.07390463352203
922,234.1,32.3874855041504
923,234.2,47.9715118408203
924,234.4,0.641688585281372
925,234.8,0.227548331022263
926,235.0,6.72062683105469
927,235.2,31.6591930389404
928,235.3,7.23956060409546
929,235.5,0.0559432543814182
930,235.8,0.165198490023613
931,236.0,7.30374097824097
932,236.2,40.3694076538086
933,236.3,9.23670101165771
934,236.5,0.0219654496759176
935,236.6,0.103535063564777
936,236.8,0.120009154081345
937,237.0,8.16039371490479
938,237.2,37.290584564209
939,237.3,6.62921857833862
940,237.4,0.920146465301514
941,237.6,0.0363802760839462
942,237.8,0.124585285782814
943,238.0,8.69317054748535
944,238.2,53.5296859741211
945,238.3,9.88834190368652
946,238.5,0.0926667451858521
947,238.7,0.0582313239574432
948,238.9,1.26919114589691
949,239.0,5.32536315917969
950,239.2,27.222972869873
951,239.3,6.39697980880737
952,239.4,0.851618826389313
953,239.8,0.18464706838131
954,240.0,5.93662071228027
955,240.2,25.8642024993896
956,240.3,5.62532901763916
957,240.5,0.0386683456599712
958,240.7,0.0401555895805359
959,240.9,0.434618473052979
960,241.1,6.62315511703491
961,241.2,5.88605403900146
962,241.3,3.159592628479
963,241.5,0.0205926094204187
964,241.6,0.0640658959746361
965,241.9,1.25786519050598
966,242.0,4.81912803649902
967,242.2,27.986499786377
968,242.3,6.1788125038147
969,242.5,0.0445029176771641
970,242.8,0.0175037179142237
971,243.0,2.33588838577271
972,243.2,10.6877927780151
973,243.3,2.41356825828552
974,243.4,0.528429269790649
975,243.6,0.0236815009266138
976,243.8,0.106280744075775
977,244.0,3.68516182899475
978,244.2,31.0108680725098
979,244.3,8.60153293609619
980,244.5,0.0561720617115498
981,244.9,0.665255665779114
982,245.1,10.9759750366211
983,245.2,9.72611808776855
984,245.3,4.9747166633606
985,245.5,0.0792815461754799
986,245.7,0.0581169202923775
987,246.0,4.00652122497559
988,246.2,24.5532550811768
989,246.3,6.70220804214478
990,246.5,0.0745910108089447
991,246.8,0.082828052341938
992,247.0,2.78743839263916
993,247.2,13.3959503173828
994,247.3,3.91030764579773
995,247.6,0.043587688356638
996,247.8,0.169202610850334
997,248.0,5.70255136489868
998,248.2,30.5791091918945
999,248.3,7.83285665512085
1000,248.5,0.0967852622270584
1001,248.8,0.608168423175812
1002,249.0,16.9985122680664
1003,249.1,36.7437362670898
1004,249.3,3.55908942222595
1005,249.5,0.0594897605478764
1006,249.8,0.234298139810562
1007,250.0,7.88353729248047
1008,250.2,29.1939144134521
1009,250.3,4.90515947341919
1010,250.4,1.0928955078125
1011,250.6,0.0351218394935131
1012,250.8,0.52785724401474
1013,251.0,15.5532550811768
1014,251.1,39.5703010559082
1015,251.3,3.90367245674133
1016,251.9,1.65884912014008
1017,252.1,23.6782970428467
1018,252.2,25.905158996582
1019,252.4,0.954009830951691
1020,252.6,0.0354650504887104
1021,252.8,0.528086006641388
1022,253.0,13.6932849884033
1023,253.1,65.0960998535156
1024,253.3,4.31815576553345
1025,253.4,0.351103991270065
1026,253.7,0.060176182538271
1027,253.9,1.09781491756439
1028,254.1,15.5551996231079
1029,254.2,10.7141056060791
1030,254.4,0.518132925033569
1031,254.6,0.0211646258831024
1032,254.8,0.141059368848801
1033,255.0,4.78972673416138
1034,255.1,16.3072872161865
1035,255.3,2.73561382293701
1036,255.6,0.286923706531525
1037,255.7,0.81112003326416
1038,255.9,6.28761005401611
1039,256.1,10.7971630096436
1040,256.2,9.0530834197998
1041,256.4,0.616863071918488
1042,256.6,0.0175037179142237
1043,256.9,0.312664449214935
1044,257.1,2.7627272605896
1045,257.2,3.58505892753601
1046,257.4,0.172291502356529
1047,257.7,0.181786984205246
1048,257.9,1.25569152832031
1049,258.1,13.1242418289185
1050,258.2,11.919116973877
1051,258.3,4.4132251739502
1052,258.5,0.0552568361163139
1053,258.9,0.217366427183151
1054,259.1,2.93444681167603
1055,259.2,4.09724283218384
1056,259.4,0.371124595403671
1057,259.6,0.0354650504887104
1058,259.8,0.0375243090093136
1059,260.0,1.50200200080872
1060,260.2,7.61915111541748
1061,260.3,2.9480607509613
1062,260.8,0.0757350400090218
1063,261.0,0.423521339893341
1064,261.2,2.81192088127136
1065,261.3,0.991648554801941
1066,261.4,0.201235562562943
1067,261.8,0.0539983995258808
1068,262.0,1.52213704586029
1069,262.2,8.34607028961182
1070,262.3,2.66754364967346
1071,262.5,0.0408420078456402
1072,262.7,0.0371811017394066
1073,262.9,0.179270103573799
1074,263.0,0.537467122077942
1075,263.2,2.12641572952271
1076,263.3,0.713877141475677
1077,263.5,0.0217366442084312
1078,263.8,0.0199061892926693
1079,264.0,1.30271136760712
1080,264.2,4.80059480667114
1081,264.3,1.80139577388763
1082,264.6,0.138771310448647
1083,264.8,0.236700609326363
1084,265.0,13.0535411834717
1085,265.2,38.1630249023438
1086,265.3,3.22640419006348
1087,265.5,0.0370666980743408
1088,265.8,0.180185332894325
1089,266.0,3.99553823471069
1090,266.2,12.1367120742798
1091,266.3,2.97334408760071
1092,266.4,0.816496968269348
1093,266.6,0.228806778788567
1094,266.9,6.70026302337646
1095,267.1,127.265762329102
1096,267.2,49.584831237793
1097,267.4,0.226747512817383
1098,267.6,0.0449605323374271
1099,267.8,0.458299964666367
1100,268.0,11.6524429321289
1101,268.1,38.3541946411133
1102,268.3,3.46676588058472
1103,268.4,0.512298345565796
1104,268.7,0.0870609804987907
1105,268.9,2.88811349868774
1106,269.1,36.7400741577148
1107,269.2,29.49147605896
1108,269.4,0.348930329084396
1109,269.8,0.0410708151757717
1110,270.0,3.08500170707703
1111,270.2,11.1218395233154
1112,270.3,2.61777830123901
1113,270.5,0.0360370650887489
1114,270.7,0.122411623597145
1115,270.8,0.438279360532761
1116,271.0,8.08374309539795
1117,271.2,24.0360374450684
1118,271.3,3.37135338783264
1119,271.5,0.0796247571706772
1120,271.8,0.0993021428585052
1121,272.0,2.05880331993103
1122,272.2,7.57956743240356
1123,272.3,2.18064284324646
1124,273.0,1.13797044754028
1125,273.2,2.86088538169861
1126,273.3,0.905845999717712
1127,273.5,0.0197917856276035
1128,273.9,0.165656104683876
1129,274.1,2.34664225578308
1130,274.2,3.51275587081909
1131,274.4,0.164168864488602
1132,274.7,0.0181901380419731
1133,274.9,0.0792815461754799
1134,275.1,0.575792253017426
1135,275.2,0.813865661621094
1136,275.4,0.0355794541537762
1137,275.7,0.0205926094204187
1138,276.0,0.328108906745911
1139,276.2,1.49239218235016
1140,276.3,0.768561959266663
1141,276.9,0.0528543628752232
1142,277.1,0.342523723840714
1143,277.2,0.307058691978455
1144,277.4,0.10319185256958
1145,277.9,0.0448461286723614
1146,278.1,0.482210278511047
1147,278.2,0.80494225025177
1148,278.4,0.110742479562759
1149,278.9,0.150669261813164
1150,279.1,1.12252604961395
1151,279.2,0.704038441181183
1152,279.3,0.558288514614105
1153,279.5,0.0183045417070389
1154,280.0,0.208900585770607
1155,280.2,0.944285571575165
1156,280.3,0.385539412498474
1157,280.5,0.0181901380419731
1158,280.8,0.397094160318375
1159,281.0,32.0560569763184
1160,281.2,764.230773925781
1161,281.3,10.6133165359497
1162,281.8,0.276741802692413
1163,282.0,18.1790409088135
1164,282.2,187.728866577148
1165,282.3,9.48449802398682
1166,282.5,0.0784807205200195
1167,282.8,0.244937643408775
1168,283.0,16.1113147735596
1169,283.2,156.008117675781
1170,283.3,8.65930652618408
1171,283.5,0.0644091069698334
1172,283.8,0.065553143620491
1173,284.0,5.2110743522644
1174,284.2,26.8051719665527
1175,284.3,5.21404886245728
1176,284.4,0.987186849117279
1177,284.6,0.248712956905365
1178,284.9,4.65049743652344
1179,285.1,73.6590805053711
1180,285.2,50.966480255127
1181,285.4,0.242878392338753
1182,285.8,0.199290692806244
1183,286.0,5.0208215713501
1184,286.2,14.7500286102295
1185,286.3,2.7308087348938
1186,286.5,0.0363802760839462
1187,286.8,0.404644787311554
1188,287.0,8.49376487731934
1189,287.2,32.5245399475098
1190,287.3,6.39297580718994
1191,287.5,0.0892346426844597
1192,287.8,0.0559432543814182
1193,288.0,0.652556896209717
1194,288.2,2.96075963973999
1195,288.3,0.93650609254837
1196,288.5,0.0175037179142237
1197,288.8,0.136940851807594
1198,289.0,2.25271701812744
1199,289.2,8.13968658447266
1200,289.3,1.52396750450134
1201,289.9,0.0175037179142237
1202,290.1,0.824390828609467
1203,290.3,0.632993936538696
1204,290.5,0.0367234870791435
1205,290.9,0.0363802760839462
1206,291.1,0.130648672580719
1207,291.2,0.0744766071438789
1208,291.3,0.0760782510042191
1209,292.1,0.0723029375076294
1210,292.3,0.108912020921707
1211,292.6,0.0173893142491579
1212,292.9,0.0377531163394451
1213,293.0,0.0606337934732437
1214,293.2,0.348930329084396
1215,293.3,0.149639636278152
1216,293.7,0.0215078368782997
1217,294.0,0.0912939012050629
1218,294.2,0.171261861920357
1219,294.4,0.0941539853811264
1220,294.5,0.017846928909421
1221,294.8,0.0369522944092751
1222,295.0,2.35659527778625
1223,295.2,10.4156274795532
1224,295.3,2.92106175422668
1225,295.5,0.0353506468236446
1226,295.9,0.0215078368782997
1227,296.1,0.91694313287735
1228,296.2,1.18464708328247
1229,296.4,0.188536778092384
1230,296.8,0.0187621545046568
1231,297.0,0.688593983650208
1232,297.2,2.31678295135498
1233,297.3,0.71776682138443
1234,297.5,0.0573160983622074
1235,298.0,0.231438055634499
1236,298.2,0.476718902587891
1237,298.3,0.245967283844948
1238,298.5,0.0215078368782997
1239,298.7,0.0398123785853386
1240,298.9,1.06475234031677
1241,299.1,19.9668235778809
1242,299.2,21.0716171264648
1243,299.4,0.392861217260361
1244,300.0,1.25020015239716
1245,300.2,4.44903326034546
1246,300.3,1.65461611747742
1247,300.8,0.0177325252443552
1248,301.0,0.906646847724915
1249,301.2,3.25637793540955
1250,301.3,0.817183375358582
1251,301.6,0.0474774055182934
1252,301.8,0.0755062326788902
1253,302.1,0.142889827489853
1254,302.3,0.336117148399353
1255,302.5,0.0368378907442093
1256,303.2,0.187392741441727
1257,304.0,0.0369522944092751
1258,304.3,0.101132594048977
1259,304.5,0.0173893142491579
1260,305.2,0.0547992214560509
1261,306.1,0.0173893142491579
1262,306.4,0.0367234870791435
1263,306.8,0.0187621545046568
1264,307.3,0.0736757814884186
1265,308.1,0.0175037179142237
1266,308.3,0.0353506468236446
1267,308.9,0.0186477527022362
1268,309.0,0.0562864653766155
1269,309.2,0.058345727622509
1270,309.4,0.0539983995258808
1271,310.4,0.0572016946971416
1272,310.8,0.053883995860815
1273,311.0,0.329596161842346
1274,311.1,0.775426149368286
1275,311.4,0.176753237843513
1276,311.7,0.017846928909421
1277,311.8,0.0564008690416813
1278,312.1,0.171490669250488
1279,312.2,0.086946576833725
1280,312.4,0.0356938578188419
1281,313.0,0.410364955663681
1282,313.2,1.05628645420074
1283,313.3,0.254661947488785
1284,313.9,0.0394691675901413
1285,314.1,0.0545704141259193
1286,314.3,0.116119436919689
1287,314.8,0.0213934332132339
1288,315.0,0.0282576363533735
1289,315.2,1.54730582237244
1290,315.3,0.0790527388453484
1291,316.0,0.110628075897694
1292,316.2,0.312893271446228
1293,316.4,0.0268847960978746
1294,317.0,0.0418716408312321
1295,317.2,0.045875757932663
1296,317.3,0.123441256582737
1297,318.1,0.0184189453721046
1298,318.3,0.0197917856276035
1299,318.5,0.0173893142491579
1300,319.2,0.0185333490371704
1301,320.0,0.0202494002878666
1302,320.2,0.913167834281921
1303,320.3,0.613202154636383
1304,320.5,0.0491934567689896
1305,321.0,0.103535063564777
1306,321.2,0.338748425245285
1307,321.4,0.132822334766388
1308,323.0,0.0872897803783417
1309,323.2,0.185905501246452
1310,323.4,0.0407276041805744
1311,323.9,0.0184189453721046
1312,324.2,0.0171605087816715
1313,324.8,0.549250662326813
1314,325.0,6.97803449630737
1315,325.1,13.206841468811
1316,325.3,1.09415400028229
1317,325.5,0.0196773819625378
1318,325.9,0.244937643408775
1319,326.1,1.0269992351532
1320,326.2,0.759066462516785
1321,326.4,0.167028948664665
1322,326.6,0.244365632534027
1323,326.8,1.06234979629517
1324,327.0,22.0904922485352
1325,327.1,42.8439521789551
1326,327.3,0.933874845504761
1327,327.5,0.0176181215792894
1328,327.8,0.238302260637283
1329,328.0,3.10753917694092
1330,328.1,6.62830352783203
1331,328.3,0.681500971317291
1332,328.5,0.0229950807988644
1333,328.8,0.126873359084129
1334,329.0,2.19723153114319
1335,329.1,5.09632778167725
1336,329.3,0.424207746982574
1337,329.9,0.0550280287861824
1338,330.1,0.145749911665916
1339,330.2,0.188765585422516
1340,330.4,0.0193341728299856
1341,330.9,0.113602563738823
1342,331.2,9.40109825134277
1343,331.3,0.177668452262878
1344,331.9,0.0713877156376839
1345,332.2,3.16805863380432
1346,332.6,0.0193341728299856
1347,333.0,0.114403389394283
1348,333.2,1.32536327838898
1349,333.3,0.0231094844639301
1350,333.8,0.0186477527022362
1351,334.1,0.255462765693665
1352,334.3,0.0191053654998541
1353,334.9,0.017846928909421
1354,338.8,0.0582313239574432
1355,339.0,0.374671101570129
1356,339.1,1.07070124149323
1357,339.3,0.151126876473427
1358,340.0,0.0559432543814182
1359,340.2,0.145635515451431
1360,340.3,0.0543416067957878
1361,340.5,0.0218510460108519
1362,340.7,0.114174582064152
1363,340.9,4.53449249267578
1364,341.1,83.2402496337891
1365,341.2,43.6561050415039
1366,341.4,0.161995202302933
1367,341.8,0.186820730566978
1368,342.0,7.72177076339722
1369,342.1,21.9052734375
1370,342.3,2.02596950531006
1371,342.4,0.283377200365067
1372,342.7,0.124242074787617
1373,342.9,1.67898404598236
1374,343.1,20.27685546875
1375,343.2,14.8852529525757
1376,343.4,0.215078368782997
1377,343.7,0.0171605087816715
1378,344.0,0.641574203968048
1379,344.1,1.64317584037781
1380,344.3,0.386683434247971
1381,344.6,0.0355794541537762
1382,344.8,0.189337611198425
1383,345.0,3.63962936401367
1384,345.2,8.12721633911133
1385,345.3,1.43873703479767
1386,345.8,0.0552568361163139
1387,346.1,0.439423412084579
1388,346.2,4.80757331848145
1389,346.9,0.0176181215792894
1390,347.1,0.828280508518219
1391,347.2,1.10090374946594
1392,347.4,0.0171605087816715
1393,347.8,0.0192197691649199
1394,348.0,0.098958931863308
1395,348.2,0.579796373844147
1396,348.3,0.0552568361163139
1397,349.1,0.09003546833992
1398,349.2,0.0223086606711149
1399,349.3,0.0637226849794388
1400,351.5,0.0347786284983158
1401,352.3,0.017846928909421
1402,352.8,0.0173893142491579
1403,353.3,0.036494679749012
1404,354.0,0.0185333490371704
1405,354.3,0.0426724627614021
1406,354.8,0.38702666759491
1407,355.0,15.1295042037964
1408,355.2,171.199066162109
1409,355.3,13.1242418289185
1410,355.5,0.0366090834140778
1411,355.7,0.0179613325744867
1412,355.9,1.43210160732269
1413,356.1,26.381420135498
1414,356.2,23.5763645172119
1415,356.3,7.11508989334106
1416,356.5,0.106852762401104
1417,356.8,0.15238530933857
1418,357.0,6.53254795074463
1419,357.2,31.7931594848633
1420,357.3,5.39309024810791
1421,357.5,0.0419860444962978
1422,357.9,0.149868428707123
1423,358.1,1.86122870445251
1424,358.2,1.4684818983078
1425,358.3,0.986729204654694
1426,358.8,0.179613322019577
1427,359.0,3.55783081054688
1428,359.2,14.0073213577271
1429,359.3,3.75506234169006
1430,359.5,0.0187621545046568
1431,359.7,0.0196773819625378
1432,359.9,0.0807687938213348
1433,360.1,0.705640077590942
1434,360.2,0.564580738544464
1435,360.3,0.38027685880661
1436,360.8,0.0388971529901028
1437,361.0,0.222171381115913
1438,361.2,0.561034202575684
1439,361.3,0.341150909662247
1440,362.0,0.0386683456599712
1441,362.3,0.0529687665402889
1442,362.6,0.0192197691649199
1443,362.8,0.0173893142491579
1444,363.0,0.259352475404739
1445,363.2,1.8600846529007
1446,363.3,0.41894519329071
1447,364.0,0.0842008888721466
1448,364.1,0.199633911252022
1449,364.3,0.102047823369503
1450,365.0,0.0624642483890057
1451,365.2,0.0915227085351944
1452,367.3,0.12630133330822
1453,367.5,0.0901498720049858
1454,367.6,0.065781943500042
1455,368.2,0.0180757343769073
1456,368.3,0.1478091776371
1457,368.5,0.0660107508301735
1458,368.9,0.0544560104608536
1459,369.1,0.446974039077759
1460,369.2,0.635396420955658
1461,369.5,0.0383251346647739
1462,370.0,0.038782749325037
1463,370.2,0.0788239315152168
1464,370.4,0.0977004915475845
1465,370.5,0.020935820415616
1466,371.0,0.0561720617115498
1467,371.1,0.349731147289276
1468,371.3,0.159821525216103
1469,371.9,0.0179613325744867
1470,372.1,0.0261983759701252
1471,372.7,0.055714450776577
1472,373.0,0.84624183177948
1473,373.2,2.63516759872437
1474,373.3,0.839720845222473
1475,373.7,0.0192197691649199
1476,373.9,0.0224230643361807
1477,374.1,0.185333490371704
1478,374.4,0.0380963273346424
1479,374.9,0.0189909618347883
1480,375.1,0.103420659899712
1481,375.3,0.0345498211681843
1482,377.2,0.0497654713690281
1483,377.3,0.0227662734687328
1484,379.2,0.0228806771337986
1485,379.5,0.0768790766596794
1486,381.1,0.0177325252443552
1487,382.2,0.0180757343769073
1488,383.1,0.058345727622509
1489,384.9,0.186706319451332
1490,385.0,0.461960881948471
1491,385.2,0.338176399469376
1492,385.6,0.0208214167505503
1493,386.0,0.0542272068560123
1494,386.1,0.0569728873670101
1495,386.9,0.275368958711624
1496,387.1,1.25878047943115
1497,387.2,0.722114145755768
1498,387.4,0.0419860444962978
1499,387.9,0.0185333490371704
1500,388.0,0.0551424324512482
1501,389.0,0.192312091588974
1502,389.2,0.555542826652527
1503,389.3,0.0203638020902872
1504,390.0,0.0779087096452713
1505,390.2,0.0625786557793617
1506,391.1,0.0433588847517967
1507,393.4,0.0185333490371704
1508,395.5,0.0173893142491579
1509,398.5,0.0370666980743408
1510,398.8,0.0189909618347883
1511,399.0,0.339434862136841
1512,399.2,0.778286218643188
1513,399.3,0.0610914081335068
1514,399.5,0.0360370650887489
1515,399.7,0.0171605087816715
1516,400.1,0.11932273209095
1517,400.3,0.0567440800368786
1518,400.7,0.207298934459686
1519,400.9,3.75437593460083
1520,401.1,19.0550289154053
1521,401.2,9.48907470703125
1522,401.4,0.204667657613754
1523,401.9,0.43347442150116
1524,402.1,3.10605192184448
1525,402.2,1.41105139255524
1526,402.4,0.0584601312875748
1527,402.8,0.178698092699051
1528,403.0,1.3207870721817
1529,403.1,2.31952857971191
1530,403.3,0.506692588329315
1531,404.0,0.101018190383911
1532,404.1,0.123212449252605
1533,404.3,0.0220798533409834
1534,404.8,0.0183045417070389
1535,405.0,0.187964767217636
1536,405.2,6.5781946182251
1537,405.3,0.0602905862033367
1538,406.0,0.0425580590963364
1539,406.2,2.2110743522644
1540,406.3,0.0872897803783417
1541,406.9,0.0173893142491579
1542,407.2,0.915799081325531
1543,407.3,0.348701506853104
1544,408.2,0.276627391576767
1545,408.3,0.0737901851534843
1546,409.0,0.0207070130854845
1547,410.3,0.0180757343769073
1548,412.3,0.0189909618347883
1549,413.2,0.0179613325744867
1550,414.8,0.167372152209282
1551,415.0,6.08294248580933
1552,415.2,26.5018882751465
1553,415.3,4.51092529296875
1554,415.6,0.0368378907442093
1555,415.8,0.147351562976837
1556,416.0,1.3784464597702
1557,416.2,5.09461164474487
1558,416.3,1.21301913261414
1559,416.4,0.289554983377457
1560,416.6,0.019562978297472
1561,416.8,0.128818213939667
1562,417.0,1.35282003879547
1563,417.2,4.46848201751709
1564,417.3,1.58425807952881
1565,417.5,0.0196773819625378
1566,417.7,0.0176181215792894
1567,418.0,0.0402699932456017
1568,418.2,0.320787101984024
1569,418.3,0.118865117430687
1570,418.5,0.0183045417070389
1571,418.8,0.017846928909421
1572,419.0,0.1123441234231
1573,419.2,0.497769147157669
1574,419.3,0.268504738807678
1575,420.2,0.0194485764950514
1576,421.1,0.0577737092971802
1577,421.3,0.153758153319359
1578,421.8,0.0171605087816715
1579,422.4,0.0180757343769073
1580,423.1,0.0861457511782646
1581,423.3,0.0371811017394066
1582,428.7,0.0400411859154701
1583,428.9,0.947946488857269
1584,429.1,14.8396062850952
1585,429.2,21.56103515625
1586,429.4,0.560462176799774
1587,429.7,0.0183045417070389
1588,429.9,0.206726923584938
1589,430.1,3.24242067337036
1590,430.2,4.91545581817627
1591,430.4,0.393662065267563
1592,430.6,0.101933419704437
1593,430.8,0.0192197691649199
1594,431.0,1.03443539142609
1595,431.2,4.11028480529785
1596,431.3,1.19654500484467
1597,431.4,0.221599355340004
1598,432.0,0.0201349966228008
1599,432.1,0.0973572805523872
1600,432.3,0.0941539853811264
1601,432.9,0.0608626008033752
1602,433.1,0.612401306629181
1603,433.2,0.570072054862976
1604,433.3,0.414369076490402
1605,433.9,0.0176181215792894
1606,434.2,0.0547992214560509
1607,434.3,0.0375243090093136
1608,435.1,0.0189909618347883
1609,437.0,0.0172749105840921
1610,437.2,0.0188765581697226
1611,437.4,0.0200205929577351
1612,444.7,0.0205926094204187
1613,444.9,0.0184189453721046
1614,445.3,0.0584601312875748
1615,446.8,0.0219654496759176
1616,447.1,0.0175037179142237
1617,449.1,0.0197917856276035
1618,450.5,0.0181901380419731
1619,458.4,0.0194485764950514
1620,459.0,0.0376387126743793
1621,459.2,0.0377531163394451
1622,460.2,0.0393547639250755
1623,460.8,0.0747054144740105
1624,461.0,0.879647612571716
1625,461.2,1.2725088596344
1626,461.3,0.316668570041656
1627,461.9,0.0784807205200195
1628,462.2,0.181329369544983
1629,462.3,0.0368378907442093
1630,462.8,0.0172749105840921
1631,463.0,0.0541128031909466
1632,463.2,0.0185333490371704
1633,465.1,0.0176181215792894
1634,474.7,0.0382107309997082
1635,474.9,0.25775083899498
1636,475.1,3.09426832199097
1637,475.2,2.34286689758301
1638,475.3,2.28635168075562
1639,475.5,0.0553712397813797
1640,476.0,0.116805858910084
1641,476.2,0.543644905090332
1642,476.3,0.197689056396484
1643,476.5,0.0360370650887489
1644,477.0,0.0793959498405457
1645,477.2,0.290699005126953
1646,477.3,0.105937533080578
1647,479.2,0.610342085361481
1648,479.3,0.230179607868195
1649,480.0,0.0335201919078827
1650,480.2,0.18624871969223
1651,480.3,0.124470882117748
1652,481.2,0.088090606033802
1653,481.4,0.0175037179142237
1654,485.1,0.0194485764950514
1655,488.9,0.254547536373138
1656,489.1,3.68962359428406
1657,489.2,6.59741449356079
1658,489.4,0.673835933208466
1659,489.6,0.120009154081345
1660,490.1,0.517904102802277
1661,490.3,0.990161299705505
1662,490.4,0.208442971110344
1663,491.0,0.0740189924836159
1664,491.2,0.42649582028389
1665,491.3,0.310719609260559
1666,491.8,0.0176181215792894
1667,492.1,0.0171605087816715
1668,492.4,0.0175037179142237
1669,492.6,0.0208214167505503
1670,493.2,0.125386103987694
1671,493.7,0.0176181215792894
1672,494.1,0.0175037179142237
1673,494.4,0.0186477527022362
1674,495.4,0.0194485764950514
1675,497.2,0.0837432816624641
1676,497.4,0.0410708151757717
1677,499.1,0.0177325252443552
1678,501.0,0.0378675200045109
1679,501.2,0.0430156737565994
1680,501.3,0.053426381200552
1681,501.9,0.0225374680012465
1682,503.0,0.172062695026398
1683,503.2,0.896922528743744
1684,503.3,0.469969123601913
1685,503.5,0.0186477527022362
1686,504.1,0.0445029176771641
1687,504.2,0.109827250242233
1688,504.4,0.0191053654998541
1689,505.1,0.0785951241850853
1690,505.2,0.078251913189888
1691,507.0,0.0350074358284473
1692,507.2,0.0523967519402504
1693,507.4,0.0591465495526791
1694,508.0,0.0180757343769073
1695,512.1,0.0171605087816715
1696,519.1,0.0362658724188805
1697,533.2,0.0175037179142237
1698,534.9,0.0184189453721046
1699,535.0,0.116233840584755
1700,535.2,0.181558176875114
1701,535.4,0.0272280052304268
1702,535.6,0.0237959045916796
1703,536.0,0.0196773819625378
1704,536.3,0.0586889386177063
1705,536.5,0.0171605087816715
1706,537.1,0.0179613325744867
1707,537.3,0.0179613325744867
1708,549.0,0.0763070583343506
1709,549.2,0.739732325077057
1710,549.3,0.640315771102905
1711,549.5,0.0192197691649199
1712,549.9,0.0353506468236446
