#"+ Scan (rt: 0.088-65.997 min, 11533 scans) 180621_SP21H_1.D "
#Point,X(Thompsons),Y(Counts)
0,50.1,37481.69140625
1,50.3,1.35706233978271
2,51.0,10.6297578811646
3,51.2,58346.2578125
4,51.3,0.715338587760925
5,51.7,0.0215035118162632
6,51.9,0.453307896852493
7,52.1,10368.923828125
8,52.2,25843.130859375
9,52.4,0.0955518931150436
10,52.8,0.102054975926876
11,53.0,16.3610515594482
12,53.2,48792.578125
13,53.3,3.88719320297241
14,53.8,0.134570360183716
15,54.0,7.9740743637085
16,54.2,41214.00390625
17,54.3,5.27789831161499
18,54.6,0.0377178527414799
19,54.8,0.0455215461552143
20,55.0,2.32758164405823
21,55.2,91707.203125
22,55.3,3.14185380935669
23,55.7,0.0473424084484577
24,56.0,6.0799446105957
25,56.2,52951.17578125
26,56.3,16.5181655883789
27,56.6,0.0229775421321392
28,56.8,0.0294806212186813
29,57.0,3.07370162010193
30,57.2,63796.91796875
31,57.3,392.488677978516
32,57.5,37.0184669494629
33,57.7,31.3204708099365
34,58.0,256.077087402344
35,58.2,12773.123046875
36,58.3,642.18896484375
37,58.6,893.164245605469
38,58.7,182.453048706055
39,58.9,157.164749145508
40,59.1,11273.0908203125
41,59.2,6571.72900390625
42,59.4,0.173068583011627
43,59.8,0.10630364716053
44,60.0,94.3462219238281
45,60.1,13130.61328125
46,60.3,1.15581369400024
47,60.5,0.0339027121663094
48,60.8,0.249458074569702
49,61.0,114.860488891602
50,61.1,9164.7802734375
51,61.3,7.61857271194458
52,61.4,0.0534119494259357
53,61.7,0.0991069078445435
54,61.9,6.70163869857788
55,62.1,12369.283203125
56,62.2,3778.20166015625
57,62.4,1.15711438655853
58,62.6,0.0328622199594975
59,62.8,0.135264024138451
60,63.0,44.050895690918
61,63.1,37770.40625
62,63.3,8.86404228210449
63,63.5,0.0880083218216896
64,63.9,2.43449234962463
65,64.1,26016.3671875
66,64.2,4112.27734375
67,64.4,5.31136751174927
68,64.8,0.0835862308740616
69,65.0,14.1913642883301
70,65.2,58557.5078125
71,65.3,2.31622290611267
72,65.5,0.0219370499253273
73,65.9,3.81635308265686
74,66.1,10773.275390625
75,66.2,26242.669921875
76,66.4,0.0806381702423096
77,66.5,0.0324286818504333
78,66.8,0.0841064751148224
79,67.0,17.2395725250244
80,67.2,56371.13671875
81,67.3,6.4740309715271
82,67.4,0.159455478191376
83,67.8,0.195092350244522
84,68.0,24.381254196167
85,68.1,4194.3779296875
86,68.2,26981.2265625
87,68.4,0.320645093917847
88,68.8,0.108037807047367
89,69.0,12.0864477157593
90,69.2,45627.4609375
91,69.3,51.7161178588867
92,69.5,0.014046648517251
93,69.7,0.0148270176723599
94,69.9,1.76389491558075
95,70.1,2743.56225585938
96,70.2,32946.43359375
97,70.4,0.999826610088348
98,70.7,0.0291337892413139
99,70.9,1.26471865177155
100,71.1,1590.68823242188
101,71.2,31209.228515625
102,71.5,92.15625
103,71.6,16.488597869873
104,71.8,26.4975280761719
105,71.9,59.852855682373
106,72.1,3910.32348632813
107,72.2,6198.0458984375
108,72.4,21.8750534057617
109,72.5,28.2646312713623
110,72.7,10.7378826141357
111,73.0,66.3197784423828
112,73.1,25568.998046875
113,73.3,0.650047659873962
114,73.8,0.0196826495230198
115,74.0,26.65993309021
116,74.1,14941.5498046875
117,74.3,3.35211992263794
118,74.6,0.0240180343389511
119,74.9,0.680568814277649
120,75.1,10237.0068359375
121,75.2,2195.48364257813
122,75.4,0.0445677638053894
123,75.6,0.0881817415356636
124,75.8,0.0599150247871876
125,75.9,1.91181826591492
126,76.1,8380.3955078125
127,76.2,5464.9462890625
128,76.4,0.465100139379501
129,77.0,7.37379693984985
130,77.1,76166.546875
131,78.1,20866.09765625
132,78.2,23694.73828125
133,78.9,0.448712378740311
134,79.1,17684.1796875
135,79.2,46853.60546875
136,79.4,0.0218503419309855
137,79.8,0.0569669641554356
138,79.9,1.74213123321533
139,80.1,9995.267578125
140,80.2,33613.5859375
141,80.4,0.279458940029144
142,80.6,0.0533252395689487
143,80.8,0.0893956497311592
144,81.0,45.592041015625
145,81.2,45138.40234375
146,81.3,0.345790326595306
147,81.4,0.0388450548052788
148,81.9,2.80221962928772
149,82.1,3175.62866210938
150,82.2,25411.93359375
151,82.3,26.4461975097656
152,82.5,0.152172029018402
153,82.7,0.089829184114933
154,82.9,2.77065801620483
155,83.1,1633.20483398438
156,83.2,23017.671875
157,83.4,0.84496659040451
158,83.7,0.309026271104813
159,83.9,21.9177150726318
160,84.1,3556.07153320313
161,84.2,16051.908203125
162,84.4,2.80187296867371
163,84.6,0.200468227267265
164,84.8,0.712563931941986
165,85.0,41.2780723571777
166,85.2,20772.595703125
167,85.3,41.5420951843262
168,85.4,0.46241220831871
169,85.7,0.237058877944946
170,85.9,12.4600715637207
171,86.0,52.5677604675293
172,86.2,8895.2353515625
173,86.3,34.9335823059082
174,86.5,0.410821110010147
175,86.6,0.154773265123367
176,86.9,2.82797193527222
177,87.1,5729.7666015625
178,87.2,2172.87719726563
179,87.4,0.371455818414688
180,87.6,0.509321093559265
181,87.8,4.81930112838745
182,88.0,126.807945251465
183,88.1,3611.974609375
184,88.3,33.6433715820313
185,88.4,4.78652572631836
186,88.6,0.014566894620657
187,88.8,0.76164048910141
188,89.0,126.747337341309
189,89.1,26440.673828125
190,89.3,6.74932813644409
191,89.4,0.573137938976288
192,89.7,0.688806056976318
193,89.9,19.6504821777344
194,90.1,13748.6240234375
195,90.2,6452.2314453125
196,90.4,4.51426362991333
197,91.0,11.9126853942871
198,91.2,180153.40625
199,91.3,0.610942542552948
200,91.9,2.03190851211548
201,92.1,11973.9267578125
202,92.2,73439.234375
203,92.4,0.31535592675209
204,92.6,0.0496835187077522
205,92.8,0.162490248680115
206,93.0,35.5517196655273
207,93.2,43192.3828125
208,93.3,14.8690710067749
209,93.5,0.125466048717499
210,93.8,0.278331756591797
211,94.0,32.829532623291
212,94.1,76275.5234375
213,94.3,11.4304170608521
214,94.5,0.023584496229887
215,94.8,0.456255972385406
216,95.0,24.630277633667
217,95.2,38600.3671875
218,95.3,49.207576751709
219,95.5,0.0457816682755947
220,95.8,0.168819904327393
221,95.9,1.07474207878113
222,96.1,7775.955078125
223,96.2,19019.373046875
224,96.4,0.181826069951057
225,96.5,0.201682135462761
226,96.8,16.6138896942139
227,97.0,300.940246582031
228,97.1,2569.09106445313
229,97.2,17968.41796875
230,97.4,0.565767824649811
231,97.6,0.0867077112197876
232,97.8,2.48244166374207
233,98.0,74.7641525268555
234,98.2,15079.6416015625
235,98.3,26.4355335235596
236,98.4,1.79615020751953
237,98.7,0.666955709457397
238,98.9,9.6625337600708
239,99.0,56.6430244445801
240,99.1,15520.3095703125
241,99.3,32.2977523803711
242,99.4,1.67857456207275
243,99.7,1.49197947978973
244,99.9,16.8024806976318
245,100.1,6557.59765625
246,100.2,2366.76977539063
247,100.4,4.44819211959839
248,100.6,0.398942172527313
249,100.8,2.41975212097168
250,100.9,10.8001384735107
251,101.1,3499.89672851563
252,101.2,1777.06713867188
253,101.3,40.3169174194336
254,101.5,1.44957947731018
255,101.8,1.26896727085114
256,102.0,98.2950668334961
257,102.1,11045.5634765625
258,102.3,34.0625152587891
259,102.4,2.86855101585388
260,102.7,0.0711870267987251
261,102.9,4.62290811538696
262,103.1,14093.4970703125
263,103.2,12305.7607421875
264,103.4,0.282146871089935
265,103.7,0.196392953395844
266,103.8,0.338680297136307
267,104.0,93.576171875
268,104.2,31851.40625
269,104.3,8.98092460632324
270,104.5,0.022630712017417
271,104.9,0.447758615016937
272,105.1,13628.025390625
273,105.2,38605.47265625
274,105.8,0.177750796079636
275,106.0,56.3172645568848
276,106.2,44649.859375
277,106.3,20.412467956543
278,106.4,0.467961490154266
279,106.6,0.188242435455322
280,106.8,0.767883479595184
281,107.0,38.9119911193848
282,107.2,115596.2421875
283,107.3,5.73320055007935
284,107.6,0.378565847873688
285,107.7,0.118182606995106
286,107.9,2.95248413085938
287,108.0,22.8770484924316
288,108.2,73588.6328125
289,108.3,24.0112724304199
290,108.5,0.640856683254242
291,108.7,0.127026796340942
292,108.9,6.12789392471313
293,109.1,3864.68920898438
294,109.2,25377.04296875
295,109.3,33.6026191711426
296,109.6,0.679788410663605
297,109.8,1.10014736652374
298,110.0,55.3466567993164
299,110.2,18387.78515625
300,110.3,20.3642597198486
301,110.6,0.382727831602097
302,110.7,0.211913645267487
303,110.9,5.53594017028809
304,111.1,3714.4462890625
305,111.2,10910.46875
306,111.4,1.07387495040894
307,111.6,0.404144614934921
308,111.8,3.06477069854736
309,111.9,10.7874794006348
310,112.1,2983.6826171875
311,112.2,7107.2451171875
312,112.4,4.32151222229004
313,112.7,1.60695397853851
314,112.9,13.9365301132202
315,113.1,7547.33251953125
316,113.2,5148.67431640625
317,113.4,2.32628107070923
318,113.6,1.77603399753571
319,113.8,4.10404920578003
320,114.0,81.1060409545898
321,114.1,2852.70678710938
322,114.2,2833.57153320313
323,114.4,5.27044153213501
324,114.6,0.0541056096553802
325,114.9,3.54331040382385
326,115.1,24848.3046875
327,115.2,11581.3623046875
328,115.4,0.147576525807381
329,115.6,0.080811582505703
330,115.8,0.953437983989716
331,116.0,89.7573013305664
332,116.1,21486.287109375
333,116.3,23.3407611846924
334,116.4,2.2222318649292
335,116.6,0.133790001273155
336,116.8,0.617792427539825
337,117.0,77.5807647705078
338,117.2,55459.2109375
339,117.3,8.69973087310791
340,117.6,0.190410122275352
341,117.8,1.2510187625885
342,118.0,68.6732864379883
343,118.2,25892.880859375
344,118.3,23.8727989196777
345,118.5,0.659412145614624
346,118.8,0.602098345756531
347,118.9,3.89794492721558
348,119.1,6376.5478515625
349,119.2,25176.544921875
350,119.4,0.5837162733078
351,119.7,0.246596723794937
352,119.9,5.95890045166016
353,120.1,5247.56005859375
354,120.2,30650.0546875
355,120.4,1.61631834506989
356,120.6,0.428769618272781
357,120.9,3.73536801338196
358,121.1,6422.3017578125
359,121.2,42526.453125
360,121.4,0.475851893424988
361,121.6,0.0502904690802097
362,121.9,2.9726870059967
363,122.1,3390.04174804688
364,122.2,37049.203125
365,122.4,0.0988467857241631
366,122.6,0.0189022812992334
367,122.8,0.68672502040863
368,123.0,54.7432594299316
369,123.2,21649.291015625
370,123.3,25.1877212524414
371,123.5,0.37223619222641
372,123.8,0.948582351207733
373,124.0,55.2639389038086
374,124.1,3310.85986328125
375,124.2,10381.4130859375
376,124.4,1.93028700351715
377,124.6,0.935055911540985
378,124.8,2.10491633415222
379,125.0,99.3811645507813
380,125.2,12546.4248046875
381,125.3,53.8838119506836
382,125.5,0.72504985332489
383,125.7,3.15702772140503
384,125.9,29.7049331665039
385,126.0,76.6421585083008
386,126.2,9188.9765625
387,126.3,59.4566879272461
388,126.4,6.56334018707275
389,126.6,0.806901931762695
390,126.8,3.99245643615723
391,127.0,188.73908996582
392,127.2,13473.4873046875
393,127.3,48.961067199707
394,127.5,1.15182518959045
395,127.8,1.65360271930695
396,128.0,74.1592788696289
397,128.2,24547.0625
398,128.3,69.5344696044922
399,128.4,2.01005816459656
400,128.7,0.392092257738113
401,128.9,5.87297344207764
402,129.1,7658.12451171875
403,129.2,17941.265625
404,129.3,25.1252059936523
405,129.5,0.246856838464737
406,129.7,0.48157462477684
407,129.9,5.37232303619385
408,130.1,8138.10302734375
409,130.2,34157.015625
410,130.4,1.68880605697632
411,130.6,0.202202379703522
412,130.8,1.21468830108643
413,131.0,52.1220855712891
414,131.2,42649.4921875
415,131.3,11.2311630249023
416,131.5,0.212087050080299
417,131.6,0.468828588724136
418,131.9,5.44767189025879
419,132.1,7461.67822265625
420,132.2,18325.271484375
421,132.4,0.802566528320313
422,132.6,0.18668170273304
423,132.9,4.88173055648804
424,133.1,8148.18701171875
425,133.2,19867.931640625
426,133.5,0.117488943040371
427,133.7,0.300789028406143
428,133.8,2.94086527824402
429,134.0,139.61865234375
430,134.2,24404.533203125
431,134.3,25.7078819274902
432,134.5,0.289863854646683
433,134.7,0.0828925669193268
434,134.9,2.29021072387695
435,135.1,3140.60791015625
436,135.2,21886.0234375
437,135.4,0.364172369241714
438,135.7,0.0850602611899376
439,135.9,5.09988737106323
440,136.1,1271.85083007813
441,136.2,19750.01953125
442,136.4,0.974768042564392
443,136.6,0.0728344768285751
444,136.9,5.36902809143066
445,137.1,2079.83764648438
446,137.2,12640.9521484375
447,137.4,0.213387668132782
448,137.6,0.0408393293619156
449,137.8,1.2775514125824
450,138.0,62.9842185974121
451,138.2,11746.22265625
452,138.3,60.7307739257813
453,138.4,1.77534031867981
454,138.6,0.295413166284561
455,138.8,1.14133358001709
456,139.0,100.572273254395
457,139.2,10805.193359375
458,139.3,23.5993232727051
459,139.5,0.336859434843063
460,139.8,2.99427723884583
461,140.0,74.5425338745117
462,140.2,6748.537109375
463,140.3,129.276504516602
464,140.5,1.192751288414
465,140.8,2.11610150337219
466,141.0,90.0021667480469
467,141.2,16725.53125
468,141.3,47.5645523071289
469,141.4,2.57270431518555
470,141.7,1.16994714736938
471,141.9,14.4063987731934
472,142.1,3959.09130859375
473,142.2,9781.58984375
474,142.4,4.0337290763855
475,142.7,0.483395487070084
476,142.9,9.62481594085693
477,143.1,2867.50415039063
478,143.2,16990.2265625
479,143.4,1.91858148574829
480,143.6,0.141333565115929
481,143.8,1.48010063171387
482,143.9,4.14393472671509
483,144.1,2632.12084960938
484,144.2,22434.013671875
485,144.4,1.6666955947876
486,144.5,1.0274863243103
487,144.8,1.20645105838776
488,145.0,40.264892578125
489,145.2,33367.1171875
490,145.3,27.8065547943115
491,145.6,0.509754598140717
492,145.7,0.291164487600327
493,145.9,6.87756872177124
494,146.1,2664.10815429688
495,146.2,20275.1875
496,146.3,49.7560043334961
497,146.5,0.385589182376862
498,146.7,0.325847566127777
499,146.9,6.18711519241333
500,147.1,7000.5439453125
501,147.2,16920.27734375
502,147.4,0.798664689064026
503,147.6,0.214601576328278
504,147.8,1.00537586212158
505,148.0,37.3365135192871
506,148.2,17768.896484375
507,148.3,37.831615447998
508,148.5,0.624295473098755
509,148.8,1.79615020751953
510,149.0,55.6697311401367
511,149.2,22401.263671875
512,149.3,11.3269748687744
513,149.5,0.0247984044253826
514,149.7,0.411428064107895
515,149.9,5.93999814987183
516,150.1,1805.95874023438
517,150.2,10907.556640625
518,150.4,1.30954647064209
519,150.7,0.508800804615021
520,150.9,8.10309505462646
521,151.1,1614.1826171875
522,151.2,9938.591796875
523,151.4,0.478193014860153
524,151.6,0.158154860138893
525,151.8,1.3629584312439
526,152.0,51.3424949645996
527,152.1,3026.39453125
528,152.2,10528.1357421875
529,152.4,1.5560564994812
530,152.6,0.475678473711014
531,152.9,7.37119579315186
532,153.1,3373.2353515625
533,153.2,7822.62353515625
534,153.4,0.523281037807465
535,153.6,0.151738494634628
536,153.8,1.18616139888763
537,154.0,69.5503311157227
538,154.2,10198.7529296875
539,154.3,176.370071411133
540,154.5,0.764761984348297
541,154.8,1.8051677942276
542,155.0,124.584320068359
543,155.2,13651.5478515625
544,155.3,61.1925773620605
545,155.5,0.352900385856628
546,155.7,0.593080699443817
547,155.9,11.8701114654541
548,156.1,2059.38745117188
549,156.2,12620.1484375
550,156.3,128.345092773438
551,156.5,1.43926119804382
552,156.7,0.684210538864136
553,156.9,10.214427947998
554,157.1,1377.35717773438
555,157.2,16280.3720703125
556,157.4,2.33998084068298
557,157.6,0.182172894477844
558,157.8,1.6380820274353
559,158.0,31.4259948730469
560,158.2,18156.314453125
561,158.3,41.539493560791
562,158.5,0.508627414703369
563,158.7,0.638515591621399
564,158.8,1.60409259796143
565,159.0,48.1368255615234
566,159.2,22643.25390625
567,159.3,41.0362434387207
568,159.4,1.16249024868011
569,159.6,0.213300958275795
570,159.8,1.56481397151947
571,160.0,32.2093124389648
572,160.1,1487.17309570313
573,160.2,15918.1455078125
574,160.4,4.38134050369263
575,160.7,0.650914788246155
576,160.9,13.0273132324219
577,161.1,2827.09228515625
578,161.2,11796.2939453125
579,161.4,0.95074999332428
580,161.7,0.461631834506989
581,161.8,1.42616844177246
582,162.0,72.790168762207
583,162.2,12305.1552734375
584,162.3,68.8101959228516
585,162.5,1.23437094688416
586,162.8,3.95430493354797
587,163.0,308.161712646484
588,163.2,9989.890625
589,163.3,29.7325057983398
590,163.6,0.814965724945068
591,163.7,0.758605718612671
592,163.9,16.9762420654297
593,164.1,654.447814941406
594,164.2,7264.11376953125
595,164.4,3.17506289482117
596,164.6,0.371195703744888
597,164.8,2.50932097434998
598,165.0,156.531860351563
599,165.2,13634.453125
600,165.3,57.5247535705566
601,165.4,1.27824509143829
602,165.7,0.418451398611069
603,165.9,6.20749139785767
604,166.1,6361.7568359375
605,166.2,6785.78466796875
606,166.4,1.76346135139465
607,166.6,0.234024107456207
608,166.8,2.22205853462219
609,167.0,72.7514114379883
610,167.1,1958.49060058594
611,167.2,9122.8486328125
612,167.4,2.00043344497681
613,167.6,0.392612516880035
614,167.8,1.64094340801239
615,168.0,44.3299217224121
616,168.1,1383.93920898438
617,168.2,8715.5087890625
618,168.4,4.02037620544434
619,168.6,0.326194405555725
620,168.8,1.98794758319855
621,169.0,48.6568984985352
622,169.2,11124.443359375
623,169.3,167.528228759766
624,169.4,4.49007177352905
625,169.6,0.504292011260986
626,169.8,1.62628972530365
627,170.0,35.7897338867188
628,170.2,12633.37109375
629,170.3,149.835693359375
630,170.4,4.1365647315979
631,170.7,0.928552865982056
632,170.9,5.9719066619873
633,171.0,24.9782371520996
634,171.2,12669.68359375
635,171.3,64.6483154296875
636,171.5,0.844186246395111
637,171.7,0.287609457969666
638,171.9,3.76823019981384
639,172.1,480.13916015625
640,172.2,11383.462890625
641,172.3,51.9756355285645
642,172.6,0.951877236366272
643,172.7,0.511922299861908
644,172.9,5.14436817169189
645,173.1,452.596893310547
646,173.2,11977.447265625
647,173.4,2.836989402771
648,173.6,0.304344058036804
649,173.8,1.89829182624817
650,174.0,30.1269397735596
651,174.1,754.417602539063
652,174.2,11363.26953125
653,174.4,4.3348650932312
654,174.6,0.27495014667511
655,174.8,1.25786876678467
656,175.0,49.4056167602539
657,175.2,10154.0859375
658,175.3,70.4484558105469
659,175.5,0.603659093379974
660,175.8,1.76588916778564
661,176.0,94.2433853149414
662,176.2,9177.5771484375
663,176.3,90.5399322509766
664,176.5,0.266886323690414
665,176.7,0.85892653465271
666,176.9,10.932541847229
667,177.1,1618.4423828125
668,177.2,6284.72314453125
669,177.3,83.5370712280273
670,177.5,0.144541755318642
671,177.7,0.726177036762238
672,177.9,9.65672397613525
673,178.1,1051.32604980469
674,178.2,7609.19775390625
675,178.4,3.06884598731995
676,178.7,0.978409767150879
677,178.9,13.7192401885986
678,179.1,1235.44750976563
679,179.2,7619.30517578125
680,179.4,1.79901158809662
681,179.6,0.492586493492126
682,179.8,1.58406317234039
683,180.0,59.6552505493164
684,180.2,7947.126953125
685,180.3,377.589782714844
686,180.5,0.880256652832031
687,180.8,2.51036167144775
688,181.0,69.4576416015625
689,181.2,8577.4716796875
690,181.3,63.4056167602539
691,181.5,0.515824139118195
692,181.8,1.40241050720215
693,182.0,35.357063293457
694,182.1,671.85693359375
695,182.2,9475.0615234375
696,182.4,5.2783317565918
697,182.7,0.889447689056396
698,182.9,7.30616474151611
699,183.1,520.484985351563
700,183.2,9215.5322265625
701,183.4,3.84349250793457
702,183.7,0.616491794586182
703,183.9,4.92283010482788
704,184.0,23.7425651550293
705,184.2,9166.564453125
706,184.3,222.772735595703
707,184.5,1.165611743927
708,184.8,2.49640154838562
709,184.9,4.93548965454102
710,185.1,301.864227294922
711,185.2,8871.5029296875
712,185.4,3.41212177276611
713,185.7,0.923697233200073
714,185.9,4.8380298614502
715,186.1,840.591979980469
716,186.2,7517.15673828125
717,186.4,4.21121978759766
718,186.7,1.47975373268127
719,186.9,6.28440141677856
720,187.0,25.2675800323486
721,187.2,7314.712890625
722,187.3,81.0927734375
723,187.5,0.677447319030762
724,187.7,0.825197279453278
725,187.9,5.04266023635864
726,188.1,331.768402099609
727,188.2,7416.65625
728,188.4,4.03182172775269
729,188.5,1.14150702953339
730,188.8,1.75895261764526
731,188.9,6.91459274291992
732,189.1,664.084045410156
733,189.2,7323.04541015625
734,189.4,1.64935398101807
735,189.6,0.231076046824455
736,189.8,1.15945541858673
737,190.0,33.4116020202637
738,190.1,372.324127197266
739,190.2,5902.50634765625
740,190.4,2.71377778053284
741,190.7,0.852336764335632
742,190.9,15.7274780273438
743,191.1,4203.95263671875
744,191.2,5404.3642578125
745,191.4,1.02349781990051
746,191.7,0.464146375656128
747,191.9,7.63322639465332
748,192.1,1140.75964355469
749,192.2,5005.62451171875
750,192.4,3.41255521774292
751,192.6,0.131275475025177
752,192.9,11.8023061752319
753,193.1,4925.39404296875
754,193.2,5737.50439453125
755,193.4,0.157114371657372
756,193.7,0.54964017868042
757,193.9,12.8786954879761
758,194.1,1073.24255371094
759,194.2,6811.47802734375
760,194.4,3.49622821807861
761,194.6,0.523367702960968
762,194.8,3.47784614562988
763,195.0,105.776725769043
764,195.2,7427.314453125
765,195.3,100.429634094238
766,195.5,0.426775336265564
767,195.8,1.93583631515503
768,196.0,42.2976684570313
769,196.1,392.416534423828
770,196.2,7710.06884765625
771,196.4,6.88043022155762
772,196.6,0.473250657320023
773,196.8,3.66140651702881
774,197.0,64.2399215698242
775,197.2,7431.78271484375
776,197.3,122.914505004883
777,197.6,0.627850532531738
778,197.8,1.98378562927246
779,198.0,32.0601768493652
780,198.1,348.107513427734
781,198.2,6594.13525390625
782,198.4,4.89889860153198
783,198.7,0.752796351909637
784,198.9,5.92335033416748
785,199.0,24.3915729522705
786,199.2,6195.28369140625
787,199.3,108.857109069824
788,199.5,0.471169680356979
789,199.7,0.817306876182556
790,199.9,6.09321069717407
791,200.1,279.916595458984
792,200.2,5310.0419921875
793,200.4,4.34752464294434
794,200.5,1.35359406471252
795,200.8,2.74499273300171
796,201.0,29.8120174407959
797,201.2,4665.72705078125
798,201.3,146.328628540039
799,201.5,1.055579662323
800,201.8,1.97268712520599
801,201.9,5.08063793182373
802,202.1,328.101196289063
803,202.2,5200.484375
804,202.4,7.07595586776733
805,202.7,1.08037805557251
806,202.9,7.80247974395752
807,203.1,443.438232421875
808,203.2,4567.86669921875
809,203.4,3.54435110092163
810,203.6,0.260903507471085
811,203.8,2.05367207527161
812,204.0,34.6837768554688
813,204.2,3778.31372070313
814,204.3,479.582244873047
815,204.4,7.14358806610107
816,204.7,0.644238293170929
817,204.9,6.13474369049072
818,205.1,564.757751464844
819,205.2,3632.79467773438
820,205.4,3.68117570877075
821,205.5,0.680135250091553
822,205.8,1.04794931411743
823,206.0,14.5176448822021
824,206.2,3323.23095703125
825,206.3,299.433380126953
826,206.5,0.266799628734589
827,206.9,0.122344575822353
828,207.1,36624.62890625
829,207.2,4656.94775390625
830,207.7,0.170554056763649
831,207.9,9.26229095458984
832,208.1,7512.0068359375
833,208.2,5219.95654296875
834,208.4,3.62733030319214
835,208.7,0.480360716581345
836,208.9,9.93453598022461
837,209.1,5116.19091796875
838,209.2,5019.6083984375
839,209.4,1.19075691699982
840,209.5,0.143414556980133
841,209.8,1.81011009216309
842,210.0,43.4479331970215
843,210.2,5874.0068359375
844,210.3,350.30712890625
845,210.5,1.56368684768677
846,210.7,0.3888840675354
847,210.9,14.9548254013062
848,211.1,1850.87658691406
849,211.2,5345.80126953125
850,211.4,3.31570267677307
851,211.6,0.092950664460659
852,211.8,2.16049599647522
853,212.0,51.2806739807129
854,212.2,4793.24853515625
855,212.3,327.110717773438
856,212.5,1.18555450439453
857,212.7,0.488424509763718
858,212.9,11.7957162857056
859,213.1,704.176513671875
860,213.2,5655.5126953125
861,213.4,5.2481575012207
862,213.7,0.265672415494919
863,213.9,7.44628477096558
864,214.1,241.343887329102
865,214.2,3749.20727539063
866,214.4,4.66756248474121
867,214.5,1.50481224060059
868,214.7,0.485129624605179
869,214.9,14.9642763137817
870,215.1,665.334594726563
871,215.2,3582.77221679688
872,215.3,122.164741516113
873,215.6,0.230815917253494
874,215.8,2.75557088851929
875,216.0,41.951358795166
876,216.2,3003.23315429688
877,216.3,405.683166503906
878,216.5,1.31761038303375
879,216.8,3.34579038619995
880,217.0,37.8235511779785
881,217.2,2795.08227539063
882,217.3,293.008422851563
883,217.5,0.598803460597992
884,217.7,0.76112025976181
885,217.8,1.59880340099335
886,218.0,26.12451171875
887,218.1,183.537506103516
888,218.2,2757.61010742188
889,218.4,6.65143489837646
890,218.5,1.84288561344147
891,218.7,0.693574965000153
892,218.9,9.11844253540039
893,219.1,286.524566650391
894,219.2,2393.3876953125
895,219.4,5.5794677734375
896,219.5,1.0272262096405
897,219.8,2.16474461555481
898,219.9,5.11636161804199
899,220.1,197.719497680664
900,220.2,2577.65307617188
901,220.4,9.44429016113281
902,220.7,1.13500392436981
903,220.9,9.6033992767334
904,221.1,1104.83068847656
905,221.2,5033.0224609375
906,221.4,5.13387680053711
907,221.7,0.680135250091553
908,221.9,5.12139081954956
909,222.1,438.650390625
910,222.2,3574.90747070313
911,222.4,14.5683689117432
912,222.5,2.01005816459656
913,222.8,4.4683952331543
914,223.0,48.825023651123
915,223.2,3858.32934570313
916,223.3,113.766494750977
917,223.6,0.69669646024704
918,223.7,0.67779415845871
919,223.9,7.07092714309692
920,224.1,236.418533325195
921,224.2,3360.17700195313
922,224.4,28.6606254577637
923,224.6,0.605219781398773
924,224.8,3.56516075134277
925,225.0,41.5482521057129
926,225.2,5403.47705078125
927,225.3,111.742042541504
928,225.4,4.80239295959473
929,225.7,0.504465460777283
930,225.9,5.60660696029663
931,226.1,451.899505615234
932,226.2,3143.171875
933,226.4,12.6223878860474
934,226.6,0.47090956568718
935,226.8,2.81661319732666
936,227.0,53.2982749938965
937,227.2,2873.96752929688
938,227.3,537.682373046875
939,227.5,0.729732096195221
940,227.7,0.345616936683655
941,227.9,5.19595956802368
942,228.1,206.927169799805
943,228.2,2520.9814453125
944,228.4,5.37284326553345
945,228.6,0.732333302497864
946,228.8,2.69010663032532
947,229.0,47.1623153686523
948,229.1,216.272003173828
949,229.2,2186.66674804688
950,229.4,5.49822235107422
951,229.6,0.434925854206085
952,229.8,2.30703210830688
953,230.0,35.1924057006836
954,230.1,184.452438354492
955,230.2,2203.56323242188
956,230.4,9.12850093841553
957,230.6,0.947281718254089
958,230.8,3.25752186775208
959,231.0,30.5668087005615
960,231.2,1700.50219726563
961,231.3,427.685852050781
962,231.5,1.11818265914917
963,231.6,1.18754875659943
964,231.9,5.39954900741577
965,232.1,156.646148681641
966,232.2,1303.53369140625
967,232.3,695.880065917969
968,232.5,1.74490594863892
969,232.8,2.71507835388184
970,233.0,30.5903930664063
971,233.2,1470.66198730469
972,233.3,405.163452148438
973,233.5,0.763548076152802
974,233.7,0.640076279640198
975,233.8,1.37925946712494
976,234.0,22.1757564544678
977,234.2,1517.072265625
978,234.3,393.620666503906
979,234.6,2.0532386302948
980,234.8,3.49501419067383
981,235.0,56.2230987548828
982,235.2,1717.38488769531
983,235.3,276.015350341797
984,235.5,0.711089909076691
985,235.7,0.980057239532471
986,235.8,1.70111858844757
987,236.0,31.0870552062988
988,236.2,1876.23864746094
989,236.3,408.444122314453
990,236.5,2.42599487304688
991,236.8,4.15425300598145
992,237.0,64.292724609375
993,237.2,1828.89807128906
994,237.3,260.221710205078
995,237.5,1.06364345550537
996,237.7,1.28526830673218
997,237.9,8.68585777282715
998,238.0,25.7498474121094
999,238.2,1814.76245117188
1000,238.3,401.653869628906
1001,238.5,2.68169593811035
1002,238.8,3.40015602111816
1003,239.0,38.7503700256348
1004,239.2,1736.61218261719
1005,239.3,595.391479492188
1006,239.5,1.51278936862946
1007,239.8,2.13014817237854
1008,240.0,23.6310596466064
1009,240.2,1462.37683105469
1010,240.3,550.788696289063
1011,240.5,1.93410217761993
1012,240.8,2.0018208026886
1013,241.0,26.9317607879639
1014,241.2,1299.44311523438
1015,241.3,495.695739746094
1016,241.4,8.57062339782715
1017,241.6,0.549726843833923
1018,241.8,1.59967052936554
1019,242.0,23.131275177002
1020,242.1,128.137176513672
1021,242.2,1638.47839355469
1022,242.4,8.99063587188721
1023,242.6,0.873146593570709
1024,242.9,5.50186443328857
1025,243.1,127.54825592041
1026,243.2,1466.57067871094
1027,243.4,11.0449142456055
1028,243.6,0.495101004838943
1029,243.8,1.24590301513672
1030,244.0,21.1308422088623
1031,244.2,935.806640625
1032,244.3,554.649597167969
1033,244.4,17.1039619445801
1034,244.7,1.28310072422028
1035,244.9,4.75947284698486
1036,245.1,126.839241027832
1037,245.2,1270.98937988281
1038,245.4,12.8999395370483
1039,245.6,0.738142728805542
1040,245.8,1.98153126239777
1041,246.0,21.6300182342529
1042,246.2,888.022277832031
1043,246.3,556.779602050781
1044,246.5,1.61371719837189
1045,246.7,1.41359579563141
1046,246.8,0.849562108516693
1047,247.0,26.3913116455078
1048,247.2,919.004577636719
1049,247.3,390.497100830078
1050,247.5,1.65438306331635
1051,247.7,0.632185876369476
1052,247.9,5.35151290893555
1053,248.1,122.671028137207
1054,248.2,1164.66064453125
1055,248.4,22.2083587646484
1056,248.7,2.43258476257324
1057,248.9,15.5657682418823
1058,249.0,197.816009521484
1059,249.2,1791.15283203125
1060,249.3,234.165435791016
1061,249.5,1.42322027683258
1062,249.8,2.82433009147644
1063,250.0,90.4182815551758
1064,250.1,246.739013671875
1065,250.2,1409.08276367188
1066,250.4,23.4048385620117
1067,250.5,2.30885291099548
1068,250.8,7.90800333023071
1069,251.0,215.809158325195
1070,251.2,1819.28100585938
1071,251.3,186.964889526367
1072,251.5,0.651348292827606
1073,251.7,1.37188935279846
1074,251.9,14.2551803588867
1075,252.0,67.9119033813477
1076,252.2,1208.21533203125
1077,252.3,489.06884765625
1078,252.5,3.28336071968079
1079,252.8,7.79849147796631
1080,253.0,146.097290039063
1081,253.2,2000.13513183594
1082,253.3,317.692443847656
1083,253.4,6.58952569961548
1084,253.7,0.965750455856323
1085,253.9,11.8258037567139
1086,254.0,41.8934364318848
1087,254.2,1048.50280761719
1088,254.3,515.428344726563
1089,254.5,1.19110381603241
1090,254.7,1.54903316497803
1091,254.9,13.2462501525879
1092,255.1,306.203247070313
1093,255.2,1190.03356933594
1094,255.4,8.83976459503174
1095,255.7,0.596635758876801
1096,255.9,3.20905232429504
1097,256.1,85.1450653076172
1098,256.3,2766.84838867188
1099,256.4,29.7786350250244
1100,256.6,0.697216689586639
1101,256.8,3.37839245796204
1102,257.0,26.5404491424561
1103,257.2,598.968200683594
1104,257.3,830.795166015625
1105,257.5,1.48348212242126
1106,257.8,1.57547903060913
1107,258.0,19.6401634216309
1108,258.2,551.99365234375
1109,258.3,556.310913085938
1110,258.5,1.79363560676575
1111,258.6,1.75322985649109
1112,258.9,5.43570613861084
1113,259.1,99.5172958374023
1114,259.2,468.184173583984
1115,259.3,431.783660888672
1116,259.5,1.54712569713593
1117,259.6,1.31865084171295
1118,259.8,0.991936206817627
1119,260.0,18.2726955413818
1120,260.2,552.443237304688
1121,260.3,473.805603027344
1122,260.5,3.68264985084534
1123,260.8,1.97008585929871
1124,261.0,18.8487815856934
1125,261.2,541.368835449219
1126,261.3,373.474456787109
1127,261.5,2.87071871757507
1128,261.8,1.4701292514801
1129,262.0,15.7548770904541
1130,262.2,542.919555664063
1131,262.3,376.394256591797
1132,262.5,4.86811780929565
1133,262.8,2.32966279983521
1134,263.0,26.2343711853027
1135,263.2,623.450012207031
1136,263.3,338.016723632813
1137,263.5,2.85511136054993
1138,263.7,0.409520506858826
1139,263.9,3.42694878578186
1140,264.1,89.2798919677734
1141,264.2,960.44873046875
1142,264.4,61.6545562744141
1143,264.7,1.96696436405182
1144,264.9,14.4911127090454
1145,265.1,1136.92883300781
1146,265.2,1006.98266601563
1147,265.4,10.0330352783203
1148,265.7,1.09936702251434
1149,265.9,5.86568975448608
1150,266.1,289.227691650391
1151,266.2,1027.98156738281
1152,266.4,172.083755493164
1153,266.6,1.73450100421906
1154,266.8,3.72834467887878
1155,267.0,264.131896972656
1156,267.1,3918.046875
1157,267.3,180.252838134766
1158,267.5,0.641897141933441
1159,267.8,6.38810348510742
1160,268.0,140.928375244141
1161,268.2,1302.56640625
1162,268.3,378.90576171875
1163,268.5,1.15936875343323
1164,268.7,1.96098148822784
1165,268.9,27.326021194458
1166,269.1,925.550537109375
1167,269.2,1082.97082519531
1168,269.4,5.51547718048096
1169,269.7,0.801352620124817
1170,269.9,11.5286569595337
1171,270.1,228.941558837891
1172,270.3,870.028503417969
1173,270.4,27.3648662567139
1174,270.5,3.16058278083801
1175,270.8,7.28604888916016
1176,271.0,122.941215515137
1177,271.2,888.327575683594
1178,271.3,296.616241455078
1179,271.5,0.60834127664566
1180,271.7,1.09806644916534
1181,271.9,11.7953701019287
1182,272.1,144.292816162109
1183,272.3,722.362121582031
1184,272.4,34.6710319519043
1185,272.6,0.613110184669495
1186,272.8,4.43154430389404
1187,273.0,44.477237701416
1188,273.2,494.499877929688
1189,273.3,294.021423339844
1190,273.6,1.54695224761963
1191,273.8,1.87488079071045
1192,274.0,23.1526927947998
1193,274.1,81.407958984375
1194,274.3,652.723815917969
1195,274.4,63.3209037780762
1196,274.6,1.49770224094391
1197,274.8,4.25500726699829
1198,275.0,27.3367729187012
1199,275.2,370.869415283203
1200,275.3,256.233856201172
1201,275.4,35.5766944885254
1202,275.7,1.58909213542938
1203,275.9,4.37345027923584
1204,276.1,74.0274887084961
1205,276.2,294.418548583984
1206,276.3,328.225708007813
1207,276.5,4.95005655288696
1208,276.8,2.22058439254761
1209,277.0,21.7357139587402
1210,277.2,380.27294921875
1211,277.3,281.470123291016
1212,277.5,3.90514183044434
1213,277.8,1.41056096553802
1214,278.0,14.6939220428467
1215,278.1,60.0518493652344
1216,278.3,689.175048828125
1217,278.4,203.79328918457
1218,278.6,1.45703637599945
1219,278.8,1.00450885295868
1220,279.0,30.0327758789063
1221,279.2,514.020568847656
1222,279.3,341.448547363281
1223,279.5,2.29515314102173
1224,279.8,0.986473619937897
1225,280.0,7.91346549987793
1226,280.2,204.879470825195
1227,280.3,525.214233398438
1228,280.5,5.03355598449707
1229,280.7,0.541229486465454
1230,281.0,89.6001052856445
1231,281.1,17235.65234375
1232,281.3,64.4246978759766
1233,281.7,0.0608688108623028
1234,281.8,2.33928728103638
1235,282.0,76.1641387939453
1236,282.1,5067.97021484375
1237,282.3,223.305130004883
1238,282.5,0.66608864068985
1239,282.7,1.03485655784607
1240,282.8,2.82034158706665
1241,283.0,74.5143508911133
1242,283.1,4321.17333984375
1243,283.3,180.246429443359
1244,283.5,0.303043454885483
1245,283.7,0.788866758346558
1246,283.8,1.91918838024139
1247,284.0,31.7111759185791
1248,284.2,1123.45654296875
1249,284.3,364.018463134766
1250,284.5,4.58831167221069
1251,284.7,0.737535774707794
1252,284.9,21.4921531677246
1253,285.1,1153.17736816406
1254,285.2,1031.8115234375
1255,285.4,2.39842200279236
1256,285.7,0.865082800388336
1257,285.9,13.7956295013428
1258,286.1,282.927154541016
1259,286.2,407.815490722656
1260,286.3,272.459381103516
1261,286.5,2.47585201263428
1262,286.7,2.0272262096405
1263,286.9,15.3017425537109
1264,287.1,381.742034912109
1265,287.2,749.006774902344
1266,287.4,12.6143245697021
1267,287.7,0.773519456386566
1268,287.9,7.54279041290283
1269,288.1,127.309112548828
1270,288.3,498.592559814453
1271,288.4,61.2027244567871
1272,288.7,2.82684469223022
1273,288.9,20.1851215362549
1274,289.1,264.222564697266
1275,289.2,514.711059570313
1276,289.4,22.5628204345703
1277,289.6,0.659238696098328
1278,289.8,2.93349528312683
1279,290.0,30.0733547210693
1280,290.2,282.104583740234
1281,290.3,251.4609375
1282,290.5,5.66903686523438
1283,290.8,3.52553534507751
1284,291.0,24.873233795166
1285,291.2,260.96826171875
1286,291.3,190.38298034668
1287,291.4,37.5316925048828
1288,291.6,0.746379971504211
1289,291.8,1.63868892192841
1290,291.9,3.09650564193726
1291,292.1,57.8345603942871
1292,292.3,421.678314208984
1293,292.4,78.1708145141602
1294,292.6,1.67562651634216
1295,292.8,3.23688554763794
1296,293.0,30.9869937896729
1297,293.2,293.571838378906
1298,293.3,235.825454711914
1299,293.5,4.20662450790405
1300,293.8,2.29879474639893
1301,294.0,17.0846271514893
1302,294.2,205.143585205078
1303,294.3,237.375885009766
1304,294.4,64.9644470214844
1305,294.7,2.10890483856201
1306,294.9,8.2991418838501
1307,295.0,21.7389240264893
1308,295.2,822.998901367188
1309,295.3,252.991943359375
1310,295.5,2.3335645198822
1311,295.7,0.504031896591187
1312,295.9,4.20289611816406
1313,296.1,132.863082885742
1314,296.3,511.385925292969
1315,296.4,54.0130043029785
1316,296.7,2.00849723815918
1317,296.9,8.06104183197021
1318,297.1,170.25032043457
1319,297.2,279.095825195313
1320,297.3,226.446197509766
1321,297.5,2.28023934364319
1322,297.7,0.664874732494354
1323,297.9,5.42226648330688
1324,298.1,75.4192352294922
1325,298.3,343.446472167969
1326,298.4,66.8407211303711
1327,298.6,2.86178779602051
1328,298.9,10.2503252029419
1329,299.1,596.638977050781
1330,299.2,1057.59460449219
1331,299.4,14.794849395752
1332,299.6,0.335472136735916
1333,299.8,1.88355159759521
1334,299.9,3.11922311782837
1335,300.1,211.132919311523
1336,300.2,519.510803222656
1337,300.4,44.4341468811035
1338,300.7,1.64562559127808
1339,300.9,6.88545894622803
1340,301.1,199.544952392578
1341,301.2,441.614410400391
1342,301.4,28.8926563262939
1343,301.6,0.462152093648911
1344,301.8,1.2778115272522
1345,302.0,22.1151485443115
1346,302.2,214.83056640625
1347,302.3,264.252655029297
1348,302.5,5.61735868453979
1349,302.7,2.03581023216248
1350,302.9,8.31839084625244
1351,303.0,20.9113845825195
1352,303.2,227.095291137695
1353,303.3,185.753143310547
1354,303.5,5.95395803451538
1355,303.8,2.50264453887939
1356,304.0,17.2698345184326
1357,304.2,171.723571777344
1358,304.3,205.096420288086
1359,304.5,7.55900478363037
1360,304.8,2.77525353431702
1361,305.0,17.7774219512939
1362,305.2,165.813400268555
1363,305.3,177.187377929688
1364,305.5,4.5025577545166
1365,305.7,2.26151037216187
1366,305.9,3.5851035118103
1367,306.0,10.0788173675537
1368,306.2,149.443069458008
1369,306.3,226.803863525391
1370,306.5,8.37778568267822
1371,306.8,2.61553812026978
1372,307.0,16.5839767456055
1373,307.2,155.571929931641
1374,307.3,176.906707763672
1375,307.5,6.39538717269897
1376,307.8,1.79840457439423
1377,308.0,12.8166131973267
1378,308.2,131.303482055664
1379,308.3,213.48210144043
1380,308.5,8.19058322906494
1381,308.6,4.25093221664429
1382,308.9,8.30755233764648
1383,309.1,74.8923950195313
1384,309.2,118.574005126953
1385,309.3,172.34553527832
1386,309.5,5.08341264724731
1387,309.7,0.658718466758728
1388,309.9,5.35914325714111
1389,310.0,12.4811410903931
1390,310.2,129.4384765625
1391,310.3,197.218597412109
1392,310.5,10.9171075820923
1393,310.8,4.87635469436646
1394,311.0,52.2346305847168
1395,311.2,252.551895141602
1396,311.3,159.738571166992
1397,311.5,4.23983335494995
1398,311.7,3.42053246498108
1399,311.9,9.98872756958008
1400,312.1,73.1546859741211
1401,312.3,234.213729858398
1402,312.4,65.6752777099609
1403,312.6,5.14636278152466
1404,312.9,13.5211133956909
1405,313.0,39.8310928344727
1406,313.2,289.810546875
1407,313.3,116.849388122559
1408,313.4,36.3252410888672
1409,313.6,1.38350820541382
1410,313.8,3.09329748153687
1411,314.0,22.7266101837158
1412,314.2,162.908355712891
1413,314.3,120.043266296387
1414,314.4,64.1875457763672
1415,314.6,1.5280499458313
1416,314.8,3.6121563911438
1417,315.0,26.057746887207
1418,315.2,176.827972412109
1419,315.3,142.071792602539
1420,315.5,8.37414360046387
1421,315.7,0.623081564903259
1422,315.9,4.1921443939209
1423,316.1,49.3885383605957
1424,316.2,83.4270324707031
1425,316.4,229.691055297852
1426,316.5,12.9612417221069
1427,316.8,2.60270524024963
1428,317.0,15.1531257629395
1429,317.2,121.645362854004
1430,317.3,162.073181152344
1431,317.5,10.0120525360107
1432,317.8,1.93479585647583
1433,318.0,14.0781240463257
1434,318.2,107.628021240234
1435,318.3,107.29931640625
1436,318.4,61.9873390197754
1437,318.6,2.93488240242004
1438,318.9,4.4766321182251
1439,319.0,8.63990306854248
1440,319.2,101.273651123047
1441,319.3,140.128326416016
1442,319.5,7.28943014144897
1443,319.7,1.98387241363525
1444,319.9,3.56654810905457
1445,320.0,8.15668106079102
1446,320.2,95.8301391601563
1447,320.3,107.733200073242
1448,320.4,71.5957717895508
1449,320.6,2.93809080123901
1450,320.9,3.62013363838196
1451,321.1,37.4937133789063
1452,321.2,68.5740051269531
1453,321.3,129.261245727539
1454,321.5,9.14705657958984
1455,321.8,2.03719758987427
1456,322.0,10.6469259262085
1457,322.2,87.013786315918
1458,322.3,141.760772705078
1459,322.5,16.216682434082
1460,322.7,1.9456342458725
1461,322.9,13.1606693267822
1462,323.1,115.23853302002
1463,323.2,111.139335632324
1464,323.3,117.836380004883
1465,323.5,6.22197151184082
1466,323.7,2.49380040168762
1467,323.8,1.88415849208832
1468,324.0,18.3686809539795
1469,324.2,109.075958251953
1470,324.3,132.887893676758
1471,324.5,14.4328451156616
1472,324.7,8.6666088104248
1473,324.9,34.4107360839844
1474,325.1,673.24658203125
1475,325.2,287.181060791016
1476,325.4,13.3989419937134
1477,325.7,2.55952477455139
1478,325.9,20.1537322998047
1479,326.0,61.1296272277832
1480,326.2,267.792419433594
1481,326.3,82.1401214599609
1482,326.4,49.1522598266602
1483,326.7,9.25405311584473
1484,326.9,55.9660987854004
1485,327.1,1526.5595703125
1486,327.2,231.641204833984
1487,327.3,30.2449493408203
1488,327.6,1.71117663383484
1489,327.8,9.49527454376221
1490,327.9,26.3188247680664
1491,328.1,411.809600830078
1492,328.2,263.731018066406
1493,328.4,23.0878353118896
1494,328.5,10.1637907028198
1495,328.8,12.3477849960327
1496,329.0,137.511489868164
1497,329.1,453.225616455078
1498,329.3,72.0160446166992
1499,329.5,4.4765453338623
1500,329.8,5.72140836715698
1501,329.9,9.92022895812988
1502,330.1,97.9328918457031
1503,330.2,95.6500473022461
1504,330.3,148.697387695313
1505,330.5,12.7916412353516
1506,330.7,7.20159530639648
1507,330.9,21.5529346466064
1508,331.0,41.7600784301758
1509,331.2,327.673553466797
1510,331.3,109.830139160156
1511,331.5,6.06572437286377
1512,331.7,2.76112031936646
1513,331.9,7.84158515930176
1514,332.1,64.9808349609375
1515,332.2,93.2612533569336
1516,332.3,123.439697265625
1517,332.5,11.8856325149536
1518,332.8,3.78461813926697
1519,333.0,18.1583290100098
1520,333.2,112.18138885498
1521,333.3,102.9775390625
1522,333.5,10.7829704284668
1523,333.8,2.35645532608032
1524,333.9,2.46171855926514
1525,334.1,32.5589179992676
1526,334.3,122.253189086914
1527,334.4,61.0843658447266
1528,334.6,3.79458951950073
1529,334.9,4.96930551528931
1530,335.0,8.39174556732178
1531,335.2,72.057487487793
1532,335.3,95.3928756713867
1533,335.5,8.70163917541504
1534,335.6,2.63140559196472
1535,335.8,1.19916760921478
1536,336.0,8.76242065429688
1537,336.2,58.8625679016113
1538,336.3,107.834213256836
1539,336.5,13.9934968948364
1540,336.7,2.92178964614868
1541,337.0,14.4927597045898
1542,337.2,73.2394866943359
1543,337.3,88.7660598754883
1544,337.5,8.61952686309814
1545,337.6,3.15113162994385
1546,337.9,3.6686897277832
1547,338.0,7.33642578125
1548,338.2,57.7534027099609
1549,338.3,58.6692962646484
1550,338.4,55.4199256896973
1551,338.6,5.85016918182373
1552,338.8,3.51790523529053
1553,339.0,50.6181373596191
1554,339.2,289.234191894531
1555,339.3,81.6557693481445
1556,339.5,5.00294828414917
1557,339.7,1.76094686985016
1558,339.9,6.55206775665283
1559,340.1,59.8053398132324
1560,340.2,88.8071594238281
1561,340.4,24.1359577178955
1562,340.6,1.53247201442719
1563,340.8,6.73233318328857
1564,341.0,170.246170043945
1565,341.1,3019.046875
1566,341.3,19.6040935516357
1567,341.4,1.30313014984131
1568,341.7,1.42426085472107
1569,341.9,24.4791469573975
1570,342.1,696.696533203125
1571,342.2,468.881042480469
1572,342.4,16.0808982849121
1573,342.7,4.20671129226685
1574,342.9,27.6092948913574
1575,343.1,684.408813476563
1576,343.2,533.042297363281
1577,343.4,5.4454174041748
1578,343.7,1.76875054836273
1579,343.9,12.9636697769165
1580,344.1,178.363647460938
1581,344.2,244.962112426758
1582,344.4,30.4820957183838
1583,344.5,15.794849395752
1584,344.7,3.13266277313232
1585,344.9,26.1038761138916
1586,345.1,330.889526367188
1587,345.2,365.211212158203
1588,345.4,13.4737710952759
1589,345.7,1.77993583679199
1590,345.9,14.4190587997437
1591,346.0,29.8855457305908
1592,346.2,230.15641784668
1593,346.3,107.337036132813
1594,346.5,8.02436447143555
1595,346.6,5.04231357574463
1596,346.9,16.0491638183594
1597,347.0,30.4965744018555
1598,347.2,185.737976074219
1599,347.3,88.8248519897461
1600,347.5,6.59741592407227
1601,347.8,3.40258383750916
1602,348.0,16.6894989013672
1603,348.2,87.1712493896484
1604,348.3,96.5846710205078
1605,348.5,17.1730690002441
1606,348.8,6.69713020324707
1607,349.0,20.7164649963379
1608,349.1,29.5958557128906
1609,349.3,95.8717575073242
1610,349.4,38.4852180480957
1611,349.6,3.49683523178101
1612,349.9,4.51929235458374
1613,350.0,7.90904378890991
1614,350.2,53.2361907958984
1615,350.3,73.9556045532227
1616,350.5,11.6251621246338
1617,350.6,4.7819299697876
1618,350.8,1.99687850475311
1619,351.0,12.2384462356567
1620,351.2,51.4309387207031
1621,351.3,64.3811645507813
1622,351.5,9.62524890899658
1623,351.6,3.20705795288086
1624,351.9,3.74421215057373
1625,352.0,6.46345281600952
1626,352.2,44.2126922607422
1627,352.3,69.5561447143555
1628,352.5,15.6893262863159
1629,352.8,4.81565952301025
1630,353.0,22.1969127655029
1631,353.2,92.8049926757813
1632,353.3,70.543830871582
1633,353.5,8.58709812164307
1634,353.6,4.15780782699585
1635,353.9,5.11852931976318
1636,354.0,7.85892677307129
1637,354.2,30.8591003417969
1638,354.3,18.8184337615967
1639,354.5,2.62958478927612
1640,354.8,3.42296028137207
1641,355.0,67.8424530029297
1642,355.2,4662.22607421875
1643,355.3,53.9009780883789
1644,355.4,3.92439079284668
1645,355.7,0.762767732143402
1646,355.9,12.6815223693848
1647,356.1,608.83740234375
1648,356.2,1164.79248046875
1649,356.4,9.25136566162109
1650,356.7,2.47992706298828
1651,356.9,13.5579643249512
1652,357.1,483.557952880859
1653,357.2,970.947692871094
1654,357.4,7.77759456634521
1655,357.7,1.13829874992371
1656,357.8,1.43822073936462
1657,358.0,35.021068572998
1658,358.2,345.994018554688
1659,358.3,111.669555664063
1660,358.5,7.69322824478149
1661,358.7,4.76545572280884
1662,358.9,14.0409259796143
1663,359.0,33.8601417541504
1664,359.2,753.415588378906
1665,359.3,122.499694824219
1666,359.5,0.979970514774323
1667,359.7,0.866730272769928
1668,359.9,7.3042573928833
1669,360.1,112.821472167969
1670,360.2,229.861618041992
1671,360.4,27.2849216461182
1672,360.7,4.21572875976563
1673,360.9,11.179744720459
1674,361.1,102.224227905273
1675,361.2,123.252235412598
1676,361.3,90.1377792358398
1677,361.5,5.12390518188477
1678,361.8,2.48131442070007
1679,362.0,16.7942428588867
1680,362.2,72.8757476806641
1681,362.3,73.020637512207
1682,362.5,13.9928903579712
1683,362.8,7.07188081741333
1684,363.0,41.0784721374512
1685,363.2,180.379959106445
1686,363.3,69.4502716064453
1687,363.4,27.5277900695801
1688,363.6,2.8362090587616
1689,363.9,7.33321762084961
1690,364.0,13.1488771438599
1691,364.2,69.9725112915039
1692,364.3,40.9858665466309
1693,364.4,34.5268363952637
1694,364.6,2.51651787757874
1695,364.8,3.3585364818573
1696,364.9,3.9701726436615
1697,365.1,28.3238525390625
1698,365.3,61.6723327636719
1699,365.4,29.5053329467773
1700,365.6,2.48564982414246
1701,365.8,2.4991762638092
1702,365.9,1.9748547077179
1703,366.1,16.9407787322998
1704,366.3,49.4375267028809
1705,366.4,32.628978729248
1706,366.6,4.21616220474243
1707,366.8,4.62785053253174
1708,367.0,16.9583797454834
1709,367.2,63.9105186462402
1710,367.3,54.9367027282715
1711,367.5,9.6116361618042
1712,367.8,2.42313361167908
1713,368.0,9.09277725219727
1714,368.2,40.8450546264648
1715,368.3,51.3321762084961
1716,368.5,15.9562129974365
1717,368.8,5.20358991622925
1718,369.0,21.8265838623047
1719,369.2,227.648406982422
1720,369.3,94.7932052612305
1721,369.5,4.79008054733276
1722,369.7,2.51452350616455
1723,369.9,5.64813995361328
1724,370.1,52.2472915649414
1725,370.3,114.377784729004
1726,370.4,24.5004768371582
1727,370.5,14.3277549743652
1728,370.8,6.5051589012146
1729,371.0,31.0789031982422
1730,371.2,163.614059448242
1731,371.3,74.0624313354492
1732,371.5,5.83811664581299
1733,371.8,3.36781406402588
1734,372.0,16.7516689300537
1735,372.2,67.9040145874023
1736,372.3,60.6071281433105
1737,372.5,14.8258037567139
1738,372.8,5.26567220687866
1739,373.0,29.2733020782471
1740,373.2,421.612945556641
1741,373.3,88.2524948120117
1742,373.5,4.94303321838379
1743,373.7,0.949102580547333
1744,373.9,6.40743970870972
1745,374.0,18.407958984375
1746,374.2,148
1747,374.3,74.431022644043
1748,374.5,5.48660373687744
1749,374.6,4.18659496307373
1750,374.8,2.36608004570007
1751,375.0,25.4237403869629
1752,375.1,51.1858139038086
1753,375.2,119.930892944336
1754,375.4,21.7694435119629
1755,375.6,2.59325408935547
1756,375.9,4.90600872039795
1757,376.1,24.3633060455322
1758,376.3,57.9382629394531
1759,376.4,28.7240085601807
1760,376.6,5.41836452484131
1761,376.9,7.13274955749512
1762,377.1,29.7060604095459
1763,377.3,58.3245468139648
1764,377.4,22.8429718017578
1765,377.6,2.98751401901245
1766,377.8,1.20653772354126
1767,378.0,8.79432964324951
1768,378.2,32.9409523010254
1769,378.3,41.3380737304688
1770,378.5,12.7283449172974
1771,378.8,3.61146283149719
1772,379.0,8.16960048675537
1773,379.1,9.44940567016602
1774,379.3,36.5169525146484
1775,379.4,15.0948581695557
1776,379.5,10.4712562561035
1777,379.8,2.49432063102722
1778,380.0,5.66747570037842
1779,380.2,22.6360874176025
1780,380.4,34.7420463562012
1781,380.5,11.4219198226929
1782,380.8,3.63183903694153
1783,381.0,9.64501857757568
1784,381.2,29.9106044769287
1785,381.3,33.7304267883301
1786,381.5,9.08185195922852
1787,381.7,2.15234541893005
1788,381.9,1.94034504890442
1789,382.1,13.7073612213135
1790,382.3,30.7306861877441
1791,382.4,16.4583377838135
1792,382.5,14.7622470855713
1793,382.8,10.6088619232178
1794,383.0,33.5713157653809
1795,383.2,70.6136322021484
1796,383.3,33.6595840454102
1797,383.5,8.19335842132568
1798,383.8,4.65004777908325
1799,383.9,4.91979551315308
1800,384.1,25.6112899780273
1801,384.3,41.2367134094238
1802,384.4,22.7064952850342
1803,384.7,12.981011390686
1804,384.9,30.748893737793
1805,385.1,146.728607177734
1806,385.2,108.270439147949
1807,385.4,8.55172157287598
1808,385.5,5.5856237411499
1809,385.8,8.45434856414795
1810,386.0,32.6282844543457
1811,386.2,69.2779846191406
1812,386.3,27.5611724853516
1813,386.4,34.0042495727539
1814,386.7,10.508713722229
1815,386.8,7.8359489440918
1816,387.0,78.72314453125
1817,387.2,241.680313110352
1818,387.3,41.9061813354492
1819,387.5,3.79519629478455
1820,387.7,4.03676414489746
1821,387.8,3.85892653465271
1822,388.0,32.3585357666016
1823,388.2,85.8643035888672
1824,388.3,41.2678413391113
1825,388.5,6.65455627441406
1826,388.6,7.46197843551636
1827,388.9,17.9406909942627
1828,389.0,26.2683601379395
1829,389.2,94.4330215454102
1830,389.3,35.4715156555176
1831,389.5,3.89178872108459
1832,389.6,3.20905232429504
1833,389.8,2.34639739990234
1834,390.0,13.2277812957764
1835,390.2,36.7296447753906
1836,390.3,31.0905227661133
1837,390.5,6.51625776290894
1838,390.6,5.78869342803955
1839,390.8,2.89447665214539
1840,391.0,15.0007801055908
1841,391.2,36.4794082641602
1842,391.3,28.2498054504395
1843,391.5,7.49458074569702
1844,391.8,2.45183396339417
1845,392.0,7.19275140762329
1846,392.2,22.3320045471191
1847,392.3,26.9443340301514
1848,392.5,7.73146629333496
1849,392.6,5.28769636154175
1850,392.9,4.06598472595215
1851,393.1,12.1598892211914
1852,393.3,23.085147857666
1853,393.4,16.2953262329102
1854,393.6,2.31128072738647
1855,393.7,1.87210607528687
1856,394.0,4.0861873626709
1857,394.2,15.5503339767456
1858,394.4,21.7045860290527
1859,394.5,6.59568214416504
1860,394.6,3.6393826007843
1861,394.9,2.30087566375732
1862,395.0,2.47567844390869
1863,395.2,13.8166999816895
1864,395.4,19.5853633880615
1865,395.5,7.5300440788269
1866,395.7,1.3591433763504
1867,396.0,2.84748125076294
1868,396.2,12.6012315750122
1869,396.4,20.8750534057617
1870,396.5,11.4411687850952
1871,396.7,2.22344565391541
1872,396.9,4.94216585159302
1873,397.0,6.85502481460571
1874,397.2,28.0249710083008
1875,397.3,24.6732845306396
1876,397.5,7.65620374679565
1877,397.8,1.98508632183075
1878,398.0,5.72314214706421
1879,398.2,17.9568195343018
1880,398.4,19.6470127105713
1881,398.6,9.6738920211792
1882,398.8,11.151478767395
1883,399.0,64.1436767578125
1884,399.2,201.807861328125
1885,399.3,25.3459644317627
1886,399.4,7.68819904327393
1887,399.7,3.60209822654724
1888,399.8,4.00173425674438
1889,400.0,29.9325408935547
1890,400.2,64.7656326293945
1891,400.3,21.4662265777588
1892,400.5,3.03789114952087
1893,400.8,12.169774055481
1894,401.0,190.739959716797
1895,401.1,698.487976074219
1896,401.2,259.401031494141
1897,401.4,2.18728876113892
1898,401.7,2.89378309249878
1899,401.9,31.974681854248
1900,402.1,284.463012695313
1901,402.2,151.038497924805
1902,402.4,6.52146005630493
1903,402.7,5.03893184661865
1904,402.8,7.67207145690918
1905,403.0,107.548774719238
1906,403.1,319.476806640625
1907,403.3,27.4638862609863
1908,403.5,2.41298890113831
1909,403.8,6.63530731201172
1910,404.0,36.8972511291504
1911,404.2,91.5444412231445
1912,404.3,32.2536201477051
1913,404.5,7.73588848114014
1914,404.8,11.9342756271362
1915,404.9,17.7986640930176
1916,405.1,108.476547241211
1917,405.2,168.669128417969
1918,405.4,11.5413160324097
1919,405.7,3.34292888641357
1920,405.8,3.18356013298035
1921,406.0,19.8153991699219
1922,406.2,73.0398864746094
1923,406.3,18.316743850708
1924,406.4,14.9738140106201
1925,406.6,5.19587278366089
1926,406.9,8.48721027374268
1927,407.1,26.6756267547607
1928,407.2,32.6684303283691
1929,407.3,25.2917709350586
1930,407.5,5.76510858535767
1931,407.8,1.88060343265533
1932,408.0,5.83395481109619
1933,408.2,19.7173328399658
1934,408.3,17.5727920532227
1935,408.5,7.4200119972229
1936,408.7,1.86317527294159
1937,408.9,3.26281094551086
1938,409.1,10.1656112670898
1939,409.3,18.0222835540771
1940,409.4,10.7234888076782
1941,409.6,2.96158838272095
1942,409.9,1.694615483284
1943,410.0,1.8605740070343
1944,410.2,9.98708057403564
1945,410.4,15.560564994812
1946,410.5,7.12659311294556
1947,410.7,2.47446465492249
1948,411.0,3.70588755607605
1949,411.2,10.9208354949951
1950,411.3,7.9699125289917
1951,411.4,10.5500736236572
1952,411.6,2.52163362503052
1953,411.8,0.572444319725037
1954,412.0,2.70545387268066
1955,412.2,9.07491588592529
1956,412.3,6.52423477172852
1957,412.4,11.8526840209961
1958,412.7,6.38515567779541
1959,412.9,9.67762088775635
1960,413.1,34.5749588012695
1961,413.2,51.7315521240234
1962,413.4,12.8318738937378
1963,413.6,1.82597768306732
1964,413.8,2.71438479423523
1965,414.0,8.71100330352783
1966,414.2,21.0660705566406
1967,414.3,10.0367641448975
1968,414.6,1.99488425254822
1969,414.8,5.91025733947754
1970,415.0,67.8230285644531
1971,415.2,1040.37878417969
1972,415.3,66.3887100219727
1973,415.5,0.778028249740601
1974,415.7,1.58068156242371
1975,415.9,14.0747423171997
1976,416.1,198.731552124023
1977,416.2,285.150177001953
1978,416.4,9.87123870849609
1979,416.7,2.8639554977417
1980,416.9,15.4018039703369
1981,417.1,186.816436767578
1982,417.2,299.485565185547
1983,417.4,7.67007732391357
1984,417.7,1.40587878227234
1985,417.8,1.89716470241547
1986,418.0,26.1930980682373
1987,418.2,108.533248901367
1988,418.3,51.3357315063477
1989,418.5,5.47533178329468
1990,418.8,4.57825374603271
1991,419.0,38.2296905517578
1992,419.2,168.249984741211
1993,419.3,74.9505767822266
1994,419.5,1.82823204994202
1995,419.7,1.86655688285828
1996,419.9,7.17627668380737
1997,420.1,37.4497528076172
1998,420.2,30.5394077301025
1999,420.3,38.6969566345215
2000,420.5,7.15269231796265
2001,420.8,4.26783990859985
2002,421.0,22.0359840393066
2003,421.1,32.4186248779297
2004,421.3,84.1071701049805
2005,421.4,19.8849391937256
2006,421.7,2.13266277313232
2007,421.9,4.48382902145386
2008,422.1,17.5552768707275
2009,422.2,16.0087566375732
2010,422.3,28.8359489440918
2011,422.5,5.66539478302002
2012,422.6,4.47628545761108
2013,422.9,7.34752464294434
2014,423.1,25.8571929931641
2015,423.3,45.0358085632324
2016,423.4,11.8461809158325
2017,423.5,6.10777759552002
2018,423.8,1.81063032150269
2019,424.0,4.9989595413208
2020,424.2,14.3590564727783
2021,424.3,16.2041091918945
2022,424.5,5.8583197593689
2023,424.7,2.07058000564575
2024,425.0,4.28405427932739
2025,425.2,11.9495363235474
2026,425.3,6.34691762924194
2027,425.4,8.52935028076172
2028,425.6,1.84696090221405
2029,425.9,1.24087405204773
2030,426.1,3.32888245582581
2031,426.3,8.55727005004883
2032,426.4,7.41628360748291
2033,426.6,3.4987428188324
2034,426.8,1.47307729721069
2035,427.0,7.34709072113037
2036,427.1,7.64267730712891
2037,427.3,20.9347095489502
2038,427.4,9.69556903839111
2039,427.6,1.95022976398468
2040,427.9,2.15269231796265
2041,428.1,6.25942945480347
2042,428.2,4.58709812164307
2043,428.3,4.59065294265747
2044,428.5,0.768056869506836
2045,428.8,3.22110462188721
2046,429.0,35.592041015625
2047,429.2,1137.8828125
2048,429.3,116.425910949707
2049,429.5,1.06702506542206
2050,429.7,0.989508390426636
2051,429.9,6.9968786239624
2052,430.1,160.196563720703
2053,430.2,401.395141601563
2054,430.4,8.86300182342529
2055,430.6,0.761553823947906
2056,430.8,3.0280933380127
2057,431.0,29.9871673583984
2058,431.2,379.371704101563
2059,431.3,96.9083480834961
2060,431.5,1.53620052337646
2061,431.7,0.528570175170898
2062,431.9,6.45703649520874
2063,432.1,56.5798149108887
2064,432.2,110.339637756348
2065,432.4,15.2263069152832
2066,432.6,1.65646409988403
2067,432.8,2.71577215194702
2068,433.0,20.2347183227539
2069,433.2,220.616149902344
2070,433.3,101.900718688965
2071,433.5,1.59845662117004
2072,433.8,1.54070925712585
2073,434.0,15.3262815475464
2074,434.2,79.1085586547852
2075,434.3,53.3000946044922
2076,434.5,2.62256145477295
2077,434.7,2.45027303695679
2078,434.8,1.75175583362579
2079,435.0,15.2776384353638
2080,435.2,54.9237823486328
2081,435.3,41.1448020935059
2082,435.5,2.70380640029907
2083,435.6,1.25630795955658
2084,435.9,2.71282410621643
2085,436.1,10.6204805374146
2086,436.3,19.9986133575439
2087,436.4,10.1681261062622
2088,436.6,3.38801693916321
2089,436.9,5.90071964263916
2090,437.1,25.1042232513428
2091,437.3,43.7351951599121
2092,437.4,13.389838218689
2093,437.6,1.1389057636261
2094,437.8,1.331223487854
2095,438.0,4.78617858886719
2096,438.2,16.5579643249512
2097,438.3,14.7302522659302
2098,438.5,3.15277886390686
2099,438.6,1.79779767990112
2100,438.9,1.96843838691711
2101,439.1,6.7725658416748
2102,439.3,11.4763717651367
2103,439.4,7.08991575241089
2104,439.6,1.49726867675781
2105,439.8,0.326888054609299
2106,440.0,1.73918318748474
2107,440.2,6.32229232788086
2108,440.3,3.70588755607605
2109,440.4,5.71455812454224
2110,440.6,2.75539755821228
2111,440.8,1.22994887828827
2112,441.0,5.03338241577148
2113,441.2,12.2358446121216
2114,441.3,6.09329748153687
2115,441.4,6.56524753570557
2116,441.6,1.56984305381775
2117,441.9,1.34839153289795
2118,442.1,3.92421746253967
2119,442.2,3.96930551528931
2120,442.4,7.21226024627686
2121,442.5,4.37475061416626
2122,442.8,3.4991762638092
2123,442.9,3.3328709602356
2124,443.1,16.3384208679199
2125,443.3,21.0984992980957
2126,443.4,7.12061023712158
2127,443.6,2.11558127403259
2128,443.8,0.986126780509949
2129,444.0,4.28769636154175
2130,444.1,4.51747179031372
2131,444.3,11.9287261962891
2132,444.4,7.00095367431641
2133,444.7,4.68698501586914
2134,444.9,11.9055757522583
2135,445.1,38.1303215026855
2136,445.2,47.7880859375
2137,445.4,7.29055738449097
2138,445.5,3.51036167144775
2139,445.8,2.97008585929871
2140,446.0,9.26229095458984
2141,446.2,22.4851303100586
2142,446.3,14.8707189559937
2143,446.5,2.99167609214783
2144,446.7,4.36573314666748
2145,446.8,3.28180003166199
2146,447.0,22.4583377838135
2147,447.1,24.0245380401611
2148,447.2,47.8093299865723
2149,447.4,8.90132617950439
2150,447.7,2.31180095672607
2151,447.9,4.39946222305298
2152,448.0,5.77629423141479
2153,448.2,18.8426246643066
2154,448.3,9.8598804473877
2155,448.4,7.36113739013672
2156,448.6,2.73840284347534
2157,448.8,2.08185195922852
2158,449.0,8.48738384246826
2159,449.2,18.9653167724609
2160,449.3,13.3784790039063
2161,449.5,1.80430066585541
2162,449.6,1.94650137424469
2163,449.9,1.48504292964935
2164,450.1,4.41879844665527
2165,450.3,7.01976919174194
2166,450.4,4.90583562850952
2167,450.7,2.02818012237549
2168,450.9,1.99401712417603
2169,451.0,1.87141251564026
2170,451.2,8.35151290893555
2171,451.3,4.57730007171631
2172,451.4,5.69955778121948
2173,451.6,0.901846885681152
2174,451.8,1.03936529159546
2175,451.9,0.81115061044693
2176,452.1,3.37943291664124
2177,452.3,6.725830078125
2178,452.4,5.26836013793945
2179,452.6,2.13014817237854
2180,452.8,0.768577098846436
2181,453.0,2.08740139007568
2182,453.2,4.07066679000854
2183,453.3,4.54981374740601
2184,453.5,1.63140547275543
2185,453.6,1.74811410903931
2186,453.9,1.01898896694183
2187,454.1,1.71351778507233
2188,454.3,4.0270528793335
2189,454.4,1.99158930778503
2190,454.6,2.35697555541992
2191,454.7,0.64467179775238
2192,454.9,1.15009105205536
2193,455.1,2.18910956382751
2194,455.3,4.03312253952026
2195,455.4,3.05419230461121
2196,455.6,1.29497957229614
2197,455.9,0.8056880235672
2198,456.0,0.582068860530853
2199,456.2,2.39850854873657
2200,456.4,3.31076049804688
2201,456.5,1.41411602497101
2202,456.7,2.58891868591309
2203,456.9,4.36772727966309
2204,457.1,9.36469268798828
2205,457.2,10.9205760955811
2206,457.4,4.57079696655273
2207,457.6,1.47888672351837
2208,457.9,1.6948755979538
2209,458.0,1.45625591278076
2210,458.2,5.74447250366211
2211,458.3,4.80811595916748
2212,458.6,3.82901239395142
2213,458.7,2.99748539924622
2214,458.9,21.2508449554443
2215,459.1,69.041877746582
2216,459.2,44.8883209228516
2217,459.4,4.45590925216675
2218,459.7,3.35220670700073
2219,459.9,10.1806125640869
2220,460.1,26.320384979248
2221,460.2,21.121997833252
2222,460.4,4.86508274078369
2223,460.7,4.43163108825684
2224,460.8,7.75652456283569
2225,461.0,92.9725112915039
2226,461.1,247.994964599609
2227,461.3,24.8302268981934
2228,461.5,1.04786264896393
2229,461.7,2.89057493209839
2230,461.8,4.98716735839844
2231,462.0,44.845401763916
2232,462.2,93.6678237915039
2233,462.3,24.5271835327148
2234,462.5,3.96826505661011
2235,462.8,10.3261947631836
2236,463.0,44.2027244567871
2237,463.1,41.870719909668
2238,463.2,50.3707618713379
2239,463.4,5.22544002532959
2240,463.6,1.07933759689331
2241,463.8,3.72054100036621
2242,464.0,11.8487815856934
2243,464.2,21.3402404785156
2244,464.3,10.7116098403931
2245,464.5,3.29125118255615
2246,464.7,1.65247547626495
2247,464.9,8.51790523529053
2248,465.0,9.45356845855713
2249,465.2,25.8750534057617
2250,465.3,8.42746925354004
2251,465.4,5.98265838623047
2252,465.6,1.01300621032715
2253,465.8,1.72669732570648
2254,466.0,4.0804648399353
2255,466.1,4.0223708152771
2256,466.3,7.73285341262817
2257,466.4,2.43796062469482
2258,466.5,2.64354467391968
2259,466.7,0.762160778045654
2260,466.9,2.38515567779541
2261,467.1,4.51070833206177
2262,467.2,2.59637570381165
2263,467.3,5.08315277099609
2264,467.5,1.36382555961609
2265,467.6,1.20272266864777
2266,467.8,0.393739700317383
2267,468.0,1.22465968132019
2268,468.2,2.45495533943176
2269,468.4,2.69027996063232
2270,468.5,1.67406570911407
2271,468.8,1.0817654132843
2272,469.0,1.39252579212189
2273,469.2,2.04959678649902
2274,469.4,2.30937314033508
2275,469.5,1.07664966583252
2276,469.6,0.895430505275726
2277,469.9,0.372322887182236
2278,470.1,1.16162312030792
2279,470.3,1.68074226379395
2280,470.5,1.68854594230652
2281,470.6,1.3883638381958
2282,470.9,1.19292461872101
2283,471.1,2.57270431518555
2284,471.3,3.34440302848816
2285,471.4,2.27243566513062
2286,471.6,0.61406397819519
2287,471.7,0.709355771541595
2288,472.0,1.22743427753448
2289,472.2,2.27286911010742
2290,472.3,1.58779156208038
2291,472.4,2.27061486244202
2292,472.7,3.03685069084167
2293,472.9,7.12199783325195
2294,473.1,21.855978012085
2295,473.2,26.5400161743164
2296,473.4,5.87982320785522
2297,473.7,1.69062685966492
2298,473.9,3.1381254196167
2299,474.0,3.35298705101013
2300,474.2,11.9322814941406
2301,474.3,6.37345027923584
2302,474.5,1.67632007598877
2303,474.8,4.87349367141724
2304,475.0,41.1609306335449
2305,475.2,369.764068603516
2306,475.3,106.71907043457
2307,475.5,2.05341196060181
2308,475.8,3.48096776008606
2309,476.0,29.6379089355469
2310,476.2,153.578689575195
2311,476.3,50.7073631286621
2312,476.4,14.1174020767212
2313,476.7,2.71030950546265
2314,476.9,11.4490594863892
2315,477.1,73.7502822875977
2316,477.2,70.5257110595703
2317,477.3,49.9283790588379
2318,477.5,1.98820769786835
2319,477.7,1.6120697259903
2320,477.9,5.71178340911865
2321,478.1,25.3624382019043
2322,478.2,33.0980682373047
2323,478.4,9.99297714233398
2324,478.7,2.97745609283447
2325,478.9,10.9620218276978
2326,479.1,41.997745513916
2327,479.2,45.6862907409668
2328,479.3,33.7989234924316
2329,479.5,3.59845662117004
2330,479.8,2.17211484909058
2331,479.9,2.88207745552063
2332,480.1,14.3299226760864
2333,480.2,24.3086795806885
2334,480.4,7.15035104751587
2335,480.6,1.00329494476318
2336,480.8,2.51443672180176
2337,481.0,7.43631315231323
2338,481.2,19.3487377166748
2339,481.3,13.7997922897339
2340,481.5,2.06745862960815
2341,481.8,0.909823954105377
2342,482.0,1.51374316215515
2343,482.2,5.14384794235229
2344,482.3,2.86430239677429
2345,482.4,2.95785999298096
2346,482.6,1.42443418502808
2347,482.8,0.56082546710968
2348,483.0,2.3875834941864
2349,483.1,2.18173933029175
2350,483.3,4.88433170318604
2351,483.4,1.92040228843689
2352,483.5,1.79432928562164
2353,483.8,0.7218416929245
2354,484.0,1.02150356769562
2355,484.1,0.751582443714142
2356,484.3,1.86638343334198
2357,484.4,1.7782016992569
2358,484.6,0.509667932987213
2359,484.8,0.974074423313141
2360,485.0,0.884592056274414
2361,485.2,1.79727733135223
2362,485.4,2.01196575164795
2363,485.6,1.26333129405975
2364,485.7,0.295586585998535
2365,485.9,0.500476896762848
2366,486.0,0.461631834506989
2367,486.2,1.18971645832062
2368,486.3,0.868811249732971
2369,486.5,1.42807590961456
2370,486.7,1.4716899394989
2371,486.9,2.70406651496887
2372,487.1,8.10309505462646
2373,487.2,11.8359489440918
2374,487.4,2.97338080406189
2375,487.5,2.05965495109558
2376,487.7,0.522067129611969
2377,487.9,1.3913985490799
2378,488.1,3.56741523742676
2379,488.2,2.77100491523743
2380,488.3,3.87704849243164
2381,488.6,0.915806829929352
2382,488.8,2.48625683784485
2383,489.0,21.2437362670898
2384,489.2,336.604431152344
2385,489.3,160.437881469727
2386,489.4,17.2435626983643
2387,489.6,0.589785814285278
2388,489.8,1.95638597011566
2389,490.0,18.6285438537598
2390,490.2,155.575912475586
2391,490.3,90.4022369384766
2392,490.5,3.71507835388184
2393,490.8,2.91467952728271
2394,490.9,4.64788007736206
2395,491.1,57.6573295593262
2396,491.2,147.497177124023
2397,491.4,16.0211563110352
2398,491.7,1.40241050720215
2399,491.8,0.90791642665863
2400,492.0,11.8297061920166
2401,492.2,38.9326286315918
2402,492.3,33.0002593994141
2403,492.5,4.76788330078125
2404,492.7,1.3870632648468
2405,492.9,6.5779070854187
2406,493.1,40.9267311096191
2407,493.3,86.7915573120117
2408,493.4,20.7693576812744
2409,493.6,1.58588397502899
2410,493.9,3.76580238342285
2411,494.1,17.9302864074707
2412,494.3,30.952917098999
2413,494.4,12.2174625396729
2414,494.6,1.90375447273254
2415,494.9,4.68152236938477
2416,495.0,6.8048210144043
2417,495.2,29.8101100921631
2418,495.3,28.058614730835
2419,495.5,3.73363399505615
2420,495.8,1.01335299015045
2421,496.0,3.27174186706543
2422,496.1,3.24486255645752
2423,496.3,10.2785053253174
2424,496.4,5.54183626174927
2425,496.7,1.56203937530518
2426,496.9,2.98933506011963
2427,497.0,5.05462598800659
2428,497.2,21.2373199462891
2429,497.3,12.7105693817139
2430,497.4,10.0241918563843
2431,497.6,1.36356544494629
2432,497.9,1.02583885192871
2433,498.1,4.54166316986084
2434,498.3,8.20835876464844
2435,498.4,2.79606342315674
2436,498.5,1.87678837776184
2437,498.7,0.800572276115417
2438,498.9,0.708662092685699
2439,499.1,3.06017518043518
2440,499.3,4.21529531478882
2441,499.4,2.7484610080719
2442,499.6,0.659065306186676
2443,499.9,0.453394621610641
2444,500.1,1.2230122089386
2445,500.3,1.83820343017578
2446,500.4,1.41975200176239
2447,500.7,1.20471692085266
2448,500.8,1.66175317764282
2449,501.0,12.0607824325562
2450,501.2,38.640251159668
2451,501.3,20.0680656433105
2452,501.4,10.3146619796753
2453,501.6,1.12746036052704
2454,501.9,1.82979273796082
2455,502.1,8
2456,502.2,6.54599857330322
2457,502.3,10.1234722137451
2458,502.5,1.51721143722534
2459,502.7,1.78088963031769
2460,502.8,1.45998442173004
2461,503.0,19.8474807739258
2462,503.2,173.780807495117
2463,503.3,96.3330459594727
2464,503.5,2.00632977485657
2465,503.8,1.47498488426208
2466,504.0,14.9922828674316
2467,504.2,76.8324813842773
2468,504.3,53.2725219726563
2469,504.5,3.76814365386963
2470,504.8,2.59368777275085
2471,505.0,17.6472721099854
2472,505.2,65.6601943969727
2473,505.3,40.9000244140625
2474,505.5,2.44888591766357
2475,505.8,1.74681353569031
2476,506.0,7.62256145477295
2477,506.2,21.0816783905029
2478,506.3,16.3463096618652
2479,506.5,2.04690885543823
2480,506.7,2.15720105171204
2481,506.9,4.555016040802
2482,507.1,38.3476982116699
2483,507.3,97.8152236938477
2484,507.4,17.6510009765625
2485,507.7,1.12269139289856
2486,507.9,3.85120964050293
2487,508.0,6.89326286315918
2488,508.2,33.9860382080078
2489,508.3,29.9212684631348
2490,508.5,3.96306252479553
2491,508.7,0.811063885688782
2492,508.9,3.35168647766113
2493,509.0,4.98144435882568
2494,509.2,22.7804565429688
2495,509.3,21.0952053070068
2496,509.5,2.23636531829834
2497,509.6,1.26862049102783
2498,509.9,1.39824855327606
2499,510.0,1.28006589412689
2500,510.2,6.19457197189331
2501,510.3,5.92846632003784
2502,510.5,0.965490341186523
2503,510.7,1.09251713752747
2504,510.9,2.54781937599182
2505,511.1,7.93236780166626
2506,511.3,12.0260124206543
2507,511.4,3.78262376785278
2508,511.5,1.95118355751038
2509,511.8,0.572444319725037
2510,512.0,1.79597675800323
2511,512.1,1.73805606365204
2512,512.3,4.91051769256592
2513,512.4,1.73476111888885
2514,512.5,1.0820255279541
2515,512.8,0.633833348751068
2516,513.0,1.28622210025787
2517,513.2,2.63261938095093
2518,513.4,2.52119994163513
2519,513.5,0.453307896852493
2520,513.6,0.523367702960968
2521,513.9,0.4927599132061
2522,514.1,0.755831122398376
2523,514.2,0.409520506858826
2524,514.4,1.23263680934906
2525,514.5,0.346657425165176
2526,514.7,0.401369988918304
2527,514.8,0.258475691080093
2528,515.0,1.40579211711884
2529,515.2,2.11384725570679
2530,515.3,1.10378909111023
2531,515.5,1.30243647098541
2532,515.6,0.174109071493149
2533,515.8,0.414983093738556
2534,516.0,0.871672570705414
2535,516.1,0.412035018205643
2536,516.2,1.62022018432617
2537,516.4,0.517905116081238
2538,516.6,1.17601668834686
2539,516.8,1.15364611148834
2540,517.0,2.43813395500183
2541,517.2,4.71793985366821
2542,517.3,1.85415768623352
2543,517.4,1.58406317234039
2544,517.7,0.630538463592529
2545,517.9,0.937917292118073
2546,518.1,1.71455824375153
2547,518.2,2.06494402885437
2548,518.4,0.736842095851898
2549,518.6,1.10396254062653
2550,518.8,3.36885452270508
2551,518.9,5.34856510162354
2552,519.1,18.8437519073486
2553,519.2,19.1930122375488
2554,519.4,4.47879981994629
2555,519.7,1.44801867008209
2556,519.9,3.18780899047852
2557,520.1,7.28266716003418
2558,520.2,4.55102729797363
2559,520.3,5.62785053253174
2560,520.5,2.64311099052429
2561,520.8,4.56767559051514
2562,521.0,20.9602870941162
2563,521.2,34.7664947509766
2564,521.3,11.396861076355
2565,521.4,5.54183626174927
2566,521.6,0.808289229869843
2567,521.8,2.20532393455505
2568,522.0,7.26376485824585
2569,522.2,13.3883638381958
2570,522.3,7.82259607315063
2571,522.5,1.81982135772705
2572,522.7,1.16049599647522
2573,522.9,4.22916841506958
2574,523.1,10.6602792739868
2575,523.2,10.4977893829346
2576,523.4,1.94476723670959
2577,523.6,0.975808560848236
2578,523.7,0.495274424552917
2579,523.9,1.13604438304901
2580,524.1,2.92083597183228
2581,524.2,1.43509924411774
2582,524.3,2.36686038970947
2583,524.5,0.776207387447357
2584,524.8,0.964363157749176
2585,525.0,2.55822420120239
2586,525.2,3.32402682304382
2587,525.3,2.24113416671753
2588,525.6,0.75591778755188
2589,525.8,0.611376047134399
2590,526.0,1.10734415054321
2591,526.1,0.617012023925781
2592,526.3,1.28396773338318
2593,526.5,1.24850428104401
2594,526.7,0.641550362110138
2595,526.9,0.882944583892822
2596,527.0,0.528917014598846
2597,527.2,1.2227520942688
2598,527.4,0.952397465705872
2599,527.5,0.693661689758301
2600,527.7,0.429463267326355
2601,528.0,0.549813568592072
2602,528.1,0.601838231086731
2603,528.3,0.393739700317383
2604,528.4,0.53672069311142
2605,528.6,0.383248060941696
2606,528.9,0.489898562431335
2607,529.1,0.620913922786713
2608,529.2,0.433018296957016
2609,529.4,0.981271147727966
2610,529.6,0.482181578874588
2611,529.7,0.153646051883698
2612,529.9,0.390965044498444
2613,530.1,0.371282398700714
2614,530.2,0.54764586687088
2615,530.4,0.35446110367775
2616,530.6,0.456342667341232
2617,530.8,0.569582939147949
2618,530.9,0.476285427808762
2619,531.1,1.5844099521637
2620,531.2,0.889187574386597
2621,531.4,1.42243993282318
2622,531.6,0.592994034290314
2623,531.7,0.467527955770493
2624,532.0,0.679528295993805
2625,532.2,1.02315092086792
2626,532.3,0.954131603240967
2627,532.5,0.570363283157349
2628,532.7,1.70614755153656
2629,532.8,1.90410125255585
2630,533.0,12.3248071670532
2631,533.2,21.5718364715576
2632,533.3,10.3192577362061
2633,533.6,1.64519202709198
2634,533.7,0.563600122928619
2635,533.9,3.22691416740417
2636,534.1,7.93748378753662
2637,534.2,7.44637107849121
2638,534.4,3.057053565979
2639,534.7,2.72652387619019
2640,534.9,17.7018127441406
2641,535.1,90.8812103271484
2642,535.2,76.8487854003906
2643,535.3,39.4559097290039
2644,535.5,2.25388026237488
2645,535.8,4.07387495040894
2646,536.0,25.2211055755615
2647,536.1,27.6521282196045
2648,536.2,50.6694717407227
2649,536.4,6.49041891098022
2650,536.5,3.386803150177
2651,536.8,5.46180534362793
2652,536.9,7.0321683883667
2653,537.1,34.637996673584
2654,537.2,26.0220241546631
2655,537.3,20.0281791687012
2656,537.5,2.02922058105469
2657,537.8,2.12277817726135
2658,537.9,2.51339626312256
2659,538.1,10.4729909896851
2660,538.2,12.0906095504761
2661,538.4,2.5538022518158
2662,538.6,1.77455997467041
2663,538.8,2.4158501625061
2664,539.0,8.93635654449463
2665,539.2,15.9268188476563
2666,539.3,8.29619312286377
2667,539.5,1.1950923204422
2668,539.7,0.751929223537445
2669,539.9,1.66383421421051
2670,540.1,3.92040228843689
2671,540.2,2.112633228302
2672,540.3,3.02870035171509
2673,540.5,0.913985967636108
2674,540.8,0.886673033237457
2675,541.0,2.13084197044373
2676,541.2,3.1930980682373
2677,541.3,2.13457036018372
2678,541.5,0.229255184531212
2679,541.6,0.434058785438538
2680,541.9,0.44983959197998
2681,542.0,0.434405624866486
2682,542.2,0.745079338550568
2683,542.3,0.583022654056549
2684,542.5,0.542790234088898
2685,542.6,0.139512702822685
2686,542.8,0.594294607639313
2687,543.0,0.637388348579407
2688,543.1,0.94996964931488
2689,543.3,0.676146686077118
2690,543.5,0.230555802583694
2691,543.6,0.427815824747086
2692,543.9,0.296193540096283
2693,544.1,0.382294297218323
2694,544.3,0.729385256767273
2695,544.5,0.485389739274979
2696,544.6,0.589178860187531
2697,544.9,0.425648152828217
2698,545.1,0.939131200313568
2699,545.2,0.529437243938446
2700,545.4,1.06529092788696
2701,545.6,0.355241477489471
2702,545.7,0.0818520784378052
2703,545.9,0.37657156586647
2704,546.1,0.698864102363586
2705,546.2,0.356021851301193
2706,546.4,0.752883017063141
2707,546.5,0.15139165520668
2708,546.7,0.582328975200653
2709,546.9,1.49787569046021
2710,547.1,4.03086805343628
2711,547.3,5.6334867477417
2712,547.4,2.91545987129211
2713,547.7,0.510188162326813
2714,547.9,0.705714046955109
2715,548.1,2.04586839675903
2716,548.3,2.62290811538696
2717,548.4,1.37154257297516
2718,548.7,1.19119048118591
2719,548.9,5.11861610412598
2720,549.1,46.7907752990723
2721,549.2,83.23974609375
2722,549.3,121.917457580566
2723,549.5,4.49163293838501
2724,549.7,0.623601853847504
2725,549.9,3.79354906082153
#"+ Scan (rt: 5.003-54.995 min, 8748 scans) 180621_SP21H_1.D "
#Point,X(Thompsons),Y(Counts)
0,50.2,33331.4375
1,50.3,0.418267041444778
2,51.0,2.38145852088928
3,51.2,59297.5390625
4,52.0,9.80338382720947
5,52.2,33378.046875
6,52.3,5.91175127029419
7,53.0,2.52766346931458
8,53.2,50473.28515625
9,53.3,0.895747601985931
10,54.0,2.49588465690613
11,54.2,36809.21875
12,54.3,2.61271142959595
13,55.2,90614.3125
14,55.3,0.794581592082977
15,56.0,1.23559665679932
16,56.2,51439.5390625
17,56.3,7.46764993667603
18,57.2,73054.1875
19,57.3,500.249084472656
20,57.5,48.749885559082
21,57.7,40.6778678894043
22,58.0,310.380096435547
23,58.2,9078.4228515625
24,58.3,823.046325683594
25,58.6,1176.67822265625
26,58.7,307.587097167969
27,59.0,549.634338378906
28,59.1,20451.134765625
29,59.3,22.4409008026123
30,60.0,84.5992202758789
31,60.1,13262.3310546875
32,60.3,1.25537264347076
33,60.8,0.0550983063876629
34,61.0,106.292068481445
35,61.1,9305.626953125
36,61.3,7.31115674972534
37,61.6,0.0679012313485146
38,61.8,0.217078194022179
39,62.0,53.9767951965332
40,62.1,16098.1015625
41,62.3,10.5864200592041
42,62.5,0.0951074510812759
43,63.0,20.249885559082
44,63.1,39422.40625
45,63.3,3.57853221893311
46,64.0,249.755264282227
47,64.1,22909.78515625
48,64.3,85.6360321044922
49,65.0,4.65603590011597
50,65.2,61506.0859375
51,66.0,85.8891143798828
52,66.2,42084.484375
53,66.3,5.26817560195923
54,67.0,3.50708723068237
55,67.2,51364.82421875
56,67.3,1.24188387393951
57,68.0,6.62688636779785
58,68.2,33304.19921875
59,68.3,3.80189752578735
60,69.0,0.251143127679825
61,69.2,52156.19140625
62,69.3,20.2233657836914
63,70.0,7.90832185745239
64,70.2,39186.1015625
65,70.3,64.1986770629883
66,70.5,0.416780978441238
67,71.0,20.2333106994629
68,71.2,39362.68359375
69,71.3,463.113159179688
70,71.5,84.4709625244141
71,71.8,32.9770240783691
72,72.0,355.499786376953
73,72.2,10627.5400390625
74,72.3,134.877685546875
75,72.5,37.2629165649414
76,72.7,14.1563787460327
77,73.0,85.2539978027344
78,73.1,23724.505859375
79,74.0,23.1543216705322
80,74.1,16133.9970703125
81,74.3,0.619913101196289
82,75.0,25.4948558807373
83,75.1,13835.2724609375
84,76.0,33.4606781005859
85,76.1,16439.748046875
86,76.3,8.05201148986816
87,77.1,89128.4765625
88,78.0,14.7006168365479
89,78.2,43991.07421875
90,78.3,44.2640609741211
91,79.0,1.97690904140472
92,79.2,64919.18359375
93,80.0,19.571102142334
94,80.2,52019.36328125
95,80.3,4.04938268661499
96,81.0,10.4267263412476
97,81.2,49103.37109375
98,82.0,17.22873878479
99,82.2,32344.130859375
100,82.3,27.91335105896
101,83.0,8.88168716430664
102,83.2,30395.642578125
103,83.3,99.4682235717773
104,83.8,1.85539555549622
105,84.0,131.8291015625
106,84.2,21977.14453125
107,84.3,35.7258796691895
108,84.5,0.203360766172409
109,84.8,0.097622312605381
110,85.0,22.4450168609619
111,85.2,25648.1875
112,85.3,35.9519882202148
113,85.8,0.443072706460953
114,86.0,52.5130310058594
115,86.2,9595.1279296875
116,86.3,32.5574989318848
117,86.5,0.378715127706528
118,87.0,78.417236328125
119,87.1,9361.9638671875
120,87.3,6.02549171447754
121,87.6,0.171810701489449
122,87.8,1.98308181762695
123,88.0,102.518859863281
124,88.1,4595.41259765625
125,88.3,36.1065368652344
126,88.5,0.465020567178726
127,89.0,64.5891647338867
128,89.1,30365.927734375
129,89.3,4.70759010314941
130,89.8,0.916781008243561
131,90.0,101.512229919434
132,90.1,26110.681640625
133,90.3,145.9765625
134,91.0,0.608253300189972
135,91.2,159203.734375
136,92.0,29.2548007965088
137,92.2,51276.25
138,92.3,6.31092834472656
139,93.0,12.0341796875
140,93.2,51737.0859375
141,93.3,7.4415864944458
142,94.0,2.75
143,94.1,97140.8671875
144,94.3,4.7873797416687
145,95.0,6.7621169090271
146,95.2,48031.7734375
147,95.3,18.3065853118896
148,96.0,25.7312526702881
149,96.2,29194.22265625
150,96.3,9.98708248138428
151,96.8,1.6066529750824
152,97.0,150.108825683594
153,97.2,25963.921875
154,97.3,19.1575222015381
155,98.0,42.2270240783691
156,98.2,17985.9609375
157,98.3,19.5818481445313
158,98.6,0.26005944609642
159,98.8,0.436899870634079
160,99.0,49.0981941223145
161,99.1,20060.3046875
162,99.3,24.6156845092773
163,99.6,0.182784631848335
164,99.8,1.74874258041382
165,100.0,95.5282363891602
166,100.1,10836.0361328125
167,100.3,25.3000679016113
168,100.5,1.2053040266037
169,100.8,1.20381796360016
170,101.0,84.72119140625
171,101.1,6694.16748046875
172,101.3,35.565616607666
173,101.5,0.629172384738922
174,101.9,4.42009592056274
175,102.1,9426.6240234375
176,102.2,5076.0068359375
177,102.4,2.5631000995636
178,103.0,89.3110427856445
179,103.2,34023.3515625
180,103.3,5.22862386703491
181,103.9,0.215935066342354
182,104.1,13682.6826171875
183,104.2,27803.556640625
184,105.0,8.00914478302002
185,105.2,67259.9609375
186,105.9,0.122999541461468
187,106.1,6720.5927734375
188,106.2,51850.9140625
189,107.0,8.11156845092773
190,107.2,151959.34375
191,107.3,1.77400553226471
192,108.0,4.57853221893311
193,108.2,96671.3359375
194,108.3,8.08253288269043
195,109.0,14.8555097579956
196,109.2,38279.36328125
197,109.3,18.8675117492676
198,110.0,26.3970050811768
199,110.2,23926.84375
200,110.3,8.23102378845215
201,110.9,0.282578885555267
202,111.1,4693.4228515625
203,111.2,14255.2998046875
204,111.8,0.739597618579865
205,112.0,54.0020561218262
206,112.2,12837.451171875
207,112.3,71.2206192016602
208,112.5,0.520804762840271
209,112.8,1.169753074646
210,113.0,53.624942779541
211,113.1,16498.31640625
212,113.3,46.0282363891602
213,113.6,0.96925014257431
214,113.7,0.0978509336709976
215,113.9,13.1204843521118
216,114.1,3799.20678710938
217,114.2,3659.30151367188
218,114.4,4.5951075553894
219,114.9,0.405121177434921
220,115.1,32255.69921875
221,115.2,15104.8134765625
222,115.4,0.0610425248742104
223,115.6,0.0515546426177025
224,115.8,0.257315963506699
225,116.0,65.5035400390625
226,116.1,28146.375
227,116.3,19.4962272644043
228,116.5,0.153749421238899
229,116.8,0.138888895511627
230,117.0,43.5824203491211
231,117.2,72625.3515625
232,117.3,5.19284391403198
233,117.8,0.318587094545364
234,118.0,34.3693428039551
235,118.2,33847.83984375
236,118.3,15.0858478546143
237,118.5,0.162551447749138
238,118.8,0.0513260178267956
239,118.9,0.818244159221649
240,119.1,7683.75146484375
241,119.2,33065.0234375
242,119.4,0.364426165819168
243,119.8,0.124371282756329
244,120.0,35.2269096374512
245,120.2,46939.9140625
246,120.3,22.146203994751
247,120.4,0.425240069627762
248,120.6,0.0777320563793182
249,120.8,0.0257201641798019
250,121.0,26.4085502624512
251,121.2,63826.1015625
252,121.3,4.99554204940796
253,121.5,0.0468678548932076
254,122.0,15.078761100769
255,122.2,52612.75
256,122.3,8.48628234863281
257,122.8,0.0297210793942213
258,123.0,19.8301334381104
259,123.2,28288.6796875
260,123.3,23.0980796813965
261,123.4,0.258459091186523
262,123.9,1.68301320075989
263,124.1,4326.00927734375
264,124.2,13604.984375
265,124.4,0.278463661670685
266,124.6,0.1710105240345
267,124.8,0.704732537269592
268,125.0,51.7176513671875
269,125.2,16294.09375
270,125.3,54.0160026550293
271,125.4,0.738683104515076
272,125.6,0.108824871480465
273,125.8,1.90992224216461
274,126.0,61.1979866027832
275,126.2,11999.0576171875
276,126.3,64.4925689697266
277,126.5,0.78669410943985
278,126.8,1.23113858699799
279,127.0,60.9040908813477
280,127.2,17620.935546875
281,127.3,48.6976432800293
282,127.5,0.240169182419777
283,127.7,0.254343837499619
284,127.9,0.865226328372955
285,128.1,14852.3193359375
286,128.2,17377.685546875
287,128.4,0.338591665029526
288,128.6,0.028235025703907
289,128.8,0.30235481262207
290,129.0,33.6483764648438
291,129.2,33315.3203125
292,129.3,21.3616828918457
293,129.5,0.324988573789597
294,129.8,0.673639714717865
295,130.0,24.5435523986816
296,130.2,55326.12890625
297,130.3,10.8060131072998
298,130.5,0.239140376448631
299,130.8,0.562757194042206
300,131.0,29.4742794036865
301,131.2,55726.0546875
302,131.3,8.27732086181641
303,131.6,0.326703250408173
304,131.8,0.524577021598816
305,132.0,31.7764053344727
306,132.2,33581.58984375
307,132.3,16.9732513427734
308,132.5,0.13717420399189
309,132.9,2.93552803993225
310,133.1,8382.6298828125
311,133.2,26102.115234375
312,133.4,0.0841335132718086
313,133.6,0.175011426210403
314,133.7,0.0312071330845356
315,133.9,13.1116828918457
316,134.1,3551.5126953125
317,134.2,28207.6640625
318,134.3,24.480224609375
319,134.5,0.0316643789410591
320,134.7,0.101394601166248
321,134.9,1.69158661365509
322,135.1,2498.46264648438
323,135.2,28079.478515625
324,135.4,0.41952446103096
325,135.8,0.238225877285004
326,136.0,20.2269096374512
327,136.2,27098.291015625
328,136.3,31.0818481445313
329,136.6,0.0204618200659752
330,136.9,3.92592597007751
331,137.1,2028.486328125
332,137.2,16501.30859375
333,137.3,15.714334487915
334,137.5,0.0240054875612259
335,137.7,0.0708733424544334
336,137.9,2.50594425201416
337,138.1,2729.46533203125
338,138.2,12670.921875
339,138.4,0.636145412921906
340,138.6,0.0386374033987522
341,138.9,3.04332423210144
342,139.1,7403.86376953125
343,139.2,6612.5791015625
344,139.4,0.273205310106277
345,139.5,0.130658432841301
346,139.8,0.654549598693848
347,140.0,52.0094871520996
348,140.2,8796.5380859375
349,140.3,153.299499511719
350,140.5,0.581618666648865
351,140.8,0.508801996707916
352,141.0,45.0206909179688
353,141.2,21858.798828125
354,141.3,47.1604919433594
355,141.5,0.362025618553162
356,141.8,1.19421577453613
357,142.0,49.6807289123535
358,142.2,17470.546875
359,142.3,105.490165710449
360,142.5,0.315043449401855
361,142.8,1.02514863014221
362,143.0,35.0401229858398
363,143.1,3599.16381835938
364,143.2,22280.251953125
365,143.4,1.54412436485291
366,143.7,0.287837207317352
367,143.9,3.28657984733582
368,144.1,3303.70483398438
369,144.2,29400.787109375
370,144.4,1.70690441131592
371,144.6,0.443415641784668
372,144.9,3.61911296844482
373,145.0,19.9775943756104
374,145.2,43576.421875
375,145.3,22.5631008148193
376,145.5,0.218792870640755
377,145.7,0.253086417913437
378,145.9,4.10653877258301
379,146.1,3399.16088867188
380,146.2,26696.029296875
381,146.4,1.01520347595215
382,146.6,0.263031542301178
383,146.9,4.7395977973938
384,147.1,5908.94189453125
385,147.2,21478.146484375
386,147.3,14.6087102890015
387,147.5,0.0631001368165016
388,147.7,0.222793787717819
389,147.9,5.47542285919189
390,148.1,1569.96411132813
391,148.2,20984.291015625
392,148.4,0.75148606300354
393,148.6,0.0971650630235672
394,148.8,1.11739826202393
395,149.0,40.7295379638672
396,149.2,27571.78515625
397,149.3,12.2157068252563
398,149.6,0.158436208963394
399,149.9,2.9186098575592
400,150.1,2121.61328125
401,150.2,14243.9912109375
402,150.4,0.880429804325104
403,150.7,0.34625056385994
404,150.8,0.788637399673462
405,151.0,35.2155914306641
406,151.2,14529.576171875
407,151.3,32.0526962280273
408,151.5,0.283379048109055
409,151.8,0.53143572807312
410,152.0,25.4834251403809
411,152.2,17480.75390625
412,152.3,63.2769775390625
413,152.6,0.380315512418747
414,152.7,0.043895747512579
415,152.9,4.15740728378296
416,153.1,4017.03759765625
417,153.2,10188.3330078125
418,153.4,0.365340650081635
419,153.7,0.242226794362068
420,153.9,4.07636022567749
421,154.1,3605.669921875
422,154.2,9837.4677734375
423,154.4,2.22187924385071
424,154.6,0.391060799360275
425,154.8,1.09956562519073
426,155.0,69.6742095947266
427,155.2,17573.68359375
428,155.3,74.7344512939453
429,155.5,0.271833568811417
430,155.8,2.39700508117676
431,156.0,36.5803604125977
432,156.2,19056.912109375
433,156.3,151.306121826172
434,156.5,0.917123913764954
435,156.8,1.76623225212097
436,157.0,24.9236392974854
437,157.2,22925.1484375
438,157.3,37.6236839294434
439,157.5,0.599108338356018
440,157.8,1.22599446773529
441,158.0,14.9555330276489
442,158.2,23695.013671875
443,158.3,32.1975326538086
444,158.5,0.477937817573547
445,158.8,1.18792867660522
446,159.0,26.3388195037842
447,159.2,29590.55859375
448,159.3,40.7307968139648
449,159.5,0.0660722479224205
450,159.7,0.307270228862762
451,159.9,1.90352082252502
452,160.1,1908.34399414063
453,160.2,20884.318359375
454,160.4,1.83219015598297
455,160.7,0.204389572143555
456,160.9,5.74759960174561
457,161.1,3393.74731445313
458,161.2,15454.4033203125
459,161.3,42.8967781066895
460,161.5,0.311156839132309
461,161.7,0.146319165825844
462,161.9,4.36294031143188
463,162.0,37.7323951721191
464,162.2,16038.4619140625
465,162.3,69.3843154907227
466,162.5,0.326474636793137
467,162.7,1.25091445446014
468,162.9,8.79823970794678
469,163.1,1275.74255371094
470,163.2,11690.9501953125
471,163.4,1.33173298835754
472,163.6,0.204389572143555
473,163.8,3.17329668998718
474,164.0,50.7588005065918
475,164.1,663.123657226563
476,164.2,9502.1015625
477,164.4,2.3583676815033
478,164.7,0.716735243797302
479,164.9,6.44101524353027
480,165.1,2468.84033203125
481,165.2,15260.0380859375
482,165.4,1.25354361534119
483,165.6,0.0769318714737892
484,165.8,1.14769089221954
485,166.0,45.2628021240234
486,166.1,7861.70166015625
487,166.2,8822.4404296875
488,166.4,1.4426155090332
489,166.5,0.413580238819122
490,166.8,1.58493375778198
491,167.0,42.5205764770508
492,167.2,14297.1826171875
493,167.3,38.5136032104492
494,167.6,0.145290344953537
495,167.8,0.864426136016846
496,168.0,25.7491989135742
497,168.2,12830.0673828125
498,168.3,297.510620117188
499,168.5,0.437014162540436
500,168.7,0.435413807630539
501,168.9,3.9764518737793
502,169.1,1103.29077148438
503,169.2,13653.4599609375
504,169.4,2.65294933319092
505,169.5,0.388317316770554
506,169.8,1.0057156085968
507,170.0,19.5842475891113
508,170.2,16455.92578125
509,170.3,179.67741394043
510,170.5,0.675011456012726
511,170.6,0.445587575435638
512,170.9,3.0074303150177
513,171.1,675.548706054688
514,171.2,15837.69921875
515,171.3,61.1993598937988
516,171.6,0.65946501493454
517,171.8,0.578074991703033
518,172.0,10.7637176513672
519,172.2,15435.9052734375
520,172.3,40.9965705871582
521,172.4,1.34567904472351
522,172.6,0.167695477604866
523,172.8,0.754801094532013
524,173.0,15.8780288696289
525,173.2,16097.240234375
526,173.3,64.891975402832
527,173.5,0.446616381406784
528,173.7,0.306012809276581
529,173.9,2.23971199989319
530,174.1,954.710571289063
531,174.2,14897.04296875
532,174.4,1.8251029253006
533,174.6,0.076703242957592
534,174.8,0.735368072986603
535,175.0,24.9258117675781
536,175.2,13209.873046875
537,175.3,78.5203475952148
538,175.5,0.461362600326538
539,175.8,0.892318248748779
540,176.0,49.5606994628906
541,176.2,11846.8388671875
542,176.3,108.683013916016
543,176.5,0.240169182419777
544,176.7,0.692615449428558
545,176.9,6.74462747573853
546,177.1,1170.90747070313
547,177.2,8367.25
548,177.4,1.20770466327667
549,177.5,0.230338364839554
550,177.7,0.242226794362068
551,177.9,4.78223609924316
552,178.1,1081.18981933594
553,178.2,9940.779296875
554,178.4,3.18084144592285
555,178.7,0.877114772796631
556,178.9,9.23879718780518
557,179.1,1137.77697753906
558,179.2,9962.8427734375
559,179.4,2.03760862350464
560,179.6,0.129858255386353
561,179.8,1.15237772464752
562,180.0,35.6355743408203
563,180.2,10250.3623046875
564,180.3,481.045166015625
565,180.4,3.18209886550903
566,180.6,0.660493850708008
567,180.9,9.1051664352417
568,181.1,1099.23913574219
569,181.2,10054.6064453125
570,181.4,1.86488342285156
571,181.7,0.406035661697388
572,181.9,2.75891637802124
573,182.1,813.692016601563
574,182.2,12381.9423828125
575,182.4,5.16346597671509
576,182.7,0.474622756242752
577,182.9,4.26886129379272
578,183.1,572.788757324219
579,183.2,12053.787109375
580,183.4,3.52743482589722
581,183.6,0.271947860717773
582,183.8,0.825331509113312
583,184.0,15.8247594833374
584,184.1,431.970275878906
585,184.2,11759.685546875
586,184.4,2.59819388389587
587,184.5,0.631001353263855
588,184.8,1.92478275299072
589,185.0,13.9871969223022
590,185.2,11767.0234375
591,185.3,94.7958374023438
592,185.5,0.275720179080963
593,185.7,0.58607679605484
594,185.9,2.46204853057861
595,186.1,1034.85876464844
596,186.2,9804.8671875
597,186.4,2.57007312774658
598,186.6,0.396204859018326
599,186.8,1.61339735984802
600,187.0,16.7724056243896
601,187.2,9518.7880859375
602,187.3,83.4970245361328
603,187.5,0.306355744600296
604,187.8,0.413923174142838
605,188.0,12.9364423751831
606,188.1,371.796630859375
607,188.2,9708.4658203125
608,188.4,2.30555558204651
609,188.6,0.0804755389690399
610,188.8,1.36396884918213
611,189.0,33.0232048034668
612,189.2,10080.201171875
613,189.3,112.876312255859
614,189.5,0.162094190716743
615,189.6,0.230109736323357
616,189.9,2.08390498161316
617,190.1,450.921813964844
618,190.2,7725.623046875
619,190.4,3.22485136985779
620,190.7,0.813557386398315
621,190.9,14.115912437439
622,191.1,2772.71044921875
623,191.2,7109.43017578125
624,191.4,1.27640604972839
625,191.7,0.379172384738922
626,191.9,6.57716035842896
627,192.1,833.604125976563
628,192.2,6405.5615234375
629,192.4,4.04469585418701
630,192.6,0.135688155889511
631,192.9,12.472336769104
632,193.1,2981.77124023438
633,193.2,7474.8974609375
634,193.4,0.128715127706528
635,193.7,0.550754487514496
636,193.9,10.8677415847778
637,194.1,767.162902832031
638,194.2,8768.8232421875
639,194.4,4.11682653427124
640,194.7,1.21422040462494
641,194.9,13.1662092208862
642,195.1,782.941101074219
643,195.2,8600.3671875
644,195.4,2.24885678291321
645,195.6,0.159807950258255
646,195.8,1.69387292861938
647,196.0,26.480110168457
648,196.2,9818.65234375
649,196.3,639.833190917969
650,196.5,0.583104729652405
651,196.7,1.28177869319916
652,196.9,10.9765663146973
653,197.1,515.839477539063
654,197.2,9134.1083984375
655,197.4,4.47668027877808
656,197.7,0.528577983379364
657,197.9,4.24199819564819
658,198.1,373.668151855469
659,198.2,8564.6845703125
660,198.4,4.75480127334595
661,198.6,0.252286225557327
662,198.8,1.66209423542023
663,199.0,20.1479187011719
664,199.2,8008.75830078125
665,199.3,117.867057800293
666,199.5,0.329789668321609
667,199.7,0.428783714771271
668,199.9,2.57498860359192
669,200.1,297.826599121094
670,200.2,6905.60595703125
671,200.4,2.45518970489502
672,200.7,0.863511681556702
673,200.9,3.70919060707092
674,201.1,231.968338012695
675,201.2,5990.7421875
676,201.4,3.89917683601379
677,201.6,0.51726108789444
678,201.7,0.204503893852234
679,201.9,2.60802459716797
680,202.1,366.241882324219
681,202.2,6769.712890625
682,202.4,4.43735694885254
683,202.6,0.437928676605225
684,202.8,1.59396433830261
685,203.0,29.7091903686523
686,203.2,6096.74951171875
687,203.3,185.778579711914
688,203.4,3.94204378128052
689,203.7,0.496570646762848
690,203.9,3.15980792045593
691,204.1,336.152038574219
692,204.2,4536.55908203125
693,204.3,616.127319335938
694,204.5,0.434385001659393
695,204.7,0.718221306800842
696,204.9,4.90752172470093
697,205.1,417.120941162109
698,205.2,4637.259765625
699,205.4,4.57807493209839
700,205.7,0.394147247076035
701,205.9,2.44124364852905
702,206.1,234.069274902344
703,206.2,4541.98779296875
704,206.4,8.6168270111084
705,207.0,65.9470748901367
706,207.1,28256.763671875
707,207.3,8.73788261413574
708,207.8,1.17478275299072
709,208.0,54.0276641845703
710,208.2,10396.6259765625
711,208.3,734.292541503906
712,208.4,4.72153615951538
713,208.6,0.24211248755455
714,208.8,1.48033833503723
715,209.0,64.6989059448242
716,209.2,9206.9716796875
717,209.3,174.196151733398
718,209.5,0.159236401319504
719,209.7,0.4367855489254
720,209.9,5.97828054428101
721,210.1,618.12548828125
722,210.2,6859.35400390625
723,210.4,14.5437812805176
724,210.7,0.992455422878265
725,210.9,14.6009368896484
726,211.1,1330.88745117188
727,211.2,6714.4033203125
728,211.4,4.08253335952759
729,211.7,0.658550500869751
730,211.8,1.87894380092621
731,212.0,33.1435775756836
732,212.2,5972.9677734375
733,212.3,416.419738769531
734,212.5,1.37860083580017
735,212.8,2.63111567497253
736,213.0,56.6966171264648
737,213.2,6558.2841796875
738,213.3,1106.18139648438
739,213.6,0.120484679937363
740,213.8,1.29823958873749
741,214.0,23.4482173919678
742,214.2,4637.15869140625
743,214.3,386.372985839844
744,214.5,1.03132140636444
745,214.8,2.67695474624634
746,215.0,77.8874053955078
747,215.2,5207.478515625
748,215.3,148.791610717773
749,215.4,0.493712842464447
750,215.7,0.467421114444733
751,215.9,8.54446697235107
752,216.1,278.992340087891
753,216.2,4101.92626953125
754,216.4,4.38157272338867
755,216.6,0.351165980100632
756,216.8,2.34590768814087
757,217.0,23.3168716430664
758,217.1,220.650543212891
759,217.2,3711.72485351563
760,217.4,3.50994515419006
761,217.7,0.513374507427216
762,217.9,3.47725200653076
763,218.0,11.3951759338379
764,218.2,2942.41967773438
765,218.3,819.683471679688
766,218.5,0.750571548938751
767,218.7,0.757315933704376
768,218.9,5.18678569793701
769,219.1,260.784637451172
770,219.2,2619.89477539063
771,219.3,438.732513427734
772,219.5,0.438157290220261
773,219.6,0.548010945320129
774,219.9,3.26417469978333
775,220.1,189.616485595703
776,220.2,2890.9765625
777,220.3,432.167694091797
778,220.5,1.29240965843201
779,220.8,2.52046179771423
780,221.0,36.1016235351563
781,221.2,4821.02783203125
782,221.3,204.765090942383
783,221.5,0.442958384752274
784,221.7,0.595450401306152
785,221.8,1.42969822883606
786,222.0,16.0740737915039
787,222.2,4042.48608398438
788,222.3,422.031555175781
789,222.4,20.071102142334
790,222.7,1.9024920463562
791,222.9,12.7783489227295
792,223.1,442.985473632813
793,223.2,4018.06762695313
794,223.4,4.63648843765259
795,223.6,0.707933247089386
796,223.8,1.92969822883606
797,224.0,18.1607227325439
798,224.2,4100.94384765625
799,224.3,384.854827880859
800,224.5,2.4707362651825
801,224.8,3.69330143928528
802,225.0,42.8111572265625
803,225.2,5214.509765625
804,225.3,150.94319152832
805,225.5,0.240512117743492
806,225.7,0.416438043117523
807,225.9,5.84967994689941
808,226.1,300.331848144531
809,226.2,3917.8720703125
810,226.4,16.1729545593262
811,226.7,1.15855050086975
812,226.9,9.92158222198486
813,227.1,295.152618408203
814,227.2,3119.87890625
815,227.3,702.042724609375
816,227.5,0.581618666648865
817,227.7,0.57190215587616
818,227.9,3.78749418258667
819,228.1,186.096130371094
820,228.2,3218.21752929688
821,228.4,4.35368061065674
822,228.7,0.929469585418701
823,228.8,2.02983546257019
824,229.0,29.8404197692871
825,229.2,2520.27368164063
826,229.3,482.957946777344
827,229.5,1.12517142295837
828,229.7,0.599679946899414
829,229.9,6.35413789749146
830,230.1,217.121856689453
831,230.2,2816.30395507813
832,230.4,6.63454484939575
833,230.5,1.50320076942444
834,230.7,0.69318699836731
835,230.9,5.81652927398682
836,231.1,171.216735839844
837,231.2,2519.14916992188
838,231.4,7.79846811294556
839,231.6,0.296296298503876
840,231.8,1.08939182758331
841,231.9,1.53772294521332
842,232.1,158.593734741211
843,232.2,2551.10424804688
844,232.4,11.9358711242676
845,232.7,1.21330595016479
846,232.9,3.63260173797607
847,233.1,188.160263061523
848,233.2,2140.85693359375
849,233.4,13.1260862350464
850,233.7,0.243827164173126
851,233.9,2.15306353569031
852,234.1,145.528121948242
853,234.2,2237.59985351563
854,234.4,18.0941925048828
855,234.5,1.52674901485443
856,234.8,1.67878377437592
857,235.0,25.5871047973633
858,235.2,2078.72412109375
859,235.3,353.75537109375
860,235.5,1.11614084243774
861,235.7,0.228737995028496
862,235.9,3.38488793373108
863,236.0,13.0292634963989
864,236.2,2363.109375
865,236.3,490.492126464844
866,236.4,25.2960681915283
867,236.7,1.7465705871582
868,236.9,10.1958160400391
869,237.1,219.73078918457
870,237.2,2048.01928710938
871,237.3,327.474609375
872,237.5,1.40294921398163
873,237.8,1.58962047100067
874,238.0,17.0102882385254
875,238.2,2286.85913085938
876,238.3,505.477935791016
877,238.5,2.03372192382813
878,238.8,2.62002754211426
879,239.0,22.5638999938965
880,239.2,2154.50244140625
881,239.3,763.478149414063
882,239.5,0.858024716377258
883,239.7,0.538408756256104
884,239.9,2.89254689216614
885,240.1,128.231369018555
886,240.2,2408.90747070313
887,240.4,20.2394828796387
888,240.6,0.4023776948452
889,240.8,1.32178783416748
890,241.0,16.0861911773682
891,241.2,1615.33911132813
892,241.3,638.191040039063
893,241.5,0.676268875598907
894,241.7,0.573045253753662
895,241.9,1.48708271980286
896,242.1,134.043548583984
897,242.2,2084.35034179688
898,242.4,7.36762666702271
899,242.5,0.897233664989471
900,242.7,0.215020582079887
901,242.9,2.43072700500488
902,243.1,123.159233093262
903,243.2,1871.59497070313
904,243.4,8.26931858062744
905,243.5,0.873799741268158
906,243.8,0.76943302154541
907,244.0,12.9476451873779
908,244.2,1169.2216796875
909,244.3,725.776184082031
910,244.5,1.27937817573547
911,244.8,0.901920437812805
912,245.0,12.6358022689819
913,245.2,1150.66650390625
914,245.3,585.84130859375
915,245.5,1.33904898166656
916,245.6,0.62505716085434
917,245.9,2.30772757530212
918,246.1,124.423751831055
919,246.2,987.198669433594
920,246.3,707.986755371094
921,246.5,1.01108825206757
922,246.7,0.72908091545105
923,246.9,2.17558288574219
924,247.1,134.552810668945
925,247.2,1461.021484375
926,247.4,18.1415176391602
927,247.5,1.51634657382965
928,247.8,0.790466368198395
929,248.0,10.242112159729
930,248.1,111.143119812012
931,248.2,1479.38842773438
932,248.4,25.9601058959961
933,248.5,2.844078540802
934,248.8,4.71936464309692
935,249.0,68.4091186523438
936,249.2,1762.48217773438
937,249.3,307.696166992188
938,249.5,1.14974856376648
939,249.7,0.945816159248352
940,249.9,4.62322807312012
941,250.1,221.782119750977
942,250.2,1773.62292480469
943,250.4,30.1881580352783
944,250.5,2.74851393699646
945,250.8,7.97542285919189
946,251.0,134.195816040039
947,251.2,1822.3984375
948,251.3,244.562408447266
949,251.5,1.16323733329773
950,251.8,3.37517142295837
951,252.0,42.4449005126953
952,252.2,1378.32287597656
953,252.3,630.585266113281
954,252.5,3.91117978096008
955,252.7,1.77800643444061
956,252.9,25.1505489349365
957,253.0,73.2277069091797
958,253.2,2134.3818359375
959,253.3,424.321563720703
960,253.5,0.952217638492584
961,253.7,0.914837658405304
962,253.8,2.16346597671509
963,254.0,27.677640914917
964,254.2,1210.96008300781
965,254.3,665.729309082031
966,254.5,1.43026971817017
967,254.7,1.05555558204651
968,254.9,10.2255373001099
969,255.1,247.836196899414
970,255.2,1467.52319335938
971,255.4,10.8512802124023
972,255.5,0.475880205631256
973,255.8,1.07201647758484
974,256.0,5.79903984069824
975,256.1,63.3660278320313
976,256.3,3496.76782226563
977,256.4,27.9178104400635
978,256.6,1.24839961528778
979,256.9,5.41426610946655
980,257.0,13.5859622955322
981,257.2,695.185180664063
982,257.3,1067.17163085938
983,257.5,1.04561042785645
984,257.7,0.209990859031677
985,257.9,2.23525381088257
986,258.1,90.6031112670898
987,258.3,1261.99633789063
988,258.4,31.7222213745117
989,258.7,1.16289436817169
990,258.9,3.10048007965088
991,259.0,9.36785507202148
992,259.2,665.497253417969
993,259.3,542.085021972656
994,259.5,1.55178332328796
995,259.7,0.279949694871902
996,259.9,2.62734341621399
997,260.1,89.4543914794922
998,260.3,1141.88659667969
999,260.4,47.1271133422852
1000,260.6,1.55978512763977
1001,260.9,1.922039270401
1002,261.1,95.4349594116211
1003,261.2,562.35400390625
1004,261.3,466.393127441406
1005,261.5,2.5653862953186
1006,261.8,1.01943302154541
1007,262.0,10.188157081604
1008,262.2,657.006652832031
1009,262.3,468.757415771484
1010,262.5,4.55727005004883
1011,262.8,1.52263379096985
1012,263.0,12.4443302154541
1013,263.2,720.577514648438
1014,263.3,423.416900634766
1015,263.5,2.29846811294556
1016,263.6,0.761659801006317
1017,263.9,1.4294695854187
1018,264.1,82.5491561889648
1019,264.2,1219.87145996094
1020,264.4,79.9197540283203
1021,264.7,2.12825798988342
1022,264.9,14.5478963851929
1023,265.1,579.600036621094
1024,265.2,1186.11340332031
1025,265.4,12.9110651016235
1026,265.7,1.22222220897675
1027,265.8,0.882487416267395
1028,266.0,17.8705997467041
1029,266.2,786.985473632813
1030,266.3,796.439086914063
1031,266.5,4.47050762176514
1032,266.6,2.20873332023621
1033,266.8,3.84099221229553
1034,267.0,219.047210693359
1035,267.1,2876.4130859375
1036,267.3,236.801666259766
1037,267.5,0.799039781093597
1038,267.8,6.53223609924316
1039,268.0,92.7677154541016
1040,268.2,1109.080078125
1041,268.3,479.533935546875
1042,268.4,18.9502735137939
1043,268.6,0.812071323394775
1044,268.8,7.59716510772705
1045,269.0,98.88671875
1046,269.2,1356.72021484375
1047,269.3,343.818237304688
1048,269.5,0.704389572143555
1049,269.8,2.47668027877808
1050,270.0,29.0989933013916
1051,270.2,624.184020996094
1052,270.3,567.413940429688
1053,270.5,3.44398713111877
1054,270.8,8.20953369140625
1055,271.0,104.710906982422
1056,271.1,257.269561767578
1057,271.2,971.088684082031
1058,271.4,13.6450614929199
1059,271.7,1.23708271980286
1060,271.9,9.36876964569092
1061,272.1,116.816413879395
1062,272.3,876.121032714844
1063,272.4,42.4366722106934
1064,272.7,1.9294695854187
1065,272.9,10.0339508056641
1066,273.1,143.671691894531
1067,273.2,754.082275390625
1068,273.4,33.8912887573242
1069,273.6,0.920781910419464
1070,273.9,2.67101049423218
1071,274.1,85.9510726928711
1072,274.3,787.722473144531
1073,274.4,75.4574737548828
1074,274.7,1.55144035816193
1075,274.8,1.58550524711609
1076,275.0,19.1032238006592
1077,275.2,423.562744140625
1078,275.3,352.263275146484
1079,275.5,2.94844532012939
1080,275.7,0.848079562187195
1081,275.8,0.758573412895203
1082,276.0,8.59030628204346
1083,276.2,414.277313232422
1084,276.3,359.218322753906
1085,276.4,48.0472106933594
1086,276.6,1.22953820228577
1087,276.8,0.786008238792419
1088,277.0,12.1232280731201
1089,277.2,430.796875
1090,277.3,340.980102539063
1091,277.5,3.48125290870667
1092,277.7,0.971993625164032
1093,277.9,1.45141744613647
1094,278.1,63.5430946350098
1095,278.2,364.909912109375
1096,278.3,740.168029785156
1097,278.5,6.40820741653442
1098,278.8,1.37905812263489
1099,279.0,15.785665512085
1100,279.2,472.467071533203
1101,279.3,364.861907958984
1102,279.4,61.585620880127
1103,279.6,0.509602189064026
1104,279.8,0.793667137622833
1105,279.9,1.02526295185089
1106,280.1,38.0202331542969
1107,280.3,649.496337890625
1108,280.4,281.390258789063
1109,280.7,0.571330606937408
1110,280.9,5.64380407333374
1111,281.1,7191.9326171875
1112,281.2,2685.03662109375
1113,281.4,16.1823272705078
1114,281.7,0.0802469104528427
1115,281.9,17.4514179229736
1116,282.1,1659.40563964844
1117,282.2,1650.86608886719
1118,282.4,6.19913101196289
1119,282.6,0.545038878917694
1120,282.8,4.02926397323608
1121,283.0,82.9882278442383
1122,283.2,2476.4248046875
1123,283.3,232.552932739258
1124,283.6,0.739254713058472
1125,283.7,0.478395074605942
1126,283.9,8.71810722351074
1127,284.1,252.420440673828
1128,284.3,884.270446777344
1129,284.4,61.9388427734375
1130,284.5,5.31732988357544
1131,284.7,0.776634633541107
1132,284.9,23.6227703094482
1133,285.1,790.723266601563
1134,285.2,1022.83038330078
1135,285.4,2.77240514755249
1136,285.7,0.997485160827637
1137,285.9,13.6546640396118
1138,286.0,36.5304069519043
1139,286.2,566.6328125
1140,286.3,300.30224609375
1141,286.4,44.8005256652832
1142,286.6,0.773891150951385
1143,286.8,4.71044826507568
1144,287.0,62.7757186889648
1145,287.1,238.845565795898
1146,287.2,779.502746582031
1147,287.4,16.0162315368652
1148,287.7,0.773433923721313
1149,287.8,1.17329680919647
1150,288.0,22.7355976104736
1151,288.2,342.934265136719
1152,288.3,375.551544189453
1153,288.5,3.97622323036194
1154,288.7,2.9099223613739
1155,288.9,21.0860767364502
1156,289.1,263.323272705078
1157,289.2,587.296630859375
1158,289.4,27.6229991912842
1159,289.7,1.52251946926117
1160,289.9,8.92432594299316
1161,290.1,90.3727722167969
1162,290.2,241.396545410156
1163,290.3,303.786468505859
1164,290.5,5.55029726028442
1165,290.7,1.12459993362427
1166,290.9,6.76497507095337
1167,291.1,79.6233444213867
1168,291.3,451.861785888672
1169,291.4,42.4531326293945
1170,291.6,1.1347736120224
1171,291.8,0.855166912078857
1172,292.0,9.99142646789551
1173,292.2,248.351852416992
1174,292.3,390.02685546875
1175,292.5,7.1400318145752
1176,292.6,2.22279381752014
1177,292.9,5.8022403717041
1178,293.1,71.0769348144531
1179,293.3,456.198913574219
1180,293.4,49.4649047851563
1181,293.6,1.38305902481079
1182,293.8,1.16083681583405
1183,294.0,8.82738876342773
1184,294.2,214.515319824219
1185,294.3,365.473937988281
1186,294.5,7.1794695854187
1187,294.7,2.54915404319763
1188,294.9,9.169753074646
1189,295.1,135.985366821289
1190,295.2,325.786468505859
1191,295.3,303.612030029297
1192,295.5,2.82738900184631
1193,295.8,1.82270228862762
1194,296.0,12.5800180435181
1195,296.2,264.736511230469
1196,296.3,342.018402099609
1197,296.5,4.87860059738159
1198,296.7,1.3956333398819
1199,296.9,8.6987886428833
1200,297.1,101.504684448242
1201,297.3,444.881927490234
1202,297.4,46.8950614929199
1203,297.7,1.12905812263489
1204,297.8,0.837334275245667
1205,298.0,12.4022636413574
1206,298.2,184.63053894043
1207,298.3,316.53955078125
1208,298.5,9.40946483612061
1209,298.8,4.93004131317139
1210,299.0,37.9116363525391
1211,299.1,239.011779785156
1212,299.2,730.513854980469
1213,299.4,18.8834018707275
1214,299.7,0.85402375459671
1215,299.9,4.33401918411255
1216,300.1,101.655006408691
1217,300.3,463.159576416016
1218,300.4,58.2098770141602
1219,300.6,0.82258802652359
1220,300.8,3.02514863014221
1221,300.9,4.6576361656189
1222,301.1,114.187698364258
1223,301.2,422.824859619141
1224,301.4,35.5083465576172
1225,301.5,2.66175127029419
1226,301.7,0.396090537309647
1227,301.9,2.78509378433228
1228,302.0,8.6601505279541
1229,302.2,197.701309204102
1230,302.3,317.951995849609
1231,302.5,6.9450159072876
1232,302.7,1.76851856708527
1233,302.9,5.78235006332397
1234,303.0,14.3696842193604
1235,303.2,222.309783935547
1236,303.3,217.175582885742
1237,303.5,6.13625955581665
1238,303.7,1.39026057720184
1239,303.8,0.915866494178772
1240,304.0,12.2674894332886
1241,304.2,178.979537963867
1242,304.3,241.071670532227
1243,304.5,7.49085521697998
1244,304.8,1.46582078933716
1245,304.9,1.74062645435333
1246,305.1,49.5609283447266
1247,305.3,290.92822265625
1248,305.4,54.9627342224121
1249,305.6,1.12185645103455
1250,305.7,1.85230910778046
1251,306.0,8.00605869293213
1252,306.2,158.170776367188
1253,306.3,199.429244995117
1254,306.4,79.8575668334961
1255,306.6,2.55349802970886
1256,306.9,2.32430267333984
1257,307.0,6.39780521392822
1258,307.2,152.317565917969
1259,307.3,205.360427856445
1260,307.5,5.52880668640137
1261,307.6,1.34007775783539
1262,307.9,2.43609976768494
1263,308.1,34.7379989624023
1264,308.2,106.804985046387
1265,308.3,256.764984130859
1266,308.5,10.6889572143555
1267,308.8,2.28543663024902
1268,308.9,2.21742105484009
1269,309.1,49.2223358154297
1270,309.2,118.313789367676
1271,309.3,204.371170043945
1272,309.5,5.57818937301636
1273,309.8,1.44753086566925
1274,310.0,8.56527233123779
1275,310.2,128.653289794922
1276,310.3,236.071563720703
1277,310.5,10.6700963973999
1278,310.8,3.79915404319763
1279,310.9,5.85745334625244
1280,311.1,96.1734085083008
1281,311.3,267.973022460938
1282,311.4,51.3671684265137
1283,311.5,6.42592573165894
1284,311.7,2.63248753547668
1285,311.9,3.73068118095398
1286,312.1,53.2653160095215
1287,312.2,107.514862060547
1288,312.3,214.638320922852
1289,312.5,12.4136943817139
1290,312.8,4.47748041152954
1291,312.9,7.0688157081604
1292,313.1,98.7305679321289
1293,313.3,284.282928466797
1294,313.4,46.1929588317871
1295,313.7,2.21662092208862
1296,313.8,1.22542297840118
1297,314.0,12.8815727233887
1298,314.2,146.689071655273
1299,314.3,207.6240234375
1300,314.5,8.79035186767578
1301,314.6,2.29046630859375
1302,314.8,1.48799729347229
1303,315.0,15.6211709976196
1304,315.2,172.353225708008
1305,315.3,161.983535766602
1306,315.5,8.78680801391602
1307,315.7,1.39917695522308
1308,315.9,2.68975758552551
1309,316.1,41.659008026123
1310,316.3,220.166091918945
1311,316.4,146.437591552734
1312,316.5,14.6183128356934
1313,316.8,1.78360772132874
1314,317.0,10.4845676422119
1315,317.2,123.690559387207
1316,317.3,185.95426940918
1317,317.5,11.0804758071899
1318,317.8,1.48319613933563
1319,318.0,10.767261505127
1320,318.1,26.9407863616943
1321,318.3,207.332992553711
1322,318.4,71.38671875
1323,318.6,2.50811624526978
1324,318.9,2.62117052078247
1325,319.1,31.9979419708252
1326,319.3,187.34716796875
1327,319.4,59.9076347351074
1328,319.7,1.81058526039124
1329,319.9,2.11488342285156
1330,320.1,29.7790355682373
1331,320.3,201.527435302734
1332,320.4,84.6616363525391
1333,320.6,2.46890711784363
1334,320.8,0.760516703128815
1335,321.0,7.59979438781738
1336,321.1,24.6367168426514
1337,321.3,161.683242797852
1338,321.4,65.0565872192383
1339,321.6,2.13637399673462
1340,321.9,2.09693646430969
1341,322.1,26.551441192627
1342,322.2,69.7349090576172
1343,322.3,165.667236328125
1344,322.5,17.4349575042725
1345,322.8,4.24062633514404
1346,323.0,17.7774353027344
1347,323.1,50.4785079956055
1348,323.3,187.753433227539
1349,323.4,53.4823951721191
1350,323.7,2.54606771469116
1351,323.9,2.81321454048157
1352,324.1,34.627799987793
1353,324.3,162.689071655273
1354,324.4,60.6169395446777
1355,324.5,23.6265430450439
1356,324.8,15.8623685836792
1357,325.0,128.60905456543
1358,325.1,513.110778808594
1359,325.3,68.921012878418
1360,325.4,17.4207820892334
1361,325.6,1.39586186408997
1362,325.8,5.62242794036865
1363,325.9,11.5004568099976
1364,326.1,119.482627868652
1365,326.2,199.661758422852
1366,326.4,63.8299026489258
1367,326.7,11.5227479934692
1368,326.9,63.1851844787598
1369,327.1,976.034606933594
1370,327.2,271.191802978516
1371,327.4,3.95153188705444
1372,327.6,1.02069044113159
1373,327.8,10.1154546737671
1374,328.0,100.037261962891
1375,328.2,342.921020507813
1376,328.3,91.7065582275391
1377,328.4,39.1939888000488
1378,328.6,3.78669404983521
1379,328.8,13.859395980835
1380,329.0,102.716850280762
1381,329.2,338.956329345703
1382,329.3,89.5008010864258
1383,329.5,3.84910845756531
1384,329.7,3.53943753242493
1385,329.9,9.59967994689941
1386,330.0,17.7789211273193
1387,330.2,134.656829833984
1388,330.4,173.039779663086
1389,330.5,19.6336307525635
1390,330.8,8.80681324005127
1391,331.0,46.627685546875
1392,331.2,337.537139892578
1393,331.3,124.442504882813
1394,331.5,8.97062206268311
1395,331.8,3.40740752220154
1396,332.0,13.2362823486328
1397,332.2,150.798919677734
1398,332.3,87.7310256958008
1399,332.4,61.568473815918
1400,332.6,3.31344318389893
1401,332.9,5.80612707138062
1402,333.1,48.4446716308594
1403,333.3,146.418502807617
1404,333.4,49.2541160583496
1405,333.6,2.54092359542847
1406,333.9,2.49577045440674
1407,334.1,28.0791034698486
1408,334.3,131.334365844727
1409,334.4,70.293327331543
1410,334.6,3.65352082252502
1411,334.8,1.22908091545105
1412,335.0,8.54789638519287
1413,335.1,21.9443302154541
1414,335.3,109.68335723877
1415,335.4,51.585391998291
1416,335.6,1.24245536327362
1417,335.7,1.8435070514679
1418,335.9,1.45610427856445
1419,336.1,20.5104026794434
1420,336.2,40.8792877197266
1421,336.3,122.705764770508
1422,336.5,12.6322584152222
1423,336.6,3.33287596702576
1424,336.8,0.743598520755768
1425,337.0,8.07030200958252
1426,337.2,60.1383171081543
1427,337.3,96.6966171264648
1428,337.5,11.9179239273071
1429,337.8,1.80509829521179
1430,338.0,5.94798803329468
1431,338.1,14.9820528030396
1432,338.3,101.116027832031
1433,338.4,65.4734802246094
1434,338.6,7.01646089553833
1435,338.9,9.78760814666748
1436,339.1,86.2549133300781
1437,339.2,161.245086669922
1438,339.4,35.6745529174805
1439,339.7,2.05521273612976
1440,339.9,4.18507099151611
1441,340.1,35.3225898742676
1442,340.2,40.281436920166
1443,340.3,65.3692245483398
1444,340.5,9.90832233428955
1445,340.8,7.62048482894897
1446,341.0,194.050415039063
1447,341.1,1757.08898925781
1448,341.3,24.4125518798828
1449,341.6,0.687014162540436
1450,341.8,7.1220850944519
1451,342.0,96.8656845092773
1452,342.2,586.784851074219
1453,342.3,93.6199111938477
1454,342.5,5.03452205657959
1455,342.7,4.89311838150024
1456,342.9,31.2558307647705
1457,343.1,415.579803466797
1458,343.2,322.943878173828
1459,343.3,68.0123443603516
1460,343.5,1.7855509519577
1461,343.8,4.34590768814087
1462,344.0,32.0208053588867
1463,344.2,196.369689941406
1464,344.3,120.459762573242
1465,344.5,14.8158435821533
1466,344.7,8.55818462371826
1467,344.9,29.51828956604
1468,345.1,249.792755126953
1469,345.2,302.283843994141
1470,345.4,16.3978042602539
1471,345.7,1.997713804245
1472,345.9,12.6252861022949
1473,346.1,76.5440063476563
1474,346.2,154.128829956055
1475,346.3,111.986282348633
1476,346.5,13.0933923721313
1477,346.8,6.24839973449707
1478,347.0,32.8700256347656
1479,347.2,164.538528442383
1480,347.3,63.1719245910645
1481,347.4,33.4891395568848
1482,347.7,2.81412887573242
1483,347.9,4.74016904830933
1484,348.1,30.874942779541
1485,348.3,113.668495178223
1486,348.4,41.1666679382324
1487,348.5,17.2319393157959
1488,348.8,4.486168384552
1489,349.0,15.4756517410278
1490,349.2,69.480110168457
1491,349.3,78.9539337158203
1492,349.5,8.94444465637207
1493,349.6,2.64094638824463
1494,349.9,2.96353459358215
1495,350.0,5.77503442764282
1496,350.2,47.6218566894531
1497,350.3,79.2973251342773
1498,350.5,12.8106994628906
1499,350.6,4.38454484939575
1500,350.9,3.540123462677
1501,351.1,21.999885559082
1502,351.3,62.8874015808105
1503,351.4,28.1600360870361
1504,351.5,12.5899629592896
1505,351.8,2.20701885223389
1506,352.0,5.43701410293579
1507,352.1,13.9417009353638
1508,352.3,63.7652015686035
1509,352.4,46.8411064147949
1510,352.6,5.7109055519104
1511,352.9,5.27069044113159
1512,353.1,29.5629863739014
1513,353.3,73.6515808105469
1514,353.4,36.0301780700684
1515,353.6,4.02389097213745
1516,353.9,2.77709197998047
1517,354.1,16.8063564300537
1518,354.3,32.2679481506348
1519,354.4,8.05807018280029
1520,354.5,3.24131226539612
1521,354.8,3.98719716072083
1522,355.0,76.0520095825195
1523,355.2,2451.77685546875
1524,355.3,67.8056716918945
1525,355.5,0.389346122741699
1526,355.6,0.862597167491913
1527,355.9,14.0911064147949
1528,356.0,46.4384994506836
1529,356.2,839.001037597656
1530,356.3,110.441474914551
1531,356.6,2.75468683242798
1532,356.8,5.02423429489136
1533,357.0,56.6691818237305
1534,357.2,657.204956054688
1535,357.3,85.3903732299805
1536,357.5,1.36796987056732
1537,357.8,2.24279832839966
1538,358.0,25.1839275360107
1539,358.2,173.388885498047
1540,358.3,97.6703262329102
1541,358.5,12.5325784683228
1542,358.8,7.54515314102173
1543,359.0,49.164493560791
1544,359.2,416.214324951172
1545,359.3,104.228622436523
1546,359.4,14.1367168426514
1547,359.6,0.379058063030243
1548,359.8,2.8205304145813
1549,360.0,24.7449703216553
1550,360.2,135.306579589844
1551,360.3,68.3892288208008
1552,360.4,32.372428894043
1553,360.6,4.88042974472046
1554,360.9,10.8181295394897
1555,361.0,19.1702098846436
1556,361.2,131.023895263672
1557,361.3,76.780517578125
1558,361.5,5.97656583786011
1559,361.8,2.34087800979614
1560,362.0,11.0108594894409
1561,362.2,52.7655448913574
1562,362.3,41.002513885498
1563,362.4,39.9966850280762
1564,362.6,4.12711477279663
1565,362.8,7.54515314102173
1566,363.0,38.9759941101074
1567,363.2,174.852645874023
1568,363.3,92.4594192504883
1569,363.5,7.49885702133179
1570,363.8,2.94352984428406
1571,364.0,15.8182439804077
1572,364.2,66.0816192626953
1573,364.3,65.7967529296875
1574,364.5,12.3596248626709
1575,364.7,1.36328303813934
1576,364.9,4.57281684875488
1577,365.1,23.732852935791
1578,365.2,24.2295379638672
1579,365.3,50.5083465576172
1580,365.5,11.4378147125244
1581,365.8,2.1886146068573
1582,366.0,5.05098295211792
1583,366.2,28.6942157745361
1584,366.4,47.6936454772949
1585,366.5,15.4417009353638
1586,366.8,3.20861911773682
1587,367.0,9.57830333709717
1588,367.2,36.3305892944336
1589,367.3,44.3213310241699
1590,367.5,10.7754917144775
1591,367.8,1.73628258705139
1592,368.0,5.56698656082153
1593,368.2,28.5928211212158
1594,368.3,24.856653213501
1595,368.4,35.6631240844727
1596,368.6,8.12002754211426
1597,368.9,7.4409008026123
1598,369.1,42.7838363647461
1599,369.2,55.0992240905762
1600,369.3,61.1538619995117
1601,369.5,7.78669404983521
1602,369.7,1.42672610282898
1603,369.9,3.91095113754272
1604,370.1,23.2238216400146
1605,370.3,62.5322341918945
1606,370.4,33.2416534423828
1607,370.6,5.3388204574585
1608,370.8,6.44490146636963
1609,370.9,5.94170093536377
1610,371.1,40.8754005432129
1611,371.2,51.306812286377
1612,371.3,59.7734336853027
1613,371.5,4.60928201675415
1614,371.6,3.62299942970276
1615,371.9,3.93244171142578
1616,372.0,5.85516691207886
1617,372.2,39.8036117553711
1618,372.3,53.1893005371094
1619,372.5,17.7457714080811
1620,372.7,2.88431644439697
1621,372.9,10.2658891677856
1622,373.1,81.2748031616211
1623,373.2,153.031890869141
1624,373.4,19.3417930603027
1625,373.6,1.49645638465881
1626,373.8,3.05018281936646
1627,374.0,12.0489253997803
1628,374.1,22.7205066680908
1629,374.3,76.4190673828125
1630,374.4,25.4014625549316
1631,374.6,4.95061731338501
1632,374.9,6.64266109466553
1633,375.1,35.5812759399414
1634,375.3,72.3339080810547
1635,375.4,23.9726791381836
1636,375.6,2.84259247779846
1637,375.9,2.9260401725769
1638,376.1,14.8368768692017
1639,376.2,19.7732048034668
1640,376.4,40.8792877197266
1641,376.5,9.43381309509277
1642,376.6,5.00388669967651
1643,376.9,4.9409008026123
1644,377.1,17.8957481384277
1645,377.3,40.874942779541
1646,377.4,21.4206676483154
1647,377.6,2.59590768814087
1648,377.9,2.61796975135803
1649,378.1,12.4585046768188
1650,378.2,14.8511657714844
1651,378.4,34.897575378418
1652,378.5,12.5647001266479
1653,378.7,2.24462723731995
1654,379.0,4.65775012969971
1655,379.2,16.9997711181641
1656,379.4,28.3495655059814
1657,379.5,10.0409240722656
1658,379.7,1.09567904472351
1659,379.9,2.13225889205933
1660,380.1,8.10002326965332
1661,380.2,10.95667552948
1662,380.4,30.2153644561768
1663,380.5,11.2267942428589
1664,380.7,2.72107911109924
1665,381.0,5.71010494232178
1666,381.2,19.1391181945801
1667,381.4,25.4419288635254
1668,381.5,8.73639678955078
1669,381.7,1.76931869983673
1670,382.0,3.60105156898499
1671,382.2,15.9471883773804
1672,382.3,13.2546863555908
1673,382.4,23.5681304931641
1674,382.6,9.25971603393555
1675,382.9,10.4078645706177
1676,383.1,34.2359390258789
1677,383.3,37.0206909179688
1678,383.4,15.3884315490723
1679,383.6,4.37037038803101
1680,383.9,4.48868322372437
1681,384.1,15.293438911438
1682,384.3,30.3629398345947
1683,384.4,12.7215366363525
1684,384.5,16.4325561523438
1685,384.8,15.5098304748535
1686,385.0,52.0376091003418
1687,385.2,98.0364685058594
1688,385.3,22.9582767486572
1689,385.4,13.0542984008789
1690,385.7,4.91963863372803
1691,385.9,9.68952941894531
1692,386.1,32.0234336853027
1693,386.3,41.5390930175781
1694,386.4,36.5844764709473
1695,386.6,12.2448558807373
1696,386.9,24.26589012146
1697,387.1,99.2669143676758
1698,387.2,93.3097839355469
1699,387.4,15.5523548126221
1700,387.7,4.32041597366333
1701,387.9,9.06710147857666
1702,388.0,11.2828073501587
1703,388.2,45.7369689941406
1704,388.3,31.7318248748779
1705,388.5,7.07498836517334
1706,388.6,7.46410608291626
1707,388.9,13.7582302093506
1708,389.1,48.24462890625
1709,389.2,49.2033615112305
1710,389.4,13.0386371612549
1711,389.6,2.84362149238586
1712,389.9,4.96044826507568
1713,390.1,14.9331274032593
1714,390.3,30.2504577636719
1715,390.4,17.5901927947998
1716,390.6,3.35768175125122
1717,390.8,4.35573863983154
1718,391.0,10.5136032104492
1719,391.2,27.0160045623779
1720,391.3,22.9930267333984
1721,391.5,6.60230922698975
1722,391.7,1.81241428852081
1723,392.0,5.2074761390686
1724,392.2,16.573616027832
1725,392.4,22.5794467926025
1726,392.5,10.4713077545166
1727,392.7,1.18415641784668
1728,392.9,2.54080939292908
1729,393.1,7.7586874961853
1730,393.3,17.4786243438721
1731,393.4,14.2071332931519
1732,393.6,2.00285768508911
1733,393.7,1.56012797355652
1734,394.0,2.49919986724854
1735,394.2,11.7804069519043
1736,394.4,17.248743057251
1737,394.5,8.91849613189697
1738,394.7,0.657064497470856
1739,394.9,1.56950163841248
1740,395.0,1.44044351577759
1741,395.2,9.00182914733887
1742,395.4,13.7290811538696
1743,395.5,6.38283014297485
1744,395.7,1.31927299499512
1745,396.0,1.60139465332031
1746,396.2,8.75845909118652
1747,396.3,8.10676765441895
1748,396.4,14.7680616378784
1749,396.6,3.92135334014893
1750,396.7,2.72199368476868
1751,397.0,4.01291704177856
1752,397.2,14.1321449279785
1753,397.3,8.67981243133545
1754,397.4,12.8806581497192
1755,397.6,1.78772294521332
1756,397.8,1.14883399009705
1757,398.0,2.8457932472229
1758,398.2,11.2949247360229
1759,398.4,15.26828956604
1760,398.6,10.1367168426514
1761,398.8,11.2304525375366
1762,399.0,38.5409240722656
1763,399.1,56.8791732788086
1764,399.2,67.9915390014648
1765,399.4,8.93324184417725
1766,399.6,1.3102422952652
1767,399.8,5.31127119064331
1768,400.0,14.3952903747559
1769,400.2,35.0520133972168
1770,400.3,11.8336763381958
1771,400.4,6.87917232513428
1772,400.7,5.02011871337891
1773,400.9,50.2750358581543
1774,401.1,488.169860839844
1775,401.2,174.298583984375
1776,401.4,2.63100147247314
1777,401.7,3.44535899162292
1778,401.9,31.8342475891113
1779,402.1,155.158889770508
1780,402.2,99.1779861450195
1781,402.4,5.49508476257324
1782,402.6,4.7334246635437
1783,402.8,12.402491569519
1784,403.0,81.3097839355469
1785,403.1,108.259490966797
1786,403.2,103.712738037109
1787,403.4,7.03589391708374
1788,403.7,2.9254686832428
1789,403.9,11.5783033370972
1790,404.0,14.4890260696411
1791,404.2,54.6942176818848
1792,404.3,16.4299259185791
1793,404.4,12.8087558746338
1794,404.7,6.40226316452026
1795,404.9,23.9157524108887
1796,405.0,31.7529716491699
1797,405.2,197.467651367188
1798,405.3,33.7414283752441
1799,405.5,2.28920888900757
1800,405.7,2.78829455375671
1801,405.9,8.10036563873291
1802,406.0,10.9700498580933
1803,406.2,70.9187240600586
1804,406.3,20.2543430328369
1805,406.5,7.14094638824463
1806,406.8,4.48411083221436
1807,406.9,4.33253335952759
1808,407.1,20.3360767364502
1809,407.2,41.5465240478516
1810,407.4,7.01931858062744
1811,407.5,5.1116828918457
1812,407.8,1.43667125701904
1813,408.0,3.75731587409973
1814,408.2,15.8352766036987
1815,408.3,11.8872880935669
1816,408.5,6.35813903808594
1817,408.8,2.4804527759552
1818,408.9,1.41872429847717
1819,409.1,7.73765420913696
1820,409.3,12.597508430481
1821,409.4,7.50754451751709
1822,409.6,2.43175578117371
1823,409.9,1.17684042453766
1824,410.1,3.6410608291626
1825,410.3,10.4934844970703
1826,410.4,4.99028348922729
1827,410.5,5.52366256713867
1828,410.7,2.10048007965088
1829,410.9,0.708161890506744
1830,411.1,3.32876086235046
1831,411.3,8.23559665679932
1832,411.4,4.23593950271606
1833,411.5,4.60585260391235
1834,411.7,1.2013031244278
1835,412.0,1.53349339962006
1836,412.2,5.55818462371826
1837,412.4,9.52777767181396
1838,412.5,6.96353435516357
1839,412.8,4.41243696212769
1840,413.0,8.79343891143799
1841,413.2,20.6995887756348
1842,413.3,16.5663013458252
1843,413.5,4.067786693573
1844,413.8,2.04023766517639
1845,414.0,3.70793318748474
1846,414.2,10.8237314224243
1847,414.3,7.70564699172974
1848,414.5,1.26200270652771
1849,414.7,2.6032235622406
1850,414.9,24.7873802185059
1851,415.1,299.255493164063
1852,415.2,330.303497314453
1853,415.4,5.15032005310059
1854,415.5,1.46867859363556
1855,415.8,4.88374471664429
1856,416.0,43.7520561218262
1857,416.2,184.94775390625
1858,416.3,46.7781219482422
1859,416.5,4.05029726028442
1860,416.8,6.26085948944092
1861,417.0,43.0688171386719
1862,417.2,187.803955078125
1863,417.3,50.0393218994141
1864,417.5,2.1106538772583
1865,417.7,0.795267462730408
1866,417.9,6.85493850708008
1867,418.1,33.9731369018555
1868,418.2,29.4418144226074
1869,418.3,30.4982852935791
1870,418.5,2.77046179771423
1871,418.6,3.32258796691895
1872,418.9,12.1616373062134
1873,419.1,68.6093978881836
1874,419.2,95.9964599609375
1875,419.4,13.7511434555054
1876,419.7,1.80429816246033
1877,419.9,5.03600835800171
1878,420.1,22.9730224609375
1879,420.2,31.8277320861816
1880,420.4,12.0314359664917
1881,420.6,3.3353910446167
1882,420.8,2.35528111457825
1883,421.0,17.4163246154785
1884,421.2,54.7377700805664
1885,421.3,37.9453582763672
1886,421.5,4.53863763809204
1887,421.8,1.75091445446014
1888,422.0,6.51943302154541
1889,422.2,17.1794700622559
1890,422.3,18.5780754089355
1891,422.5,5.79835367202759
1892,422.7,1.61819839477539
1893,422.9,6.27903509140015
1894,423.1,21.6414031982422
1895,423.3,37.5213775634766
1896,423.4,12.7433700561523
1897,423.6,1.64380431175232
1898,423.9,2.26108813285828
1899,424.1,6.70930480957031
1900,424.3,13.1537494659424
1901,424.4,7.91746664047241
1902,424.6,2.20701885223389
1903,424.8,0.485711008310318
1904,425.0,2.60791039466858
1905,425.2,7.18255615234375
1906,425.4,7.14323282241821
1907,425.5,2.790123462677
1908,425.8,0.854366719722748
1909,425.9,0.386145412921906
1910,426.1,2.07235932350159
1911,426.3,4.80772733688354
1912,426.4,5.25708723068237
1913,426.7,2.01474618911743
1914,426.8,0.959762215614319
1915,427.0,3.02754926681519
1916,427.1,2.99016928672791
1917,427.3,8.69387245178223
1918,427.4,5.32704639434814
1919,427.7,1.20164608955383
1920,427.9,1.17615449428558
1921,428.0,1.07407402992249
1922,428.2,3.67786931991577
1923,428.3,2.97713756561279
1924,428.6,0.857910394668579
1925,428.8,3.6886146068573
1926,429.0,40.9335861206055
1927,429.2,530.249633789063
1928,429.3,97.8159561157227
1929,429.5,1.56344306468964
1930,429.7,0.655921339988708
1931,429.9,8.5809326171875
1932,430.1,92.4931411743164
1933,430.2,185.353790283203
1934,430.4,10.9194097518921
1935,430.7,2.14654779434204
1936,430.9,10.0892772674561
1937,431.1,78.293212890625
1938,431.2,152.294357299805
1939,431.4,7.84053516387939
1940,431.5,1.76120257377625
1941,431.8,1.90032005310059
1942,431.9,3.73491072654724
1943,432.1,25.5480117797852
1944,432.2,26.0927066802979
1945,432.3,25.551212310791
1946,432.5,3.57418847084045
1947,432.8,3.32464551925659
1948,433.0,18.2946968078613
1949,433.2,84.7120513916016
1950,433.3,49.3559684753418
1951,433.5,1.94730222225189
1952,433.8,1.70473253726959
1953,434.0,8.64803409576416
1954,434.1,12.5357799530029
1955,434.3,32.03955078125
1956,434.4,9.77240467071533
1957,434.7,2.05452680587769
1958,434.9,3.7081618309021
1959,435.0,5.52491998672485
1960,435.2,23.4540462493896
1961,435.3,17.1516914367676
1962,435.5,2.38477373123169
1963,435.8,1.01760399341583
1964,435.9,0.828532218933105
1965,436.1,4.40214920043945
1966,436.3,7.98982620239258
1967,436.4,5.22256517410278
1968,436.6,2.27949237823486
1969,436.8,1.66529488563538
1970,437.0,10.5402374267578
1971,437.2,30.8347053527832
1972,437.3,20.8079566955566
1973,437.5,2.91209411621094
1974,437.8,0.903177857398987
1975,438.0,3.63545942306519
1976,438.1,5.18209886550903
1977,438.3,12.3628253936768
1978,438.4,5.64643335342407
1979,438.6,0.658893465995789
1980,438.8,1.21181988716125
1981,439.0,2.33219027519226
1982,439.2,6.63511657714844
1983,439.3,5.39654779434204
1984,439.5,1.27411985397339
1985,439.7,0.767489731311798
1986,439.9,0.461476922035217
1987,440.1,1.74691355228424
1988,440.3,3.26943302154541
1989,440.5,3.03726577758789
1990,440.6,0.922267973423004
1991,440.7,1.11911296844482
1992,441.0,2.15832185745239
1993,441.2,4.90809345245361
1994,441.4,3.35745310783386
1995,441.5,1.12459993362427
1996,441.7,1.17066752910614
1997,441.9,0.78372198343277
1998,442.1,1.58287608623505
1999,442.2,3.46273422241211
2000,442.5,2.88385915756226
2001,442.7,1.69501602649689
2002,442.9,2.59785103797913
2003,443.1,5.87574291229248
2004,443.2,6.72073602676392
2005,443.4,3.17249655723572
2006,443.6,1.38888883590698
2007,443.9,1.27434837818146
2008,444.1,2.36328291893005
2009,444.3,4.34465026855469
2010,444.4,3.2608597278595
2011,444.7,2.76154541969299
2012,444.9,6.61911296844482
2013,445.0,5.898033618927
2014,445.2,20.875057220459
2015,445.3,8.68598556518555
2016,445.4,5.23022413253784
2017,445.7,1.57098770141602
2018,445.9,2.48102426528931
2019,446.1,5.9048924446106
2020,446.3,8.85048007965088
2021,446.4,4.18792867660522
2022,446.7,2.34887981414795
2023,446.9,5.71513509750366
2024,447.0,6.86659812927246
2025,447.2,19.2379970550537
2026,447.3,7.22256517410278
2027,447.4,4.1707820892334
2028,447.7,1.41838133335114
2029,447.9,1.71833562850952
2030,448.1,4.2317099571228
2031,448.3,6.27034759521484
2032,448.4,3.38831734657288
2033,448.6,1.68552815914154
2034,448.8,1.13625967502594
2035,449.0,4.19455862045288
2036,449.2,7.92958402633667
2037,449.3,5.86911296844482
2038,449.5,1.71650660037994
2039,449.8,0.823273897171021
2040,449.9,0.457475990056992
2041,450.1,1.98216736316681
2042,450.3,2.86888432502747
2043,450.4,2.33527660369873
2044,450.7,1.17992687225342
2045,450.8,0.393232733011246
2046,451.0,2.09865117073059
2047,451.2,4.89631938934326
2048,451.3,3.8353910446167
2049,451.5,0.912551462650299
2050,451.6,0.788065850734711
2051,451.9,0.877572000026703
2052,452.0,0.875285804271698
2053,452.2,2.59236407279968
2054,452.4,2.9409008026123
2055,452.5,1.34019207954407
2056,452.7,0.796410620212555
2057,452.9,0.508116126060486
2058,453.1,1.48868310451508
2059,453.3,2.12014174461365
2060,453.5,1.42615449428558
2061,453.7,0.876314580440521
2062,453.8,0.16163694858551
2063,454.0,0.584019184112549
2064,454.2,1.22725188732147
2065,454.4,1.75697302818298
2066,454.6,1.21181988716125
2067,454.7,0.341220855712891
2068,454.9,0.543552815914154
2069,455.1,0.836305439472198
2070,455.3,1.44787383079529
2071,455.5,1.22839510440826
2072,455.6,0.766003668308258
2073,455.9,0.53372198343277
2074,456.0,0.216163694858551
2075,456.2,0.909236371517181
2076,456.3,0.863854587078094
2077,456.5,1.64460444450378
2078,456.7,1.32590305805206
2079,456.9,2.11271142959595
2080,457.1,3.8319616317749
2081,457.2,2.29023766517639
2082,457.3,2.86865568161011
2083,457.5,1.01417469978333
2084,457.7,0.202674895524979
2085,457.9,0.623914062976837
2086,458.0,0.748742580413818
2087,458.2,2.38500237464905
2088,458.4,2.04915404319763
2089,458.6,2.13271594047546
2090,458.8,6.41323709487915
2091,459.0,23.9342708587646
2092,459.1,33.8861465454102
2093,459.3,8.50434398651123
2094,459.5,0.733653426170349
2095,459.7,1.8193873167038
2096,459.9,5.26817560195923
2097,460.1,11.374942779541
2098,460.2,8.2994966506958
2099,460.4,3.12642884254456
2100,460.7,5.33241891860962
2101,460.9,31.9638767242432
2102,461.1,113.224281311035
2103,461.2,50.8639678955078
2104,461.3,20.0154323577881
2105,461.6,2.12974405288696
2106,461.8,5.87459993362427
2107,462.0,27.91335105896
2108,462.2,41.5940780639648
2109,462.3,12.910493850708
2110,462.5,1.67729771137238
2111,462.7,2.79240965843201
2112,462.9,15.4961137771606
2113,463.1,38.7972106933594
2114,463.2,25.4127807617188
2115,463.4,3.4203245639801
2116,463.7,1.34956562519073
2117,463.9,3.44158673286438
2118,464.0,3.5017147064209
2119,464.2,8.84899425506592
2120,464.3,2.9787380695343
2121,464.4,2.32956099510193
2122,464.6,0.768061280250549
2123,464.8,3.05555558204651
2124,465.0,10.7759485244751
2125,465.2,16.3733425140381
2126,465.3,6.59350728988647
2127,465.5,1.30601274967194
2128,465.8,1.13740289211273
2129,466.0,3.13031554222107
2130,466.2,5.09133529663086
2131,466.3,2.93004107475281
2132,466.5,1.11854135990143
2133,466.7,0.536465466022491
2134,466.9,1.49782812595367
2135,467.1,3.07110190391541
2136,467.3,3.21170544624329
2137,467.4,0.810585260391235
2138,467.5,0.994970262050629
2139,467.7,0.336191117763519
2140,468.0,0.819387316703796
2141,468.2,1.21879291534424
2142,468.3,0.818472802639008
2143,468.4,1.08561956882477
2144,468.6,0.554755389690399
2145,468.9,0.814471900463104
2146,469.0,1.22027897834778
2147,469.2,0.729309558868408
2148,469.4,0.940900802612305
2149,469.5,0.432441711425781
2150,469.6,0.35059443116188
2151,469.9,0.23994055390358
2152,470.0,0.343278467655182
2153,470.2,0.630658447742462
2154,470.4,0.867741227149963
2155,470.5,0.308984905481339
2156,470.6,0.83607679605484
2157,470.8,0.269204378128052
2158,471.0,0.793438494205475
2159,471.2,1.48936903476715
2160,471.3,1.05749881267548
2161,471.6,0.653292179107666
2162,471.7,0.240512117743492
2163,471.9,0.481595784425735
2164,472.1,0.905349791049957
2165,472.3,1.18964338302612
2166,472.5,0.807041585445404
2167,472.7,1.2155921459198
2168,472.9,2.80669856071472
2169,473.1,7.90923643112183
2170,473.2,8.51120281219482
2171,473.4,2.25297212600708
2172,473.7,0.692615449428558
2173,473.8,0.479766815900803
2174,474.0,1.45656144618988
2175,474.2,3.66289448738098
2176,474.4,2.41963887214661
2177,474.6,1.42581164836884
2178,474.8,6.03520822525024
2179,475.0,42.801326751709
2180,475.2,159.702453613281
2181,475.3,46.0109748840332
2182,475.4,10.3037261962891
2183,475.7,1.85905349254608
2184,475.8,2.86728405952454
2185,476.0,21.303840637207
2186,476.2,62.8217887878418
2187,476.3,28.765775680542
2188,476.5,3.56550073623657
2189,476.8,4.11031103134155
2190,477.0,21.2042751312256
2191,477.2,55.0228614807129
2192,477.3,17.6220855712891
2193,477.4,7.35082292556763
2194,477.7,0.944215834140778
2195,477.9,3.36899852752686
2196,478.1,11.3568811416626
2197,478.2,12.4015779495239
2198,478.4,3.18427062034607
2199,478.5,1.95919072628021
2200,478.8,3.62299942970276
2201,479.0,16.0456104278564
2202,479.2,53.6558074951172
2203,479.3,21.713306427002
2204,479.5,2.69330143928528
2205,479.8,1.35253775119781
2206,480.0,5.73411083221436
2207,480.2,17.6384315490723
2208,480.3,6.01337432861328
2209,480.4,4.13305902481079
2210,480.7,1.09190666675568
2211,480.9,3.19192957878113
2212,481.1,8.37620067596436
2213,481.2,14.6396894454956
2214,481.4,3.06355738639832
2215,481.5,0.852080464363098
2216,481.8,0.658550500869751
2217,482.0,0.813671708106995
2218,482.1,1.21604943275452
2219,482.3,4.21764993667603
2220,482.4,1.50788748264313
2221,482.6,0.29378142952919
2222,482.8,0.624828517436981
2223,483.0,1.62105619907379
2224,483.2,3.47233653068542
2225,483.3,2.45118880271912
2226,483.5,0.499085515737534
2227,483.7,0.363054424524307
2228,483.9,0.600937366485596
2229,484.1,0.853452205657959
2230,484.3,0.919410169124603
2231,484.4,0.886716961860657
2232,484.7,0.577846348285675
2233,484.9,0.494170099496841
2234,485.0,0.248056694865227
2235,485.1,0.958847761154175
2236,485.4,0.706332862377167
2237,485.6,0.562528550624847
2238,485.8,0.289094656705856
2239,485.9,0.0964791923761368
2240,486.1,0.522633731365204
2241,486.3,0.771033406257629
2242,486.4,0.231024235486984
2243,486.6,0.496799260377884
2244,486.7,0.258802026510239
2245,486.9,0.902034759521484
2246,487.1,2.69627332687378
2247,487.2,3.48079562187195
2248,487.4,1.41380882263184
2249,487.6,0.212391406297684
2250,487.8,0.188157290220261
2251,488.0,0.6766117811203
2252,488.2,1.67272520065308
2253,488.3,1.12734341621399
2254,488.5,0.384545028209686
2255,488.7,1.20964789390564
2256,488.8,2.15946507453918
2257,489.0,23.3151569366455
2258,489.1,49.6664390563965
2259,489.2,169.256286621094
2260,489.4,15.3415641784668
2261,489.7,1.50765883922577
2262,489.9,5.11008214950562
2263,490.1,36.5203475952148
2264,490.2,41.1810684204102
2265,490.3,37.6698684692383
2266,490.5,3.53017830848694
2267,490.8,2.58996343612671
2268,491.0,14.6631231307983
2269,491.2,54.9357566833496
2270,491.3,31.5251483917236
2271,491.5,1.69250118732452
2272,491.7,0.554755389690399
2273,491.9,2.24714231491089
2274,492.1,9.67866897583008
2275,492.3,16.1969585418701
2276,492.4,4.95850467681885
2277,492.7,1.65329217910767
2278,492.8,1.4982852935791
2279,493.0,10.6352310180664
2280,493.1,15.330132484436
2281,493.3,39.1460914611816
2282,493.4,11.4080934524536
2283,493.6,0.994170069694519
2284,493.9,1.85916781425476
2285,494.1,7.42649745941162
2286,494.3,12.6278009414673
2287,494.4,3.87345671653748
2288,494.5,1.99016916751862
2289,494.7,0.204275265336037
2290,494.9,3.35128021240234
2291,495.1,11.6842708587646
2292,495.3,18.0129165649414
2293,495.4,7.37860059738159
2294,495.6,0.528806567192078
2295,495.9,1.17924094200134
2296,496.1,2.58802008628845
2297,496.3,5.03372192382813
2298,496.4,2.84967994689941
2299,496.6,0.398491084575653
2300,496.8,1.16003656387329
2301,497.0,6.01268863677979
2302,497.2,19.181640625
2303,497.3,17.4034061431885
2304,497.5,1.6823273897171
2305,497.6,0.725422978401184
2306,497.9,0.803269326686859
2307,498.1,3.64711928367615
2308,498.3,7.37940120697021
2309,498.4,2.52034759521484
2310,498.5,1.13980340957642
2311,498.8,0.432213068008423
2312,498.9,0.478852301836014
2313,499.1,2.52594876289368
2314,499.3,3.21479201316833
2315,499.4,2.03143572807312
2316,499.6,0.333790570497513
2317,499.8,0.069272980093956
2318,500.0,0.525148630142212
2319,500.2,1.21399176120758
2320,500.4,1.07487428188324
2321,500.5,0.257201641798019
2322,500.7,0.709076344966888
2323,500.9,2.53406500816345
2324,501.0,2.89368987083435
2325,501.2,14.0783033370972
2326,501.3,6.45770454406738
2327,501.4,4.06435775756836
2328,501.6,0.377800643444061
2329,501.8,0.445244640111923
2330,502.0,1.33013260364532
2331,502.2,3.66518068313599
2332,502.3,3.57167363166809
2333,502.5,0.566300868988037
2334,502.7,1.47919523715973
2335,502.9,6.21021938323975
2336,503.1,38.8481941223145
2337,503.2,82.9835357666016
2338,503.4,9.21913623809814
2339,503.5,2.24919986724854
2340,503.7,0.651806116104126
2341,503.9,3.60162329673767
2342,504.1,19.6523780822754
2343,504.2,17.4745082855225
2344,504.3,21.8647689819336
2345,504.5,1.59042072296143
2346,504.6,1.11819839477539
2347,504.8,0.968335628509521
2348,505.0,9.65226364135742
2349,505.2,25.6305446624756
2350,505.3,17.5200042724609
2351,505.5,0.92512571811676
2352,505.7,0.641975283622742
2353,505.8,0.445701867341995
2354,506.0,3.20130324363708
2355,506.2,7.67295360565186
2356,506.3,3.48651123046875
2357,506.4,2.51371741294861
2358,506.7,1.16403746604919
2359,506.9,2.98056697845459
2360,507.1,15.7423410415649
2361,507.2,14.9046640396118
2362,507.3,19.4380435943604
2363,507.5,1.80898487567902
2364,507.8,0.930841326713562
2365,508.0,3.75925922393799
2366,508.2,9.24885654449463
2367,508.3,7.67958402633667
2368,508.5,1.85871052742004
2369,508.8,0.799497008323669
2370,509.0,2.77892088890076
2371,509.2,6.11568355560303
2372,509.3,3.40946507453918
2373,509.4,3.22165060043335
2374,509.6,0.496456325054169
2375,509.9,0.737082779407501
2376,510.0,0.380887061357498
2377,510.1,1.67981255054474
2378,510.3,0.790923655033112
2379,510.4,0.924096941947937
2380,510.7,0.449359863996506
2381,510.9,1.86396884918213
2382,511.1,4.69867420196533
2383,511.3,6.75731611251831
2384,511.4,2.29058074951172
2385,511.5,1.0389803647995
2386,511.8,0.312642902135849
2387,512.0,1.29286694526672
2388,512.1,1.06675815582275
2389,512.3,2.7975537776947
2390,512.4,1.58882033824921
2391,512.6,0.113054409623146
2392,512.8,0.315272063016891
2393,513.0,0.785551011562347
2394,513.1,0.676040232181549
2395,513.3,1.48479652404785
2396,513.4,0.977709174156189
2397,513.6,0.0398948341608047
2398,513.7,0.2198216766119
2399,514.0,0.285436660051346
2400,514.2,0.511659801006317
2401,514.3,0.306584358215332
2402,514.4,0.490397810935974
2403,514.7,0.12860082089901
2404,514.9,0.262802928686142
2405,515.1,0.834819376468658
2406,515.3,0.82190215587616
2407,515.5,0.557727456092834
2408,515.6,0.0604709647595882
2409,515.8,0.20038865506649
2410,516.0,0.345793336629868
2411,516.1,0.149634197354317
2412,516.2,0.796410620212555
2413,516.5,0.252514868974686
2414,516.7,0.482167363166809
2415,516.9,0.622542321681976
2416,517.1,1.35356652736664
2417,517.2,0.935299515724182
2418,517.3,1.01177406311035
2419,517.6,0.289551883935928
2420,517.7,0.0625285804271698
2421,517.9,0.468564242124557
2422,518.0,0.777663469314575
2423,518.2,0.462505728006363
2424,518.4,0.540695011615753
2425,518.6,0.378715127706528
2426,518.7,0.575217187404633
2427,518.9,3.38054418563843
2428,519.1,8.31972980499268
2429,519.2,7.60711002349854
2430,519.4,1.73936903476715
2431,519.7,0.783379077911377
2432,519.8,0.505258321762085
2433,520.0,1.98982620239258
2434,520.2,3.11682677268982
2435,520.3,1.09053492546082
2436,520.4,1.15306353569031
2437,520.7,1.33367621898651
2438,520.9,4.43495655059814
2439,521.1,10.7528581619263
2440,521.2,10.107795715332
2441,521.4,2.43667125701904
2442,521.6,0.393347054719925
2443,521.8,0.941815257072449
2444,522.0,2.39654779434204
2445,522.1,2.05018281936646
2446,522.2,3.42981243133545
2447,522.4,0.935413837432861
2448,522.6,0.370941936969757
2449,522.8,1.33824872970581
2450,522.9,1.16483771800995
2451,523.1,4.28612232208252
2452,523.2,4.37528562545776
2453,523.4,0.728852331638336
2454,523.6,0.413351625204086
2455,523.7,0.51646089553833
2456,524.0,0.957361698150635
2457,524.1,1.36042523384094
2458,524.3,0.738683104515076
2459,524.4,0.588820278644562
2460,524.7,0.409579336643219
2461,524.8,0.298125296831131
2462,525.0,1.92626881599426
2463,525.2,2.30406951904297
2464,525.3,0.926954746246338
2465,525.6,0.480681300163269
2466,525.7,0.185413807630539
2467,525.9,0.564814805984497
2468,526.1,0.934156358242035
2469,526.3,0.830818474292755
2470,526.4,0.266346603631973
2471,526.5,0.398148149251938
2472,526.8,0.389346122741699
2473,527.0,0.716049373149872
2474,527.1,0.797553718090057
2475,527.3,0.191929578781128
2476,527.5,0.380429804325104
2477,527.7,0.253200739622116
2478,527.9,0.161522626876831
2479,528.1,0.388888895511627
2480,528.3,0.37574303150177
2481,528.4,0.247256517410278
2482,528.6,0.21044810116291
2483,528.9,0.313786000013351
2484,529.1,0.541609525680542
2485,529.2,0.464220404624939
2486,529.3,0.684727966785431
2487,529.6,0.16529493033886
2488,529.7,0.17386831343174
2489,530.0,0.254686772823334
2490,530.1,0.128943756222725
2491,530.2,0.292638331651688
2492,530.4,0.328532248735428
2493,530.7,0.188385918736458
2494,530.9,0.31401464343071
2495,531.0,0.703475058078766
2496,531.2,0.273433923721313
2497,531.3,0.544924557209015
2498,531.6,0.327160507440567
2499,531.7,0.227937817573547
2500,532.0,0.222107917070389
2501,532.2,0.465820759534836
2502,532.3,0.469021499156952
2503,532.5,0.403635114431381
2504,532.8,1.29709649085999
2505,533.0,5.05212640762329
2506,533.1,3.82384538650513
2507,533.2,7.20759010314941
2508,533.4,1.05852770805359
2509,533.6,0.691586673259735
2510,533.7,0.170781895518303
2511,533.9,1.38214445114136
2512,534.1,2.90855050086975
2513,534.2,2.50125741958618
2514,534.5,1.58104705810547
2515,534.7,2.45839047431946
2516,534.9,15.1003656387329
2517,535.1,49.0168037414551
2518,535.2,45.2513732910156
2519,535.4,6.2378830909729
2520,535.6,0.609396457672119
2521,535.8,3.05692720413208
2522,536.0,13.5935068130493
2523,536.2,23.6705532073975
2524,536.3,9.8668270111084
2525,536.5,1.1490626335144
2526,536.7,1.66506624221802
2527,536.9,5.84133529663086
2528,537.1,15.6031093597412
2529,537.2,16.1697540283203
2530,537.4,2.56367158889771
2531,537.7,0.646090507507324
2532,537.9,1.84796524047852
2533,538.1,4.39220380783081
2534,538.2,4.44490146636963
2535,538.4,1.1364883184433
2536,538.6,1.0716735124588
2537,538.8,1.61248290538788
2538,538.9,2.27389121055603
2539,539.1,8.28783702850342
2540,539.2,7.80864191055298
2541,539.4,1.99394142627716
2542,539.6,0.477366268634796
2543,539.9,1.28623688220978
2544,540.1,2.95267486572266
2545,540.3,2.68061280250549
2546,540.4,1.06630086898804
2547,540.7,0.336991310119629
2548,540.9,0.853452205657959
2549,541.0,0.861225426197052
2550,541.2,2.37025594711304
2551,541.3,1.37951529026031
2552,541.5,0.102080471813679
2553,541.6,0.27732053399086
2554,541.8,0.266689538955688
2555,542.0,0.387631446123123
2556,542.2,0.594535887241364
2557,542.3,0.560470938682556
2558,542.5,0.316529482603073
2559,542.7,0.239826247096062
2560,542.9,0.561271131038666
2561,543.0,0.219707354903221
2562,543.1,0.878257870674133
2563,543.3,0.163465932011604
2564,543.4,0.215706452727318
2565,543.6,0.252400547266006
2566,543.9,0.239597618579865
2567,544.1,0.295724749565125
2568,544.3,0.646204829216003
2569,544.4,0.201303154230118
2570,544.7,0.394147247076035
2571,544.9,0.196502059698105
2572,545.0,0.222336530685425
2573,545.2,0.822016477584839
2574,545.4,0.752057611942291
2575,545.5,0.139117509126663
2576,545.7,0.0405807048082352
2577,545.9,0.203132137656212
2578,546.0,0.184385001659393
2579,546.1,0.540466368198395
2580,546.3,0.432441711425781
2581,546.6,0.179812535643578
2582,546.7,0.247370824217796
2583,547.0,1.06321442127228
2584,547.1,1.49611341953278
2585,547.3,1.52137637138367
2586,547.5,0.297668039798737
2587,547.7,0.258687704801559
2588,548.0,0.424096941947937
2589,548.1,1.00994515419006
2590,548.3,0.38214448094368
2591,548.4,0.699245512485504
2592,548.7,1.17615449428558
2593,548.9,5.21193408966064
2594,549.1,27.0492687225342
2595,549.3,60.1714668273926
2596,549.4,17.5550975799561
2597,549.7,1.63397347927094
2598,549.9,2.71364879608154
