#"+ Scan (rt: 0.088-65.997 min, 11533 scans) 230221_WL7_2.D "
#Point,X(Thompsons),Y(Counts)
0,50.2,161.089996337891
1,50.3,9.61709880828857
2,50.5,0.0978929996490479
3,50.8,0.209919363260269
4,51.0,13.1498308181763
5,51.2,206.705795288086
6,51.3,17.3417148590088
7,51.5,0.0503771789371967
8,51.7,0.0302609894424677
9,51.9,0.576346158981323
10,52.1,15.5014305114746
11,52.2,96.9190979003906
12,52.4,0.627937197685242
13,52.6,0.0142200645059347
14,52.8,0.057227086275816
15,53.0,4.87175941467285
16,53.2,98.4329299926758
17,53.3,8.35628223419189
18,53.5,0.0704066604375839
19,53.9,0.34847828745842
20,54.1,24.5752182006836
21,54.2,76.939567565918
22,54.4,1.12954127788544
23,54.7,0.0581808723509312
24,54.9,0.54738575220108
25,55.1,76.7393569946289
26,55.2,329.463958740234
27,55.4,1.79302871227264
28,55.9,0.565160870552063
29,56.1,42.207145690918
30,56.2,248.315963745117
31,56.4,2.99115586280823
32,56.6,0.0437006838619709
33,57.0,4.60599994659424
34,57.2,480.144012451172
35,57.3,72.9653167724609
36,57.6,0.0287869591265917
37,57.9,0.189803168177605
38,58.1,17.741870880127
39,58.2,63.6746711730957
40,58.4,0.331656992435455
41,58.7,0.0610422268509865
42,58.9,0.645452201366425
43,59.1,19.3509922027588
44,59.2,20.5603923797607
45,59.4,0.252146005630493
46,59.9,0.393306165933609
47,60.1,11.1490507125854
48,60.2,8.22578716278076
49,60.4,0.0924304202198982
50,60.6,0.0284401290118694
51,60.9,0.468395054340363
52,61.1,6.91832113265991
53,61.2,6.44420337677002
54,61.4,0.0734414309263229
55,61.9,0.233417153358459
56,62.1,6.30850601196289
57,62.2,6.9174542427063
58,62.4,0.110032081604004
59,62.8,0.0912165120244026
60,63.0,6.05471277236938
61,63.2,52.8676834106445
62,63.3,5.31596279144287
63,63.5,0.0717072784900665
64,63.7,0.0893089398741722
65,63.9,6.11983013153076
66,64.1,173.270874023438
67,64.2,38.9861259460449
68,64.4,0.190930366516113
69,64.8,0.15061129629612
70,65.0,11.0728340148926
71,65.2,80.7495040893555
72,65.3,12.662013053894
73,65.5,0.0581808723509312
74,65.8,0.126853376626968
75,66.0,4.86924457550049
76,66.2,21.7195014953613
77,66.3,3.80013871192932
78,66.5,0.0476892404258251
79,66.9,1.20116186141968
80,67.1,50.1132392883301
81,67.2,92.4944915771484
82,67.4,1.23541140556335
83,67.8,0.0736148431897163
84,68.0,2.7780282497406
85,68.2,55.4006767272949
86,68.3,5.19335842132568
87,68.4,0.897598206996918
88,68.6,0.0563600100576878
89,68.8,0.0871412456035614
90,69.0,10.55943775177
91,69.2,163.398162841797
92,69.3,37.1410751342773
93,69.5,0.1945720911026
94,69.8,0.0992803275585175
95,70.0,5.56533432006836
96,70.2,152.505416870117
97,70.3,25.4076995849609
98,70.5,0.126246422529221
99,70.8,0.104222662746906
100,70.9,0.582328975200653
101,71.1,48.2049751281738
102,71.2,240.495452880859
103,71.4,3.17835783958435
104,71.8,0.0167345870286226
105,72.0,0.559611558914185
106,72.2,13.5401020050049
107,72.3,2.4189715385437
108,72.6,0.0461285002529621
109,72.8,0.126419842243195
110,72.9,1.28500819206238
111,73.1,129.955001831055
112,73.2,950.807922363281
113,73.4,1.0006936788559
114,73.8,0.060348566621542
115,74.0,9.66496181488037
116,74.2,112.892311096191
117,74.3,12.8454866409302
118,74.6,0.0675453022122383
119,74.8,0.104049250483513
120,75.0,14.7132577896118
121,75.2,128.392349243164
122,75.3,11.1924915313721
123,75.5,0.0874013677239418
124,75.8,0.157721325755119
125,76.0,8.58917903900146
126,76.2,54.2148628234863
127,76.3,7.93349504470825
128,76.5,0.15139165520668
129,76.8,0.210092782974243
130,77.0,29.0517654418945
131,77.2,456.244171142578
132,77.3,28.7009449005127
133,77.4,0.535766959190369
134,77.6,0.13309633731842
135,77.9,2.15676760673523
136,78.1,127.605476379395
137,78.2,611.234375
138,78.4,2.79580330848694
139,78.7,0.0389317609369755
140,79.0,43.5051574707031
141,79.1,821.087158203125
142,79.3,4.74187135696411
143,79.9,2.34318900108337
144,80.1,35.6486587524414
145,80.2,29.857105255127
146,80.4,0.915113151073456
147,80.8,0.115147836506367
148,81.0,49.6518669128418
149,81.1,800.697143554688
150,81.3,4.91086435317993
151,81.8,0.139946237206459
152,82.0,14.4667472839355
153,82.1,31.9028015136719
154,82.2,48.9299392700195
155,82.4,1.07066679000854
156,82.5,0.259776294231415
157,82.8,0.20905227959156
158,82.9,1.55848431587219
159,83.1,49.2942848205566
160,83.2,95.7020721435547
161,83.4,2.58562397956848
162,83.6,0.0737015530467033
163,83.9,0.455735713243484
164,84.1,43.1413345336914
165,84.2,57.8216438293457
166,84.4,1.62620306015015
167,84.5,0.307465523481369
168,84.8,0.590306103229523
169,84.9,4.98179149627686
170,85.1,130.936187744141
171,85.2,193.099533081055
172,85.4,2.36469268798828
173,85.6,0.0130061563104391
174,85.8,0.028613543137908
175,86.0,0.989334940910339
176,86.2,9.90834999084473
177,86.3,5.30642509460449
178,86.8,0.223445758223534
179,87.0,4.72461652755737
180,87.2,12.1685600280762
181,87.3,2.91702079772949
182,87.5,0.0580941662192345
183,87.7,0.08991589397192
184,87.8,0.0497702248394489
185,88.0,0.886933147907257
186,88.2,1.41203498840332
187,88.3,0.221278071403503
188,88.4,0.0919968783855438
189,88.6,0.0293939132243395
190,88.8,0.576085984706879
191,89.0,10.3309631347656
192,89.1,25.4021511077881
193,89.3,4.17835760116577
194,89.5,0.0305211134254932
195,89.7,0.0313881896436214
196,89.9,0.246076479554176
197,90.1,0.805514633655548
198,90.2,0.561432421207428
199,90.3,0.370675444602966
200,90.5,0.116448454558849
201,90.7,0.028613543137908
202,90.9,2.44012832641602
203,91.1,119.84253692627
204,91.2,279.068420410156
205,91.4,1.26315784454346
206,91.8,0.0995404496788979
207,92.0,6.215989112854
208,92.2,98.9606323242188
209,92.3,9.8078556060791
210,92.5,0.0514176711440086
211,92.8,0.0626029670238495
212,93.0,3.62030696868896
213,93.2,21.2136478424072
214,93.3,5.32784175872803
215,93.5,0.117142111063004
216,93.8,0.175062865018845
217,94.0,7.6962628364563
218,94.2,36.2461624145508
219,94.3,7.30339050292969
220,94.5,0.0952917709946632
221,94.8,0.138125374913216
222,95.0,6.06919288635254
223,95.2,34.979621887207
224,95.3,16.5631656646729
225,95.5,0.66383421421051
226,95.7,0.0938177406787872
227,95.9,5.87253952026367
228,96.1,183.513748168945
229,96.2,142.491638183594
230,96.3,22.9282932281494
231,96.6,0.615364611148834
232,96.8,4.28925704956055
233,97.0,26.9516162872314
234,97.2,71.6082534790039
235,97.3,21.016040802002
236,97.5,0.277984917163849
237,97.8,0.341454952955246
238,97.9,0.793028712272644
239,98.1,10.3718891143799
240,98.2,29.3921794891357
241,98.4,1.26627933979034
242,98.6,0.0204630196094513
243,98.8,0.0940778627991676
244,99.0,1.33061647415161
245,99.2,9.47012901306152
246,99.3,3.41116786003113
247,99.4,0.678747951984406
248,99.9,0.0727477669715881
249,100.1,0.428075969219208
250,100.2,19.4915466308594
251,100.4,0.0998872816562653
252,100.6,0.013786525465548
253,100.9,0.0735281333327293
254,101.1,0.314575552940369
255,101.2,1.60738754272461
256,101.4,0.0672851800918579
257,101.6,0.013092864304781
258,101.8,0.0559264719486237
259,102.0,1.55302178859711
260,102.2,4.62368869781494
261,102.3,0.901933610439301
262,102.5,0.0307812355458736
263,102.7,0.048729732632637
264,102.9,4.48218154907227
265,103.1,65.7031097412109
266,103.2,44.7455139160156
267,103.4,0.656203925609589
268,103.6,0.187375351786613
269,103.8,0.51929247379303
270,104.0,14.1813058853149
271,104.2,53.4979629516602
272,104.3,9.74117755889893
273,104.5,0.0746553391218185
274,104.7,0.0620827190577984
275,104.9,3.65351605415344
276,105.1,136.672943115234
277,105.2,126.511833190918
278,105.4,1.11402058601379
279,105.6,0.0509841330349445
280,105.9,0.927945911884308
281,106.1,15.8080291748047
282,106.2,13.591607093811
283,106.3,6.67883443832397
284,106.5,0.126419842243195
285,106.8,0.166912332177162
286,107.0,4.81999492645264
287,107.2,17.2232723236084
288,107.3,4.1422872543335
289,107.5,0.116014912724495
290,107.8,0.0443076379597187
291,108.0,0.731466233730316
292,108.2,3.46544694900513
293,108.3,1.15858840942383
294,108.5,0.0567068420350552
295,108.7,0.0279198829084635
296,108.9,0.636347889900208
297,109.1,6.84704780578613
298,109.2,9.97424793243408
299,109.4,0.995317757129669
300,109.7,0.0302609894424677
301,109.9,0.24243475496769
302,110.1,3.09138989448547
303,110.2,3.77395296096802
304,110.4,0.36677360534668
305,110.7,0.0164744649082422
306,110.9,0.619613289833069
307,111.1,7.15772151947021
308,111.2,14.5137434005737
309,111.4,1.05263161659241
310,111.8,0.0594814866781235
311,112.0,0.872973203659058
312,112.2,7.28006601333618
313,112.3,3.3058180809021
314,112.5,0.0734414309263229
315,112.9,0.152692273259163
316,113.1,1.33824682235718
317,113.3,1.82198905944824
318,113.4,0.326454520225525
319,113.6,0.013786525465548
320,113.8,0.0130061563104391
321,114.0,0.108731463551521
322,114.2,3.87531423568726
323,114.3,4.20454359054565
324,114.6,0.0150004336610436
325,114.8,0.247377097606659
326,115.0,13.2302961349487
327,115.2,44.8379440307617
328,115.3,5.83959054946899
329,115.8,0.0440475158393383
330,116.0,0.644585132598877
331,116.2,2.38342142105103
332,116.3,0.721928358078003
333,116.5,0.0276597589254379
334,116.7,0.0992803275585175
335,116.9,1.87540102005005
336,117.1,22.2630710601807
337,117.2,18.7044143676758
338,117.4,0.687331974506378
339,117.6,0.0912165120244026
340,117.8,0.15824156999588
341,118.0,3.06173586845398
342,118.2,8.42660236358643
343,118.3,2.9135525226593
344,118.5,0.225006505846977
345,118.9,2.08696794509888
346,119.1,59.5144386291504
347,119.2,33.8740997314453
348,119.3,5.30018186569214
349,119.6,0.0686725080013275
350,119.7,0.0138732334598899
351,119.9,0.619700014591217
352,120.1,5.08176517486572
353,120.2,5.5877046585083
354,120.4,0.552414834499359
355,120.7,0.161970004439354
356,120.9,2.33694624900818
357,121.1,37.4024085998535
358,121.2,31.2667999267578
359,121.4,0.480013877153397
360,121.5,0.0625162571668625
361,121.8,0.423480451107025
362,122.0,13.6741523742676
363,122.2,50.0540199279785
364,122.3,6.67553997039795
365,122.5,0.0148270176723599
366,122.7,0.0620827190577984
367,122.9,0.726003646850586
368,123.1,7.80499458312988
369,123.2,8.36928844451904
370,123.4,0.372929841279984
371,123.7,0.0261857286095619
372,123.9,0.142894297838211
373,124.1,0.62230122089386
374,124.2,0.632879555225372
375,124.5,0.0574872121214867
376,124.7,0.0878349095582962
377,124.9,1.78817307949066
378,125.1,11.2238788604736
379,125.2,10.4694356918335
380,125.4,0.869158089160919
381,125.6,0.468655169010162
382,125.8,0.438827723264694
383,126.0,2.71343111991882
384,126.2,6.95387172698975
385,126.3,2.81271123886108
386,126.5,0.190496832132339
387,126.7,0.0450013019144535
388,126.9,0.819821357727051
389,127.1,7.92265653610229
390,127.2,8.226393699646
391,127.4,0.581548571586609
392,127.7,0.0463019162416458
393,127.9,1.03867161273956
394,128.1,42.8289260864258
395,128.2,72.8447036743164
396,128.4,0.960981547832489
397,128.6,0.013786525465548
398,128.8,0.129541322588921
399,129.0,5.1962194442749
400,129.2,15.7521896362305
401,129.3,3.8042140007019
402,129.5,0.0437006838619709
403,129.7,0.0131795713678002
404,129.9,0.175583109259605
405,130.1,2.06164908409119
406,130.2,1.64103007316589
407,130.4,0.133963406085968
408,130.6,0.0417931154370308
409,130.9,1.25179922580719
410,131.1,19.2393131256104
411,131.2,21.1825199127197
412,131.4,0.798924803733826
413,131.6,0.0469955764710903
414,131.8,0.170987606048584
415,132.0,2.76242089271545
416,132.2,7.66348743438721
417,132.3,1.93436229228973
418,132.6,0.0827191546559334
419,132.7,0.0444810539484024
420,132.9,4.65074157714844
421,133.0,30.6779670715332
422,133.1,285.983428955078
423,133.3,6.11237335205078
424,133.5,0.0372843146324158
425,133.8,0.853117167949677
426,134.0,16.0154342651367
427,134.2,31.4857368469238
428,134.3,5.76094675064087
429,134.5,0.0942512825131416
430,134.8,0.190843671560287
431,135.0,13.227087020874
432,135.2,291.765625
433,135.3,15.9799709320068
434,135.6,0.0437873937189579
435,135.8,0.0350299142301083
436,136.0,8.54096984863281
437,136.2,32.7143859863281
438,136.3,8.7539234161377
439,136.5,0.223359063267708
440,136.8,0.759472787380219
441,137.0,34.5798149108887
442,137.1,139.356796264648
443,137.3,8.30174255371094
444,137.5,0.0643371194601059
445,137.7,0.0443076379597187
446,137.9,0.668776571750641
447,138.1,4.5530219078064
448,138.2,4.40856695175171
449,138.4,0.330269664525986
450,138.7,0.0846267268061638
451,138.9,3.37423038482666
452,139.1,38.6552505493164
453,139.2,27.8970775604248
454,139.4,0.518945634365082
455,139.6,0.014566894620657
456,139.8,0.0446544699370861
457,140.0,0.377091825008392
458,140.2,0.8054279088974
459,140.3,0.338506907224655
460,140.5,0.0545391477644444
461,140.8,0.0873146653175354
462,141.0,1.7513222694397
463,141.2,6.18260622024536
464,141.3,2.19145059585571
465,141.5,0.0505505949258804
466,141.7,0.0590479485690594
467,142.0,0.578427135944366
468,142.2,2.22127819061279
469,142.3,1.43197774887085
470,142.5,0.110725745558739
471,142.9,0.129628017544746
472,143.1,1.88675975799561
473,143.2,2.04742908477783
474,143.4,0.259429454803467
475,143.5,0.0877481997013092
476,143.7,0.0141333565115929
477,143.9,0.110292203724384
478,144.1,0.647273063659668
479,144.2,0.946588039398193
480,144.4,0.15824156999588
481,144.7,0.0590479485690594
482,144.9,1.00277459621429
483,145.1,14.8471345901489
484,145.2,11.8293590545654
485,145.3,5.69669628143311
486,145.5,0.0632099211215973
487,145.7,0.0146536026149988
488,145.9,0.208705455064774
489,146.1,1.65663743019104
490,146.2,1.73519468307495
491,146.4,0.166045263409615
492,146.7,0.102575220167637
493,146.9,1.84193181991577
494,147.1,165.913986206055
495,147.2,297.840789794922
496,147.3,11.0567932128906
497,147.7,0.0169080030173063
498,147.9,1.05150437355042
499,148.1,39.7160339355469
500,148.2,39.7592124938965
501,148.3,9.94832229614258
502,148.6,0.100060693919659
503,148.7,0.077863521873951
504,148.9,3.27364945411682
505,149.1,150.616409301758
506,149.2,99.4271240234375
507,149.4,0.193705022335052
508,149.9,0.944073557853699
509,150.1,9.60010433197021
510,150.2,8.50186443328857
511,150.4,0.493193447589874
512,150.6,0.033642590045929
513,150.9,2.38168740272522
514,151.0,11.0026016235352
515,151.2,51.2015953063965
516,151.3,7.00346851348877
517,151.5,0.107517555356026
518,151.8,0.202462494373322
519,152.0,4.04638862609863
520,152.2,14.09104347229
521,152.3,4.11696863174438
522,152.5,0.213214248418808
523,152.8,1.03138816356659
524,153.0,29.6966972351074
525,153.1,88.7191543579102
526,153.3,8.26081657409668
527,153.6,0.0138732334598899
528,153.8,0.22656723856926
529,154.0,5.51955270767212
530,154.2,17.5304775238037
531,154.3,4.4729905128479
532,154.5,0.283187389373779
533,154.7,0.324807077646255
534,154.9,7.70744800567627
535,155.1,72.7436065673828
536,155.2,39.7796745300293
537,155.4,0.484262555837631
538,155.6,0.0298274513334036
539,155.8,0.258215546607971
540,156.0,1.71169686317444
541,156.2,4.56316661834717
542,156.3,1.22778117656708
543,156.4,0.673718869686127
544,156.7,0.115581378340721
545,156.9,0.73822945356369
546,157.1,3.47966694831848
547,157.2,3.42859625816345
548,157.4,0.190496832132339
549,157.7,0.0131795713678002
550,157.9,0.256221264600754
551,158.1,0.980664193630219
552,158.2,1.37128245830536
553,158.4,0.116101622581482
554,158.6,0.0267059747129679
555,158.9,0.824676990509033
556,159.1,5.48538970947266
557,159.2,5.79588985443115
558,159.4,0.543744027614594
559,159.8,0.0554062239825726
560,160.0,0.26671290397644
561,160.2,0.566027939319611
562,160.3,0.444810539484024
563,160.5,0.104569494724274
564,160.7,0.130841925740242
565,160.9,3.50940775871277
566,161.1,18.2521457672119
567,161.2,8.17324161529541
568,161.4,0.170120522379875
569,161.8,0.175756528973579
570,162.0,1.81262469291687
571,162.1,3.36790084838867
572,162.3,0.770571410655975
573,162.5,0.0403190851211548
574,162.7,0.16864649951458
575,162.9,7.43709373474121
576,163.1,57.3263664245605
577,163.2,17.8070755004883
578,163.4,0.267146438360214
579,163.7,0.0935576185584068
580,163.8,0.201508715748787
581,164.0,1.40466487407684
582,164.1,2.84765458106995
583,164.3,0.917974531650543
584,164.5,0.12191104143858
585,164.7,0.177490681409836
586,164.9,4.0872278213501
587,165.1,30.3931331634521
588,165.2,15.6480531692505
589,165.4,0.499783217906952
590,165.7,0.183126673102379
591,165.9,5.13222932815552
592,166.1,35.6952209472656
593,166.2,18.4057922363281
594,166.3,5.74109077453613
595,166.5,0.138732329010963
596,166.8,0.309980064630508
597,167.0,2.3888840675354
598,167.2,6.33321762084961
599,167.3,1.40223705768585
600,167.5,0.0150871416553855
601,167.8,0.0283534210175276
602,168.0,0.687158584594727
603,168.1,1.10283529758453
604,168.3,0.523974657058716
605,168.5,0.0567068420350552
606,168.7,0.105696693062782
607,168.9,0.314228743314743
608,169.1,1.32792854309082
609,169.2,1.29376566410065
610,169.4,0.252319425344467
611,169.6,0.0983265414834023
612,169.9,0.247203677892685
613,170.1,0.543223798274994
614,170.2,0.908263266086578
615,170.4,0.313448369503021
616,170.8,0.10795109719038
617,171.0,0.645538866519928
618,171.2,2.19457221031189
619,171.3,0.5839763879776
620,171.5,0.0698864161968231
621,171.7,0.0284401290118694
622,171.9,0.193444892764091
623,172.0,0.120610423386097
624,172.2,0.556056559085846
625,172.4,0.186768397688866
626,172.8,0.0606953948736191
627,173.0,0.74421226978302
628,173.2,1.72834479808807
629,173.3,0.608948230743408
630,173.4,0.367033720016479
631,173.6,0.030174283310771
632,173.7,0.0424867756664753
633,174.0,0.170120522379875
634,174.2,0.444203585386276
635,174.3,0.205150440335274
636,174.5,0.0169080030173063
637,174.7,0.120610423386097
638,174.9,0.462238788604736
639,175.1,4.09988737106323
640,175.2,2.67614674568176
641,175.4,0.338593602180481
642,175.7,0.146015778183937
643,175.9,1.73111939430237
644,176.1,9.17497634887695
645,176.2,3.91337895393372
646,176.3,1.74204456806183
647,176.5,0.132402673363686
648,176.8,0.440735280513763
649,177.0,32.1259880065918
650,177.1,73.0755233764648
651,177.3,0.922830164432526
652,177.5,0.0276597589254379
653,177.9,2.99852585792542
654,178.1,15.717679977417
655,178.2,9.3904447555542
656,178.4,0.492326378822327
657,178.6,0.033729299902916
658,178.8,0.47385761141777
659,179.0,15.5301313400269
660,179.1,40.2165946960449
661,179.3,3.00875759124756
662,179.4,0.249544784426689
663,179.6,0.0474291183054447
664,179.8,0.086881123483181
665,180.0,1.57955431938171
666,180.2,3.85225009918213
667,180.3,0.890574872493744
668,180.5,0.044134221971035
669,180.7,0.0858406275510788
670,180.9,1.01361310482025
671,181.1,5.70935583114624
672,181.2,5.32107877731323
673,181.4,0.257782012224197
674,181.5,0.0464753322303295
675,181.7,0.0134396944195032
676,181.9,0.17220151424408
677,182.1,0.809676587581635
678,182.2,0.784097790718079
679,182.4,0.123298361897469
680,182.7,0.0308679435402155
681,182.9,0.25440040230751
682,183.1,1.32463371753693
683,183.2,1.57625937461853
684,183.4,0.159975722432137
685,183.7,0.0569669641554356
686,184.0,0.307378828525543
687,184.1,0.52822333574295
688,184.4,0.342061907052994
689,184.5,0.0879216194152832
690,184.8,0.0551461018621922
691,185.0,0.657764673233032
692,185.2,1.34761118888855
693,185.3,0.515303909778595
694,185.5,0.0274863429367542
695,185.8,0.0309546515345573
696,186.0,0.134483650326729
697,186.2,0.354894638061523
698,186.3,0.120610423386097
699,186.4,0.100580938160419
700,186.9,0.131969138979912
701,187.1,1.55180788040161
702,187.2,0.806034862995148
703,187.4,0.0547125637531281
704,187.6,0.0283534210175276
705,187.9,0.0272262208163738
706,188.0,0.101708143949509
707,188.2,0.028613543137908
708,188.3,0.0409260392189026
709,188.6,0.0287002511322498
710,188.8,0.183560222387314
711,189.0,4.77707433700562
712,189.2,11.3085060119629
713,189.3,1.87678837776184
714,189.5,0.0447411760687828
715,189.8,0.0157808028161526
716,190.0,0.630191624164581
717,190.2,1.33078992366791
718,190.3,0.38506892323494
719,190.7,0.027139512822032
720,190.9,5.95699310302734
721,191.1,285.144378662109
722,191.2,59.8474807739258
723,191.4,0.144628450274467
724,191.7,0.0310413595288992
725,191.9,2.48686385154724
726,192.1,52.3084182739258
727,192.2,27.4496669769287
728,192.3,5.53420639038086
729,192.5,0.0714471489191055
730,192.7,0.125379338860512
731,192.9,7.10482978820801
732,193.1,344.637390136719
733,193.2,187.805160522461
734,193.4,0.351079523563385
735,193.9,2.15494656562805
736,194.1,55.170467376709
737,194.2,35.6224746704102
738,194.4,0.148096770048141
739,194.5,0.147576525807381
740,194.7,0.0507240109145641
741,194.9,3.13344311714172
742,195.1,42.7403984069824
743,195.2,23.5447845458984
744,195.3,4.37830591201782
745,195.7,0.0278331749141216
746,195.9,0.27902540564537
747,196.1,2.21390795707703
748,196.2,1.2225786447525
749,196.3,0.791121125221252
750,196.7,0.0700598284602165
751,196.9,1.83100664615631
752,197.1,16.0932102203369
753,197.2,12.9523105621338
754,197.4,0.499436408281326
755,197.6,0.0134396944195032
756,197.9,0.22630712389946
757,198.1,1.15928208827972
758,198.2,0.932107865810394
759,198.4,0.103962540626526
760,198.7,0.0134396944195032
761,198.9,0.137084886431694
762,199.1,0.501170575618744
763,199.2,0.772739112377167
764,199.4,0.101274602115154
765,199.9,0.0467354543507099
766,200.1,0.503771781921387
767,200.2,0.253706753253937
768,200.4,0.319257795810699
769,200.5,0.0534986555576324
770,200.7,0.0131795713678002
771,200.9,0.235064595937729
772,201.1,1.2219717502594
773,201.2,0.726610600948334
774,201.4,0.0995404496788979
775,201.9,0.127200201153755
776,202.1,0.517471611499786
777,202.2,0.533599257469177
778,202.4,0.0461285002529621
779,202.5,0.095812015235424
780,202.8,0.208792164921761
781,203.0,5.17436933517456
782,203.1,12.4642333984375
783,203.3,2.17081427574158
784,203.5,0.0672851800918579
785,203.9,0.108818173408508
786,204.1,0.483395487070084
787,204.3,0.536807417869568
788,204.4,0.100234113633633
789,204.8,0.300182074308395
790,205.0,9.34665775299072
791,205.2,28.9645366668701
792,205.3,3.79953169822693
793,205.6,0.0986733734607697
794,205.7,0.0130061563104391
795,205.9,0.635133981704712
796,206.0,2.29688715934753
797,206.2,0.0970259234309196
798,206.6,0.0281800050288439
799,206.8,0.358102828264236
800,207.0,31.1503505706787
801,207.2,3443.15502929688
802,207.3,6.99401712417603
803,207.8,0.199080899357796
804,208.0,27.0313014984131
805,208.2,700.001647949219
806,208.3,7.00060701370239
807,208.4,0.389230906963348
808,208.7,0.101274602115154
809,208.9,4.6448450088501
810,209.1,280.449157714844
811,209.2,230.945724487305
812,209.4,0.209745943546295
813,209.9,1.91320562362671
814,210.1,39.0682373046875
815,210.2,33.3102416992188
816,210.4,0.389664441347122
817,210.5,0.103095464408398
818,210.8,0.883118033409119
819,211.0,39.9902877807617
820,211.1,234.508804321289
821,211.3,7.68689823150635
822,211.6,0.0627763792872429
823,211.7,0.0133529873564839
824,211.9,1.68395042419434
825,212.1,17.8156585693359
826,212.2,13.7653694152832
827,212.4,0.575999319553375
828,212.6,0.0484696105122566
829,212.8,0.421572864055634
830,213.0,22.6420707702637
831,213.2,104.145408630371
832,213.3,9.99306297302246
833,213.5,0.0462152101099491
834,213.8,0.0566201321780682
835,214.0,1.83508193492889
836,214.2,4.57530546188354
837,214.3,1.53507328033447
838,214.6,0.0742217972874641
839,214.8,0.822422623634338
840,215.0,32.6285438537598
841,215.2,101.775077819824
842,215.3,10.8834648132324
843,215.4,0.491372585296631
844,215.7,0.0264458507299423
845,215.9,0.2118269354105
846,216.1,1.54920661449432
847,216.2,1.5280499458313
848,216.4,0.114627592265606
849,216.7,0.0274863429367542
850,216.9,0.397988379001617
851,217.1,2.86933159828186
852,217.2,1.46986901760101
853,217.4,0.0870545357465744
854,217.8,0.0443076379597187
855,218.0,0.25578773021698
856,218.1,0.508280575275421
857,218.3,0.100754357874393
858,218.6,0.0291337892413139
859,218.8,0.169513568282127
860,219.0,3.52536201477051
861,219.1,7.10361576080322
862,219.3,1.04985690116882
863,219.6,0.0281800050288439
864,219.9,0.347177654504776
865,220.1,2.13318300247192
866,220.2,1.38480877876282
867,220.4,0.0873146653175354
868,220.5,0.0450880080461502
869,220.8,0.0835862308740616
870,221.0,6.91034412384033
871,221.1,76.5074157714844
872,221.2,278.891784667969
873,221.4,0.676580250263214
874,221.8,0.0473424084484577
875,222.0,6.82450342178345
876,222.2,64.9264755249023
877,222.3,12.6553373336792
878,222.5,0.0559264719486237
879,222.6,0.0991069078445435
880,222.9,1.0842798948288
881,223.1,38.8144454956055
882,223.2,43.0057220458984
883,223.4,0.345009982585907
884,223.8,0.160495966672897
885,223.9,0.257868736982346
886,224.1,2.98508620262146
887,224.2,4.27070140838623
888,224.4,0.469955772161484
889,224.6,0.0298274513334036
890,224.8,0.153732761740685
891,225.0,12.7562646865845
892,225.2,216.038330078125
893,225.3,6.61649179458618
894,225.9,1.45200729370117
895,226.0,6.46822166442871
896,226.2,34.9419937133789
897,226.3,5.15867519378662
898,226.5,0.0610422268509865
899,226.8,0.394173234701157
900,227.0,9.17263507843018
901,227.2,28.8575401306152
902,227.3,4.10795116424561
903,227.9,0.17627677321434
904,228.1,1.28162658214569
905,228.2,1.4709095954895
906,228.4,0.178097635507584
907,228.6,0.0284401290118694
908,228.8,0.0877481997013092
909,229.0,2.59776282310486
910,229.2,7.57409191131592
911,229.3,1.70181214809418
912,229.6,0.0306945294141769
913,229.8,0.0971126332879066
914,230.0,1.84600710868835
915,230.2,6.44056177139282
916,230.3,2.5568368434906
917,230.8,0.0861007571220398
918,231.0,0.664181053638458
919,231.2,1.07534897327423
920,231.3,0.357322454452515
921,231.5,0.0133529873564839
922,231.8,0.0130061563104391
923,232.1,0.0905228480696678
924,232.2,0.11506112664938
925,232.5,0.0703199505805969
926,232.7,0.0448278859257698
927,232.9,0.547125637531281
928,233.1,4.12399196624756
929,233.2,0.8056880235672
930,233.4,0.137605130672455
931,233.9,0.12052371352911
932,234.1,0.745426177978516
933,234.2,0.432151228189468
934,234.4,0.113847218453884
935,234.8,0.143587961792946
936,235.0,6.14688301086426
937,235.1,7.7548770904541
938,235.3,0.837943315505981
939,235.6,0.0143934795632958
940,235.8,0.079424262046814
941,236.0,1.49683511257172
942,236.1,1.3621780872345
943,236.2,0.812537908554077
944,236.4,0.114627592265606
945,236.7,0.0274863429367542
946,236.9,0.607387483119965
947,237.1,3.80620837211609
948,237.2,3.1415069103241
949,237.4,0.343362510204315
950,237.6,0.0228908341377974
951,237.9,0.171161010861397
952,238.1,0.436573296785355
953,238.2,0.419405192136765
954,238.4,0.0588745325803757
955,238.8,0.0951183587312698
956,239.0,0.47385761141777
957,239.2,1.14618921279907
958,239.3,0.43206450343132
959,239.9,0.0416196994483471
960,240.2,0.143848091363907
961,240.3,0.0717939808964729
962,240.5,0.0410127453505993
963,240.9,0.0720541030168533
964,241.1,0.365039438009262
965,241.3,0.216942682862282
966,241.4,0.0430070236325264
967,242.0,0.0697997063398361
968,242.1,0.176363483071327
969,242.3,0.0274863429367542
970,242.5,0.0158675108104944
971,242.7,0.0134396944195032
972,243.0,0.0711003243923187
973,243.2,0.104916326701641
974,243.3,0.0540189035236835
975,244.1,0.0570536702871323
976,244.2,0.0987600833177567
977,244.4,0.0136131104081869
978,244.9,0.0496835187077522
979,245.2,0.191277205944061
980,245.3,0.115754790604115
981,245.5,0.0192491114139557
982,245.8,0.0600017346441746
983,246.1,0.149657502770424
984,246.3,0.0658111497759819
985,246.5,0.0269660968333483
986,246.7,0.0168212950229645
987,246.9,0.0418798215687275
988,247.1,0.232463359832764
989,247.2,0.559871673583984
990,247.4,0.0424867756664753
991,247.7,0.0175149571150541
992,248.0,0.13309633731842
993,248.2,0.304777592420578
994,248.4,0.149397388100624
995,248.5,0.0468221642076969
996,248.8,0.731379508972168
997,249.0,28.723575592041
998,249.1,51.0383262634277
999,249.3,0.721061289310455
1000,249.5,0.0131795713678002
1001,249.7,0.115928202867508
1002,249.9,2.41498303413391
1003,250.1,14.0712738037109
1004,250.2,4.83759641647339
1005,250.4,0.202462494373322
1006,250.6,0.0452614240348339
1007,250.8,0.717246174812317
1008,251.0,24.3516864776611
1009,251.1,32.6006240844727
1010,251.2,18.2622909545898
1011,251.4,0.0469955764710903
1012,251.7,0.0479493625462055
1013,251.9,2.12503242492676
1014,252.1,14.7435188293457
1015,252.2,5.10691070556641
1016,252.4,0.306771874427795
1017,252.7,0.207838371396065
1018,252.9,4.73476123809814
1019,253.1,46.9641036987305
1020,253.2,20.0841064453125
1021,253.4,0.166218683123589
1022,253.6,0.0155206797644496
1023,253.8,0.145322114229202
1024,254.0,1.79484951496124
1025,254.1,3.90609550476074
1026,254.3,0.45122691988945
1027,254.5,0.0135264024138451
1028,254.7,0.0750021710991859
1029,254.9,0.743778705596924
1030,255.0,2.72591686248779
1031,255.2,7.23298358917236
1032,255.3,1.20627760887146
1033,255.5,0.0141333565115929
1034,256.1,0.238619610667229
1035,256.2,0.140032947063446
1036,256.3,0.165091469883919
1037,256.6,0.0346830822527409
1038,257.0,0.251885890960693
1039,257.1,0.146362617611885
1040,257.2,0.395647287368774
1041,257.4,0.0419665314257145
1042,257.8,0.0130061563104391
1043,258.0,0.113587096333504
1044,258.3,0.0634700432419777
1045,258.6,0.0280065890401602
1046,258.8,0.0134396944195032
1047,258.9,0.0547125637531281
1048,259.2,0.108644761145115
1049,259.3,0.0579207502305508
1050,259.5,0.0138732334598899
1051,259.9,0.0262724347412586
1052,260.1,0.0924304202198982
1053,260.3,0.0430070236325264
1054,261.0,0.0309546515345573
1055,261.2,0.0968525111675262
1056,261.3,0.0478626564145088
1057,261.5,0.014046648517251
1058,262.0,0.0578340403735638
1059,262.2,0.0298274513334036
1060,262.3,0.0407526232302189
1061,263.0,0.260296553373337
1062,263.2,0.611029207706451
1063,263.3,0.234284222126007
1064,263.5,0.0146536026149988
1065,264.0,0.0435272678732872
1066,264.2,0.138212084770203
1067,264.3,0.189369633793831
1068,264.6,0.0340761281549931
1069,264.8,0.134136825799942
1070,265.0,21.6852512359619
1071,265.1,87.2055816650391
1072,265.3,2.11298012733459
1073,265.5,0.0320818535983562
1074,265.8,0.345270097255707
1075,266.0,6.64840030670166
1076,266.2,15.3105869293213
1077,266.3,2.52397465705872
1078,266.4,0.272522330284119
1079,266.7,0.15988901257515
1080,266.9,5.40622568130493
1081,267.1,229.14176940918
1082,267.2,61.6975631713867
1083,267.4,0.0737882629036903
1084,267.7,0.0141333565115929
1085,267.9,4.64926719665527
1086,268.1,46.3698081970215
1087,268.2,21.4371795654297
1088,268.4,0.393392860889435
1089,268.7,0.0773432776331902
1090,268.9,3.41116786003113
1091,269.1,60.3836822509766
1092,269.2,37.2563095092773
1093,269.4,0.169600278139114
1094,269.7,0.0277464669197798
1095,269.9,0.864475846290588
1096,270.1,6.04422092437744
1097,270.2,4.97260046005249
1098,270.4,0.271395117044449
1099,270.6,0.108904883265495
1100,270.8,0.691667377948761
1101,271.0,11.1300611495972
1102,271.1,26.4701290130615
1103,271.3,3.6406831741333
1104,271.6,0.0535853654146194
1105,271.8,0.0867077112197876
1106,272.0,0.416803956031799
1107,272.1,1.26549899578094
1108,272.3,0.32194572687149
1109,272.4,0.088441863656044
1110,272.7,0.0282667130231857
1111,272.8,0.0134396944195032
1112,273.0,0.490418791770935
1113,273.1,0.836989521980286
1114,273.2,0.988034307956696
1115,273.4,0.106737188994884
1116,273.8,0.0146536026149988
1117,274.0,0.0743952170014381
1118,274.2,0.506459712982178
1119,274.3,0.240440472960472
1120,274.5,0.0141333565115929
1121,275.0,0.0872279554605484
1122,275.2,0.285008251667023
1123,275.4,0.123731896281242
1124,276.1,0.0715338587760925
1125,276.6,0.0151738487184048
1126,276.9,0.0131795713678002
1127,277.1,0.079337552189827
1128,277.2,0.168559789657593
1129,277.4,0.0304344054311514
1130,277.7,0.0130061563104391
1131,278.1,0.0981531292200089
1132,278.4,0.0830659866333008
1133,278.6,0.0414462834596634
1134,278.8,0.0417064093053341
1135,279.0,2.07153391838074
1136,279.2,6.79285526275635
1137,279.3,1.81028354167938
1138,279.5,0.0136998174712062
1139,279.9,0.112980142235756
1140,280.1,0.679441630840302
1141,280.2,0.278158336877823
1142,280.6,0.0313014835119247
1143,280.8,0.781843423843384
1144,281.0,41.276424407959
1145,281.2,1616.185546875
1146,281.3,11.554669380188
1147,281.6,0.0308679435402155
1148,281.8,0.393392860889435
1149,282.0,16.0634708404541
1150,282.2,427.967407226563
1151,282.3,7.32515382766724
1152,282.6,0.0993670374155045
1153,282.8,0.326541215181351
1154,283.0,13.7170724868774
1155,283.2,361.736846923828
1156,283.3,7.09815311431885
1157,283.5,0.0332090519368649
1158,283.8,0.0790774300694466
1159,284.0,10.1398591995239
1160,284.2,62.6376495361328
1161,284.3,9.35818958282471
1162,284.5,0.35307377576828
1163,284.8,0.737188935279846
1164,285.0,26.5733108520508
1165,285.1,134.72331237793
1166,285.3,6.27703094482422
1167,285.7,0.0327755138278008
1168,285.9,1.76259434223175
1169,286.1,15.3466577529907
1170,286.2,12.5740919113159
1171,286.4,0.444463700056076
1172,286.5,0.136391222476959
1173,286.8,0.324200123548508
1174,287.0,10.4887714385986
1175,287.2,39.3991165161133
1176,287.3,6.73233318328857
1177,287.6,0.042746901512146
1178,287.8,0.0265325587242842
1179,288.0,0.610682368278503
1180,288.1,1.7506285905838
1181,288.3,0.566027939319611
1182,288.4,0.169947102665901
1183,288.8,0.290384113788605
1184,289.0,4.53186511993408
1185,289.1,6.50576591491699
1186,289.2,7.10881805419922
1187,289.4,0.245556235313416
1188,289.6,0.0133529873564839
1189,289.8,0.047255702316761
1190,290.0,0.0688459202647209
1191,290.2,0.385155647993088
1192,290.4,0.142027229070663
1193,290.6,0.0268793888390064
1194,290.8,0.0160409267991781
1195,291.0,0.0845400169491768
1196,291.1,0.333824664354324
1197,291.4,0.0831526890397072
1198,292.0,0.0287869591265917
1199,292.1,0.057227086275816
1200,292.4,0.0858406275510788
1201,292.5,0.0147403106093407
1202,292.7,0.0134396944195032
1203,292.9,0.146536022424698
1204,293.1,0.826497852802277
1205,293.2,0.900026023387909
1206,293.4,0.0628630891442299
1207,293.7,0.0157808028161526
1208,293.9,0.0697129964828491
1209,294.1,0.116188332438469
1210,294.3,0.2047169059515
1211,294.4,0.0977195873856544
1212,294.7,0.0143934795632958
1213,294.9,1.03372931480408
1214,295.1,25.4581642150879
1215,295.2,29.8558921813965
1216,295.3,12.2491111755371
1217,295.5,0.0850602611899376
1218,295.9,0.565247535705566
1219,296.0,1.93115413188934
1220,296.2,11.4257345199585
1221,296.3,3.76042652130127
1222,296.5,0.0285268351435661
1223,296.7,0.0439608097076416
1224,296.9,0.781236469745636
1225,297.1,8.00112724304199
1226,297.2,9.99653148651123
1227,297.4,0.593600988388062
1228,298.0,0.253359913825989
1229,298.2,0.665134847164154
1230,298.3,0.323506474494934
1231,298.5,0.0620827190577984
1232,298.6,0.0462152101099491
1233,298.8,0.055839765816927
1234,299.0,9.99263000488281
1235,299.2,109.224746704102
1236,299.3,9.87574768066406
1237,299.5,0.0141333565115929
1238,299.7,0.028093297034502
1239,299.9,1.17497611045837
1240,300.1,14.0735282897949
1241,300.2,11.7552242279053
1242,300.3,5.51122856140137
1243,300.5,0.125379338860512
1244,300.7,0.0138732334598899
1245,300.9,0.764068305492401
1246,301.1,9.14705657958984
1247,301.2,6.21728944778442
1248,301.3,3.07578253746033
1249,301.5,0.0469088703393936
1250,302.0,0.180872276425362
1251,302.1,0.468828588724136
1252,302.3,0.267146438360214
1253,302.8,0.0425734855234623
1254,303.0,0.211913645267487
1255,303.1,0.477672755718231
1256,303.3,0.218850255012512
1257,303.5,0.0284401290118694
1258,303.9,0.0430937297642231
1259,304.1,0.0703199505805969
1260,304.2,0.0585277043282986
1261,304.4,0.0567935481667519
1262,304.5,0.014566894620657
1263,304.9,0.014046648517251
1264,305.1,0.12572617828846
1265,305.2,0.0716205686330795
1266,305.3,0.117228820919991
1267,305.7,0.0136998174712062
1268,305.9,0.013092864304781
1269,306.1,0.0541923195123672
1270,306.3,0.117922484874725
1271,307.0,0.0416196994483471
1272,307.1,0.076476201415062
1273,307.3,0.0414462834596634
1274,307.8,0.0132662793621421
1275,308.1,0.0605219788849354
1276,308.4,0.0273996349424124
1277,308.5,0.0428336076438427
1278,308.8,0.013092864304781
1279,309.1,0.245122686028481
1280,309.2,0.16318391263485
1281,309.4,0.0252319425344467
1282,310.1,0.0476892404258251
1283,310.2,0.0469088703393936
1284,310.5,0.0143934795632958
1285,310.8,0.107864387333393
1286,311.0,1.15668082237244
1287,311.1,2.45322108268738
1288,311.3,0.76337468624115
1289,311.5,0.0314748995006084
1290,311.7,0.0158675108104944
1291,311.9,0.0834995210170746
1292,312.0,0.0291337892413139
1293,312.2,0.218156591057777
1294,312.3,0.0684123784303665
1295,312.4,0.0467354543507099
1296,312.6,0.0423133634030819
1297,312.8,0.179918497800827
1298,313.0,1.65863180160522
1299,313.2,3.9151132106781
1300,313.3,0.622387945652008
1301,313.5,0.0136131104081869
1302,314.0,0.0598283186554909
1303,314.1,0.171941384673119
1304,314.3,0.129974856972694
1305,315.0,0.145061999559402
1306,315.2,0.303216844797134
1307,315.3,0.0133529873564839
1308,316.0,0.0188155733048916
1309,316.2,0.0666782259941101
1310,317.2,0.0399722531437874
1311,317.5,0.0240180343389511
1312,317.7,0.0166478808969259
1313,318.3,0.0330356359481812
1314,318.7,0.0135264024138451
1315,319.2,0.101794846355915
1316,319.4,0.0287002511322498
1317,319.8,0.0131795713678002
1318,320.0,0.0431804396212101
1319,320.2,0.0502904690802097
1320,320.4,0.0407526232302189
1321,320.6,0.013092864304781
1322,321.0,0.0144801875576377
1323,321.2,0.0568802580237389
1324,322.2,0.0424000695347786
1325,322.4,0.0422266535460949
1326,322.6,0.0134396944195032
1327,322.8,0.0437873937189579
1328,323.0,0.657157719135284
1329,323.2,1.60695397853851
1330,323.3,0.285441786050797
1331,323.5,0.014046648517251
1332,323.9,0.0136131104081869
1333,324.1,0.153732761740685
1334,324.2,0.116881988942623
1335,324.3,0.119483225047588
1336,324.5,0.115407958626747
1337,324.7,0.177403971552849
1338,324.9,5.63565397262573
1339,325.1,36.3207321166992
1340,325.2,13.4690017700195
1341,325.3,1.78834652900696
1342,325.5,0.0320818535983562
1343,325.7,0.105783402919769
1344,325.9,0.942859649658203
1345,326.1,5.47238349914551
1346,326.2,3.95317792892456
1347,326.4,0.368594467639923
1348,326.5,0.0939044505357742
1349,326.8,1.05011701583862
1350,327.0,37.161449432373
1351,327.1,95.324462890625
1352,327.3,1.57816696166992
1353,327.4,0.0755224153399467
1354,327.6,0.0515043772757053
1355,327.8,0.551027476787567
1356,328.0,11.1966533660889
1357,328.1,22.162317276001
1358,328.3,2.26879382133484
1359,328.4,0.296887189149857
1360,328.7,0.290991067886353
1361,328.9,2.91762757301331
1362,329.1,16.9062690734863
1363,329.2,8.40509796142578
1364,329.4,0.126506552100182
1365,329.6,0.0275730509310961
1366,329.8,0.0605219788849354
1367,330.0,0.323506474494934
1368,330.2,0.645625591278076
1369,330.3,0.342495441436768
1370,330.6,0.014566894620657
1371,330.8,0.0831526890397072
1372,331.0,1.16431105136871
1373,331.2,3.15295243263245
1374,331.3,0.377525359392166
1375,331.4,0.097372755408287
1376,331.6,0.0180352032184601
1377,331.9,0.0643371194601059
1378,332.0,0.0173415411263704
1379,332.2,0.463972955942154
1380,332.3,0.112459897994995
1381,332.5,0.0308679435402155
1382,332.8,0.0432671457529068
1383,333.1,0.0462152101099491
1384,333.2,0.165438309311867
1385,333.5,0.0404925011098385
1386,334.2,0.0281800050288439
1387,334.3,0.0678921341896057
1388,334.7,0.0268793888390064
1389,335.0,0.0403190851211548
1390,335.2,0.031128067523241
1391,335.4,0.0160409267991781
1392,336.2,0.0272262208163738
1393,336.3,0.0159542188048363
1394,336.8,0.0134396944195032
1395,337.0,0.0303476974368095
1396,337.2,0.126333132386208
1397,337.3,0.0312147755175829
1398,337.6,0.0130061563104391
1399,337.9,0.0130061563104391
1400,338.2,0.0278331749141216
1401,338.3,0.0156940948218107
1402,338.5,0.032688807696104
1403,338.8,0.298881471157074
1404,339.0,4.08523368835449
1405,339.2,10.4898118972778
1406,339.3,2.12607312202454
1407,339.5,0.0168212950229645
1408,339.8,0.0599150247871876
1409,340.0,0.523020923137665
1410,340.2,1.92976677417755
1411,340.3,0.570710122585297
1412,340.7,0.10274863243103
1413,340.9,4.67736053466797
1414,341.1,173.523712158203
1415,341.2,95.9807510375977
1416,341.4,0.225786879658699
1417,341.6,0.0304344054311514
1418,341.7,0.0458683781325817
1419,341.9,3.2507586479187
1420,342.1,49.7694435119629
1421,342.2,29.964448928833
1422,342.3,5.34119462966919
1423,342.5,0.127807155251503
1424,342.7,0.160322546958923
1425,342.9,3.5830225944519
1426,343.1,50.1733283996582
1427,343.2,35.8430595397949
1428,343.4,0.1874620616436
1429,343.7,0.0732680112123489
1430,343.8,0.205757394433022
1431,344.0,3.03104138374329
1432,344.2,8.23627853393555
1433,344.3,2.34448981285095
1434,344.5,0.183733627200127
1435,344.8,0.588571906089783
1436,345.0,9.16266345977783
1437,345.2,25.879997253418
1438,345.3,5.03138828277588
1439,345.5,0.0477759465575218
1440,345.8,0.0972860455513
1441,346.0,0.800225436687469
1442,346.2,2.22058439254761
1443,346.3,0.772652387619019
1444,346.5,0.0130061563104391
1445,346.8,0.0460417941212654
1446,347.0,0.626116335391998
1447,347.2,1.4716032743454
1448,347.3,0.453828155994415
1449,347.4,0.0693661645054817
1450,347.8,0.0139599414542317
1451,348.0,0.089829184114933
1452,348.2,0.155727043747902
1453,348.3,0.103789128363132
1454,348.5,0.0519379191100597
1455,348.9,0.0463019162416458
1456,349.1,0.0417064093053341
1457,349.3,0.10439608246088
1458,349.4,0.0160409267991781
1459,349.8,0.0306945294141769
1460,350.0,0.0268793888390064
1461,350.2,0.0605219788849354
1462,350.3,0.0293939132243395
1463,350.5,0.0158675108104944
1464,351.0,0.0178617872297764
1465,351.2,0.0473424084484577
1466,352.4,0.0413595773279667
1467,352.8,0.0447411760687828
1468,353.0,0.150871410965919
1469,353.2,0.56628805398941
1470,353.3,0.423393726348877
1471,353.6,0.0303476974368095
1472,353.9,0.0269660968333483
1473,354.1,0.230295673012733
1474,354.2,0.387149930000305
1475,354.5,0.061735887080431
1476,354.7,0.0352900363504887
1477,354.9,3.02445149421692
1478,355.1,149.076568603516
1479,355.2,287.284301757813
1480,355.4,0.661493122577667
1481,355.7,0.0401456691324711
1482,355.9,1.08549380302429
1483,356.1,63.4271240234375
1484,356.2,84.1042251586914
1485,356.4,0.472643703222275
1486,356.7,0.147923350334167
1487,356.9,1.74091732501984
1488,357.1,52.672679901123
1489,357.2,55.5512886047363
1490,357.3,13.1845140457153
1491,357.5,0.0363305285573006
1492,357.8,0.11150611191988
1493,358.0,4.9221363067627
1494,358.2,18.1161880493164
1495,358.3,6.49917650222778
1496,358.5,0.329662710428238
1497,358.8,0.230035543441772
1498,358.9,1.57235753536224
1499,359.1,28.0569667816162
1500,359.2,30.0315608978271
1501,359.3,11.8921356201172
1502,359.5,0.0357235744595528
1503,359.8,0.0907829701900482
1504,360.0,1.91970860958099
1505,360.1,2.91346573829651
1506,360.2,7.20627784729004
1507,360.4,0.740657269954681
1508,360.8,0.0954651832580566
1509,361.0,1.24685680866241
1510,361.2,4.90410137176514
1511,361.3,1.95187723636627
1512,361.5,0.123385071754456
1513,362.1,0.114974424242973
1514,362.3,0.309719920158386
1515,362.5,0.0724876448512077
1516,362.6,0.0160409267991781
1517,362.8,0.0712737366557121
1518,363.0,0.482875227928162
1519,363.2,1.8326541185379
1520,363.3,0.868724524974823
1521,363.5,0.0182953272014856
1522,363.8,0.0174282491207123
1523,364.0,0.0563600100576878
1524,364.2,0.171507850289345
1525,364.3,0.0828058645129204
1526,364.6,0.014046648517251
1527,365.1,0.058787826448679
1528,365.3,0.114107340574265
1529,365.4,0.0144801875576377
1530,365.6,0.0149137256667018
1531,366.2,0.0399722531437874
1532,366.8,0.0268793888390064
1533,367.1,0.14402149617672
1534,367.2,0.240960717201233
1535,367.5,0.0350299142301083
1536,367.9,0.0270528048276901
1537,368.1,0.0717072784900665
1538,368.3,0.508540689945221
1539,368.5,0.366947025060654
1540,368.7,0.0964189693331718
1541,368.8,0.130495101213455
1542,369.0,2.68559789657593
1543,369.2,12.6246423721313
1544,369.3,5.94017171859741
1545,369.5,0.26784011721611
1546,369.9,0.0455215461552143
1547,370.1,0.764068305492401
1548,370.3,1.88121044635773
1549,370.4,0.354634523391724
1550,370.6,0.0473424084484577
1551,370.9,0.341715067625046
1552,371.0,0.906789243221283
1553,371.2,4.36425924301147
1554,371.3,1.93496918678284
1555,371.6,0.0443943478167057
1556,372.0,0.112459897994995
1557,372.2,0.277117848396301
1558,372.3,0.194658800959587
1559,372.4,0.157287776470184
1560,372.7,0.116535156965256
1561,372.9,1.42035901546478
1562,373.0,4.9158935546875
1563,373.2,29.2737369537354
1564,373.3,8.48833751678467
1565,373.5,0.135870978236198
1566,373.7,0.0139599414542317
1567,373.9,0.187288656830788
1568,374.1,2.45547556877136
1569,374.2,3.50342488288879
1570,374.4,0.303130149841309
1571,374.6,0.0424867756664753
1572,374.8,0.0131795713678002
1573,375.0,0.43206450343132
1574,375.2,1.29706060886383
1575,375.3,0.767449915409088
1576,375.5,0.028093297034502
1577,376.2,0.14922396838665
1578,376.3,0.126679956912994
1579,376.9,0.028613543137908
1580,377.1,0.0718806907534599
1581,377.3,0.0147403106093407
1582,378.2,0.0563600100576878
1583,378.4,0.0749154612421989
1584,378.6,0.0291337892413139
1585,378.9,0.0136998174712062
1586,379.0,0.0550593957304955
1587,379.3,0.0430070236325264
1588,379.5,0.0141333565115929
1589,380.0,0.0143934795632958
1590,380.4,0.0300875753164291
1591,380.8,0.0284401290118694
1592,381.1,0.0445677638053894
1593,381.3,0.0131795713678002
1594,381.4,0.0413595773279667
1595,381.7,0.0156940948218107
1596,382.1,0.0143934795632958
1597,382.3,0.0667649358510971
1598,383.0,0.198734074831009
1599,383.2,0.243301823735237
1600,383.3,0.0637301653623581
1601,383.9,0.0265325587242842
1602,384.1,0.0310413595288992
1603,384.3,0.100060693919659
1604,384.5,0.0758692473173141
1605,384.7,0.0848868489265442
1606,384.9,0.813491702079773
1607,385.1,3.37110900878906
1608,385.2,2.3603572845459
1609,385.4,0.213647797703743
1610,385.5,0.0488164387643337
1611,385.8,0.0412728674709797
1612,386.0,0.174802735447884
1613,386.2,0.40804648399353
1614,386.3,0.155380219221115
1615,386.6,0.0418798215687275
1616,386.8,0.482961922883987
1617,387.0,4.39382648468018
1618,387.2,10.3158760070801
1619,387.3,1.87201941013336
1620,387.5,0.0280065890401602
1621,387.8,0.0313881896436214
1622,388.0,0.201161876320839
1623,388.1,0.635133981704712
1624,388.3,0.271655261516571
1625,388.5,0.0131795713678002
1626,388.8,0.0620827190577984
1627,389.0,0.274169772863388
1628,389.1,0.649700880050659
1629,389.3,0.218330010771751
1630,389.5,0.0138732334598899
1631,389.9,0.0148270176723599
1632,390.1,0.0506373010575771
1633,390.4,0.0168212950229645
1634,390.7,0.0144801875576377
1635,391.1,0.028093297034502
1636,391.3,0.0134396944195032
1637,392.2,0.0136131104081869
1638,392.4,0.0133529873564839
1639,392.9,0.0155206797644496
1640,393.1,0.0130061563104391
1641,393.4,0.0292204972356558
1642,394.1,0.013786525465548
1643,394.7,0.0156940948218107
1644,395.0,0.014046648517251
1645,395.2,0.044134221971035
1646,395.6,0.0149137256667018
1647,396.2,0.0135264024138451
1648,396.4,0.0156073877587914
1649,397.1,0.0404925011098385
1650,397.3,0.094337984919548
1651,397.8,0.013092864304781
1652,398.0,0.0157808028161526
1653,398.2,0.0134396944195032
1654,398.4,0.0131795713678002
1655,398.7,0.0703199505805969
1656,398.9,0.876007974147797
1657,399.1,5.4112548828125
1658,399.2,2.88511228561401
1659,399.3,1.3339980840683
1660,399.5,0.0144801875576377
1661,399.7,0.0300008673220873
1662,399.9,0.0895690619945526
1663,400.1,0.72530996799469
1664,400.3,0.471689939498901
1665,400.4,0.177837505936623
1666,400.7,0.1874620616436
1667,400.8,0.816526472568512
1668,401.0,22.9785823822021
1669,401.1,65.5959396362305
1670,401.3,3.1396861076355
1671,401.7,0.249978318810463
1672,401.9,3.16500473022461
1673,402.1,15.9809246063232
1674,402.2,10.4931936264038
1675,402.5,0.388537228107452
1676,402.6,0.0803780481219292
1677,402.8,0.764415144920349
1678,403.0,6.63825559616089
1679,403.2,13.4186248779297
1680,403.3,2.22882175445557
1681,403.5,0.0135264024138451
1682,403.7,0.0135264024138451
1683,403.9,0.116535156965256
1684,404.1,0.360443949699402
1685,404.2,0.421833008527756
1686,404.4,0.028093297034502
1687,404.6,0.013092864304781
1688,404.8,0.0834128186106682
1689,405.0,0.439608067274094
1690,405.2,2.85866641998291
1691,405.3,0.396601051092148
1692,405.5,0.0275730509310961
1693,405.8,0.0283534210175276
1694,406.0,0.115754790604115
1695,406.1,0.183993756771088
1696,406.2,0.34162837266922
1697,406.4,0.0714471489191055
1698,406.8,0.0163010489195585
1699,407.2,0.162837073206902
1700,407.3,0.0630365014076233
1701,407.5,0.0156940948218107
1702,408.1,0.0287869591265917
1703,408.3,0.031128067523241
1704,408.5,0.0131795713678002
1705,409.4,0.0139599414542317
1706,411.2,0.0143934795632958
1707,411.4,0.0133529873564839
1708,411.8,0.0133529873564839
1709,412.2,0.0262724347412586
1710,412.5,0.017601665109396
1711,412.7,0.0147403106093407
1712,412.9,0.0272262208163738
1713,413.1,0.163357317447662
1714,413.3,0.312147736549377
1715,413.4,0.0684123784303665
1716,413.6,0.0295673292130232
1717,414.1,0.014046648517251
1718,414.3,0.0804647505283356
1719,414.4,0.0862741693854332
1720,414.7,0.0433538556098938
1721,414.9,1.67276513576508
1722,415.0,10.3603572845459
1723,415.2,88.7763824462891
1724,415.3,11.3346920013428
1725,415.6,0.0624295510351658
1726,415.7,0.0131795713678002
1727,415.9,1.98066413402557
1728,416.1,18.01491355896
1729,416.2,15.3754444122314
1730,416.3,8.58597087860107
1731,416.6,0.281193107366562
1732,416.8,0.318997651338577
1733,417.0,6.70302629470825
1734,417.2,24.848087310791
1735,417.3,7.74906778335571
1736,417.5,0.121304087340832
1737,417.7,0.0754357054829597
1738,417.8,0.0275730509310961
1739,418.0,0.502817988395691
1740,418.2,1.95153033733368
1741,418.3,0.899852573871613
1742,418.5,0.158154860138893
1743,418.7,0.0139599414542317
1744,418.9,0.241654381155968
1745,419.1,2.33729290962219
1746,419.2,3.33772659301758
1747,419.4,0.515217185020447
1748,420.0,0.0566201321780682
1749,420.2,0.228995054960251
1750,420.3,0.179398253560066
1751,420.6,0.0171681270003319
1752,420.8,0.0150004336610436
1753,421.0,0.227954566478729
1754,421.1,0.100580938160419
1755,421.3,0.421572864055634
1756,421.4,0.0447411760687828
1757,421.7,0.0136131104081869
1758,422.2,0.0592213645577431
1759,422.4,0.0272262208163738
1760,422.5,0.0133529873564839
1761,422.7,0.01708141900599
1762,423.0,0.0136131104081869
1763,423.2,0.0446544699370861
1764,423.4,0.0867077112197876
1765,424.0,0.013092864304781
1766,424.3,0.0314748995006084
1767,424.6,0.0274863429367542
1768,426.5,0.0134396944195032
1769,427.1,0.0437873937189579
1770,427.6,0.0131795713678002
1771,428.3,0.0450013019144535
1772,428.6,0.0413595773279667
1773,428.8,0.179745078086853
1774,429.0,9.88649940490723
1775,429.2,81.5452194213867
1776,429.3,17.0913028717041
1777,429.5,0.0744819194078445
1778,429.7,0.0750888735055923
1779,429.9,1.48911821842194
1780,430.1,16.2113075256348
1781,430.2,24.2384452819824
1782,430.4,1.74750709533691
1783,430.6,0.0857539251446724
1784,430.8,0.291077762842178
1785,431.0,5.20567083358765
1786,431.2,24.6241226196289
1787,431.3,8.67822742462158
1788,431.5,0.229515299201012
1789,431.7,0.0405792072415352
1790,432.0,0.659932374954224
1791,432.1,0.862481594085693
1792,432.2,2.2772045135498
1793,432.4,0.318217277526855
1794,432.6,0.130234971642494
1795,432.9,0.956646144390106
1796,433.1,6.74074411392212
1797,433.2,11.3836812973022
1798,433.4,1.33651256561279
1799,433.8,0.0744819194078445
1800,433.9,0.0600884407758713
1801,434.1,0.534726440906525
1802,434.2,1.11904966831207
1803,434.4,0.308939576148987
1804,434.6,0.0141333565115929
1805,435.0,0.105523280799389
1806,435.2,0.298621356487274
1807,435.3,0.161189630627632
1808,435.5,0.0131795713678002
1809,435.7,0.0132662793621421
1810,436.2,0.0269660968333483
1811,436.4,0.0294806212186813
1812,436.9,0.0143934795632958
1813,437.2,0.091389924287796
1814,437.4,0.0583542883396149
1815,437.5,0.0163010489195585
1816,437.9,0.0159542188048363
1817,438.2,0.0443943478167057
1818,438.5,0.0261857286095619
1819,439.2,0.0283534210175276
1820,439.4,0.0423133634030819
1821,440.4,0.0150004336610436
1822,441.2,0.0294806212186813
1823,441.3,0.0133529873564839
1824,441.7,0.013092864304781
1825,442.4,0.0326020978391171
1826,442.8,0.0130061563104391
1827,443.0,0.0132662793621421
1828,443.1,0.0576606243848801
1829,443.3,0.028093297034502
1830,443.5,0.0371976085007191
1831,444.3,0.0151738487184048
1832,444.6,0.0445677638053894
1833,444.8,0.0148270176723599
1834,445.0,0.152952402830124
1835,445.2,0.320211559534073
1836,445.3,0.13309633731842
1837,445.6,0.0281800050288439
1838,445.7,0.0132662793621421
1839,446.0,0.0131795713678002
1840,446.1,0.057227086275816
1841,446.3,0.0157808028161526
1842,446.8,0.0273996349424124
1843,447.0,0.0704933702945709
1844,447.2,0.35966357588768
1845,447.3,0.192057579755783
1846,447.5,0.0135264024138451
1847,447.9,0.0153472647070885
1848,448.1,0.0148270176723599
1849,448.3,0.0279198829084635
1850,448.6,0.013092864304781
1851,449.2,0.057313796132803
1852,449.5,0.0143934795632958
1853,451.4,0.030174283310771
1854,452.3,0.0134396944195032
1855,454.3,0.0277464669197798
1856,454.5,0.0153472647070885
1857,455.1,0.0164744649082422
1858,456.3,0.0133529873564839
1859,457.2,0.0308679435402155
1860,457.4,0.0273996349424124
1861,457.6,0.0267059747129679
1862,458.4,0.0136131104081869
1863,458.7,0.0158675108104944
1864,458.9,0.124945804476738
1865,459.0,0.196739792823792
1866,459.2,0.581461906433105
1867,459.3,0.166652217507362
1868,459.6,0.0132662793621421
1869,459.9,0.0546258576214314
1870,460.0,0.0283534210175276
1871,460.1,0.0675453022122383
1872,460.3,0.0135264024138451
1873,460.5,0.0479493625462055
1874,460.7,0.273389399051666
1875,460.9,2.52111339569092
1876,461.1,11.0239315032959
1877,461.2,8.03676414489746
1878,461.4,0.39460676908493
1879,461.6,0.132402673363686
1880,461.7,0.0192491114139557
1881,461.9,0.246943548321724
1882,462.1,1.14410817623138
1883,462.2,0.789560377597809
1884,462.4,0.128847658634186
1885,462.8,0.0851469710469246
1886,463.0,0.289690464735031
1887,463.1,0.657070994377136
1888,463.3,0.240353763103485
1889,463.8,0.0318217277526855
1890,464.0,0.0138732334598899
1891,464.2,0.0296540353447199
1892,464.4,0.0452614240348339
1893,465.0,0.0130061563104391
1894,465.3,0.0437006838619709
1895,466.2,0.030174283310771
1896,469.5,0.0133529873564839
1897,470.4,0.0136131104081869
1898,471.2,0.0157808028161526
1899,472.6,0.013092864304781
1900,473.0,0.0285268351435661
1901,473.1,0.0769097357988358
1902,473.3,0.0265325587242842
1903,473.5,0.0310413595288992
1904,474.1,0.0262724347412586
1905,474.3,0.0148270176723599
1906,474.6,0.0265325587242842
1907,474.8,0.296193540096283
1908,475.0,5.7004246711731
1909,475.2,31.7187194824219
1910,475.3,13.7155990600586
1911,475.5,0.158761814236641
1912,475.7,0.124512270092964
1913,475.9,0.615624725818634
1914,476.1,5.773606300354
1915,476.2,8.82502365112305
1916,476.4,1.17905139923096
1917,476.5,0.222665399312973
1918,476.8,0.0575739182531834
1919,477.0,0.960894823074341
1920,477.2,3.35012578964233
1921,477.3,1.52449488639832
1922,477.4,0.541316211223602
1923,477.6,0.0187288653105497
1924,477.8,0.0287002511322498
1925,478.1,0.0762160792946815
1926,478.2,0.200381517410278
1927,478.4,0.115668080747128
1928,479.0,0.0848001390695572
1929,479.1,0.341975212097168
1930,479.3,0.145322114229202
1931,479.5,0.0146536026149988
1932,480.3,0.0267059747129679
1933,480.6,0.0143934795632958
1934,480.8,0.0144801875576377
1935,481.0,0.0160409267991781
1936,481.2,0.01708141900599
1937,482.2,0.013786525465548
1938,482.4,0.0300875753164291
1939,483.4,0.0132662793621421
1940,487.2,0.013092864304781
1941,487.8,0.0155206797644496
1942,488.6,0.0575739182531834
1943,488.8,0.341194838285446
1944,489.0,4.88407182693481
1945,489.2,32.6303634643555
1946,489.3,15.1642246246338
1947,489.4,2.71898031234741
1948,489.7,0.110118791460991
1949,489.8,0.120090179145336
1950,490.0,2.06268978118896
1951,490.1,3.89508366584778
1952,490.2,11.1427211761475
1953,490.4,1.90271389484406
1954,490.7,0.115494668483734
1955,490.8,0.057313796132803
1956,491.0,1.12988817691803
1957,491.2,5.72409629821777
1958,491.3,4.15043783187866
1959,491.5,0.176016643643379
1960,491.8,0.0293939132243395
1961,491.9,0.134310245513916
1962,492.2,0.3124078810215
1963,492.3,0.277984917163849
1964,492.6,0.0267059747129679
1965,492.8,0.0594814866781235
1966,493.1,0.511922299861908
1967,493.3,1.07933759689331
1968,493.4,0.222665399312973
1969,493.5,0.0769097357988358
1970,493.8,0.013092864304781
1971,493.9,0.0430937297642231
1972,494.2,0.10821121931076
1973,494.3,0.0430937297642231
1974,494.5,0.0279198829084635
1975,494.8,0.032688807696104
1976,495.0,0.0404925011098385
1977,495.2,0.0724876448512077
1978,495.4,0.127720460295677
1979,495.5,0.0466487482190132
1980,496.3,0.0135264024138451
1981,496.5,0.0152605567127466
1982,497.0,0.0147403106093407
1983,497.3,0.0295673292130232
1984,497.5,0.0149137256667018
1985,498.2,0.01708141900599
1986,498.4,0.0160409267991781
1987,498.6,0.0153472647070885
1988,498.9,0.0133529873564839
1989,499.2,0.0142200645059347
1990,500.3,0.0146536026149988
1991,500.9,0.0269660968333483
1992,501.2,0.028093297034502
1993,501.3,0.0156073877587914
1994,501.4,0.0410994552075863
1995,501.9,0.014566894620657
1996,502.3,0.0283534210175276
1997,502.6,0.0300008673220873
1998,502.8,0.156767532229424
1999,503.0,1.44749844074249
2000,503.2,6.50533246994019
2001,503.3,3.5022976398468
2002,503.4,1.04699552059174
2003,503.6,0.0417931154370308
2004,503.9,0.0294806212186813
2005,504.1,0.576692938804626
2006,504.2,0.741177499294281
2007,504.3,0.558397650718689
2008,504.5,0.086967833340168
2009,505.0,0.163877561688423
2010,505.2,0.611462771892548
2011,505.3,0.370588749647141
2012,505.5,0.0274863429367542
2013,506.2,0.0453481301665306
2014,506.3,0.086794413626194
2015,506.9,0.136564642190933
2016,507.0,0.195612594485283
2017,507.2,1.29185819625854
2018,507.3,0.867770731449127
2019,507.4,0.498049080371857
2020,507.6,0.0422266535460949
2021,507.8,0.014566894620657
2022,508.1,0.119569927453995
2023,508.2,0.199861273169518
2024,508.4,0.114367470145226
2025,508.7,0.0265325587242842
2026,508.9,0.0296540353447199
2027,509.1,0.0183820333331823
2028,509.2,0.0445677638053894
2029,509.4,0.0136131104081869
2030,509.5,0.0431804396212101
2031,510.3,0.0280065890401602
2032,511.3,0.0317350216209888
2033,512.1,0.014046648517251
2034,512.4,0.0268793888390064
2035,514.6,0.0136131104081869
2036,515.3,0.0171681270003319
2037,515.6,0.0150871416553855
2038,516.2,0.0295673292130232
2039,516.7,0.0150871416553855
2040,517.0,0.0260990206152201
2041,517.2,0.0143934795632958
2042,518.1,0.0291337892413139
2043,518.2,0.0136131104081869
2044,518.4,0.0499436408281326
2045,519.3,0.0765629038214684
2046,519.4,0.0461285002529621
2047,519.8,0.0156940948218107
2048,520.3,0.0313014835119247
2049,520.8,0.014046648517251
2050,521.0,0.0921702906489372
2051,521.2,0.190063297748566
2052,521.3,0.0510708391666412
2053,521.5,0.0551461018621922
2054,521.8,0.0287002511322498
2055,522.1,0.0142200645059347
2056,522.4,0.0710136145353317
2057,522.7,0.0267926827073097
2058,523.1,0.0142200645059347
2059,523.3,0.0291337892413139
2060,523.6,0.0131795713678002
2061,524.2,0.0169947110116482
2062,524.6,0.0133529873564839
2063,525.0,0.0133529873564839
2064,528.7,0.0277464669197798
2065,531.2,0.0143934795632958
2066,531.7,0.0131795713678002
2067,532.8,0.0405792072415352
2068,533.1,0.0272262208163738
2069,533.2,0.0760426595807076
2070,533.5,0.0417064093053341
2071,534.2,0.0297407433390617
2072,534.4,0.0283534210175276
2073,534.7,0.0580074563622475
2074,534.9,0.653602719306946
2075,535.1,3.25058531761169
2076,535.2,2.54738569259644
2077,535.3,1.67345881462097
2078,535.5,0.0465620383620262
2079,535.7,0.0547125637531281
2080,536.0,0.296453654766083
2081,536.1,0.5968958735466
2082,536.3,0.37795889377594
2083,536.5,0.0438740998506546
2084,536.8,0.0610422268509865
2085,536.9,0.124685682356358
2086,537.2,0.271048307418823
2087,537.3,0.255007356405258
2088,537.6,0.0294806212186813
2089,537.8,0.0429203137755394
2090,538.2,0.0267059747129679
2091,538.4,0.0475158244371414
2092,538.5,0.013092864304781
2093,538.7,0.0150871416553855
2094,539.3,0.0136998174712062
2095,539.6,0.013092864304781
2096,540.5,0.0290470831096172
2097,541.5,0.0289603751152754
2098,542.8,0.0287002511322498
2099,543.5,0.0151738487184048
2100,545.3,0.013786525465548
2101,546.2,0.014046648517251
2102,547.5,0.028093297034502
2103,548.5,0.0166478808969259
2104,548.7,0.0584409944713116
2105,548.9,0.468655169010162
2106,549.1,5.18763542175293
2107,549.3,14.8238096237183
2108,549.4,3.82857894897461
2109,549.6,0.142894297838211
2110,549.9,0.215555369853973
#"+ Scan (rt: 5.072-55.024 min, 8741 scans) 230221_WL7_2.D "
#Point,X(Thompsons),Y(Counts)
0,50.1,20.1440334320068
1,50.2,25.5763645172119
2,50.4,0.59341037273407
3,50.6,0.0533119775354862
4,50.8,0.240247115492821
5,51.0,11.8466997146606
6,51.2,70.0136108398438
7,51.3,14.7129621505737
8,51.5,0.0658963471651077
9,51.8,0.0612058117985725
10,52.0,2.57030081748962
11,52.2,10.4335889816284
12,52.3,2.83319997787476
13,52.5,0.0181901380419731
14,52.7,0.0172749105840921
15,52.9,0.677382469177246
16,53.1,11.1368265151978
17,53.2,14.6717767715454
18,53.4,0.537352681159973
19,53.6,0.0171605087816715
20,53.9,0.269763171672821
21,54.1,5.27479696273804
22,54.2,6.87427091598511
23,54.4,0.545589745044708
24,54.6,0.0205926094204187
25,54.8,0.0371811017394066
26,55.0,7.8834228515625
27,55.2,188.136489868164
28,55.3,39.0615501403809
29,55.5,0.0705868899822235
30,55.8,0.0348930321633816
31,56.0,4.71067380905151
32,56.2,105.431411743164
33,56.3,27.6793270111084
34,56.5,0.127102166414261
35,56.9,0.23166686296463
36,57.1,56.0787086486816
37,57.2,369.625091552734
38,57.4,1.67955613136292
39,57.6,0.0197917856276035
40,57.8,0.0295160729438066
41,58.0,0.970827162265778
42,58.2,5.05708742141724
43,58.3,1.87758839130402
44,58.6,0.0382107309997082
45,59.0,1.06543874740601
46,59.1,2.21004462242126
47,59.2,2.70998740196228
48,59.4,0.156732633709908
49,59.8,0.0176181215792894
50,60.0,3.53952646255493
51,60.2,12.6892805099487
52,60.3,1.55382680892944
53,60.5,0.0194485764950514
54,60.9,0.176524430513382
55,61.1,0.72966480255127
56,61.2,0.395721316337585
57,61.9,0.134767189621925
58,62.1,0.468024253845215
59,62.2,0.53460705280304
60,62.4,0.0176181215792894
61,62.9,0.818785011768341
62,63.1,10.5147008895874
63,63.2,10.6675434112549
64,63.4,0.78686648607254
65,63.7,0.100560575723648
66,63.9,5.62372732162476
67,64.1,144.631729125977
68,64.2,34.9818115234375
69,64.4,0.175265982747078
70,64.8,0.134309574961662
71,65.0,8.61057090759277
72,65.2,37.6612510681152
73,65.3,7.66182374954224
74,65.5,0.0767646729946136
75,65.9,0.524310708045959
76,66.1,5.08706092834473
77,66.2,4.4483470916748
78,66.4,0.192884102463722
79,66.8,0.0783663168549538
80,67.0,7.3384051322937
81,67.2,51.69580078125
82,67.3,10.8497886657715
83,67.4,1.08465850353241
84,67.8,0.0383251346647739
85,68.0,1.62269759178162
86,68.2,9.11417484283447
87,68.3,3.17984223365784
88,68.6,0.151698887348175
89,68.8,0.114975400269032
90,69.0,10.3212442398071
91,69.2,95.6755523681641
92,69.3,26.4353046417236
93,69.5,0.22171376645565
94,69.8,0.0949548110365868
95,69.9,0.52167946100235
96,70.1,29.9209480285645
97,70.2,69.185905456543
98,70.4,2.7524311542511
99,70.6,0.10159020870924
100,70.9,0.433131217956543
101,71.1,46.371467590332
102,71.2,163.833541870117
103,71.4,2.63825654983521
104,71.8,0.0220798533409834
105,72.0,0.268847972154617
106,72.2,0.843496143817902
107,72.3,0.255348354578018
108,72.5,0.0219654496759176
109,72.7,0.101704612374306
110,72.9,1.65656101703644
111,73.1,134.732986450195
112,73.2,382.5556640625
113,73.4,1.05331194400787
114,73.8,0.0796247571706772
115,74.0,6.12572908401489
116,74.2,30.5249977111816
117,74.3,5.46253299713135
118,74.4,0.613888561725616
119,74.6,0.0402699932456017
120,74.9,1.46722340583801
121,75.1,35.0576591491699
122,75.2,32.543872833252
123,75.4,0.589978277683258
124,75.5,0.115318611264229
125,75.7,0.0172749105840921
126,75.9,1.29538953304291
127,76.1,14.161994934082
128,76.2,13.7369861602783
129,76.4,0.759981691837311
130,76.7,0.092209130525589
131,76.9,3.13991522789001
132,77.1,160.063034057617
133,77.2,160.199859619141
134,77.4,0.556915700435638
135,77.6,0.165656104683876
136,77.8,0.170232236385345
137,78.0,24.4093360900879
138,78.2,178.434158325195
139,78.3,32.6022186279297
140,78.5,0.166685730218887
141,78.7,0.0513671189546585
142,79.0,50.1627960205078
143,79.1,659.664367675781
144,79.3,5.53311967849731
145,79.8,0.212675899267197
146,80.0,7.68401765823364
147,80.2,20.9967975616455
148,80.3,4.36529016494751
149,80.5,0.0713877156376839
150,80.7,0.126873359084129
151,81.0,59.489875793457
152,81.1,621.542358398438
153,81.3,5.74236345291138
154,81.7,0.0202494002878666
155,81.9,1.80928957462311
156,82.1,21.6125164031982
157,82.2,25.6116008758545
158,82.4,0.865804851055145
159,82.7,0.0673835948109627
160,82.9,1.46653699874878
161,83.1,28.6817302703857
162,83.2,51.6124000549316
163,83.4,2.2725088596344
164,83.6,0.0447317250072956
165,83.9,0.260610908269882
166,84.1,15.3273077011108
167,84.2,32.246883392334
168,84.4,1.83617436885834
169,84.8,0.694428563117981
170,84.9,5.66662836074829
171,85.1,116.053314208984
172,85.2,154.669494628906
173,85.4,2.88479590415955
174,85.7,0.0369522944092751
175,85.9,0.0590321458876133
176,86.1,0.563436686992645
177,86.2,1.0732182264328
178,86.4,0.102963045239449
179,86.7,0.0177325252443552
180,86.9,0.261411726474762
181,87.1,1.48186707496643
182,87.2,0.973115205764771
183,87.4,0.129619032144547
184,87.6,0.0470197908580303
185,87.9,0.0184189453721046
186,88.0,0.172177091240883
187,88.2,0.138084888458252
188,88.4,0.0386683456599712
189,88.8,0.0771078839898109
190,89.0,2.27388167381287
191,89.1,4.20455312728882
192,89.3,1.09175145626068
193,89.5,0.0172749105840921
194,90.0,0.0745910108089447
195,90.1,0.209701403975487
196,90.3,0.0811119973659515
197,90.5,0.0886626243591309
198,90.8,0.241619944572449
199,91.0,20.5482215881348
200,91.2,228.268051147461
201,91.3,30.5849437713623
202,91.5,0.0394691675901413
203,91.8,0.0556000471115112
204,92.0,5.45944404602051
205,92.2,41.6712036132813
206,92.3,8.37833213806152
207,92.5,0.045875757932663
208,92.9,0.211417451500893
209,93.1,2.38325142860413
210,93.2,2.58231329917908
211,93.4,0.324104785919189
212,93.7,0.0353506468236446
213,93.9,0.868779301643372
214,94.1,13.2915000915527
215,94.2,13.8126068115234
216,94.4,0.33565953373909
217,94.8,0.0695572569966316
218,94.9,0.300194472074509
219,95.1,6.7238302230835
220,95.2,9.91579914093018
221,95.4,1.1497540473938
222,95.7,0.263814210891724
223,95.9,7.02642726898193
224,96.1,97.9623641967773
225,96.2,84.9313583374023
226,96.4,2.32536315917969
227,96.5,0.672005474567413
228,96.8,1.82484841346741
229,97.0,11.2870378494263
230,97.2,36.8186721801758
231,97.3,12.4464015960693
232,97.5,0.245052054524422
233,97.7,0.0175037179142237
234,97.9,0.408076882362366
235,98.1,7.38771295547485
236,98.2,14.4096784591675
237,98.4,1.10239100456238
238,98.6,0.0442741103470325
239,98.7,0.0171605087816715
240,98.9,0.209701403975487
241,99.1,3.86557602882385
242,99.2,9.17824077606201
243,99.4,0.700377523899078
244,100.2,0.136826455593109
245,100.4,0.0592609532177448
246,101.0,0.0523967519402504
247,101.3,0.0541128031909466
248,101.6,0.0172749105840921
249,101.7,0.0533119775354862
250,102.0,1.23189568519592
251,102.1,1.83583116531372
252,102.2,2.50566291809082
253,102.4,0.136483237147331
254,102.9,2.45269417762756
255,103.1,42.5506248474121
256,103.2,37.0803108215332
257,103.4,0.540899217128754
258,103.5,0.204324454069138
259,103.8,0.297448813915253
260,104.0,7.18727827072144
261,104.2,38.7629547119141
262,104.3,7.07676458358765
263,104.5,0.0208214167505503
264,104.8,0.481180638074875
265,105.0,28.9684238433838
266,105.2,123.708618164063
267,105.3,19.3074016571045
268,105.5,0.114517793059349
269,105.8,0.0628074556589127
270,105.9,0.368493318557739
271,106.1,11.9599590301514
272,106.2,15.9445142745972
273,106.4,0.68264502286911
274,106.9,0.322846353054047
275,107.1,1.60370671749115
276,107.2,1.47786295413971
277,107.4,0.200320333242416
278,108.0,0.0535407848656178
279,108.1,0.217366427183151
280,108.4,0.149296417832375
281,108.8,0.0176181215792894
282,109.0,0.497997939586639
283,109.2,1.34481179714203
284,109.3,0.754833519458771
285,109.5,0.0217366442084312
286,110.1,0.541471242904663
287,110.2,0.397894978523254
288,110.5,0.115661822259426
289,110.8,0.0201349966228008
290,111.0,0.582885265350342
291,111.2,6.17126178741455
292,111.3,3.3682644367218
293,111.5,0.0408420078456402
294,112.0,0.716508388519287
295,112.2,5.43050003051758
296,112.3,2.31312203407288
297,112.5,0.079739160835743
298,112.9,0.0983869135379791
299,113.1,1.02528309822083
300,113.3,1.44663083553314
301,113.4,0.313007652759552
302,113.8,0.0171605087816715
303,114.2,0.541585624217987
304,114.3,0.275826573371887
305,114.7,0.0371811017394066
306,114.9,0.707584917545319
307,115.1,8.71261882781982
308,115.2,6.49696826934814
309,115.4,0.320215076208115
310,115.8,0.0398123785853386
311,116.0,0.155703008174896
312,116.2,0.209701403975487
313,116.3,0.0604049861431122
314,116.6,0.0194485764950514
315,116.8,0.0748198181390762
316,117.0,1.77588379383087
317,117.2,5.48015117645264
318,117.3,1.8146665096283
319,117.9,0.214163139462471
320,118.1,2.20535397529602
321,118.2,2.11051368713379
322,118.4,0.233382910490036
323,118.8,0.133737564086914
324,119.0,6.80459880828857
325,119.2,19.1576480865479
326,119.3,2.99942803382874
327,119.6,0.0369522944092751
328,120.0,0.484727144241333
329,120.2,2.5781946182251
330,120.3,0.738245069980621
331,120.4,0.260725319385529
332,120.6,0.0368378907442093
333,120.8,0.117263473570347
334,120.9,1.19894742965698
335,121.1,13.1446056365967
336,121.2,10.4588718414307
337,121.4,0.170003429055214
338,121.6,0.0185333490371704
339,121.8,0.217023223638535
340,122.0,7.65187072753906
341,122.2,19.7700500488281
342,122.3,3.53552222251892
343,123.0,0.627388179302216
344,123.2,1.8616863489151
345,123.3,0.193341717123985
346,123.4,0.155588611960411
347,123.9,0.0700148716568947
348,124.2,0.1362544298172
349,124.9,0.219196885824203
350,125.1,1.98604273796082
351,125.2,2.04358768463135
352,125.4,0.219196885824203
353,125.7,0.0973572805523872
354,125.8,0.0216222405433655
355,126.0,1.65999317169189
356,126.2,5.54078483581543
357,126.3,2.32547760009766
358,126.5,0.115776225924492
359,126.8,0.0777943059802055
360,127.0,2.67589521408081
361,127.2,10.6763525009155
362,127.3,3.07344698905945
363,127.9,0.688136339187622
364,128.1,50.4871292114258
365,128.2,88.9974822998047
366,128.4,0.802310943603516
367,128.7,0.0191053654998541
368,129.0,2.88182139396667
369,129.2,8.6474084854126
370,129.3,2.24242067337036
371,130.0,0.0735613778233528
372,130.2,0.196773827075958
373,130.3,0.0732181668281555
374,130.8,0.0539983995258808
375,131.0,1.21484959125519
376,131.2,3.55611491203308
377,131.3,1.14597868919373
378,131.9,0.0909506902098656
379,132.1,0.542386472225189
380,132.2,0.274224907159805
381,132.3,0.168744996190071
382,132.6,0.0407276041805744
383,132.8,0.507607817649841
384,133.0,30.1997489929199
385,133.1,101.689849853516
386,133.3,6.41288185119629
387,133.5,0.0491934567689896
388,133.7,0.0749342143535614
389,133.9,1.50543415546417
390,134.1,7.47957897186279
391,134.2,5.57510566711426
392,134.4,0.303054571151733
393,134.5,0.055714450776577
394,134.8,0.212447091937065
395,135.0,14.2031803131104
396,135.2,117.225601196289
397,135.3,13.6556453704834
398,135.6,0.0402699932456017
399,136.0,2.25912356376648
400,136.2,6.13282251358032
401,136.3,2.22240018844604
402,136.5,0.0433588847517967
403,136.7,0.160050332546234
404,136.9,5.88880014419556
405,137.1,66.2084426879883
406,137.2,37.0789375305176
407,137.4,0.364717990159988
408,137.7,0.0358082614839077
409,138.0,0.453609436750412
410,138.2,1.19288408756256
411,138.3,0.412081003189087
412,138.7,0.0547992214560509
413,138.9,2.22937870025635
414,139.1,22.8920040130615
415,139.2,16.3977813720703
416,139.4,0.388742715120316
417,139.8,0.0180757343769073
418,140.0,0.153529345989227
419,140.2,0.628303408622742
420,140.3,0.0632650703191757
421,140.4,0.104564696550369
422,140.6,0.0187621545046568
423,140.9,0.16851618885994
424,141.1,0.856881380081177
425,141.2,1.20890057086945
426,141.4,0.117606684565544
427,141.8,0.03466422483325
428,142.0,0.194256946444511
429,142.2,1.66914546489716
430,142.3,1.52488279342651
431,142.5,0.146093130111694
432,143.0,0.0556000471115112
433,143.2,0.187163934111595
434,143.3,0.116005033254623
435,143.6,0.0188765581697226
436,144.1,0.0582313239574432
437,144.3,0.0732181668281555
438,144.9,0.195286586880684
439,145.1,2.25683569908142
440,145.2,1.20489645004272
441,145.3,0.658048272132874
442,145.5,0.024482324719429
443,146.0,0.133966371417046
444,146.2,0.170346647500992
445,146.4,0.0910650938749313
446,146.6,0.0207070130854845
447,146.8,0.21633680164814
448,147.0,13.6517562866211
449,147.2,150.371704101563
450,147.3,12.0352363586426
451,147.9,0.815924942493439
452,148.1,10.5976428985596
453,148.2,10.2198829650879
454,148.4,0.332913845777512
455,148.5,0.0566296763718128
456,148.8,0.386912256479263
457,149.0,26.2100448608398
458,149.1,112.543304443359
459,149.3,6.16027927398682
460,149.4,0.23246768116951
461,149.9,0.346871078014374
462,150.1,1.59295272827148
463,150.2,1.31369411945343
464,150.4,0.0975860878825188
465,150.8,0.264615029096603
466,151.0,5.4852991104126
467,151.2,16.5213356018066
468,151.3,2.74922776222229
469,151.5,0.0454181432723999
470,151.8,0.142889827489853
471,152.0,1.02207982540131
472,152.2,2.72737669944763
473,152.3,0.9159135222435
474,152.6,0.0379819236695766
475,152.8,0.931701183319092
476,153.0,23.4896469116211
477,153.1,62.9902763366699
478,153.3,6.58036851882935
479,153.7,0.0180757343769073
480,153.9,0.664798080921173
481,154.1,9.43130111694336
482,154.2,10.1503257751465
483,154.4,0.523166656494141
484,154.6,0.0185333490371704
485,154.8,0.935362100601196
486,155.0,25.1539878845215
487,155.1,52.047248840332
488,155.3,5.77634143829346
489,155.5,0.0360370650887489
490,155.7,0.0226518698036671
491,155.9,0.314037293195724
492,156.1,1.59569847583771
493,156.2,1.4370208978653
494,156.3,1.30465626716614
495,156.5,0.174579560756683
496,156.8,0.110628075897694
497,156.9,0.290126979351044
498,157.2,0.459215193986893
499,157.4,0.110856883227825
500,157.5,0.0189909618347883
501,157.9,0.112458527088165
502,158.1,0.261411726474762
503,158.2,0.252259463071823
504,158.4,0.017846928909421
505,158.8,0.0210502222180367
506,159.0,0.235556572675705
507,159.1,0.792472243309021
508,159.4,0.237158223986626
509,159.9,0.0347786284983158
510,160.1,0.0820272266864777
511,160.4,0.075620636343956
512,160.6,0.0359226651489735
513,160.9,0.362315535545349
514,161.1,1.31884229183197
515,161.2,0.845326602458954
516,161.4,0.0395835712552071
517,161.8,0.0234526935964823
518,162.0,0.118178695440292
519,162.1,0.363802760839462
520,162.3,0.0351218394935131
521,162.6,0.0355794541537762
522,162.8,0.656675457954407
523,163.0,12.2111883163452
524,163.1,16.2123317718506
525,163.3,1.44857573509216
526,163.6,0.0382107309997082
527,163.8,0.0173893142491579
528,164.0,0.0732181668281555
529,164.2,0.211074247956276
530,164.3,0.11554741859436
531,164.5,0.0196773819625378
532,164.7,0.0359226651489735
533,164.9,0.6955726146698
534,165.1,3.99519515037537
535,165.2,2.89463448524475
536,165.4,0.193570524454117
537,165.6,0.0376387126743793
538,165.8,0.583571672439575
539,166.0,11.6551885604858
540,166.2,26.8099765777588
541,166.3,3.33806204795837
542,166.8,0.0382107309997082
543,167.0,0.240475922822952
544,167.1,0.919574439525604
545,167.3,0.237043812870979
546,167.4,0.0829424560070038
547,167.8,0.0197917856276035
548,168.0,0.466994613409042
549,168.1,0.680585741996765
550,168.3,0.168744996190071
551,168.4,0.090721882879734
552,168.7,0.0467909835278988
553,169.0,0.0956412330269814
554,169.2,0.0950692147016525
555,169.3,0.0787095278501511
556,169.4,0.0617778301239014
557,169.6,0.0180757343769073
558,169.8,0.0173893142491579
559,170.0,0.0715021193027496
560,170.2,0.157647863030434
561,170.3,0.41951721906662
562,170.8,0.0188765581697226
563,171.0,0.039125956594944
564,171.2,0.16554169356823
565,171.3,0.0191053654998541
566,171.4,0.0600617788732052
567,171.9,0.0197917856276035
568,172.1,0.0361514687538147
569,172.9,0.0380963273346424
570,173.0,0.128131791949272
571,173.2,0.16096556186676
572,173.7,0.0175037179142237
573,174.1,0.036494679749012
574,174.2,0.100217364728451
575,175.0,0.15238530933857
576,175.1,0.337833195924759
577,175.3,0.0358082614839077
578,175.4,0.0946116000413895
579,175.6,0.0177325252443552
580,176.0,0.531174898147583
581,176.1,0.306143462657928
582,176.2,0.532776594161987
583,176.4,0.06315066665411
584,176.6,0.0393547639250755
585,176.8,0.406818449497223
586,176.9,2.46676588058472
587,177.1,17.9155712127686
588,177.2,5.76570177078247
589,177.4,0.0172749105840921
590,177.9,0.457613557577133
591,178.1,1.76879072189331
592,178.2,1.07493424415588
593,178.4,0.0591465495526791
594,178.8,0.151355683803558
595,179.0,3.00960993766785
596,179.1,5.81809854507446
597,179.3,1.02093577384949
598,179.5,0.080196775496006
599,179.9,0.118865117430687
600,180.1,0.506235003471375
601,180.2,0.173549935221672
602,180.3,0.114975400269032
603,180.5,0.0186477527022362
604,181.0,0.48507034778595
605,181.1,0.50875186920166
606,181.4,0.207642152905464
607,181.6,0.0172749105840921
608,181.8,0.0201349966228008
609,182.0,0.0257407613098621
610,182.2,0.135796815156937
611,182.4,0.0173893142491579
612,182.8,0.017846928909421
613,182.9,0.155817419290543
614,183.1,0.137169659137726
615,183.4,0.0429012700915337
616,183.7,0.0396979749202728
617,184.0,0.0185333490371704
618,184.1,0.157876670360565
619,184.4,0.0549136251211166
620,185.0,0.0932387635111809
621,185.1,0.0388971529901028
622,185.2,0.168744996190071
623,185.8,0.0203638020902872
624,186.1,0.0376387126743793
625,186.3,0.0361514687538147
626,186.9,0.0556000471115112
627,187.2,0.0927811488509178
628,188.0,0.0250543411821127
629,188.7,0.0207070130854845
630,189.0,0.338634014129639
631,189.1,0.254547536373138
632,189.2,0.588491022586823
633,189.9,0.0632650703191757
634,190.3,0.0359226651489735
635,190.7,0.0176181215792894
636,190.9,6.69614458084106
637,191.1,98.6313934326172
638,191.2,29.9512634277344
639,191.4,0.114517793059349
640,191.8,0.139114513993263
641,192.0,4.90664672851563
642,192.2,11.3319988250732
643,192.3,2.05068063735962
644,192.6,0.0380963273346424
645,192.8,1.05182468891144
646,193.0,45.0790519714355
647,193.1,204.61994934082
648,193.3,9.06372261047363
649,193.5,0.053426381200552
650,193.9,1.16222405433655
651,194.1,12.6661710739136
652,194.2,9.52648448944092
653,194.4,0.105823129415512
654,194.6,0.0369522944092751
655,194.9,1.36220109462738
656,195.1,9.57155895233154
657,195.2,7.22789144515991
658,195.4,0.0752774253487587
659,195.8,0.0172749105840921
660,196.0,0.16714334487915
661,196.2,0.255119562149048
662,196.4,0.0177325252443552
663,196.7,0.0363802760839462
664,196.9,0.370781362056732
665,197.1,3.66113710403442
666,197.2,1.90607476234436
667,197.3,0.814437687397003
668,198.0,0.0959844440221786
669,198.1,0.240361511707306
670,198.4,0.0574304983019829
671,198.7,0.0177325252443552
672,199.1,0.0367234870791435
673,199.2,0.148152381181717
674,199.4,0.0193341728299856
675,200.1,0.0176181215792894
676,200.2,0.0568584837019444
677,200.5,0.0175037179142237
678,200.7,0.0173893142491579
679,200.9,0.0173893142491579
680,201.1,0.0558288507163525
681,201.3,0.0363802760839462
682,202.0,0.0788239315152168
683,202.2,0.075620636343956
684,202.8,0.0181901380419731
685,203.0,0.269763171672821
686,203.1,0.604850709438324
687,203.3,0.104335889220238
688,203.9,0.0530831702053547
689,204.2,0.0800823718309402
690,204.8,0.0959844440221786
691,205.0,1.52339553833008
692,205.2,2.81031918525696
693,205.3,0.557258903980255
694,206.0,0.140144154429436
695,206.1,0.227777138352394
696,206.6,0.0371811017394066
697,206.8,0.472485989332199
698,207.0,36.1124572753906
699,207.1,1449.45886230469
700,207.3,8.64580726623535
701,207.9,3.22068405151367
702,208.1,180.623275756836
703,208.2,117.322959899902
704,208.4,0.365175604820251
705,208.7,0.106166340410709
706,208.9,5.47694778442383
707,209.1,124.281433105469
708,209.2,83.2371597290039
709,209.4,0.276741802692413
710,209.9,0.814323306083679
711,210.1,8.09461116790771
712,210.2,6.37501430511475
713,210.4,0.262670189142227
714,210.7,0.182816609740257
715,210.9,6.65564584732056
716,211.1,108.17537689209
717,211.2,67.1615371704102
718,211.4,0.462876111268997
719,211.6,0.0645235106348991
720,211.9,0.521450638771057
721,212.1,4.05079507827759
722,212.2,3.4574990272522
723,212.4,0.215993598103523
724,212.6,0.0581169202923775
725,212.9,3.74190592765808
726,213.0,14.1599359512329
727,213.2,60.9281539916992
728,213.3,7.94371366500854
729,213.5,0.060977004468441
730,214.0,0.58723258972168
731,214.1,0.468138664960861
732,214.2,0.828852534294128
733,214.4,0.0218510460108519
734,214.6,0.0600617788732052
735,214.8,0.773023664951324
736,215.0,31.3877124786377
737,215.2,100.547187805176
738,215.3,11.3724975585938
739,215.5,0.0177325252443552
740,215.9,0.104107081890106
741,216.1,0.880219638347626
742,216.2,0.939023017883301
743,216.4,0.0747054144740105
744,216.9,0.0363802760839462
745,217.1,0.287495702505112
746,217.3,0.182130187749863
747,218.2,0.0396979749202728
748,218.7,0.017846928909421
749,218.9,0.0394691675901413
750,219.1,0.185333490371704
751,219.2,0.140487357974052
752,219.3,0.110742479562759
753,219.6,0.0179613325744867
754,220.0,0.0578881129622459
755,220.1,0.056057658046484
756,220.3,0.0777943059802055
757,220.6,0.0212790295481682
758,220.8,0.0893490463495255
759,221.0,7.58471584320068
760,221.2,94.8773574829102
761,221.3,13.3651752471924
762,221.5,0.055714450776577
763,221.8,0.0624642483890057
764,222.0,2.13842821121216
765,222.2,12.0184192657471
766,222.3,3.53929758071899
767,222.5,0.0445029176771641
768,222.8,0.12469968944788
769,223.0,3.26026773452759
770,223.2,13.021050453186
771,223.3,2.55314040184021
772,223.8,0.0781375095248222
773,224.0,0.0421004444360733
774,224.2,0.109941653907299
775,224.3,0.275140136480331
776,224.6,0.0393547639250755
777,224.8,0.202837198972702
778,225.0,12.6210956573486
779,225.2,74.7225723266602
780,225.3,6.22423076629639
781,225.9,0.36792129278183
782,226.1,4.52900123596191
783,226.2,3.97746253013611
784,226.4,0.15856309235096
785,226.8,0.103535063564777
786,227.0,2.27971625328064
787,227.1,3.16805863380432
788,227.2,3.83949208259583
789,227.4,0.104793503880501
790,228.1,0.156732633709908
791,228.2,0.239675089716911
792,228.4,0.0947260037064552
793,228.8,0.0408420078456402
794,229.0,0.708500146865845
795,229.1,1.04942226409912
796,229.2,1.33703231811523
797,229.4,0.0614346191287041
798,229.9,0.43267360329628
799,230.0,1.36311638355255
800,230.2,6.33508729934692
801,230.3,2.48335433006287
802,230.8,0.0408420078456402
803,231.0,0.163825646042824
804,231.2,0.279716283082962
805,231.3,0.102619834244251
806,232.5,0.0210502222180367
807,233.0,0.0231094844639301
808,233.2,0.0367234870791435
809,233.3,0.0735613778233528
810,234.8,0.0362658724188805
811,235.0,0.0908362865447998
812,235.2,0.238759860396385
813,235.3,0.0554856434464455
814,236.0,0.0437020920217037
815,236.2,0.0715021193027496
816,236.4,0.0185333490371704
817,237.0,0.190481632947922
818,237.1,0.331197798252106
819,237.3,0.151126876473427
820,237.9,0.0390115529298782
821,238.9,0.0194485764950514
822,239.1,0.0406132005155087
823,239.2,0.110971286892891
824,240.3,0.0173893142491579
825,240.5,0.017846928909421
826,241.1,0.0720741301774979
827,241.5,0.0358082614839077
828,242.0,0.0521679446101189
829,243.1,0.0395835712552071
830,244.3,0.0171605087816715
831,245.2,0.0183045417070389
832,245.8,0.0215078368782997
833,246.3,0.0218510460108519
834,246.9,0.0194485764950514
835,247.3,0.0771078839898109
836,247.4,0.0175037179142237
837,248.0,0.0593753568828106
838,248.2,0.0592609532177448
839,248.7,0.0177325252443552
840,248.9,2.04701972007751
841,249.1,10.6328792572021
842,249.2,3.0859169960022
843,249.4,0.0407276041805744
844,249.7,0.0201349966228008
845,249.9,0.181786984205246
846,250.1,0.685733914375305
847,250.2,0.45257979631424
848,250.4,0.0181901380419731
849,250.6,0.0179613325744867
850,250.8,0.148381188511848
851,251.0,5.74053335189819
852,251.1,8.91911697387695
853,251.3,0.459329605102539
854,251.4,0.0430156737565994
855,251.9,0.174579560756683
856,252.1,0.474774062633514
857,252.2,0.393890857696533
858,252.4,0.0449605323374271
859,252.8,0.327422499656677
860,253.0,6.12515735626221
861,253.1,15.1398010253906
862,253.3,0.788239359855652
863,253.8,0.0591465495526791
864,254.0,0.753231883049011
865,254.2,1.40338635444641
866,254.3,0.137055262923241
867,254.7,0.0215078368782997
868,254.9,0.214506343007088
869,255.0,0.506235003471375
870,255.1,1.36014187335968
871,255.3,0.161880791187286
872,256.0,0.0175037179142237
873,256.3,0.0200205929577351
874,256.6,0.0223086606711149
875,257.0,0.0390115529298782
876,257.2,0.0175037179142237
877,258.0,0.0203638020902872
878,259.0,0.0172749105840921
879,259.1,0.0442741103470325
880,260.1,0.0184189453721046
881,261.2,0.0183045417070389
882,263.2,0.0578881129622459
883,264.4,0.0554856434464455
884,264.8,0.137169659137726
885,265.0,7.73504161834717
886,265.1,17.4839267730713
887,265.3,1.48850250244141
888,265.5,0.0423292517662048
889,265.9,0.173664346337318
890,266.1,1.13305115699768
891,266.2,0.870152175426483
892,266.4,0.0186477527022362
893,266.7,0.193684935569763
894,266.9,5.72714805603027
895,267.1,75.482666015625
896,267.2,24.3134651184082
897,267.4,0.0973572805523872
898,267.8,0.17091865837574
899,268.0,4.66811561584473
900,268.1,4.83514451980591
901,268.2,4.53369188308716
902,268.4,0.181100562214851
903,268.8,0.267246305942535
904,269.0,8.10856914520264
905,269.1,9.92140483856201
906,269.2,9.79373073577881
907,269.4,0.127559781074524
908,269.8,0.0354650504887104
909,270.0,0.204438850283623
910,270.1,0.462647289037704
911,270.3,0.193341717123985
912,270.8,0.18945200741291
913,271.0,2.62773132324219
914,271.1,5.01704597473145
915,271.3,0.815009713172913
916,271.4,0.113373756408691
917,272.1,0.132135912775993
918,272.9,0.0747054144740105
919,273.1,0.173092320561409
920,273.3,0.0522823482751846
921,274.2,0.0562864653766155
922,274.3,0.0205926094204187
923,276.2,0.0172749105840921
924,277.7,0.0171605087816715
925,278.8,0.0194485764950514
926,279.0,0.129847839474678
927,279.2,0.366434037685394
928,279.3,0.114403389394283
929,280.1,0.0424436554312706
930,280.3,0.0443885140120983
931,280.8,0.936162889003754
932,281.0,48.5080642700195
933,281.2,605.065551757813
934,281.3,13.0933532714844
935,281.6,0.0407276041805744
936,281.8,0.417343556880951
937,282.0,18.2284641265869
938,282.2,128.654266357422
939,282.3,7.85699558258057
940,282.6,0.0765358656644821
941,282.8,0.274568140506744
942,283.0,13.8003664016724
943,283.2,107.987190246582
944,283.3,7.18510484695435
945,283.5,0.0438164956867695
946,283.9,0.557716488838196
947,284.1,7.81146335601807
948,284.2,8.06212139129639
949,284.4,0.531518161296844
950,284.7,0.199176296591759
951,284.9,4.6893949508667
952,285.1,47.070930480957
953,285.2,30.266902923584
954,285.4,0.215078368782997
955,285.8,0.0750486180186272
956,286.0,1.2590092420578
957,286.2,3.16977453231812
958,286.3,0.713877141475677
959,286.5,0.0201349966228008
960,286.7,0.0792815461754799
961,286.9,1.0871753692627
962,287.1,7.98032283782959
963,287.2,7.56789827346802
964,287.4,0.136712044477463
965,288.0,0.075620636343956
966,288.2,0.190024018287659
967,288.3,0.0827136486768723
968,288.4,0.0977004915475845
969,288.8,0.0383251346647739
970,289.0,1.44125390052795
971,289.1,1.64512073993683
972,289.2,1.8489875793457
973,289.4,0.119665943086147
974,290.0,0.0175037179142237
975,290.2,0.0768790766596794
976,290.3,0.0441597066819668
977,291.0,0.0217366442084312
978,291.2,0.0553712397813797
979,291.4,0.0183045417070389
980,292.0,0.0200205929577351
981,292.2,0.0184189453721046
982,292.4,0.0546848177909851
983,292.8,0.0629218593239784
984,293.0,0.0171605087816715
985,293.2,0.0784807205200195
986,293.9,0.0350074358284473
987,294.2,0.0186477527022362
988,294.8,0.0735613778233528
989,295.0,1.89989697933197
990,295.2,7.24825525283813
991,295.3,2.40784811973572
992,295.4,0.329596161842346
993,295.9,0.0558288507163525
994,296.0,0.166456922888756
995,296.2,0.656217813491821
996,296.3,0.243679210543633
997,296.5,0.0177325252443552
998,297.0,0.336689174175262
999,297.2,1.04496049880981
1000,297.3,0.251344233751297
1001,298.2,0.0564008690416813
1002,298.3,0.0199061892926693
1003,298.6,0.060977004468441
1004,298.9,1.36666285991669
1005,299.1,17.1338520050049
1006,299.2,13.5177898406982
1007,299.3,4.62784576416016
1008,299.5,0.0186477527022362
1009,299.7,0.0181901380419731
1010,299.9,0.0641802996397018
1011,300.1,1.53323423862457
1012,300.2,1.07550621032715
1013,300.3,0.823246777057648
1014,300.5,0.0382107309997082
1015,300.9,0.0565152727067471
1016,301.1,1.02253746986389
1017,301.2,0.584715723991394
1018,301.3,0.309918761253357
1019,301.5,0.0201349966228008
1020,302.0,0.0171605087816715
1021,302.2,0.0546848177909851
1022,302.3,0.020478205755353
1023,303.1,0.038782749325037
1024,303.3,0.0610914081335068
1025,303.9,0.0185333490371704
1026,305.0,0.0172749105840921
1027,305.9,0.0172749105840921
1028,308.6,0.0386683456599712
1029,309.0,0.0181901380419731
1030,309.2,0.0216222405433655
1031,310.9,0.0185333490371704
1032,311.1,0.213476717472076
1033,311.3,0.0733325704932213
1034,311.5,0.0199061892926693
1035,313.0,0.0872897803783417
1036,313.1,0.132021501660347
1037,313.3,0.0200205929577351
1038,314.2,0.0378675200045109
1039,315.0,0.0203638020902872
1040,315.1,0.0950692147016525
1041,316.2,0.017846928909421
1042,317.7,0.0219654496759176
1043,320.1,0.0176181215792894
1044,320.4,0.0175037179142237
1045,322.4,0.0194485764950514
1046,323.0,0.0558288507163525
1047,323.2,0.0978148952126503
1048,324.6,0.0379819236695766
1049,324.7,0.0173893142491579
1050,324.9,1.24207758903503
1051,325.1,5.89509201049805
1052,325.2,2.79350185394287
1053,325.4,0.0835144743323326
1054,325.6,0.0194485764950514
1055,326.1,0.321130305528641
1056,326.3,0.21873927116394
1057,326.5,0.020935820415616
1058,326.7,0.0800823718309402
1059,326.9,4.83937788009644
1060,327.1,23.5514240264893
1061,327.2,9.55702972412109
1062,327.4,0.0996453464031219
1063,327.7,0.0250543411821127
1064,327.9,0.307973921298981
1065,328.1,2.52179384231567
1066,328.2,1.41814434528351
1067,328.4,0.0733325704932213
1068,328.9,0.320787101984024
1069,329.1,1.41825878620148
1070,329.2,0.960645258426666
1071,329.4,0.0171605087816715
1072,329.8,0.0237959045916796
1073,330.0,0.0183045417070389
1074,330.2,0.036494679749012
1075,330.8,0.0207070130854845
1076,331.0,0.796819567680359
1077,331.2,2.64100217819214
1078,331.3,0.139572128653526
1079,331.9,0.0668115764856339
1080,332.2,0.420775651931763
1081,332.3,0.0648667216300964
1082,333.2,0.0896922573447227
1083,333.4,0.0177325252443552
1084,334.3,0.0359226651489735
1085,336.2,0.0187621545046568
1086,337.1,0.0183045417070389
1087,337.9,0.0171605087816715
1088,338.5,0.0241391137242317
1089,338.8,0.0220798533409834
1090,339.0,0.236128583550453
1091,339.1,0.624413669109344
1092,339.3,0.191740080714226
1093,339.8,0.0183045417070389
1094,340.1,0.156389430165291
1095,340.2,0.0408420078456402
1096,340.4,0.0536551885306835
1097,340.6,0.017846928909421
1098,340.8,1.00629222393036
1099,341.0,20.6726913452148
1100,341.1,66.8401794433594
1101,341.3,3.13133502006531
1102,341.4,0.247454524040222
1103,341.7,0.0605193898081779
1104,341.9,1.29641914367676
1105,342.1,10.7372150421143
1106,342.2,5.34149408340454
1107,342.3,1.83537352085114
1108,342.5,0.0621210373938084
1109,342.7,0.105937533080578
1110,342.9,1.83354306221008
1111,343.1,11.8466997146606
1112,343.2,8.02848625183105
1113,343.4,0.0867177695035934
1114,344.1,0.282118737697601
1115,344.2,0.383708953857422
1116,344.7,0.0550280287861824
1117,344.9,0.600732207298279
1118,345.1,3.55416989326477
1119,345.2,2.84258103370667
1120,345.4,0.0780231058597565
1121,345.8,0.0201349966228008
1122,346.0,0.28944057226181
1123,346.2,0.970140695571899
1124,346.3,0.229035586118698
1125,347.0,0.109255231916904
1126,347.1,0.206726923584938
1127,347.3,0.0676124021410942
1128,347.5,0.0380963273346424
1129,348.1,0.0172749105840921
1130,349.9,0.0171605087816715
1131,352.3,0.0184189453721046
1132,353.2,0.0374099090695381
1133,353.3,0.0193341728299856
1134,353.6,0.0218510460108519
1135,354.1,0.0362658724188805
1136,354.2,0.0767646729946136
1137,354.5,0.0814552083611488
1138,354.8,0.441482663154602
1139,355.0,17.1416320800781
1140,355.2,127.171951293945
1141,355.3,11.164626121521
1142,355.7,0.0529687665402889
1143,355.9,1.25020015239716
1144,356.1,18.4774055480957
1145,356.2,20.6729202270508
1146,356.4,0.55314040184021
1147,356.6,0.0574304983019829
1148,356.8,0.265644669532776
1149,357.0,6.06738376617432
1150,357.2,20.8112335205078
1151,357.3,4.50554847717285
1152,357.4,0.325592041015625
1153,357.7,0.0185333490371704
1154,357.9,0.127788588404655
1155,358.1,1.05754494667053
1156,358.2,1.26747512817383
1157,358.4,0.0740189924836159
1158,358.6,0.0403843969106674
1159,358.8,0.172405898571014
1160,358.9,0.662052392959595
1161,359.1,7.2344126701355
1162,359.2,9.28486442565918
1163,359.4,0.619036734104156
1164,359.7,0.0181901380419731
1165,359.9,0.0956412330269814
1166,360.0,0.231781259179115
1167,360.2,0.636311650276184
1168,360.4,0.0795103535056114
1169,360.8,0.0186477527022362
1170,361.0,0.111428901553154
1171,361.1,0.370094954967499
1172,361.3,0.177210852503777
1173,361.6,0.0388971529901028
1174,362.2,0.019562978297472
1175,362.8,0.0366090834140778
1176,363.0,0.117606684565544
1177,363.2,0.850017189979553
1178,363.3,0.307516306638718
1179,364.2,0.0392403602600098
1180,365.0,0.0200205929577351
1181,366.7,0.0175037179142237
1182,367.2,0.0412996225059032
1183,368.1,0.0171605087816715
1184,368.3,0.0591465495526791
1185,368.5,0.151241272687912
1186,368.7,0.0425580590963364
1187,368.8,0.0229950807988644
1188,369.0,0.185219079256058
1189,369.2,0.655188202857971
1190,369.3,0.432215988636017
1191,369.5,0.019562978297472
1192,370.2,0.0551424324512482
1193,370.5,0.0549136251211166
1194,370.9,0.0727605521678925
1195,371.0,0.0205926094204187
1196,371.2,0.185562297701836
1197,371.3,0.0367234870791435
1198,372.1,0.0177325252443552
1199,372.5,0.017846928909421
1200,372.7,0.0172749105840921
1201,372.9,0.144033864140511
1202,373.0,0.661137163639069
1203,373.2,3.26873350143433
1204,373.3,1.00308883190155
1205,373.6,0.0199061892926693
1206,373.8,0.0217366442084312
1207,374.0,0.0719597265124321
1208,374.2,0.125729322433472
1209,374.8,0.0173893142491579
1210,375.0,0.0763070583343506
1211,375.2,0.0994165390729904
1212,375.3,0.0550280287861824
1213,377.3,0.0194485764950514
1214,378.2,0.0196773819625378
1215,379.1,0.043244481086731
1216,379.5,0.0186477527022362
1217,381.5,0.0184189453721046
1218,382.3,0.017846928909421
1219,383.0,0.0369522944092751
1220,383.2,0.0197917856276035
1221,383.9,0.017846928909421
1222,384.9,0.0550280287861824
1223,385.2,0.138199284672737
1224,385.4,0.0707012936472893
1225,385.7,0.0173893142491579
1226,386.1,0.0173893142491579
1227,386.9,0.118636310100555
1228,387.1,0.500743627548218
1229,387.2,0.453723818063736
1230,388.0,0.0219654496759176
1231,388.1,0.0607481971383095
1232,388.3,0.0185333490371704
1233,388.8,0.041414026170969
1234,389.1,0.0429012700915337
1235,390.4,0.0221942570060492
1236,390.7,0.0191053654998541
1237,391.3,0.0177325252443552
1238,393.1,0.0171605087816715
1239,394.7,0.0207070130854845
1240,395.2,0.0187621545046568
1241,397.2,0.0361514687538147
1242,398.0,0.0208214167505503
1243,399.0,0.178011670708656
1244,399.1,0.496281892061234
1245,399.3,0.0795103535056114
1246,400.1,0.0877473950386047
1247,400.2,0.0197917856276035
1248,400.4,0.0171605087816715
1249,400.7,0.140830561518669
1250,400.8,0.427983075380325
1251,401.0,6.09346771240234
1252,401.1,12.2791442871094
1253,401.3,1.28589403629303
1254,401.6,0.024482324719429
1255,401.9,0.218396067619324
1256,402.1,1.49422264099121
1257,402.2,0.810662388801575
1258,402.5,0.0351218394935131
1259,402.8,0.137627273797989
1260,403.0,0.498684346675873
1261,403.1,1.09895896911621
1262,403.3,0.206726923584938
1263,404.1,0.0191053654998541
1264,404.3,0.0726461485028267
1265,405.0,0.161194369196892
1266,405.2,2.4578423500061
1267,405.3,0.215078368782997
1268,405.8,0.0374099090695381
1269,406.0,0.116233840584755
1270,406.1,0.242763981223106
1271,406.2,0.411852180957794
1272,406.5,0.0177325252443552
1273,406.8,0.0215078368782997
1274,407.2,0.152728527784348
1275,407.3,0.0639514923095703
1276,408.1,0.0180757343769073
1277,414.7,0.0361514687538147
1278,414.9,1.23761582374573
1279,415.0,3.4549822807312
1280,415.2,16.9755172729492
1281,415.3,2.56732630729675
1282,415.4,0.285207629203796
1283,415.6,0.0433588847517967
1284,415.9,0.307745099067688
1285,416.1,1.9537810087204
1286,416.2,2.59672808647156
1287,416.4,0.117377877235413
1288,416.6,0.0367234870791435
1289,416.8,0.0406132005155087
1290,417.0,0.786523282527924
1291,417.2,2.49342179298401
1292,417.3,0.839949667453766
1293,417.5,0.0393547639250755
1294,418.1,0.0755062326788902
1295,418.3,0.0998741537332535
1296,418.5,0.0191053654998541
1297,418.9,0.0712733119726181
1298,419.1,0.19402813911438
1299,419.3,0.359569847583771
1300,419.4,0.100903786718845
1301,420.2,0.0184189453721046
1302,421.3,0.0372955054044724
1303,422.7,0.0225374680012465
1304,423.2,0.0184189453721046
1305,423.4,0.0197917856276035
1306,427.1,0.0186477527022362
1307,427.6,0.0173893142491579
1308,428.7,0.0433588847517967
1309,428.9,1.1206955909729
1310,429.0,3.56412315368652
1311,429.2,17.1832733154297
1312,429.3,5.29115676879883
1313,429.5,0.0533119775354862
1314,429.7,0.0368378907442093
1315,429.9,0.349273532629013
1316,430.1,1.87918996810913
1317,430.2,1.74854135513306
1318,430.3,1.16188085079193
1319,430.5,0.0403843969106674
1320,430.7,0.0171605087816715
1321,430.9,0.376158326864243
1322,431.1,1.55886054039001
1323,431.2,1.41402590274811
1324,431.3,1.01029634475708
1325,431.5,0.0663539618253708
1326,432.0,0.0692140460014343
1327,432.3,0.0975860878825188
1328,432.5,0.0594897605478764
1329,432.9,0.159135103225708
1330,433.1,0.445257991552353
1331,433.3,0.947603225708008
1332,433.4,0.0713877156376839
1333,433.7,0.0175037179142237
1334,434.1,0.0535407848656178
1335,434.3,0.0827136486768723
1336,435.2,0.0602905862033367
1337,436.9,0.0189909618347883
1338,437.4,0.0201349966228008
1339,442.8,0.0171605087816715
1340,444.7,0.0181901380419731
1341,445.2,0.0188765581697226
1342,446.2,0.0184189453721046
1343,446.8,0.0186477527022362
1344,447.0,0.0177325252443552
1345,447.2,0.0385539419949055
1346,447.3,0.0181901380419731
1347,447.9,0.0202494002878666
1348,457.6,0.0180757343769073
1349,458.8,0.0180757343769073
1350,459.1,0.0176181215792894
1351,459.6,0.0175037179142237
1352,459.9,0.0173893142491579
1353,460.2,0.0172749105840921
1354,460.7,0.0542272068560123
1355,460.8,0.182931020855904
1356,461.1,0.708156943321228
1357,461.3,0.628646612167358
1358,461.4,0.0264271814376116
1359,461.6,0.0355794541537762
1360,462.0,0.0553712397813797
1361,462.2,0.0812264010310173
1362,462.4,0.0189909618347883
1363,463.1,0.0171605087816715
1364,465.4,0.0187621545046568
1365,474.8,0.0523967519402504
1366,475.0,0.687678754329681
1367,475.2,3.00446176528931
1368,475.3,1.31518137454987
1369,475.6,0.0809976011514664
1370,476.0,0.169317007064819
1371,476.2,0.554513216018677
1372,476.4,0.241162344813347
1373,476.6,0.019562978297472
1374,477.0,0.0649811252951622
1375,477.2,0.205010861158371
1376,477.3,0.129047021269798
1377,477.5,0.0950692147016525
1378,478.2,0.0191053654998541
1379,479.1,0.0787095278501511
1380,480.3,0.0180757343769073
1381,480.8,0.0191053654998541
1382,481.0,0.0211646258831024
1383,488.7,0.0196773819625378
1384,488.9,0.218052849173546
1385,489.1,2.0584602355957
1386,489.2,3.71742367744446
1387,489.4,0.636769235134125
1388,489.6,0.0236815009266138
1389,490.0,0.182015791535378
1390,490.1,0.211760669946671
1391,490.2,0.70792818069458
1392,490.4,0.155016586184502
1393,491.0,0.0744766071438789
1394,491.2,0.326850473880768
1395,491.3,0.0908362865447998
1396,491.5,0.0208214167505503
1397,492.4,0.0359226651489735
1398,492.9,0.0411852188408375
1399,493.0,0.0544560104608536
1400,493.3,0.0588033422827721
1401,493.9,0.0175037179142237
1402,494.2,0.0266559887677431
1403,495.6,0.0243679210543633
1404,500.3,0.0193341728299856
1405,500.8,0.0172749105840921
1406,501.1,0.0199061892926693
1407,501.5,0.017846928909421
1408,502.8,0.0396979749202728
1409,503.0,0.0564008690416813
1410,503.2,0.378560811281204
1411,503.3,0.295961558818817
1412,503.4,0.0990733355283737
1413,504.1,0.0829424560070038
1414,504.2,0.0181901380419731
1415,505.2,0.0606337934732437
1416,505.4,0.0196773819625378
1417,506.3,0.0366090834140778
1418,507.2,0.0632650703191757
1419,507.5,0.0578881129622459
1420,508.0,0.019562978297472
1421,508.6,0.0173893142491579
1422,515.6,0.0199061892926693
1423,516.2,0.0193341728299856
1424,516.9,0.0171605087816715
1425,518.1,0.0384395383298397
1426,519.4,0.0192197691649199
1427,520.3,0.0217366442084312
1428,521.1,0.0404988005757332
1429,522.4,0.0363802760839462
1430,524.2,0.0224230643361807
1431,533.3,0.0197917856276035
1432,534.9,0.0185333490371704
1433,535.1,0.181214958429337
1434,535.2,0.132822334766388
1435,535.3,0.0932387635111809
1436,536.0,0.0401555895805359
1437,536.3,0.0382107309997082
1438,537.4,0.0564008690416813
1439,539.3,0.0180757343769073
1440,542.8,0.0205926094204187
1441,546.2,0.0185333490371704
1442,548.6,0.0177325252443552
1443,548.9,0.0221942570060492
1444,549.1,0.325477629899979
1445,549.3,0.760324895381927
1446,549.4,0.0772222876548767
1447,549.8,0.020478205755353
