#"+ Scan (rt: 0.088-65.997 min, 11533 scans) 240221_WL8_1.D "
#Point,X(Thompsons),Y(Counts)
0,50.2,387.355072021484
1,50.3,18.2075786590576
2,50.5,0.197433456778526
3,50.8,0.112806729972363
4,51.0,12.988468170166
5,51.2,635.889038085938
6,51.3,27.8286647796631
7,51.5,0.103008754551411
8,51.8,0.0619960129261017
9,52.0,10.3599233627319
10,52.2,251.056533813477
11,52.3,25.0691928863525
12,52.5,0.144281625747681
13,52.8,0.0548859797418118
14,53.0,8.07578277587891
15,53.2,991.590148925781
16,53.3,42.055492401123
17,53.5,0.130061566829681
18,53.9,0.648226797580719
19,54.1,105.412467956543
20,54.2,913.093200683594
21,54.4,3.6388623714447
22,54.7,0.0153472647070885
23,54.9,0.0984132513403893
24,55.1,63.4111671447754
25,55.2,4352.2978515625
26,55.4,0.292118281126022
27,55.6,0.0136131104081869
28,55.9,0.314748972654343
29,56.1,81.0665054321289
30,56.2,2695.10302734375
31,56.4,2.03702425956726
32,57.0,1.81305813789368
33,57.2,3217.55786132813
34,57.3,175.922225952148
35,57.5,0.10084106773138
36,57.9,3.68195605278015
37,58.1,55.6737174987793
38,58.2,171.291946411133
39,58.4,2.5812885761261
40,58.6,0.0648573637008667
41,58.8,0.223445758223534
42,59.0,6.51322269439697
43,59.2,25.9161529541016
44,59.3,5.9204888343811
45,59.6,0.0151738487184048
46,59.8,0.0608688108623028
47,60.0,1.23142290115356
48,60.1,9.04768943786621
49,60.3,0.875054180622101
50,60.5,0.0155206797644496
51,60.8,0.085407093167305
52,61.0,3.80247974395752
53,61.2,30.2332439422607
54,61.3,1.75617790222168
55,61.6,0.0282667130231857
56,61.8,0.171854674816132
57,62.0,10.4741172790527
58,62.2,87.2979278564453
59,62.3,8.05974197387695
60,62.5,0.0430937297642231
61,62.8,0.138038665056229
62,63.0,17.3161354064941
63,63.2,297.655853271484
64,63.3,22.5799007415771
65,63.5,0.0324286818504333
66,63.7,0.258128851652145
67,63.9,6.89915895462036
68,64.1,132.507232666016
69,64.2,70.9829177856445
70,64.4,2.09607219696045
71,64.6,0.0380646847188473
72,64.8,0.179311543703079
73,65.0,14.3068590164185
74,65.2,592.052429199219
75,65.3,36.9478034973145
76,65.5,0.014046648517251
77,65.7,0.0260123126208782
78,65.9,1.42573487758636
79,66.1,85.4512252807617
80,66.2,260.519378662109
81,66.4,3.6139771938324
82,66.8,0.0610422268509865
83,67.0,4.33963394165039
84,67.2,2413.11669921875
85,67.3,62.5983695983887
86,67.5,0.0136131104081869
87,67.8,0.0152605567127466
88,68.0,5.1162748336792
89,68.2,998.146423339844
90,68.3,83.79736328125
91,68.5,0.108644761145115
92,69.0,2.67909479141235
93,69.2,2405.24926757813
94,69.3,126.734153747559
95,69.5,0.0658111497759819
96,69.9,0.403277546167374
97,70.1,85.2113037109375
98,70.2,1818.35339355469
99,70.4,3.20991945266724
100,70.6,0.0222838819026947
101,70.9,0.336512625217438
102,71.1,82.6859436035156
103,71.2,1810.50964355469
104,71.4,1.25596117973328
105,71.9,0.844099521636963
106,72.1,18.8540706634521
107,72.2,94.1876373291016
108,72.4,1.84054458141327
109,72.7,0.139165878295898
110,72.9,2.26705980300903
111,73.1,125.756782531738
112,73.2,741.765441894531
113,73.4,1.61779236793518
114,73.7,0.085320383310318
115,73.9,3.43457913398743
116,74.1,90.0310440063477
117,74.2,93.1691665649414
118,74.4,1.09173679351807
119,74.7,0.0613023489713669
120,74.9,3.22240519523621
121,75.1,103.902542114258
122,75.2,101.397117614746
123,75.4,2.0576605796814
124,75.5,0.403711080551147
125,75.8,0.688632607460022
126,76.0,27.2850074768066
127,76.2,116.168388366699
128,76.3,30.1731548309326
129,76.5,0.350212424993515
130,76.6,0.0678921341896057
131,76.8,0.0377178527414799
132,77.0,14.8603134155273
133,77.2,1141.70520019531
134,77.3,28.8845920562744
135,77.8,0.117749065160751
136,78.0,23.3132743835449
137,78.2,616.900207519531
138,78.3,48.1726341247559
139,78.5,0.227607727050781
140,78.8,0.0224572960287333
141,79.0,10.5914335250854
142,79.2,1653.8974609375
143,79.3,22.9304599761963
144,79.9,1.68577122688293
145,80.1,129.827285766602
146,80.2,359.938262939453
147,80.4,4.13561105728149
148,80.9,0.0316483117640018
149,81.1,298.876434326172
150,81.2,1783.05969238281
151,81.8,0.085320383310318
152,82.0,9.91641330718994
153,82.2,1152.43054199219
154,82.3,148.045181274414
155,82.5,0.207925081253052
156,82.8,0.185381084680557
157,83.0,6.06971311569214
158,83.1,99.2078399658203
159,83.2,1788.55285644531
160,83.4,1.54998695850372
161,83.7,0.0134396944195032
162,83.9,1.31067371368408
163,84.1,77.9764175415039
164,84.2,893.677795410156
165,84.4,4.91667366027832
166,84.5,0.565507650375366
167,84.8,0.138038665056229
168,85.0,21.5205059051514
169,85.2,1248.3515625
170,85.3,120.917457580566
171,85.5,0.0187288653105497
172,85.8,0.10795109719038
173,85.9,1.06763195991516
174,86.1,23.6850776672363
175,86.2,91.3506469726563
176,86.4,1.50975465774536
177,86.6,0.214948415756226
178,86.9,3.20948576927185
179,87.1,27.5857105255127
180,87.2,23.819128036499
181,87.4,1.32385325431824
182,87.6,0.160235852003098
183,87.8,0.617705702781677
184,88.0,7.53914833068848
185,88.2,16.6271572113037
186,88.3,6.23792600631714
187,88.5,0.63322639465332
188,88.8,1.21330094337463
189,89.0,34.640251159668
190,89.2,168.542098999023
191,89.3,30.4197521209717
192,89.5,0.35940346121788
193,89.7,0.795890033245087
194,89.9,4.28448820114136
195,90.1,11.9563856124878
196,90.2,11.8947372436523
197,90.4,1.8049076795578
198,90.6,0.080985002219677
199,91.0,11.9705190658569
200,91.2,1675.1416015625
201,91.3,37.8214683532715
202,91.7,0.0189022812992334
203,91.9,2.15572714805603
204,92.1,126.620048522949
205,92.2,367.680572509766
206,92.4,2.58397650718689
207,92.6,0.127113506197929
208,92.9,0.940605223178864
209,93.1,137.108383178711
210,93.2,477.347869873047
211,93.4,2.68958640098572
212,93.7,0.148270174860954
213,93.9,2.10890483856201
214,94.1,106.633399963379
215,94.2,288.917724609375
216,94.4,18.4359664916992
217,94.6,0.603052139282227
218,94.8,0.0354634523391724
219,95.0,5.39209222793579
220,95.2,1022.45385742188
221,95.3,156.437698364258
222,95.5,0.282580435276031
223,95.8,0.0690193325281143
224,96.0,22.301830291748
225,96.2,953.114013671875
226,96.3,141.790084838867
227,96.5,0.0169947110116482
228,96.7,0.402237057685852
229,96.9,8.85190296173096
230,97.1,110.527183532715
231,97.2,1525.77612304688
232,97.4,1.68065547943115
233,97.8,0.162316828966141
234,98.0,13.6377353668213
235,98.2,446.597930908203
236,98.3,104.181655883789
237,98.5,0.33451834321022
238,98.9,1.58744478225708
239,99.1,35.7971038818359
240,99.2,270.249542236328
241,99.4,4.33417129516602
242,99.7,0.171854674816132
243,99.9,0.604699552059174
244,100.1,7.73918342590332
245,100.2,41.4819221496582
246,100.4,1.56949627399445
247,100.7,0.40397122502327
248,100.9,4.54079580307007
249,101.1,26.3441429138184
250,101.2,29.3427562713623
251,101.4,4.36868095397949
252,101.7,1.0277464389801
253,101.9,7.39382648468018
254,102.1,56.7259178161621
255,102.2,57.0247993469238
256,102.4,5.15069818496704
257,102.7,1.31804382801056
258,102.8,1.99028873443604
259,103.0,40.1965675354004
260,103.2,227.970428466797
261,103.3,26.3419742584229
262,103.4,4.37743854522705
263,103.6,0.544611096382141
264,103.8,1.86898469924927
265,104.0,33.7215805053711
266,104.2,204.813064575195
267,104.3,37.476978302002
268,104.5,0.49874272942543
269,104.6,0.0476025305688381
270,104.8,0.0261857286095619
271,105.0,16.2553539276123
272,105.2,925.523254394531
273,105.3,49.6303634643555
274,105.5,0.0218503419309855
275,105.7,0.0178617872297764
276,105.9,2.23601841926575
277,106.1,103.581893920898
278,106.2,290.174285888672
279,106.4,7.90115308761597
280,106.6,1.63027834892273
281,106.8,0.952570855617523
282,107.0,19.1624031066895
283,107.2,424.385406494141
284,107.3,73.7683181762695
285,107.5,2.50671982765198
286,107.8,2.83993768692017
287,108.0,22.6992969512939
288,108.2,205.255874633789
289,108.3,62.4674415588379
290,108.5,2.34986567497253
291,108.8,0.313795208930969
292,109.0,9.1651782989502
293,109.2,459.714569091797
294,109.3,119.649353027344
295,109.4,3.02557873725891
296,109.6,0.100234113633633
297,109.9,1.69912421703339
298,110.1,76.1505279541016
299,110.2,309.777160644531
300,110.4,7.54972696304321
301,110.6,0.289603739976883
302,110.9,1.13578426837921
303,111.1,78.8753128051758
304,111.2,693.175476074219
305,111.4,4.03858470916748
306,111.6,0.0660712718963623
307,111.8,0.354114294052124
308,112.0,10.010838508606
309,112.2,221.467620849609
310,112.3,99.8773956298828
311,112.5,1.23029565811157
312,112.8,1.18503427505493
313,113.0,12.9349689483643
314,113.2,143.085403442383
315,113.3,75.4968338012695
316,113.5,1.2778115272522
317,113.7,0.515043795108795
318,113.9,3.90904355049133
319,114.1,14.2791118621826
320,114.3,34.1529541015625
321,114.4,5.29896831512451
322,114.6,0.54391747713089
323,114.8,1.05176448822021
324,115.0,27.0646839141846
325,115.2,720.718811035156
326,115.3,32.3722343444824
327,115.6,0.439261257648468
328,115.8,1.6953958272934
329,116.0,19.3622646331787
330,116.2,183.881561279297
331,116.3,24.7004241943359
332,116.4,3.36729383468628
333,116.6,0.269054025411606
334,116.8,0.868204295635223
335,117.0,22.8943901062012
336,117.2,477.427215576172
337,117.3,46.0824584960938
338,117.5,0.239746809005737
339,117.6,0.324546962976456
340,117.9,3.4161970615387
341,118.1,80.9723434448242
342,118.2,150.421401977539
343,118.4,6.2788519859314
344,118.6,0.375704497098923
345,118.8,0.343102395534515
346,119.0,22.421573638916
347,119.2,547.211486816406
348,119.3,73.5795516967773
349,119.5,0.47524493932724
350,119.7,0.901153206825256
351,119.9,7.67016410827637
352,120.1,85.1117630004883
353,120.2,221.45149230957
354,120.4,6.93314838409424
355,120.5,2.24234795570374
356,120.8,0.991415917873383
357,121.0,23.5307388305664
358,121.2,401.477600097656
359,121.3,70.2269973754883
360,121.5,0.533599257469177
361,121.8,1.31630969047546
362,122.0,26.3022632598877
363,122.2,205.176971435547
364,122.3,54.3921775817871
365,122.5,1.60331225395203
366,122.7,0.545391499996185
367,123.0,12.6070404052734
368,123.2,234.881896972656
369,123.3,82.6340103149414
370,123.5,0.264198392629623
371,123.8,0.307725667953491
372,124.0,11.177924156189
373,124.2,131.73762512207
374,124.3,63.4560813903809
375,124.5,1.02167689800262
376,124.7,0.210959851741791
377,124.9,3.19084358215332
378,125.1,63.8405456542969
379,125.2,293.966522216797
380,125.4,7.88016986846924
381,125.6,0.447845309972763
382,125.8,1.07873058319092
383,125.9,3.31804394721985
384,126.1,57.1452369689941
385,126.2,217.614059448242
386,126.4,7.93826389312744
387,126.7,0.885632514953613
388,126.9,3.71672582626343
389,127.1,96.4481887817383
390,127.2,228.533172607422
391,127.4,6.3577561378479
392,127.7,1.09615886211395
393,127.9,4.33928728103638
394,128.1,161.583374023438
395,128.2,418.396423339844
396,128.3,42.1812210083008
397,128.5,0.700771689414978
398,128.7,0.283620923757553
399,128.9,3.39512705802917
400,129.1,144.707626342773
401,129.2,410.640594482422
402,129.4,2.27477669715881
403,129.6,0.0977195873856544
404,129.8,0.723228991031647
405,130.0,17.6557712554932
406,130.2,202.062347412109
407,130.3,33.3355598449707
408,130.5,0.934102118015289
409,130.7,0.0560998879373074
410,130.9,2.98708057403564
411,131.1,129.169174194336
412,131.2,308.242523193359
413,131.3,55.8487815856934
414,131.5,0.602791965007782
415,131.7,0.900719702243805
416,131.9,5.11887645721436
417,132.1,78.0804672241211
418,132.2,149.893615722656
419,132.4,4.96531677246094
420,132.6,0.301742821931839
421,132.9,2.53906178474426
422,133.1,266.064697265625
423,133.2,354.190856933594
424,133.4,0.929333209991455
425,133.7,0.212867423892021
426,133.9,7.78583192825317
427,134.1,92.0976333618164
428,134.2,172.891784667969
429,134.4,5.48148775100708
430,134.6,0.179658368229866
431,134.9,0.562212765216827
432,135.1,166.703460693359
433,135.2,408.066772460938
434,135.4,1.33165693283081
435,135.8,0.320038139820099
436,136.0,19.0519371032715
437,136.2,143.253875732422
438,136.3,50.0149154663086
439,136.5,1.1383855342865
440,136.7,0.175756528973579
441,136.9,3.57547903060913
442,137.1,117.441688537598
443,137.2,186.579040527344
444,137.4,4.73224639892578
445,137.7,0.129541322588921
446,137.9,2.44905924797058
447,138.1,38.1622314453125
448,138.2,95.0598297119141
449,138.4,8.97485446929932
450,138.6,0.376744985580444
451,138.8,0.944420337677002
452,139.0,24.0874004364014
453,139.1,78.5107116699219
454,139.2,183.288040161133
455,139.4,3.2495448589325
456,139.6,0.0658111497759819
457,139.8,0.605046391487122
458,140.0,7.6905403137207
459,140.2,79.4777603149414
460,140.3,67.7215805053711
461,140.5,1.09563863277435
462,140.8,0.794676125049591
463,141.0,12.8524236679077
464,141.2,508.050018310547
465,141.3,65.3744888305664
466,141.5,0.304690897464752
467,141.7,0.216509148478508
468,141.9,2.18486094474792
469,142.1,86.7150802612305
470,142.2,239.730773925781
471,142.4,2.50481224060059
472,142.6,0.31622302532196
473,142.8,0.538715004920959
474,143.0,12.7193269729614
475,143.2,306.908447265625
476,143.3,42.4059638977051
477,143.5,0.460244506597519
478,143.8,0.468481749296188
479,144.0,12.9931497573853
480,144.2,189.665390014648
481,144.3,36.6506538391113
482,144.5,0.900199413299561
483,144.8,0.821728944778442
484,145.0,13.9764156341553
485,145.2,384.854156494141
486,145.3,54.9197959899902
487,145.4,2.31917119026184
488,145.6,0.26948755979538
489,145.9,2.75201606750488
490,146.1,59.4892044067383
491,146.2,141.70051574707
492,146.4,4.17211484909058
493,146.6,0.0900893062353134
494,146.8,0.148703724145889
495,147.0,14.0706663131714
496,147.2,604.287109375
497,147.3,42.5010833740234
498,147.5,0.0503771789371967
499,147.8,0.162663653492928
500,148.0,22.3888835906982
501,148.2,166.754180908203
502,148.3,46.4848709106445
503,148.5,0.59941041469574
504,148.9,1.36625337600708
505,149.1,160.500823974609
506,149.2,221.708572387695
507,149.4,2.71455812454224
508,149.7,0.103008754551411
509,149.9,3.43059039115906
510,150.1,56.7410049438477
511,150.2,91.5173873901367
512,150.4,5.07396173477173
513,150.6,0.312147736549377
514,150.9,3.25197267532349
515,151.1,96.3804702758789
516,151.2,151.159027099609
517,151.4,5.32151222229004
518,151.7,0.173415422439575
519,151.9,2.80239319801331
520,152.1,122.048553466797
521,152.2,242.777938842773
522,152.4,3.62230134010315
523,152.7,0.450186431407928
524,152.9,3.60912156105042
525,153.1,128.209228515625
526,153.2,251.965927124023
527,153.4,1.34457647800446
528,153.6,0.0461285002529621
529,153.8,0.500910401344299
530,154.0,12.0338163375854
531,154.2,174.755401611328
532,154.3,70.9315872192383
533,154.5,0.874187111854553
534,154.7,0.196219548583031
535,154.9,3.57495880126953
536,155.1,116.364692687988
537,155.2,346.206268310547
538,155.4,1.58510363101959
539,155.6,0.0915633365511894
540,155.8,0.472383588552475
541,156.0,11.8056879043579
542,156.2,242.350387573242
543,156.3,43.4560813903809
544,156.5,0.501170575618744
545,156.7,0.141940519213676
546,156.9,1.87670159339905
547,157.1,77.5050735473633
548,157.2,220.915542602539
549,157.4,2.75331664085388
550,157.6,0.0440475158393383
551,157.8,0.47637215256691
552,158.0,11.1392526626587
553,158.2,165.757308959961
554,158.3,43.6835174560547
555,158.5,0.245469525456429
556,158.7,0.171334430575371
557,158.9,1.51304948329926
558,159.1,79.1214752197266
559,159.2,229.232803344727
560,159.4,2.83829021453857
561,159.7,0.140293076634407
562,159.9,1.34769785404205
563,160.1,49.1859893798828
564,160.2,118.655860900879
565,160.4,2.71317100524902
566,160.5,0.427555710077286
567,160.8,0.810803771018982
568,161.0,20.4252147674561
569,161.2,162.746124267578
570,161.3,35.7079696655273
571,161.5,0.160582676529884
572,161.7,0.130755230784416
573,161.9,2.16144967079163
574,162.1,39.9950561523438
575,162.2,68.776123046875
576,162.4,3.79181480407715
577,162.5,0.815659403800964
578,162.8,1.25309979915619
579,163.0,38.7042388916016
580,163.2,181.17887878418
581,163.3,36.357494354248
582,163.5,0.36105090379715
583,163.8,0.577820181846619
584,164.0,12.400936126709
585,164.2,64.1605834960938
586,164.3,22.1335296630859
587,164.4,5.18633508682251
588,164.6,0.23749241232872
589,164.9,3.6095552444458
590,165.1,146.874877929688
591,165.2,339.550842285156
592,165.4,1.90011274814606
593,165.7,0.176363483071327
594,165.8,0.491112470626831
595,166.0,19.0677185058594
596,166.2,180.049774169922
597,166.3,35.8414115905762
598,166.4,3.87410044670105
599,166.7,0.140813320875168
600,166.9,1.8056880235672
601,167.1,69.8835525512695
602,167.2,180.66748046875
603,167.4,1.80135262012482
604,167.7,0.0704066604375839
605,167.9,0.819301128387451
606,168.1,45.3428421020508
607,168.2,151.129547119141
608,168.4,4.24044036865234
609,168.7,0.134917199611664
610,168.9,0.941819131374359
611,169.1,54.5432243347168
612,169.2,222.65299987793
613,169.4,3.01300621032715
614,169.6,0.0553195178508759
615,169.8,0.235844969749451
616,170.0,8.01534748077393
617,170.2,176.20280456543
618,170.3,48.1188774108887
619,170.5,0.296020120382309
620,170.7,0.134396940469742
621,170.8,0.0776033997535706
622,171.0,9.88537216186523
623,171.2,185.113159179688
624,171.3,44.5903930664063
625,171.5,0.202982738614082
626,171.7,0.0156940948218107
627,171.9,0.833607912063599
628,172.1,42.4736824035645
629,172.2,116.404495239258
630,172.4,2.3606173992157
631,172.6,0.191450625658035
632,172.7,0.0580074563622475
633,172.9,1.34691751003265
634,173.1,53.3966865539551
635,173.2,151.82373046875
636,173.4,2.92109608650208
637,173.7,0.0744819194078445
638,173.9,1.24217462539673
639,174.1,35.9545669555664
640,174.2,86.7452545166016
641,174.4,3.12563943862915
642,174.7,0.173415422439575
643,174.9,1.80655515193939
644,175.1,47.3848075866699
645,175.2,90.2046279907227
646,175.4,4.81513929367065
647,175.7,0.306685149669647
648,175.9,2.94303297996521
649,176.1,60.6617546081543
650,176.2,90.3595733642578
651,176.4,3.60469961166382
652,176.6,0.184080466628075
653,176.8,0.93080723285675
654,177.0,38.1448020935059
655,177.2,163.726089477539
656,177.3,33.0930366516113
657,177.5,0.463626116514206
658,177.8,0.384288549423218
659,178.0,18.965404510498
660,178.2,239.102920532227
661,178.3,33.8155708312988
662,178.5,0.397901684045792
663,178.7,0.268793880939484
664,178.9,3.90834999084473
665,179.1,97.1361312866211
666,179.2,174.644927978516
667,179.3,41.4996948242188
668,179.5,0.264631927013397
669,179.8,0.264458507299423
670,180.0,9.16179656982422
671,180.2,141.472122192383
672,180.3,38.8671646118164
673,180.5,0.569843053817749
674,180.7,0.0639035776257515
675,180.9,1.56576776504517
676,181.1,66.0650329589844
677,181.2,169.33642578125
678,181.4,1.83768320083618
679,181.6,0.0626029670238495
680,181.8,0.130408391356468
681,182.0,6.35454797744751
682,182.2,134.342575073242
683,182.3,57.8459205627441
684,182.5,0.253966867923737
685,182.6,0.123385071754456
686,182.8,0.0848868489265442
687,183.0,6.57764673233032
688,183.2,132.69157409668
689,183.3,61.8969039916992
690,183.5,0.386369556188583
691,183.7,0.0948582366108894
692,183.9,0.914766311645508
693,184.1,37.9177131652832
694,184.2,133.467010498047
695,184.4,3.21659588813782
696,184.6,0.095985434949398
697,184.9,0.776207387447357
698,185.1,43.5602188110352
699,185.2,115.479667663574
700,185.4,2.87661504745483
701,185.7,0.0901760160923004
702,185.9,0.942946314811707
703,186.1,27.8046474456787
704,186.2,76.223876953125
705,186.4,3.93904447555542
706,186.7,0.1112459897995
707,186.9,0.983525514602661
708,187.1,42.921875
709,187.2,97.9923706054688
710,187.4,2.87826228141785
711,187.7,0.0295673292130232
712,187.9,1.39625418186188
713,188.1,26.7202816009521
714,188.2,38.3193435668945
715,188.3,28.4547824859619
716,188.5,0.453914850950241
717,188.7,0.145842358469963
718,188.9,1.71074306964874
719,189.1,77.9908065795898
720,189.2,161.625595092773
721,189.4,2.76207399368286
722,189.6,0.101881556212902
723,189.9,1.40249717235565
724,190.1,44.1764488220215
725,190.2,57.5841484069824
726,190.3,33.3946952819824
727,190.5,0.648573637008667
728,190.8,0.916500449180603
729,191.0,47.3054695129395
730,191.1,264.683502197266
731,191.2,284.022125244141
732,191.4,1.40154337882996
733,191.6,0.0146536026149988
734,191.8,0.206537768244743
735,192.0,21.9453735351563
736,192.2,205.333740234375
737,192.3,42.7551383972168
738,192.5,0.554929316043854
739,192.7,0.299921959638596
740,192.9,3.1938784122467
741,193.1,299.966430664063
742,193.2,316.636871337891
743,193.4,1.47429120540619
744,193.6,0.0200294815003872
745,193.8,0.241480961441994
746,194.0,18.7594718933105
747,194.2,210.241653442383
748,194.3,50.4298095703125
749,194.5,0.28639554977417
750,194.6,0.281973481178284
751,194.8,0.219977453351021
752,195.0,17.5844097137451
753,195.2,232.428070068359
754,195.3,37.4339714050293
755,195.5,0.117749065160751
756,195.8,0.20358969271183
757,196.0,5.50767374038696
758,196.2,124.30460357666
759,196.3,60.472469329834
760,196.5,0.546605408191681
761,196.7,0.10769097507
762,196.9,1.95838034152985
763,197.1,50.5223274230957
764,197.2,93.1123733520508
765,197.3,50.4751586914063
766,197.5,0.324113398790359
767,197.8,0.193444892764091
768,198.0,5.89595079421997
769,198.2,86.8910064697266
770,198.3,38.1674308776855
771,198.5,0.192664533853531
772,198.8,0.0890488177537918
773,199.0,6.01387310028076
774,199.2,69.8994216918945
775,199.3,31.1878089904785
776,199.5,0.16864649951458
777,199.6,0.0731813088059425
778,199.9,1.26055669784546
779,200.1,29.2783317565918
780,200.2,63.9221382141113
781,200.4,3.01395988464355
782,200.6,0.0753489956259727
783,200.9,1.09095633029938
784,201.1,30.3912258148193
785,201.2,64.5022964477539
786,201.4,5.03841161727905
787,201.7,0.160062432289124
788,201.9,1.05341196060181
789,202.1,62.5512008666992
790,202.2,101.48860168457
791,202.3,34.9287261962891
792,202.5,0.183733627200127
793,202.7,0.0131795713678002
794,202.9,1.46952223777771
795,203.1,54.2959327697754
796,203.2,109.979278564453
797,203.4,3.31830406188965
798,203.6,0.095985434949398
799,203.9,1.09243047237396
800,204.1,34.2767715454102
801,204.2,71.1882400512695
802,204.4,5.0036416053772
803,204.5,0.489898562431335
804,204.8,0.403450965881348
805,205.0,13.5857973098755
806,205.2,141.965927124023
807,205.3,37.9934120178223
808,205.5,0.384895503520966
809,205.7,0.0811584144830704
810,205.9,1.06086885929108
811,206.1,32.7632026672363
812,206.2,79.2039337158203
813,206.3,30.5884857177734
814,206.5,0.115668080747128
815,206.9,0.188936099410057
816,207.1,1833.76867675781
817,207.2,1670.8193359375
818,207.4,0.0500303469598293
819,207.9,3.85996699333191
820,208.1,439.05810546875
821,208.2,462.949188232422
822,208.4,1.04534816741943
823,208.5,0.092777244746685
824,208.8,0.777161180973053
825,209.0,29.8844184875488
826,209.2,596.692199707031
827,209.3,38.8996772766113
828,209.5,0.0290470831096172
829,209.8,0.0855805054306984
830,210.0,16.1228656768799
831,210.2,153.272872924805
832,210.3,61.3346900939941
833,210.5,0.613283634185791
834,210.6,0.0977195873856544
835,210.9,1.54357063770294
836,211.1,133.175064086914
837,211.2,172.901062011719
838,211.4,2.98612666130066
839,211.6,0.0497702248394489
840,211.8,0.365473002195358
841,212.0,10.4329319000244
842,212.2,79.5517196655273
843,212.3,37.052806854248
844,212.5,0.658198237419128
845,212.7,0.123818606138229
846,212.9,2.58787822723389
847,213.1,80.4266052246094
848,213.2,117.090606689453
849,213.4,2.40596556663513
850,213.5,0.0709269046783447
851,213.7,0.0459550842642784
852,213.9,1.17376220226288
853,214.1,21.9843063354492
854,214.2,44.8747062683105
855,214.4,5.02323770523071
856,214.6,0.278245031833649
857,214.9,2.37093567848206
858,215.1,72.6105117797852
859,215.2,143.4462890625
860,215.4,2.71646571159363
861,215.8,0.103615708649158
862,216.0,6.99566459655762
863,216.2,86.8350830078125
864,216.3,30.6281108856201
865,216.5,0.383594900369644
866,216.7,0.0305211134254932
867,216.9,0.936616659164429
868,217.1,31.657678604126
869,217.2,78.1591110229492
870,217.4,3.15772128105164
871,217.6,0.0770831555128098
872,217.8,0.116621866822243
873,218.0,5.889967918396
874,218.2,71.5407943725586
875,218.3,28.8775691986084
876,218.5,0.376398175954819
877,218.7,0.0900893062353134
878,218.8,0.088441863656044
879,219.0,5.82545757293701
880,219.2,85.393913269043
881,219.3,32.3928718566895
882,219.5,0.458163529634476
883,219.8,0.109511837363243
884,220.0,4.77291250228882
885,220.2,88.8015289306641
886,220.3,35.3930473327637
887,220.5,0.378219038248062
888,220.8,0.140032947063446
889,221.0,5.29992198944092
890,221.1,99.3202133178711
891,221.2,351.094177246094
892,221.4,2.22968864440918
893,221.6,0.032688807696104
894,221.8,0.141680389642715
895,222.0,8.85225009918213
896,222.2,154.758773803711
897,222.3,60.0273132324219
898,222.5,0.793115437030792
899,222.9,1.2225786447525
900,223.1,61.7364082336426
901,223.2,144.059997558594
902,223.4,2.50958108901978
903,223.6,0.119569927453995
904,223.8,0.101621434092522
905,224.0,6.31266784667969
906,224.1,19.0391044616699
907,224.3,100.089134216309
908,224.4,10.4303302764893
909,224.7,0.25578773021698
910,224.9,0.788173079490662
911,225.1,114.545738220215
912,225.2,171.70068359375
913,225.4,5.12191104888916
914,225.6,0.0446544699370861
915,225.8,0.41975200176239
916,226.0,14.8285789489746
917,226.2,113.651695251465
918,226.3,40.8300514221191
919,226.5,0.432324647903442
920,226.8,0.355068057775497
921,227.0,13.9617614746094
922,227.2,88.1752395629883
923,227.3,28.5590915679932
924,227.5,0.350125730037689
925,227.8,0.230729207396507
926,228.0,7.8052544593811
927,228.2,70.4586868286133
928,228.3,28.6238613128662
929,228.5,0.226740658283234
930,228.8,0.227694436907768
931,229.0,7.86803102493286
932,229.2,85.9999160766602
933,229.3,29.5919532775879
934,229.5,0.265325576066971
935,229.7,0.0282667130231857
936,229.9,0.930373728275299
937,230.1,28.9777164459229
938,230.2,81.7224502563477
939,230.4,5.77429962158203
940,230.6,0.0425734855234623
941,230.8,0.0890488177537918
942,231.0,5.09295082092285
943,231.2,72.4060516357422
944,231.3,33.7679710388184
945,231.5,0.446197867393494
946,231.7,0.0350299142301083
947,231.9,0.47611203789711
948,232.1,24.5870971679688
949,232.2,74.4486236572266
950,232.4,5.70198583602905
951,232.7,0.133529871702194
952,232.8,0.0693661645054817
953,233.0,4.37726545333862
954,233.2,62.7910346984863
955,233.3,28.4028434753418
956,233.5,0.548252820968628
957,233.7,0.0962455570697784
958,233.9,0.304344058036804
959,234.1,20.8427124023438
960,234.2,76.4020614624023
961,234.4,3.95994114875793
962,234.6,0.15633399784565
963,234.9,1.04127287864685
964,235.1,27.2870025634766
965,235.2,50.5642051696777
966,235.3,37.8251113891602
967,235.5,0.563166558742523
968,235.7,0.0293939132243395
969,235.9,0.54443770647049
970,236.1,18.9439010620117
971,236.3,78.9113006591797
972,236.4,7.07474184036255
973,236.6,0.204890310764313
974,236.8,0.255701035261154
975,237.0,6.79242181777954
976,237.2,63.1238174438477
977,237.3,32.6535148620605
978,237.5,0.466660887002945
979,237.7,0.208792164921761
980,238.0,4.20679807662964
981,238.2,44.3565406799316
982,238.3,40.3034782409668
983,238.5,1.01118528842926
984,238.8,0.267926812171936
985,239.0,7.89412975311279
986,239.2,71.7272186279297
987,239.3,34.7712669372559
988,239.5,0.502557873725891
989,239.7,0.158154860138893
990,239.9,0.861874639987946
991,240.0,4.13933944702148
992,240.2,40.9576873779297
993,240.3,29.0143928527832
994,240.5,0.476545572280884
995,240.8,0.158414989709854
996,241.0,5.44368314743042
997,241.2,46.4465446472168
998,241.3,19.3806476593018
999,241.4,5.50958108901978
1000,241.7,0.143067717552185
1001,241.9,0.457990109920502
1002,242.1,21.4989166259766
1003,242.2,52.4371795654297
1004,242.4,5.00693655014038
1005,242.6,0.0509841330349445
1006,242.8,0.042660191655159
1007,243.0,4.43804740905762
1008,243.1,15.723575592041
1009,243.2,54.3604431152344
1010,243.4,4.08384656906128
1011,243.5,0.544350981712341
1012,243.8,0.0433538556098938
1013,244.0,3.3615710735321
1014,244.2,58.1983871459961
1015,244.3,32.5814628601074
1016,244.5,0.64146363735199
1017,244.8,0.0998005717992783
1018,244.9,0.259169340133667
1019,245.1,22.1527786254883
1020,245.2,68.6782302856445
1021,245.4,4.82528400421143
1022,245.6,0.095898725092411
1023,245.9,0.688892722129822
1024,246.1,19.0402317047119
1025,246.2,68.5045547485352
1026,246.4,5.92673206329346
1027,246.6,0.104742914438248
1028,246.9,0.520766496658325
1029,247.1,17.9022808074951
1030,247.2,56.7116966247559
1031,247.4,5.03719758987427
1032,247.6,0.128760948777199
1033,247.8,0.039712131023407
1034,248.0,4.09962701797485
1035,248.2,47.8515548706055
1036,248.3,28.3881034851074
1037,248.5,0.862915098667145
1038,248.7,0.192837938666344
1039,248.9,6.15355920791626
1040,249.1,73.4046630859375
1041,249.2,74.2019424438477
1042,249.4,4.0872278213501
1043,249.7,0.239053145051003
1044,249.9,2.22682738304138
1045,250.1,28.1607551574707
1046,250.2,66.7292098999023
1047,250.4,8.42452049255371
1048,250.6,0.760339915752411
1049,250.9,5.39139842987061
1050,251.1,63.4313697814941
1051,251.2,40.8997650146484
1052,251.3,22.2134742736816
1053,251.5,0.463626116514206
1054,251.8,0.528136670589447
1055,251.9,1.76727652549744
1056,252.1,31.7267837524414
1057,252.2,68.781494140625
1058,252.4,12.6118097305298
1059,252.6,0.359576880931854
1060,252.9,5.02791976928711
1061,253.0,19.9118175506592
1062,253.1,126.953262329102
1063,253.3,26.9547386169434
1064,253.5,0.631405532360077
1065,253.7,0.127200201153755
1066,253.9,1.60218501091003
1067,254.1,28.4122943878174
1068,254.2,41.9104309082031
1069,254.4,9.49336719512939
1070,254.6,0.265152186155319
1071,254.9,1.47585189342499
1072,255.1,27.3861961364746
1073,255.2,42.6130218505859
1074,255.4,4.61172294616699
1075,255.6,0.162576958537102
1076,255.8,0.0638168752193451
1077,256.0,4.17488956451416
1078,256.1,14.0017337799072
1079,256.2,44.9937553405762
1080,256.4,6.50403213500977
1081,256.7,0.100147403776646
1082,256.8,0.0907829701900482
1083,257.0,3.25847578048706
1084,257.2,36.6775321960449
1085,257.3,21.1362171173096
1086,257.5,0.700511574745178
1087,257.7,0.208965569734573
1088,257.9,0.34136825799942
1089,258.1,17.832914352417
1090,258.2,58.3047790527344
1091,258.4,6.26211738586426
1092,258.6,0.122951529920101
1093,258.8,0.107777684926987
1094,259.0,2.89629769325256
1095,259.2,42.9439849853516
1096,259.3,26.712043762207
1097,259.5,0.788693308830261
1098,259.8,0.15113154053688
1099,260.0,2.60565328598022
1100,260.2,40.5185127258301
1101,260.3,31.3298358917236
1102,260.5,0.948235511779785
1103,260.7,0.144975289702415
1104,260.9,0.399028867483139
1105,261.1,12.2736492156982
1106,261.3,41.30859375
1107,261.4,5.63825559616089
1108,261.6,0.0836729407310486
1109,261.9,0.307118713855743
1110,262.1,10.7442121505737
1111,262.3,39.195613861084
1112,262.4,5.52050638198853
1113,262.6,0.230208963155746
1114,262.9,0.640769958496094
1115,263.1,16.3989429473877
1116,263.3,44.9648818969727
1117,263.4,6.13647794723511
1118,263.6,0.16040925681591
1119,263.8,0.0300008673220873
1120,264.0,2.52128672599792
1121,264.2,26.9061813354492
1122,264.3,27.2027225494385
1123,264.5,1.91268539428711
1124,264.7,0.224659666419029
1125,264.9,3.07136034965515
1126,265.1,78.7997055053711
1127,265.2,70.7021560668945
1128,265.4,3.25552773475647
1129,265.5,0.492152959108353
1130,265.8,0.31700336933136
1131,266.0,9.36885452270508
1132,266.2,47.7339820861816
1133,266.3,35.2486763000488
1134,266.5,1.78184342384338
1135,266.6,0.701552093029022
1136,266.9,3.40683245658875
1137,267.0,29.7664089202881
1138,267.1,241.958984375
1139,267.3,17.8152256011963
1140,267.5,0.832654118537903
1141,267.8,0.53620046377182
1142,268.0,19.7479400634766
1143,268.2,76.8929138183594
1144,268.3,25.126766204834
1145,268.5,1.09815311431885
1146,268.7,0.112026356160641
1147,268.9,3.21789646148682
1148,269.1,62.6927947998047
1149,269.2,51.7690963745117
1150,269.3,19.2631587982178
1151,269.5,0.493887096643448
1152,269.8,0.197260037064552
1153,270.0,5.88849401473999
1154,270.2,43.1556396484375
1155,270.3,24.3303565979004
1156,270.5,1.1117662191391
1157,270.8,0.494580775499344
1158,271.0,11.5346393585205
1159,271.2,56.8112373352051
1160,271.3,19.44801902771
1161,271.5,0.568975985050201
1162,271.8,0.161623165011406
1163,272.0,3.63946938514709
1164,272.2,36.3365135192871
1165,272.3,27.5734844207764
1166,272.5,0.984826147556305
1167,272.8,0.0690193325281143
1168,273.0,2.9722535610199
1169,273.2,31.3466567993164
1170,273.3,20.785572052002
1171,273.5,0.414549559354782
1172,273.6,0.119483225047588
1173,273.8,0.0818520784378052
1174,274.0,3.04474115371704
1175,274.2,28.10595703125
1176,274.3,26.7196731567383
1177,274.5,1.21763634681702
1178,274.8,0.236972168087959
1179,275.0,2.03728437423706
1180,275.2,19.280933380127
1181,275.3,17.8123645782471
1182,275.5,0.687158584594727
1183,275.6,0.215381950139999
1184,275.9,0.455215454101563
1185,276.0,2.51192235946655
1186,276.2,25.3816013336182
1187,276.3,19.8910083770752
1188,276.5,0.859706938266754
1189,276.7,0.0599150247871876
1190,277.0,2.44324970245361
1191,277.2,18.5732250213623
1192,277.3,20.2202377319336
1193,277.5,0.966097295284271
1194,277.8,0.223445758223534
1195,278.0,2.08081150054932
1196,278.2,18.2659320831299
1197,278.3,14.3300094604492
1198,278.4,8.49969673156738
1199,278.6,0.217636346817017
1200,278.9,0.959334075450897
1201,279.0,4.37873935699463
1202,279.2,25.6696434020996
1203,279.3,11.5731382369995
1204,279.4,4.54296350479126
1205,279.6,0.13500389456749
1206,279.9,0.548946499824524
1207,280.1,9.12997531890869
1208,280.3,23.7643280029297
1209,280.4,7.37839221954346
1210,280.5,3.22630715370178
1211,280.8,1.32862222194672
1212,281.0,38.0963325500488
1213,281.2,1393.96594238281
1214,281.3,23.9675712585449
1215,281.5,0.24815745651722
1216,281.8,0.326281100511551
1217,282.0,14.8156595230103
1218,282.2,386.653442382813
1219,282.3,19.1105518341064
1220,282.4,7.4117751121521
1221,282.7,0.225960284471512
1222,282.8,0.119309805333614
1223,283.0,12.2139081954956
1224,283.2,312.996185302734
1225,283.3,20.0947723388672
1226,283.5,0.48755744099617
1227,283.8,0.114194050431252
1228,284.0,10.9810981750488
1229,284.2,78.62646484375
1230,284.3,28.6523017883301
1231,284.5,1.27521026134491
1232,284.8,0.483395487070084
1233,285.0,17.0544528961182
1234,285.2,130.746292114258
1235,285.3,17.783576965332
1236,285.5,0.212087050080299
1237,285.8,0.300268799066544
1238,285.9,1.76467525959015
1239,286.1,23.1447143554688
1240,286.2,46.843578338623
1241,286.4,6.12069702148438
1242,286.5,1.65446972846985
1243,286.8,0.388710647821426
1244,287.0,9.552414894104
1245,287.2,56.4374389648438
1246,287.3,21.8194751739502
1247,287.5,0.566634893417358
1248,287.8,0.126159712672234
1249,288.0,2.3309633731842
1250,288.2,20.3619174957275
1251,288.3,21.4625854492188
1252,288.5,1.47975373268127
1253,288.6,0.369374841451645
1254,288.8,0.26289775967598
1255,289.0,6.27000761032104
1256,289.2,29.5579643249512
1257,289.3,12.1753225326538
1258,289.4,4.57834053039551
1259,289.6,0.130148276686668
1260,289.9,0.517471611499786
1261,290.0,1.29714727401733
1262,290.2,13.9662704467773
1263,290.3,14.5468654632568
1264,290.5,0.739876866340637
1265,290.8,0.149050548672676
1266,290.9,0.159715592861176
1267,291.1,5.19197082519531
1268,291.3,16.9090442657471
1269,291.4,5.28474807739258
1270,291.6,0.300875753164291
1271,291.9,0.275643795728683
1272,292.1,4.56143236160278
1273,292.3,18.4184513092041
1274,292.4,6.42833614349365
1275,292.5,1.67571318149567
1276,292.8,0.117662362754345
1277,293.0,1.64909386634827
1278,293.2,10.6960029602051
1279,293.3,6.59698247909546
1280,293.4,3.20671129226685
1281,293.6,0.0880083218216896
1282,293.8,0.0554929338395596
1283,294.0,1.86300182342529
1284,294.2,14.2432155609131
1285,294.3,18.5675888061523
1286,294.5,2.81210446357727
1287,294.7,0.0804647505283356
1288,294.9,1.07144713401794
1289,295.0,5.80256652832031
1290,295.2,61.031909942627
1291,295.3,19.2614231109619
1292,295.4,6.00919103622437
1293,295.6,0.167172461748123
1294,295.8,0.120870545506477
1295,296.0,3.97450804710388
1296,296.2,28.8268451690674
1297,296.3,14.4044914245605
1298,296.4,9.06884574890137
1299,296.6,0.231856405735016
1300,296.8,0.150351166725159
1301,297.0,4.7492413520813
1302,297.2,24.7952823638916
1303,297.3,10.6485738754272
1304,297.4,3.75140905380249
1305,297.6,0.207578256726265
1306,297.8,0.0576606243848801
1307,298.0,1.95144367218018
1308,298.2,14.5715770721436
1309,298.3,15.0252323150635
1310,298.5,1.64892053604126
1311,298.8,0.256221264600754
1312,299.0,10.4522676467896
1313,299.2,111.106132507324
1314,299.3,21.0435276031494
1315,299.5,0.392525792121887
1316,299.7,0.0511575490236282
1317,299.9,1.38134050369263
1318,300.1,21.7979717254639
1319,300.2,42.2316818237305
1320,300.4,7.71490526199341
1321,300.6,0.370328634977341
1322,300.8,0.279719054698944
1323,301.0,5.22847461700439
1324,301.2,25.0465621948242
1325,301.3,14.0650310516357
1326,301.5,0.509581208229065
1327,301.8,0.0726610571146011
1328,302.0,1.79615020751953
1329,302.2,13.0852336883545
1330,302.3,15.4755048751831
1331,302.5,1.25344657897949
1332,302.7,0.0435272678732872
1333,303.0,1.21321427822113
1334,303.2,8.58493041992188
1335,303.3,9.47281742095947
1336,303.5,0.820081532001495
1337,303.7,0.0829792767763138
1338,303.9,0.118356019258499
1339,304.1,3.39798831939697
1340,304.3,12.0603485107422
1341,304.4,4.24737691879272
1342,304.6,0.160495966672897
1343,304.8,0.0141333565115929
1344,305.0,0.670163869857788
1345,305.2,6.14887714385986
1346,305.3,8.41671752929688
1347,305.5,0.930200278759003
1348,305.7,0.013092864304781
1349,305.9,0.310326874256134
1350,306.1,2.78982043266296
1351,306.3,13.6274166107178
1352,306.4,6.33685922622681
1353,306.6,0.177403971552849
1354,306.9,0.132489383220673
1355,307.1,2.21529531478882
1356,307.3,5.64727306365967
1357,307.4,2.32619428634644
1358,307.6,0.0878349095582962
1359,307.7,0.10248851031065
1360,308.0,0.773692905902863
1361,308.2,8.15165138244629
1362,308.4,13.5506811141968
1363,308.5,2.12529253959656
1364,308.8,0.0987600833177567
1365,309.0,1.06485736370087
1366,309.2,6.29315853118896
1367,309.3,7.29411268234253
1368,309.5,1.25179922580719
1369,309.7,0.045694962143898
1370,309.9,0.307031989097595
1371,310.1,3.07829713821411
1372,310.3,11.2468566894531
1373,310.4,6.49137258529663
1374,310.6,0.34136825799942
1375,310.9,0.575045526027679
1376,311.1,7.32619428634644
1377,311.2,11.0463018417358
1378,311.4,2.4996964931488
1379,311.6,0.148530304431915
1380,311.8,0.0434405617415905
1381,312.0,1.06052196025848
1382,312.2,8.40423107147217
1383,312.3,10.1741094589233
1384,312.5,1.17905139923096
1385,312.6,0.212087050080299
1386,312.9,0.815225899219513
1387,313.1,8.38454914093018
1388,313.2,14.8240699768066
1389,313.4,2.99393057823181
1390,313.6,0.110812447965145
1391,313.8,0.0901760160923004
1392,314.0,1.05263161659241
1393,314.2,9.33113670349121
1394,314.3,7.64285087585449
1395,314.4,6.11488771438599
1396,314.6,0.244082197546959
1397,314.8,0.0780369341373444
1398,315.0,0.908523380756378
1399,315.2,7.13127565383911
1400,315.3,3.65785145759583
1401,315.4,2.41342234611511
1402,315.6,0.0806381702423096
1403,316.0,0.797017276287079
1404,316.2,6.28986406326294
1405,316.3,10.7342405319214
1406,316.5,1.56932282447815
1407,316.8,0.026619266718626
1408,317.0,0.279198825359344
1409,317.2,3.54183650016785
1410,317.3,4.91086435317993
1411,317.5,0.806468367576599
1412,317.7,0.0282667130231857
1413,318.0,0.534292876720428
1414,318.2,4.25084543228149
1415,318.3,7.00381517410278
1416,318.5,0.899072229862213
1417,318.9,0.013092864304781
1418,319.1,1.24191451072693
1419,319.3,4.68273639678955
1420,319.4,2.33651256561279
1421,319.5,0.978843331336975
1422,319.7,0.0292204972356558
1423,319.9,0.145148709416389
1424,320.1,1.42998349666595
1425,320.3,8.30859279632568
1426,320.4,6.05497264862061
1427,320.6,0.219197079539299
1428,320.9,0.0612156428396702
1429,321.1,0.877221882343292
1430,321.3,3.0254054069519
1431,321.4,1.47836637496948
1432,321.7,0.0547125637531281
1433,321.8,0.045694962143898
1434,322.1,1.56446719169617
1435,322.3,8.56108570098877
1436,322.4,6.28284072875977
1437,322.6,0.396427631378174
1438,322.8,0.129714727401733
1439,323.0,1.12442553043365
1440,323.2,5.78565835952759
1441,323.3,4.46197843551636
1442,323.5,1.17506289482117
1443,323.7,0.0580941662192345
1444,323.9,0.273389399051666
1445,324.1,2.54816603660583
1446,324.3,7.18780899047852
1447,324.4,6.13639116287231
1448,324.6,0.500823736190796
1449,324.8,1.1673458814621
1450,325.0,17.0672855377197
1451,325.2,39.6900215148926
1452,325.3,7.11350059509277
1453,325.5,0.678140997886658
1454,325.8,0.27382293343544
1455,326.0,3.78756618499756
1456,326.2,12.5720109939575
1457,326.3,10.3969478607178
1458,326.5,2.44827890396118
1459,326.8,1.31682991981506
1460,327.0,30.5790348052979
1461,327.1,103.549293518066
1462,327.3,6.93557596206665
1463,327.5,0.34162837266922
1464,327.7,0.118789561092854
1465,327.9,3.39460682868958
1466,328.1,24.8612670898438
1467,328.2,25.5872707366943
1468,328.4,5.17853116989136
1469,328.6,0.610162138938904
1470,328.9,2.66678237915039
1471,329.1,19.1136741638184
1472,329.2,14.8763551712036
1473,329.4,1.92924654483795
1474,329.7,0.176883727312088
1475,329.8,0.0580941662192345
1476,330.0,1.17584323883057
1477,330.2,6.02783298492432
1478,330.3,4.74143743515015
1479,330.4,4.70918226242065
1480,330.6,0.186855107545853
1481,330.7,0.103789128363132
1482,331.0,1.58484351634979
1483,331.2,18.3254146575928
1484,331.3,4.65420961380005
1485,331.5,0.573398053646088
1486,331.8,0.0422266535460949
1487,332.0,0.362785041332245
1488,332.2,7.11930990219116
1489,332.3,5.68525123596191
1490,332.5,0.938437521457672
1491,332.8,0.0721408128738403
1492,333.0,0.233590573072433
1493,333.2,3.39980936050415
1494,333.3,1.75773870944977
1495,333.4,2.1941385269165
1496,333.6,0.174022376537323
1497,333.8,0.0478626564145088
1498,334.0,0.24434232711792
1499,334.2,3.18815565109253
1500,334.3,3.82589101791382
1501,334.4,4.81574630737305
1502,334.6,0.296973913908005
1503,334.8,0.0154339717701077
1504,335.0,0.100494235754013
1505,335.2,1.10266196727753
1506,335.3,1.85875308513641
1507,335.5,0.352380126714706
1508,335.9,0.047168992459774
1509,336.1,0.882424354553223
1510,336.3,4.84687423706055
1511,336.4,5.27044153213501
1512,336.6,0.389491021633148
1513,336.8,0.0189022812992334
1514,337.0,0.118442729115486
1515,337.2,1.19951438903809
1516,337.4,2.40345096588135
1517,337.5,0.864996075630188
1518,337.7,0.0141333565115929
1519,338.0,0.27495014667511
1520,338.2,2.15208530426025
1521,338.4,5.66244697570801
1522,338.5,1.38402843475342
1523,338.6,0.379432946443558
1524,338.9,1.0560998916626
1525,339.1,8.53819465637207
1526,339.2,10.148097038269
1527,339.4,2.14471507072449
1528,339.6,0.120003469288349
1529,339.8,0.0741350874304771
1530,340.0,0.950576603412628
1531,340.2,4.57868719100952
1532,340.3,6.34336233139038
1533,340.6,1.82068848609924
1534,340.8,1.29142463207245
1535,341.0,23.624382019043
1536,341.1,210.33659362793
1537,341.3,7.56793546676636
1538,341.5,0.170554056763649
1539,341.8,0.700598299503326
1540,342.0,15.7029390335083
1541,342.2,65.5604782104492
1542,342.3,11.7455129623413
1543,342.4,5.26766681671143
1544,342.6,0.471169680356979
1545,342.8,0.972080111503601
1546,343.0,14.2836208343506
1547,343.2,60.6836891174316
1548,343.3,11.4148960113525
1549,343.5,0.274603307247162
1550,343.8,0.147403106093407
1551,344.0,3.22708749771118
1552,344.2,12.0851469039917
1553,344.3,5.84800148010254
1554,344.4,4.56949615478516
1555,344.6,0.601231276988983
1556,344.8,0.504292011260986
1557,345.0,7.34657049179077
1558,345.2,23.3166561126709
1559,345.3,9.10248851776123
1560,345.5,0.631318807601929
1561,345.8,0.0587011203169823
1562,346.0,0.6947021484375
1563,346.2,10.6052198410034
1564,346.3,5.59282064437866
1565,346.5,0.751582443714142
1566,346.7,0.0491632707417011
1567,347.0,0.581461906433105
1568,347.2,4.85901308059692
1569,347.3,3.6679093837738
1570,347.5,0.678401112556458
1571,347.9,0.0616491809487343
1572,348.1,0.964883387088776
1573,348.3,5.0228910446167
1574,348.4,3.98872804641724
1575,348.6,0.244862571358681
1576,348.8,0.0430070236325264
1577,349.0,0.221798315644264
1578,349.2,0.861701190471649
1579,349.4,1.73103272914886
1580,349.5,0.368421047925949
1581,349.9,0.0542790256440639
1582,350.1,0.59941041469574
1583,350.3,3.57946753501892
1584,350.4,4.34258222579956
1585,350.6,0.336946159601212
1586,351.1,0.133963406085968
1587,351.3,1.2785918712616
1588,351.4,1.03572356700897
1589,351.6,0.15303909778595
1590,351.9,0.0476025305688381
1591,352.0,0.12026359140873
1592,352.2,1.38090693950653
1593,352.4,3.67961502075195
1594,352.5,1.79883813858032
1595,352.8,0.0287869591265917
1596,353.0,0.308245897293091
1597,353.2,1.41957855224609
1598,353.4,2.31596279144287
1599,353.5,0.778721928596497
1600,353.8,0.0418798215687275
1601,354.0,0.184947535395622
1602,354.2,1.53958201408386
1603,354.3,2.97494149208069
1604,354.5,1.48434925079346
1605,354.8,0.806901931762695
1606,355.0,9.50316524505615
1607,355.2,334.362274169922
1608,355.3,20.5053329467773
1609,355.5,0.243301823735237
1610,355.7,0.0782970637083054
1611,355.9,1.14315438270569
1612,356.1,52.2589073181152
1613,356.2,84.5161743164063
1614,356.4,4.38003969192505
1615,356.6,0.57478541135788
1616,356.8,0.261076897382736
1617,357.0,12.5009107589722
1618,357.2,81.1567687988281
1619,357.3,17.8180866241455
1620,357.5,0.341541677713394
1621,357.7,0.0308679435402155
1622,357.9,0.870111882686615
1623,358.1,10.4358797073364
1624,358.2,9.63296604156494
1625,358.3,11.597936630249
1626,358.5,1.99210965633392
1627,358.8,0.706321001052856
1628,359.0,8.85641193389893
1629,359.2,44.3058166503906
1630,359.3,15.7755136489868
1631,359.5,0.405965477228165
1632,359.6,0.217116102576256
1633,359.8,0.163790866732597
1634,360.0,1.82441687583923
1635,360.2,8.05557918548584
1636,360.3,7.11072587966919
1637,360.5,0.848434925079346
1638,360.7,0.027139512822032
1639,360.9,0.228561520576477
1640,361.1,2.32593417167664
1641,361.2,5.46926212310791
1642,361.4,1.98387241363525
1643,361.6,0.133616581559181
1644,361.8,0.0133529873564839
1645,362.0,0.228561520576477
1646,362.2,1.54417753219604
1647,362.4,4.45694971084595
1648,362.5,1.79970514774323
1649,362.7,0.137171596288681
1650,363.0,0.411081254482269
1651,363.2,1.71941387653351
1652,363.3,2.15355944633484
1653,363.5,0.269660979509354
1654,363.7,0.028093297034502
1655,364.0,0.230902627110481
1656,364.2,1.58059477806091
1657,364.3,2.18607473373413
1658,364.5,3.59247374534607
1659,364.6,0.267493277788162
1660,364.8,0.013092864304781
1661,365.1,0.168819904327393
1662,365.3,0.895083665847778
1663,365.4,1.02150356769562
1664,365.6,0.123038239777088
1665,365.8,0.019075695425272
1666,366.0,0.0595681965351105
1667,366.2,0.712390542030334
1668,366.4,2.85181641578674
1669,366.5,2.11098575592041
1670,366.7,0.0141333565115929
1671,366.9,0.0873146653175354
1672,367.1,0.270094513893127
1673,367.3,1.4985693693161
1674,367.4,1.35610854625702
1675,367.6,0.129367902874947
1676,367.8,0.0341628380119801
1677,368.0,0.079424262046814
1678,368.2,1.07274782657623
1679,368.4,3.9699125289917
1680,368.5,1.33833348751068
1681,368.6,0.708575367927551
1682,368.9,0.487123906612396
1683,369.0,1.8617879152298
1684,369.2,10.8016128540039
1685,369.3,7.77403974533081
1686,369.5,0.704586863517761
1687,369.6,0.150177747011185
1688,369.9,0.0666782259941101
1689,370.1,1.13526403903961
1690,370.3,4.48486948013306
1691,370.4,4.61605834960938
1692,370.6,0.510188162326813
1693,370.8,0.0148270176723599
1694,371.0,1.01552069187164
1695,371.2,3.63851547241211
1696,371.3,2.39911556243896
1697,371.5,0.195612594485283
1698,371.6,0.0906095579266548
1699,371.8,0.0293072052299976
1700,372.0,0.126940086483955
1701,372.2,1.26307117938995
1702,372.4,3.00147414207458
1703,372.5,1.60851466655731
1704,372.7,0.306251615285873
1705,372.9,1.51755833625793
1706,373.1,16.1938781738281
1707,373.2,24.7864379882813
1708,373.4,2.49041891098022
1709,373.6,0.157027661800385
1710,373.8,0.0444810539484024
1711,374.0,0.874273836612701
1712,374.2,4.73493432998657
1713,374.3,2.87574791908264
1714,374.4,1.87540102005005
1715,374.6,0.148356884717941
1716,374.8,0.0274863429367542
1717,375.0,0.549726843833923
1718,375.2,1.87644147872925
1719,375.3,1.95482528209686
1720,375.5,0.324026703834534
1721,375.8,0.0577473342418671
1722,376.0,0.0564467199146748
1723,376.2,0.860140442848206
1724,376.4,2.79068756103516
1725,376.5,1.12997484207153
1726,376.7,0.102228388190269
1727,377.1,0.452007293701172
1728,377.3,0.760166466236115
1729,377.4,0.501083850860596
1730,377.7,0.0180352032184601
1731,378.1,0.208618745207787
1732,378.3,1.83005285263062
1733,378.4,1.472296833992
1734,378.5,1.23237669467926
1735,378.7,0.050203762948513
1736,379.1,0.104482784867287
1737,379.3,0.378479152917862
1738,379.5,0.637561798095703
1739,379.6,0.141073435544968
1740,380.0,0.0294806212186813
1741,380.2,0.48070752620697
1742,380.3,0.749241292476654
1743,380.4,1.65741789340973
1744,380.6,0.365993231534958
1745,381.1,0.014046648517251
1746,381.3,0.464926719665527
1747,381.4,0.594988286495209
1748,381.6,0.0994537398219109
1749,381.8,0.0146536026149988
1750,382.0,0.0275730509310961
1751,382.2,0.403017431497574
1752,382.4,1.81895434856415
1753,382.5,1.00632965564728
1754,382.8,0.028613543137908
1755,383.0,0.180785566568375
1756,383.2,0.585103631019592
1757,383.4,1.14133358001709
1758,383.5,0.658545017242432
1759,384.0,0.0279198829084635
1760,384.2,0.388623952865601
1761,384.4,2.07725667953491
1762,384.5,1.51651787757874
1763,384.8,0.310933828353882
1764,385.0,1.37977981567383
1765,385.2,3.47975373268127
1766,385.3,1.66123294830322
1767,385.5,0.288129717111588
1768,385.8,0.0696262866258621
1769,386.1,0.48235496878624
1770,386.2,1.61909306049347
1771,386.4,0.929419934749603
1772,386.5,1.32307291030884
1773,386.8,0.565767824649811
1774,387.0,4.06615781784058
1775,387.2,8.99393081665039
1776,387.3,2.97919011116028
1777,387.5,0.278765290975571
1778,387.7,0.0470822863280773
1779,387.9,0.144715160131454
1780,388.1,0.680482089519501
1781,388.3,1.62420880794525
1782,388.4,1.06910610198975
1783,388.6,0.181912764906883
1784,389.0,0.275123566389084
1785,389.2,1.55388879776001
1786,389.3,0.886066079139709
1787,389.5,0.228214681148529
1788,389.7,0.0312147755175829
1789,389.9,0.0283534210175276
1790,390.1,0.421399474143982
1791,390.3,0.96913206577301
1792,390.4,0.850602626800537
1793,390.5,0.922743439674377
1794,390.7,0.0433538556098938
1795,390.9,0.0353767462074757
1796,391.1,0.107430852949619
1797,391.3,0.275990635156631
1798,391.4,0.179224833846092
1799,391.7,0.0601751506328583
1800,392.0,0.0179484952241182
1801,392.2,0.33616578578949
1802,392.4,1.39954912662506
1803,392.5,1.14176714420319
1804,392.7,0.0133529873564839
1805,392.9,0.0310413595288992
1806,393.2,0.118356019258499
1807,393.4,0.237058877944946
1808,393.5,0.235844969749451
1809,393.7,0.0658978596329689
1810,394.1,0.0593080706894398
1811,394.3,0.454001545906067
1812,394.5,1.24564290046692
1813,394.6,0.15277898311615
1814,394.7,0.0864475816488266
1815,395.1,0.0425734855234623
1816,395.3,0.175756528973579
1817,395.4,0.421226054430008
1818,395.6,0.0756958276033401
1819,396.1,0.0431804396212101
1820,396.3,0.47472470998764
1821,396.5,1.37769877910614
1822,396.6,0.362785041332245
1823,396.8,0.0130061563104391
1824,397.1,0.0436139777302742
1825,397.3,0.260296553373337
1826,397.4,0.598369896411896
1827,397.6,0.151565074920654
1828,397.9,0.0636434555053711
1829,398.2,0.327234894037247
1830,398.4,1.77325940132141
1831,398.5,1.96124160289764
1832,398.8,0.544957935810089
1833,399.0,1.7221884727478
1834,399.2,5.11965656280518
1835,399.3,1.61805260181427
1836,399.5,0.502471148967743
1837,399.7,0.0178617872297764
1838,399.9,0.0908696800470352
1839,400.1,0.37743866443634
1840,400.3,1.54911994934082
1841,400.5,1.43692016601563
1842,400.6,0.832480728626251
1843,400.8,2.29133796691895
1844,401.0,21.549467086792
1845,401.1,59.2073173522949
1846,401.3,5.30260992050171
1847,401.5,0.208618745207787
1848,401.8,0.821208715438843
1849,401.9,2.27815842628479
1850,402.1,12.8149662017822
1851,402.2,11.7025060653687
1852,402.4,1.41853809356689
1853,402.7,0.562039375305176
1854,402.9,1.72409605979919
1855,403.1,9.83092021942139
1856,403.2,7.84427309036255
1857,403.4,0.618052542209625
1858,403.6,0.144108206033707
1859,403.7,0.0269660968333483
1860,404.0,0.371889352798462
1861,404.2,0.866036593914032
1862,404.3,0.617879152297974
1863,404.5,0.997919023036957
1864,404.6,0.190843671560287
1865,404.8,0.0153472647070885
1866,405.0,0.773346066474915
1867,405.2,11.4279022216797
1868,405.3,0.940605223178864
1869,405.5,0.120350301265717
1870,405.7,0.0276597589254379
1871,406.0,0.17081418633461
1872,406.2,4.22127819061279
1873,406.3,0.438567578792572
1874,406.4,0.889447689056396
1875,406.6,0.268447071313858
1876,406.8,0.0136998174712062
1877,407.0,0.0708401948213577
1878,407.2,1.96843838691711
1879,407.3,0.200815051794052
1880,407.5,0.216682568192482
1881,407.6,0.0195959415286779
1882,408.1,0.155120089650154
1883,408.3,0.774386525154114
1884,408.4,0.544090867042542
1885,408.6,0.284574687480927
1886,409.0,0.0461285002529621
1887,409.2,0.188242435455322
1888,409.4,0.0699731186032295
1889,409.6,0.0700598284602165
1890,410.1,0.0446544699370861
1891,410.3,0.408913552761078
1892,410.5,1.44047510623932
1893,410.6,0.35532820224762
1894,410.9,0.0273996349424124
1895,411.0,0.0136998174712062
1896,411.4,0.145495533943176
1897,411.5,0.136391222476959
1898,411.7,0.014046648517251
1899,412.0,0.013786525465548
1900,412.2,0.0756958276033401
1901,412.4,0.806468367576599
1902,412.5,1.1094251871109
1903,412.7,0.162663653492928
1904,413.0,0.0298274513334036
1905,413.2,0.27495014667511
1906,413.4,0.306078195571899
1907,413.6,0.0576606243848801
1908,413.9,0.0151738487184048
1909,414.1,0.101534724235535
1910,414.3,0.380820244550705
1911,414.5,0.552848339080811
1912,414.6,0.900112748146057
1913,414.9,2.45096683502197
1914,415.0,8.37977981567383
1915,415.2,84.4135971069336
1916,415.3,15.1230382919312
1917,415.5,0.152518853545189
1918,415.6,0.164571225643158
1919,415.9,2.00676321983337
1920,416.1,16.7998790740967
1921,416.2,23.5923004150391
1922,416.4,2.79060077667236
1923,416.6,0.0904361382126808
1924,416.8,0.488337814807892
1925,417.0,5.77560043334961
1926,417.2,21.0104923248291
1927,417.3,7.64371824264526
1928,417.4,1.74343192577362
1929,417.6,0.141246855258942
1930,417.8,0.0280065890401602
1931,418.0,0.656724154949188
1932,418.2,2.27945899963379
1933,418.3,1.93193447589874
1934,418.5,0.250411868095398
1935,418.6,0.330356359481812
1936,418.8,0.116795286536217
1937,419.0,0.539148509502411
1938,419.2,2.68377709388733
1939,419.3,1.59654903411865
1940,419.5,0.125205934047699
1941,419.7,0.0290470831096172
1942,419.9,0.0520246252417564
1943,420.2,0.391571998596191
1944,420.4,0.843666017055511
1945,420.5,0.44983959197998
1946,420.7,0.100060693919659
1947,420.9,0.013092864304781
1948,421.2,0.31787046790123
1949,421.3,0.528049945831299
1950,421.5,0.127547040581703
1951,422.0,0.014566894620657
1952,422.2,0.10795109719038
1953,422.4,0.406745851039886
1954,422.5,0.436226487159729
1955,422.8,0.0322552658617496
1956,423.1,0.0449145920574665
1957,423.3,0.0988467857241631
1958,423.4,0.129714727401733
1959,423.6,0.0538454875349998
1960,424.0,0.0132662793621421
1961,424.2,0.013786525465548
1962,424.4,0.376658290624619
1963,424.5,0.326194405555725
1964,424.7,0.0350299142301083
1965,425.1,0.0262724347412586
1966,425.2,0.0619093030691147
1967,425.5,0.0995404496788979
1968,425.8,0.0130061563104391
1969,426.1,0.0358102843165398
1970,426.3,0.161623165011406
1971,426.5,0.39686119556427
1972,426.6,0.135090604424477
1973,427.3,0.0277464669197798
1974,427.4,0.105349868535995
1975,427.7,0.0289603751152754
1976,428.1,0.0429203137755394
1977,428.3,0.12572617828846
1978,428.5,0.2987080514431
1979,428.7,0.629931509494781
1980,428.9,1.61623167991638
1981,429.1,31.8681182861328
1982,429.2,58.2218856811523
1983,429.4,1.75522410869598
1984,429.6,0.0300008673220873
1985,429.8,0.265932530164719
1986,430.0,5.25847578048706
1987,430.2,22.0270519256592
1988,430.3,10.1171417236328
1989,430.5,0.566114604473114
1990,430.6,0.435359388589859
1991,430.9,1.05289173126221
1992,431.1,11.2873497009277
1993,431.2,17.4195785522461
1994,431.4,1.95014309883118
1995,431.6,0.0649440735578537
1996,431.9,0.114974424242973
1997,432.1,0.746900200843811
1998,432.2,1.83664262294769
1999,432.4,0.758605718612671
2000,432.6,0.147056266665459
2001,432.8,0.179051414132118
2002,433.0,2.13257598876953
2003,433.2,8.82935905456543
2004,433.3,6.48356866836548
2005,433.5,0.218676835298538
2006,433.6,0.0474291183054447
2007,433.9,0.0502904690802097
2008,434.1,0.528743624687195
2009,434.3,1.34995234012604
2010,434.4,0.590392768383026
2011,434.6,0.135610848665237
2012,435.0,0.031128067523241
2013,435.2,0.196132838726044
2014,435.3,0.300702333450317
2015,435.5,0.0901760160923004
2016,435.9,0.0281800050288439
2017,436.0,0.031128067523241
2018,436.3,0.125119224190712
2019,436.5,0.186074748635292
2020,436.8,0.0279198829084635
2021,437.1,0.027139512822032
2022,437.3,0.0892222300171852
2023,437.4,0.0139599414542317
2024,438.2,0.0554929338395596
2025,438.3,0.0737882629036903
2026,438.5,0.146102488040924
2027,438.6,0.0890488177537918
2028,439.0,0.0136131104081869
2029,439.5,0.0598283186554909
2030,439.9,0.0150871416553855
2031,440.4,0.121130667626858
2032,440.6,0.140639901161194
2033,441.2,0.0279198829084635
2034,441.3,0.0407526232302189
2035,441.6,0.0328622199594975
2036,442.1,0.0163010489195585
2037,442.4,0.0704933702945709
2038,442.5,0.121564209461212
2039,443.2,0.0278331749141216
2040,443.4,0.0529784113168716
2041,443.6,0.0263591427356005
2042,443.8,0.0270528048276901
2043,444.2,0.0299141593277454
2044,444.3,0.0150871416553855
2045,444.5,0.0915633365511894
2046,444.6,0.013786525465548
2047,444.8,0.0424000695347786
2048,445.0,0.0555796399712563
2049,445.2,0.195352464914322
2050,445.3,0.165785133838654
2051,445.6,0.0278331749141216
2052,445.8,0.0178617872297764
2053,446.1,0.0450013019144535
2054,446.2,0.122691407799721
2055,446.4,0.189716473221779
2056,446.6,0.0404925011098385
2057,446.8,0.0133529873564839
2058,447.0,0.05575305595994
2059,447.2,0.192577823996544
2060,447.3,0.159108638763428
2061,447.4,0.150437876582146
2062,447.6,0.0139599414542317
2063,448.1,0.0580941662192345
2064,448.3,0.0150871416553855
2065,448.4,0.061822596937418
2066,448.6,0.0593947805464268
2067,448.9,0.014566894620657
2068,449.4,0.0721408128738403
2069,450.2,0.0439608097076416
2070,450.3,0.0132662793621421
2071,450.4,0.0984132513403893
2072,450.6,0.0436139777302742
2073,451.0,0.11289343982935
2074,451.2,0.104482784867287
2075,451.6,0.0282667130231857
2076,452.0,0.0293072052299976
2077,452.3,0.0755224153399467
2078,452.4,0.0984999537467957
2079,452.7,0.0269660968333483
2080,453.4,0.0410994552075863
2081,454.2,0.0274863429367542
2082,454.5,0.0893956497311592
2083,454.7,0.0413595773279667
2084,455.7,0.0287002511322498
2085,456.2,0.0141333565115929
2086,456.4,0.0287002511322498
2087,457.2,0.0131795713678002
2088,457.3,0.0404925011098385
2089,457.7,0.0147403106093407
2090,458.3,0.0151738487184048
2091,458.6,0.0562733039259911
2092,458.7,0.0134396944195032
2093,459.0,0.156073868274689
2094,459.1,0.19240440428257
2095,459.2,0.37657156586647
2096,459.4,0.0420532375574112
2097,460.1,0.0131795713678002
2098,460.3,0.10604352504015
2099,460.5,0.0560131780803204
2100,460.7,0.417237490415573
2101,460.9,2.48443603515625
2102,461.1,8.48053455352783
2103,461.2,8.23697185516357
2104,461.4,0.42113932967186
2105,461.6,0.0178617872297764
2106,461.8,0.154253005981445
2107,462.0,0.59143328666687
2108,462.2,1.43293154239655
2109,462.3,0.250758677721024
2110,462.4,0.171074315905571
2111,462.6,0.0134396944195032
2112,462.8,0.0282667130231857
2113,463.0,0.270961582660675
2114,463.1,0.570796847343445
2115,463.3,0.0743085071444511
2116,463.4,0.0981531292200089
2117,464.1,0.028093297034502
2118,464.2,0.0881817415356636
2119,464.7,0.0133529873564839
2120,464.9,0.0299141593277454
2121,465.3,0.0425734855234623
2122,466.2,0.0273996349424124
2123,466.4,0.0446544699370861
2124,467.0,0.0130061563104391
2125,467.4,0.0264458507299423
2126,468.5,0.028613543137908
2127,468.7,0.0150004336610436
2128,468.9,0.0132662793621421
2129,469.3,0.0132662793621421
2130,469.6,0.013786525465548
2131,470.1,0.0508107170462608
2132,470.3,0.0294806212186813
2133,471.2,0.0417931154370308
2134,471.4,0.0148270176723599
2135,472.3,0.0147403106093407
2136,472.5,0.0298274513334036
2137,472.9,0.0154339717701077
2138,473.1,0.0565334260463715
2139,473.3,0.0134396944195032
2140,473.5,0.0611289329826832
2141,473.7,0.0142200645059347
2142,474.0,0.0275730509310961
2143,474.2,0.0130061563104391
2144,474.4,0.0488164387643337
2145,474.6,0.102228388190269
2146,474.8,0.70267927646637
2147,475.0,6.20593070983887
2148,475.2,29.3186511993408
2149,475.3,13.8943033218384
2150,475.5,0.412121742963791
2151,475.7,0.0160409267991781
2152,475.9,0.548079431056976
2153,476.1,4.51894569396973
2154,476.3,8.17168140411377
2155,476.4,1.15746116638184
2156,476.5,0.260730087757111
2157,476.7,0.0977195873856544
2158,476.9,0.250411868095398
2159,477.1,1.7501083612442
2160,477.2,1.472123503685
2161,477.3,1.70259261131287
2162,477.5,0.0499436408281326
2163,477.7,0.044134221971035
2164,478.0,0.0940778627991676
2165,478.3,0.139859527349472
2166,478.4,0.128153994679451
2167,478.7,0.0136131104081869
2168,478.9,0.0729211792349815
2169,479.2,1.6124165058136
2170,479.3,0.353160500526428
2171,479.9,0.014566894620657
2172,480.2,0.683343470096588
2173,480.3,0.133616581559181
2174,481.0,0.0365906544029713
2175,481.2,0.447671890258789
2176,481.4,0.0166478808969259
2177,482.3,0.122864820063114
2178,482.8,0.0133529873564839
2179,486.5,0.013786525465548
2180,488.0,0.0132662793621421
2181,488.4,0.0275730509310961
2182,488.7,0.102575220167637
2183,488.8,0.144975289702415
2184,489.0,5.06520414352417
2185,489.2,30.7123031616211
2186,489.3,16.6428508758545
2187,489.5,0.178531169891357
2188,489.7,0.172461628913879
2189,489.8,0.119656637310982
2190,490.0,2.01933574676514
2191,490.2,8.65368938446045
2192,490.3,6.16144990921021
2193,490.5,0.477586060762405
2194,490.7,0.0600017346441746
2195,490.9,0.412728697061539
2196,491.1,2.9138126373291
2197,491.3,4.74265146255493
2198,491.4,0.85840630531311
2199,492.0,0.0148270176723599
2200,492.2,0.295760005712509
2201,492.3,0.160842806100845
2202,492.6,0.027139512822032
2203,492.9,0.0455215461552143
2204,493.1,0.308419317007065
2205,493.2,0.299575120210648
2206,493.3,0.417410910129547
2207,493.5,0.0295673292130232
2208,494.2,0.0409260392189026
2209,494.3,0.113240264356136
2210,494.6,0.0135264024138451
2211,495.2,0.0156940948218107
2212,496.3,0.0303476974368095
2213,497.2,0.0282667130231857
2214,497.4,0.0131795713678002
2215,497.6,0.0132662793621421
2216,498.3,0.0151738487184048
2217,501.1,0.026619266718626
2218,501.4,0.028613543137908
2219,501.6,0.031128067523241
2220,502.0,0.0133529873564839
2221,502.7,0.0282667130231857
2222,502.8,0.0527182854712009
2223,503.0,0.964883387088776
2224,503.1,1.94554758071899
2225,503.3,4.25474739074707
2226,503.4,0.791294574737549
2227,503.6,0.0425734855234623
2228,503.8,0.0130061563104391
2229,504.0,0.135610848665237
2230,504.2,0.574958801269531
2231,504.3,0.399895936250687
2232,504.5,0.0583542883396149
2233,504.8,0.0702332407236099
2234,505.0,0.0921702906489372
2235,505.2,0.340154349803925
2236,505.3,0.215035110712051
2237,505.5,0.0131795713678002
2238,506.0,0.014306771568954
2239,506.4,0.014046648517251
2240,506.6,0.0284401290118694
2241,506.7,0.0136998174712062
2242,506.9,0.0626896694302559
2243,507.1,0.81687331199646
2244,507.3,0.899072229862213
2245,507.4,0.243995487689972
2246,507.6,0.0283534210175276
2247,507.8,0.0144801875576377
2248,508.0,0.0136998174712062
2249,508.2,0.0766496136784554
2250,508.3,0.0867077112197876
2251,508.5,0.0130061563104391
2252,509.1,0.0293939132243395
2253,509.3,0.0313881896436214
2254,509.5,0.0439608097076416
2255,509.7,0.0157808028161526
2256,511.4,0.0133529873564839
2257,513.5,0.0172548331320286
2258,514.7,0.0146536026149988
2259,515.4,0.013092864304781
2260,519.1,0.0131795713678002
2261,519.3,0.0419665314257145
2262,519.8,0.0158675108104944
2263,520.3,0.0139599414542317
2264,520.7,0.0130061563104391
2265,520.9,0.0262724347412586
2266,521.0,0.0574872121214867
2267,521.2,0.0149137256667018
2268,521.4,0.0160409267991781
2269,522.3,0.0474291183054447
2270,522.4,0.0275730509310961
2271,523.2,0.0273996349424124
2272,525.0,0.0138732334598899
2273,525.4,0.017601665109396
2274,527.5,0.03962542116642
2275,528.1,0.0162143409252167
2276,528.5,0.0138732334598899
2277,529.5,0.0165611729025841
2278,530.1,0.013786525465548
2279,532.6,0.0138732334598899
2280,533.0,0.0530651174485683
2281,533.2,0.0293072052299976
2282,533.5,0.0320818535983562
2283,534.5,0.013786525465548
2284,534.8,0.133963406085968
2285,535.0,1.17315530776978
2286,535.1,1.54305040836334
2287,535.2,2.45035982131958
2288,535.4,0.286742389202118
2289,535.7,0.0289603751152754
2290,535.9,0.0279198829084635
2291,536.1,0.364692628383636
2292,536.2,0.31700336933136
2293,536.4,0.0708401948213577
2294,536.8,0.0135264024138451
2295,537.0,0.0431804396212101
2296,537.2,0.176883727312088
2297,537.3,0.0756958276033401
2298,539.1,0.013092864304781
2299,541.5,0.0156073877587914
2300,544.6,0.0159542188048363
2301,548.4,0.0131795713678002
2302,548.9,0.515390634536743
2303,549.1,5.34492349624634
2304,549.3,13.1456689834595
2305,549.4,2.67406582832336
2306,549.6,0.0932974964380264
2307,549.9,0.103875838220119
#"+ Scan (rt: 5.072-55.023 min, 8741 scans) 240221_WL8_1.D "
#Point,X(Thompsons),Y(Counts)
0,50.2,201.933074951172
1,50.3,21.2435646057129
2,50.5,0.203752428293228
3,50.8,0.0824848413467407
4,51.0,12.6566753387451
5,51.2,455.994049072266
6,51.3,30.2645015716553
7,51.5,0.0227662734687328
8,51.8,0.0625786557793617
9,52.0,12.6612520217896
10,52.2,159.767868041992
11,52.3,28.0256271362305
12,52.5,0.169088199734688
13,52.8,0.0360370650887489
14,53.0,8.44502925872803
15,53.2,655.588134765625
16,53.3,51.8803329467773
17,53.5,0.107195973396301
18,53.8,0.0521679446101189
19,54.0,7.79064178466797
20,54.2,709.070007324219
21,54.3,85.8779296875
22,54.5,0.157190248370171
23,55.2,3995.89697265625
24,55.3,101.172409057617
25,55.9,0.0773366913199425
26,56.1,93.9656753540039
27,56.2,2012.904296875
28,56.4,1.75185906887054
29,57.1,64.2844085693359
30,57.2,3833.57543945313
31,57.4,0.903786778450012
32,57.6,0.0470197908580303
33,57.8,0.296762377023697
34,58.0,23.1926555633545
35,58.2,180.067840576172
36,58.3,36.9886741638184
37,58.5,0.340006858110428
38,58.8,0.294817537069321
39,59.0,4.39091634750366
40,59.2,12.9218626022339
41,59.3,3.57716512680054
42,59.7,0.0372955054044724
43,59.9,0.192083284258842
44,60.1,1.65290009975433
45,60.2,1.50966703891754
46,60.4,0.220226511359215
47,60.8,0.0550280287861824
48,61.0,1.89131677150726
49,61.2,6.56721210479736
50,61.3,1.08156967163086
51,61.6,0.0372955054044724
52,61.8,0.205239668488503
53,62.0,12.0743618011475
54,62.2,55.9273529052734
55,62.3,9.12550067901611
56,62.5,0.0568584837019444
57,62.8,0.12469968944788
58,63.0,19.8070011138916
59,63.2,278.116455078125
60,63.3,27.5682411193848
61,63.5,0.0241391137242317
62,63.7,0.280288308858871
63,63.9,7.3106050491333
64,64.1,108.744537353516
65,64.2,72.7665023803711
66,64.4,2.6010754108429
67,64.6,0.0502230860292912
68,64.8,0.158448696136475
69,65.0,14.9373073577881
70,65.2,479.6884765625
71,65.3,42.3190727233887
72,65.5,0.0185333490371704
73,65.7,0.0171605087816715
74,65.9,1.5564581155777
75,66.1,96.5803680419922
76,66.2,167.088439941406
77,66.4,4.53906869888306
78,67.1,149.674072265625
79,67.2,1917.46630859375
80,67.4,0.0502230860292912
81,67.9,0.189795210957527
82,68.1,137.567672729492
83,68.2,913.174438476563
84,68.4,2.5748770236969
85,69.1,97.2766265869141
86,69.2,2666.04370117188
87,69.4,0.0663539618253708
88,69.9,0.326964884996414
89,70.1,100.843612670898
90,70.2,1703.40185546875
91,70.4,3.48953199386597
92,70.6,0.029401671141386
93,71.0,4.4009838104248
94,71.2,2080.46215820313
95,71.3,171.770614624023
96,71.5,0.020935820415616
97,71.9,1.00034320354462
98,72.1,21.6492385864258
99,72.2,90.9265518188477
100,72.4,2.18922328948975
101,72.7,0.183617427945137
102,72.9,2.74808382987976
103,73.1,119.780799865723
104,73.2,283.365753173828
105,73.4,1.98261070251465
106,73.6,0.0371811017394066
107,73.8,0.304541826248169
108,74.0,23.8473854064941
109,74.2,96.6288757324219
110,74.3,14.4253520965576
111,74.5,0.0559432543814182
112,74.8,0.308202713727951
113,75.0,27.3826789855957
114,75.2,125.324447631836
115,75.3,21.8122634887695
116,75.5,0.532662153244019
117,75.8,0.79819244146347
118,76.0,30.1162338256836
119,76.2,126.134994506836
120,76.3,35.5421562194824
121,76.5,0.390229940414429
122,76.8,0.0239103082567453
123,77.0,13.0138425827026
124,77.2,1063.40576171875
125,77.3,31.4866714477539
126,77.8,0.111428901553154
127,78.0,22.3388633728027
128,78.2,478.431976318359
129,78.3,50.1997489929199
130,78.5,0.210044622421265
131,78.8,0.0296304766088724
132,79.1,337.92333984375
133,79.2,1074.67736816406
134,79.9,1.25020015239716
135,80.1,148.201919555664
136,80.2,310.716857910156
137,80.4,4.66514110565186
138,81.0,1.28108906745911
139,81.2,2017.34533691406
140,81.3,70.652214050293
141,81.8,0.0229950807988644
142,82.0,4.95801401138306
143,82.2,1255.83642578125
144,82.3,184.948867797852
145,82.5,0.161880791187286
146,82.9,0.179270103573799
147,83.1,111.860771179199
148,83.2,2186.35717773438
149,83.4,0.81272166967392
150,83.8,0.0624642483890057
151,84.0,12.3112916946411
152,84.2,849.010314941406
153,84.3,149.176635742188
154,84.5,0.684017837047577
155,84.8,0.123555660247803
156,85.0,11.3567094802856
157,85.2,1463.361328125
158,85.3,150.562973022461
159,85.9,1.45692718029022
160,86.1,28.4056739807129
161,86.2,85.9894714355469
162,86.4,1.9717423915863
163,86.6,0.137398466467857
164,86.8,0.525797963142395
165,87.0,11.5270566940308
166,87.2,35.0870628356934
167,87.3,5.87072420120239
168,87.4,1.33668911457062
169,87.6,0.171147465705872
170,87.8,0.6589635014534
171,88.0,8.99290657043457
172,88.2,20.5992450714111
173,88.3,7.8253059387207
174,88.5,0.704038441181183
175,88.8,1.12927579879761
176,89.0,36.4337043762207
177,89.2,191.61457824707
178,89.3,36.7203979492188
179,89.6,0.797506034374237
180,89.8,2.69328451156616
181,90.0,9.56446647644043
182,90.1,8.66090869903564
183,90.2,15.1891088485718
184,90.4,2.3039698600769
185,90.7,0.0497654713690281
186,91.0,7.11039924621582
187,91.2,1793.85668945313
188,91.3,38.9870719909668
189,91.8,0.167829766869545
190,92.0,22.2472248077393
191,92.2,396.637786865234
192,92.3,54.0978164672852
193,92.5,0.248484149575233
194,92.8,0.0221942570060492
195,93.0,10.9146547317505
196,93.2,641.350402832031
197,93.3,89.9989700317383
198,93.5,0.322846353054047
199,93.6,0.130305454134941
200,93.9,2.28417801856995
201,94.1,128.166687011719
202,94.2,289.247467041016
203,94.4,23.2949314117432
204,94.6,0.649124801158905
205,95.1,151.747512817383
206,95.2,1286.75659179688
207,95.4,0.687564373016357
208,95.6,0.0503374896943569
209,96.0,11.0463333129883
210,96.2,964.805297851563
211,96.3,169.554748535156
212,96.8,0.0371811017394066
213,97.0,7.41333961486816
214,97.2,1817.50866699219
215,97.3,236.265533447266
216,97.5,0.104450292885303
217,97.8,0.0521679446101189
218,98.0,15.7528886795044
219,98.2,504.261627197266
220,98.3,121.047592163086
221,98.5,0.36174350976944
222,98.9,2.01796126365662
223,99.1,44.8231315612793
224,99.2,347.579559326172
225,99.4,5.3981237411499
226,99.7,0.226747512817383
227,99.9,0.755062341690063
228,100.1,9.61571884155273
229,100.2,22.809061050415
230,100.4,1.90104103088379
231,100.7,0.533005356788635
232,100.9,5.84109354019165
233,101.1,34.3249053955078
234,101.2,36.1735496520996
235,101.4,5.52579784393311
236,101.6,0.627731382846832
237,101.8,3.05857443809509
238,102.0,30.0927810668945
239,102.2,103.07470703125
240,102.3,25.9942798614502
241,102.5,1.84017848968506
242,102.7,1.6836746931076
243,102.9,8.96476364135742
244,103.1,151.006286621094
245,103.2,178.179611206055
246,103.4,4.4840407371521
247,103.5,1.72760558128357
248,103.8,2.02116465568542
249,104.0,35.4811820983887
250,104.2,245.881484985352
251,104.3,45.655876159668
252,104.5,0.610113263130188
253,104.6,0.0628074556589127
254,104.9,0.256492406129837
255,105.1,251.080078125
256,105.2,933.303649902344
257,105.4,0.346527844667435
258,105.8,0.221942573785782
259,106.0,20.1696605682373
260,106.2,425.874725341797
261,106.3,62.8605422973633
262,106.4,9.63345146179199
263,106.6,2.00480484962463
264,106.8,1.07276058197021
265,107.0,20.9192314147949
266,107.2,545.794311523438
267,107.3,85.7477416992188
268,107.4,9.41745758056641
269,107.7,2.44537234306335
270,107.9,8.85035991668701
271,108.1,118.37329864502
272,108.2,242.530258178711
273,108.4,11.7899551391602
274,108.6,0.595240831375122
275,108.8,0.30854594707489
276,109.0,9.5408992767334
277,109.2,592.490234375
278,109.3,156.406127929688
279,109.5,0.0520535409450531
280,109.7,0.075620636343956
281,109.9,1.96041643619537
282,110.1,96.6349411010742
283,110.2,393.263580322266
284,110.4,9.66456890106201
285,110.6,0.3227319419384
286,110.9,1.17400753498077
287,111.1,98.1754913330078
288,111.2,904.203430175781
289,111.4,4.46756649017334
290,111.5,0.0581169202923775
291,111.7,0.065553143620491
292,111.9,2.16794419288635
293,112.1,52.5330047607422
294,112.2,337.308319091797
295,112.4,9.09552669525146
296,112.6,0.381764113903046
297,112.8,1.3739846944809
298,113.0,16.3785610198975
299,113.2,185.085342407227
300,113.3,97.5964965820313
301,113.5,1.46379137039185
302,113.7,0.640315771102905
303,113.9,5.00022888183594
304,114.1,18.2456245422363
305,114.2,30.3759288787842
306,114.4,6.77153635025024
307,114.6,0.700148701667786
308,114.8,1.08442974090576
309,115.0,23.994966506958
310,115.2,911.401306152344
311,115.3,37.986270904541
312,115.6,0.556229293346405
313,115.8,2.12572932243347
314,116.0,24.6826457977295
315,116.2,240.814544677734
316,116.3,32.2023811340332
317,116.4,4.30820274353027
318,116.6,0.35499370098114
319,116.8,0.785150468349457
320,117.0,21.9130535125732
321,117.2,602.461853027344
322,117.3,56.381763458252
323,117.5,0.31632536649704
324,117.6,0.346070230007172
325,117.9,3.85036039352417
326,118.1,101.644889831543
327,118.2,193.269989013672
328,118.4,7.32227420806885
329,118.6,0.489532083272934
330,118.9,1.19757461547852
331,119.1,172.618927001953
332,119.2,586.262573242188
333,119.4,3.78286242485046
334,119.7,1.06292188167572
335,119.9,8.87758827209473
336,120.1,107.225486755371
337,120.2,287.615600585938
338,120.4,8.42924118041992
339,120.5,2.63837099075317
340,120.8,0.964649379253387
341,121.0,20.4040718078613
342,121.2,494.203643798828
343,121.3,86.8338851928711
344,121.5,0.660565137863159
345,121.8,1.421462059021
346,122.0,27.5968418121338
347,122.2,249.885360717773
348,122.3,67.4776306152344
349,122.5,1.93387484550476
350,122.7,0.663882851600647
351,123.0,14.3258209228516
352,123.2,300.911102294922
353,123.3,105.790756225586
354,123.5,0.283949196338654
355,123.8,0.369980543851852
356,124.0,14.4766044616699
357,124.2,173.203979492188
358,124.3,83.1446075439453
359,124.5,1.28303396701813
360,124.7,0.278343439102173
361,124.9,2.28726696968079
362,125.1,73.4576110839844
363,125.2,377.436462402344
364,125.4,8.82233142852783
365,125.6,0.374213486909866
366,125.8,0.885024607181549
367,125.9,2.92918419837952
368,126.1,71.7264633178711
369,126.2,282.515167236328
370,126.4,9.74167728424072
371,126.7,0.997368693351746
372,126.9,4.02253723144531
373,127.1,123.970710754395
374,127.2,297.786743164063
375,127.4,7.82736539840698
376,127.7,1.32719373703003
377,127.9,4.31140613555908
378,128.1,206.260604858398
379,128.2,547.920043945313
380,128.3,52.2076416015625
381,128.6,0.791900217533112
382,128.7,0.315181314945221
383,128.9,3.34504055976868
384,129.1,181.199523925781
385,129.2,532.77734375
386,129.4,2.37810325622559
387,129.6,0.128932610154152
388,129.8,0.797277212142944
389,130.0,22.0952987670898
390,130.2,263.363006591797
391,130.3,42.3588829040527
392,130.5,0.985928356647491
393,130.7,0.0740189924836159
394,130.9,2.0630362033844
395,131.1,151.436569213867
396,131.2,392.191040039063
397,131.3,65.0240249633789
398,131.5,0.620638370513916
399,131.8,1.53998398780823
400,132.0,18.8012809753418
401,132.2,224.19792175293
402,132.3,52.9117965698242
403,132.5,1.21324789524078
404,132.8,0.256949990987778
405,133.0,26.9665946960449
406,133.2,496.964416503906
407,133.3,70.1406021118164
408,133.5,0.132135912775993
409,133.8,1.25225949287415
410,134.0,22.9778060913086
411,134.2,231.934783935547
412,134.3,62.1116561889648
413,134.5,0.851618826389313
414,134.8,0.0811119973659515
415,135.0,13.1206951141357
416,135.2,449.902862548828
417,135.3,87.016471862793
418,135.7,0.0399267822504044
419,135.9,3.15879201889038
420,136.1,70.5800247192383
421,136.2,158.499145507813
422,136.4,6.92060422897339
423,136.5,1.17984211444855
424,136.7,0.231895670294762
425,136.9,2.80986166000366
426,137.1,101.985816955566
427,137.2,146.743743896484
428,137.3,68.5997009277344
429,137.5,0.224345043301582
430,137.7,0.0899210646748543
431,137.9,2.2455096244812
432,138.1,44.5418128967285
433,138.2,119.489761352539
434,138.4,10.8088321685791
435,138.6,0.431758373975754
436,138.8,0.634366750717163
437,139.0,22.4277534484863
438,139.2,255.514465332031
439,139.3,62.834228515625
440,139.5,0.250314623117447
441,139.8,0.46333372592926
442,140.0,9.32113075256348
443,140.2,103.510925292969
444,140.3,88.2624435424805
445,140.5,1.11245858669281
446,140.8,0.558746159076691
447,141.0,12.9241504669189
448,141.2,660.726257324219
449,141.3,83.2920684814453
450,141.5,0.239217475056648
451,141.7,0.244708836078644
452,141.9,2.3244481086731
453,142.1,112.334289550781
454,142.2,314.568939208984
455,142.4,2.90801978111267
456,142.6,0.399839848279953
457,142.8,0.499713987112045
458,143.0,14.78537940979
459,143.2,400.313354492188
460,143.3,53.800479888916
461,143.5,0.369751751422882
462,143.8,0.418373197317123
463,144.0,16.0075511932373
464,144.2,248.141403198242
465,144.3,47.08740234375
466,144.5,0.741791546344757
467,144.8,0.181558176875114
468,145.0,10.9982843399048
469,145.2,484.034545898438
470,145.3,65.9870758056641
471,145.4,1.74716854095459
472,145.6,0.0493078604340553
473,145.9,2.42535185813904
474,146.1,75.3821105957031
475,146.2,183.913619995117
476,146.4,5.0319185256958
477,146.6,0.137169659137726
478,146.9,1.34137976169586
479,147.1,173.842926025391
480,147.2,316.177093505859
481,147.4,1.07687902450562
482,147.7,0.0412996225059032
483,147.9,2.57579231262207
484,148.1,75.6863021850586
485,148.2,141.779312133789
486,148.4,5.75849437713623
487,148.6,0.201121151447296
488,148.9,1.29275822639465
489,149.1,132.649017333984
490,149.2,230.115783691406
491,149.4,3.58162689208984
492,149.7,0.135911226272583
493,149.9,3.2974488735199
494,150.1,65.9429092407227
495,150.2,112.084541320801
496,150.4,5.9182014465332
497,150.6,0.301681727170944
498,150.9,1.98329710960388
499,151.1,96.0257415771484
500,151.2,174.474090576172
501,151.4,6.54822111129761
502,151.6,0.10399267822504
503,151.9,1.9828394651413
504,152.1,151.073211669922
505,152.2,308.693298339844
506,152.4,3.58894872665405
507,152.7,0.246882513165474
508,152.9,1.68539071083069
509,153.1,137.585174560547
510,153.2,308.39697265625
511,153.4,1.30328333377838
512,153.6,0.043244481086731
513,153.8,0.26392862200737
514,154.0,12.5621786117554
515,154.2,221.836410522461
516,154.3,89.9544677734375
517,154.5,0.727948725223541
518,154.7,0.0556000471115112
519,154.9,1.56240701675415
520,155.1,126.747512817383
521,155.2,434.704162597656
522,155.4,1.62818896770477
523,155.6,0.0769934803247452
524,155.8,0.385310620069504
525,156.0,13.8188991546631
526,156.2,316.535400390625
527,156.3,55.7020950317383
528,156.5,0.376730352640152
529,156.7,0.0711589083075523
530,156.9,1.58952069282532
531,157.1,97.4870147705078
532,157.2,286.540100097656
533,157.4,2.6615948677063
534,157.6,0.0176181215792894
535,157.8,0.444571554660797
536,158.0,13.757007598877
537,158.2,216.61376953125
538,158.3,56.8643188476563
539,158.5,0.250772207975388
540,158.7,0.121496394276619
541,158.9,1.03168976306915
542,159.1,97.628532409668
543,159.2,294.796691894531
544,159.4,3.07802319526672
545,159.7,0.0986157208681107
546,159.9,1.67086148262024
547,160.1,64.1849899291992
548,160.2,155.667083740234
549,160.4,3.44560122489929
550,160.5,0.417229145765305
551,160.8,0.264615029096603
552,161.0,17.1788120269775
553,161.2,197.532089233398
554,161.3,44.9788360595703
555,161.5,0.168401777744293
556,161.7,0.0988445281982422
557,161.9,1.91946005821228
558,162.1,49.7959060668945
559,162.2,88.2451629638672
560,162.4,5.30751609802246
561,162.7,0.514472007751465
562,162.9,4.64420557022095
563,163.1,108.172523498535
564,163.2,155.028594970703
565,163.4,3.56503844261169
566,163.5,0.417114734649658
567,163.8,0.327308088541031
568,164.0,14.2079849243164
569,164.2,81.4156265258789
570,164.3,28.2527179718018
571,164.4,6.47488832473755
572,164.6,0.182473406195641
573,164.9,1.49319303035736
574,165.1,163.942337036133
575,165.2,427.878387451172
576,165.4,2.0319185256958
577,165.6,0.10399267822504
578,165.8,0.258094042539597
579,166.0,17.7676467895508
580,166.2,220.875762939453
581,166.3,44.0239105224609
582,166.4,4.75265979766846
583,166.7,0.120581172406673
584,166.9,1.35362088680267
585,167.1,85.8471603393555
586,167.2,232.706329345703
587,167.4,2.04118514060974
588,167.7,0.020478205755353
589,167.9,0.853563666343689
590,168.1,58.9349060058594
591,168.2,198.159133911133
592,168.4,5.27285194396973
593,168.7,0.0585745349526405
594,168.9,0.923464119434357
595,169.1,69.8398361206055
596,169.2,290.189331054688
597,169.4,3.60690999031067
598,169.6,0.0521679446101189
599,169.8,0.253403514623642
600,170.0,9.9680814743042
601,170.2,230.807693481445
602,170.3,62.875301361084
603,170.5,0.348701506853104
604,170.6,0.154902189970016
605,171.0,11.7483129501343
606,171.2,241.083862304688
607,171.3,57.5524520874023
608,171.5,0.247912138700485
609,171.7,0.0207070130854845
610,171.9,1.0008008480072
611,172.1,55.5895195007324
612,172.2,152.911911010742
613,172.4,3.05457043647766
614,172.6,0.232696488499641
615,172.7,0.058345727622509
616,172.9,1.44182586669922
617,173.1,68.4135665893555
618,173.2,198.060287475586
619,173.4,3.63287949562073
620,173.7,0.0982725098729134
621,173.9,1.45601189136505
622,174.1,47.0049209594727
623,174.2,113.958473205566
624,174.4,4.06418037414551
625,174.7,0.165198490023613
626,174.9,1.76570188999176
627,175.1,59.2170219421387
628,175.2,116.032150268555
629,175.4,5.8249626159668
630,175.7,0.302940160036087
631,175.9,2.35293436050415
632,176.1,71.5582885742188
633,176.2,80.6986618041992
634,176.3,36.6952285766602
635,176.5,0.542615234851837
636,176.7,0.438393771648407
637,176.9,3.46470665931702
638,177.1,83.3303985595703
639,177.2,124.45726776123
640,177.4,6.08454418182373
641,177.6,0.216680020093918
642,177.9,1.91843032836914
643,178.1,103.876441955566
644,178.2,244.567779541016
645,178.4,3.41597080230713
646,178.7,0.164512068033218
647,178.9,1.37455666065216
648,179.1,92.7901840209961
649,179.2,213.176071166992
650,179.3,51.5021171569824
651,179.5,0.326736062765121
652,179.8,0.189108803868294
653,180.0,10.0981578826904
654,180.2,181.100448608398
655,180.3,49.7447662353516
656,180.5,0.633909165859222
657,180.7,0.026312779635191
658,180.9,1.25637793540955
659,181.1,79.6185760498047
660,181.2,216.278121948242
661,181.4,2.04965114593506
662,181.6,0.0461045652627945
663,181.8,0.117606684565544
664,182.0,8.01853370666504
665,182.2,175.708389282227
666,182.3,75.8932647705078
667,182.5,0.297448813915253
668,182.6,0.145635515451431
669,182.8,0.066239558160305
670,183.0,7.83503007888794
671,183.2,172.267929077148
672,183.3,80.5082931518555
673,183.5,0.43347442150116
674,183.7,0.125157311558723
675,183.9,1.11611938476563
676,184.1,49.533805847168
677,184.2,175.456008911133
678,184.4,4.12138175964355
679,184.6,0.126644551753998
680,184.9,0.890287160873413
681,185.1,56.4156265258789
682,185.2,151.101593017578
683,185.4,3.69991993904114
684,185.7,0.0999885573983192
685,185.9,1.22400188446045
686,186.1,36.3776473999023
687,186.2,100.24779510498
688,186.4,5.11829328536987
689,186.7,0.127216562628746
690,186.9,1.18567669391632
691,187.1,55.8913154602051
692,187.2,128.412200927734
693,187.4,3.72817754745483
694,187.9,1.80425584316254
695,188.1,35.1243553161621
696,188.2,50.3759307861328
697,188.3,37.4609298706055
698,188.5,0.578423500061035
699,188.6,0.116005033254623
700,188.9,0.989246070384979
701,189.1,89.9771194458008
702,189.2,203.971054077148
703,189.4,3.23223876953125
704,189.6,0.0616634264588356
705,189.9,1.49651074409485
706,190.1,56.6518707275391
707,190.2,74.7322998046875
708,190.3,43.4321022033691
709,190.5,0.661594808101654
710,190.7,0.499027580022812
711,190.9,6.13945770263672
712,191.1,187.415283203125
713,191.2,320.96728515625
714,191.4,1.81226408481598
715,191.7,0.0401555895805359
716,191.9,1.69202613830566
717,192.1,73.996223449707
718,192.2,190.461502075195
719,192.4,4.54455995559692
720,192.5,0.864546418190002
721,192.8,0.780231118202209
722,193.0,22.2727375030518
723,193.2,384.333251953125
724,193.3,43.1487236022949
725,193.5,0.0927811488509178
726,193.7,0.0196773819625378
727,193.9,1.35384964942932
728,194.1,70.8623733520508
729,194.2,204.941421508789
730,194.4,4.95652675628662
731,194.6,0.293215870857239
732,194.9,1.10856878757477
733,195.1,76.5406723022461
734,195.2,189.075500488281
735,195.3,44.5127563476563
736,195.5,0.115433014929295
737,195.8,0.188307970762253
738,196.0,6.14792346954346
739,196.2,160.700378417969
740,196.3,78.5237350463867
741,196.5,0.638942897319794
742,196.7,0.065095528960228
743,196.9,1.50314605236053
744,197.1,54.5117263793945
745,197.2,115.16828918457
746,197.3,64.0215072631836
747,197.5,0.345040619373322
748,197.8,0.219997718930244
749,198.0,7.40018320083618
750,198.2,112.875869750977
751,198.3,49.7544898986816
752,198.5,0.199862718582153
753,198.8,0.0993021428585052
754,199.0,7.61114311218262
755,199.2,91.1038818359375
756,199.3,40.784351348877
757,199.5,0.22251458466053
758,199.6,0.0965564548969269
759,199.9,1.54673373699188
760,200.1,37.7677612304688
761,200.2,83.6087417602539
762,200.4,3.82896685600281
763,200.6,0.0811119973659515
764,200.9,1.29012703895569
765,201.1,39.5082931518555
766,201.2,84.3545379638672
767,201.4,6.5516529083252
768,201.7,0.211188644170761
769,201.9,1.17091870307922
770,202.1,79.6939697265625
771,202.2,131.880569458008
772,202.3,44.723258972168
773,202.5,0.206040501594543
774,202.7,0.0173893142491579
775,202.9,1.05537128448486
776,203.1,60.8297691345215
777,203.2,135.313232421875
778,203.4,4.0539984703064
779,203.7,0.082828052341938
780,203.9,1.32181668281555
781,204.1,43.5553131103516
782,204.2,92.458869934082
783,204.4,6.48060846328735
784,204.5,0.543873727321625
785,204.8,0.245738476514816
786,205.0,8.33360004425049
787,205.2,155.86213684082
788,205.3,45.7149085998535
789,205.5,0.449033290147781
790,205.7,0.0884338170289993
791,205.9,0.60576593875885
792,206.1,39.0193328857422
793,206.2,104.285209655762
794,206.3,40.3588829040527
795,206.5,0.152614116668701
796,207.0,18.1905956268311
797,207.1,2020.61596679688
798,207.3,16.6125164031982
799,207.8,0.232925295829773
800,208.0,36.0401573181152
801,208.2,543.04541015625
802,208.3,59.405101776123
803,208.5,0.0844296962022781
804,208.7,0.21633680164814
805,208.8,0.772909283638
806,209.0,34.7913284301758
807,209.2,412.298706054688
808,209.3,50.0981597900391
809,209.5,0.0383251346647739
810,209.8,0.112916141748428
811,210.0,9.283034324646
812,210.2,151.358200073242
813,210.3,74.1847610473633
814,210.5,0.673378348350525
815,210.8,0.273996114730835
816,211.0,14.782977104187
817,211.2,193.801162719727
818,211.3,52.6911125183105
819,211.5,0.260496497154236
820,211.8,0.257064402103424
821,212.0,8.22354412078857
822,212.2,89.3615112304688
823,212.3,45.3432083129883
824,212.5,0.830682992935181
825,212.8,0.39938223361969
826,213.0,12.9183158874512
827,213.2,140.759643554688
828,213.3,38.1173782348633
829,213.5,0.0935819670557976
830,213.7,0.0606337934732437
831,213.9,1.23875987529755
832,214.1,26.4215755462646
833,214.2,56.7772560119629
834,214.4,6.37306928634644
835,214.6,0.326964884996414
836,214.9,1.38622581958771
837,215.1,74.8023147583008
838,215.2,170.287841796875
839,215.4,3.31300759315491
840,215.8,0.119437135756016
841,216.0,8.36460399627686
842,216.2,111.000686645508
843,216.3,39.3193016052246
844,216.5,0.506120562553406
845,216.7,0.0402699932456017
846,216.9,1.0760782957077
847,217.1,39.3563652038574
848,217.2,99.8655776977539
849,217.4,3.96476364135742
850,217.6,0.101704612374306
851,217.8,0.136483237147331
852,218.0,7.40338611602783
853,218.2,92.7443084716797
854,218.3,37.5046348571777
855,218.5,0.456355094909668
856,218.6,0.0993021428585052
857,218.8,0.0581169202923775
858,219.0,5.92346429824829
859,219.2,105.946113586426
860,219.3,40.4500617980957
861,219.5,0.585058927536011
862,219.8,0.144491478800774
863,220.0,5.8407506942749
864,220.2,114.507263183594
865,220.3,45.553596496582
866,220.5,0.499027580022812
867,220.8,0.184761464595795
868,221.0,6.05937528610229
869,221.2,224.969680786133
870,221.3,58.8836517333984
871,221.5,0.257407605648041
872,221.8,0.186935126781464
873,221.9,0.476718902587891
874,222.1,40.6666297912598
875,222.2,162.534378051758
876,222.4,7.60485076904297
877,222.6,0.0753918290138245
878,222.8,0.0226518698036671
879,223.0,8.74339294433594
880,223.2,134.542846679688
881,223.3,53.1932258605957
882,223.6,0.15776227414608
883,223.7,0.087632991373539
884,224.0,6.75826549530029
885,224.1,22.2675895690918
886,224.3,126.376388549805
887,224.4,13.2423067092896
888,224.6,0.180528536438942
889,224.8,0.350875198841095
890,225.0,10.4869012832642
891,225.2,136.658050537109
892,225.3,49.611141204834
893,225.5,0.56297904253006
894,225.8,0.346527844667435
895,226.0,10.5844869613647
896,226.2,111.326507568359
897,226.3,48.0795097351074
898,226.5,0.464820951223373
899,226.8,0.235785380005836
900,227.0,10.2790298461914
901,227.2,86.8639755249023
902,227.3,33.4907913208008
903,227.5,0.443770736455917
904,227.8,0.267017513513565
905,228.0,8.80814552307129
906,228.2,87.2421951293945
907,228.3,36.0867195129395
908,228.5,0.299164861440659
909,228.8,0.236700609326363
910,229.0,7.55703020095825
911,229.2,103.479804992676
912,229.3,36.2709083557129
913,229.5,0.329596161842346
914,229.7,0.0372955054044724
915,229.9,0.823246777057648
916,230.1,35.0124702453613
917,230.2,103.004920959473
918,230.4,7.22651863098145
919,230.6,0.0561720617115498
920,230.8,0.0419860444962978
921,231.0,5.43438959121704
922,231.2,90.9108810424805
923,231.3,42.571216583252
924,231.5,0.549479484558105
925,231.7,0.028028829023242
926,231.9,0.552110731601715
927,232.1,31.2679328918457
928,232.2,96.2855529785156
929,232.4,7.23624277114868
930,232.7,0.151355683803558
931,232.8,0.0742477998137474
932,233.0,5.33463001251221
933,233.2,79.8598556518555
934,233.3,36.2534027099609
935,233.5,0.723372638225555
936,233.7,0.126987755298615
937,233.9,0.362201124429703
938,234.1,26.5756778717041
939,234.2,99.300422668457
940,234.4,5.01555871963501
941,234.6,0.187392741441727
942,234.9,0.789840996265411
943,235.1,30.0863742828369
944,235.2,63.3290252685547
945,235.3,48.1674880981445
946,235.5,0.677611231803894
947,235.7,0.038782749325037
948,235.9,0.623155236244202
949,236.1,24.0742473602295
950,236.3,102.31746673584
951,236.4,9.14174556732178
952,236.6,0.215421572327614
953,236.8,0.152728527784348
954,237.0,6.30888891220093
955,237.2,75.8417816162109
956,237.3,40.9869575500488
957,237.5,0.563093483448029
958,237.7,0.141402587294579
959,238.0,4.97517442703247
960,238.2,57.50634765625
961,238.3,52.7197113037109
962,238.5,1.33417224884033
963,238.8,0.313007652759552
964,239.0,8.31152057647705
965,239.2,87.489875793457
966,239.3,43.9148826599121
967,239.5,0.663082003593445
968,239.7,0.188651189208031
969,239.9,0.959386825561523
970,240.0,5.15375804901123
971,240.2,52.5651512145996
972,240.3,37.753116607666
973,240.5,0.610456466674805
974,240.8,0.15101246535778
975,241.0,6.48850250244141
976,241.2,58.3374900817871
977,241.3,24.4929637908936
978,241.4,6.84955978393555
979,241.7,0.188765585422516
980,241.9,0.513899981975555
981,242.1,27.0080089569092
982,242.2,67.4923934936523
983,242.4,6.40006875991821
984,242.6,0.0672691911458969
985,242.8,0.0376387126743793
986,243.0,5.33131217956543
987,243.1,19.8036842346191
988,243.2,69.5167617797852
989,243.4,5.188307762146
990,243.5,0.652900099754333
991,243.8,0.0350074358284473
992,244.0,3.97826337814331
993,244.2,74.2410507202148
994,244.3,41.6142311096191
995,244.5,0.826907694339752
996,244.8,0.110628075897694
997,244.9,0.295275151729584
998,245.1,27.4156284332275
999,245.2,87.0744781494141
1000,245.4,5.88696956634521
1001,245.6,0.126530140638351
1002,245.9,0.813293695449829
1003,246.1,24.0192203521729
1004,246.2,88.9185485839844
1005,246.4,7.50406122207642
1006,246.6,0.138199284672737
1007,246.9,0.605422735214233
1008,247.1,22.2039813995361
1009,247.2,72.5430755615234
1010,247.4,6.24665355682373
1011,247.6,0.151470080018044
1012,247.8,0.0523967519402504
1013,248.0,4.92346429824829
1014,248.2,61.881591796875
1015,248.3,36.5193901062012
1016,248.5,0.952179372310638
1017,248.7,0.180986151099205
1018,248.9,1.99496626853943
1019,249.1,39.4220352172852
1020,249.2,82.4481201171875
1021,249.4,5.35442161560059
1022,249.7,0.297105580568314
1023,249.9,1.25134420394897
1024,250.1,25.8805637359619
1025,250.3,80.8534469604492
1026,250.4,10.7048397064209
1027,250.6,0.726575911045074
1028,250.9,2.37787437438965
1029,251.1,35.2789154052734
1030,251.2,37.5231666564941
1031,251.3,27.0453033447266
1032,251.5,0.570987284183502
1033,251.8,0.487129628658295
1034,251.9,1.10879766941071
1035,252.1,30.5852870941162
1036,252.3,79.7735977172852
1037,252.4,15.952751159668
1038,252.7,0.412195414304733
1039,252.9,3.21336221694946
1040,253.0,12.1879644393921
1041,253.1,120.617889404297
1042,253.3,32.7834358215332
1043,253.5,0.833085477352142
1044,253.7,0.14483468234539
1045,253.9,1.31643974781036
1046,254.1,31.4556694030762
1047,254.2,50.1066246032715
1048,254.4,12.1905956268311
1049,254.6,0.255005151033401
1050,254.9,1.05788815021515
1051,255.1,27.9603023529053
1052,255.2,48.1732063293457
1053,255.4,5.79601860046387
1054,255.6,0.214506343007088
1055,255.8,0.0842008888721466
1056,256.0,4.90035486221313
1057,256.1,16.9778060913086
1058,256.2,56.3827934265137
1059,256.4,8.27742862701416
1060,256.7,0.0884338170289993
1061,256.8,0.119780346751213
1062,257.0,3.80219650268555
1063,257.2,45.6233825683594
1064,257.3,26.1770973205566
1065,257.5,0.924264967441559
1066,257.7,0.237615838646889
1067,257.9,0.33485871553421
1068,258.1,22.1714916229248
1069,258.2,74.1750335693359
1070,258.4,8.12550067901611
1071,258.6,0.143919453024864
1072,258.8,0.142203405499458
1073,259.0,3.35110402107239
1074,259.2,53.5240821838379
1075,259.3,34.0232238769531
1076,259.5,0.978263378143311
1077,259.8,0.146436333656311
1078,260.0,3.20501089096069
1079,260.2,52.4553260803223
1080,260.3,40.642147064209
1081,260.5,1.25111544132233
1082,260.7,0.191282466053963
1083,260.9,0.426724642515182
1084,261.1,15.5793390274048
1085,261.3,52.891544342041
1086,261.4,7.19093942642212
1087,261.6,0.0919803231954575
1088,261.9,0.405216783285141
1089,262.1,13.8916597366333
1090,262.3,51.1560478210449
1091,262.4,7.20615482330322
1092,262.6,0.262898981571198
1093,262.9,0.648095190525055
1094,263.1,18.4645919799805
1095,263.3,54.5053215026855
1096,263.4,7.83285665512085
1097,263.6,0.211646258831024
1098,263.8,0.0201349966228008
1099,264.0,3.01121163368225
1100,264.2,34.4658508300781
1101,264.3,34.9876441955566
1102,264.5,2.36140036582947
1103,264.8,0.67131906747818
1104,265.0,10.0196771621704
1105,265.2,63.8031120300293
1106,265.3,23.8679790496826
1107,265.5,0.649353623390198
1108,265.8,0.16394005715847
1109,266.0,4.60839700698853
1110,266.2,40.8431510925293
1111,266.3,41.5109252929688
1112,266.5,2.35098958015442
1113,266.6,0.925637781620026
1114,266.9,3.80928945541382
1115,267.1,75.845100402832
1116,267.2,68.7878952026367
1117,267.4,5.58048295974731
1118,267.5,1.09861576557159
1119,267.8,0.272280067205429
1120,268.0,8.01819038391113
1121,268.2,49.2097015380859
1122,268.3,29.1789264678955
1123,268.5,1.24882733821869
1124,268.8,0.232010066509247
1125,269.0,8.27834320068359
1126,269.2,61.1091423034668
1127,269.3,21.0848865509033
1128,269.5,0.651641666889191
1129,269.8,0.15238530933857
1130,270.0,3.85402131080627
1131,270.2,43.9341049194336
1132,270.3,28.3692932128906
1133,270.5,1.24768328666687
1134,270.8,0.276398569345474
1135,271.0,5.86431741714478
1136,271.2,47.9971389770508
1137,271.3,21.1888809204102
1138,271.5,0.634824395179749
1139,271.8,0.118178695440292
1140,272.0,3.74430847167969
1141,272.2,43.2191963195801
1142,272.3,34.2752532958984
1143,272.5,1.22823476791382
1144,272.8,0.0731037631630898
1145,273.0,2.91968894004822
1146,273.2,36.996223449707
1147,273.3,25.4507484436035
1148,273.5,0.525111556053162
1149,273.6,0.157647863030434
1150,273.8,0.107996799051762
1151,274.0,3.46962594985962
1152,274.2,35.179271697998
1153,274.3,33.9351348876953
1154,274.5,1.53163254261017
1155,274.8,0.274110525846481
1156,275.0,2.58666062355042
1157,275.2,24.2138195037842
1158,275.3,22.9578990936279
1159,275.5,0.837089598178864
1160,275.6,0.194256946444511
1161,275.9,0.43805056810379
1162,276.0,2.6673150062561
1163,276.2,29.1144027709961
1164,276.3,24.4268398284912
1165,276.5,1.11417460441589
1166,276.7,0.0790527388453484
1167,277.0,2.43702101707458
1168,277.2,21.3311977386475
1169,277.3,24.99485206604
1170,277.5,1.21885371208191
1171,277.8,0.256149172782898
1172,278.0,2.32170224189758
1173,278.2,21.4977684020996
1174,278.3,17.6776103973389
1175,278.4,10.8106622695923
1176,278.6,0.267017513513565
1177,278.9,0.436334520578384
1178,279.0,2.50829434394836
1179,279.2,18.4117374420166
1180,279.3,10.9366207122803
1181,279.4,5.23326873779297
1182,279.6,0.139915347099304
1183,279.9,0.321473509073257
1184,280.1,8.13511085510254
1185,280.3,28.9675102233887
1186,280.4,9.73515605926514
1187,280.5,4.25683546066284
1188,280.8,1.50737905502319
1189,281.0,44.5452461242676
1190,281.1,275.500732421875
1191,281.2,362.411163330078
1192,281.4,2.6096556186676
1193,281.7,0.120352365076542
1194,281.9,2.7933874130249
1195,282.1,72.9218597412109
1196,282.2,119.382110595703
1197,282.4,9.75780773162842
1198,282.7,0.277313798666
1199,282.9,1.97574651241302
1200,283.1,54.7594108581543
1201,283.2,92.7948760986328
1202,283.4,3.7246310710907
1203,283.5,0.643290221691132
1204,283.7,0.102047823369503
1205,284.0,4.55497074127197
1206,284.2,43.4537239074707
1207,284.3,26.0147571563721
1208,284.5,1.39938223361969
1209,284.8,0.568813621997833
1210,285.0,8.61171531677246
1211,285.2,69.7051849365234
1212,285.3,18.9171714782715
1213,285.5,0.254890739917755
1214,285.8,0.18624871969223
1215,285.9,0.670632660388947
1216,286.1,15.507378578186
1217,286.2,47.1816711425781
1218,286.4,7.30042314529419
1219,286.5,1.8694657087326
1220,286.8,0.201807573437691
1221,287.0,4.1459789276123
1222,287.2,38.7928161621094
1223,287.3,21.1392288208008
1224,287.5,0.709873020648956
1225,287.8,0.141860201954842
1226,288.0,2.20409560203552
1227,288.2,23.7460250854492
1228,288.3,26.5145854949951
1229,288.5,1.88067722320557
1230,288.6,0.383708953857422
1231,288.8,0.153529345989227
1232,289.0,3.71753811836243
1233,289.2,25.6802425384521
1234,289.3,13.3801622390747
1235,289.4,5.58025407791138
1236,289.6,0.17171947658062
1237,289.9,0.448690086603165
1238,290.0,1.31403732299805
1239,290.2,16.1967735290527
1240,290.3,18.1180648803711
1241,290.5,0.939823806285858
1242,290.7,0.166342526674271
1243,290.9,0.19025282561779
1244,291.1,5.57659292221069
1245,291.3,20.5211067199707
1246,291.4,6.66845893859863
1247,291.6,0.355680137872696
1248,291.9,0.262555778026581
1249,292.1,4.74522352218628
1250,292.3,21.9395942687988
1251,292.4,8.1639404296875
1252,292.5,2.15398693084717
1253,292.8,0.136712044477463
1254,293.0,0.810548007488251
1255,293.2,6.98581409454346
1256,293.3,5.96384859085083
1257,293.4,3.76856184005737
1258,293.6,0.116119436919689
1259,293.9,0.365175604820251
1260,294.1,4.82507705688477
1261,294.3,18.8841094970703
1262,294.4,12.1211528778076
1263,294.6,0.523624300956726
1264,294.9,0.562292635440826
1265,295.0,1.93238759040833
1266,295.2,21.3830223083496
1267,295.3,11.523853302002
1268,295.4,6.96167469024658
1269,295.6,0.196201801300049
1270,295.8,0.0393547639250755
1271,296.0,1.83720397949219
1272,296.2,18.1061668395996
1273,296.3,11.840407371521
1274,296.4,10.3932046890259
1275,296.6,0.228234753012657
1276,296.8,0.121954008936882
1277,297.0,2.16988897323608
1278,297.2,14.5974140167236
1279,297.3,8.34767150878906
1280,297.4,3.97540330886841
1281,297.6,0.273881703615189
1282,297.8,0.0576593056321144
1283,298.0,1.7417916059494
1284,298.2,15.4307289123535
1285,298.3,17.1714916229248
1286,298.5,1.98123788833618
1287,298.7,0.0753918290138245
1288,298.9,0.677382469177246
1289,299.1,20.3297100067139
1290,299.2,39.8124923706055
1291,299.4,3.35979866981506
1292,299.6,0.191396862268448
1293,299.9,0.471799552440643
1294,300.1,11.5463905334473
1295,300.3,33.1359100341797
1296,300.4,8.95217895507813
1297,300.6,0.368607699871063
1298,300.8,0.135796815156937
1299,301.0,2.31746935844421
1300,301.2,17.2214851379395
1301,301.3,13.5191621780396
1302,301.5,0.637112438678741
1303,301.8,0.0958700403571129
1304,302.0,1.91534149646759
1305,302.2,14.6691455841064
1306,302.3,19.2566070556641
1307,302.5,1.6538153886795
1308,302.7,0.0574304983019829
1309,303.0,1.08523046970367
1310,303.2,9.08145523071289
1311,303.3,11.3342866897583
1312,303.5,1.08202719688416
1313,303.7,0.109484039247036
1314,303.9,0.133165538311005
1315,304.1,3.95263695716858
1316,304.3,14.9039011001587
1317,304.4,5.49113368988037
1318,304.6,0.187964767217636
1319,305.0,0.578423500061035
1320,305.2,7.17698192596436
1321,305.3,10.3930902481079
1322,305.5,1.20489645004272
1323,305.7,0.0172749105840921
1324,305.9,0.248484149575233
1325,306.1,2.82667875289917
1326,306.3,16.2966480255127
1327,306.4,8.09506893157959
1328,306.6,0.197917863726616
1329,306.9,0.117263473570347
1330,307.1,1.64054453372955
1331,307.3,5.55256843566895
1332,307.4,2.70895767211914
1333,307.6,0.0774510949850082
1334,307.7,0.117034666240215
1335,308.0,0.508980691432953
1336,308.2,7.18796491622925
1337,308.4,15.2463102340698
1338,308.5,2.7033519744873
1339,308.7,0.0625786557793617
1340,309.0,0.482896685600281
1341,309.2,3.35762500762939
1342,309.3,6.50188779830933
1343,309.5,1.56892800331116
1344,309.7,0.0602905862033367
1345,309.9,0.173435539007187
1346,310.1,2.55817413330078
1347,310.3,11.3096895217896
1348,310.4,7.70209360122681
1349,310.6,0.317355006933212
1350,310.9,0.257865220308304
1351,311.1,4.26461505889893
1352,311.3,8.09941673278809
1353,311.4,2.78045988082886
1354,311.6,0.195972993969917
1355,311.8,0.0171605087816715
1356,312.0,0.97986501455307
1357,312.2,8.81272125244141
1358,312.3,11.5824279785156
1359,312.5,1.48106622695923
1360,312.6,0.225374668836594
1361,312.9,0.325935244560242
1362,313.1,5.12092447280884
1363,313.3,12.397665977478
1364,313.4,3.41036486625671
1365,313.7,0.128360599279404
1366,313.8,0.0815696120262146
1367,314.0,1.05319762229919
1368,314.2,10.7790870666504
1369,314.3,9.10708141326904
1370,314.4,7.66594219207764
1371,314.6,0.322045534849167
1372,314.8,0.0834000706672668
1373,315.0,0.820157885551453
1374,315.2,8.4315299987793
1375,315.3,4.18258762359619
1376,315.4,3.02757120132446
1377,315.6,0.106395147740841
1378,316.0,0.923235356807709
1379,316.2,7.6852765083313
1380,316.3,13.7142200469971
1381,316.5,2.04896473884583
1382,316.8,0.0351218394935131
1383,317.0,0.350989580154419
1384,317.2,4.37467098236084
1385,317.3,6.26530122756958
1386,317.5,1.026198387146
1387,317.7,0.0372955054044724
1388,318.0,0.560004591941833
1389,318.2,5.27147912979126
1390,318.3,8.95114994049072
1391,318.5,1.16291046142578
1392,318.9,0.0172749105840921
1393,319.1,1.30339777469635
1394,319.3,5.58757591247559
1395,319.4,2.92403626441956
1396,319.5,1.20306599140167
1397,319.7,0.0385539419949055
1398,319.9,0.1454067081213
1399,320.1,1.71364831924438
1400,320.3,10.3708953857422
1401,320.4,7.72463083267212
1402,320.6,0.289211750030518
1403,320.9,0.063608281314373
1404,321.1,0.68985241651535
1405,321.3,3.1526141166687
1406,321.4,1.74922776222229
1407,321.7,0.0721885338425636
1408,321.8,0.0418716408312321
1409,322.1,1.37947607040405
1410,322.3,9.68310260772705
1411,322.4,7.72039794921875
1412,322.6,0.401555895805359
1413,322.8,0.0369522944092751
1414,323.0,0.370895773172379
1415,323.2,2.48369741439819
1416,323.4,3.96739506721497
1417,323.5,1.47729086875916
1418,323.7,0.0207070130854845
1419,323.9,0.156275019049644
1420,324.1,1.75986731052399
1421,324.3,6.66742944717407
1422,324.4,7.25020027160645
1423,324.6,0.4203180372715
1424,324.8,0.494565844535828
1425,325.0,4.70163583755493
1426,325.2,13.8060865402222
1427,325.3,5.73984670639038
1428,325.5,0.734126508235931
1429,325.7,0.097471684217453
1430,326.0,1.67886972427368
1431,326.2,7.48793029785156
1432,326.3,10.5364370346069
1433,326.5,2.87141060829163
1434,326.7,1.32067275047302
1435,327.0,11.9994277954102
1436,327.1,45.192310333252
1437,327.3,7.62887525558472
1438,327.5,0.423063725233078
1439,327.7,0.0479350201785564
1440,327.9,0.823361158370972
1441,328.1,10.5721311569214
1442,328.3,19.4401092529297
1443,328.4,6.27845764160156
1444,328.6,0.548106610774994
1445,328.9,0.872440218925476
1446,329.1,8.15627479553223
1447,329.2,9.92815494537354
1448,329.4,2.20203638076782
1449,329.6,0.179956525564194
1450,329.8,0.0575449019670486
1451,330.0,1.07401895523071
1452,330.2,6.25912380218506
1453,330.3,5.70152139663696
1454,330.4,5.95492506027222
1455,330.6,0.22628989815712
1456,330.7,0.0966708585619926
1457,331.0,1.42477977275848
1458,331.2,22.3024826049805
1459,331.3,5.6644549369812
1460,331.5,0.694085359573364
1461,331.8,0.0356938578188419
1462,332.0,0.419288396835327
1463,332.2,8.95355224609375
1464,332.3,7.1140604019165
1465,332.5,1.23818790912628
1466,332.8,0.0951836183667183
1467,333.0,0.248827368021011
1468,333.2,4.16233825683594
1469,333.3,2.16748666763306
1470,333.4,2.77668452262878
1471,333.6,0.19402813911438
1472,333.8,0.06315066665411
1473,334.0,0.22926439344883
1474,334.2,3.81123447418213
1475,334.3,4.83091163635254
1476,334.4,6.23429822921753
1477,334.6,0.37432786822319
1478,335.0,0.0592609532177448
1479,335.2,1.07951033115387
1480,335.3,2.25832295417786
1481,335.5,0.403729557991028
1482,335.9,0.0417572371661663
1483,336.1,0.87873238325119
1484,336.3,5.74934196472168
1485,336.4,6.82141637802124
1486,336.6,0.495709866285324
1487,337.0,0.0576593056321144
1488,337.2,1.0581169128418
1489,337.4,2.87713074684143
1490,337.5,1.0859169960022
1491,337.7,0.0186477527022362
1492,338.0,0.247340127825737
1493,338.2,2.15810537338257
1494,338.4,6.83125495910645
1495,338.5,1.7409907579422
1496,338.6,0.285779654979706
1497,338.9,0.146665140986443
1498,339.1,2.32113027572632
1499,339.3,4.34275245666504
1500,339.4,2.26781821250916
1501,339.6,0.158334285020828
1502,339.8,0.0402699932456017
1503,340.0,0.558517336845398
1504,340.2,3.28040266036987
1505,340.4,6.65644645690918
1506,340.6,2.37673044204712
1507,340.8,1.68390345573425
1508,341.0,13.8150100708008
1509,341.1,35.5206489562988
1510,341.2,39.0998725891113
1511,341.4,1.03008806705475
1512,341.7,0.183617427945137
1513,341.9,1.27594101428986
1514,342.1,13.4572706222534
1515,342.2,22.4514350891113
1516,342.4,6.21839618682861
1517,342.6,0.520421028137207
1518,342.8,0.693970918655396
1519,343.0,4.86786413192749
1520,343.2,20.290470123291
1521,343.3,8.76947689056396
1522,343.5,0.338977247476578
1523,343.7,0.0947260037064552
1524,344.0,1.07230293750763
1525,344.2,7.02310943603516
1526,344.3,5.20684146881104
1527,344.4,5.22331523895264
1528,344.6,0.524425148963928
1529,344.8,0.150783658027649
1530,345.0,1.8829653263092
1531,345.2,8.98672962188721
1532,345.3,6.83880567550659
1533,345.5,0.764100193977356
1534,345.8,0.0594897605478764
1535,346.0,0.564466297626495
1536,346.2,11.5434160232544
1537,346.3,6.37558650970459
1538,346.5,0.935133278369904
1539,346.7,0.0406132005155087
1540,347.0,0.259238064289093
1541,347.2,4.78343439102173
1542,347.3,4.10021734237671
1543,347.5,0.895092070102692
1544,347.9,0.0813408046960831
1545,348.1,0.956526696681976
1546,348.3,6.12092447280884
1547,348.4,5.06246423721313
1548,348.6,0.323075175285339
1549,348.8,0.0372955054044724
1550,349.0,0.162681609392166
1551,349.2,0.759638488292694
1552,349.4,1.89337599277496
1553,349.5,0.429241508245468
1554,349.9,0.0353506468236446
1555,350.1,0.62590092420578
1556,350.3,4.3567099571228
1557,350.4,5.49593877792358
1558,350.6,0.425809413194656
1559,351.1,0.139572128653526
1560,351.3,1.51172637939453
1561,351.4,1.27399611473083
1562,351.6,0.201921969652176
1563,351.9,0.0628074556589127
1564,352.0,0.0990733355283737
1565,352.2,1.57316100597382
1566,352.4,4.48838806152344
1567,352.5,2.35465049743652
1568,353.0,0.114174582064152
1569,353.2,0.883651733398438
1570,353.4,2.34286689758301
1571,353.5,0.930671572685242
1572,353.8,0.0368378907442093
1573,354.0,0.0726461485028267
1574,354.2,1.35304880142212
1575,354.4,3.49845552444458
1576,354.5,1.95847153663635
1577,354.8,1.026198387146
1578,354.9,1.81889939308167
1579,355.1,47.1512413024902
1580,355.2,78.43896484375
1581,355.4,2.49113368988037
1582,355.7,0.124013267457485
1583,355.9,0.938222169876099
1584,356.1,15.3873701095581
1585,356.2,33.3664321899414
1586,356.4,5.38016223907471
1587,356.6,0.758380055427551
1588,356.8,0.273080885410309
1589,357.0,4.55302619934082
1590,357.2,22.0203628540039
1591,357.3,9.72932147979736
1592,357.5,0.396522134542465
1593,357.7,0.0407276041805744
1594,357.9,0.137512877583504
1595,358.1,2.74499487876892
1596,358.2,3.64489197731018
1597,358.4,7.84978818893433
1598,358.5,2.18052864074707
1599,358.8,0.532890975475311
1600,359.0,1.79750597476959
1601,359.2,12.62841796875
1602,359.3,9.26713180541992
1603,359.5,0.442512303590775
1604,359.6,0.244480043649673
1605,359.8,0.135339200496674
1606,360.0,0.470998734235764
1607,360.2,3.55359792709351
1608,360.3,5.60542249679565
1609,360.5,0.944857597351074
1610,360.8,0.126644551753998
1611,361.1,0.614003002643585
1612,361.3,3.00022888183594
1613,361.4,2.01853322982788
1614,361.6,0.17629562318325
1615,362.0,0.114403389394283
1616,362.2,1.746710896492
1617,362.4,5.44491481781006
1618,362.5,2.35579442977905
1619,362.7,0.142661020159721
1620,363.0,0.117492280900478
1621,363.2,1.12298369407654
1622,363.3,2.08053994178772
1623,363.5,0.297563195228577
1624,363.7,0.0370666980743408
1625,364.0,0.216794416308403
1626,364.2,1.64832401275635
1627,364.3,2.74785494804382
1628,364.5,4.64683675765991
1629,364.6,0.352934449911118
1630,364.8,0.0172749105840921
1631,365.1,0.12927582859993
1632,365.3,1.0470198392868
1633,365.4,1.26919114589691
1634,365.6,0.162338405847549
1635,365.8,0.0251687448471785
1636,366.0,0.0608626008033752
1637,366.2,0.844296991825104
1638,366.4,3.53597974777222
1639,366.5,2.76673150062561
1640,366.7,0.0186477527022362
1641,366.9,0.0379819236695766
1642,367.1,0.201006755232811
1643,367.3,1.45063495635986
1644,367.4,1.58894860744476
1645,367.6,0.170689851045609
1646,367.8,0.0245967283844948
1647,368.0,0.104793503880501
1648,368.2,1.05159592628479
1649,368.4,4.65221357345581
1650,368.5,1.66960299015045
1651,368.6,0.797963619232178
1652,368.9,0.131335094571114
1653,369.0,0.285894066095352
1654,369.2,2.10216212272644
1655,369.3,3.75757932662964
1656,369.5,0.692140460014343
1657,369.6,0.175609201192856
1658,369.9,0.0197917856276035
1659,370.1,0.624413669109344
1660,370.3,3.74545240402222
1661,370.4,5.37512874603271
1662,370.6,0.576478660106659
1663,371.0,0.102848641574383
1664,371.2,1.1198947429657
1665,371.4,1.49788355827332
1666,371.5,0.170575454831123
1667,371.6,0.119551539421082
1668,371.8,0.0192197691649199
1669,372.0,0.112572930753231
1670,372.2,1.02196550369263
1671,372.4,3.46699452400208
1672,372.5,1.93009948730469
1673,372.7,0.247683331370354
1674,372.9,0.238988667726517
1675,373.1,2.47111320495605
1676,373.3,6.25431871414185
1677,373.4,2.04930782318115
1678,373.6,0.12870380282402
1679,373.8,0.0189909618347883
1680,374.0,0.226175501942635
1681,374.2,1.71101701259613
1682,374.3,1.956183552742
1683,374.4,1.68916594982147
1684,374.6,0.195744186639786
1685,374.8,0.0191053654998541
1686,375.0,0.186706319451332
1687,375.2,0.882278919219971
1688,375.4,1.39503490924835
1689,375.5,0.385081797838211
1690,375.8,0.0580025166273117
1691,376.0,0.0363802760839462
1692,376.2,0.938450992107391
1693,376.4,3.4284405708313
1694,376.5,1.44788920879364
1695,376.7,0.116005033254623
1696,377.1,0.52167946100235
1697,377.3,0.810662388801575
1698,377.4,0.565610349178314
1699,378.1,0.256492406129837
1700,378.3,2.18636322021484
1701,378.4,1.90390110015869
1702,378.5,1.6260153055191
1703,378.7,0.066239558160305
1704,379.1,0.13785608112812
1705,379.2,0.277771413326263
1706,379.5,0.800366103649139
1707,379.6,0.186134308576584
1708,380.0,0.0388971529901028
1709,380.2,0.539983987808228
1710,380.3,0.944285571575165
1711,380.4,2.1232123374939
1712,380.6,0.482896685600281
1713,381.3,0.537352681159973
1714,381.4,0.737787425518036
1715,381.6,0.131220683455467
1716,382.0,0.0363802760839462
1717,382.2,0.454753458499908
1718,382.4,2.32387590408325
1719,382.5,1.32776570320129
1720,382.7,0.0200205929577351
1721,382.9,0.0361514687538147
1722,383.2,0.395606905221939
1723,383.4,1.11451780796051
1724,383.5,0.833543062210083
1725,384.0,0.0368378907442093
1726,384.2,0.391945987939835
1727,384.4,2.4235212802887
1728,384.5,1.86454641819
1729,384.7,0.182130187749863
1730,385.0,0.22308661043644
1731,385.2,0.955268263816833
1732,385.4,0.904244363307953
1733,385.5,0.281889945268631
1734,385.8,0.0731037631630898
1735,386.1,0.32330396771431
1736,386.2,1.4349616765976
1737,386.4,1.07093012332916
1738,386.5,1.58116924762726
1739,386.8,0.252831488847733
1740,387.0,0.424779772758484
1741,387.2,1.93238759040833
1742,387.3,1.33245623111725
1743,387.5,0.273195296525955
1744,387.7,0.0171605087816715
1745,387.9,0.0193341728299856
1746,388.1,0.314952522516251
1747,388.3,1.22205698490143
1748,388.4,1.02871525287628
1749,388.6,0.219654500484467
1750,389.0,0.169545814394951
1751,389.1,1.39709413051605
1752,389.3,0.661938011646271
1753,389.5,0.256034791469574
1754,389.7,0.0411852188408375
1755,389.9,0.0181901380419731
1756,390.1,0.51492965221405
1757,390.3,1.02425348758698
1758,390.4,1.0474773645401
1759,390.5,1.0924379825592
1760,390.7,0.0196773819625378
1761,390.9,0.046676579862833
1762,391.1,0.141745790839195
1763,391.2,0.234755754470825
1764,391.4,0.17389315366745
1765,391.7,0.0793959498405457
1766,392.0,0.0236815009266138
1767,392.2,0.406132012605667
1768,392.4,1.77245163917542
1769,392.5,1.50646376609802
1770,392.8,0.0393547639250755
1771,393.2,0.101475805044174
1772,393.4,0.294474303722382
1773,393.5,0.311177223920822
1774,393.7,0.086946576833725
1775,394.1,0.078251913189888
1776,394.3,0.557487726211548
1777,394.5,1.60816836357117
1778,394.6,0.201578766107559
1779,394.7,0.114060178399086
1780,395.1,0.0561720617115498
1781,395.3,0.214506343007088
1782,395.4,0.534721434116364
1783,395.6,0.0998741537332535
1784,396.1,0.0569728873670101
1785,396.3,0.608969211578369
1786,396.5,1.79430270195007
1787,396.6,0.461274445056915
1788,397.1,0.0575449019670486
1789,397.3,0.24802653491497
1790,397.4,0.76673150062561
1791,397.6,0.199977114796638
1792,397.9,0.0839720889925957
1793,398.2,0.353277653455734
1794,398.4,2.19620180130005
1795,398.5,2.4582998752594
1796,398.7,0.452922999858856
1797,399.0,0.207070127129555
1798,399.2,0.882164537906647
1799,399.3,0.67749685049057
1800,399.5,0.601647436618805
1801,399.9,0.0399267822504044
1802,400.1,0.213591128587723
1803,400.3,1.02642714977264
1804,400.5,1.53186130523682
1805,400.6,0.945544004440308
1806,400.8,2.04976558685303
1807,401.0,6.01349973678589
1808,401.2,13.769362449646
1809,401.3,3.34160852432251
1810,401.5,0.186935126781464
1811,401.8,0.285436451435089
1812,401.9,0.296075969934464
1813,402.1,1.7737101316452
1814,402.2,3.16107988357544
1815,402.4,1.058917760849
1816,402.7,0.268733561038971
1817,402.9,0.197345837950706
1818,403.1,1.62635850906372
1819,403.2,1.91648554801941
1820,403.4,0.331884235143661
1821,403.6,0.153071731328964
1822,404.0,0.0728749558329582
1823,404.2,0.538839936256409
1824,404.3,0.592037498950958
1825,404.5,1.05743050575256
1826,404.6,0.162796020507813
1827,404.8,0.0202494002878666
1828,405.0,0.669946253299713
1829,405.2,14.4586429595947
1830,405.3,0.8793044090271
1831,405.5,0.120352365076542
1832,405.7,0.0185333490371704
1833,406.0,0.225374668836594
1834,406.2,5.40132713317871
1835,406.3,0.449834108352661
1836,406.4,0.984669923782349
1837,406.6,0.31655415892601
1838,406.8,0.0180757343769073
1839,407.0,0.0934675633907318
1840,407.2,2.55783081054688
1841,407.3,0.218510463833809
1842,407.5,0.208442971110344
1843,407.6,0.0258551649749279
1844,408.1,0.187507152557373
1845,408.3,0.9633908867836
1846,408.5,0.677840054035187
1847,408.6,0.357739388942719
1848,409.0,0.0433588847517967
1849,409.2,0.172291502356529
1850,409.4,0.0727605521678925
1851,409.6,0.0750486180186272
1852,410.1,0.0589177422225475
1853,410.3,0.520992994308472
1854,410.5,1.81592500209808
1855,410.6,0.468825072050095
1856,410.9,0.0183045417070389
1857,411.4,0.153300538659096
1858,411.5,0.179956525564194
1859,411.7,0.0185333490371704
1860,412.0,0.0181901380419731
1861,412.2,0.0998741537332535
1862,412.4,1.02711355686188
1863,412.5,1.38851392269135
1864,412.7,0.177325248718262
1865,413.0,0.0393547639250755
1866,413.2,0.0985013172030449
1867,413.4,0.274224907159805
1868,413.6,0.0760782510042191
1869,413.9,0.0200205929577351
1870,414.2,0.158334285020828
1871,414.4,0.495366662740707
1872,414.6,0.938908576965332
1873,414.8,1.20157873630524
1874,415.0,4.56915664672852
1875,415.2,17.2510013580322
1876,415.3,6.58883428573608
1877,415.5,0.201235562562943
1878,415.6,0.179842129349709
1879,415.9,0.47706213593483
1880,416.1,2.09758615493774
1881,416.3,4.38782739639282
1882,416.4,1.21015906333923
1883,416.6,0.0250543411821127
1884,416.8,0.0962132513523102
1885,417.0,0.919231235980988
1886,417.2,3.14517784118652
1887,417.3,1.83434391021729
1888,417.4,0.644319891929626
1889,417.6,0.0813408046960831
1890,418.0,0.255805969238281
1891,418.2,0.626587331295013
1892,418.3,1.00549137592316
1893,418.5,0.203409224748611
1894,418.6,0.290126979351044
1895,418.8,0.0586889386177063
1896,419.0,0.182931020855904
1897,419.2,0.456698328256607
1898,419.3,0.383594542741776
1899,419.5,0.0535407848656178
1900,419.7,0.0383251346647739
1901,419.9,0.0188765581697226
1902,420.2,0.168172985315323
1903,420.4,0.615490198135376
1904,420.6,0.409449726343155
1905,420.7,0.114060178399086
1906,421.2,0.080196775496006
1907,421.3,0.257865220308304
1908,421.5,0.0898066610097885
1909,422.2,0.0367234870791435
1910,422.4,0.388513892889023
1911,422.5,0.475803673267365
1912,422.8,0.0249399375170469
1913,423.0,0.0232238881289959
1914,423.3,0.0752774253487587
1915,423.5,0.133623152971268
1916,423.6,0.0519391372799873
1917,424.0,0.0175037179142237
1918,424.2,0.0181901380419731
1919,424.4,0.398695796728134
1920,424.5,0.387484282255173
1921,424.7,0.026312779635191
1922,425.4,0.0739045888185501
1923,425.8,0.0171605087816715
1924,426.1,0.0283720400184393
1925,426.3,0.213247910141945
1926,426.5,0.484955966472626
1927,426.6,0.178240478038788
1928,427.3,0.0366090834140778
1929,427.4,0.1023910343647
1930,427.7,0.0382107309997082
1931,428.3,0.0679556131362915
1932,428.5,0.277657032012939
1933,428.7,0.588033378124237
1934,428.9,1.117835521698
1935,429.1,7.6628532409668
1936,429.2,14.3522481918335
1937,429.4,1.35476493835449
1938,429.6,0.0395835712552071
1939,429.8,0.055714450776577
1940,430.0,0.874270677566528
1941,430.2,2.70506811141968
1942,430.3,2.17435073852539
1943,430.5,0.364374786615372
1944,430.7,0.196087405085564
1945,430.9,0.192312091588974
1946,431.1,1.13327991962433
1947,431.2,2.35419297218323
1948,431.4,0.448461264371872
1949,432.1,0.140144154429436
1950,432.3,0.268161535263062
1951,432.4,0.360027462244034
1952,432.6,0.0954124256968498
1953,432.8,0.0562864653766155
1954,433.0,0.297334402799606
1955,433.2,0.908019661903381
1956,433.3,1.06212103366852
1957,433.5,0.0354650504887104
1958,433.7,0.0203638020902872
1959,434.1,0.0423292517662048
1960,434.3,0.306257873773575
1961,434.4,0.252145051956177
1962,434.6,0.077565498650074
1963,435.0,0.0171605087816715
1964,435.2,0.0366090834140778
1965,435.4,0.0392403602600098
1966,435.6,0.0388971529901028
1967,435.8,0.0188765581697226
1968,436.2,0.102505430579185
1969,436.5,0.162223994731903
1970,436.8,0.0171605087816715
1971,437.0,0.0180757343769073
1972,437.3,0.0353506468236446
1973,437.4,0.0184189453721046
1974,438.2,0.0541128031909466
1975,438.3,0.0584601312875748
1976,438.5,0.152270913124084
1977,438.6,0.0829424560070038
1978,439.4,0.0176181215792894
1979,439.9,0.0199061892926693
1980,440.4,0.0999885573983192
1981,440.6,0.148495599627495
1982,441.1,0.0188765581697226
1983,441.3,0.036494679749012
1984,441.6,0.0433588847517967
1985,442.4,0.0564008690416813
1986,442.5,0.141974598169327
1987,443.4,0.0350074358284473
1988,443.8,0.0184189453721046
1989,444.5,0.06315066665411
1990,444.6,0.0181901380419731
1991,444.8,0.0368378907442093
1992,445.2,0.0395835712552071
1993,445.4,0.019562978297472
1994,445.6,0.0188765581697226
1995,445.8,0.023567097261548
1996,446.3,0.0192197691649199
1997,446.4,0.090721882879734
1998,446.8,0.0176181215792894
1999,447.1,0.0383251346647739
2000,447.5,0.0192197691649199
2001,448.0,0.0173893142491579
2002,448.5,0.0173893142491579
2003,448.6,0.0577737092971802
2004,450.2,0.0580025166273117
2005,450.4,0.0542272068560123
2006,451.1,0.131220683455467
2007,451.2,0.13785608112812
2008,452.0,0.0212790295481682
2009,452.3,0.045875757932663
2010,452.4,0.0554856434464455
2011,452.7,0.0177325252443552
2012,453.5,0.0196773819625378
2013,454.2,0.0177325252443552
2014,454.5,0.053426381200552
2015,454.7,0.0368378907442093
2016,457.3,0.0172749105840921
2017,457.7,0.0194485764950514
2018,458.3,0.0200205929577351
2019,459.0,0.0172749105840921
2020,459.3,0.060176182538271
2021,459.5,0.0347786284983158
2022,460.5,0.0386683456599712
2023,460.7,0.087632991373539
2024,460.9,0.42409336566925
2025,461.1,0.509095072746277
2026,461.2,0.890973567962646
2027,461.4,0.0840864926576614
2028,462.0,0.0542272068560123
2029,462.2,0.133851960301399
2030,462.3,0.0201349966228008
2031,462.5,0.0181901380419731
2032,462.8,0.0372955054044724
2033,463.0,0.0185333490371704
2034,463.2,0.017846928909421
2035,463.4,0.0177325252443552
2036,464.2,0.0378675200045109
2037,464.7,0.0176181215792894
2038,464.9,0.0189909618347883
2039,466.5,0.0407276041805744
2040,467.0,0.0171605087816715
2041,468.5,0.0183045417070389
2042,470.1,0.0670403838157654
2043,470.3,0.0388971529901028
2044,471.2,0.0180757343769073
2045,473.1,0.0179613325744867
2046,473.5,0.0185333490371704
2047,473.7,0.0187621545046568
2048,474.4,0.0275712162256241
2049,474.8,0.275826573371887
2050,475.0,0.97574645280838
2051,475.2,3.57762265205383
2052,475.3,1.8936048746109
2053,475.5,0.0605193898081779
2054,475.8,0.0210502222180367
2055,476.1,0.356252133846283
2056,476.3,0.511840760707855
2057,476.4,0.0393547639250755
2058,476.6,0.0822560340166092
2059,476.9,0.0188765581697226
2060,477.1,0.15776227414608
2061,477.2,0.0577737092971802
2062,477.3,0.0741333961486816
2063,477.5,0.0203638020902872
2064,477.7,0.0175037179142237
2065,478.3,0.0239103082567453
2066,478.5,0.0584601312875748
2067,478.9,0.0200205929577351
2068,479.2,1.99050450325012
2069,479.3,0.465965002775192
2070,480.2,0.901613116264343
2071,480.3,0.157991081476212
2072,481.0,0.0482782274484634
2073,481.2,0.572016954421997
2074,481.4,0.0219654496759176
2075,482.3,0.141745790839195
2076,482.8,0.0176181215792894
2077,486.5,0.0181901380419731
2078,488.0,0.0175037179142237
2079,488.4,0.0179613325744867
2080,489.0,0.826450049877167
2081,489.2,3.95172166824341
2082,489.3,2.4181444644928
2083,489.5,0.0682988241314888
2084,489.7,0.0570872910320759
2085,490.0,0.164397671818733
2086,490.2,0.669145405292511
2087,490.3,0.348243921995163
2088,490.5,0.128932610154152
2089,490.9,0.0197917856276035
2090,491.1,0.302940160036087
2091,491.3,0.355108112096786
2092,491.4,0.0208214167505503
2093,492.1,0.017846928909421
2094,492.3,0.0369522944092751
2095,492.6,0.0171605087816715
2096,493.1,0.0569728873670101
2097,493.4,0.0918659195303917
2098,497.6,0.0175037179142237
2099,502.0,0.0176181215792894
2100,502.9,0.0692140460014343
2101,503.1,0.154215767979622
2102,503.2,0.35419288277626
2103,503.4,0.103077448904514
2104,504.1,0.080196775496006
2105,504.8,0.0201349966228008
2106,505.0,0.0352362431585789
2107,505.1,0.0777943059802055
2108,505.4,0.0543416067957878
2109,507.0,0.0372955054044724
2110,507.3,0.0187621545046568
2111,507.8,0.0191053654998541
2112,509.5,0.0207070130854845
2113,513.5,0.0227662734687328
2114,514.7,0.0193341728299856
2115,519.8,0.020935820415616
2116,521.0,0.0203638020902872
2117,523.2,0.017846928909421
2118,525.0,0.0183045417070389
2119,527.5,0.0179613325744867
2120,528.1,0.0213934332132339
2121,529.5,0.0218510460108519
2122,530.1,0.0181901380419731
2123,534.7,0.0177325252443552
2124,535.0,0.107081569731236
2125,535.1,0.0582313239574432
2126,535.2,0.146665140986443
2127,535.5,0.0181901380419731
2128,536.1,0.0188765581697226
2129,537.0,0.0175037179142237
2130,537.4,0.0194485764950514
2131,541.5,0.0205926094204187
2132,549.1,0.369179725646973
2133,549.3,1.39743733406067
2134,549.4,0.231438055634499
2135,549.9,0.0175037179142237
