#"+ Scan (rt: 0.088-65.997 min, 11533 scans) 241121_CH.D "
#Point,X(Thompsons),Y(Counts)
0,50.1,4157.64697265625
1,50.2,1216.33532714844
2,50.4,0.0438740998506546
3,50.9,0.355675011873245
4,51.1,5839.91943359375
5,51.2,3281.33032226563
6,51.4,0.0663313940167427
7,51.7,0.0193358194082975
8,51.9,0.376744985580444
9,52.1,4652.65087890625
10,52.2,3297.25024414063
11,52.4,0.0806381702423096
12,52.6,0.018555449321866
13,52.9,0.235064595937729
14,53.1,4807.494140625
15,53.2,7667.3720703125
16,53.4,0.108297929167747
17,53.8,0.0536720715463161
18,54.0,2.93349528312683
19,54.2,14542.046875
20,54.3,1.68481743335724
21,55.0,1.66210007667542
22,55.2,27829.466796875
23,55.3,0.622734785079956
24,56.0,1.35246682167053
25,56.2,16193.7490234375
26,56.3,1.79155468940735
27,56.5,0.0179484952241182
28,56.9,0.247030258178711
29,57.1,1222.62060546875
30,57.2,12986.853515625
31,57.4,3.06529092788696
32,57.7,0.88329142332077
33,57.9,1.78088963031769
34,58.1,1270.60522460938
35,58.2,5398.20361328125
36,58.5,6.30867958068848
37,58.6,173.936447143555
38,58.8,8.03754425048828
39,59.0,60.3399810791016
40,59.2,6057.779296875
41,59.3,8.7965841293335
42,59.4,0.168386369943619
43,59.8,0.0504638850688934
44,60.0,33.3711967468262
45,60.1,6801.58154296875
46,60.2,970.610046386719
47,60.6,0.0293939132243395
48,60.9,1.12485909461975
49,61.1,2244.28466796875
50,61.2,521.317810058594
51,61.3,1.81843400001526
52,61.5,0.0453481301665306
53,61.8,0.299921959638596
54,62.0,99.3913116455078
55,62.1,2161.87573242188
56,62.3,5.02661943435669
57,62.4,0.405011713504791
58,62.8,0.158588394522667
59,63.0,36.387149810791
60,63.1,5072.95556640625
61,63.3,2.51261591911316
62,63.4,0.204630196094513
63,63.6,0.0269660968333483
64,63.9,2.77742123603821
65,64.1,4473.8125
66,64.2,618.398254394531
67,64.4,0.0613890588283539
68,64.5,0.0376311466097832
69,64.9,0.503685057163239
70,65.1,5048.771484375
71,65.2,3906.5693359375
72,65.4,0.169513568282127
73,65.9,0.780369400978088
74,66.1,3893.4931640625
75,66.2,2873.2333984375
76,66.4,0.101794846355915
77,66.8,0.033729299902916
78,67.0,1.74664008617401
79,67.2,17962.583984375
80,67.3,1.10378909111023
81,67.6,0.0215035118162632
82,68.0,3.79216170310974
83,68.1,4443.6220703125
84,68.2,11144.2607421875
85,68.4,0.0455215461552143
86,68.6,0.0202896036207676
87,68.8,0.0552328117191792
88,69.0,1.99722540378571
89,69.2,17808.783203125
90,69.3,2.51270270347595
91,69.5,0.0192491114139557
92,69.7,0.014566894620657
93,69.9,0.327755123376846
94,70.1,2335.07006835938
95,70.2,12477.2451171875
96,70.4,0.121564209461212
97,70.7,0.0409260392189026
98,70.8,0.0328622199594975
99,71.0,1.38203418254852
100,71.2,8675.119140625
101,71.3,17.0616493225098
102,71.6,0.0317350216209888
103,71.7,0.295586585998535
104,71.9,6.00494241714478
105,72.1,1916.66845703125
106,72.2,2516.19775390625
107,72.4,0.93852424621582
108,72.7,0.0424867756664753
109,73.0,17.3876705169678
110,73.1,9551.39453125
111,73.3,0.977195858955383
112,73.8,0.105089738965034
113,74.0,73.506462097168
114,74.1,3113.564453125
115,74.3,1.89941906929016
116,74.5,0.0673718899488449
117,74.9,1.64103007316589
118,75.1,2741.8935546875
119,75.2,595.17919921875
120,75.4,0.204630196094513
121,75.6,0.0419665314257145
122,75.8,0.351773172616959
123,76.0,95.8183441162109
124,76.1,2467.49658203125
125,76.3,9.33365154266357
126,76.5,0.0218503419309855
127,76.9,0.291077762842178
128,77.1,9316.486328125
129,77.2,2830.908203125
130,78.0,16.7419586181641
131,78.1,7940.923828125
132,78.3,1.22587358951569
133,78.9,0.505939483642578
134,79.1,8002.01171875
135,79.2,6781.45654296875
136,79.4,0.0329489298164845
137,79.8,0.0570536702871323
138,80.0,8.21442794799805
139,80.2,11004.416015625
140,80.3,1.15399289131165
141,80.5,0.0135264024138451
142,80.8,0.013786525465548
143,81.0,6.03719758987427
144,81.2,17879.33984375
145,81.3,0.62802392244339
146,81.7,0.0289603751152754
147,81.9,0.421052634716034
148,82.1,4010.83837890625
149,82.2,10707.013671875
150,82.4,0.230989336967468
151,82.8,0.100320816040039
152,83.0,4.21295404434204
153,83.2,11834.6953125
154,83.3,7.54010248184204
155,83.4,0.165871843695641
156,83.7,0.0265325587242842
157,83.9,0.495968103408813
158,84.1,6222.0791015625
159,84.2,6017.5966796875
160,84.4,0.0725743547081947
161,84.6,0.109251715242863
162,84.8,0.0698864161968231
163,85.0,11.6152782440186
164,85.2,7567.203125
165,85.3,11.5081071853638
166,85.6,0.0363305285573006
167,85.9,2.73866295814514
168,86.0,39.3716278076172
169,86.2,3688.1162109375
170,86.3,16.3796939849854
171,86.5,0.100147403776646
172,86.6,0.091303214430809
173,86.9,2.6417236328125
174,87.0,80.8358612060547
175,87.1,3341.30517578125
176,87.3,3.65819811820984
177,87.6,0.251799196004868
178,87.8,2.46145844459534
179,87.9,15.5002164840698
180,88.1,899.326293945313
181,88.2,360.146636962891
182,88.4,2.26705980300903
183,88.6,0.268533766269684
184,88.9,3.77586054801941
185,89.1,3690.72680664063
186,89.2,905.332092285156
187,89.4,0.425734847784042
188,89.7,0.345183372497559
189,89.9,13.2374057769775
190,90.1,2637.67529296875
191,90.2,875.800415039063
192,90.4,1.05939483642578
193,91.0,5.66539478302002
194,91.2,23789.38671875
195,91.3,1.48825109004974
196,91.7,0.0241914503276348
197,91.9,1.22587358951569
198,92.1,3543.98950195313
199,92.2,6665.86572265625
200,92.3,4.08705472946167
201,92.6,0.0919968783855438
202,92.8,0.135870978236198
203,93.0,12.2016820907593
204,93.2,8755.9755859375
205,93.3,3.20350289344788
206,93.4,0.211480095982552
207,93.6,0.0507240109145641
208,93.8,0.0254053585231304
209,94.0,10.6587181091309
210,94.2,11751.912109375
211,94.3,4.29766750335693
212,94.4,0.102575220167637
213,94.7,0.0349432080984116
214,94.9,0.562733054161072
215,95.1,6305.45166015625
216,95.2,10464.2109375
217,95.4,0.260903507471085
218,95.5,0.103355586528778
219,95.7,0.0612156428396702
220,95.9,1.37709176540375
221,96.1,4553.80908203125
222,96.2,7415.82373046875
223,96.4,0.41541662812233
224,96.6,0.0345963761210442
225,96.8,1.68178272247314
226,97.0,63.080638885498
227,97.2,10334.7080078125
228,97.3,3.31613636016846
229,97.5,0.0873146653175354
230,97.7,0.0622561350464821
231,97.9,0.74395215511322
232,98.1,4154.0478515625
233,98.2,3974.22705078125
234,98.4,0.0771698579192162
235,98.5,0.122604697942734
236,98.8,0.241741091012955
237,99.0,43.4660530090332
238,99.1,5261.953125
239,99.3,13.5401020050049
240,99.6,0.192664533853531
241,99.7,0.13257609307766
242,99.9,5.37223625183105
243,100.1,5416.3115234375
244,100.2,677.9375
245,100.4,0.826931416988373
246,100.7,0.334691762924194
247,100.8,0.428075969219208
248,101.0,91.6096420288086
249,101.1,2161.35083007813
250,101.2,638.04345703125
251,101.4,0.549987018108368
252,101.6,0.097546175122261
253,101.8,0.73103266954422
254,102.0,84.3055572509766
255,102.1,3794.15112304688
256,102.3,8.28622245788574
257,102.4,0.798838138580322
258,102.7,0.142027229070663
259,102.9,3.87904286384583
260,103.1,3602.36181640625
261,103.2,1084.52941894531
262,103.4,0.231162756681442
263,103.7,0.0902627259492874
264,103.9,2.55909132957458
265,104.1,3486.79443359375
266,104.2,1745.41467285156
267,104.4,0.261076897382736
268,104.6,0.0253186505287886
269,104.8,0.152172029018402
270,105.0,25.9220504760742
271,105.1,7306.24609375
272,105.3,2.49128580093384
273,105.8,0.245903059840202
274,106.0,31.9733810424805
275,106.1,2912.40649414063
276,106.2,3322.79614257813
277,106.4,0.70016473531723
278,106.6,0.0404925011098385
279,106.9,1.3045175075531
280,107.1,7799.03857421875
281,107.2,4548.63134765625
282,107.4,0.51877224445343
283,107.7,0.132142543792725
284,107.9,1.03182172775269
285,108.0,16.2446022033691
286,108.2,10666.0205078125
287,108.3,8.46145820617676
288,108.5,0.0593947805464268
289,108.7,0.128240704536438
290,108.9,2.0587010383606
291,109.1,3015.53002929688
292,109.2,7160.53466796875
293,109.4,0.225266620516777
294,109.5,0.218243300914764
295,109.7,0.0635567530989647
296,109.9,0.628110647201538
297,110.1,3928.4755859375
298,110.2,4349.17626953125
299,110.3,10.1541662216187
300,110.6,0.213127553462982
301,110.8,0.254747241735458
302,111.0,24.8763542175293
303,111.2,7507.11865234375
304,111.3,9.40527153015137
305,111.5,0.0294806212186813
306,111.6,0.077950231730938
307,111.9,1.26931416988373
308,112.1,3625.68627929688
309,112.2,2033.79833984375
310,112.4,0.544090867042542
311,112.5,0.270614743232727
312,112.8,0.717246174812317
313,113.0,56.6604537963867
314,113.1,3766.2216796875
315,113.3,18.0106658935547
316,113.5,0.276510894298553
317,113.8,1.35645544528961
318,114.0,88.3952102661133
319,114.1,2240.4462890625
320,114.2,797.092407226563
321,114.4,2.03104138374329
322,114.7,0.211480095982552
323,114.9,3.74421215057373
324,115.1,4461.384765625
325,115.2,1643.53161621094
326,115.4,0.331917107105255
327,115.6,0.0538454875349998
328,115.8,0.496661752462387
329,116.0,63.4668350219727
330,116.1,3059.19165039063
331,116.2,1127.09045410156
332,116.4,0.434492319822311
333,116.5,0.243301823735237
334,116.8,0.473250657320023
335,117.0,30.0631237030029
336,117.1,10448.310546875
337,117.3,3.41264200210571
338,117.4,0.568975985050201
339,117.6,0.0810717046260834
340,117.8,0.536547303199768
341,118.0,47.7895622253418
342,118.1,4947.98583984375
343,118.3,6.85242366790771
344,118.4,0.66929680109024
345,118.6,0.0669383481144905
346,118.8,0.685164332389832
347,119.0,49.8808631896973
348,119.1,5739.04541015625
349,119.3,3.88615274429321
350,119.6,0.203676402568817
351,119.8,0.749848246574402
352,120.0,31.2959327697754
353,120.2,5893.75244140625
354,120.3,8.16803932189941
355,120.5,0.182779848575592
356,120.7,0.285788595676422
357,120.9,2.73779582977295
358,121.1,2760.853515625
359,121.2,4376.78076171875
360,121.4,0.324286818504333
361,121.6,0.0310413595288992
362,121.9,2.27590394020081
363,122.0,23.4253883361816
364,122.2,6597.3740234375
365,122.3,10.1377782821655
366,122.4,0.346570700407028
367,122.6,0.0554062239825726
368,122.8,0.479060083627701
369,123.0,21.4340591430664
370,123.2,8425.5048828125
371,123.3,14.3126678466797
372,123.4,0.50637298822403
373,123.7,0.166912332177162
374,123.9,1.73363387584686
375,124.1,2236.35205078125
376,124.2,4534.7939453125
377,124.4,0.552067995071411
378,124.6,0.166565507650375
379,124.9,3.07136034965515
380,125.1,2433.46728515625
381,125.2,3652.71997070313
382,125.4,0.629844784736633
383,125.6,0.356975644826889
384,125.8,0.957253098487854
385,126.0,63.4974403381348
386,126.1,4579.60009765625
387,126.3,19.6816959381104
388,126.5,0.370935589075089
389,126.7,0.580594837665558
390,126.9,7.09485816955566
391,127.1,2033.94116210938
392,127.2,1246.19409179688
393,127.4,0.924824416637421
394,127.6,0.278938710689545
395,127.8,0.754183650016785
396,128.0,56.3891448974609
397,128.1,4497.37255859375
398,128.3,10.2239656448364
399,128.5,0.211740225553513
400,128.7,0.218936964869499
401,128.9,3.99158930778503
402,129.1,3352.42358398438
403,129.2,2552.20849609375
404,129.4,0.752362787723541
405,129.7,0.211913645267487
406,129.8,0.604092597961426
407,130.0,33.2638511657715
408,130.1,7502.6669921875
409,130.3,6.2465968132019
410,130.5,0.261163622140884
411,130.8,0.702592551708221
412,131.0,31.0711879730225
413,131.2,6871.873046875
414,131.3,5.55935144424438
415,131.5,0.136044397950172
416,131.7,0.180265322327614
417,131.9,2.92248320579529
418,132.1,2706.40771484375
419,132.2,2183.44409179688
420,132.4,0.729992210865021
421,132.6,0.017601665109396
422,132.8,0.978930056095123
423,133.0,73.8467864990234
424,133.1,6943.0185546875
425,133.3,2.10604357719421
426,133.6,0.12598629295826
427,133.8,1.22760772705078
428,134.0,63.5362854003906
429,134.1,2326.69653320313
430,134.2,2519.2587890625
431,134.4,0.793202102184296
432,134.7,0.223879307508469
433,134.9,4.34674406051636
434,135.1,4797.66357421875
435,135.2,3961.44848632813
436,135.4,0.590132653713226
437,135.6,0.0187288653105497
438,135.8,0.512702703475952
439,136.0,24.3041706085205
440,136.2,5211.3642578125
441,136.3,14.4413423538208
442,136.5,0.253359913825989
443,136.8,0.958120167255402
444,137.0,40.6324462890625
445,137.2,5941.9482421875
446,137.3,6.75877904891968
447,137.5,0.0609555207192898
448,137.7,0.101621434092522
449,137.9,2.2510187625885
450,138.0,27.612850189209
451,138.2,5470.46142578125
452,138.3,20.6930541992188
453,138.5,0.328622221946716
454,138.8,0.911558151245117
455,139.0,46.5163459777832
456,139.2,4148.96240234375
457,139.3,14.2064514160156
458,139.6,0.260730087757111
459,139.8,1.13413679599762
460,140.0,49.2079238891602
461,140.1,3392.46411132813
462,140.3,21.8635215759277
463,140.5,0.707361459732056
464,140.7,0.134917199611664
465,140.9,5.54114294052124
466,141.1,1460.84716796875
467,141.2,1513.46020507813
468,141.4,2.09711265563965
469,141.7,0.470389306545258
470,141.9,7.05124425888062
471,142.1,2193.80517578125
472,142.2,975.526489257813
473,142.3,13.3829011917114
474,142.5,0.239920228719711
475,142.7,0.336859434843063
476,142.9,3.04951000213623
477,143.0,29.2942867279053
478,143.2,3773.63525390625
479,143.3,10.0632963180542
480,143.5,0.121650911867619
481,143.7,0.40171679854393
482,143.9,3.21607565879822
483,144.1,1866.43786621094
484,144.2,1907.61706542969
485,144.4,0.55510276556015
486,144.6,0.239920228719711
487,144.8,0.851296305656433
488,145.0,27.8993320465088
489,145.2,4650.87060546875
490,145.3,8.0769100189209
491,145.6,0.329836130142212
492,145.7,0.13829879462719
493,145.9,2.95751333236694
494,146.1,2092.4658203125
495,146.2,2372.61743164063
496,146.4,1.20827186107635
497,146.7,0.57799357175827
498,146.9,6.36781406402588
499,147.1,3503.42016601563
500,147.2,2502.59423828125
501,147.4,0.728604853153229
502,147.7,0.24434232711792
503,147.9,2.4164571762085
504,148.1,1961.82263183594
505,148.2,2399.76440429688
506,148.4,0.527182877063751
507,148.5,0.272002071142197
508,148.8,1.222491979599
509,149.0,38.3632202148438
510,149.2,5439.150390625
511,149.3,9.64129066467285
512,149.5,0.190150007605553
513,149.8,0.600104033946991
514,150.0,26.7654552459717
515,150.1,1615.33959960938
516,150.2,2466.34008789063
517,150.4,0.870111882686615
518,150.7,0.278158336877823
519,150.9,3.14289426803589
520,151.1,2336.85278320313
521,151.2,3002.521484375
522,151.4,0.920662462711334
523,151.6,0.0886152759194374
524,151.8,0.525968968868256
525,152.0,29.2318572998047
526,152.2,5050.78173828125
527,152.3,16.5113162994385
528,152.6,0.415936887264252
529,152.8,1.06095552444458
530,153.0,60.9538726806641
531,153.2,3365.17309570313
532,153.3,11.4690885543823
533,153.4,0.729992210865021
534,153.7,0.384461969137192
535,153.9,4.3022632598877
536,154.1,2421.67114257813
537,154.2,3142.66528320313
538,154.4,2.057053565979
539,154.6,0.0946848168969154
540,154.8,1.46700775623322
541,155.0,59.2439079284668
542,155.1,3055.81958007813
543,155.3,9.85996723175049
544,155.4,1.28483486175537
545,155.7,0.489465028047562
546,155.9,7.13491725921631
547,156.0,40.2746047973633
548,156.2,2974.744140625
549,156.3,14.7122173309326
550,156.5,0.587618112564087
551,156.8,0.96366947889328
552,156.9,3.18962979316711
553,157.1,1414.47607421875
554,157.2,2253.97143554688
555,157.3,14.3522930145264
556,157.6,0.258302271366119
557,157.7,0.125292643904686
558,157.9,3.6698169708252
559,158.1,1294.90612792969
560,158.2,1762.99841308594
561,158.4,1.01872885227203
562,158.5,0.250671982765198
563,158.8,0.927252233028412
564,159.0,28.8646488189697
565,159.2,3418.7060546875
566,159.3,9.70328617095947
567,159.4,0.743605315685272
568,159.7,0.248504295945168
569,159.9,2.53732776641846
570,160.1,1369.4521484375
571,160.2,1940.02648925781
572,160.4,0.922656714916229
573,160.6,0.122257865965366
574,160.8,1.22544002532959
575,161.0,57.8366432189941
576,161.2,3638.51000976563
577,161.3,9.22977542877197
578,161.6,0.272695749998093
579,161.8,0.530824601650238
580,162.0,36.1391639709473
581,162.2,3203.67651367188
582,162.3,16.5625591278076
583,162.4,1.40301740169525
584,162.7,0.668603122234344
585,162.9,6.11193943023682
586,163.1,1676.73132324219
587,163.2,2017.76245117188
588,163.4,1.01222574710846
589,163.7,0.649614155292511
590,163.9,4.09728622436523
591,164.1,1209.71423339844
592,164.2,1858.98278808594
593,164.3,26.5282230377197
594,164.5,0.141940519213676
595,164.7,0.342495441436768
596,164.9,5.32411336898804
597,165.1,1622.39099121094
598,165.2,2587.54296875
599,165.4,1.12052369117737
600,165.6,0.119656637310982
601,165.8,0.916327059268951
602,166.0,36.3197784423828
603,166.2,4051.39404296875
604,166.3,13.4647531509399
605,166.5,0.169340148568153
606,166.6,0.191710740327835
607,166.9,3.22968864440918
608,167.1,1650.94665527344
609,167.2,1827.27026367188
610,167.4,1.36902797222137
611,167.7,0.32220584154129
612,167.9,3.43813395500183
613,168.1,2226.54663085938
614,168.2,2240.94067382813
615,168.4,1.78921353816986
616,168.6,0.114714294672012
617,168.8,0.942339360713959
618,169.0,32.4250411987305
619,169.2,2653.24755859375
620,169.3,16.6823024749756
621,169.6,0.547125637531281
622,169.7,0.307552248239517
623,169.9,3.85831952095032
624,170.1,1067.640625
625,170.2,1698.66748046875
626,170.4,0.993150115013123
627,170.5,0.59221363067627
628,170.8,0.968525111675262
629,171.0,23.577127456665
630,171.2,3170.5478515625
631,171.3,17.694787979126
632,171.5,0.233850687742233
633,171.6,0.442296028137207
634,171.9,2.95864033699036
635,172.1,1086.82385253906
636,172.2,1775.53588867188
637,172.4,0.99479752779007
638,172.6,0.159021943807602
639,172.8,0.831526935100555
640,173.0,27.4101276397705
641,173.2,2775.08447265625
642,173.3,18.0237579345703
643,173.6,0.304777592420578
644,173.8,0.446197867393494
645,174.0,27.2241401672363
646,174.2,2650.52416992188
647,174.3,20.8857192993164
648,174.5,0.377091825008392
649,174.7,0.137865260243416
650,174.9,2.34535670280457
651,175.0,25.2482433319092
652,175.2,2786.16796875
653,175.3,15.327841758728
654,175.6,0.381687343120575
655,175.8,1.10760426521301
656,176.0,46.8086357116699
657,176.2,2616.39086914063
658,176.3,22.223445892334
659,176.5,0.201942250132561
660,176.7,0.471950054168701
661,176.9,8.78314399719238
662,177.1,1529.36340332031
663,177.2,1597.85583496094
664,177.4,0.416890650987625
665,177.6,0.293939143419266
666,177.7,0.363478720188141
667,177.9,4.83620929718018
668,178.1,1138.23645019531
669,178.2,1793.32873535156
670,178.4,1.2476372718811
671,178.7,0.555969834327698
672,178.9,5.79840469360352
673,179.0,57.7319869995117
674,179.2,3029.03735351563
675,179.3,40.8308334350586
676,179.4,1.06546437740326
677,179.6,0.117749065160751
678,179.8,0.998265862464905
679,180.0,30.2134742736816
680,180.1,922.372497558594
681,180.2,1901.82604980469
682,180.4,1.3626983165741
683,180.7,0.450186431407928
684,180.9,3.93999814987183
685,181.1,942.619873046875
686,181.2,1646.65563964844
687,181.4,1.13170897960663
688,181.6,0.108991585671902
689,181.8,0.767970144748688
690,182.0,27.8558921813965
691,182.2,3152.529296875
692,182.3,23.2187633514404
693,182.5,0.281453222036362
694,182.7,0.2987080514431
695,182.9,3.79112124443054
696,183.1,919.164245605469
697,183.2,1644.95556640625
698,183.4,1.70562732219696
699,183.6,0.430330365896225
700,183.9,3.14965748786926
701,184.1,830.582580566406
702,184.2,1449.22058105469
703,184.4,1.19318473339081
704,184.5,0.628370761871338
705,184.7,0.283100664615631
706,184.9,2.73970341682434
707,185.1,763.888427734375
708,185.2,2268.92529296875
709,185.4,1.19058358669281
710,185.6,0.170380651950836
711,185.8,0.487210601568222
712,186.0,21.7527961730957
713,186.2,3007.56689453125
714,186.3,20.4786262512207
715,186.5,0.130755230784416
716,186.7,0.467788100242615
717,186.9,2.59897685050964
718,187.1,871.481079101563
719,187.2,1476.49279785156
720,187.3,16.7491550445557
721,187.5,0.371455818414688
722,187.8,0.68845921754837
723,188.0,24.497875213623
724,188.1,773.471435546875
725,188.2,1402.07202148438
726,188.4,1.51807856559753
727,188.7,0.156160578131676
728,188.9,2.8889274597168
729,189.1,878.92431640625
730,189.2,1491.79296875
731,189.4,0.770311295986176
732,189.7,0.27521026134491
733,189.9,2.64744639396667
734,190.1,809.465454101563
735,190.2,1357.48620605469
736,190.4,1.56966960430145
737,190.5,0.554755926132202
738,190.8,3.22908186912537
739,191.0,205.416549682617
740,191.1,3494.28295898438
741,191.3,19.5048980712891
742,191.5,0.164657935500145
743,191.7,0.392092257738113
744,191.9,6.14861679077148
745,192.0,57.1284141540527
746,192.2,2586.75268554688
747,192.3,31.9984397888184
748,192.4,2.23176980018616
749,192.7,0.909217000007629
750,192.9,17.9993057250977
751,193.1,2391.47875976563
752,193.2,1449.23461914063
753,193.4,0.579120755195618
754,193.6,0.0782103538513184
755,193.8,1.74785399436951
756,194.0,48.1372566223145
757,194.2,2777.78955078125
758,194.3,34.4924125671387
759,194.5,0.375704497098923
760,194.8,2.04040575027466
761,195.0,47.085578918457
762,195.1,873.878234863281
763,195.2,1690.48364257813
764,195.4,1.31882429122925
765,195.7,0.219370499253273
766,195.9,3.38385510444641
767,196.1,641.761962890625
768,196.2,1681.56079101563
769,196.4,2.08532047271729
770,196.5,0.568542420864105
771,196.8,0.795022964477539
772,197.0,28.9229164123535
773,197.2,2353.4375
774,197.3,17.0822849273682
775,197.5,0.480013877153397
776,197.8,0.715598702430725
777,198.0,21.1323165893555
778,198.1,648.988403320313
779,198.2,1444.23303222656
780,198.4,1.44888579845428
781,198.7,0.322379261255264
782,198.8,0.298621356487274
783,199.0,20.1378650665283
784,199.2,2437.56469726563
785,199.3,24.0044212341309
786,199.4,1.69773697853088
787,199.6,0.17436920106411
788,199.8,0.692881286144257
789,200.0,21.5257091522217
790,200.1,647.396789550781
791,200.2,1519.31774902344
792,200.4,1.5296106338501
793,200.6,0.16318391263485
794,200.8,0.637128233909607
795,200.9,2.45790338516235
796,201.1,607.250915527344
797,201.2,1241.2822265625
798,201.4,1.06451058387756
799,201.7,0.303390264511108
800,201.9,2.35238003730774
801,202.1,629.460693359375
802,202.2,1256.11096191406
803,202.4,1.71187031269073
804,202.6,0.158414989709854
805,202.8,0.624989151954651
806,203.0,30.2922058105469
807,203.2,1773.23889160156
808,203.3,20.0224571228027
809,203.6,0.274863421916962
810,203.8,0.566895008087158
811,204.0,25.1902370452881
812,204.1,546.746704101563
813,204.2,1116.79602050781
814,204.4,2.24807071685791
815,204.7,0.304604172706604
816,204.9,2.98118448257446
817,205.1,668.25439453125
818,205.2,1151.5751953125
819,205.3,29.4224395751953
820,205.5,0.346570700407028
821,205.8,0.622474610805511
822,206.0,15.3874101638794
823,206.2,1649.14416503906
824,206.3,46.4599838256836
825,206.5,0.18884938955307
826,206.7,0.0595681965351105
827,207.0,96.4616317749023
828,207.1,15488.3134765625
829,207.3,9.14983081817627
830,207.6,0.0163010489195585
831,207.8,1.28214693069458
832,208.0,55.8820762634277
833,208.1,4828.072265625
834,208.3,90.110725402832
835,208.4,1.23020899295807
836,208.6,0.114714294672012
837,208.8,2.70840191841125
838,209.0,55.6179656982422
839,209.1,3722.07885742188
840,209.3,25.2387065887451
841,209.5,0.160842806100845
842,209.7,0.420445680618286
843,209.9,4.50585269927979
844,210.1,692.616760253906
845,210.2,1293.72888183594
846,210.4,3.53620052337646
847,210.6,0.399982661008835
848,210.8,3.39885544776917
849,210.9,8.68160915374756
850,211.1,1038.15344238281
851,211.2,1549.70983886719
852,211.4,1.26454520225525
853,211.7,0.320211559534073
854,211.9,4.04196643829346
855,212.1,507.851043701172
856,212.2,1221.77746582031
857,212.4,2.16136312484741
858,212.6,0.502211034297943
859,212.8,1.58813834190369
860,213.0,19.3562812805176
861,213.2,2514.23974609375
862,213.3,159.11930847168
863,213.5,0.173242002725601
864,213.7,0.31102055311203
865,213.9,2.35385417938232
866,214.0,18.4730777740479
867,214.2,1646.36608886719
868,214.3,41.7155113220215
869,214.6,0.480360716581345
870,214.8,1.37700510025024
871,215.0,27.8699378967285
872,215.2,1655.79760742188
873,215.3,27.5407962799072
874,215.4,1.03346920013428
875,215.6,0.402410477399826
876,215.9,2.96817827224731
877,216.1,476.551879882813
878,216.2,1014.23846435547
879,216.4,1.63331305980682
880,216.5,0.526142358779907
881,216.7,0.151565074920654
882,216.9,3.0274863243103
883,217.1,415.905303955078
884,217.2,989.460876464844
885,217.4,1.7239226102829
886,217.6,0.302176356315613
887,217.9,2.69929766654968
888,218.1,391.306671142578
889,218.2,979.404235839844
890,218.3,52.9587287902832
891,218.5,0.728258013725281
892,218.8,0.802566528320313
893,219.0,23.9346218109131
894,219.2,1402.9208984375
895,219.3,42.1800918579102
896,219.5,0.527529716491699
897,219.7,0.173675537109375
898,219.9,3.32185912132263
899,220.1,340.861267089844
900,220.2,1156.63061523438
901,220.4,2.83473515510559
902,220.7,0.640769958496094
903,220.9,7.31526899337769
904,221.1,887.468078613281
905,221.2,1558.7646484375
906,221.4,2.76927089691162
907,221.5,0.358796507120132
908,221.8,0.864302456378937
909,222.0,22.2899513244629
910,222.1,403.038940429688
911,222.2,1273.95373535156
912,222.4,3.49908947944641
913,222.7,0.654643177986145
914,222.9,5.22752094268799
915,223.1,555.943542480469
916,223.2,1160.318359375
917,223.4,1.99661839008331
918,223.7,0.301395982503891
919,223.9,2.8601405620575
920,224.1,382.409698486328
921,224.2,1073.2001953125
922,224.4,2.60079765319824
923,224.7,0.968785226345062
924,224.9,7.43804740905762
925,225.1,714.302856445313
926,225.2,1301.76220703125
927,225.4,1.34232199192047
928,225.7,0.327495008707047
929,225.9,3.25535416603088
930,226.1,415.591613769531
931,226.2,1050.21459960938
932,226.4,2.05462574958801
933,226.6,0.331396847963333
934,226.8,0.904274702072144
935,226.9,2.21130657196045
936,227.1,390.646759033203
937,227.2,1218.92980957031
938,227.4,1.53672075271606
939,227.6,0.135524153709412
940,227.8,0.638862371444702
941,228.0,18.5348129272461
942,228.2,1310.26147460938
943,228.3,53.345531463623
944,228.5,0.272175490856171
945,228.7,0.443336516618729
946,228.9,3.95673274993896
947,229.1,384.111236572266
948,229.2,820.423156738281
949,229.4,1.67614674568176
950,229.6,0.164137691259384
951,229.8,1.02965402603149
952,230.0,23.6421566009521
953,230.2,1089.84753417969
954,230.3,51.9372253417969
955,230.5,0.456082552671432
956,230.8,0.807942450046539
957,231.0,21.4892044067383
958,231.2,997.463806152344
959,231.3,55.9210090637207
960,231.5,0.351946592330933
961,231.6,0.618572771549225
962,231.8,0.346917539834976
963,232.0,17.7218418121338
964,232.2,1046.58654785156
965,232.3,64.5205917358398
966,232.5,0.779935836791992
967,232.8,0.849301993846893
968,233.0,19.9461536407471
969,233.2,1106.95788574219
970,233.3,54.7401351928711
971,233.5,0.59941041469574
972,233.8,0.61683863401413
973,234.0,15.9146795272827
974,234.1,256.033569335938
975,234.2,981.315612792969
976,234.4,4.29359245300293
977,234.6,0.250238448381424
978,234.8,1.05254483222961
979,235.0,32.1050033569336
980,235.2,1255.82739257813
981,235.3,57.2974090576172
982,235.6,0.642243981361389
983,235.8,1.05115759372711
984,236.0,19.1392517089844
985,236.2,1176.88000488281
986,236.3,89.3054733276367
987,236.4,7.06615781784058
988,236.6,0.22491979598999
989,236.8,1.32498049736023
990,237.0,30.3045177459717
991,237.2,1143.74694824219
992,237.3,58.9106903076172
993,237.5,0.487904280424118
994,237.7,0.508280575275421
995,237.9,2.82285618782043
996,238.0,19.5720977783203
997,238.2,1016.54974365234
998,238.3,62.0128326416016
999,238.5,0.622994899749756
1000,238.8,0.947368443012238
1001,239.0,14.5555362701416
1002,239.2,1091.96643066406
1003,239.3,159.108642578125
1004,239.5,0.686985194683075
1005,239.7,0.189456343650818
1006,239.9,3.58111500740051
1007,240.1,266.589263916016
1008,240.2,676.783203125
1009,240.3,72.6797027587891
1010,240.5,0.899679183959961
1011,240.8,1.57105696201324
1012,241.0,25.00364112854
1013,241.2,947.236694335938
1014,241.3,74.7132568359375
1015,241.4,2.12303829193115
1016,241.6,0.409433811903
1017,241.8,0.742738246917725
1018,242.0,20.4096069335938
1019,242.2,929.561584472656
1020,242.3,62.5312576293945
1021,242.4,3.46770143508911
1022,242.7,0.664961397647858
1023,242.9,5.56377363204956
1024,243.1,302.972259521484
1025,243.2,660.259399414063
1026,243.4,2.94736838340759
1027,243.7,0.535333395004272
1028,243.9,4.38957786560059
1029,244.0,22.9928035736084
1030,244.2,896.977172851563
1031,244.3,62.578426361084
1032,244.5,0.856238603591919
1033,244.8,1.06312322616577
1034,245.0,22.207405090332
1035,245.2,771.513305664063
1036,245.3,62.9787559509277
1037,245.6,0.709355771541595
1038,245.8,0.562299489974976
1039,246.0,18.9812717437744
1040,246.2,805.638793945313
1041,246.3,66.5290908813477
1042,246.5,0.873233318328857
1043,246.8,0.930026888847351
1044,247.0,21.5296115875244
1045,247.1,228.623596191406
1046,247.2,693.736328125
1047,247.4,3.7534031867981
1048,247.6,0.545478165149689
1049,247.9,2.80993676185608
1050,248.1,238.310333251953
1051,248.2,721.606750488281
1052,248.4,4.75938606262207
1053,248.7,1.13170897960663
1054,248.9,10.9718198776245
1055,249.0,126.490417480469
1056,249.2,1186.00109863281
1057,249.3,80.5853652954102
1058,249.5,0.658284902572632
1059,249.8,1.40631234645844
1060,250.0,47.8173065185547
1061,250.2,941.373962402344
1062,250.3,93.4148941040039
1063,250.5,0.628370761871338
1064,250.7,1.13439691066742
1065,250.8,2.3642590045929
1066,251.0,95.5255355834961
1067,251.2,1166.69396972656
1068,251.3,58.8285789489746
1069,251.5,0.531171441078186
1070,251.7,0.348998516798019
1071,251.9,5.84618043899536
1072,252.1,280.650909423828
1073,252.2,785.324096679688
1074,252.4,3.65949892997742
1075,252.6,1.21633577346802
1076,252.9,8.93514251708984
1077,253.1,453.46337890625
1078,253.2,614.630126953125
1079,253.3,72.1666488647461
1080,253.6,0.473510801792145
1081,253.8,1.0007803440094
1082,254.0,31.2713088989258
1083,254.1,241.063034057617
1084,254.2,555.867614746094
1085,254.4,2.69999122619629
1086,254.5,1.01309287548065
1087,254.8,1.29367899894714
1088,255.0,28.7136039733887
1089,255.1,233.669036865234
1090,255.2,530.688110351563
1091,255.4,2.50481224060059
1092,255.6,0.223532468080521
1093,255.8,1.08774816989899
1094,256.0,9.70961570739746
1095,256.1,99.92578125
1096,256.3,1437.71765136719
1097,256.4,13.9083499908447
1098,256.7,0.599757194519043
1099,256.9,3.05159115791321
1100,257.1,168.341461181641
1101,257.2,658.636108398438
1102,257.4,6.70727491378784
1103,257.7,0.512789368629456
1104,257.9,5.0820255279541
1105,258.1,212.292633056641
1106,258.2,456.253540039063
1107,258.3,89.2386169433594
1108,258.5,0.816092967987061
1109,258.6,0.51929247379303
1110,258.9,3.47203683853149
1111,259.1,195.970611572266
1112,259.2,523.302978515625
1113,259.4,5.17168140411377
1114,259.7,0.710309565067291
1115,259.8,0.542270004749298
1116,260.0,17.970085144043
1117,260.2,591.727905273438
1118,260.3,88.5287399291992
1119,260.5,0.738316118717194
1120,260.6,0.471256405115128
1121,260.9,2.83091998100281
1122,261.1,182.828399658203
1123,261.2,543.497375488281
1124,261.4,4.95916080474854
1125,261.5,0.779849112033844
1126,261.8,0.618486106395721
1127,262.0,14.0417060852051
1128,262.2,640.635498046875
1129,262.3,109.569931030273
1130,262.4,8.73155307769775
1131,262.7,0.97459465265274
1132,262.9,2.40310406684875
1133,263.1,177.026016235352
1134,263.2,499.112640380859
1135,263.3,142.563171386719
1136,263.5,0.720367670059204
1137,263.6,0.573398053646088
1138,263.8,0.433972090482712
1139,264.0,17.3856754302979
1140,264.2,606.927062988281
1141,264.3,176.153213500977
1142,264.5,0.984739422798157
1143,264.7,1.13413679599762
1144,264.9,7.52518844604492
1145,265.1,640.1552734375
1146,265.2,532.590454101563
1147,265.4,3.74334526062012
1148,265.6,0.159975722432137
1149,265.8,1.34596371650696
1150,266.0,42.2391395568848
1151,266.2,653.672302246094
1152,266.3,84.1974334716797
1153,266.5,1.41290211677551
1154,266.7,2.01708149909973
1155,266.9,30.1956119537354
1156,267.1,1387.07287597656
1157,267.2,383.780120849609
1158,267.4,1.28058612346649
1159,267.7,0.924824416637421
1160,267.8,2.2523193359375
1161,268.0,87.7389221191406
1162,268.2,717.739990234375
1163,268.3,40.2876968383789
1164,268.4,3.17142105102539
1165,268.6,0.444897264242172
1166,268.8,3.26662611961365
1167,269.0,72.3952102661133
1168,269.2,792.186950683594
1169,269.3,42.649528503418
1170,269.5,0.51105523109436
1171,269.8,1.41888499259949
1172,270.0,34.4668350219727
1173,270.2,509.879577636719
1174,270.3,88.4901580810547
1175,270.5,0.623775243759155
1176,270.7,0.898725390434265
1177,270.9,7.09165000915527
1178,271.1,252.491027832031
1179,271.2,375.032440185547
1180,271.4,3.32472038269043
1181,271.7,0.584323227405548
1182,271.9,4.09485816955566
1183,272.1,161.236190795898
1184,272.2,306.766937255859
1185,272.3,72.0188140869141
1186,272.5,1.14818346500397
1187,272.8,0.865776479244232
1188,273.0,22.9809246063232
1189,273.2,446.422790527344
1190,273.3,69.9034042358398
1191,273.5,0.873840272426605
1192,273.7,0.316049605607986
1193,273.9,3.27096152305603
1194,274.0,16.1983871459961
1195,274.2,438.838714599609
1196,274.3,87.9063568115234
1197,274.5,0.795803368091583
1198,274.7,0.926992118358612
1199,274.9,3.61250329017639
1200,275.1,150.599670410156
1201,275.2,386.078918457031
1202,275.4,6.23792600631714
1203,275.6,0.297927677631378
1204,275.8,0.753663420677185
1205,275.9,2.09156322479248
1206,276.1,129.66374206543
1207,276.2,366.705627441406
1208,276.3,105.090179443359
1209,276.5,1.27061474323273
1210,276.7,0.388710647821426
1211,276.9,2.63955616950989
1212,277.1,144.042739868164
1213,277.2,415.901947021484
1214,277.4,7.08237218856812
1215,277.7,0.436313182115555
1216,277.9,2.01751494407654
1217,278.0,11.7630281448364
1218,278.2,451.398071289063
1219,278.3,208.788513183594
1220,278.4,317.933837890625
1221,278.7,1.18425393104553
1222,278.8,0.638168752193451
1223,279.0,22.4286823272705
1224,279.2,451.141082763672
1225,279.3,186.167083740234
1226,279.4,68.4532241821289
1227,279.6,0.575739204883575
1228,279.8,0.520246267318726
1229,280.0,9.08393287658691
1230,280.1,71.6353073120117
1231,280.3,784.348449707031
1232,280.4,70.8186950683594
1233,280.6,0.785485148429871
1234,280.9,18.2517986297607
1235,281.1,6641.7958984375
1236,281.2,559.720947265625
1237,281.4,7.666175365448
1238,281.6,0.217029392719269
1239,281.8,3.53706765174866
1240,282.0,69.4700393676758
1241,282.1,2202.337890625
1242,282.3,46.695915222168
1243,282.5,0.768577098846436
1244,282.7,0.98309201002121
1245,282.9,13.67848777771
1246,283.1,1352.5625
1247,283.2,511.816009521484
1248,283.4,2.40943384170532
1249,283.7,0.388016998767853
1250,283.8,0.94103878736496
1251,284.0,33.9208374023438
1252,284.2,635.032592773438
1253,284.3,111.971473693848
1254,284.4,14.3200378417969
1255,284.7,1.40397119522095
1256,284.9,12.7920751571655
1257,285.0,62.5563163757324
1258,285.2,726.680297851563
1259,285.3,43.6212615966797
1260,285.4,4.23515129089355
1261,285.6,0.221885025501251
1262,285.8,1.34943211078644
1263,286.0,32.5975914001465
1264,286.2,401.378662109375
1265,286.3,56.7490692138672
1266,286.4,5.57105684280396
1267,286.7,0.980143964290619
1268,286.8,1.39365303516388
1269,287.0,35.2340240478516
1270,287.2,450.519653320313
1271,287.3,59.7912940979004
1272,287.4,4.20731830596924
1273,287.6,0.2014220058918
1274,287.8,1.14549553394318
1275,287.9,2.90921711921692
1276,288.1,125.297233581543
1277,288.2,301.075012207031
1278,288.4,8.52787685394287
1279,288.7,0.708922207355499
1280,288.9,4.78331756591797
1281,289.0,17.0892219543457
1282,289.2,343.71142578125
1283,289.3,82.5900497436523
1284,289.5,0.946327924728394
1285,289.7,0.580768227577209
1286,289.9,3.30677175521851
1287,290.0,13.2610769271851
1288,290.2,307.650390625
1289,290.3,83.7813262939453
1290,290.5,0.877221882343292
1291,290.6,1.09086966514587
1292,290.8,0.444550424814224
1293,291.0,18.669469833374
1294,291.1,96.3806457519531
1295,291.2,271.739959716797
1296,291.4,8.54105567932129
1297,291.7,0.464926719665527
1298,291.9,2.97554850578308
1299,292.1,100.834213256836
1300,292.2,285.423126220703
1301,292.4,13.0202026367188
1302,292.6,0.69990462064743
1303,292.9,4.3613977432251
1304,293.1,118.414031982422
1305,293.2,274.056365966797
1306,293.4,9.82433032989502
1307,293.6,0.712303817272186
1308,293.9,3.31761026382446
1309,294.1,101.112632751465
1310,294.2,179.37744140625
1311,294.3,155.034683227539
1312,294.5,1.5000433921814
1313,294.6,0.918321311473846
1314,294.9,3.30122256278992
1315,295.1,197.461196899414
1316,295.2,323.217895507813
1317,295.4,8.10933876037598
1318,295.6,0.241914510726929
1319,295.8,0.890661597251892
1320,296.0,21.0363311767578
1321,296.2,286.220153808594
1322,296.3,83.8659515380859
1323,296.5,0.836729407310486
1324,296.7,0.576346158981323
1325,296.9,4.3561954498291
1326,297.1,132.523361206055
1327,297.2,186.141860961914
1328,297.3,69.1382141113281
1329,297.5,1.21165347099304
1330,297.8,1.06953954696655
1331,298.0,19.3739700317383
1332,298.2,242.325332641602
1333,298.3,76.7793273925781
1334,298.5,1.65603053569794
1335,298.8,1.61328363418579
1336,299.0,35.813404083252
1337,299.2,452.979614257813
1338,299.3,51.7709197998047
1339,299.4,5.12485933303833
1340,299.6,0.326888054609299
1341,299.8,1.0287002325058
1342,300.0,23.1167087554932
1343,300.2,280.556304931641
1344,300.3,68.7007751464844
1345,300.5,1.46345269680023
1346,300.8,0.97164660692215
1347,301.0,25.3183040618896
1348,301.2,270.830474853516
1349,301.3,61.5785140991211
1350,301.4,6.73536825180054
1351,301.6,0.279979199171066
1352,301.8,0.998092412948608
1353,302.0,17.5199851989746
1354,302.2,224.246170043945
1355,302.3,71.9900283813477
1356,302.4,14.294285774231
1357,302.7,0.736842095851898
1358,302.9,4.07292127609253
1359,303.1,89.9407806396484
1360,303.2,146.371459960938
1361,303.3,80.1852111816406
1362,303.5,1.45391488075256
1363,303.8,0.84496659040451
1364,304.0,15.0908699035645
1365,304.2,202.328796386719
1366,304.3,76.6086883544922
1367,304.5,1.95491194725037
1368,304.7,0.35940346121788
1369,304.9,2.8310067653656
1370,305.1,79.5583114624023
1371,305.2,203.166473388672
1372,305.4,12.9293336868286
1373,305.7,0.733460485935211
1374,305.9,2.96878528594971
1375,306.0,13.4878177642822
1376,306.2,180.024276733398
1377,306.3,81.0032958984375
1378,306.5,2.02765965461731
1379,306.8,1.08670771121979
1380,307.0,19.3531608581543
1381,307.2,182.082366943359
1382,307.3,74.2142562866211
1383,307.5,1.58952569961548
1384,307.8,0.896817803382874
1385,308.0,16.3000087738037
1386,308.2,172.685165405273
1387,308.3,70.6849060058594
1388,308.4,12.9693050384521
1389,308.7,1.06546437740326
1390,308.9,4.38957786560059
1391,309.0,17.6016654968262
1392,309.2,184.177490234375
1393,309.3,72.7476806640625
1394,309.5,1.31466221809387
1395,309.7,0.894129872322083
1396,309.9,3.68204283714294
1397,310.0,15.8976850509644
1398,310.2,189.483474731445
1399,310.3,72.1073455810547
1400,310.5,2.35107946395874
1401,310.8,1.83404147624969
1402,311.0,29.4892921447754
1403,311.2,207.675537109375
1404,311.3,50.8846778869629
1405,311.4,8.2222318649292
1406,311.7,1.3339980840683
1407,311.9,5.12191104888916
1408,312.0,16.5170383453369
1409,312.2,167.215560913086
1410,312.3,70.2730407714844
1411,312.5,1.56550765037537
1412,312.6,1.49475419521332
1413,312.9,3.46674752235413
1414,313.1,85.2475509643555
1415,313.2,272.042236328125
1416,313.4,18.1871147155762
1417,313.7,0.746293246746063
1418,313.9,3.68360352516174
1419,314.1,73.1096878051758
1420,314.2,112.864303588867
1421,314.3,81.3446655273438
1422,314.5,2.04396080970764
1423,314.6,1.38246774673462
1424,314.9,3.7517557144165
1425,315.0,15.3488254547119
1426,315.2,166.210693359375
1427,315.3,62.4825286865234
1428,315.4,10.9205760955811
1429,315.7,1.05601322650909
1430,315.8,0.752449512481689
1431,316.0,14.9547386169434
1432,316.1,52.0883560180664
1433,316.2,159.821029663086
1434,316.4,15.0446548461914
1435,316.5,2.25544095039368
1436,316.8,1.81565940380096
1437,317.0,17.497875213623
1438,317.1,51.8956909179688
1439,317.2,154.539581298828
1440,317.4,14.7461194992065
1441,317.6,0.405705362558365
1442,317.8,1.34995234012604
1443,318.0,13.2394866943359
1444,318.1,45.7661476135254
1445,318.2,150.863952636719
1446,318.4,15.2250061035156
1447,318.7,0.937223613262177
1448,318.9,3.52796316146851
1449,319.1,57.8654289245605
1450,319.2,137.828659057617
1451,319.4,12.8069887161255
1452,319.5,2.37449049949646
1453,319.8,1.19006323814392
1454,320.0,13.1718549728394
1455,320.2,122.913291931152
1456,320.3,69.2639389038086
1457,320.5,2.82563090324402
1458,320.7,0.546692073345184
1459,320.9,2.60643362998962
1460,321.0,11.547212600708
1461,321.2,120.267669677734
1462,321.3,63.094425201416
1463,321.5,2.4748113155365
1464,321.7,0.803607046604156
1465,321.9,2.46735453605652
1466,322.1,52.359489440918
1467,322.2,72.7997894287109
1468,322.3,69.4030151367188
1469,322.5,2.70614767074585
1470,322.6,1.58813834190369
1471,322.8,1.68637824058533
1472,323.0,29.9455471038818
1473,323.2,154.241912841797
1474,323.3,48.5884857177734
1475,323.4,11.7207145690918
1476,323.7,1.2489378452301
1477,323.9,4.86924457550049
1478,324.1,66.5292663574219
1479,324.2,127.020118713379
1480,324.4,15.8958644866943
1481,324.6,1.4424694776535
1482,324.8,5.99037551879883
1483,325.0,91.6953964233398
1484,325.1,277.415679931641
1485,325.3,29.4261684417725
1486,325.5,0.667736053466797
1487,325.7,1.55059397220612
1488,325.9,10.1694269180298
1489,326.1,108.790512084961
1490,326.2,118.24095916748
1491,326.4,9.0457820892334
1492,326.5,4.0260124206543
1493,326.8,10.5885715484619
1494,327.0,185.668426513672
1495,327.1,316.61572265625
1496,327.2,115.587615966797
1497,327.4,2.3091995716095
1498,327.6,0.338160067796707
1499,327.8,4.10890483856201
1500,328.0,65.0248870849609
1501,328.2,203.967056274414
1502,328.3,37.972599029541
1503,328.5,1.77308595180511
1504,328.7,2.27200198173523
1505,328.8,2.87427377700806
1506,329.0,54.6189193725586
1507,329.2,192.803527832031
1508,329.3,36.8500823974609
1509,329.5,1.90904366970062
1510,329.7,0.81635308265686
1511,329.9,6.54452419281006
1512,330.1,68.415153503418
1513,330.2,75.8250274658203
1514,330.3,59.0676307678223
1515,330.5,3.50697994232178
1516,330.8,2.38142728805542
1517,331.0,22.3977279663086
1518,331.2,122.644241333008
1519,331.3,55.5207672119141
1520,331.5,1.71776640415192
1521,331.7,1.53255879878998
1522,331.8,0.803346931934357
1523,332.0,13.7557439804077
1524,332.2,100.037200927734
1525,332.3,62.2496299743652
1526,332.5,2.00520253181458
1527,332.7,1.22396600246429
1528,332.9,3.43657326698303
1529,333.1,44.757740020752
1530,333.2,100.919097900391
1531,333.4,17.3270606994629
1532,333.6,0.686204791069031
1533,333.8,1.1102921962738
1534,334.0,12.7955436706543
1535,334.2,82.5749588012695
1536,334.3,56.4576416015625
1537,334.5,3.34041452407837
1538,334.8,1.26575911045074
1539,335.0,12.9727735519409
1540,335.2,79.3797760009766
1541,335.3,39.4879913330078
1542,335.4,15.5994100570679
1543,335.6,1.51547729969025
1544,335.9,3.1376051902771
1545,336.1,40.4718627929688
1546,336.2,50.8273658752441
1547,336.3,58.0564460754395
1548,336.5,2.66071271896362
1549,336.6,1.58770489692688
1550,336.8,0.808115839958191
1551,337.0,13.4883375167847
1552,337.2,88.0174255371094
1553,337.3,60.4357948303223
1554,337.5,3.34622383117676
1555,337.8,1.26836037635803
1556,338.0,12.5169515609741
1557,338.2,72.9401702880859
1558,338.3,43.2609024047852
1559,338.4,20.229341506958
1560,338.7,1.776207447052
1561,338.9,8.83152675628662
1562,339.0,25.8325672149658
1563,339.2,141.765106201172
1564,339.3,36.2263946533203
1565,339.4,9.18512058258057
1566,339.7,0.936183154582977
1567,339.9,5.45877027511597
1568,340.0,15.9113845825195
1569,340.2,87.5247573852539
1570,340.3,29.5030784606934
1571,340.4,10.6498746871948
1572,340.7,2.64527869224548
1573,340.9,30.1102046966553
1574,341.1,842.06884765625
1575,341.2,160.522933959961
1576,341.4,1.60157811641693
1577,341.7,1.18954300880432
1578,341.8,3.44897246360779
1579,342.0,86.5586547851563
1580,342.1,309.765014648438
1581,342.3,25.7549648284912
1582,342.5,1.10847139358521
1583,342.7,2.03555011749268
1584,342.9,13.164137840271
1585,343.1,257.492584228516
1586,343.2,159.388107299805
1587,343.4,3.91806125640869
1588,343.7,0.839937567710876
1589,343.9,8.44715118408203
1590,344.1,87.3592300415039
1591,344.2,117.28596496582
1592,344.4,12.2247467041016
1593,344.7,2.25145244598389
1594,344.9,9.96843814849854
1595,345.1,103.030784606934
1596,345.2,120.004165649414
1597,345.4,10.786958694458
1598,345.7,1.45105350017548
1599,345.8,1.03433620929718
1600,346.0,18.0996265411377
1601,346.2,87.4308471679688
1602,346.3,48.5684547424316
1603,346.5,3.72002077102661
1604,346.8,2.22335910797119
1605,347.0,16.5244941711426
1606,347.2,80.997917175293
1607,347.3,33.2497177124023
1608,347.4,14.5843229293823
1609,347.6,0.766669571399689
1610,347.8,1.50767362117767
1611,348.0,11.5414896011353
1612,348.2,61.0045967102051
1613,348.3,46.7306861877441
1614,348.5,3.58848524093628
1615,348.7,0.71308422088623
1616,348.9,3.6934015750885
1617,349.1,31.6052188873291
1618,349.3,64.9054870605469
1619,349.4,12.4905052185059
1620,349.5,3.80256652832031
1621,349.8,1.76224744319916
1622,350.0,10.7823638916016
1623,350.1,20.0646839141846
1624,350.3,62.6283721923828
1625,350.4,15.498743057251
1626,350.6,1.79025399684906
1627,350.8,0.727911233901978
1628,351.0,10.8371629714966
1629,351.2,58.0722274780273
1630,351.3,37.4741172790527
1631,351.5,2.23272347450256
1632,351.7,1.54192316532135
1633,351.9,2.89491033554077
1634,352.1,28.3625240325928
1635,352.2,32.6220397949219
1636,352.3,39.6969566345215
1637,352.5,2.46258568763733
1638,352.7,1.73372066020966
1639,352.9,4.73224639892578
1640,353.1,38.9052276611328
1641,353.2,69.5176467895508
1642,353.4,13.3928728103638
1643,353.7,1.19006323814392
1644,353.9,3.41186165809631
1645,354.0,9.10517692565918
1646,354.2,46.68212890625
1647,354.3,21.3698959350586
1648,354.5,1.36946153640747
1649,354.8,4.89404296875
1650,355.0,88.6556854248047
1651,355.1,1519.38854980469
1652,355.3,21.4671802520752
1653,355.6,0.803953886032104
1654,355.8,2.8048210144043
1655,356.0,57.4360542297363
1656,356.1,546.568969726563
1657,356.3,29.0280933380127
1658,356.5,1.68663835525513
1659,356.8,2.84002423286438
1660,357.0,51.3599243164063
1661,357.1,244.867950439453
1662,357.2,223.249542236328
1663,357.4,3.78132319450378
1664,357.5,1.07899069786072
1665,357.8,1.15477323532104
1666,358.0,27.6996440887451
1667,358.1,67.476806640625
1668,358.2,124.807334899902
1669,358.4,12.4702157974243
1670,358.7,2.12676668167114
1671,358.9,7.67814111709595
1672,359.1,104.295501708984
1673,359.2,88.3644332885742
1674,359.3,45.7820167541504
1675,359.5,1.34162831306458
1676,359.7,1.10561001300812
1677,359.9,4.96271562576294
1678,360.1,41.5133094787598
1679,360.2,46.6724166870117
1680,360.3,83.1865921020508
1681,360.5,3.27338933944702
1682,360.6,1.85667216777802
1683,360.8,1.14298105239868
1684,361.0,14.9676580429077
1685,361.2,71.4416046142578
1686,361.3,62.4655342102051
1687,361.5,2.7508020401001
1688,361.7,1.05653345584869
1689,361.8,0.540015578269958
1690,362.0,8.3925256729126
1691,362.2,52.4806213378906
1692,362.3,86.8306579589844
1693,362.5,5.35636854171753
1694,362.8,1.74282491207123
1695,363.0,11.825023651123
1696,363.2,50.8798217773438
1697,363.3,68.1143646240234
1698,363.5,4.51434993743896
1699,363.8,1.4183646440506
1700,364.0,8.00459575653076
1701,364.2,42.2155570983887
1702,364.3,28.5764331817627
1703,364.4,18.5402755737305
1704,364.6,1.05037713050842
1705,364.8,1.52033293247223
1706,365.0,8.24755096435547
1707,365.1,15.5788602828979
1708,365.3,44.6020965576172
1709,365.4,14.8564119338989
1710,365.6,1.42443418502808
1711,365.9,2.24642324447632
1712,366.1,18.9243907928467
1713,366.3,40.6274185180664
1714,366.4,10.6431980133057
1715,366.5,4.11445426940918
1716,366.8,1.95092344284058
1717,367.0,10.9790163040161
1718,367.2,49.0575752258301
1719,367.3,32.9141578674316
1720,367.5,3.86386895179749
1721,367.7,0.465100139379501
1722,367.9,2.79675722122192
1723,368.1,21.8507766723633
1724,368.3,44.6393814086914
1725,368.4,14.0009536743164
1726,368.6,1.22717416286469
1727,368.8,2.16682553291321
1728,368.9,3.18069887161255
1729,369.1,56.6151924133301
1730,369.2,50.7382278442383
1731,369.3,40.189022064209
1732,369.5,2.88545918464661
1733,369.8,1.70528054237366
1734,369.9,2.87037205696106
1735,370.1,34.6946144104004
1736,370.2,56.7951965332031
1737,370.4,15.1539926528931
1738,370.6,1.46275901794434
1739,370.8,2.71681261062622
1740,371.0,17.6788349151611
1741,371.2,80.8225936889648
1742,371.3,48.7530555725098
1743,371.5,3.5820689201355
1744,371.7,1.29194486141205
1745,371.8,0.987080574035645
1746,372.0,10.5664615631104
1747,372.2,50.0177764892578
1748,372.3,46.0745697021484
1749,372.5,5.56862926483154
1750,372.8,2.48304867744446
1751,373.0,22.5652484893799
1752,373.2,97.8978576660156
1753,373.3,38.8871078491211
1754,373.5,3.06841230392456
1755,373.8,1.71750628948212
1756,374.0,12.1791381835938
1757,374.2,56.5548439025879
1758,374.3,67.8594436645508
1759,374.5,5.60877466201782
1760,374.8,1.58813834190369
1761,375.0,11.9536981582642
1762,375.2,50.932975769043
1763,375.3,47.1513900756836
1764,375.5,5.01448011398315
1765,375.8,1.06962633132935
1766,375.9,1.47845315933228
1767,376.1,15.3737964630127
1768,376.2,25.1511306762695
1769,376.4,119.84886932373
1770,376.5,5.66591501235962
1771,376.6,1.62117397785187
1772,376.9,2.7738664150238
1773,377.1,17.4576435089111
1774,377.3,50.8930892944336
1775,377.4,28.8494758605957
1776,377.7,1.50316488742828
1777,377.9,1.99653172492981
1778,378.0,3.74403882026672
1779,378.2,30.9030609130859
1780,378.3,34.7422180175781
1781,378.4,33.3860244750977
1782,378.6,2.14367461204529
1783,378.9,2.60140466690063
1784,379.1,12.9909820556641
1785,379.3,35.2699203491211
1786,379.4,15.0121393203735
1787,379.5,6.27009439468384
1788,379.8,1.17766404151917
1789,380.0,5.84921550750732
1790,380.2,26.4448108673096
1791,380.3,29.2723484039307
1792,380.5,4.81722021102905
1793,380.8,1.29879474639893
1794,381.0,6.86829090118408
1795,381.2,25.7136039733887
1796,381.3,15.8833780288696
1797,381.4,14.422266960144
1798,381.6,1.56628799438477
1799,381.8,0.766236007213593
1800,382.0,6.58527708053589
1801,382.2,26.6504821777344
1802,382.4,32.5645523071289
1803,382.5,4.66886329650879
1804,382.6,3.10352897644043
1805,382.9,6.26914072036743
1806,383.1,25.2836208343506
1807,383.2,37.6373901367188
1808,383.4,9.74533939361572
1809,383.5,4.50680637359619
1810,383.8,1.76007974147797
1811,384.0,8.80404090881348
1812,384.2,30.2597770690918
1813,384.3,23.6202201843262
1814,384.5,6.59507513046265
1815,384.8,5.97173309326172
1816,385.0,28.0103187561035
1817,385.2,62.6630554199219
1818,385.3,22.4413414001465
1819,385.5,2.14315438270569
1820,385.7,2.71906709671021
1821,385.9,4.96210861206055
1822,386.0,9.12095737457275
1823,386.2,38.076301574707
1824,386.3,17.7686634063721
1825,386.4,14.2729558944702
1826,386.7,4.85311698913574
1827,386.9,13.8185205459595
1828,387.1,67.0175170898438
1829,387.2,37.1184425354004
1830,387.3,27.5937747955322
1831,387.5,3.97814965248108
1832,387.8,2.45374155044556
1833,388.0,14.7071018218994
1834,388.2,40.6210021972656
1835,388.3,17.4995231628418
1836,388.4,12.4147233963013
1837,388.7,3.15512013435364
1838,388.9,5.92239665985107
1839,389.1,25.8778285980225
1840,389.2,37.039192199707
1841,389.4,7.68637800216675
1842,389.5,3.67111754417419
1843,389.8,1.4422093629837
1844,390.0,6.68923950195313
1845,390.1,11.2524061203003
1846,390.3,28.4116878509521
1847,390.4,12.8986387252808
1848,390.6,2.15711426734924
1849,390.9,2.38030004501343
1850,391.1,14.9338417053223
1851,391.3,24.8318729400635
1852,391.4,10.0895690917969
1853,391.6,1.90427470207214
1854,391.8,0.598456621170044
1855,392.0,4.56299304962158
1856,392.2,20.6660022735596
1857,392.3,27.6053924560547
1858,392.5,4.45131349563599
1859,392.8,1.23532474040985
1860,393.0,4.394606590271
1861,393.2,17.600191116333
1862,393.3,11.282320022583
1863,393.4,10.5007371902466
1864,393.6,1.53403282165527
1865,393.9,1.40709269046783
1866,394.1,8.83499526977539
1867,394.3,23.3979015350342
1868,394.4,11.9730339050293
1869,394.6,1.83013963699341
1870,394.8,0.488424509763718
1871,395.0,3.44142889976501
1872,395.2,15.8625679016113
1873,395.3,18.9125995635986
1874,395.5,4.14289426803589
1875,395.8,1.30026876926422
1876,396.0,5.58631753921509
1877,396.2,26.2403545379639
1878,396.3,15.7730855941772
1879,396.4,11.6457118988037
1880,396.6,1.29827451705933
1881,396.8,1.71872019767761
1882,396.9,1.75218939781189
1883,397.1,13.1313619613647
1884,397.3,25.1304950714111
1885,397.4,7.47836637496948
1886,397.5,3.62759041786194
1887,397.8,1.49249982833862
1888,398.0,3.95317792892456
1889,398.2,17.5422706604004
1890,398.3,15.2591695785522
1891,398.5,5.84357929229736
1892,398.8,6.62620306015015
1893,399.0,28.8366432189941
1894,399.2,56.3632202148438
1895,399.3,18.4730777740479
1896,399.5,1.89759814739227
1897,399.7,2.46327924728394
1898,399.9,6.43457889556885
1899,400.0,8.53039073944092
1900,400.2,28.8823375701904
1901,400.3,16.2494583129883
1902,400.6,3.85294365882874
1903,400.8,9.15260601043701
1904,401.0,127.142890930176
1905,401.1,205.405181884766
1906,401.3,10.3554153442383
1907,401.5,0.917454242706299
1908,401.7,2.6668689250946
1909,401.9,21.5284843444824
1910,402.1,84.0384140014648
1911,402.2,47.4214859008789
1912,402.4,6.50221109390259
1913,402.7,3.69088697433472
1914,402.9,19.4592037200928
1915,403.1,72.0616455078125
1916,403.2,34.4589424133301
1917,403.3,16.4050121307373
1918,403.5,2.89915895462036
1919,403.8,3.02159023284912
1920,404.0,13.5966358184814
1921,404.2,30.3725833892822
1922,404.3,16.7425651550293
1923,404.6,3.96982574462891
1924,404.8,3.38194751739502
1925,405.0,12.669469833374
1926,405.2,31.382640838623
1927,405.3,14.7990112304688
1928,405.5,2.03199505805969
1929,405.6,1.60079765319824
1930,405.9,2.43700695037842
1931,406.0,4.19405174255371
1932,406.2,18.9919357299805
1933,406.3,14.0596551895142
1934,406.5,3.30226302146912
1935,406.8,1.28084623813629
1936,407.0,4.99106931686401
1937,407.2,16.017427444458
1938,407.3,14.148097038269
1939,407.5,2.80976319313049
1940,407.7,0.459204018115997
1941,407.9,1.49059224128723
1942,408.1,7.62741708755493
1943,408.2,8.18832874298096
1944,408.3,14.0104913711548
1945,408.5,2.91988205909729
1946,408.7,1.40032947063446
1947,408.9,1.35290038585663
1948,409.1,6.94745492935181
1949,409.2,7.10326910018921
1950,409.3,12.2139081954956
1951,409.5,3.5851035118103
1952,409.8,0.770051181316376
1953,410.0,3.04794931411743
1954,410.2,14.2452964782715
1955,410.3,9.94840908050537
1956,410.4,11.4115152359009
1957,410.6,1.81271135807037
1958,410.8,0.53099799156189
1959,411.0,3.26419830322266
1960,411.1,5.34960556030273
1961,411.3,15.5857105255127
1962,411.4,8.82823181152344
1963,411.6,1.7227087020874
1964,411.8,0.289083510637283
1965,412.0,2.53004431724548
1966,412.2,10.7034597396851
1967,412.3,7.12633323669434
1968,412.4,8.23567199707031
1969,412.7,2.17671036720276
1970,412.9,3.35125303268433
1971,413.1,15.6372146606445
1972,413.2,12.4503602981567
1973,413.3,15.3162231445313
1974,413.5,3.33763980865479
1975,413.7,0.418538093566895
1976,413.9,1.75990641117096
1977,414.1,8.80143928527832
1978,414.2,7.8930025100708
1979,414.3,9.50212478637695
1980,414.5,2.35558819770813
1981,414.8,4.47203683853149
1982,415.0,62.7643280029297
1983,415.1,290.331909179688
1984,415.3,19.592041015625
1985,415.5,1.1928379535675
1986,415.8,3.27312922477722
1987,416.0,36.8264122009277
1988,416.2,108.754440307617
1989,416.3,27.0777759552002
1990,416.6,2.56056523323059
1991,416.7,1.22674059867859
1992,416.9,10.8224229812622
1993,417.1,79.7638092041016
1994,417.2,67.1957855224609
1995,417.4,5.41558980941772
1996,417.6,0.758432328701019
1997,417.8,2.37483739852905
1998,418.0,14.1762771606445
1999,418.2,34.8798217773438
2000,418.3,17.9084358215332
2001,418.5,2.2482442855835
2002,418.7,1.75244951248169
2003,418.9,4.99037551879883
2004,419.1,25.560131072998
2005,419.2,17.232723236084
2006,419.3,21.2351512908936
2007,419.5,2.57912087440491
2008,419.6,1.54816615581512
2009,419.9,2.13803863525391
2010,420.1,13.1241655349731
2011,420.2,21.950662612915
2012,420.4,5.2460765838623
2013,420.5,2.81045699119568
2014,420.8,1.53923523426056
2015,421.0,7.52891683578491
2016,421.2,20.7787227630615
2017,421.3,9.83768272399902
2018,421.4,8.17194175720215
2019,421.7,0.997832298278809
2020,421.9,1.41385591030121
2021,422.1,6.66582870483398
2022,422.3,11.277551651001
2023,422.4,4.34457635879517
2024,422.5,2.65750455856323
2025,422.8,0.882597744464874
2026,423.0,2.95690631866455
2027,423.2,8.68317031860352
2028,423.3,8.98664665222168
2029,423.5,2.84288573265076
2030,423.7,0.83352118730545
2031,424.0,1.92499780654907
2032,424.2,6.77915525436401
2033,424.3,6.98083782196045
2034,424.5,2.27234888076782
2035,424.7,0.857799351215363
2036,425.0,2.41194820404053
2037,425.2,6.20298290252686
2038,425.3,3.91043090820313
2039,425.4,4.47888660430908
2040,425.6,1.18746209144592
2041,425.9,0.643804728984833
2042,426.0,1.02141678333282
2043,426.2,5.96904516220093
2044,426.3,6.40371131896973
2045,426.5,2.04508805274963
2046,426.8,0.966964364051819
2047,427.0,3.0848867893219
2048,427.2,9.32333278656006
2049,427.3,8.2378396987915
2050,427.5,2.219890832901
2051,427.8,0.864475846290588
2052,428.0,2.1651782989502
2053,428.2,6.74967479705811
2054,428.3,3.40579199790955
2055,428.4,3.00381517410278
2056,428.7,1.10613024234772
2057,428.8,1.60582673549652
2058,429.0,45.2226638793945
2059,429.2,326.564636230469
2060,429.3,23.8397636413574
2061,429.4,3.50637292861938
2062,429.6,0.433972090482712
2063,429.8,1.71334433555603
2064,430.0,32.6117210388184
2065,430.2,124.707878112793
2066,430.3,24.7644157409668
2067,430.4,26.8400249481201
2068,430.6,1.74941468238831
2069,430.9,6.98231172561646
2070,431.1,75.7969284057617
2071,431.2,80.9858703613281
2072,431.4,10.7336339950562
2073,431.7,1.06711173057556
2074,431.9,4.74698686599731
2075,432.0,9.03936576843262
2076,432.2,36.6079940795898
2077,432.3,17.827278137207
2078,432.5,3.2209312915802
2079,432.8,2.07292127609253
2080,433.0,14.3892307281494
2081,433.2,44.2336769104004
2082,433.3,19.5258827209473
2083,433.5,1.6095552444458
2084,433.7,1.23835945129395
2085,433.8,0.686118066310883
2086,434.0,6.17012071609497
2087,434.2,21.0091915130615
2088,434.3,13.4134225845337
2089,434.5,1.41567671298981
2090,434.7,0.922223210334778
2091,434.8,0.526662647724152
2092,435.0,4.26454544067383
2093,435.1,6.09954023361206
2094,435.3,14.6479663848877
2095,435.4,4.83196067810059
2096,435.6,0.838203430175781
2097,435.8,0.241567671298981
2098,436.0,2.26012301445007
2099,436.2,5.69218778610229
2100,436.3,6.36477947235107
2101,436.5,1.46527361869812
2102,436.6,0.911124587059021
2103,436.9,1.16318392753601
2104,437.1,4.6448450088501
2105,437.2,3.36842107772827
2106,437.3,6.46605396270752
2107,437.5,1.67640686035156
2108,437.8,0.695482552051544
2109,438.0,1.41767108440399
2110,438.2,4.63972949981689
2111,438.4,4.8639554977417
2112,438.5,1.02202379703522
2113,438.6,0.838636934757233
2114,438.8,0.318824231624603
2115,439.0,1.33078992366791
2116,439.2,3.8871066570282
2117,439.4,4.46440649032593
2118,439.5,1.3886239528656
2119,439.8,0.503251552581787
2120,440.0,1.25353336334229
2121,440.1,1.25752186775208
2122,440.3,4.50143051147461
2123,440.4,3.17436909675598
2124,440.6,1.27954566478729
2125,440.8,0.496661752462387
2126,441.0,2.5544958114624
2127,441.2,5.32463359832764
2128,441.3,5.81262445449829
2129,441.5,1.87522757053375
2130,441.8,0.545825004577637
2131,442.0,1.31578946113586
2132,442.1,1.71967399120331
2133,442.3,4.79831790924072
2134,442.4,2.18590140342712
2135,442.5,2.47498488426208
2136,442.8,1.14445507526398
2137,443.0,3.18555450439453
2138,443.1,3.10786437988281
2139,443.2,7.62386178970337
2140,443.4,3.82797193527222
2141,443.6,0.858232915401459
2142,443.8,0.454261690378189
2143,444.0,1.90462148189545
2144,444.2,5.47446441650391
2145,444.4,5.18980312347412
2146,444.5,2.50810718536377
2147,444.8,2.25977635383606
2148,445.0,7.15945529937744
2149,445.2,16.490852355957
2150,445.3,6.76103353500366
2151,445.4,4.42452096939087
2152,445.6,1.14298105239868
2153,445.9,2.13552403450012
2154,446.1,5.55050706863403
2155,446.2,3.90670251846313
2156,446.3,6.32593441009521
2157,446.5,2.39304614067078
2158,446.8,1.6682562828064
2159,446.9,2.32437348365784
2160,447.1,9.97979736328125
2161,447.2,6.59065294265747
2162,447.3,7.95456504821777
2163,447.5,1.77230560779572
2164,447.7,0.495707958936691
2165,447.9,1.62707018852234
2166,448.1,4.60365915298462
2167,448.3,6.48530292510986
2168,448.4,1.85788607597351
2169,448.5,2.37925958633423
2170,448.7,0.279979199171066
2171,448.9,1.47533166408539
2172,449.0,1.54357063770294
2173,449.2,6.42400074005127
2174,449.3,5.57599925994873
2175,449.5,1.52310764789581
2176,449.7,0.193098068237305
2177,449.9,0.489204883575439
2178,450.0,0.956472754478455
2179,450.2,3.38749670982361
2180,450.3,3.41992545127869
2181,450.5,1.09407782554626
2182,450.6,0.839157223701477
2183,450.9,0.79745078086853
2184,451.1,2.03312230110168
2185,451.3,3.9465012550354
2186,451.4,2.14714288711548
2187,451.6,0.446631401777267
2188,451.8,0.594728171825409
2189,452.0,1.06667828559875
2190,452.1,1.21685600280762
2191,452.3,3.18173933029175
2192,452.4,1.64866042137146
2193,452.5,1.35836291313171
2194,452.7,0.254053592681885
2195,452.9,0.565767824649811
2196,453.1,1.58588397502899
2197,453.3,3.17185473442078
2198,453.4,2.51053500175476
2199,453.6,0.754010260105133
2200,453.8,0.312494575977325
2201,454.0,0.812624633312225
2202,454.2,2.15373277664185
2203,454.4,2.72886490821838
2204,454.5,0.852076649665833
2205,454.6,0.74369204044342
2206,454.8,0.245556235313416
2207,455.0,0.988034307956696
2208,455.2,2.32185912132263
2209,455.3,1.40084969997406
2210,455.4,1.96731114387512
2211,455.6,0.402237057685852
2212,455.8,0.381774038076401
2213,456.0,1.09598541259766
2214,456.1,0.743605315685272
2215,456.3,2.07821035385132
2216,456.4,1.27451658248901
2217,456.5,1.5822422504425
2218,456.7,0.300875753164291
2219,456.9,1.12407875061035
2220,457.0,1.02982747554779
2221,457.2,3.65048122406006
2222,457.3,3.38697648048401
2223,457.5,0.806901931762695
2224,457.6,0.518598794937134
2225,457.8,0.120610423386097
2226,458.0,1.11540794372559
2227,458.1,1.34353590011597
2228,458.3,2.78513836860657
2229,458.4,2.94944930076599
2230,458.7,2.28197336196899
2231,458.9,6.50212430953979
2232,459.1,15.4175844192505
2233,459.2,11.4427299499512
2234,459.4,3.2209312915802
2235,459.7,1.37509751319885
2236,459.9,2.54157638549805
2237,460.0,2.15711426734924
2238,460.2,6.40605211257935
2239,460.3,3.76935744285583
2240,460.5,1.34856498241425
2241,460.7,3.31804394721985
2242,460.9,17.0747413635254
2243,461.1,56.8436660766602
2244,461.2,32.2107009887695
2245,461.4,3.19275116920471
2246,461.6,0.591520011425018
2247,461.8,3.79476284980774
2248,461.9,4.87262630462646
2249,462.1,21.4105606079102
2250,462.2,15.6389493942261
2251,462.4,3.68759202957153
2252,462.7,2.05263161659241
2253,462.8,2.44281625747681
2254,463.0,11.6290645599365
2255,463.2,16.7103958129883
2256,463.3,6.43674659729004
2257,463.5,0.790167331695557
2258,463.7,1.35957682132721
2259,463.9,1.33755314350128
2260,464.1,3.99167609214783
2261,464.2,2.67545294761658
2262,464.3,3.71620559692383
2263,464.5,1.18312668800354
2264,464.8,0.896817803382874
2265,465.0,2.38905739784241
2266,465.2,4.13942623138428
2267,465.3,1.99427723884583
2268,465.4,1.95976758003235
2269,465.7,0.785918653011322
2270,465.9,0.603225529193878
2271,466.1,1.75669813156128
2272,466.2,1.25474727153778
2273,466.3,2.2240526676178
2274,466.5,0.96366947889328
2275,466.8,0.689326286315918
2276,467.0,0.917627692222595
2277,467.2,2.20072841644287
2278,467.3,2.0280933380127
2279,467.5,0.658978581428528
2280,467.6,0.634266912937164
2281,467.9,0.286308854818344
2282,468.0,0.544264256954193
2283,468.2,1.17480278015137
2284,468.4,1.57851386070251
2285,468.5,0.693921804428101
2286,468.7,0.645105361938477
2287,468.8,0.199774563312531
2288,469.0,0.62854415178299
2289,469.2,1.27087485790253
2290,469.4,1.69999134540558
2291,469.5,0.363218575716019
2292,469.7,0.433625251054764
2293,469.8,0.0629497990012169
2294,470.0,0.635914325714111
2295,470.1,0.413942605257034
2296,470.3,1.6966964006424
2297,470.4,1.65472996234894
2298,470.6,0.308419317007065
2299,470.7,0.381427198648453
2300,470.9,0.171161010861397
2301,471.1,1.11532127857208
2302,471.3,1.96878516674042
2303,471.4,1.18347346782684
2304,471.6,0.478106290102005
2305,471.8,0.292031556367874
2306,472.0,0.493626981973648
2307,472.1,0.711263358592987
2308,472.3,1.87765538692474
2309,472.5,1.71048295497894
2310,472.7,1.09303736686707
2311,472.8,0.943119764328003
2312,473.0,5.11549472808838
2313,473.1,5.07335472106934
2314,473.3,8.90392780303955
2315,473.4,2.24217462539673
2316,473.5,1.30365037918091
2317,473.7,0.444810539484024
2318,473.9,1.26810026168823
2319,474.0,1.33842015266418
2320,474.2,4.12459897994995
2321,474.3,1.92560482025146
2322,474.4,1.7759473323822
2323,474.6,0.420012146234512
2324,474.8,3.08323931694031
2325,474.9,7.53724098205566
2326,475.1,81.8949127197266
2327,475.2,76.6322708129883
2328,475.4,6.26749324798584
2329,475.6,0.500476896762848
2330,475.8,2.06693840026855
2331,475.9,5.69808387756348
2332,476.1,35.2978401184082
2333,476.2,22.8564987182617
2334,476.3,18.6237754821777
2335,476.5,1.19041013717651
2336,476.7,1.85909998416901
2337,476.9,6.5218071937561
2338,477.0,11.5879650115967
2339,477.2,30.4603309631348
2340,477.3,13.9445934295654
2341,477.5,0.875401020050049
2342,477.7,0.937050223350525
2343,477.9,1.97979712486267
2344,478.0,3.00355505943298
2345,478.2,8.5264892578125
2346,478.3,5.01135873794556
2347,478.5,1.30321681499481
2348,478.7,0.319864749908447
2349,478.9,2.12945461273193
2350,479.0,2.55120086669922
2351,479.2,7.80074548721313
2352,479.3,4.72964525222778
2353,479.5,1.31873750686646
2354,479.7,0.395907402038574
2355,480.0,1.40145671367645
2356,480.2,2.62568283081055
2357,480.3,2.35862302780151
2358,480.5,0.962802410125732
2359,480.8,0.521980404853821
2360,480.9,0.844099521636963
2361,481.1,2.45599579811096
2362,481.2,1.46267235279083
2363,481.3,2.52501511573792
2364,481.5,0.879649698734283
2365,481.7,0.337553113698959
2366,482.0,0.613457024097443
2367,482.2,1.37943291664124
2368,482.3,0.785138309001923
2369,482.4,0.970519363880157
2370,482.6,0.280846267938614
2371,482.8,0.465446978807449
2372,483.0,0.924997806549072
2373,483.1,0.598196506500244
2374,483.3,1.67215812206268
2375,483.4,1.16292381286621
2376,483.7,0.338940441608429
2377,483.8,0.143067717552185
2378,484.0,0.398768752813339
2379,484.2,0.920228898525238
2380,484.3,1.22613370418549
2381,484.5,0.786352217197418
2382,484.8,0.418451398611069
2383,485.0,0.537501096725464
2384,485.2,1.11956989765167
2385,485.3,1.29758083820343
2386,485.5,0.292811930179596
2387,485.6,0.370502024888992
2388,485.8,0.0761293694376945
2389,486.0,0.441515654325485
2390,486.2,1.00910425186157
2391,486.4,1.24382209777832
2392,486.5,0.652822315692902
2393,486.8,0.745339453220367
2394,487.0,1.42426085472107
2395,487.2,2.71603226661682
2396,487.3,2.10786437988281
2397,487.5,0.687852263450623
2398,487.8,0.464753329753876
2399,488.0,1.22960197925568
2400,488.1,0.779242157936096
2401,488.3,1.87566113471985
2402,488.5,1.11618828773499
2403,488.6,0.455735713243484
2404,488.8,2.12069702148438
2405,489.0,28.1652641296387
2406,489.2,113.224052429199
2407,489.3,36.0371971130371
2408,489.5,0.873666882514954
2409,489.7,0.789820492267609
2410,489.8,1.07136046886444
2411,490.0,17.1187019348145
2412,490.2,49.3997230529785
2413,490.3,21.140552520752
2414,490.5,1.04448103904724
2415,490.6,1.34050118923187
2416,490.8,1.37683165073395
2417,491.0,15.4743776321411
2418,491.1,18.0247116088867
2419,491.2,33.5573577880859
2420,491.4,4.97156000137329
2421,491.5,1.3319171667099
2422,491.8,1.07300794124603
2423,492.0,4.18451404571533
2424,492.2,9.7050199508667
2425,492.3,6.45079326629639
2426,492.5,1.27096164226532
2427,492.8,1.11774909496307
2428,493.0,4.18633508682251
2429,493.1,4.75721836090088
2430,493.2,9.88433170318604
2431,493.4,3.22491979598999
2432,493.6,0.452787667512894
2433,493.9,0.868637800216675
2434,494.1,2.60287880897522
2435,494.3,3.02384471893311
2436,494.4,1.68672502040863
2437,494.7,0.276771008968353
2438,494.9,0.771178364753723
2439,495.0,1.46778810024261
2440,495.2,3.37223625183105
2441,495.3,1.89326286315918
2442,495.4,1.36564636230469
2443,495.7,0.401976943016052
2444,495.9,0.55484265089035
2445,496.1,1.47966706752777
2446,496.3,1.55250155925751
2447,496.4,0.673285365104675
2448,496.5,0.753403306007385
2449,496.8,0.446111172437668
2450,497.0,0.712910771369934
2451,497.2,1.6656551361084
2452,497.3,1.23168301582336
2453,497.5,0.692621171474457
2454,497.7,0.157634615898132
2455,497.9,0.372322887182236
2456,498.1,0.890488147735596
2457,498.3,1.01369976997375
2458,498.4,0.574091732501984
2459,498.5,0.660712718963623
2460,498.7,0.0574872121214867
2461,498.9,0.502904713153839
2462,499.1,0.68897944688797
2463,499.2,0.510795116424561
2464,499.3,1.07612931728363
2465,499.5,0.340761303901672
2466,499.6,0.260123133659363
2467,499.8,0.45096680521965
2468,500.1,0.542530119419098
2469,500.3,0.98855459690094
2470,500.4,0.211046561598778
2471,500.6,0.577213227748871
2472,500.7,0.304864317178726
2473,500.9,0.637214958667755
2474,501.1,1.805948138237
2475,501.2,2.25431370735168
2476,501.4,0.76112025976181
2477,501.5,0.569929778575897
2478,501.8,0.279112100601196
2479,502.0,0.623948693275452
2480,502.1,0.558571040630341
2481,502.3,1.02393138408661
2482,502.4,0.461891949176788
2483,502.6,0.559438109397888
2484,502.8,2.10240173339844
2485,503.0,16.1476631164551
2486,503.2,44.0843658447266
2487,503.3,15.5810279846191
2488,503.4,5.21200037002563
2489,503.7,0.934362292289734
2490,503.9,3.10162138938904
2491,504.1,14.6047859191895
2492,504.3,17.5151309967041
2493,504.4,2.98751401901245
2494,504.5,1.44793200492859
2495,504.7,0.554495811462402
2496,504.9,3.06312322616577
2497,505.1,13.0058097839355
2498,505.2,7.22916841506958
2499,505.3,7.60279178619385
2500,505.5,1.06459724903107
2501,505.8,0.744992613792419
2502,506.0,2.20064163208008
2503,506.2,3.74559950828552
2504,506.3,1.76007974147797
2505,506.4,1.71551203727722
2506,506.6,0.243995487689972
2507,506.8,1.0538455247879
2508,507.0,4.76701641082764
2509,507.2,10.9236974716187
2510,507.3,8.02713966369629
2511,507.5,0.976675629615784
2512,507.6,0.516864657402039
2513,507.8,0.207318127155304
2514,508.0,1.90037286281586
2515,508.2,3.96167516708374
2516,508.3,3.34084796905518
2517,508.5,0.466487467288971
2518,508.7,0.675192952156067
2519,508.9,0.886412918567657
2520,509.1,2.057053565979
2521,509.3,2.62256145477295
2522,509.4,0.901239931583405
2523,509.5,0.419058352708817
2524,509.7,0.238272786140442
2525,509.9,0.271568536758423
2526,510.1,0.79944509267807
2527,510.3,1.08662104606628
2528,510.4,0.750715315341949
2529,510.7,0.265498995780945
2530,510.9,0.327755123376846
2531,511.1,1.12347173690796
2532,511.2,0.426428496837616
2533,511.4,1.1109858751297
2534,511.6,0.433538556098938
2535,511.7,0.151478365063667
2536,512.0,0.378912687301636
2537,512.2,0.931761026382446
2538,512.3,0.859967052936554
2539,512.5,0.259776294231415
2540,512.6,0.3888840675354
2541,512.8,0.0894823521375656
2542,513.0,0.393653005361557
2543,513.2,0.722622036933899
2544,513.3,0.595075011253357
2545,513.5,0.192491114139557
2546,513.6,0.224052712321281
2547,513.9,0.283100664615631
2548,514.1,0.503164827823639
2549,514.3,0.675713181495667
2550,514.5,0.52995753288269
2551,514.7,0.335125297307968
2552,514.9,0.361571133136749
2553,515.0,0.173935666680336
2554,515.2,0.671984732151031
2555,515.4,0.678921341896057
2556,515.6,0.399809241294861
2557,515.7,0.135524153709412
2558,515.9,0.295586585998535
2559,516.1,0.413162231445313
2560,516.3,0.800919115543365
2561,516.4,0.640769958496094
2562,516.6,0.324286818504333
2563,516.9,0.479667037725449
2564,517.1,0.71412467956543
2565,517.3,1.15199863910675
2566,517.4,0.449059218168259
2567,517.5,0.430763900279999
2568,517.8,0.331396847963333
2569,518.0,0.526402473449707
2570,518.2,0.704586863517761
2571,518.3,0.602791965007782
2572,518.5,0.26263764500618
2573,518.7,0.795109689235687
2574,518.9,1.68204283714294
2575,519.0,1.68126249313354
2576,519.1,3.62446880340576
2577,519.3,1.45382809638977
2578,519.4,1.2760773897171
2579,519.7,0.546952247619629
2580,519.8,0.289863854646683
2581,520.0,1.09711265563965
2582,520.1,0.857192397117615
2583,520.3,1.76779675483704
2584,520.4,1.11532127857208
2585,520.7,0.795283079147339
2586,520.9,2.71100330352783
2587,521.0,2.42278671264648
2588,521.2,5.7227954864502
2589,521.3,2.6357409954071
2590,521.5,0.62204110622406
2591,521.8,0.423827290534973
2592,522.0,1.48183476924896
2593,522.1,1.46544694900513
2594,522.3,1.95057666301727
2595,522.4,0.870025157928467
2596,522.6,0.423393726348877
2597,522.9,0.909910678863525
2598,523.1,2.04725575447083
2599,523.3,1.54313707351685
2600,523.4,0.832914233207703
2601,523.7,0.394693493843079
2602,523.9,0.329749405384064
2603,524.1,0.637821912765503
2604,524.2,0.315702766180038
2605,524.3,0.804734230041504
2606,524.5,0.398855447769165
2607,524.8,0.527529716491699
2608,525.0,0.445157378911972
2609,525.2,0.889187574386597
2610,525.4,0.75539755821228
2611,525.5,0.325240612030029
2612,525.8,0.317610323429108
2613,526.0,0.412641972303391
2614,526.2,0.577820181846619
2615,526.3,0.350992798805237
2616,526.5,0.591259837150574
2617,526.7,0.310500293970108
2618,526.8,0.221538200974464
2619,527.1,0.600277483463287
2620,527.2,0.576172709465027
2621,527.4,0.464753329753876
2622,527.7,0.28587532043457
2623,527.9,0.257695317268372
2624,528.1,0.500043332576752
2625,528.3,0.59967052936554
2626,528.5,0.476545572280884
2627,528.6,0.156594127416611
2628,528.7,0.346050471067429
2629,529.0,0.340067625045776
2630,529.1,0.218936964869499
2631,529.3,0.682042837142944
2632,529.4,0.171681255102158
2633,529.5,0.417324185371399
2634,529.7,0.0894823521375656
2635,529.8,0.179398253560066
2636,530.0,0.189629763364792
2637,530.2,0.387843579053879
2638,530.4,0.656897604465485
2639,530.5,0.443596631288528
2640,530.8,0.35940346121788
2641,530.9,0.233677268028259
2642,531.1,0.362785041332245
2643,531.2,0.628110647201538
2644,531.4,0.205150440335274
2645,531.5,0.380906969308853
2646,531.7,0.288389831781387
2647,532.0,0.337119579315186
2648,532.2,0.616665244102478
2649,532.3,0.396947890520096
2650,532.6,0.468481749296188
2651,532.8,1.1943986415863
2652,533.0,3.44983959197998
2653,533.2,4.37240982055664
2654,533.3,1.71030950546265
2655,533.4,1.05948150157928
2656,533.6,0.423567146062851
2657,533.9,0.84175843000412
2658,534.1,1.68412387371063
2659,534.2,0.936616659164429
2660,534.3,1.30746555328369
2661,534.5,0.395907402038574
2662,534.7,1.57808029651642
2663,534.9,8.952223777771
2664,535.1,28.3816871643066
2665,535.2,20.1989078521729
2666,535.4,3.28240704536438
2667,535.7,1.09355759620667
2668,535.9,3.92907309532166
2669,536.1,11.9144191741943
2670,536.2,9.21113300323486
2671,536.4,2.21460151672363
2672,536.6,0.451920568943024
2673,536.8,1.67727386951447
2674,537.0,5.2803258895874
2675,537.2,8.17610359191895
2676,537.3,4.19153738021851
2677,537.6,0.645105361938477
2678,537.8,0.675626456737518
2679,538.0,1.23575830459595
2680,538.1,2.15130496025085
2681,538.3,1.32732164859772
2682,538.6,0.398768752813339
2683,538.8,0.439781486988068
2684,539.0,1.02150356769562
2685,539.2,1.72444295883179
2686,539.3,0.745339453220367
2687,539.4,0.636694729328156
2688,539.6,0.140553191304207
2689,539.8,0.333044320344925
2690,540.0,0.571924030780792
2691,540.1,0.342061907052994
2692,540.3,0.903667747974396
2693,540.5,0.481314480304718
2694,540.7,0.156940951943398
2695,540.8,0.0435272678732872
2696,540.9,0.315269231796265
2697,541.2,0.500737011432648
2698,541.3,0.420185565948486
2699,541.4,0.470562726259232
2700,541.6,0.253359913825989
2701,541.9,0.192057579755783
2702,542.0,0.30989333987236
2703,542.2,0.212173759937286
2704,542.4,0.471429824829102
2705,542.6,0.299488425254822
2706,542.7,0.283447504043579
2707,543.0,0.180265322327614
2708,543.1,0.235151305794716
2709,543.3,0.460851460695267
2710,543.4,0.125639468431473
2711,543.5,0.247723922133446
2712,543.8,0.301049172878265
2713,543.9,0.0916500464081764
2714,544.1,0.216162323951721
2715,544.3,0.467614680528641
2716,544.4,0.138905748724937
2717,544.6,0.224226132035255
2718,544.7,0.171507850289345
2719,544.9,0.261510461568832
2720,545.1,0.302523195743561
2721,545.3,0.354374408721924
2722,545.6,0.399375706911087
2723,545.7,0.0305211134254932
2724,545.9,0.202028959989548
2725,546.0,0.123992025852203
2726,546.1,0.326541215181351
2727,546.4,0.540102303028107
2728,546.5,0.238012656569481
2729,546.7,0.0978929996490479
2730,546.9,0.686551630496979
2731,547.1,1.48989856243134
2732,547.2,1.51781845092773
2733,547.4,0.344576418399811
2734,547.5,0.477672755718231
2735,547.8,0.259169340133667
2736,547.9,0.209659233689308
2737,548.1,0.835168659687042
2738,548.3,1.18910956382751
2739,548.4,0.680395364761353
2740,548.7,0.600104033946991
2741,548.9,4.5825891494751
2742,549.1,33.7978858947754
2743,549.2,49.5704498291016
2744,549.4,9.96765804290771
2745,549.7,1.17410910129547
2746,549.9,2.95239758491516
#"+ Scan (rt: 5.072-55.023 min, 8741 scans) 241121_CH.D "
#Point,X(Thompsons),Y(Counts)
0,50.1,4826.59814453125
1,50.3,1.1198947429657
2,51.0,0.906646847724915
3,51.1,9133.1083984375
4,52.0,1.67555201053619
5,52.2,7791.59716796875
6,53.2,12544.876953125
7,53.3,0.432559192180634
8,54.2,15367.7099609375
9,55.2,29447.2421875
10,56.2,15934.22265625
11,57.2,15941.9365234375
12,57.3,18.9637336730957
13,57.4,3.73046565055847
14,57.7,1.16542732715607
15,58.0,9.91385459899902
16,58.2,4384.46142578125
17,58.3,56.5174446105957
18,58.6,162.603134155273
19,58.7,77.5708694458008
20,59.0,65.0056076049805
21,59.1,6087.03662109375
22,59.3,7.04587554931641
23,60.0,25.5550861358643
24,60.1,6528.83154296875
25,60.3,0.257064402103424
26,60.9,0.526713192462921
27,61.1,2376.5771484375
28,61.2,600.971069335938
29,61.9,1.9275826215744
30,62.1,1761.6484375
31,62.2,526.623474121094
32,62.4,0.148152381181717
33,63.0,19.5479927062988
34,63.1,5452.9755859375
35,63.3,0.65793389081955
36,63.9,0.4386225938797
37,64.1,3319.1875
38,64.2,772.006530761719
39,65.0,7.50978136062622
40,65.2,9227.3154296875
41,66.0,14.4620752334595
42,66.2,6987.45849609375
43,66.3,0.49021852016449
44,67.2,17668.62109375
45,68.2,17828.810546875
46,69.2,20905.642578125
47,70.0,0.320443898439407
48,70.2,17176.244140625
49,70.3,0.573847413063049
50,71.0,0.206841319799423
51,71.2,10240.8369140625
52,71.3,10.8527631759644
53,71.8,2.96293330192566
54,72.0,27.0466766357422
55,72.2,4995.12841796875
56,72.3,21.7850360870361
57,72.4,1.23830223083496
58,73.0,13.7236013412476
59,73.1,8975.369140625
60,74.0,75.4002990722656
61,74.1,3031.20776367188
62,74.3,1.87404191493988
63,74.9,0.677153646945953
64,75.1,2982.27905273438
65,75.2,641.234619140625
66,75.9,1.33794760704041
67,76.1,2181.3876953125
68,76.2,775.79248046875
69,77.0,0.749113380908966
70,77.1,13462.4541015625
71,78.0,6.88696956634521
72,78.1,8066.85009765625
73,79.2,14546.904296875
74,80.0,1.81386566162109
75,80.2,12861.201171875
76,81.2,20568.599609375
77,82.2,17459.328125
78,82.3,0.430042326450348
79,83.0,0.666628539562225
80,83.2,14519.51953125
81,83.3,3.64992570877075
82,84.0,1.0396980047226
83,84.2,14786.4951171875
84,85.0,5.98524188995361
85,85.2,9351.4169921875
86,85.3,4.04770612716675
87,85.9,0.797849237918854
88,86.1,1817.72888183594
89,86.2,2626.63989257813
90,86.4,0.0354650504887104
91,86.5,0.090721882879734
92,86.8,0.0173893142491579
93,87.0,65.2690734863281
94,87.1,4061.60473632813
95,87.3,1.81031918525696
96,87.7,0.101246997714043
97,87.8,0.386683434247971
98,88.0,152.874038696289
99,88.1,1325.43664550781
100,88.3,16.2785720825195
101,88.5,0.0685276314616203
102,88.6,0.0940395817160606
103,88.9,1.14780914783478
104,89.1,4178.677734375
105,89.2,1116.95812988281
106,89.4,0.0764214619994164
107,89.7,0.159249514341354
108,89.9,4.23681497573853
109,90.1,3362.36987304688
110,90.2,1087.43518066406
111,90.4,0.319986283779144
112,91.1,20573.7109375
113,92.0,14.4777488708496
114,92.1,7297.931640625
115,92.3,0.443770736455917
116,93.0,2.37947607040405
117,93.2,10444.6552734375
118,93.3,0.946344792842865
119,94.0,0.704267263412476
120,94.2,14432.2265625
121,94.3,1.53941202163696
122,95.2,20907.599609375
123,95.3,0.609770059585571
124,96.0,2.54844975471497
125,96.2,13608.4814453125
126,96.3,0.518704950809479
127,97.0,6.50920963287354
128,97.2,12754.802734375
129,97.3,0.888571083545685
130,98.0,3.4807231426239
131,98.2,9908.7392578125
132,98.3,1.60256266593933
133,99.0,28.0625782012939
134,99.1,6692.19140625
135,99.3,7.0556001663208
136,100.0,75.9739151000977
137,100.1,7737.1923828125
138,100.3,8.54364490509033
139,100.5,0.15936391055584
140,100.8,0.308660328388214
141,101.0,77.7788619995117
142,101.1,2711.12036132813
143,101.2,769.997375488281
144,101.4,0.219196885824203
145,101.8,0.0402699932456017
146,102.0,65.6042785644531
147,102.1,4774.15966796875
148,102.3,6.45418167114258
149,102.5,0.214735150337219
150,102.9,0.900011420249939
151,103.1,4283.05615234375
152,103.2,1376.94006347656
153,103.5,0.0211646258831024
154,103.8,0.161194369196892
155,104.0,29.2123317718506
156,104.1,6438.7880859375
157,104.3,2.43038558959961
158,105.0,5.69751739501953
159,105.1,8926.048828125
160,105.3,0.674979984760284
161,105.9,0.147923573851585
162,106.1,3653.12670898438
163,106.2,4246.8076171875
164,107.1,9966.8076171875
165,107.2,5782.529296875
166,108.0,3.53254771232605
167,108.2,13615.5888671875
168,108.3,4.0208215713501
169,109.0,3.22640419006348
170,109.2,12942.7392578125
171,109.3,3.52225136756897
172,110.0,5.86958026885986
173,110.2,10449.1572265625
174,110.3,3.49193453788757
175,110.9,0.231895670294762
176,111.1,4219.421875
177,111.2,5328.9306640625
178,111.4,0.0573160983622074
179,111.9,0.277199417352676
180,112.1,4610.40380859375
181,112.2,2490.2099609375
182,112.4,0.0347786284983158
183,112.8,0.116577051579952
184,113.0,44.6352806091309
185,113.1,4798.05126953125
186,113.3,12.7473974227905
187,113.7,0.0649811252951622
188,113.9,4.62441349029541
189,114.1,2974.0849609375
190,114.2,998.390014648438
191,114.4,0.831598222255707
192,114.5,0.377988785505295
193,114.7,0.0985013172030449
194,114.9,1.7536895275116
195,115.1,5391.4775390625
196,115.2,2030.39074707031
197,115.4,0.120581172406673
198,115.7,0.0442741103470325
199,115.9,1.56835603713989
200,116.1,3848.82177734375
201,116.2,1394.40649414063
202,116.4,0.249628186225891
203,116.6,0.0288296528160572
204,116.8,0.199176296591759
205,117.0,12.7706212997437
206,117.1,13043.5263671875
207,117.3,2.43438959121704
208,117.5,0.116462647914886
209,117.8,0.252717077732086
210,118.0,22.3525905609131
211,118.1,6208.046875
212,118.3,4.06646823883057
213,118.6,0.0988445281982422
214,118.8,0.363345146179199
215,119.0,14.0551424026489
216,119.1,6951.82470703125
217,119.3,2.92792582511902
218,119.4,0.197689056396484
219,119.6,0.0827136486768723
220,119.9,0.936849355697632
221,120.1,3656.72314453125
222,120.2,3791.10913085938
223,120.4,0.556229293346405
224,120.6,0.0521679446101189
225,120.8,0.103535063564777
226,121.0,9.52270889282227
227,121.2,8887.19140625
228,121.3,5.35625219345093
229,121.9,0.638942897319794
230,122.1,3041.01904296875
231,122.2,5310.724609375
232,122.4,0.129847839474678
233,122.8,0.1908248513937
234,123.0,10.0134992599487
235,123.2,10764.1767578125
236,123.3,12.1526145935059
237,123.4,0.319299846887589
238,123.8,0.107996799051762
239,123.9,0.227777138352394
240,124.1,2791.48315429688
241,124.2,5843.87255859375
242,124.4,0.20318041741848
243,124.6,0.0449605323374271
244,124.9,0.635167598724365
245,125.1,3006.64697265625
246,125.2,4690.40087890625
247,125.4,0.419631630182266
248,125.6,0.085001714527607
249,125.9,1.45658385753632
250,126.1,3689.90771484375
251,126.2,2195.76440429688
252,126.4,0.772909283638
253,126.7,0.0676124021410942
254,126.8,0.317583799362183
255,127.0,45.9478302001953
256,127.1,4000.89501953125
257,127.3,11.8303394317627
258,127.6,0.247454524040222
259,127.8,0.272508859634399
260,128.0,33.8741569519043
261,128.1,3784.78442382813
262,128.2,1895.76696777344
263,128.4,0.517446517944336
264,128.7,0.176867634057999
265,128.9,2.9460015296936
266,129.1,4041.61938476563
267,129.2,3127.25952148438
268,129.4,0.386797845363617
269,129.5,0.192884102463722
270,129.8,0.672119915485382
271,130.0,18.2091293334961
272,130.1,9477.9033203125
273,130.3,4.12469959259033
274,130.5,0.255920380353928
275,130.7,0.124585285782814
276,130.9,2.81775546073914
277,131.1,4497.7685546875
278,131.2,4077.158203125
279,131.4,0.552453935146332
280,131.8,0.438164979219437
281,132.0,18.8176403045654
282,132.2,6085.33740234375
283,132.3,7.59981679916382
284,132.5,0.0377531163394451
285,132.8,0.635167598724365
286,133.0,40.5282020568848
287,133.1,7611.97412109375
288,133.3,1.9120237827301
289,133.6,0.129504635930061
290,133.8,0.909392535686493
291,134.0,18.9693393707275
292,134.2,5954.650390625
293,134.3,7.62338399887085
294,134.6,0.125386103987694
295,134.8,0.554627597332001
296,135.0,11.3782176971436
297,135.2,10324.7978515625
298,135.3,6.55268287658691
299,135.5,0.112000912427902
300,135.8,0.242649585008621
301,135.9,0.582999646663666
302,136.1,2569.71240234375
303,136.2,3922.72778320313
304,136.4,0.770506799221039
305,136.7,0.227548331022263
306,136.9,2.86969447135925
307,137.1,2656.91333007813
308,137.2,4585.87451171875
309,137.3,7.24322175979614
310,137.5,0.0547992214560509
311,137.7,0.048163827508688
312,137.9,0.769934773445129
313,138.1,1952.43286132813
314,138.2,5029.7216796875
315,138.4,0.693627715110779
316,138.6,0.267017513513565
317,138.8,0.45120695233345
318,139.0,26.0180759429932
319,139.2,5204.46728515625
320,139.3,14.5359802246094
321,139.4,0.851733207702637
322,139.6,0.0656675472855568
323,139.9,1.08740413188934
324,140.0,30.8434963226318
325,140.1,4298.28466796875
326,140.3,19.2810897827148
327,140.6,0.41173779964447
328,140.8,0.419174015522003
329,141.0,26.1402587890625
330,141.1,1742.87585449219
331,141.2,1899.537109375
332,141.4,1.65690422058105
333,141.6,0.1147465929389
334,141.8,0.68939483165741
335,142.0,37.8254203796387
336,142.1,3889.13818359375
337,142.3,8.9892463684082
338,142.6,0.206612512469292
339,142.8,0.627731382846832
340,142.9,1.58425807952881
341,143.1,2498.09716796875
342,143.2,2226.15844726563
343,143.4,0.688479602336884
344,143.6,0.0710445046424866
345,143.8,0.618007063865662
346,144.0,16.1967735290527
347,144.2,4678.5068359375
348,144.3,4.06852769851685
349,144.4,0.467795461416245
350,144.7,0.313694089651108
351,144.9,2.54158568382263
352,145.1,2792.92211914063
353,145.2,3012.33325195313
354,145.4,0.667543768882751
355,145.7,0.0771078839898109
356,145.9,1.53460705280304
357,146.1,2573.54028320313
358,146.2,3002.27197265625
359,146.4,0.610227644443512
360,146.6,0.124242074787617
361,146.8,1.13144946098328
362,147.0,18.7925872802734
363,147.2,6423.4306640625
364,147.3,6.47774839401245
365,147.5,0.306257873773575
366,147.8,0.449376493692398
367,148.0,8.57522010803223
368,148.2,5218.08447265625
369,148.3,15.9422264099121
370,148.5,0.202265188097954
371,148.8,1.12767422199249
372,149.0,18.143461227417
373,149.2,6442.57763671875
374,149.3,11.0253973007202
375,149.5,0.170461043715477
376,149.8,0.466994613409042
377,150.0,9.83628845214844
378,150.2,5047.2578125
379,150.3,26.3941192626953
380,150.6,0.199977114796638
381,150.8,0.41871640086174
382,151.0,15.3074016571045
383,151.2,6591.5517578125
384,151.3,10.337947845459
385,151.5,0.0598329715430737
386,151.7,0.159135103225708
387,151.9,1.57258892059326
388,152.1,2598.44677734375
389,152.2,3745.228515625
390,152.3,16.9708271026611
391,152.5,0.128246203064919
392,152.6,0.259352475404739
393,152.9,3.9696831703186
394,153.1,1933.04064941406
395,153.2,2241.357421875
396,153.4,0.810204803943634
397,153.7,0.164969682693481
398,153.9,2.29619026184082
399,154.0,22.9997711181641
400,154.2,7018.52978515625
401,154.3,19.9542388916016
402,154.5,0.225717887282372
403,154.7,0.523967504501343
404,154.9,4.8723258972168
405,155.1,2098.98950195313
406,155.2,1697.70104980469
407,155.4,1.4721428155899
408,155.7,0.474888443946838
409,155.9,4.141517162323
410,156.1,1842.46716308594
411,156.2,1922.32739257813
412,156.4,1.00674974918365
413,156.7,0.280745923519135
414,156.9,3.0547993183136
415,157.1,1697.34301757813
416,157.2,2842.44580078125
417,157.4,1.06486666202545
418,157.6,0.0239103082567453
419,157.8,0.512641549110413
420,158.0,13.4539527893066
421,158.2,3764.80346679688
422,158.3,11.5910081863403
423,158.5,0.191625669598579
424,158.8,0.929184317588806
425,159.0,11.8581399917603
426,159.2,4254.84912109375
427,159.3,7.91602802276611
428,159.5,0.0403843969106674
429,159.7,0.159935936331749
430,159.9,1.34298133850098
431,160.1,1664.7421875
432,160.2,2446.9501953125
433,160.4,0.45120695233345
434,160.5,0.231781259179115
435,160.7,0.191968888044357
436,160.9,3.01338529586792
437,161.1,1919.74670410156
438,161.2,2554.94848632813
439,161.4,0.564580738544464
440,161.6,0.121496394276619
441,161.8,0.437936156988144
442,161.9,1.24493765830994
443,162.1,1730.67041015625
444,162.2,2263.9873046875
445,162.4,0.929069876670837
446,162.7,0.719254076480865
447,162.9,5.79807806015015
448,163.1,1745.31042480469
449,163.2,2613.1806640625
450,163.4,1.01384282112122
451,163.7,0.529344439506531
452,163.9,1.77016365528107
453,164.1,1412.17834472656
454,164.2,2392.64086914063
455,164.4,1.09346759319305
456,164.7,0.276741802692413
457,164.8,0.788353741168976
458,165.0,19.9631614685059
459,165.2,5089.2080078125
460,165.3,17.0170459747314
461,165.5,0.167257755994797
462,165.8,0.668458998203278
463,166.0,14.6952295303345
464,166.2,5043.93505859375
465,166.3,13.021050453186
466,166.5,0.122640430927277
467,166.6,0.162910416722298
468,166.9,2.19242644309998
469,167.1,1991.77624511719
470,167.2,2310.01220703125
471,167.4,1.35739612579346
472,167.6,0.09003546833992
473,167.8,0.456011891365051
474,168.0,16.5786514282227
475,168.1,2778.35620117188
476,168.2,2853.88940429688
477,168.4,1.47980785369873
478,168.7,0.22331540286541
479,168.9,2.78583693504333
480,169.1,1462.07971191406
481,169.2,1871.10656738281
482,169.4,1.58151245117188
483,169.6,0.206498116254807
484,169.8,0.553483605384827
485,170.0,17.4322166442871
486,170.2,3396.109375
487,170.3,12.4779777526855
488,170.5,0.428097486495972
489,170.7,0.332799464464188
490,170.9,3.6407732963562
491,171.1,1267.08374023438
492,171.2,2637.62524414063
493,171.4,0.959272384643555
494,171.7,0.2840636074543
495,171.9,2.02127909660339
496,172.1,1286.73107910156
497,172.2,2219.5205078125
498,172.3,11.6977462768555
499,172.6,0.23166686296463
500,172.8,0.578881144523621
501,173.0,14.5533695220947
502,173.2,3434.193359375
503,173.3,14.7975063323975
504,173.5,0.144262671470642
505,173.6,0.297792017459869
506,173.9,1.13144946098328
507,174.1,1274.21411132813
508,174.2,2054.89208984375
509,174.4,0.996110260486603
510,174.5,0.23246768116951
511,174.8,0.426381409168243
512,175.0,9.63162136077881
513,175.2,3420.38037109375
514,175.3,14.0930099487305
515,175.6,0.352934449911118
516,175.8,1.00812268257141
517,176.0,14.9020709991455
518,176.2,3183.7685546875
519,176.3,24.5309467315674
520,176.4,1.58494448661804
521,176.7,0.538725554943085
522,176.9,8.72577476501465
523,177.1,1340.9404296875
524,177.2,2061.79028320313
525,177.3,22.4878158569336
526,177.6,0.271593630313873
527,177.8,0.898981809616089
528,178.0,18.2825756072998
529,178.2,3484.39624023438
530,178.3,26.0210494995117
531,178.4,1.42924153804779
532,178.7,0.655302584171295
533,178.9,4.93055725097656
534,179.1,1162.91027832031
535,179.2,2497.38500976563
536,179.3,53.3283386230469
537,179.5,0.200434729456902
538,179.7,0.306715488433838
539,179.9,2.00960993766785
540,180.1,1101.34521484375
541,180.2,2404.3935546875
542,180.4,1.43152952194214
543,180.7,0.437364131212234
544,180.9,2.67452239990234
545,181.1,1081.17333984375
546,181.2,2073.76171875
547,181.4,0.831598222255707
548,181.5,0.252945899963379
549,181.8,0.464477747678757
550,182.0,13.4145975112915
551,182.2,3934.62036132813
552,182.3,21.8333148956299
553,182.4,2.04496049880981
554,182.7,0.294931918382645
555,182.9,2.69156837463379
556,183.1,1073.54919433594
557,183.2,2064.64306640625
558,183.4,1.69603025913239
559,183.6,0.416542738676071
560,183.8,0.547877788543701
561,184.0,13.0175037384033
562,184.2,2760.72998046875
563,184.3,14.36643409729
564,184.5,0.440338641405106
565,184.8,0.787095308303833
566,185.0,11.2579793930054
567,185.2,3652.76196289063
568,185.3,15.3673496246338
569,185.4,1.07218849658966
570,185.6,0.117377877235413
571,185.8,0.491362541913986
572,186.0,9.29722023010254
573,186.2,3750.6025390625
574,186.3,16.3782176971436
575,186.6,0.210044622421265
576,186.7,0.268275946378708
577,186.9,2.11314487457275
578,187.1,1026.64099121094
579,187.2,1856.17785644531
580,187.4,1.0666971206665
581,187.7,0.093353159725666
582,187.9,1.30282580852509
583,188.1,933.480041503906
584,188.2,1756.85815429688
585,188.4,1.26232695579529
586,188.6,0.121381990611553
587,188.9,2.14861011505127
588,189.1,959.314514160156
589,189.2,1855.53076171875
590,189.4,0.739961087703705
591,189.7,0.275140136480331
592,189.9,1.79807806015015
593,190.1,923.047119140625
594,190.2,1682.98645019531
595,190.4,1.77359569072723
596,190.7,0.778171837329865
597,190.9,13.9200325012207
598,191.1,1587.30322265625
599,191.2,1634.73742675781
600,191.3,25.0048046112061
601,191.6,0.301681727170944
602,191.8,1.23498451709747
603,192.0,21.1409454345703
604,192.2,2932.62548828125
605,192.3,43.7213134765625
606,192.6,0.762612998485565
607,192.8,3.93067145347595
608,193.0,77.6849365234375
609,193.2,3404.62841796875
610,193.3,58.0599479675293
611,193.6,0.199176296591759
612,193.8,1.89223206043243
613,194.0,21.1654281616211
614,194.2,3249.29833984375
615,194.3,43.5802536010742
616,194.5,0.208442971110344
617,194.7,0.707813739776611
618,194.9,6.22663307189941
619,195.1,909.582214355469
620,195.2,2111.205078125
621,195.3,21.3283386230469
622,195.5,0.234298139810562
623,195.7,0.247797727584839
624,195.9,2.31975746154785
625,196.1,713.968078613281
626,196.2,2077.65063476563
627,196.3,40.1496391296387
628,196.5,0.608626008033752
629,196.8,0.755519986152649
630,197.0,12.9508066177368
631,197.1,740.485961914063
632,197.2,2096.5244140625
633,197.4,0.920146465301514
634,197.5,0.525912344455719
635,197.8,0.687449932098389
636,198.0,8.89657974243164
637,198.2,2505.8671875
638,198.3,23.2054691314697
639,198.5,0.300194472074509
640,198.7,0.366777271032333
641,198.9,1.52854359149933
642,199.1,696.822692871094
643,199.2,2273.62158203125
644,199.3,23.5217933654785
645,199.5,0.434275239706039
646,199.7,0.156389430165291
647,199.9,1.68687796592712
648,200.1,765.625122070313
649,200.2,1892.08459472656
650,200.4,0.851161181926727
651,200.5,0.251458644866943
652,200.8,0.376272737979889
653,201.0,9.83869075775146
654,201.2,2203.84155273438
655,201.3,19.8313694000244
656,201.5,0.116462647914886
657,201.7,0.179727718234062
658,201.9,1.11943709850311
659,202.1,720.4716796875
660,202.2,1550.20104980469
661,202.4,1.74419403076172
662,202.6,0.209014981985092
663,202.8,0.576593041419983
664,203.0,11.123327255249
665,203.1,692.769470214844
666,203.2,1428.20129394531
667,203.4,1.0036609172821
668,203.6,0.111657701432705
669,203.8,0.322960764169693
670,203.9,0.815352916717529
671,204.1,642.868408203125
672,204.2,1339.71032714844
673,204.3,46.1487236022949
674,204.5,0.172634705901146
675,204.7,0.340121269226074
676,204.8,0.801052510738373
677,205.0,12.1539869308472
678,205.2,2065.1005859375
679,205.3,35.8266792297363
680,205.5,0.402928739786148
681,205.7,0.171833887696266
682,205.9,1.61835026741028
683,206.1,539.372741699219
684,206.2,1582.70275878906
685,206.3,60.9276962280273
686,206.5,0.249170571565628
687,206.7,0.0785951241850853
688,206.9,3.71227550506592
689,207.1,5371.162109375
690,207.2,1633.95373535156
691,207.7,0.173664346337318
692,207.9,10.9653358459473
693,208.1,1480.80346679688
694,208.2,2084.73413085938
695,208.4,1.14334750175476
696,208.5,0.414941072463989
697,208.7,0.389085918664932
698,208.9,12.6511840820313
699,209.1,1100.09143066406
700,209.2,1869.23205566406
701,209.4,1.08934903144836
702,209.5,0.358425796031952
703,209.8,1.13945770263672
704,210.0,16.0440444946289
705,210.1,558.572387695313
706,210.2,1583.57836914063
707,210.4,3.60748195648193
708,210.5,1.20283722877502
709,210.8,3.71994042396545
710,211.0,39.9092788696289
711,211.2,2741.4345703125
712,211.3,18.2534027099609
713,211.5,0.147008344531059
714,211.7,0.363345146179199
715,211.9,3.00606346130371
716,212.1,523.07275390625
717,212.2,1496.99938964844
718,212.4,2.49033284187317
719,212.6,0.485527962446213
720,212.7,0.462876111268997
721,212.9,4.95938682556152
722,213.1,455.084899902344
723,213.2,2651.95556640625
724,213.4,0.999084770679474
725,213.7,0.293444693088531
726,213.9,1.50348925590515
727,214.1,480.6103515625
728,214.2,1538.04650878906
729,214.4,0.817641019821167
730,214.6,0.504404544830322
731,214.8,1.32444798946381
732,214.9,3.24367928504944
733,215.1,625.479675292969
734,215.2,1400.40075683594
735,215.4,1.04850709438324
736,215.7,0.324333608150482
737,215.9,1.823246717453
738,216.1,528.838439941406
739,216.2,1243.05969238281
740,216.4,2.27022075653076
741,216.7,0.132364720106125
742,216.9,1.77062118053436
743,217.1,455.829650878906
744,217.2,1218.30078125
745,217.4,1.38084888458252
746,217.5,0.384395390748978
747,217.7,0.0916371122002602
748,217.9,1.37306940555573
749,218.1,437.684814453125
750,218.2,1271.98303222656
751,218.4,2.59764337539673
752,218.6,0.358883410692215
753,218.9,1.78949773311615
754,219.1,443.369873046875
755,219.2,1287.07885742188
756,219.4,1.82667887210846
757,219.5,0.49662509560585
758,219.7,0.189108803868294
759,219.9,1.74945652484894
760,220.0,7.16714334487915
761,220.2,1730.05090332031
762,220.3,58.1830444335938
763,220.5,0.550737917423248
764,220.8,1.62544333934784
765,221.0,22.7112464904785
766,221.2,2165.5458984375
767,221.3,63.8545951843262
768,221.5,0.454181432723999
769,221.8,0.66617089509964
770,222.0,10.6377992630005
771,222.1,370.260375976563
772,222.2,1506.06066894531
773,222.4,4.04381656646729
774,222.6,0.300423294305801
775,222.8,2.02082133293152
776,223.0,19.5879192352295
777,223.2,1821.03015136719
778,223.3,31.376615524292
779,223.4,2.48701524734497
780,223.7,0.357510596513748
781,223.9,2.36677718162537
782,224.1,385.405670166016
783,224.2,1302.52209472656
784,224.4,2.68104338645935
785,224.6,0.292300641536713
786,224.8,2.26186943054199
787,225.0,26.6618232727051
788,225.2,2036.71667480469
789,225.3,46.2528305053711
790,225.5,0.289554983377457
791,225.7,0.221484959125519
792,225.9,2.37341260910034
793,226.1,404.23681640625
794,226.2,1274.54309082031
795,226.4,2.27925872802734
796,226.7,0.793501913547516
797,226.9,2.70952987670898
798,227.1,376.834228515625
799,227.2,1461.13525390625
800,227.4,1.70037758350372
801,227.7,0.244136825203896
802,227.9,1.70861458778381
803,228.0,7.21450614929199
804,228.2,1561.14929199219
805,228.3,54.1464347839355
806,228.4,2.26244139671326
807,228.7,0.263699799776077
808,228.9,2.83091187477112
809,229.1,414.108917236328
810,229.2,990.846008300781
811,229.4,1.54227209091187
812,229.7,0.483583122491837
813,229.8,0.531632542610168
814,230.0,13.4979982376099
815,230.2,1302.92626953125
816,230.3,53.9818115234375
817,230.5,0.350875198841095
818,230.8,0.516760110855103
819,231.0,9.49708271026611
820,231.2,1192.70581054688
821,231.3,58.8129501342773
822,231.5,0.312092423439026
823,231.6,0.443198710680008
824,231.8,0.214391946792603
825,232.0,6.9140830039978
826,232.2,1265.50952148438
827,232.3,67.4205474853516
828,232.6,0.393890857696533
829,232.8,0.499141961336136
830,233.0,8.37043857574463
831,233.2,1320.88720703125
832,233.3,55.9305572509766
833,233.4,3.28463554382324
834,233.7,0.162910416722298
835,233.9,1.19917631149292
836,234.0,5.95675563812256
837,234.2,1395.74353027344
838,234.3,84.6225814819336
839,234.5,0.645807087421417
840,234.8,0.904930770397186
841,235.0,10.7884683609009
842,235.2,1478.98498535156
843,235.3,67.553825378418
844,235.5,0.690081238746643
845,235.7,0.366777271032333
846,235.9,1.52202260494232
847,236.1,292.700256347656
848,236.2,1216.62390136719
849,236.4,7.89017295837402
850,236.7,0.593524754047394
851,236.9,2.87541460990906
852,237.1,321.210601806641
853,237.2,1078.03930664063
854,237.4,4.11440324783325
855,237.6,0.364603579044342
856,237.8,0.317698210477829
857,238.0,12.4507493972778
858,238.2,1191.16125488281
859,238.3,64.3453826904297
860,238.4,3.0875186920166
861,238.7,0.433703243732452
862,238.9,1.88445258140564
863,239.1,267.079284667969
864,239.2,981.94921875
865,239.3,181.138092041016
866,239.5,0.411852180957794
867,239.8,0.627273738384247
868,240.0,11.3189563751221
869,240.2,1084.62756347656
870,240.3,77.4672241210938
871,240.5,0.886397421360016
872,240.8,1.57373297214508
873,241.0,16.6496963500977
874,241.2,1102.89501953125
875,241.3,82.0578918457031
876,241.4,1.78366315364838
877,241.6,0.075620636343956
878,241.8,0.680356919765472
879,242.0,9.29481792449951
880,242.2,1101.38037109375
881,242.3,65.874153137207
882,242.4,3.24779772758484
883,242.6,0.222285777330399
884,242.8,0.990847706794739
885,243.0,25.1576480865479
886,243.2,1043.33117675781
887,243.3,58.3798179626465
888,243.4,2.50795102119446
889,243.7,0.338519632816315
890,243.9,3.60977005958557
891,244.1,280.439544677734
892,244.2,874.199401855469
893,244.4,2.59775757789612
894,244.5,0.628303408622742
895,244.7,0.152728527784348
896,244.9,2.67909860610962
897,245.1,255.709991455078
898,245.2,732.617431640625
899,245.4,2.55222511291504
900,245.6,0.401670277118683
901,245.9,1.38393771648407
902,246.1,245.766159057617
903,246.2,786.680786132813
904,246.4,3.4009838104248
905,246.5,0.780231118202209
906,246.7,0.196087405085564
907,246.9,1.02539753913879
908,247.1,255.804946899414
909,247.2,761.293334960938
910,247.3,72.8356018066406
911,247.5,0.773595690727234
912,247.7,0.272280067205429
913,247.9,1.23624300956726
914,248.1,248.49787902832
915,248.2,869.691711425781
916,248.4,4.09243774414063
917,248.7,1.20832860469818
918,248.9,9.53106021881104
919,249.1,405.671783447266
920,249.2,927.609436035156
921,249.4,3.20249390602112
922,249.5,0.82610684633255
923,249.8,1.3060290813446
924,249.9,2.45326614379883
925,250.1,265.547088623047
926,250.2,907.740661621094
927,250.4,6.99565267562866
928,250.7,1.32261753082275
929,250.9,12.3819932937622
930,251.1,397.69384765625
931,251.2,914.3134765625
932,251.4,2.58219885826111
933,251.5,0.595812857151031
934,251.8,1.57396173477173
935,252.0,12.6476373672485
936,252.2,994.250915527344
937,252.3,174.744873046875
938,252.6,1.59890174865723
939,252.7,0.602448225021362
940,252.9,8.27468299865723
941,253.1,349.789733886719
942,253.2,825.582763671875
943,253.4,2.75060057640076
944,253.7,0.468710660934448
945,253.9,1.75151586532593
946,254.1,246.543640136719
947,254.2,654.93798828125
948,254.4,3.82690763473511
949,254.6,0.228921175003052
950,254.8,1.11554741859436
951,255.0,13.3507604598999
952,255.1,224.423980712891
953,255.2,621.913391113281
954,255.4,2.67635273933411
955,255.6,0.249628186225891
956,255.8,1.34012126922607
957,256.0,9.53197574615479
958,256.2,881.239440917969
959,256.3,897.477416992188
960,256.5,0.875757932662964
961,256.8,0.988559663295746
962,257.0,9.67383575439453
963,257.2,719.19873046875
964,257.3,211.563552856445
965,257.5,0.494451433420181
966,257.8,0.82610684633255
967,258.0,20.9342174530029
968,258.2,748.759155273438
969,258.3,96.4595565795898
970,258.5,0.591694295406342
971,258.6,0.463104903697968
972,258.9,1.86248707771301
973,259.0,11.2753686904907
974,259.2,723.5068359375
975,259.3,75.0835113525391
976,259.4,4.62750244140625
977,259.7,0.539068758487701
978,259.9,1.53998398780823
979,260.1,175.793838500977
980,260.2,513.738830566406
981,260.3,98.1690902709961
982,260.5,0.674179136753082
983,260.7,0.440681844949722
984,260.9,1.40704727172852
985,261.1,180.798645019531
986,261.2,642.959167480469
987,261.4,4.9087061882019
988,261.7,0.515387237071991
989,261.9,1.02459669113159
990,262.1,170.626937866211
991,262.2,567.319763183594
992,262.3,127.955841064453
993,262.5,1.36963737010956
994,262.8,0.514815211296082
995,263.0,8.5781946182251
996,263.2,746.453369140625
997,263.3,167.581176757813
998,263.5,0.79464590549469
999,263.7,0.505891799926758
1000,263.9,1.32524883747101
1001,264.1,162.346755981445
1002,264.2,736.334533691406
1003,264.4,10.9573278427124
1004,264.5,1.7422491312027
1005,264.8,3.23120927810669
1006,265.0,31.6901950836182
1007,265.2,865.167724609375
1008,265.3,89.1750335693359
1009,265.5,0.597872078418732
1010,265.8,1.43427526950836
1011,266.0,15.0090379714966
1012,266.2,660.186157226563
1013,266.3,101.275939941406
1014,266.5,2.64512062072754
1015,266.8,9.15856266021729
1016,267.0,141.968994140625
1017,267.1,1134.947265625
1018,267.3,31.1550159454346
1019,267.6,0.740876317024231
1020,267.8,3.23201012611389
1021,268.0,41.8199272155762
1022,268.2,665.500610351563
1023,268.3,51.2479133605957
1024,268.4,3.89875292778015
1025,268.7,1.40212786197662
1026,268.8,3.06372261047363
1027,269.0,42.7559776306152
1028,269.2,705.585510253906
1029,269.3,54.739501953125
1030,269.5,0.492849797010422
1031,269.7,0.473858833312988
1032,269.8,1.09014987945557
1033,270.0,16.7621555328369
1034,270.2,532.718139648438
1035,270.3,105.309577941895
1036,270.5,0.585402131080627
1037,270.7,0.885024607181549
1038,270.9,4.84475469589233
1039,271.1,208.713531494141
1040,271.2,422.506469726563
1041,271.4,3.36105704307556
1042,271.5,0.782061576843262
1043,271.7,0.281546741724014
1044,271.9,2.176753282547
1045,272.1,148.516296386719
1046,272.2,428.02197265625
1047,272.4,4.72268629074097
1048,272.7,0.580940425395966
1049,272.9,1.54982268810272
1050,273.1,153.352935791016
1051,273.2,419.785736083984
1052,273.4,3.80048060417175
1053,273.7,0.542500853538513
1054,273.9,1.56206381320953
1055,274.1,144.762619018555
1056,274.2,436.948394775391
1057,274.4,6.56858491897583
1058,274.6,0.557030081748962
1059,274.9,1.53964078426361
1060,275.1,146.091644287109
1061,275.2,354.756896972656
1062,275.3,90.6379165649414
1063,275.5,0.677611231803894
1064,275.8,0.540327191352844
1065,276.0,7.02608394622803
1066,276.2,538.817199707031
1067,276.3,113.139343261719
1068,276.5,1.09403955936432
1069,276.7,0.260496497154236
1070,276.9,1.23612856864929
1071,277.0,8.95618343353271
1072,277.2,503.543884277344
1073,277.3,104.314720153809
1074,277.5,0.884566962718964
1075,277.8,0.287381321191788
1076,278.0,5.72348690032959
1077,278.2,498.535400390625
1078,278.4,661.948547363281
1079,278.5,1.88445258140564
1080,278.7,0.943827927112579
1081,278.8,0.555428445339203
1082,279.0,9.27456855773926
1083,279.2,466.246887207031
1084,279.3,226.16633605957
1085,279.4,88.7085037231445
1086,279.6,0.635510802268982
1087,279.9,1.06852757930756
1088,280.1,78.8008270263672
1089,280.3,1016.02642822266
1090,280.4,91.3320007324219
1091,280.5,2.6914541721344
1092,280.7,0.252030670642853
1093,280.9,20.4566974639893
1094,281.1,2572.15966796875
1095,281.2,710.713989257813
1096,281.4,10.2322387695313
1097,281.7,0.52110743522644
1098,281.9,20.1933422088623
1099,282.1,685.687133789063
1100,282.2,521.599487304688
1101,282.4,3.80517101287842
1102,282.5,1.17995655536652
1103,282.7,0.750943839550018
1104,282.9,15.3203296661377
1105,283.1,553.6796875
1106,283.2,475.579681396484
1107,283.4,2.6939709186554
1108,283.7,0.428669482469559
1109,283.9,4.81775522232056
1110,284.1,162.118408203125
1111,284.2,317.742828369141
1112,284.3,161.210952758789
1113,284.5,1.97769129276276
1114,284.8,4.25500535964966
1115,285.0,47.4094505310059
1116,285.2,587.280151367188
1117,285.3,60.3313140869141
1118,285.5,0.894062459468842
1119,285.8,1.41391146183014
1120,286.0,16.6891651153564
1121,286.2,386.195404052734
1122,286.3,70.368034362793
1123,286.5,0.934561252593994
1124,286.6,0.947488844394684
1125,286.8,1.57167375087738
1126,287.0,18.4474315643311
1127,287.2,428.444000244141
1128,287.3,67.7015228271484
1129,287.4,4.83400058746338
1130,287.6,0.200549140572548
1131,287.8,0.710788249969482
1132,288.0,11.2628993988037
1133,288.2,343.297119140625
1134,288.3,90.7200546264648
1135,288.5,0.990390121936798
1136,288.7,0.387484282255173
1137,288.9,2.98867416381836
1138,289.0,9.91271018981934
1139,289.2,356.526824951172
1140,289.3,84.8945236206055
1141,289.4,5.64866733551025
1142,289.6,0.334286689758301
1143,289.8,0.248255342245102
1144,290.0,8.85276317596436
1145,290.2,326.8671875
1146,290.3,89.7809143066406
1147,290.5,1.25626361370087
1148,290.7,0.664454877376556
1149,291.0,11.7383594512939
1150,291.2,304.599243164063
1151,291.3,94.8680953979492
1152,291.5,0.775197327136993
1153,291.6,0.290813416242599
1154,291.9,1.20455324649811
1155,292.1,93.1935729980469
1156,292.2,314.250885009766
1157,292.4,12.0529689788818
1158,292.5,1.52339553833008
1159,292.8,0.794531524181366
1160,293.0,8.9838695526123
1161,293.1,86.5036010742188
1162,293.2,293.443542480469
1163,293.4,9.85116100311279
1164,293.5,1.44537234306335
1165,293.7,0.228120356798172
1166,293.9,1.68561947345734
1167,294.0,9.05491352081299
1168,294.2,271.00927734375
1169,294.3,181.678070068359
1170,294.5,1.32044386863708
1171,294.6,1.03454983234406
1172,294.9,3.09712839126587
1173,295.1,122.313583374023
1174,295.2,205.533462524414
1175,295.3,94.9313583374023
1176,295.5,0.926438629627228
1177,295.8,0.790298581123352
1178,296.0,11.057544708252
1179,296.2,251.180877685547
1180,296.3,80.8510437011719
1181,296.4,9.74865531921387
1182,296.6,0.44560119509697
1183,296.8,0.629218637943268
1184,297.0,15.261869430542
1185,297.2,259.283386230469
1186,297.3,70.9759750366211
1187,297.5,1.21462070941925
1188,297.8,0.872669041156769
1189,298.0,9.7213134765625
1190,298.1,73.6976318359375
1191,298.2,231.561828613281
1192,298.4,10.1830453872681
1193,298.7,1.02402472496033
1194,298.9,4.86706304550171
1195,299.1,126.613433837891
1196,299.2,211.95915222168
1197,299.3,65.3570556640625
1198,299.5,1.08191287517548
1199,299.8,1.00308883190155
1200,300.0,11.73801612854
1201,300.2,247.490325927734
1202,300.3,65.3228454589844
1203,300.4,7.61194372177124
1204,300.6,0.602448225021362
1205,300.9,1.98878848552704
1206,301.1,94.7896118164063
1207,301.2,231.255813598633
1208,301.4,7.65061187744141
1209,301.6,0.259466886520386
1210,301.8,0.599702537059784
1211,301.9,1.06898522377014
1212,302.1,74.699348449707
1213,302.2,153.862945556641
1214,302.3,91.3888549804688
1215,302.5,1.57018649578094
1216,302.8,0.883537352085114
1217,303.0,9.32307529449463
1218,303.1,67.8486480712891
1219,303.2,230.366668701172
1220,303.4,11.0092668533325
1221,303.6,0.369408547878265
1222,303.8,0.475918084383011
1223,304.0,8.84418296813965
1224,304.2,204.596725463867
1225,304.3,80.8996658325195
1226,304.5,1.25306034088135
1227,304.6,1.03077447414398
1228,304.8,0.362315535545349
1229,305.0,8.89623641967773
1230,305.1,60.5788803100586
1231,305.2,212.434051513672
1232,305.4,13.2993936538696
1233,305.6,0.330168187618256
1234,305.8,0.97208559513092
1235,306.0,9.39148807525635
1236,306.2,179.501541137695
1237,306.3,86.8860549926758
1238,306.5,1.62704491615295
1239,306.7,0.231552451848984
1240,306.9,2.14655065536499
1241,307.1,62.8466987609863
1242,307.2,190.098037719727
1243,307.4,13.238302230835
1244,307.6,0.563551068305969
1245,307.9,1.33577394485474
1246,308.1,59.9587020874023
1247,308.2,192.102508544922
1248,308.4,13.2099304199219
1249,308.7,0.629104197025299
1250,308.9,2.05674409866333
1251,309.0,9.78469276428223
1252,309.2,171.523284912109
1253,309.3,65.7091903686523
1254,309.4,12.8208446502686
1255,309.6,0.154215767979622
1256,309.7,0.876101136207581
1257,310.0,10.3738698959351
1258,310.2,175.053192138672
1259,310.3,74.9842147827148
1260,310.5,1.28200435638428
1261,310.6,1.17572355270386
1262,310.9,3.19345617294312
1263,311.1,81.7701644897461
1264,311.2,165.172637939453
1265,311.4,8.37718772888184
1266,311.7,0.985470771789551
1267,311.8,0.712733089923859
1268,312.0,11.2715940475464
1269,312.1,52.9640769958496
1270,312.2,157.497085571289
1271,312.4,12.2578649520874
1272,312.6,0.644663095474243
1273,312.8,1.0347785949707
1274,313.0,8.05926132202148
1275,313.2,196.666397094727
1276,313.3,108.687217712402
1277,313.5,1.77508294582367
1278,313.7,0.514357626438141
1279,313.8,0.600846588611603
1280,314.0,11.2424211502075
1281,314.2,153.267013549805
1282,314.3,80.1646270751953
1283,314.5,2.30419850349426
1284,314.8,0.959043562412262
1285,315.0,11.0538835525513
1286,315.1,48.6978607177734
1287,315.2,167.701400756836
1288,315.4,8.9318151473999
1289,315.5,1.5122983455658
1290,315.7,0.53460705280304
1291,315.9,1.37444233894348
1292,316.0,7.11772108078003
1293,316.2,143.155700683594
1294,316.3,65.0810012817383
1295,316.4,17.4570407867432
1296,316.6,0.705868899822235
1297,316.9,2.62189674377441
1298,317.1,56.699577331543
1299,317.2,155.664337158203
1300,317.4,14.6729211807251
1301,317.7,0.746253311634064
1302,317.9,1.72783434391022
1303,318.1,47.2957344055176
1304,318.2,154.326843261719
1305,318.4,13.5071506500244
1306,318.5,2.11177206039429
1307,318.8,0.780803084373474
1308,319.0,7.73858833312988
1309,319.2,127.393432617188
1310,319.3,55.993709564209
1311,319.4,14.5129852294922
1312,319.7,0.672806322574615
1313,319.9,1.54673373699188
1314,320.1,47.7932739257813
1315,320.2,133.411972045898
1316,320.4,15.9521789550781
1317,320.6,0.764100193977356
1318,320.9,1.35682415962219
1319,321.0,7.94931936264038
1320,321.2,111.07642364502
1321,321.3,63.1287040710449
1322,321.5,2.49513792991638
1323,321.7,1.05125272274017
1324,322.0,7.84315299987793
1325,322.2,105.488502502441
1326,322.3,56.1888809204102
1327,322.4,16.4552116394043
1328,322.7,1.00308883190155
1329,322.9,3.23452687263489
1330,323.1,58.6118278503418
1331,323.2,127.577278137207
1332,323.4,13.3773021697998
1333,323.6,0.91431188583374
1334,323.9,2.60702443122864
1335,324.0,8.54570388793945
1336,324.2,110.209358215332
1337,324.3,51.1023902893066
1338,324.4,15.8668346405029
1339,324.7,3.40041184425354
1340,324.8,5.14963960647583
1341,325.0,49.4933090209961
1342,325.2,191.589752197266
1343,325.3,36.9422264099121
1344,325.5,0.881020486354828
1345,325.7,1.4349616765976
1346,325.9,5.72771978378296
1347,326.1,68.6077117919922
1348,326.2,106.70140838623
1349,326.4,13.1639404296875
1350,326.7,6.13545370101929
1351,326.9,33.5426139831543
1352,327.1,257.521118164063
1353,327.2,120.371353149414
1354,327.4,2.85299158096313
1355,327.7,1.78972661495209
1356,327.9,9.45246505737305
1357,328.1,91.754264831543
1358,328.2,118.073791503906
1359,328.4,9.82061576843262
1360,328.7,2.52625560760498
1361,328.9,8.53643703460693
1362,329.1,87.2987060546875
1363,329.2,111.767303466797
1364,329.4,8.27182197570801
1365,329.7,1.07344698905945
1366,329.9,2.73103761672974
1367,330.1,46.7277183532715
1368,330.2,67.5543975830078
1369,330.3,59.9305572509766
1370,330.5,3.43782186508179
1371,330.8,1.5769362449646
1372,331.0,12.3563661575317
1373,331.2,104.113716125488
1374,331.3,56.6140022277832
1375,331.5,1.65713310241699
1376,331.7,1.19940507411957
1377,331.9,2.091637134552
1378,332.0,7.52968788146973
1379,332.2,88.2797164916992
1380,332.3,49.138427734375
1381,332.4,15.028715133667
1382,332.7,0.834229469299316
1383,332.9,2.08545923233032
1384,333.1,35.2857780456543
1385,333.3,93.6784133911133
1386,333.4,16.6090831756592
1387,333.6,1.14231777191162
1388,333.9,1.8793044090271
1389,334.1,33.4453735351563
1390,334.3,88.6681137084961
1391,334.4,12.9978265762329
1392,334.5,2.98146677017212
1393,334.8,0.986958026885986
1394,335.0,8.27079296112061
1395,335.2,69.628303527832
1396,335.3,36.6588478088379
1397,335.4,15.5693855285645
1398,335.7,1.32170236110687
1399,335.8,0.50978147983551
1400,336.0,7.9680814743042
1401,336.2,68.1735534667969
1402,336.3,55.7718811035156
1403,336.5,3.04255795478821
1404,336.8,0.951149761676788
1405,336.9,1.62407052516937
1406,337.1,31.8870830535889
1407,337.3,93.7723388671875
1408,337.4,13.507493019104
1409,337.5,2.97814893722534
1410,337.8,0.863059163093567
1411,337.9,1.45257985591888
1412,338.1,27.0034313201904
1413,338.3,81.2307510375977
1414,338.4,17.0128135681152
1415,338.5,4.15776205062866
1416,338.8,1.51355683803558
1417,339.0,16.3013381958008
1418,339.2,88.6968307495117
1419,339.3,43.3101463317871
1420,339.5,1.78217589855194
1421,339.7,0.461045652627945
1422,339.9,2.63024830818176
1423,340.1,33.4955940246582
1424,340.2,40.4501762390137
1425,340.3,36.9787216186523
1426,340.5,3.89429116249084
1427,340.8,9.79556083679199
1428,341.0,141.631393432617
1429,341.1,433.540557861328
1430,341.3,15.0279140472412
1431,341.5,0.452351003885269
1432,341.7,1.42249166965485
1433,341.9,15.478777885437
1434,342.1,130.409454345703
1435,342.2,111.577507019043
1436,342.4,6.77885818481445
1437,342.7,2.35854029655457
1438,342.8,2.86614799499512
1439,343.0,47.7321815490723
1440,343.2,190.214965820313
1441,343.3,35.9840965270996
1442,343.5,0.79464590549469
1443,343.8,1.73023676872253
1444,344.0,15.1762952804565
1445,344.1,36.6435203552246
1446,344.2,94.7001495361328
1447,344.4,13.3020248413086
1448,344.6,1.17766845226288
1449,344.8,3.55657243728638
1450,345.0,20.1010189056396
1451,345.2,103.740760803223
1452,345.3,37.6992340087891
1453,345.4,12.0115547180176
1454,345.6,1.07424783706665
1455,345.8,0.757464826107025
1456,346.0,10.9156847000122
1457,346.2,67.8240509033203
1458,346.3,45.4212341308594
1459,346.5,3.51092553138733
1460,346.7,0.442054688930511
1461,346.9,3.44365644454956
1462,347.0,8.06337928771973
1463,347.2,62.8620300292969
1464,347.3,30.5189342498779
1465,347.4,14.36643409729
1466,347.6,0.565724730491638
1467,347.8,1.06223547458649
1468,348.0,7.06658267974854
1469,348.1,17.3170108795166
1470,348.3,64.0330657958984
1471,348.4,11.3814210891724
1472,348.5,3.19585847854614
1473,348.7,0.582313239574432
1474,348.9,2.36654853820801
1475,349.1,23.4728298187256
1476,349.3,56.6451225280762
1477,349.4,14.7011785507202
1478,349.6,1.34973120689392
1479,349.9,2.32158780097961
1480,350.0,6.12458515167236
1481,350.2,42.7344703674316
1482,350.3,38.7431640625
1483,350.5,4.11669158935547
1484,350.7,0.442397892475128
1485,350.9,2.12813186645508
1486,351.0,5.32204532623291
1487,351.2,46.1204681396484
1488,351.3,33.3146095275879
1489,351.5,2.20443892478943
1490,351.7,1.23384046554565
1491,351.9,1.86752092838287
1492,352.1,19.919002532959
1493,352.3,50.4129943847656
1494,352.4,13.5937538146973
1495,352.7,1.26381421089172
1496,352.9,2.70724177360535
1497,353.0,7.52396774291992
1498,353.2,46.1917419433594
1499,353.3,23.6486663818359
1500,353.4,12.0578880310059
1501,353.7,0.985127568244934
1502,353.8,0.51653128862381
1503,354.0,7.43576240539551
1504,354.2,36.179500579834
1505,354.3,22.751974105835
1506,354.5,1.25111544132233
1507,354.7,1.34709990024567
1508,354.9,24.3466415405273
1509,355.1,504.879425048828
1510,355.2,273.663299560547
1511,355.4,2.87381315231323
1512,355.7,1.18567669391632
1513,355.9,12.3528203964233
1514,356.1,161.809860229492
1515,356.2,149.806427001953
1516,356.4,4.87953329086304
1517,356.5,2.16016483306885
1518,356.7,1.00617778301239
1519,356.9,11.259238243103
1520,357.1,123.522941589355
1521,357.2,132.816375732422
1522,357.4,5.72039794921875
1523,357.6,0.406932830810547
1524,357.8,1.18807911872864
1525,358.0,11.4767189025879
1526,358.2,79.3967514038086
1527,358.3,54.9246063232422
1528,358.5,3.80288290977478
1529,358.8,3.53666639328003
1530,358.9,4.00606346130371
1531,359.1,48.9707145690918
1532,359.2,56.2601547241211
1533,359.3,43.841552734375
1534,359.5,2.11749219894409
1535,359.8,1.19894742965698
1536,360.0,7.0094952583313
1537,360.2,51.777027130127
1538,360.3,87.4294738769531
1539,360.5,3.34995985031128
1540,360.6,1.5670975446701
1541,360.8,0.904473185539246
1542,361.0,6.56755542755127
1543,361.1,16.871753692627
1544,361.3,75.5988998413086
1545,361.4,23.0076656341553
1546,361.6,0.913625419139862
1547,361.9,1.29001259803772
1548,362.1,16.8425807952881
1549,362.2,27.0784816741943
1550,362.4,96.8680953979492
1551,362.5,5.48587131500244
1552,362.8,1.23361170291901
1553,363.0,6.88307952880859
1554,363.2,37.5065765380859
1555,363.3,71.9788360595703
1556,363.5,4.53781032562256
1557,363.8,1.12778854370117
1558,364.0,4.54947948455811
1559,364.2,33.9343338012695
1560,364.3,26.0156726837158
1561,364.4,18.910306930542
1562,364.6,1.33085453510284
1563,364.9,2.1165771484375
1564,365.0,3.25523400306702
1565,365.2,29.4721431732178
1566,365.3,18.0384387969971
1567,365.4,14.3889713287354
1568,365.6,1.35259127616882
1569,365.8,0.656904220581055
1570,366.0,3.89600729942322
1571,366.2,26.3011093139648
1572,366.3,15.6950006484985
1573,366.4,12.6880216598511
1574,366.7,1.34240937232971
1575,366.8,0.496853917837143
1576,367.0,5.95126438140869
1577,367.2,29.9397087097168
1578,367.3,18.1400299072266
1579,367.4,11.7683334350586
1580,367.6,1.14494907855988
1581,367.9,1.71742367744446
1582,368.0,3.34847283363342
1583,368.2,27.0075511932373
1584,368.3,25.3881702423096
1585,368.5,3.16508412361145
1586,368.6,1.87472832202911
1587,368.9,2.83377194404602
1588,369.0,5.94771766662598
1589,369.2,42.0471343994141
1590,369.3,28.7255458831787
1591,369.5,3.05102396011353
1592,369.8,1.0892345905304
1593,369.9,1.33668911457062
1594,370.1,16.3805065155029
1595,370.3,37.3445816040039
1596,370.4,13.8025398254395
1597,370.6,2.13430953025818
1598,370.9,3.04324436187744
1599,371.1,22.614688873291
1600,371.2,29.8099765777588
1601,371.3,41.8510475158691
1602,371.5,3.56709766387939
1603,371.7,1.07333254814148
1604,371.8,0.673721551895142
1605,372.0,4.95675563812256
1606,372.1,10.9939365386963
1607,372.3,50.3732986450195
1608,372.4,18.9418830871582
1609,372.6,1.27090716362
1610,372.8,2.1894519329071
1611,373.0,9.03535079956055
1612,373.2,46.2402458190918
1613,373.3,21.0115547180176
1614,373.4,12.9408531188965
1615,373.7,1.36517560482025
1616,373.8,0.506120562553406
1617,374.0,4.84395360946655
1618,374.1,10.5658388137817
1619,374.3,68.9424514770508
1620,374.4,30.6080532073975
1621,374.6,0.939938247203827
1622,374.7,1.1313351392746
1623,375.0,5.71307611465454
1624,375.2,31.2950458526611
1625,375.3,43.192081451416
1626,375.5,4.70735597610474
1627,375.7,0.650955259799957
1628,376.0,2.58643174171448
1629,376.2,25.4588718414307
1630,376.4,139.58952331543
1631,376.5,6.69728851318359
1632,376.8,1.30396974086761
1633,376.9,0.71410596370697
1634,377.1,10.2042102813721
1635,377.3,45.7101020812988
1636,377.4,28.6158332824707
1637,377.5,4.59855842590332
1638,377.7,0.510124683380127
1639,377.9,1.06532430648804
1640,378.1,9.2758264541626
1641,378.3,52.0139579772949
1642,378.4,37.1292762756348
1643,378.6,1.84326732158661
1644,378.9,1.70152151584625
1645,379.1,8.397780418396
1646,379.2,11.5044040679932
1647,379.4,32.0205917358398
1648,379.5,6.30419874191284
1649,379.8,0.923006534576416
1650,380.0,3.08065438270569
1651,380.2,19.2802886962891
1652,380.3,26.7074699401855
1653,380.5,4.22949314117432
1654,380.8,1.10456466674805
1655,380.9,1.16085112094879
1656,381.1,8.55233955383301
1657,381.3,22.7365283966064
1658,381.4,13.4323301315308
1659,381.6,1.29927921295166
1660,381.9,1.52328109741211
1661,382.0,2.77714228630066
1662,382.2,17.5570297241211
1663,382.4,29.4200897216797
1664,382.5,3.91980314254761
1665,382.6,2.52785730361938
1666,382.9,2.62601542472839
1667,383.1,12.8719825744629
1668,383.3,25.246768951416
1669,383.4,11.5044040679932
1670,383.6,1.81112003326416
1671,383.9,1.6955726146698
1672,384.0,3.49616742134094
1673,384.2,18.8345718383789
1674,384.3,10.8322849273682
1675,384.4,11.0117835998535
1676,384.6,3.21393442153931
1677,384.8,1.89394807815552
1678,385.0,12.707013130188
1679,385.2,33.9655647277832
1680,385.3,11.9122524261475
1681,385.4,7.82553482055664
1682,385.7,2.12858939170837
1683,385.9,2.54719138145447
1684,386.1,13.609884262085
1685,386.3,28.2055835723877
1686,386.4,12.552453994751
1687,386.7,3.90081214904785
1688,386.9,8.14197444915771
1689,387.1,30.662052154541
1690,387.2,35.8107757568359
1691,387.4,10.4008693695068
1692,387.6,1.31769824028015
1693,387.8,1.46207523345947
1694,388.0,6.89680814743042
1695,388.2,22.8497886657715
1696,388.3,20.6209812164307
1697,388.5,3.24230647087097
1698,388.6,2.00423288345337
1699,388.9,3.01681733131409
1700,389.0,4.44811820983887
1701,389.2,21.942569732666
1702,389.3,16.7449951171875
1703,389.5,2.38062000274658
1704,389.6,1.43061435222626
1705,389.9,1.40967857837677
1706,390.1,9.03123188018799
1707,390.3,21.6748657226563
1708,390.4,11.4204320907593
1709,390.6,1.03386342525482
1710,390.8,1.36357390880585
1711,390.9,1.33234179019928
1712,391.1,9.44285583496094
1713,391.2,9.06898498535156
1714,391.3,14.7683334350586
1715,391.5,3.17194819450378
1716,391.7,0.398352593183517
1717,391.9,1.17457962036133
1718,392.1,7.57602119445801
1719,392.3,22.3517894744873
1720,392.4,13.7463674545288
1721,392.6,1.46104562282562
1722,392.8,0.600045740604401
1723,393.0,2.74488043785095
1724,393.1,4.54169988632202
1725,393.3,15.9106512069702
1726,393.4,7.7655873298645
1727,393.6,1.06074821949005
1728,393.8,0.709758579730988
1729,394.0,2.15398693084717
1730,394.1,4.05102396011353
1731,394.3,18.1991767883301
1732,394.4,6.64248943328857
1733,394.5,4.02505445480347
1734,394.7,0.418487578630447
1735,394.9,0.723372638225555
1736,395.1,4.75231647491455
1737,395.3,15.2896690368652
1738,395.4,8.45441055297852
1739,395.6,1.50669264793396
1740,395.9,1.88925755023956
1741,396.1,11.7054109573364
1742,396.3,28.3119773864746
1743,396.4,6.96853923797607
1744,396.5,3.59764337539673
1745,396.8,1.21896803379059
1746,396.9,0.9545818567276
1747,397.1,7.94634485244751
1748,397.3,17.723030090332
1749,397.4,7.7503719329834
1750,397.6,1.08614575862885
1751,397.9,1.41951715946198
1752,398.0,1.37306940555573
1753,398.2,10.9192314147949
1754,398.3,11.5746479034424
1755,398.5,4.56927108764648
1756,398.8,4.18132925033569
1757,399.0,11.1497535705566
1758,399.2,26.842924118042
1759,399.3,8.48152351379395
1760,399.4,5.59958791732788
1761,399.7,1.70964419841766
1762,399.9,2.37821769714355
1763,400.1,10.4021282196045
1764,400.3,17.3221607208252
1765,400.4,7.31678295135498
1766,400.7,5.22949314117432
1767,400.9,29.1775531768799
1768,401.1,109.172752380371
1769,401.2,47.0210494995117
1770,401.4,2.40350079536438
1771,401.6,2.0622353553772
1772,401.7,2.00892353057861
1773,401.9,11.4795789718628
1774,402.1,35.2561492919922
1775,402.2,29.6150321960449
1776,402.4,6.32227420806885
1777,402.7,2.89005827903748
1778,402.9,11.5020017623901
1779,403.1,32.6442070007324
1780,403.2,27.3889713287354
1781,403.4,5.88662624359131
1782,403.6,0.939938247203827
1783,403.8,1.7417916059494
1784,404.0,5.72485971450806
1785,404.2,14.2449378967285
1786,404.3,11.8299961090088
1787,404.5,1.68550503253937
1788,404.6,2.40212798118591
1789,404.9,3.69911909103394
1790,405.1,13.4128818511963
1791,405.2,9.95046329498291
1792,405.3,9.29207229614258
1793,405.5,1.49616754055023
1794,405.6,1.33531630039215
1795,405.9,1.74682533740997
1796,406.0,2.72863507270813
1797,406.2,11.8285093307495
1798,406.3,9.35934066772461
1799,406.5,2.40315747261047
1800,406.8,0.743393182754517
1801,407.0,2.86569046974182
1802,407.2,10.1902532577515
1803,407.3,5.5147008895874
1804,407.4,5.27033519744873
1805,407.6,0.746482074260712
1806,407.9,1.02448236942291
1807,408.1,3.89165997505188
1808,408.2,5.99210596084595
1809,408.3,8.74579524993896
1810,408.5,2.20123553276062
1811,408.7,0.954467475414276
1812,408.9,0.76055371761322
1813,409.1,3.86992335319519
1814,409.2,4.35899782180786
1815,409.3,8.74133396148682
1816,409.5,2.92129039764404
1817,409.8,0.656789839267731
1818,410.0,1.54570412635803
1819,410.2,9.162109375
1820,410.3,6.07184553146362
1821,410.4,8.50817966461182
1822,410.6,1.56080543994904
1823,410.8,0.503718137741089
1824,411.0,1.89108800888062
1825,411.1,2.7835488319397
1826,411.3,9.63482475280762
1827,411.4,5.75837993621826
1828,411.6,1.22937881946564
1829,411.8,0.135911226272583
1830,412.0,1.55519962310791
1831,412.2,6.25603485107422
1832,412.4,8.19757461547852
1833,412.5,2.96087408065796
1834,412.8,1.23967504501343
1835,412.9,1.08065438270569
1836,413.1,6.85505104064941
1837,413.2,5.57201671600342
1838,413.3,9.38920021057129
1839,413.5,2.28783893585205
1840,413.7,0.293330281972885
1841,413.9,0.914998292922974
1842,414.1,3.56343674659729
1843,414.3,8.46573638916016
1844,414.4,4.11017036437988
1845,414.7,2.43473291397095
1846,414.9,16.0446166992188
1847,415.0,31.7224578857422
1848,415.1,118.048851013184
1849,415.3,15.2484846115112
1850,415.4,4.20844316482544
1851,415.7,1.81226408481598
1852,415.9,8.79132843017578
1853,416.0,12.9508066177368
1854,416.2,41.5079498291016
1855,416.3,17.5662975311279
1856,416.5,2.386225938797
1857,416.8,3.7594096660614
1858,417.0,17.1626815795898
1859,417.2,39.5968437194824
1860,417.3,10.2721652984619
1861,417.4,4.96922540664673
1862,417.6,0.61297333240509
1863,417.8,1.55703008174896
1864,417.9,1.9942798614502
1865,418.1,9.48667240142822
1866,418.2,7.83468723297119
1867,418.3,8.88159275054932
1868,418.5,1.68653476238251
1869,418.7,1.02928721904755
1870,418.9,2.42443656921387
1871,419.1,11.997483253479
1872,419.3,16.2890968322754
1873,419.4,6.72154235839844
1874,419.6,1.17858374118805
1875,419.9,1.08317124843597
1876,420.1,5.32273197174072
1877,420.3,9.1958589553833
1878,420.4,2.77554059028625
1879,420.5,2.10147571563721
1880,420.7,0.274110525846481
1881,420.9,2.25740766525269
1882,421.0,2.50760793685913
1883,421.2,10.0605192184448
1884,421.3,5.65610361099243
1885,421.4,4.98318290710449
1886,421.7,0.414483457803726
1887,421.9,0.750715017318726
1888,422.0,1.20329487323761
1889,422.2,5.17160511016846
1890,422.3,3.36174345016479
1891,422.4,3.97277188301086
1892,422.6,0.787095308303833
1893,422.9,0.821873903274536
1894,423.1,2.95366668701172
1895,423.3,5.96224689483643
1896,423.4,3.18762159347534
1897,423.6,0.732868075370789
1898,423.8,0.224802657961845
1899,424.0,1.30774509906769
1900,424.1,1.45807111263275
1901,424.3,4.37467098236084
1902,424.4,2.5122983455658
1903,424.6,0.470083504915237
1904,424.7,0.656904220581055
1905,425.0,1.24825537204742
1906,425.2,3.14506340026855
1907,425.4,4.06704044342041
1908,425.5,1.3334858417511
1909,425.7,0.260153293609619
1910,425.9,0.482782304286957
1911,426.1,1.84429693222046
1912,426.3,4.10101795196533
1913,426.5,2.59009265899658
1914,426.6,0.623498439788818
1915,426.9,0.859855830669403
1916,427.0,0.89108794927597
1917,427.2,3.96121716499329
1918,427.3,2.32055830955505
1919,427.4,2.6428325176239
1920,427.6,0.686877906322479
1921,427.8,0.297448813915253
1922,428.0,0.953094601631165
1923,428.2,3.63390922546387
1924,428.3,1.92929875850677
1925,428.4,2.76490092277527
1926,428.7,1.31827020645142
1927,428.9,10.6512985229492
1928,429.0,25.8502464294434
1929,429.2,128.884902954102
1930,429.3,20.3163261413574
1931,429.5,1.41631388664246
1932,429.8,1.83731842041016
1933,430.0,15.8190135955811
1934,430.2,44.844409942627
1935,430.4,46.7638702392578
1936,430.5,4.55771636962891
1937,430.8,2.2156503200531
1938,431.0,13.4148263931274
1939,431.2,38.537239074707
1940,431.3,23.6855049133301
1941,431.5,2.27731370925903
1942,431.6,1.00171601772308
1943,431.9,1.97849214076996
1944,432.1,8.31827068328857
1945,432.2,12.3729553222656
1946,432.4,3.96922540664673
1947,432.6,1.45932960510254
1948,432.9,2.52671313285828
1949,433.1,10.0653247833252
1950,433.2,12.6704034805298
1951,433.4,3.40201354026794
1952,433.6,0.87507152557373
1953,433.9,1.09781491756439
1954,434.0,1.28543639183044
1955,434.2,5.05056619644165
1956,434.3,4.11108589172363
1957,434.5,0.985356390476227
1958,434.7,0.20318041741848
1959,434.9,0.749342203140259
1960,435.1,3.35293436050415
1961,435.3,5.02345275878906
1962,435.4,1.67738246917725
1963,435.6,0.497311532497406
1964,435.8,0.0451893359422684
1965,436.0,1.03088891506195
1966,436.2,2.6317355632782
1967,436.3,1.67795443534851
1968,436.4,2.12950468063354
1969,436.6,0.313122063875198
1970,436.7,0.299164861440659
1971,437.0,1.47019791603088
1972,437.2,3.07173085212708
1973,437.3,2.77439641952515
1974,437.5,1.08969223499298
1975,437.8,0.391030788421631
1976,438.0,0.645120680332184
1977,438.1,0.888685524463654
1978,438.3,2.69111084938049
1979,438.4,1.03912591934204
1980,438.5,1.03386342525482
1981,438.7,0.51138311624527
1982,439.0,0.618235886096954
1983,439.2,1.76638829708099
1984,439.4,1.87301218509674
1985,439.5,0.96956866979599
1986,439.8,0.218853682279587
1987,439.9,0.260382115840912
1988,440.1,0.735613763332367
1989,440.3,1.97139918804169
1990,440.4,1.84795784950256
1991,440.6,0.66971743106842
1992,440.8,0.262212574481964
1993,441.0,1.47477400302887
1994,441.2,1.93295955657959
1995,441.3,2.36712050437927
1996,441.5,1.21931123733521
1997,441.7,0.208328559994698
1998,442.0,0.604850709438324
1999,442.1,0.78229033946991
2000,442.3,2.36551880836487
2001,442.4,1.10364949703217
2002,442.5,1.30705869197845
2003,442.8,0.642603814601898
2004,443.0,1.22640430927277
2005,443.2,2.29836392402649
2006,443.3,1.34652781486511
2007,443.4,1.6800137758255
2008,443.6,0.382221728563309
2009,443.8,0.492735385894775
2010,444.0,0.641803026199341
2011,444.2,1.9431414604187
2012,444.4,2.26793265342712
2013,444.5,1.29333031177521
2014,444.8,1.25477635860443
2015,445.0,2.57991075515747
2016,445.2,5.66170930862427
2017,445.3,2.39560699462891
2018,445.4,2.20295166969299
2019,445.6,0.777142226696014
2020,445.9,1.12229716777802
2021,446.1,2.11360263824463
2022,446.2,1.75357508659363
2023,446.3,2.22468829154968
2024,446.5,1.12961900234222
2025,446.7,0.292643874883652
2026,446.9,1.40533125400543
2027,447.1,3.20215082168579
2028,447.3,4.34824371337891
2029,447.4,1.5629791021347
2030,447.6,0.716050803661346
2031,447.9,0.71776682138443
2032,448.0,0.577165067195892
2033,448.2,2.63940048217773
2034,448.3,2.33863401412964
2035,448.5,0.66411167383194
2036,448.6,0.501773238182068
2037,448.9,0.680814564228058
2038,449.1,1.82976770401001
2039,449.3,2.66056513786316
2040,449.4,0.784120798110962
2041,449.5,0.784807205200195
2042,449.7,0.0640658959746361
2043,449.9,0.357624977827072
2044,450.1,1.02917289733887
2045,450.3,1.82095873355865
2046,450.4,1.08008241653442
2047,450.6,0.509552657604218
2048,450.9,0.522937893867493
2049,451.1,1.10479354858398
2050,451.2,0.824962794780731
2051,451.4,1.45910084247589
2052,451.5,0.350303173065186
2053,451.7,0.495709866285324
2054,451.9,0.533920586109161
2055,452.1,0.835373520851135
2056,452.2,1.46607935428619
2057,452.4,0.813865661621094
2058,452.5,0.577508270740509
2059,452.7,0.148953214287758
2060,452.9,0.182358995079994
2061,453.1,0.802082121372223
2062,453.2,1.469282746315
2063,453.5,1.09827256202698
2064,453.6,0.387598663568497
2065,453.9,0.412081003189087
2066,454.0,0.311406016349792
2067,454.2,1.07413339614868
2068,454.4,1.15272855758667
2069,454.5,0.677153646945953
2070,454.7,0.316668570041656
2071,455.0,0.466422617435455
2072,455.1,0.372955054044724
2073,455.3,1.2606109380722
2074,455.4,0.985356390476227
2075,455.6,0.154215767979622
2076,455.8,0.280288308858871
2077,456.0,0.638027667999268
2078,456.2,0.837318360805511
2079,456.4,1.11589062213898
2080,456.5,0.835144698619843
2081,456.8,0.419288396835327
2082,457.0,0.56091982126236
2083,457.2,1.55268275737762
2084,457.4,1.54227209091187
2085,457.5,0.290699005126953
2086,457.6,0.266102284193039
2087,457.9,0.244136825203896
2088,458.1,1.03466427326202
2089,458.3,1.22743391990662
2090,458.5,1.04278683662415
2091,458.6,0.717652440071106
2092,458.9,2.57213139533997
2093,459.1,4.81077671051025
2094,459.2,4.20878601074219
2095,459.4,1.1476948261261
2096,459.7,0.597643315792084
2097,459.8,0.524196326732635
2098,460.0,1.56686878204346
2099,460.2,2.17091870307922
2100,460.3,0.841322481632233
2101,460.5,1.15135562419891
2102,460.6,0.764557838439941
2103,460.8,3.6117148399353
2104,461.0,16.7591800689697
2105,461.1,20.1355686187744
2106,461.3,4.51504421234131
2107,461.5,0.559775769710541
2108,461.7,1.17583799362183
2109,461.8,0.960874021053314
2110,462.0,5.35167598724365
2111,462.2,6.83583116531372
2112,462.3,3.39411973953247
2113,462.5,0.469397097826004
2114,462.7,1.05388402938843
2115,462.9,2.93078589439392
2116,463.0,2.56057667732239
2117,463.2,5.654616355896
2118,463.3,1.58517336845398
2119,463.4,1
2120,463.7,0.795675575733185
2121,463.9,0.772566080093384
2122,464.1,1.72909283638
2123,464.2,1.8686648607254
2124,464.4,0.793387472629547
2125,464.7,0.422606110572815
2126,464.8,0.262441366910934
2127,464.9,1.12229716777802
2128,465.2,1.82656443119049
2129,465.3,1.69236934185028
2130,465.5,0.404873579740524
2131,465.7,0.108912020921707
2132,465.9,0.366777271032333
2133,466.1,0.922548890113831
2134,466.2,0.642260611057281
2135,466.3,1.23830223083496
2136,466.6,0.396979749202728
2137,466.8,0.446745216846466
2138,467.0,0.595240831375122
2139,467.2,1.06704044342041
2140,467.3,0.933874845504761
2141,467.6,0.33405789732933
2142,467.7,0.236357390880585
2143,467.9,0.109941653907299
2144,468.0,0.644777476787567
2145,468.2,0.257865220308304
2146,468.3,0.535979866981506
2147,468.5,0.480494230985641
2148,468.7,0.335087507963181
2149,469.0,0.312206834554672
2150,469.2,0.644091069698334
2151,469.3,0.773710072040558
2152,469.5,0.102162227034569
2153,469.7,0.31575334072113
2154,470.0,0.387598663568497
2155,470.1,0.191053658723831
2156,470.2,0.867177665233612
2157,470.4,0.727033495903015
2158,470.6,0.119780346751213
2159,470.8,0.191968888044357
2160,471.0,0.446516424417496
2161,471.2,0.599931359291077
2162,471.3,0.568584859371185
2163,471.5,0.563436686992645
2164,471.7,0.287038087844849
2165,471.8,0.204438850283623
2166,472.0,0.371238976716995
2167,472.1,0.429927915334702
2168,472.3,1.02596962451935
2169,472.4,0.46413454413414
2170,472.5,0.627617001533508
2171,472.8,0.70380961894989
2172,473.0,1.94005262851715
2173,473.1,1.76204097270966
2174,473.3,3.2717080116272
2175,473.4,1.13613998889923
2176,473.6,0.51550167798996
2177,473.7,0.323532789945602
2178,473.9,0.498455554246902
2179,474.1,1.12675893306732
2180,474.3,1.21908247470856
2181,474.4,0.880562841892242
2182,474.7,0.990733325481415
2183,474.9,6.88422393798828
2184,475.1,34.2784576416016
2185,475.2,29.6537017822266
2186,475.4,4.65964984893799
2187,475.6,0.713991522789001
2188,475.9,3.41196656227112
2189,476.1,12.217022895813
2190,476.2,12.0342063903809
2191,476.4,2.0360369682312
2192,476.5,1.04873585700989
2193,476.8,1.17149066925049
2194,476.9,2.0008008480072
2195,477.1,8.95675563812256
2196,477.2,4.62933301925659
2197,477.3,4.71959733963013
2198,477.5,0.35556572675705
2199,477.7,0.530831694602966
2200,477.9,0.731609642505646
2201,478.0,0.901613116264343
2202,478.2,2.55771660804749
2203,478.3,1.60736763477325
2204,478.5,0.456240713596344
2205,478.7,0.120352365076542
2206,478.9,0.959501206874847
2207,479.0,0.900354623794556
2208,479.2,3.43896579742432
2209,479.3,1.37020933628082
2210,479.4,1.24734008312225
2211,479.6,0.35556572675705
2212,479.8,0.107539184391499
2213,480.0,0.888342320919037
2214,480.2,1.37467110157013
2215,480.3,0.982267498970032
2216,480.5,0.593295931816101
2217,480.8,0.260153293609619
2218,481.0,1.16119432449341
2219,481.2,1.87324106693268
2220,481.3,1.35693860054016
2221,481.5,0.47649011015892
2222,481.7,0.179956525564194
2223,482.0,0.358197003602982
2224,482.2,0.632536351680756
2225,482.3,0.375700712203979
2226,482.4,0.446859627962112
2227,482.7,0.298821657896042
2228,482.8,0.397666156291962
2229,483.1,0.66251003742218
2230,483.3,0.779430270195007
2231,483.4,0.616863071918488
2232,483.7,0.15776227414608
2233,483.8,0.12309804558754
2234,483.9,0.304999440908432
2235,484.1,0.136483237147331
2236,484.3,0.617549479007721
2237,484.4,0.141402587294579
2238,484.5,0.44582998752594
2239,484.7,0.0798535645008087
2240,484.8,0.351904809474945
2241,485.1,0.36734926700592
2242,485.2,0.32788011431694
2243,485.3,0.566639959812164
2244,485.5,0.0494222640991211
2245,485.6,0.225260272622108
2246,485.8,0.0399267822504044
2247,486.0,0.186591923236847
2248,486.2,0.421462088823318
2249,486.4,0.489760905504227
2250,486.5,0.19402813911438
2251,486.8,0.476375699043274
2252,487.0,0.581855595111847
2253,487.2,0.853449285030365
2254,487.4,0.889371931552887
2255,487.5,0.417114734649658
2256,487.8,0.297334402799606
2257,488.0,0.621667981147766
2258,488.1,0.417686760425568
2259,488.2,0.663997232913971
2260,488.5,0.565152704715729
2261,488.6,0.404987990856171
2262,488.8,2.04404520988464
2263,489.0,16.6488952636719
2264,489.2,39.9951934814453
2265,489.3,15.7558631896973
2266,489.5,0.99222058057785
2267,489.8,1.36631965637207
2268,490.0,6.75174474716187
2269,490.1,7.58769035339355
2270,490.2,13.376615524292
2271,490.4,2.22571778297424
2272,490.7,0.465621769428253
2273,490.8,0.766159474849701
2274,491.0,5.72852087020874
2275,491.2,10.9715137481689
2276,491.3,6.47660446166992
2277,491.5,0.647751986980438
2278,491.8,0.484383940696716
2279,492.0,1.39274680614471
2280,492.2,2.72360134124756
2281,492.3,2.05148148536682
2282,492.5,0.318613439798355
2283,492.7,0.588605403900146
2284,493.0,1.40052628517151
2285,493.2,2.9390230178833
2286,493.3,2.18052864074707
2287,493.5,0.466994613409042
2288,493.8,0.241276741027832
2289,494.0,0.836517572402954
2290,494.1,1.23658621311188
2291,494.4,1.02105021476746
2292,494.5,0.311520427465439
2293,494.8,0.35396409034729
2294,494.9,0.183846235275269
2295,495.1,1.32547760009766
2296,495.3,1.67177665233612
2297,495.5,0.649239242076874
2298,495.7,0.227205127477646
2299,495.9,0.319643050432205
2300,496.1,0.816954553127289
2301,496.3,0.658048272132874
2302,496.5,0.448918879032135
2303,496.6,0.25775083899498
2304,496.8,0.307401895523071
2305,497.1,0.85402125120163
2306,497.3,0.68939483165741
2307,497.4,0.207298934459686
2308,497.6,0.39503487944603
2309,497.7,0.116462647914886
2310,497.9,0.273767292499542
2311,498.1,0.462304085493088
2312,498.3,0.501201212406158
2313,498.4,0.259009271860123
2314,498.5,0.346184641122818
2315,498.7,0.0577737092971802
2316,498.9,0.313465267419815
2317,499.1,0.472485989332199
2318,499.2,0.29001259803772
2319,499.3,0.528429269790649
2320,499.5,0.157190248370171
2321,499.8,0.245280861854553
2322,500.0,0.377759993076324
2323,500.2,0.332456231117249
2324,500.3,0.34263813495636
2325,500.6,0.23784464597702
2326,500.7,0.208099752664566
2327,500.9,0.382679313421249
2328,501.1,0.999771177768707
2329,501.2,1.22205698490143
2330,501.4,0.540098369121552
2331,501.7,0.193799331784248
2332,501.8,0.0664683654904366
2333,502.0,0.343667775392532
2334,502.2,0.437364131212234
2335,502.4,0.565839171409607
2336,502.6,0.215421572327614
2337,502.8,1.06749796867371
2338,503.0,6.60690975189209
2339,503.2,13.7697057723999
2340,503.3,6.09895896911621
2341,503.5,0.452465385198593
2342,503.7,0.488960087299347
2343,503.9,1.00903785228729
2344,504.1,4.50040054321289
2345,504.2,2.16988897323608
2346,504.3,3.03592276573181
2347,504.5,0.654959380626678
2348,504.8,0.866948843002319
2349,505.0,2.06852769851685
2350,505.1,3.99599599838257
2351,505.3,2.47248601913452
2352,505.5,0.163139224052429
2353,505.6,0.378560811281204
2354,505.9,0.630820274353027
2355,506.1,1.03603708744049
2356,506.3,1.16016471385956
2357,506.4,0.911909401416779
2358,506.7,0.344354182481766
2359,506.8,0.291156619787216
2360,507.0,1.60771083831787
2361,507.2,2.28669500350952
2362,507.4,1.81741213798523
2363,507.5,0.671204686164856
2364,507.7,0.201349958777428
2365,507.9,0.232582077383995
2366,508.1,0.87873238325119
2367,508.3,0.84784346818924
2368,508.4,0.534492611885071
2369,508.7,0.255577176809311
2370,508.9,0.459558397531509
2371,509.0,0.447202831506729
2372,509.2,0.751172661781311
2373,509.3,0.383365750312805
2374,509.4,0.454067051410675
2375,509.7,0.218281656503677
2376,509.9,0.187163934111595
2377,510.0,0.250772207975388
2378,510.3,0.395950108766556
2379,510.4,0.285207629203796
2380,510.7,0.183388635516167
2381,510.9,0.215879186987877
2382,511.1,0.691225230693817
2383,511.2,0.185791105031967
2384,511.4,0.525454759597778
2385,511.6,0.271021634340286
2386,511.7,0.0743622034788132
2387,511.9,0.0812264010310173
2388,512.1,0.380162447690964
2389,512.3,0.432788014411926
2390,512.5,0.259238064289093
2391,512.6,0.184532657265663
2392,512.9,0.219768911600113
2393,513.0,0.122411623597145
2394,513.2,0.407504856586456
2395,513.4,0.390687555074692
2396,513.6,0.225031465291977
2397,513.7,0.0569728873670101
2398,514.0,0.34343895316124
2399,514.2,0.290813416242599
2400,514.3,0.147351562976837
2401,514.5,0.222972199320793
2402,514.7,0.129733443260193
2403,514.9,0.178240478038788
2404,515.0,0.0853449255228043
2405,515.1,0.35556572675705
2406,515.3,0.252717077732086
2407,515.5,0.145864322781563
2408,515.8,0.160507947206497
2409,516.0,0.229149982333183
2410,516.2,0.234755754470825
2411,516.4,0.36792129278183
2412,516.6,0.226518705487251
2413,516.7,0.0386683456599712
2414,516.9,0.288067728281021
2415,517.1,0.404301553964615
2416,517.2,0.479350179433823
2417,517.5,0.272165656089783
2418,517.7,0.123555660247803
2419,517.9,0.281317919492722
2420,518.0,0.338176399469376
2421,518.2,0.340350061655045
2422,518.4,0.0949548110365868
2423,518.6,0.314609318971634
2424,518.8,0.544788897037506
2425,519.0,1.30225372314453
2426,519.1,1.31140601634979
2427,519.3,0.449033290147781
2428,519.4,0.521908223628998
2429,519.7,0.251458644866943
2430,519.8,0.118064291775227
2431,520.0,0.534950256347656
2432,520.2,0.692026078701019
2433,520.3,0.680471360683441
2434,520.5,0.284178018569946
2435,520.8,0.693627715110779
2436,520.9,0.614803791046143
2437,521.1,1.88102042675018
2438,521.2,1.38782751560211
2439,521.4,0.327193677425385
2440,521.5,0.280173897743225
2441,521.7,0.152156502008438
2442,521.9,0.345727026462555
2443,522.0,0.343553364276886
2444,522.2,1.02425348758698
2445,522.3,0.565724730491638
2446,522.5,0.383823364973068
2447,522.7,0.0282576363533735
2448,522.9,0.419174015522003
2449,523.0,0.314609318971634
2450,523.2,0.947488844394684
2451,523.4,0.474659651517868
2452,523.5,0.216451212763786
2453,523.7,0.128932610154152
2454,523.9,0.186363115906715
2455,524.1,0.332685053348541
2456,524.2,0.150554850697517
2457,524.3,0.416428327560425
2458,524.5,0.323075175285339
2459,524.7,0.400068640708923
2460,525.0,0.264615029096603
2461,525.2,0.472714781761169
2462,525.3,0.449948519468307
2463,525.5,0.100903786718845
2464,525.7,0.177325248718262
2465,525.9,0.165999308228493
2466,526.0,0.12309804558754
2467,526.2,0.39938223361969
2468,526.3,0.2362429946661
2469,526.5,0.205468475818634
2470,526.7,0.293215870857239
2471,526.9,0.087632991373539
2472,527.1,0.346299052238464
2473,527.2,0.398810207843781
2474,527.4,0.203523620963097
2475,527.7,0.128474995493889
2476,527.9,0.17469397187233
2477,528.1,0.32788011431694
2478,528.2,0.302482545375824
2479,528.3,0.278915464878082
2480,528.6,0.244136825203896
2481,528.7,0.22628989815712
2482,528.9,0.0561720617115498
2483,529.1,0.307401895523071
2484,529.3,0.456469506025314
2485,529.4,0.101246997714043
2486,529.5,0.225717887282372
2487,529.7,0.0806543901562691
2488,529.8,0.173435539007187
2489,530.0,0.165084093809128
2490,530.2,0.273309677839279
2491,530.4,0.220912933349609
2492,530.5,0.292987078428268
2493,530.8,0.30419859290123
2494,530.9,0.273996114730835
2495,531.2,0.164168864488602
2496,531.3,0.156847044825554
2497,531.5,0.15478777885437
2498,531.7,0.159478321671486
2499,532.0,0.30854594707489
2500,532.2,0.273996114730835
2501,532.3,0.210044622421265
2502,532.6,0.274682521820068
2503,532.8,0.409335315227509
2504,533.0,1.11028480529785
2505,533.2,1.00674974918365
2506,533.3,0.485985577106476
2507,533.4,0.403843939304352
2508,533.6,0.0772222876548767
2509,533.8,0.210616633296013
2510,533.9,0.170575454831123
2511,534.1,0.521793842315674
2512,534.2,0.400526255369186
2513,534.3,0.446173220872879
2514,534.6,0.321359097957611
2515,534.8,1.81855618953705
2516,534.9,2.4897608757019
2517,535.1,8.88250732421875
2518,535.2,6.79865026473999
2519,535.4,0.934218049049377
2520,535.7,0.417229145765305
2521,535.9,1.52797162532806
2522,536.1,3.66296768188477
2523,536.2,2.88925743103027
2524,536.4,0.818556249141693
2525,536.6,0.256721198558807
2526,536.8,0.839263260364532
2527,537.0,1.65747630596161
2528,537.2,2.1448347568512
2529,537.3,1.47557485103607
2530,537.5,0.143576249480247
2531,537.7,0.239789500832558
2532,537.9,0.532204568386078
2533,538.1,0.834572732448578
2534,538.2,0.222285777330399
2535,538.4,0.711245834827423
2536,538.5,0.285779654979706
2537,538.7,0.157991081476212
2538,538.9,0.344125390052795
2539,539.1,0.76936274766922
2540,539.2,0.859283864498138
2541,539.4,0.41276741027832
2542,539.6,0.137627273797989
2543,539.9,0.253746718168259
2544,540.1,0.339434862136841
2545,540.3,0.442855507135391
2546,540.5,0.301796138286591
2547,540.7,0.147122755646706
2548,540.8,0.0176181215792894
2549,540.9,0.188422381877899
2550,541.2,0.323418378829956
2551,541.3,0.181901380419731
2552,541.4,0.288982957601547
2553,541.7,0.22011211514473
2554,541.9,0.0990733355283737
2555,542.0,0.215421572327614
2556,542.2,0.153186127543449
2557,542.3,0.317583799362183
2558,542.6,0.138199284672737
2559,542.7,0.252717077732086
2560,543.0,0.173549935221672
2561,543.2,0.202837198972702
2562,543.3,0.190939247608185
2563,543.5,0.196545019745827
2564,543.8,0.23246768116951
2565,543.9,0.0409564115107059
2566,544.1,0.159592717885971
2567,544.3,0.375357508659363
2568,544.4,0.106051936745644
2569,544.6,0.129733443260193
2570,544.8,0.122297219932079
2571,544.9,0.165198490023613
2572,545.1,0.168744996190071
2573,545.3,0.257865220308304
2574,545.5,0.244365632534027
2575,545.9,0.211646258831024
2576,546.0,0.117149069905281
2577,546.1,0.249170571565628
2578,546.4,0.260839730501175
2579,546.5,0.177782863378525
2580,546.7,0.0430156737565994
2581,546.9,0.346756666898727
2582,547.1,0.662052392959595
2583,547.2,0.880906045436859
2584,547.5,0.312893271446228
2585,547.6,0.184532657265663
2586,547.9,0.183503031730652
2587,548.1,0.507264614105225
2588,548.2,0.59386795759201
2589,548.5,0.329024136066437
2590,548.7,0.435533702373505
2591,548.9,2.92495131492615
2592,549.1,11.9608736038208
2593,549.3,16.2933311462402
2594,549.4,4.17297792434692
2595,549.7,0.752431094646454
2596,549.9,1.13350880146027
