#"+ Scan (rt: 0.088-65.997 min, 11533 scans) 241121_CH_3H.D "
#Point,X(Thompsons),Y(Counts)
0,50.1,9922.5908203125
1,50.3,1.09693920612335
2,50.9,0.131275475025177
3,51.1,9453.326171875
4,51.2,8473.890625
5,51.8,0.023584496229887
6,52.0,3.84097814559937
7,52.2,15454.3974609375
8,52.3,1.16231679916382
9,52.5,0.0273996349424124
10,52.9,0.134396940469742
11,53.1,5347.166015625
12,53.2,19097.2734375
13,53.3,1.55241477489471
14,53.9,0.0468221642076969
15,54.1,4013.09350585938
16,54.2,25336.25390625
17,54.4,0.0530651174485683
18,55.0,1.0268794298172
19,55.2,56477.734375
20,55.3,0.748460948467255
21,56.0,1.18815577030182
22,56.2,31797.322265625
23,56.3,0.940778613090515
24,56.8,0.0157808028161526
25,57.0,1.47732591629028
26,57.2,28933.4765625
27,57.4,35.8566703796387
28,57.5,1.35055923461914
29,57.7,26.8716716766357
30,57.8,7.01309299468994
31,58.1,1296.10363769531
32,58.2,5287.5673828125
33,58.5,21.4566020965576
34,58.6,546.562133789063
35,58.9,13.2516260147095
36,59.1,4427.4287109375
37,59.2,6512.41845703125
38,59.5,0.0616491809487343
39,59.9,0.368421047925949
40,60.1,11229.646484375
41,60.2,2037.70385742188
42,60.4,0.0363305285573006
43,60.8,0.0341628380119801
44,61.0,43.9691314697266
45,61.1,5253.10205078125
46,61.3,0.721321403980255
47,61.5,0.0479493625462055
48,61.6,0.0453481301665306
49,61.9,1.8893609046936
50,62.1,3829.2705078125
51,62.2,766.047485351563
52,62.5,0.129628017544746
53,62.8,0.124512270092964
54,63.0,16.9683513641357
55,63.1,10901.1875
56,63.3,0.791381239891052
57,63.5,0.0464753322303295
58,63.8,0.097546175122261
59,63.9,0.523974657058716
60,64.1,10420.4326171875
61,64.2,933.981628417969
62,64.4,2.12694001197815
63,64.6,0.0144801875576377
64,64.9,0.491632699966431
65,65.1,8476.7138671875
66,65.2,11249.7841796875
67,65.4,0.0212433878332376
68,65.9,0.390618234872818
69,66.1,6707.78955078125
70,66.2,7498.7919921875
71,66.4,0.0593947805464268
72,67.1,5081.01123046875
73,67.2,32910.71484375
74,67.9,0.184167176485062
75,68.1,4521.359375
76,68.2,26143.50390625
77,68.5,0.0150004336610436
78,68.9,0.240440472960472
79,69.1,4086.3349609375
80,69.2,32926.09375
81,69.4,0.0636434555053711
82,69.8,0.0410994552075863
83,70.0,1.49371373653412
84,70.2,30243.21484375
85,70.3,1.57599925994873
86,70.5,0.0445677638053894
87,70.8,0.140293076634407
88,71.0,1.30876612663269
89,71.1,1435.98999023438
90,71.2,15296.0107421875
91,71.4,0.216595858335495
92,71.6,0.0273996349424124
93,71.7,0.0330356359481812
94,71.9,4.12494564056396
95,72.1,2344.51440429688
96,72.2,7275.228515625
97,72.5,2.12277817726135
98,72.6,1.05627334117889
99,72.9,3.29775428771973
100,73.1,14156.197265625
101,73.2,4774.21484375
102,73.8,0.142027229070663
103,74.0,20.8838119506836
104,74.1,4882.66943359375
105,74.2,1119.07092285156
106,74.8,0.192924648523331
107,75.0,23.8707180023193
108,75.1,6209.77734375
109,75.3,0.582849204540253
110,75.6,0.0264458507299423
111,75.8,0.165438309311867
112,76.0,47.0394515991211
113,76.1,5218.232421875
114,76.3,3.95551896095276
115,76.5,0.0211566817015409
116,76.9,0.111679531633854
117,77.1,18860.9453125
118,77.2,6661.9189453125
119,78.0,5.54227018356323
120,78.1,15820.82421875
121,78.3,0.284834831953049
122,79.1,11527.9990234375
123,79.2,18122.974609375
124,79.8,0.0658111497759819
125,80.0,3.4416024684906
126,80.2,24317.724609375
127,80.3,1.61415064334869
128,80.4,0.171681255102158
129,80.6,0.0339027121663094
130,80.9,0.224312841892242
131,81.1,8744.8818359375
132,81.2,28378.705078125
133,81.4,0.0376311466097832
134,81.9,0.488771349191666
135,82.1,4791.86767578125
136,82.2,24815.943359375
137,82.4,0.165785133838654
138,82.8,0.155033379793167
139,83.0,1.54703891277313
140,83.2,24490.2109375
141,83.3,5.3281888961792
142,83.9,0.569756329059601
143,84.1,9566.9619140625
144,84.2,15797.4990234375
145,84.4,0.135957688093185
146,84.6,0.0141333565115929
147,84.8,0.127807155251503
148,85.0,2.16855978965759
149,85.2,14018.5634765625
150,85.3,7.73900985717773
151,85.5,0.0359837003052235
152,85.8,0.115234546363354
153,86.0,17.2821464538574
154,86.2,8003.98583984375
155,86.3,10.3816871643066
156,86.6,0.0318217277526855
157,86.8,0.175322979688644
158,87.0,42.0742225646973
159,87.1,5769.173828125
160,87.3,3.04803609848022
161,87.5,0.0407526232302189
162,87.7,0.0988467857241631
163,87.9,9.22353267669678
164,88.1,1738.79858398438
165,88.2,748.005432128906
166,88.4,0.960808098316193
167,88.7,0.128153994679451
168,88.9,2.97962379455566
169,89.1,8294.724609375
170,89.2,1969.74768066406
171,89.4,0.283013969659805
172,89.7,0.307899057865143
173,89.9,7.00806379318237
174,90.1,5983.64599609375
175,90.2,2513.67333984375
176,90.4,0.386542975902557
177,91.0,4.02774667739868
178,91.2,53193.3046875
179,91.3,0.936096429824829
180,91.8,0.0350299142301083
181,92.0,10.0683259963989
182,92.2,22980.326171875
183,92.3,2.39235234260559
184,92.4,0.190496832132339
185,92.8,0.0994537398219109
186,93.0,3.77074480056763
187,93.2,19655.625
188,93.3,2.6918408870697
189,93.6,0.018555449321866
190,93.9,0.460504651069641
191,94.1,12527.36328125
192,94.2,17383.173828125
193,94.4,0.154339715838432
194,94.6,0.0374577306210995
195,94.8,0.0327755138278008
196,94.9,0.525708854198456
197,95.1,8295.935546875
198,95.2,26809.623046875
199,95.4,0.38316136598587
200,95.6,0.0251452345401049
201,95.9,0.475938618183136
202,96.1,5751.0869140625
203,96.2,19300.89453125
204,96.4,0.094337984919548
205,96.5,0.163444027304649
206,96.8,0.292378395795822
207,97.0,10.7658023834229
208,97.2,22258.8046875
209,97.3,4.77438640594482
210,97.5,0.0859273374080658
211,97.6,0.112373188138008
212,97.8,0.0949449390172958
213,98.0,4.04005908966064
214,98.2,18895.43359375
215,98.3,3.05670690536499
216,98.7,0.0136998174712062
217,98.9,0.542616844177246
218,99.1,7380.6748046875
219,99.2,4943.27783203125
220,99.4,0.445330798625946
221,99.9,1.59767627716064
222,100.1,13787.2216796875
223,100.2,1551.96533203125
224,100.4,0.275470376014709
225,100.8,0.629237830638885
226,101.0,41.6134567260742
227,101.1,6006.70556640625
228,101.3,4.82459020614624
229,101.5,0.2047169059515
230,101.6,0.170467361807823
231,101.9,2.85693216323853
232,102.1,4297.9765625
233,102.2,1459.63928222656
234,102.4,0.52501517534256
235,102.6,0.0134396944195032
236,102.8,0.185814619064331
237,103.0,49.8242416381836
238,103.1,9214.5654296875
239,103.3,2.49119925498962
240,103.6,0.0302609894424677
241,103.8,0.465967237949371
242,104.0,31.4465446472168
243,104.1,11285.4521484375
244,104.3,3.20012140274048
245,104.5,0.101014479994774
246,104.7,0.124772392213345
247,105.0,11.9146795272827
248,105.2,16071.466796875
249,105.3,1.49579465389252
250,105.6,0.0384982228279114
251,105.8,0.220584407448769
252,106.0,12.3633918762207
253,106.2,13726.5478515625
254,106.3,4.3858494758606
255,106.6,0.0912165120244026
256,106.8,0.325327306985855
257,107.0,7.67614650726318
258,107.1,29598.283203125
259,107.3,3.79944515228271
260,107.6,0.126593247056007
261,107.8,0.266279369592667
262,108.0,6.92144298553467
263,108.2,26636.640625
264,108.3,3.57088351249695
265,108.4,0.523801267147064
266,108.7,0.157894730567932
267,108.8,0.143501251935959
268,109.0,5.70736169815063
269,109.1,3904.46899414063
270,109.2,19705.296875
271,109.4,0.584670066833496
272,109.6,0.0831526890397072
273,109.8,0.0999739840626717
274,110.0,5.3063383102417
275,110.2,19915.24609375
276,110.3,5.52414798736572
277,110.6,0.136998176574707
278,110.8,0.312841415405273
279,111.0,9.59420776367188
280,111.2,17868.34375
281,111.3,6.51781845092773
282,111.5,0.091303214430809
283,111.7,0.0505505949258804
284,111.9,0.731466233730316
285,112.1,6114.54296875
286,112.2,6846.95947265625
287,112.4,0.556403338909149
288,112.6,0.0896557718515396
289,112.9,1.0836728811264
290,113.1,4998.5634765625
291,113.2,3803.56201171875
292,113.4,0.456342667341232
293,113.5,0.0947715267539024
294,113.8,0.537240982055664
295,114.0,52.3371200561523
296,114.1,4547.84619140625
297,114.2,2094.494140625
298,114.4,0.647533178329468
299,114.5,0.250238448381424
300,114.8,0.44463711977005
301,115.0,23.3149223327637
302,115.1,13795.4296875
303,115.3,3.37110900878906
304,115.6,0.080985002219677
305,115.8,0.717766404151917
306,115.9,2.45287442207336
307,116.1,6348.15087890625
308,116.2,3010.376953125
309,116.4,0.542356729507446
310,116.6,0.083846352994442
311,116.9,2.76554226875305
312,117.1,15526.2392578125
313,117.2,10777.150390625
314,117.4,0.104569494724274
315,117.5,0.215642064809799
316,117.8,0.40830659866333
317,118.0,23.200382232666
318,118.1,11523.91015625
319,118.3,4.92751216888428
320,118.6,0.19925431907177
321,118.8,0.389924556016922
322,119.0,21.1795711517334
323,119.2,12906.3828125
324,119.3,3.87774205207825
325,119.4,0.572704434394836
326,119.6,0.0155206797644496
327,119.8,0.622387945652008
328,120.0,14.4984827041626
329,120.2,14144.9296875
330,120.3,6.50316476821899
331,120.5,0.114107340574265
332,120.8,0.562646329402924
333,121.0,13.9992198944092
334,121.2,16784.6015625
335,121.3,4.9740743637085
336,121.6,0.181826069951057
337,121.8,0.298014402389526
338,121.9,1.70909559726715
339,122.1,2904.14404296875
340,122.2,12845.8427734375
341,122.4,0.496921867132187
342,122.6,0.0443943478167057
343,122.8,0.339894205331802
344,122.9,1.64328444004059
345,123.1,3508.63134765625
346,123.2,14764.6494140625
347,123.4,0.558484375476837
348,123.5,0.134917199611664
349,123.7,0.0323419757187366
350,123.9,0.933755338191986
351,124.1,3105.44970703125
352,124.2,12299.8515625
353,124.3,15.9288997650146
354,124.5,0.0978929996490479
355,124.7,0.0723142251372337
356,124.9,1.29142463207245
357,125.1,3788.45751953125
358,125.2,11715.4345703125
359,125.4,0.677880883216858
360,125.5,0.338680297136307
361,125.8,0.612503230571747
362,126.0,31.097806930542
363,126.2,10156.3564453125
364,126.3,16.7125644683838
365,126.4,0.662273466587067
366,126.6,0.127286911010742
367,126.8,0.918841600418091
368,127.0,28.8371620178223
369,127.1,3919.2724609375
370,127.2,3486.046875
371,127.4,0.923003554344177
372,127.7,0.253533333539963
373,127.9,4.28873682022095
374,128.1,6197.15576171875
375,128.2,4023.39916992188
376,128.4,0.800052046775818
377,128.7,0.130408391356468
378,128.9,3.4426429271698
379,129.0,12.4357929229736
380,129.2,13718.9365234375
381,129.3,6.31847763061523
382,129.6,0.109685249626637
383,129.8,0.452961057424545
384,130.0,19.3956470489502
385,130.1,7931.126953125
386,130.2,10892.744140625
387,130.4,0.752709627151489
388,130.7,0.271048307418823
389,130.9,3.11228656768799
390,131.1,7628.01220703125
391,131.2,9344.6767578125
392,131.4,0.852336764335632
393,131.6,0.233243733644485
394,131.8,0.801265954971313
395,132.0,17.9891624450684
396,132.2,11575.3447265625
397,132.3,7.96323585510254
398,132.5,0.180091917514801
399,132.8,0.523281037807465
400,133.0,41.2831001281738
401,133.1,15250.3544921875
402,133.3,2.96410298347473
403,133.4,0.165698423981667
404,133.6,0.0420532375574112
405,133.8,1.18538105487823
406,134.0,28.4324989318848
407,134.2,11901.9560546875
408,134.3,6.59377431869507
409,134.5,0.239833518862724
410,134.7,0.273389399051666
411,134.8,0.623255014419556
412,135.0,17.129020690918
413,135.2,17285.642578125
414,135.3,5.99288988113403
415,135.5,0.171854674816132
416,135.8,0.485823303461075
417,136.0,8.98239803314209
418,136.2,12994.6806640625
419,136.3,13.0175151824951
420,136.6,0.313881903886795
421,136.8,0.765889167785645
422,137.0,20.3746643066406
423,137.2,15045.1015625
424,137.3,8.67952823638916
425,137.5,0.153299227356911
426,137.6,0.169340148568153
427,137.8,0.254313707351685
428,138.0,10.6033992767334
429,138.2,15055.890625
430,138.3,22.5916938781738
431,138.4,1.00893092155457
432,138.6,0.210179477930069
433,138.9,2.2232723236084
434,139.1,4259.35302734375
435,139.2,6278.80224609375
436,139.3,10.8991584777832
437,139.5,0.0935576185584068
438,139.7,0.0781236439943314
439,139.9,1.37951958179474
440,140.0,24.3535938262939
441,140.2,8515.376953125
442,140.3,27.1772308349609
443,140.6,0.287436038255692
444,140.8,0.686464905738831
445,141.0,25.9076557159424
446,141.1,2420.86450195313
447,141.2,4393.18603515625
448,141.4,1.39460682868958
449,141.7,0.363305300474167
450,141.9,5.03685092926025
451,142.1,3713.40161132813
452,142.2,2666.8564453125
453,142.3,11.0639038085938
454,142.5,0.280239313840866
455,142.7,0.115494668483734
456,142.9,3.11809587478638
457,143.0,12.7924213409424
458,143.2,8779.9130859375
459,143.3,5.17462921142578
460,143.4,0.821208715438843
461,143.7,0.31674325466156
462,143.9,2.88129711151123
463,144.1,3378.03979492188
464,144.2,5841.2333984375
465,144.4,0.650828063488007
466,144.6,0.313795208930969
467,144.8,0.543137073516846
468,145.0,18.3913116455078
469,145.2,11278.4775390625
470,145.3,7.08939552307129
471,145.5,0.143501251935959
472,145.8,0.621954381465912
473,145.9,1.9994797706604
474,146.1,3865.6005859375
475,146.2,7189.89599609375
476,146.4,1.2228387594223
477,146.6,0.246249884366989
478,146.8,1.0006068944931
479,147.0,21.3678150177002
480,147.2,13848.1298828125
481,147.3,7.50958108901978
482,147.6,0.231422871351242
483,147.8,0.547299027442932
484,148.0,14.0887022018433
485,148.2,11082.7705078125
486,148.3,9.39087867736816
487,148.6,0.420098841190338
488,148.8,1.110032081604
489,149.0,20.8073348999023
490,149.2,14154.71875
491,149.3,9.62186813354492
492,149.5,0.108037807047367
493,149.7,0.235931679606438
494,149.9,2.2777247428894
495,150.1,2555.64282226563
496,150.2,8208.0556640625
497,150.4,0.904014587402344
498,150.5,0.193271487951279
499,150.8,0.831787049770355
500,151.0,15.8401975631714
501,151.2,15302.4248046875
502,151.3,15.1435012817383
503,151.5,0.086881123483181
504,151.7,0.198213815689087
505,151.9,2.45270085334778
506,152.1,5229.09228515625
507,152.2,9263.763671875
508,152.4,0.855805099010468
509,152.6,0.357322454452515
510,152.8,1.14107346534729
511,153.0,30.4220924377441
512,153.2,9066.3740234375
513,153.3,11.6649618148804
514,153.6,0.210613027215004
515,153.8,0.558571040630341
516,154.0,23.5708827972412
517,154.2,12864.6357421875
518,154.3,23.8774814605713
519,154.5,0.328101962804794
520,154.8,1.01682126522064
521,155.0,36.819995880127
522,155.2,7225.7568359375
523,155.3,16.1229515075684
524,155.6,0.620393633842468
525,155.8,1.03147494792938
526,156.0,31.8832054138184
527,156.2,7708.06689453125
528,156.3,15.0315618515015
529,156.5,0.268273651599884
530,156.8,0.986473619937897
531,157.0,15.446457862854
532,157.1,2085.70947265625
533,157.2,6968.21435546875
534,157.4,1.34700429439545
535,157.6,0.0750021710991859
536,157.8,0.849822223186493
537,158.0,18.3451843261719
538,158.2,7598.705078125
539,158.3,11.5065460205078
540,158.5,0.154513135552406
541,158.8,0.813665151596069
542,159.0,16.7380561828613
543,159.2,8686.7939453125
544,159.3,9.15754795074463
545,159.5,0.264805346727371
546,159.8,0.453741431236267
547,160.0,12.7709178924561
548,160.1,2212.99951171875
549,160.2,6435.3076171875
550,160.4,1.05280494689941
551,160.7,0.42608168721199
552,160.9,3.53672075271606
553,161.1,2669.78759765625
554,161.2,7056.78857421875
555,161.4,0.59221363067627
556,161.7,0.325240612030029
557,161.9,2.37830567359924
558,162.1,2190.08837890625
559,162.2,6484.427734375
560,162.4,0.683343470096588
561,162.6,0.41515651345253
562,162.8,1.63669466972351
563,163.0,42.6614074707031
564,163.2,9669.9140625
565,163.3,18.2849216461182
566,163.4,1.27191531658173
567,163.7,0.397901684045792
568,163.9,2.35810279846191
569,164.1,1757.01879882813
570,164.2,6679.1875
571,164.4,1.07491540908813
572,164.6,0.411948323249817
573,164.9,5.35316038131714
574,165.1,2253.25561523438
575,165.2,9645.6572265625
576,165.4,1.11731553077698
577,165.5,0.187635481357574
578,165.8,0.753750085830688
579,166.0,17.7694435119629
580,166.2,11662.173828125
581,166.3,17.3229866027832
582,166.6,0.268620491027832
583,166.8,0.727824509143829
584,167.0,15.775426864624
585,167.2,10642.375
586,167.3,10.0900888442993
587,167.5,0.317350208759308
588,167.7,0.112980142235756
589,167.9,2.15035104751587
590,168.1,3679.21728515625
591,168.2,7113.6689453125
592,168.4,1.7198474407196
593,168.7,0.242608174681664
594,168.9,2.42634177207947
595,169.1,1958.28088378906
596,169.2,4739.3837890625
597,169.4,1.19699990749359
598,169.7,0.371369123458862
599,169.9,3.76918411254883
600,170.1,1578.64562988281
601,170.2,5606.5771484375
602,170.4,1.18737530708313
603,170.7,0.3052978515625
604,170.9,3.68568444252014
605,171.1,1449.76708984375
606,171.2,6801.216796875
607,171.4,0.987340688705444
608,171.6,0.290297418832779
609,171.9,2.52215385437012
610,172.0,12.3924388885498
611,172.2,7409.92431640625
612,172.3,10.8503427505493
613,172.5,0.305644661188126
614,172.8,0.862915098667145
615,172.9,1.61996006965637
616,173.1,1422.88659667969
617,173.2,6082.30517578125
618,173.4,1.11011874675751
619,173.6,0.0310413595288992
620,173.8,0.414809674024582
621,174.0,9.99002838134766
622,174.2,7226.01025390625
623,174.3,16.7543563842773
624,174.4,0.962542295455933
625,174.6,0.110032081604004
626,174.8,0.606433689594269
627,175.0,11.7616405487061
628,175.2,7737.59765625
629,175.3,15.1180963516235
630,175.6,0.304517477750778
631,175.8,0.754963994026184
632,176.0,22.0579204559326
633,176.2,7171.1396484375
634,176.3,21.6119823455811
635,176.5,0.538541555404663
636,176.8,1.73510789871216
637,177.0,67.705192565918
638,177.1,1853.08068847656
639,177.2,6231.9013671875
640,177.4,1.01682126522064
641,177.6,0.0771698579192162
642,177.8,1.22882163524628
643,178.0,26.8708915710449
644,178.2,7806.48828125
645,178.3,30.6507415771484
646,178.6,0.423827290534973
647,178.8,1.86265504360199
648,178.9,4.02020311355591
649,179.1,1334.90686035156
650,179.2,7416.9931640625
651,179.4,0.854851305484772
652,179.5,0.330182939767838
653,179.7,0.172461628913879
654,179.9,2.19153738021851
655,180.1,1082.33605957031
656,180.2,6433.54541015625
657,180.3,16.3518600463867
658,180.5,0.117228820919991
659,180.6,0.357929408550262
660,180.9,3.26194405555725
661,181.1,1087.39465332031
662,181.2,5877.65380859375
663,181.4,1.07612931728363
664,181.7,0.299228310585022
665,181.8,0.388623952865601
666,182.0,15.4511404037476
667,182.2,9362.8818359375
668,182.3,29.563512802124
669,182.5,0.234717771410942
670,182.7,0.227000772953033
671,182.9,2.65750455856323
672,183.1,1340.71130371094
673,183.2,5466.80029296875
674,183.3,40.8800849914551
675,183.6,0.393392860889435
676,183.7,0.11341368407011
677,183.9,2.78305721282959
678,184.1,1169.6728515625
679,184.2,4959.720703125
680,184.4,1.37925946712494
681,184.6,0.0569669641554356
682,184.8,1.02982747554779
683,185.0,12.8388967514038
684,185.2,8069.09130859375
685,185.3,16.4434223175049
686,185.5,0.437960624694824
687,185.8,0.53047776222229
688,186.0,11.5236282348633
689,186.2,7876.51171875
690,186.3,13.9363565444946
691,186.4,1.15026450157166
692,186.6,0.167172461748123
693,186.8,0.619873404502869
694,187.0,13.8846788406372
695,187.2,6644.1162109375
696,187.3,12.9145927429199
697,187.5,0.26263764500618
698,187.7,0.0439608097076416
699,187.9,1.12633311748505
700,188.1,1012.29595947266
701,188.2,5413.9638671875
702,188.4,1.20887887477875
703,188.7,0.259689599275589
704,188.9,2.72548341751099
705,189.1,1078.14147949219
706,189.2,5532.6572265625
707,189.4,1.32420015335083
708,189.6,0.083846352994442
709,189.8,0.402323752641678
710,190.0,9.3883638381958
711,190.1,1172.09887695313
712,190.2,4959.9091796875
713,190.4,1.51166224479675
714,190.5,0.51157546043396
715,190.8,2.50810718536377
716,191.0,77.5793838500977
717,191.2,8073.71533203125
718,191.3,30.4685688018799
719,191.6,0.304604172706604
720,191.8,1.27356278896332
721,192.0,29.0273990631104
722,192.2,7234.078125
723,192.3,37.4609375
724,192.4,2.02861356735229
725,192.7,0.7076216340065
726,192.9,13.9288997650146
727,193.1,3014.24951171875
728,193.2,5421.34619140625
729,193.4,0.478886663913727
730,193.6,0.140119656920433
731,193.8,1.40163016319275
732,194.0,22.2630710601807
733,194.2,7279.2744140625
734,194.3,53.6162300109863
735,194.5,0.2915980219841
736,194.8,1.5846700668335
737,195.0,31.3532466888428
738,195.1,1131.21057128906
739,195.2,5997.73193359375
740,195.4,1.24278163909912
741,195.6,0.127286911010742
742,195.8,0.886759757995605
743,196.0,15.4716033935547
744,196.2,6268.35205078125
745,196.3,43.7566108703613
746,196.4,3.51096844673157
747,196.7,0.422700077295303
748,196.9,3.28188681602478
749,197.1,847.950073242188
750,197.2,5318.25634765625
751,197.4,1.84409952163696
752,197.6,0.140639901161194
753,197.8,0.606780529022217
754,198.0,12.1318826675415
755,198.2,5297.6240234375
756,198.3,24.1979541778564
757,198.6,0.401369988918304
758,198.7,0.126593247056007
759,198.9,1.9735541343689
760,199.1,764.864196777344
761,199.2,6104.96826171875
762,199.4,1.05003035068512
763,199.5,0.269054025411606
764,199.8,0.496575057506561
765,200.0,8.73927021026611
766,200.2,5875.70263671875
767,200.3,21.971212387085
768,200.5,0.28041273355484
769,200.8,0.551027476787567
770,201.0,10.4079599380493
771,201.2,5386.61767578125
772,201.3,20.861701965332
773,201.6,0.178097635507584
774,201.8,0.493366867303848
775,202.0,9.21070003509521
776,202.2,5269.353515625
777,202.3,36.311279296875
778,202.5,0.418711513280869
779,202.7,0.109251715242863
780,202.9,2.22700071334839
781,203.1,897.987854003906
782,203.2,4288.52490234375
783,203.3,21.4502735137939
784,203.5,0.318997651338577
785,203.8,0.345183372497559
786,204.0,11.5220670700073
787,204.2,4851.87548828125
788,204.3,56.850341796875
789,204.5,0.314142018556595
790,204.7,0.302349776029587
791,204.9,2.28969049453735
792,205.1,701.786437988281
793,205.2,4555.09375
794,205.4,1.39027142524719
795,205.7,0.338506907224655
796,205.8,0.390097975730896
797,206.0,6.01890230178833
798,206.2,5149.4443359375
799,206.3,61.2108726501465
800,206.5,0.0991936177015305
801,206.7,0.126159712672234
802,207.0,69.4773254394531
803,207.1,21069.0078125
804,207.3,4.79597663879395
805,207.8,1.36746728420258
806,208.0,44.7127380371094
807,208.2,9003.6337890625
808,208.3,126.611030578613
809,208.4,1.64631927013397
810,208.7,0.546345293521881
811,208.9,9.79138088226318
812,209.1,2566.4951171875
813,209.2,4969.87060546875
814,209.4,0.784531354904175
815,209.7,0.285008251667023
816,209.9,3.73077249526978
817,210.1,654.095092773438
818,210.2,4424.759765625
819,210.4,4.52510166168213
820,210.6,0.35827624797821
821,210.8,2.51582407951355
822,211.0,39.1668243408203
823,211.2,6402.765625
824,211.3,14.6253356933594
825,211.6,0.430330365896225
826,211.8,0.848781764507294
827,212.0,13.6764936447144
828,212.1,531.329650878906
829,212.2,4189.50830078125
830,212.4,2.22517991065979
831,212.7,0.492846608161926
832,212.9,4.10795116424561
833,213.1,434.915100097656
834,213.2,6862.82470703125
835,213.4,1.24243474006653
836,213.6,0.0439608097076416
837,213.8,0.544350981712341
838,214.0,10.5393218994141
839,214.2,4718.6044921875
840,214.3,75.9561233520508
841,214.5,0.339720815420151
842,214.8,0.971819996833801
843,215.0,18.6050472259521
844,215.2,4639.45458984375
845,215.3,24.4112548828125
846,215.5,0.249197959899902
847,215.8,0.404838293790817
848,216.0,10.992977142334
849,216.1,526.447326660156
850,216.2,3685.1376953125
851,216.4,1.44611120223999
852,216.7,0.31700336933136
853,216.9,1.38368165493011
854,217.1,480.177215576172
855,217.2,3554.40844726563
856,217.3,46.2478981018066
857,217.5,0.279458940029144
858,217.7,0.158588394522667
859,217.9,1.1660453081131
860,218.1,421.075439453125
861,218.2,3768.54516601563
862,218.4,2.12260460853577
863,218.7,0.215642064809799
864,218.9,1.62819731235504
865,219.0,8.51981258392334
866,219.2,4266.23583984375
867,219.3,48.5861434936523
868,219.6,0.448105424642563
869,219.8,0.467441260814667
870,220.0,6.89152860641479
871,220.2,4446.42724609375
872,220.3,63.6328811645508
873,220.6,0.586057424545288
874,220.7,0.295413166284561
875,220.9,6.37110900878906
876,221.1,906.884338378906
877,221.2,4827.36865234375
878,221.3,55.0221977233887
879,221.5,0.208965569734573
880,221.7,0.325500726699829
881,221.9,2.20280933380127
882,222.1,421.125305175781
883,222.2,4102.5888671875
884,222.4,3.91814804077148
885,222.7,0.55484265089035
886,222.9,4.79398250579834
887,223.1,558.785034179688
888,223.2,3831.5029296875
889,223.4,1.76788341999054
890,223.5,0.454695224761963
891,223.8,0.606953978538513
892,224.0,11.1992540359497
893,224.2,3845.14697265625
894,224.3,44.6500473022461
895,224.5,1.07309460639954
896,224.8,2.02635908126831
897,225.0,41.2178115844727
898,225.2,5060.01953125
899,225.3,37.0932960510254
900,225.4,1.28509497642517
901,225.6,0.264892041683197
902,225.8,1.09251713752747
903,226.0,16.0051155090332
904,226.2,3928.04858398438
905,226.3,94.3499526977539
906,226.5,0.445417493581772
907,226.7,0.410387575626373
908,226.9,3.47784614562988
909,227.1,367.999725341797
910,227.2,4289.7744140625
911,227.4,2.26419830322266
912,227.6,0.058787826448679
913,227.8,0.650221109390259
914,228.0,11.0231513977051
915,228.1,383.356628417969
916,228.2,3732.30615234375
917,228.4,2.07170724868774
918,228.6,0.0465620383620262
919,228.8,0.725396692752838
920,229.0,20.1695137023926
921,229.2,3594.48681640625
922,229.3,50.2929840087891
923,229.6,0.28015261888504
924,229.8,0.668949961662292
925,230.0,14.3576688766479
926,230.2,3377.80346679688
927,230.3,72.1692504882813
928,230.5,0.367380559444427
929,230.8,0.607734322547913
930,231.0,11.1705541610718
931,231.2,3080.57202148438
932,231.3,78.0019912719727
933,231.5,0.38593602180481
934,231.8,0.55310845375061
935,231.9,1.30035555362701
936,232.1,274.644409179688
937,232.2,2992.099609375
938,232.4,3.18841576576233
939,232.6,0.357929408550262
940,232.9,1.57417845726013
941,233.1,279.347961425781
942,233.2,3205.92041015625
943,233.4,2.50862741470337
944,233.7,0.382641106843948
945,233.9,1.00815057754517
946,234.1,216.074478149414
947,234.2,3583.28247070313
948,234.4,3.20298266410828
949,234.7,0.272955864667892
950,234.9,2.24000692367554
951,235.1,280.974426269531
952,235.2,3598.865234375
953,235.4,2.36651349067688
954,235.7,0.242868289351463
955,235.9,1.39946246147156
956,236.1,261.555786132813
957,236.2,3402.607421875
958,236.4,5.75453042984009
959,236.5,0.631145417690277
960,236.7,0.306945294141769
961,236.9,2.55310845375061
962,237.1,309.473937988281
963,237.2,3109.28735351563
964,237.4,3.11731553077698
965,237.6,0.117835775017738
966,237.8,0.545131385326385
967,238.0,10.0629501342773
968,238.2,3027.86450195313
969,238.3,79.5973281860352
970,238.5,0.610508978366852
971,238.7,0.605479955673218
972,238.9,3.79077434539795
973,239.1,194.50993347168
974,239.2,3329.24072265625
975,239.4,3.60912156105042
976,239.6,0.309459805488586
977,239.9,4.1956992149353
978,240.1,278.838470458984
979,240.2,2695.18579101563
980,240.4,3.27434325218201
981,240.6,0.262550950050354
982,240.8,0.583282768726349
983,241.0,32.5844116210938
984,241.2,3098.36889648438
985,241.3,75.4389114379883
986,241.6,0.149137258529663
987,241.8,0.671030938625336
988,242.0,16.3085060119629
989,242.2,3046.673828125
990,242.3,91.4028472900391
991,242.5,0.247637212276459
992,242.8,0.546431958675385
993,243.0,20.7775077819824
994,243.2,3135.60888671875
995,243.3,71.9368743896484
996,243.6,0.141246855258942
997,243.7,0.120350301265717
998,243.9,2.31327486038208
999,244.0,18.162317276001
1000,244.2,2933.76708984375
1001,244.3,105.254402160645
1002,244.6,0.231943115592003
1003,244.8,0.592647194862366
1004,245.0,18.0793380737305
1005,245.1,244.193710327148
1006,245.2,2390.93823242188
1007,245.4,1.88173067569733
1008,245.6,0.291337907314301
1009,245.9,1.86542963981628
1010,246.1,221.99089050293
1011,246.2,2486.4599609375
1012,246.4,3.57140374183655
1013,246.6,0.331310153007507
1014,246.8,0.426255106925964
1015,247.0,8.11133289337158
1016,247.2,2762.54296875
1017,247.3,102.914939880371
1018,247.5,0.331656992435455
1019,247.7,0.153125807642937
1020,247.9,0.855544984340668
1021,248.0,7.03346920013428
1022,248.2,2809.1708984375
1023,248.3,138.173934936523
1024,248.5,0.785398423671722
1025,248.8,2.42217993736267
1026,249.0,73.4766311645508
1027,249.1,694.092712402344
1028,249.2,2721.41772460938
1029,249.4,2.06381678581238
1030,249.6,0.157808035612106
1031,249.8,0.989421665668488
1032,250.0,21.3225517272949
1033,250.2,2829.00244140625
1034,250.3,174.001907348633
1035,250.5,1.61631834506989
1036,250.8,3.28743600845337
1037,251.0,59.4382209777832
1038,251.2,3103.009765625
1039,251.3,107.742828369141
1040,251.5,0.609902024269104
1041,251.8,1.05124425888062
1042,252.0,15.4879913330078
1043,252.2,2661.95263671875
1044,252.3,479.125732421875
1045,252.5,0.892655849456787
1046,252.7,1.3062516450882
1047,252.8,2.17029404640198
1048,253.0,36.852424621582
1049,253.2,2832.40478515625
1050,253.3,233.191192626953
1051,253.5,0.487470746040344
1052,253.7,0.135610848665237
1053,253.9,2.94910264015198
1054,254.1,272.252319335938
1055,254.2,2165.35791015625
1056,254.4,3.89846515655518
1057,254.7,0.466053932905197
1058,254.8,1.2494580745697
1059,255.0,18.9645366668701
1060,255.2,2260.70239257813
1061,255.3,134.626815795898
1062,255.4,2.36417245864868
1063,255.6,0.132836207747459
1064,255.8,0.462498903274536
1065,256.0,17.5209407806396
1066,256.1,97.3207321166992
1067,256.3,4495.7216796875
1068,256.4,4.95742654800415
1069,256.7,0.33642590045929
1070,256.9,2.79918503761292
1071,257.0,12.7466402053833
1072,257.2,2098.88793945313
1073,257.3,493.147735595703
1074,257.5,0.559351444244385
1075,257.7,0.173588827252388
1076,257.9,1.82302951812744
1077,258.1,380.354553222656
1078,258.2,1963.65283203125
1079,258.3,162.950927734375
1080,258.5,0.317350208759308
1081,258.8,0.508974254131317
1082,259.0,15.3824672698975
1083,259.2,2148.54565429688
1084,259.3,130.74690246582
1085,259.5,0.542096614837646
1086,259.7,0.091476634144783
1087,259.9,2.34977889060974
1088,260.0,10.2058439254761
1089,260.2,2008.515625
1090,260.3,197.336334228516
1091,260.5,0.469435542821884
1092,260.6,0.40145668387413
1093,260.9,1.32974946498871
1094,261.1,169.371276855469
1095,261.2,1919.98754882813
1096,261.3,183.052291870117
1097,261.5,0.171247720718384
1098,261.7,0.260469943284988
1099,261.9,0.881904125213623
1100,262.1,127.721405029297
1101,262.2,2055.86889648438
1102,262.3,309.992614746094
1103,262.5,0.627937197685242
1104,262.8,0.456342667341232
1105,263.0,6.65247535705566
1106,263.2,2235.28930664063
1107,263.3,250.257873535156
1108,263.5,0.390444815158844
1109,263.7,0.330096244812012
1110,264.0,7.94520092010498
1111,264.2,2007.36108398438
1112,264.3,361.030792236328
1113,264.5,1.3340847492218
1114,264.8,2.01924920082092
1115,265.0,42.1597137451172
1116,265.2,2586.66186523438
1117,265.3,131.138900756836
1118,265.5,0.247116968035698
1119,265.7,0.433538556098938
1120,265.8,0.766669571399689
1121,266.0,16.4585094451904
1122,266.2,1944.62121582031
1123,266.3,169.573913574219
1124,266.5,0.908003091812134
1125,266.7,2.12156414985657
1126,266.9,27.8220748901367
1127,267.1,1846.11218261719
1128,267.2,1603.91015625
1129,267.4,1.90748286247253
1130,267.7,0.86664354801178
1131,267.8,2.42235326766968
1132,268.0,51.825023651123
1133,268.1,470.782104492188
1134,268.2,1630.54333496094
1135,268.4,3.06581115722656
1136,268.7,1.53420615196228
1137,268.9,12.9465017318726
1138,269.1,566.220336914063
1139,269.2,1718.93835449219
1140,269.4,1.40466487407684
1141,269.7,0.520679771900177
1142,269.8,0.789213538169861
1143,270.0,17.3962535858154
1144,270.2,1672.99206542969
1145,270.3,242.415420532227
1146,270.5,0.552328109741211
1147,270.7,1.0007803440094
1148,270.8,1.44689154624939
1149,271.0,24.7220153808594
1150,271.2,1705.42199707031
1151,271.3,124.37223815918
1152,271.5,0.238619610667229
1153,271.7,0.406399041414261
1154,271.9,2.49414730072021
1155,272.1,174.865432739258
1156,272.2,1512.92431640625
1157,272.4,4.18815565109253
1158,272.7,0.628890991210938
1159,272.9,2.18529438972473
1160,273.1,159.727127075195
1161,273.2,1510.91271972656
1162,273.4,3.31709003448486
1163,273.7,0.32905575633049
1164,273.9,1.29177141189575
1165,274.0,7.71741962432861
1166,274.2,1483.34680175781
1167,274.3,211.322463989258
1168,274.5,0.697563529014587
1169,274.8,0.472730427980423
1170,275.0,8.51530361175537
1171,275.2,1524.0771484375
1172,275.3,188.70458984375
1173,275.5,0.392872631549835
1174,275.7,0.200121387839317
1175,275.9,1.24902451038361
1176,276.0,5.49354028701782
1177,276.2,1645.11413574219
1178,276.3,262.963836669922
1179,276.4,6.28067302703857
1180,276.6,0.182953268289566
1181,276.8,0.471082985401154
1182,276.9,0.977022469043732
1183,277.1,139.55224609375
1184,277.2,1672.50915527344
1185,277.4,4.40908718109131
1186,277.6,0.106737188994884
1187,277.8,0.244082197546959
1188,278.0,5.03659057617188
1189,278.2,1517.26110839844
1190,278.3,754.185302734375
1191,278.5,0.999913275241852
1192,278.6,0.534639716148376
1193,278.9,2.15572714805603
1194,279.1,151.511840820313
1195,279.2,1742.90197753906
1196,279.4,58.4512252807617
1197,279.5,0.741611003875732
1198,279.8,0.556836903095245
1199,280.0,3.70883560180664
1200,280.2,1109.08178710938
1201,280.3,1529.45495605469
1202,280.4,141.096588134766
1203,280.6,0.426428496837616
1204,280.8,1.0842798948288
1205,281.0,107.985343933105
1206,281.1,9604.03125
1207,281.3,196.43440246582
1208,281.6,0.0494233928620815
1209,281.8,3.15139174461365
1210,282.0,55.0985870361328
1211,282.1,3580.71630859375
1212,282.3,102.604095458984
1213,282.5,0.464406490325928
1214,282.7,1.0254054069519
1215,282.9,14.778115272522
1216,283.1,1568.70336914063
1217,283.2,1659.1806640625
1218,283.4,1.53750109672546
1219,283.6,0.124425560235977
1220,283.8,1.48894476890564
1221,284.0,16.716552734375
1222,284.2,1552.30871582031
1223,284.3,330.2119140625
1224,284.5,1.28266716003418
1225,284.8,3.99809241294861
1226,285.0,49.5765190124512
1227,285.2,1785.54235839844
1228,285.3,114.969390869141
1229,285.6,0.212087050080299
1230,285.7,0.241914510726929
1231,285.9,4.53039121627808
1232,286.1,204.439437866211
1233,286.2,1216.16809082031
1234,286.4,3.67675375938416
1235,286.7,0.825023829936981
1236,286.9,5.4672679901123
1237,287.1,224.720016479492
1238,287.2,1297.732421875
1239,287.4,3.30980658531189
1240,287.6,0.449752897024155
1241,287.8,0.495101004838943
1242,288.0,11.0393657684326
1243,288.2,1099.00146484375
1244,288.3,215.486511230469
1245,288.5,0.755484282970428
1246,288.7,0.393046051263809
1247,288.9,2.90245389938354
1248,289.0,11.3633050918579
1249,289.2,1152.2783203125
1250,289.3,203.208099365234
1251,289.5,0.397988379001617
1252,289.6,0.324720352888107
1253,289.9,1.55068063735962
1254,290.1,106.555450439453
1255,290.2,1174.92907714844
1256,290.4,7.58796501159668
1257,290.5,0.709789276123047
1258,290.8,0.469955772161484
1259,290.9,1.12832736968994
1260,291.1,114.409950256348
1261,291.2,935.332336425781
1262,291.3,226.236892700195
1263,291.5,0.615624725818634
1264,291.6,0.423133611679077
1265,291.8,0.244775861501694
1266,292.0,8.49267292022705
1267,292.1,82.7111740112305
1268,292.2,1168.54162597656
1269,292.4,13.3698949813843
1270,292.7,0.693141400814056
1271,292.9,1.77447330951691
1272,293.1,124.767189025879
1273,293.2,1098.05151367188
1274,293.4,7.80820274353027
1275,293.6,0.548686385154724
1276,293.8,0.786872446537018
1277,294.0,9.16786575317383
1278,294.2,893.597473144531
1279,294.3,360.279907226563
1280,294.5,1.97710919380188
1281,294.8,1.58744478225708
1282,295.0,15.0025148391724
1283,295.2,1128.59875488281
1284,295.3,209.94841003418
1285,295.5,0.907309472560883
1286,295.8,0.642850935459137
1287,296.0,9.55718326568604
1288,296.2,921.319702148438
1289,296.3,237.380386352539
1290,296.5,0.96141505241394
1291,296.8,0.852856993675232
1292,297.0,9.07005977630615
1293,297.2,968.814208984375
1294,297.3,247.068405151367
1295,297.5,0.795716643333435
1296,297.7,0.352293431758881
1297,297.9,1.83525538444519
1298,298.1,109.486427307129
1299,298.2,958.448181152344
1300,298.4,7.96332263946533
1301,298.6,0.474204450845718
1302,298.8,1.7772479057312
1303,299.0,20.5089740753174
1304,299.2,1209.84240722656
1305,299.3,162.423919677734
1306,299.5,0.606086909770966
1307,299.8,0.654643177986145
1308,300.0,11.3411083221436
1309,300.2,872.145751953125
1310,300.3,199.651428222656
1311,300.5,1.11826932430267
1312,300.8,1.20272266864777
1313,301.0,12.556489944458
1314,301.2,900.9140625
1315,301.3,188.799697875977
1316,301.5,0.617358863353729
1317,301.8,0.564380466938019
1318,302.0,8.88459205627441
1319,302.2,755.448364257813
1320,302.3,261.563690185547
1321,302.5,0.893696367740631
1322,302.7,0.523454427719116
1323,302.9,2.39807510375977
1324,303.1,86.3838577270508
1325,303.2,937.340087890625
1326,303.4,9.56819534301758
1327,303.6,0.52449494600296
1328,303.9,1.35870981216431
1329,304.1,85.3269729614258
1330,304.2,867.926574707031
1331,304.4,13.3646059036255
1332,304.6,0.636781394481659
1333,304.9,1.74369204044342
1334,305.1,79.3872375488281
1335,305.2,891.580871582031
1336,305.4,9.49544811248779
1337,305.6,0.396427631378174
1338,305.9,1.20827186107635
1339,306.0,6.48911809921265
1340,306.2,635.879211425781
1341,306.3,255.243392944336
1342,306.4,15.2794589996338
1343,306.7,0.929159820079803
1344,306.9,2.39347958564758
1345,307.1,90.3242034912109
1346,307.2,776.715515136719
1347,307.4,10.4620656967163
1348,307.5,1.32983613014221
1349,307.8,0.629671394824982
1350,308.0,8.79580307006836
1351,308.2,558.837524414063
1352,308.3,294.001739501953
1353,308.5,1.92499780654907
1354,308.8,0.972947180271149
1355,308.9,1.71611893177032
1356,309.1,99.2007293701172
1357,309.2,527.343872070313
1358,309.3,231.664001464844
1359,309.5,0.98881471157074
1360,309.7,0.806728541851044
1361,309.9,2.32437348365784
1362,310.1,85.9932403564453
1363,310.2,740.728271484375
1364,310.4,10.5112285614014
1365,310.5,2.28578853607178
1366,310.8,1.23419749736786
1367,311.0,13.8868465423584
1368,311.2,664.823120117188
1369,311.3,209.427810668945
1370,311.5,0.852076649665833
1371,311.8,1.26775336265564
1372,311.9,1.97424781322479
1373,312.1,94.023063659668
1374,312.2,709.183410644531
1375,312.4,13.4586839675903
1376,312.7,0.764241755008698
1377,312.8,0.662186741828918
1378,313.0,7.40995407104492
1379,313.2,684.251953125
1380,313.3,471.603393554688
1381,313.5,1.27217555046082
1382,313.8,0.675799906253815
1383,314.0,6.85762596130371
1384,314.2,577.152099609375
1385,314.3,268.799865722656
1386,314.5,1.45070672035217
1387,314.8,0.902887344360352
1388,315.0,8.52700901031494
1389,315.2,558.44775390625
1390,315.3,252.344757080078
1391,315.5,1.24451577663422
1392,315.7,0.509407758712769
1393,316.0,8.13734531402588
1394,316.2,498.305023193359
1395,316.3,270.482513427734
1396,316.5,1.15355932712555
1397,316.7,0.600277483463287
1398,316.8,0.681609272956848
1399,317.0,14.719934463501
1400,317.2,515.665649414063
1401,317.3,266.947296142578
1402,317.5,1.70658111572266
1403,317.8,0.965750455856323
1404,318.0,9.90913009643555
1405,318.2,463.318664550781
1406,318.3,262.922149658203
1407,318.5,1.84219193458557
1408,318.8,0.785225033760071
1409,319.0,8.59949684143066
1410,319.2,456.135772705078
1411,319.3,255.812622070313
1412,319.5,1.52293419837952
1413,319.8,0.378219038248062
1414,320.0,7.22006416320801
1415,320.2,411.920135498047
1416,320.3,255.229080200195
1417,320.4,23.0224571228027
1418,320.7,0.947801947593689
1419,320.9,1.26879394054413
1420,321.1,60.6204795837402
1421,321.2,589.315124511719
1422,321.4,17.023063659668
1423,321.6,0.66981703042984
1424,321.9,1.54235672950745
1425,322.1,65.6020126342773
1426,322.2,573.043762207031
1427,322.4,20.2955856323242
1428,322.6,0.609121680259705
1429,322.8,1.20220232009888
1430,323.0,14.5509405136108
1431,323.2,478.723999023438
1432,323.3,203.830917358398
1433,323.5,1.04378736019135
1434,323.6,0.834474980831146
1435,323.9,2.70536708831787
1436,324.1,76.9433822631836
1437,324.2,551.2578125
1438,324.4,22.3123207092285
1439,324.6,1.16387760639191
1440,324.8,4.99254322052002
1441,325.0,67.9489288330078
1442,325.2,735.878784179688
1443,325.3,105.513481140137
1444,325.5,0.978062927722931
1445,325.8,2.15277886390686
1446,326.0,24.9445934295654
1447,326.2,474.711517333984
1448,326.3,174.969909667969
1449,326.5,3.2785050868988
1450,326.8,9.42824935913086
1451,327.0,146.653610229492
1452,327.1,1031.33239746094
1453,327.3,50.2544860839844
1454,327.5,0.380386710166931
1455,327.7,1.3331310749054
1456,327.9,9.70467376708984
1457,328.1,205.442733764648
1458,328.2,541.759216308594
1459,328.4,8.38160037994385
1460,328.5,2.12113070487976
1461,328.8,3.31119394302368
1462,329.0,40.7271308898926
1463,329.2,563.934997558594
1464,329.3,136.347961425781
1465,329.5,0.830919981002808
1466,329.8,1.64597237110138
1467,329.9,2.67493271827698
1468,330.1,82.7614669799805
1469,330.2,521.9072265625
1470,330.4,24.8815574645996
1471,330.7,1.09043610095978
1472,330.9,3.5004768371582
1473,331.1,83.2542266845703
1474,331.2,516.495300292969
1475,331.4,21.8063812255859
1476,331.7,0.597589552402496
1477,331.9,2.24243474006653
1478,332.0,7.6889796257019
1479,332.2,330.161712646484
1480,332.3,241.02262878418
1481,332.5,3.43952131271362
1482,332.8,1.21668255329132
1483,332.9,1.76718986034393
1484,333.1,56.8004837036133
1485,333.2,250.033813476563
1486,333.3,244.999481201172
1487,333.5,2.14670944213867
1488,333.8,0.859533488750458
1489,333.9,1.37917280197144
1490,334.1,49.5373268127441
1491,334.3,442.751831054688
1492,334.4,25.8085498809814
1493,334.6,1.18720197677612
1494,334.9,1.95361137390137
1495,335.0,7.93349504470825
1496,335.2,266.193267822266
1497,335.3,219.712829589844
1498,335.5,2.29272532463074
1499,335.8,0.835602164268494
1500,336.0,5.96479654312134
1501,336.1,43.0656394958496
1502,336.3,432.060943603516
1503,336.4,31.9569931030273
1504,336.6,0.823549807071686
1505,336.9,1.71759295463562
1506,337.1,52.2852668762207
1507,337.3,438.285797119141
1508,337.4,22.6120700836182
1509,337.6,0.932888209819794
1510,337.8,0.358016133308411
1511,338.0,7.58033466339111
1512,338.2,245.968353271484
1513,338.3,224.055847167969
1514,338.5,3.613196849823
1515,338.8,1.31162750720978
1516,339.0,17.2433013916016
1517,339.2,384.719329833984
1518,339.3,166.846878051758
1519,339.5,0.934969246387482
1520,339.6,0.63001823425293
1521,339.9,2.06121563911438
1522,340.1,66.6425018310547
1523,340.2,365.221527099609
1524,340.4,27.5118350982666
1525,340.5,3.50498580932617
1526,340.8,6.63227272033691
1527,341.0,127.016731262207
1528,341.1,1571.99096679688
1529,341.3,22.9393920898438
1530,341.5,0.465360283851624
1531,341.7,1.04820942878723
1532,341.9,13.4246072769165
1533,342.1,347.801452636719
1534,342.2,488.469177246094
1535,342.4,6.76831722259521
1536,342.7,1.49371373653412
1537,342.9,12.4218330383301
1538,343.1,329.917266845703
1539,343.2,550.084716796875
1540,343.4,4.26905393600464
1541,343.5,0.688025653362274
1542,343.7,0.367553979158401
1543,343.9,3.71134996414185
1544,344.1,112.366424560547
1545,344.2,446.126678466797
1546,344.4,20.0938186645508
1547,344.7,1.58050811290741
1548,344.9,8.14584255218506
1549,345.1,125.857109069824
1550,345.2,453.46337890625
1551,345.4,18.0584411621094
1552,345.7,0.902800679206848
1553,345.9,3.20402312278748
1554,346.1,58.3027839660645
1555,346.3,373.746307373047
1556,346.4,32.0747413635254
1557,346.7,1.36729383468628
1558,346.8,0.917801082134247
1559,347.0,13.1630973815918
1560,347.1,54.0294799804688
1561,347.2,348.449066162109
1562,347.4,24.6177062988281
1563,347.7,1.08740139007568
1564,347.9,2.54573822021484
1565,348.1,46.1672592163086
1566,348.3,321.172119140625
1567,348.4,29.2842273712158
1568,348.6,1.37726521492004
1569,348.8,0.533859372138977
1570,349.0,7.97823619842529
1571,349.2,193.921096801758
1572,349.3,141.609039306641
1573,349.4,28.6161441802979
1574,349.7,0.819821357727051
1575,349.8,0.652041971683502
1576,350.0,7.32948923110962
1577,350.2,188.127716064453
1578,350.3,178.058013916016
1579,350.5,3.20567059516907
1580,350.8,0.835862278938293
1581,351.0,7.22596025466919
1582,351.1,39.389232635498
1583,351.3,284.720031738281
1584,351.4,23.5926475524902
1585,351.6,0.579034090042114
1586,351.8,0.991502642631531
1587,352.0,7.54981374740601
1588,352.2,180.044921875
1589,352.3,154.414031982422
1590,352.5,3.28821635246277
1591,352.7,0.476545572280884
1592,352.9,2.18451404571533
1593,353.1,50.4467163085938
1594,353.2,154.942947387695
1595,353.3,165.748107910156
1596,353.5,2.36833429336548
1597,353.7,0.421486169099808
1598,353.9,1.9995664358139
1599,354.1,36.486083984375
1600,354.3,239.731811523438
1601,354.4,32.9042739868164
1602,354.5,2.96627068519592
1603,354.8,3.87271308898926
1604,355.0,79.4898147583008
1605,355.1,2349.06298828125
1606,355.3,32.8133201599121
1607,355.4,2.39087843894958
1608,355.7,0.726957440376282
1609,355.9,9.81470584869385
1610,356.0,37.2129554748535
1611,356.2,951.008239746094
1612,356.3,87.5374145507813
1613,356.5,1.4155900478363
1614,356.8,2.67397904396057
1615,357.0,32.472728729248
1616,357.2,797.019104003906
1617,357.3,104.984741210938
1618,357.5,1.21555531024933
1619,357.8,0.95222407579422
1620,358.0,16.5968952178955
1621,358.2,317.545989990234
1622,358.3,182.205764770508
1623,358.5,2.83820343017578
1624,358.6,1.68542444705963
1625,358.9,5.62082719802856
1626,359.1,113.642936706543
1627,359.2,406.324462890625
1628,359.4,17.3166561126709
1629,359.5,1.70241916179657
1630,359.8,1.04378736019135
1631,360.0,10.828405380249
1632,360.2,189.555023193359
1633,360.3,256.147064208984
1634,360.5,3.96627068519592
1635,360.8,1.4718633890152
1636,361.0,12.3164834976196
1637,361.2,181.349868774414
1638,361.3,207.025924682617
1639,361.5,3.40847992897034
1640,361.8,0.685684561729431
1641,362.0,6.64553880691528
1642,362.2,131.791473388672
1643,362.3,313.492401123047
1644,362.5,5.12390518188477
1645,362.8,1.59082627296448
1646,363.0,11.3418884277344
1647,363.2,138.737716674805
1648,363.3,226.407012939453
1649,363.5,3.5311713218689
1650,363.7,0.523974657058716
1651,363.9,1.8326541185379
1652,364.1,32.2929000854492
1653,364.3,233.055404663086
1654,364.4,42.4859085083008
1655,364.6,0.90895688533783
1656,364.8,0.613370299339294
1657,365.0,7.9106912612915
1658,365.2,122.644065856934
1659,365.3,146.555358886719
1660,365.5,4.32125186920166
1661,365.8,0.81687331199646
1662,366.0,6.54747247695923
1663,366.2,113.633483886719
1664,366.3,105.349433898926
1665,366.4,34.4058799743652
1666,366.6,0.865169525146484
1667,366.7,0.774213135242462
1668,367.0,9.17714405059814
1669,367.2,135.326187133789
1670,367.3,146.339202880859
1671,367.5,4.67900800704956
1672,367.8,0.612243115901947
1673,368.0,5.44376993179321
1674,368.2,115.405181884766
1675,368.3,149.941818237305
1676,368.5,6.00684976577759
1677,368.7,0.604699552059174
1678,368.9,2.76103353500366
1679,369.1,58.8473930358887
1680,369.2,144.971557617188
1681,369.3,152.079330444336
1682,369.5,3.5280499458313
1683,369.7,0.403797805309296
1684,369.9,1.75721836090088
1685,370.1,39.2038497924805
1686,370.3,224.220504760742
1687,370.4,38.9203147888184
1688,370.6,1.71438479423523
1689,370.9,2.6371283531189
1690,371.1,46.8861541748047
1691,371.3,313.064086914063
1692,371.4,50.6144104003906
1693,371.7,0.696176171302795
1694,371.9,2.06494402885437
1695,372.1,34.1713333129883
1696,372.3,237.523452758789
1697,372.4,62.2337646484375
1698,372.6,1.14627587795258
1699,372.8,1.88034331798553
1700,373.0,14.4899854660034
1701,373.2,211.629760742188
1702,373.3,113.520332336426
1703,373.4,37.4061393737793
1704,373.6,0.755224168300629
1705,373.8,1.44585108757019
1706,374.0,9.61519145965576
1707,374.2,124.069282531738
1708,374.3,230.128067016602
1709,374.5,6.07864379882813
1710,374.8,1.59160673618317
1711,375.0,8.47992706298828
1712,375.2,124.346054077148
1713,375.3,178.957336425781
1714,375.5,5.5326452255249
1715,375.6,1.81123733520508
1716,375.9,1.99583804607391
1717,376.1,22.1651782989502
1718,376.3,244.091827392578
1719,376.4,160.077255249023
1720,376.6,1.54634523391724
1721,376.9,2.39321947097778
1722,377.1,26.1563339233398
1723,377.3,191.761993408203
1724,377.4,67.1705551147461
1725,377.5,5.07968425750732
1726,377.7,1.09026277065277
1727,377.9,1.11332702636719
1728,378.1,22.4778461456299
1729,378.3,182.696090698242
1730,378.4,125.887016296387
1731,378.6,1.64475846290588
1732,378.8,0.67727392911911
1733,379.0,5.90557527542114
1734,379.2,79.5111389160156
1735,379.3,143.931594848633
1736,379.5,6.74161100387573
1737,379.8,0.859620213508606
1738,380.0,5.11176633834839
1739,380.2,77.9486694335938
1740,380.3,142.257522583008
1741,380.5,6.90661573410034
1742,380.6,1.8630884885788
1743,380.8,0.686378240585327
1744,381.0,6.19665288925171
1745,381.2,81.9407806396484
1746,381.3,83.3605270385742
1747,381.4,45.2544021606445
1748,381.6,0.922049760818481
1749,381.7,0.781496584415436
1750,382.0,6.21694278717041
1751,382.2,85.2920303344727
1752,382.3,153.522674560547
1753,382.5,10.3391141891479
1754,382.8,2.53403282165527
1755,383.0,11.4569492340088
1756,383.1,33.0699729919434
1757,383.3,157.670166015625
1758,383.4,37.4929351806641
1759,383.5,8.42738246917725
1760,383.8,1.84409952163696
1761,384.0,7.35324716567993
1762,384.2,88.4521789550781
1763,384.3,81.459114074707
1764,384.4,49.4507942199707
1765,384.6,2.91962194442749
1766,384.8,5.81756687164307
1767,385.0,23.4587707519531
1768,385.2,157.893264770508
1769,385.3,99.4456787109375
1770,385.5,4.45694971084595
1771,385.6,2.29229164123535
1772,385.9,3.38489556312561
1773,386.1,32.352466583252
1774,386.3,168.215637207031
1775,386.4,47.6973915100098
1776,386.5,14.3947801589966
1777,386.7,2.18234634399414
1778,386.9,7.84956216812134
1779,387.0,20.2402667999268
1780,387.2,184.742736816406
1781,387.3,124.14185333252
1782,387.5,7.07066679000854
1783,387.7,1.07153391838074
1784,387.9,4.12381839752197
1785,388.0,8.50758647918701
1786,388.2,98.8444442749023
1787,388.3,85.2792892456055
1788,388.4,47.8472213745117
1789,388.6,2.23679876327515
1790,388.8,3.33599233627319
1791,389.0,13.227954864502
1792,389.2,101.579811096191
1793,389.3,106.072311401367
1794,389.5,5.54148960113525
1795,389.6,2.89187550544739
1796,389.9,3.02739953994751
1797,390.0,5.95170402526855
1798,390.2,73.9230880737305
1799,390.3,112.202201843262
1800,390.5,7.52484178543091
1801,390.6,2.51382994651794
1802,390.9,3.82892560958862
1803,391.1,32.2101783752441
1804,391.3,122.448188781738
1805,391.4,31.3897514343262
1806,391.5,7.5846700668335
1807,391.8,1.3309633731842
1808,392.0,5.98760080337524
1809,392.1,16.5189456939697
1810,392.3,124.385673522949
1811,392.4,49.9962730407715
1812,392.6,1.85086274147034
1813,392.9,1.76094686985016
1814,393.0,4.61701202392578
1815,393.2,58.9759826660156
1816,393.3,95.3555908203125
1817,393.5,6.14783668518066
1818,393.6,1.50802052021027
1819,393.8,0.577646732330322
1820,394.0,4.67519283294678
1821,394.2,53.9375686645508
1822,394.3,105.15104675293
1823,394.5,9.18754863739014
1824,394.7,0.60261857509613
1825,394.9,1.79701721668243
1826,395.1,19.0130062103271
1827,395.3,99.0168228149414
1828,395.4,53.0346832275391
1829,395.6,1.84219193458557
1830,395.9,1.88329148292542
1831,396.1,16.0294799804688
1832,396.3,103.740394592285
1833,396.4,52.2544021606445
1834,396.6,2.77508020401001
1835,396.9,2.25422692298889
1836,397.1,19.1308422088623
1837,397.3,100.311370849609
1838,397.4,45.1784439086914
1839,397.6,1.39269924163818
1840,397.8,1.44931936264038
1841,398.0,4.77351951599121
1842,398.2,54.0065879821777
1843,398.3,90.970344543457
1844,398.5,10.4493188858032
1845,398.6,6.6666088104248
1846,398.9,10.4715166091919
1847,399.1,70.2570037841797
1848,399.2,81.7405700683594
1849,399.3,78.9776306152344
1850,399.5,5.42339372634888
1851,399.7,1.15269231796265
1852,399.9,4.92785930633545
1853,400.1,33.2402687072754
1854,400.3,94.1936187744141
1855,400.4,40.1031837463379
1856,400.6,3.87808895111084
1857,400.8,10.0073699951172
1858,401.0,131.193267822266
1859,401.1,411.850341796875
1860,401.3,32.7112617492676
1861,401.6,2.24269485473633
1862,401.8,6.46657419204712
1863,402.0,47.8814697265625
1864,402.2,175.969909667969
1865,402.3,77.5536270141602
1866,402.5,4.52466821670532
1867,402.7,4.93098068237305
1868,402.8,4.550940990448
1869,403.0,46.4939727783203
1870,403.2,171.662094116211
1871,403.3,61.3588829040527
1872,403.5,4.40769958496094
1873,403.8,3.25535416603088
1874,403.9,4.19786691665649
1875,404.1,38.0515060424805
1876,404.3,103.63973236084
1877,404.4,33.8662109375
1878,404.6,3.41073441505432
1879,404.9,6.34934520721436
1880,405.1,42.209400177002
1881,405.2,51.8309211730957
1882,405.3,70.5667190551758
1883,405.5,6.01127195358276
1884,405.8,2.21373438835144
1885,406.0,8.01075172424316
1886,406.2,54.0415344238281
1887,406.3,72.3737106323242
1888,406.5,7.44715166091919
1889,406.6,2.90141344070435
1890,406.9,3.12789392471313
1891,407.1,20.1997737884521
1892,407.2,34.990894317627
1893,407.3,75.3052139282227
1894,407.5,9.08887577056885
1895,407.7,0.841585040092468
1896,407.9,1.5565767288208
1897,408.0,3.9753749370575
1898,408.2,44.4393463134766
1899,408.3,77.9200592041016
1900,408.5,11.0684995651245
1901,408.8,1.23853290081024
1902,409.0,3.74967479705811
1903,409.2,40.8037796020508
1904,409.3,76.2606430053711
1905,409.5,12.5947284698486
1906,409.8,1.65013444423676
1907,410.0,4.24096059799194
1908,410.2,44.2590827941895
1909,410.3,63.9227447509766
1910,410.4,57.4047508239746
1911,410.6,3.15165185928345
1912,410.9,1.64380478858948
1913,411.1,15.048469543457
1914,411.3,80.8859786987305
1915,411.4,49.200813293457
1916,411.6,3.30391049385071
1917,411.9,1.85129630565643
1918,412.1,14.0129194259644
1919,412.2,28.9549121856689
1920,412.3,75.0204620361328
1921,412.5,11.6870718002319
1922,412.6,4.84661388397217
1923,412.9,3.45313453674316
1924,413.1,22.6628799438477
1925,413.3,83.6976470947266
1926,413.4,38.1947441101074
1927,413.6,2.24494934082031
1928,413.8,1.8607474565506
1929,414.0,6.07370138168335
1930,414.2,38.9924545288086
1931,414.3,52.1844291687012
1932,414.5,8.23913955688477
1933,414.6,5.14766311645508
1934,414.9,13.9479751586914
1935,415.0,52.5768661499023
1936,415.2,478.982391357422
1937,415.3,48.1512184143066
1938,415.5,0.763461351394653
1939,415.7,1.73458766937256
1940,415.9,9.5835428237915
1941,416.1,102.807075500488
1942,416.2,180.287261962891
1943,416.4,23.3272342681885
1944,416.6,1.44168901443481
1945,416.8,4.09251689910889
1946,417.0,31.0815925598145
1947,417.1,78.0959854125977
1948,417.2,171.223617553711
1949,417.4,14.0918235778809
1950,417.7,1.58909213542938
1951,417.8,1.88181734085083
1952,418.0,13.8023929595947
1953,418.2,74.31396484375
1954,418.3,46.5941200256348
1955,418.4,25.7229690551758
1956,418.7,3.35550165176392
1957,418.9,5.83924388885498
1958,419.1,38.0431785583496
1959,419.2,46.765022277832
1960,419.3,65.9845657348633
1961,419.5,5.03190851211548
1962,419.6,2.06086874008179
1963,419.9,2.97875666618347
1964,420.1,18.5354194641113
1965,420.3,64.0606079101563
1966,420.4,30.4506206512451
1967,420.6,3.72080111503601
1968,420.8,0.904794931411743
1969,421.0,9.86785697937012
1970,421.1,18.8521633148193
1971,421.3,71.6171875
1972,421.4,31.8468742370605
1973,421.6,1.69071364402771
1974,421.8,1.09555184841156
1975,421.9,1.44715166091919
1976,422.1,15.3148355484009
1977,422.3,51.8151397705078
1978,422.4,34.7292137145996
1979,422.6,3.64007639884949
1980,422.8,0.866990387439728
1981,423.0,5.28847646713257
1982,423.1,10.7377090454102
1983,423.3,51.3560218811035
1984,423.4,29.7677097320557
1985,423.6,2.94424700737
1986,423.9,1.95751321315765
1987,424.1,11.5518941879272
1988,424.3,45.582935333252
1989,424.4,30.608081817627
1990,424.6,2.57201075553894
1991,424.8,1.98040401935577
1992,425.0,3.72331571578979
1993,425.2,27.0291328430176
1994,425.4,46.8904876708984
1995,425.5,12.449405670166
1996,425.7,1.02904713153839
1997,425.9,1.82918584346771
1998,426.1,9.88467884063721
1999,426.3,42.9184951782227
2000,426.4,21.5225009918213
2001,426.5,13.2332439422607
2002,426.7,1.47663223743439
2003,426.9,2.74377870559692
2004,427.1,12.5381946563721
2005,427.3,47.8705444335938
2006,427.4,31.3673801422119
2007,427.6,4.11766242980957
2008,427.9,1.81245124340057
2009,428.0,2.30156946182251
2010,428.2,23.9025402069092
2011,428.3,34.1443672180176
2012,428.5,3.98283195495605
2013,428.6,2.3065984249115
2014,428.9,9.85320377349854
2015,429.0,33.267147064209
2016,429.2,531.226745605469
2017,429.3,48.5192070007324
2018,429.5,0.947194993495941
2019,429.8,2.4413423538208
2020,430.0,27.2889976501465
2021,430.2,205.975372314453
2022,430.4,139.869766235352
2023,430.5,14.6116361618042
2024,430.8,2.81669998168945
2025,430.9,5.53411960601807
2026,431.1,91.4054489135742
2027,431.2,114.620391845703
2028,431.3,83.2006454467773
2029,431.5,10.0150003433228
2030,431.8,2.41550326347351
2031,432.0,13.7734327316284
2032,432.2,66.4460220336914
2033,432.3,61.6659164428711
2034,432.5,8.0290470123291
2035,432.7,1.4177577495575
2036,432.9,5.111159324646
2037,433.1,36.9005470275879
2038,433.3,92.794677734375
2039,433.4,19.5029048919678
2040,433.6,1.91311883926392
2041,433.9,3.25734853744507
2042,434.1,18.8832054138184
2043,434.3,55.2762489318848
2044,434.4,23.9941902160645
2045,434.6,2.32220578193665
2046,434.9,2.42920327186584
2047,435.1,16.0021667480469
2048,435.3,47.1143684387207
2049,435.4,24.5613460540771
2050,435.6,2.36278510093689
2051,435.9,2.16283702850342
2052,436.1,10.0746555328369
2053,436.2,14.99817943573
2054,436.3,36.9372253417969
2055,436.5,10.3258476257324
2056,436.7,2.02323770523071
2057,436.9,1.65741789340973
2058,437.1,11.4272956848145
2059,437.3,35.4825286865234
2060,437.4,15.9555187225342
2061,437.5,9.98257160186768
2062,437.7,0.81089049577713
2063,437.9,1.66183996200562
2064,438.1,8.81990814208984
2065,438.3,31.3888835906982
2066,438.4,24.0483837127686
2067,438.6,4.03858470916748
2068,438.9,1.8887540102005
2069,439.0,2.46735453605652
2070,439.2,18.476806640625
2071,439.4,33.5488586425781
2072,439.5,11.150351524353
2073,439.7,0.891181826591492
2074,439.9,1.78904008865356
2075,440.1,7.36729383468628
2076,440.2,12.5290040969849
2077,440.4,33.409782409668
2078,440.5,8.95239734649658
2079,440.6,4.69253444671631
2080,440.8,0.698950827121735
2081,441.0,3.92985343933105
2082,441.2,22.4187984466553
2083,441.4,34.3946075439453
2084,441.5,7.30234956741333
2085,441.6,3.93011355400085
2086,441.9,1.7208878993988
2087,442.1,8.13110160827637
2088,442.2,11.3359928131104
2089,442.4,32.5188598632813
2090,442.5,13.1004943847656
2091,442.7,2.95968103408813
2092,442.9,1.84843492507935
2093,443.1,11.6667823791504
2094,443.3,33.5398406982422
2095,443.4,24.0000858306885
2096,443.6,4.64918041229248
2097,443.8,1.24087405204773
2098,444.0,3.05393218994141
2099,444.2,18.7422180175781
2100,444.4,36.1330108642578
2101,444.5,14.3450965881348
2102,444.7,5.03424978256226
2103,445.0,11.1451482772827
2104,445.2,39.391487121582
2105,445.3,40.4096069335938
2106,445.5,6.3619179725647
2107,445.7,3.55952477455139
2108,445.8,1.23905313014984
2109,446.0,6.01213884353638
2110,446.2,23.6467533111572
2111,446.3,33.796932220459
2112,446.5,9.79103469848633
2113,446.7,3.81505250930786
2114,447.0,10.4321508407593
2115,447.2,32.4140281677246
2116,447.3,19.1849479675293
2117,447.4,17.7101364135742
2118,447.6,3.12468576431274
2119,447.9,3.25327324867249
2120,448.1,12.3286218643188
2121,448.3,29.7845306396484
2122,448.4,13.1870288848877
2123,448.5,8.99965286254883
2124,448.7,1.49432063102722
2125,448.9,2.29888153076172
2126,449.1,10.781063079834
2127,449.3,29.1187896728516
2128,449.4,19.0721416473389
2129,449.6,3.31396865844727
2130,449.9,2.08757472038269
2131,450.0,1.80742216110229
2132,450.2,13.9529180526733
2133,450.3,13.5124425888062
2134,450.4,17.6935749053955
2135,450.6,3.22544002532959
2136,450.9,1.95413160324097
2137,451.0,2.63582754135132
2138,451.2,15.0847997665405
2139,451.4,24.4157638549805
2140,451.5,8.31873798370361
2141,451.8,1.57591259479523
2142,451.9,0.794416010379791
2143,452.1,6.64553880691528
2144,452.2,8.81271171569824
2145,452.3,24.7977981567383
2146,452.5,9.38749694824219
2147,452.7,2.06919264793396
2148,453.0,2.34405612945557
2149,453.2,13.3920927047729
2150,453.4,21.3372058868408
2151,453.5,7.15251874923706
2152,453.6,3.51755833625793
2153,453.9,1.57920753955841
2154,454.1,5.7227954864502
2155,454.2,7.19682645797729
2156,454.4,22.2342834472656
2157,454.5,9.96635723114014
2158,454.7,1.57123041152954
2159,455.0,2.51712489128113
2160,455.1,3.8891875743866
2161,455.3,19.1232986450195
2162,455.4,17.0765628814697
2163,455.6,3.62767720222473
2164,455.9,1.32237923145294
2165,456.1,5.64701271057129
2166,456.3,18.4039707183838
2167,456.4,17.9095630645752
2168,456.6,4.41567659378052
2169,456.9,2.80291342735291
2170,457.1,8.03901863098145
2171,457.3,21.7536640167236
2172,457.4,11.00927734375
2173,457.5,9.87713527679443
2174,457.7,1.18121910095215
2175,457.9,1.42981016635895
2176,458.1,6.5851035118103
2177,458.3,19.5049858093262
2178,458.4,17.0226306915283
2179,458.7,9.2003812789917
2180,458.9,10.5396690368652
2181,459.1,27.0677185058594
2182,459.2,35.5274429321289
2183,459.4,15.0122261047363
2184,459.6,4.80178594589233
2185,459.9,5.05627346038818
2186,460.0,4.85190343856812
2187,460.2,19.7913818359375
2188,460.3,10.6216945648193
2189,460.4,12.5356798171997
2190,460.7,7.2222318649292
2191,460.9,22.0881824493408
2192,461.0,35.4251289367676
2193,461.2,97.5553665161133
2194,461.3,17.1035289764404
2195,461.4,7.91702079772949
2196,461.7,3.90496826171875
2197,461.9,11.3803863525391
2198,462.1,33.1414184570313
2199,462.2,40.5978507995605
2200,462.4,8.08367252349854
2201,462.5,6.9662709236145
2202,462.7,2.73146629333496
2203,462.9,9.46223926544189
2204,463.1,28.3415412902832
2205,463.2,19.7255706787109
2206,463.3,22.8200817108154
2207,463.5,6.07162046432495
2208,463.7,1.64068329334259
2209,463.9,3.20376300811768
2210,464.1,11.6055669784546
2211,464.2,9.92577838897705
2212,464.3,19.8801708221436
2213,464.5,7.86647033691406
2214,464.7,2.81791377067566
2215,465.0,5.36434602737427
2216,465.2,16.7116966247559
2217,465.3,19.3453559875488
2218,465.5,6.69686985015869
2219,465.7,1.89213562011719
2220,466.0,3.33824682235718
2221,466.2,11.6195268630981
2222,466.3,9.43319129943848
2223,466.4,13.7308588027954
2224,466.6,3.31604957580566
2225,466.8,0.729125142097473
2226,467.0,2.40717935562134
2227,467.2,9.16049575805664
2228,467.3,7.75114870071411
2229,467.4,11.7207145690918
2230,467.6,2.94502735137939
2231,467.8,0.690280079841614
2232,468.0,1.83802998065948
2233,468.2,7.95369815826416
2234,468.3,6.98517274856567
2235,468.4,12.9263849258423
2236,468.6,3.3886239528656
2237,468.9,1.24555623531342
2238,469.0,1.09407782554626
2239,469.2,7.42044544219971
2240,469.4,13.3618316650391
2241,469.5,7.0815052986145
2242,469.7,0.920575737953186
2243,469.9,1.15277898311615
2244,470.1,3.25032520294189
2245,470.2,5.01378631591797
2246,470.4,14.7919883728027
2247,470.5,5.13075542449951
2248,470.6,3.39599418640137
2249,470.9,1.47923350334167
2250,471.1,3.97338080406189
2251,471.3,11.7599067687988
2252,471.4,6.96653079986572
2253,471.5,7.14315462112427
2254,471.7,0.992716550827026
2255,471.9,1.29576003551483
2256,472.1,3.82606434822083
2257,472.3,12.9545650482178
2258,472.5,12.1422872543335
2259,472.6,4.46848154067993
2260,472.9,5.93852424621582
2261,473.0,5.34553003311157
2262,473.2,25.7102222442627
2263,473.3,20.6790943145752
2264,473.5,3.99887275695801
2265,473.6,2.95075011253357
2266,473.8,1.35576176643372
2267,474.0,4.01725482940674
2268,474.2,12.6946153640747
2269,474.3,7.51001453399658
2270,474.4,8.03173542022705
2271,474.6,1.2219717502594
2272,474.8,3.75583100318909
2273,475.0,39.3200378417969
2274,475.2,172.373275756836
2275,475.3,42.8259773254395
2276,475.5,1.92577815055847
2277,475.8,2.47307729721069
2278,476.0,25.0704936981201
2279,476.2,71.4664001464844
2280,476.3,25.9894218444824
2281,476.4,12.8844184875488
2282,476.6,1.46848177909851
2283,476.8,3.92690539360046
2284,477.0,18.4465446472168
2285,477.2,54.3456153869629
2286,477.3,22.8651695251465
2287,477.4,10.7512359619141
2288,477.7,2.08653426170349
2289,477.9,3.48512959480286
2290,478.1,12.7351083755493
2291,478.3,22.1546859741211
2292,478.4,11.0527181625366
2293,478.6,3.66444110870361
2294,478.9,4.07092714309692
2295,479.1,13.6283712387085
2296,479.3,22.5976753234863
2297,479.4,6.6370415687561
2298,479.5,5.38333463668823
2299,479.7,0.690887033939362
2300,479.9,1.98118448257446
2301,480.0,1.89360964298248
2302,480.2,10.1481838226318
2303,480.3,7.5841498374939
2304,480.4,8.87418746948242
2305,480.6,2.81687331199646
2306,480.9,2.72184157371521
2307,481.0,2.69400858879089
2308,481.2,11.2439088821411
2309,481.3,12.2288217544556
2310,481.5,4.02818012237549
2311,481.7,1.49674844741821
2312,482.0,1.7492413520813
2313,482.2,6.47897338867188
2314,482.4,11.3007888793945
2315,482.5,4.94381332397461
2316,482.7,1.28075957298279
2317,482.9,0.514350116252899
2318,483.1,3.04534816741943
2319,483.3,8.4817476272583
2320,483.4,7.24174118041992
2321,483.6,2.6126766204834
2322,483.8,0.4028440117836
2323,484.0,1.31032693386078
2324,484.1,1.9461544752121
2325,484.3,9.18009185791016
2326,484.4,8.3925256729126
2327,484.6,2.16439771652222
2328,484.9,0.92161625623703
2329,485.1,2.86967825889587
2330,485.2,3.40457820892334
2331,485.4,9.4694356918335
2332,485.5,4.18928289413452
2333,485.7,1.26567244529724
2334,486.0,1.23645186424255
2335,486.2,4.83655595779419
2336,486.4,9.23367691040039
2337,486.5,6.46501350402832
2338,486.7,2.35532808303833
2339,486.9,1.18815577030182
2340,487.1,5.14090013504028
2341,487.3,11.2028961181641
2342,487.4,8.5233678817749
2343,487.6,2.91268539428711
2344,487.9,1.44827890396118
2345,488.1,3.78123641014099
2346,488.3,8.30399703979492
2347,488.4,4.8073353767395
2348,488.7,1.747767329216
2349,488.9,7.62429571151733
2350,489.1,98.7137756347656
2351,489.2,149.385940551758
2352,489.4,6.94103860855103
2353,489.5,1.73953008651733
2354,489.8,2.13240265846252
2355,490.0,19.9029731750488
2356,490.2,75.2027206420898
2357,490.3,39.3387680053711
2358,490.5,3.98326539993286
2359,490.8,2.55978488922119
2360,491.0,19.3368587493896
2361,491.2,60.7681427001953
2362,491.3,24.7170734405518
2363,491.4,10.68776512146
2364,491.6,1.63192582130432
2365,491.8,0.891181826591492
2366,492.0,6.59438133239746
2367,492.2,20.1728954315186
2368,492.3,18.1449756622314
2369,492.5,2.88069009780884
2370,492.6,2.57912087440491
2371,492.9,3.21694278717041
2372,493.1,13.2627239227295
2373,493.3,23.4638862609863
2374,493.4,9.98499965667725
2375,493.6,1.15225875377655
2376,493.8,1.3614844083786
2377,494.0,2.76944422721863
2378,494.2,8.76649570465088
2379,494.3,9.3665132522583
2380,494.5,4.02150344848633
2381,494.8,1.8061215877533
2382,495.0,3.40483832359314
2383,495.2,9.9128589630127
2384,495.3,11.7279109954834
2385,495.5,2.68238973617554
2386,495.6,1.39642763137817
2387,495.8,0.515390634536743
2388,496.0,1.72912514209747
2389,496.1,2.20098853111267
2390,496.3,6.9210958480835
2391,496.4,5.4454174041748
2392,496.6,1.21278071403503
2393,496.7,1.04595506191254
2394,497.0,1.84236538410187
2395,497.2,5.23497772216797
2396,497.4,6.98179149627686
2397,497.5,3.28865003585815
2398,497.7,0.859360098838806
2399,498.0,1.25552761554718
2400,498.1,1.44012832641602
2401,498.3,5.09841346740723
2402,498.4,3.08982920646667
2403,498.5,3.02583885192871
2404,498.7,0.943293154239655
2405,499.0,1.12737357616425
2406,499.2,2.82493710517883
2407,499.3,2.48790431022644
2408,499.4,4.71846008300781
2409,499.6,0.890921711921692
2410,499.7,0.834388256072998
2411,499.9,0.282667130231857
2412,500.1,1.29142463207245
2413,500.3,4.29376554489136
2414,500.5,4.45590925216675
2415,500.7,2.42452096939087
2416,500.8,0.843319177627563
2417,501.0,2.4184513092041
2418,501.2,8.28127956390381
2419,501.3,8.73736190795898
2420,501.5,2.34457635879517
2421,501.6,1.76849043369293
2422,501.9,0.998092412948608
2423,502.1,2.54833960533142
2424,502.2,2.63972949981689
2425,502.4,5.18425369262695
2426,502.5,1.94060516357422
2427,502.7,1.9732940196991
2428,502.9,7.38264131546021
2429,503.1,46.1463623046875
2430,503.2,65.3056411743164
2431,503.4,7.2466835975647
2432,503.5,2.61198306083679
2433,503.7,0.525708854198456
2434,503.9,4.84722089767456
2435,504.1,22.2723484039307
2436,504.3,33.6257705688477
2437,504.4,9.47784614562988
2438,504.6,2.64475846290588
2439,504.9,4.64094352722168
2440,505.1,20.0738754272461
2441,505.3,26.6413764953613
2442,505.4,5.65577030181885
2443,505.5,3.06112885475159
2444,505.8,1.33616578578949
2445,506.0,3.6362612247467
2446,506.2,8.58388996124268
2447,506.3,9.34943199157715
2448,506.5,3.40362429618835
2449,506.7,0.766236007213593
2450,506.9,3.40527176856995
2451,507.1,12.7690105438232
2452,507.3,24.2777252197266
2453,507.4,8.23523807525635
2454,507.6,1.74273824691772
2455,507.8,0.516864657402039
2456,508.0,2.97632884979248
2457,508.1,3.78695917129517
2458,508.3,10.2765111923218
2459,508.4,5.78878021240234
2460,508.6,1.4742044210434
2461,508.8,0.513222932815552
2462,509.0,1.97043263912201
2463,509.2,6.02575206756592
2464,509.3,6.82337617874146
2465,509.5,1.88788688182831
2466,509.6,1.28518164157867
2467,509.9,0.754443764686584
2468,510.1,2.20645093917847
2469,510.3,3.90011262893677
2470,510.4,3.43119740486145
2471,510.6,0.702332437038422
2472,510.7,1.0850602388382
2473,510.9,0.423740565776825
2474,511.1,2.22344565391541
2475,511.3,4.18702840805054
2476,511.4,1.63192582130432
2477,511.5,2.09745955467224
2478,511.7,0.440388441085815
2479,511.9,0.516604542732239
2480,512.0,0.509321093559265
2481,512.2,2.40206360816956
2482,512.4,3.79216170310974
2483,512.5,1.17827105522156
2484,512.6,1.30763900279999
2485,512.8,0.294806212186813
2486,513.0,0.836209118366241
2487,513.2,2.26584577560425
2488,513.4,3.0796844959259
2489,513.5,1.81470561027527
2490,513.7,0.292204976081848
2491,513.9,0.563253283500671
2492,514.1,1.18399381637573
2493,514.3,2.998699426651
2494,514.5,3.05055069923401
2495,514.6,1.15936875343323
2496,514.9,0.967484593391418
2497,515.0,0.58597069978714
2498,515.2,2.29879474639893
2499,515.3,1.7521026134491
2500,515.4,3.17775082588196
2501,515.6,0.906268954277039
2502,515.7,0.913552403450012
2503,516.0,0.681435883045197
2504,516.1,0.589005470275879
2505,516.3,3.20593070983887
2506,516.4,1.89430332183838
2507,516.5,2.67363214492798
2508,516.8,1.1645712852478
2509,517.0,1.55016040802002
2510,517.2,3.05159115791321
2511,517.3,1.8336079120636
2512,517.5,2.9709529876709
2513,517.6,1.21243393421173
2514,517.8,0.168386369943619
2515,518.0,0.93878436088562
2516,518.2,1.85528481006622
2517,518.4,3.67415237426758
2518,518.5,2.93991160392761
2519,518.8,2.72487640380859
2520,519.0,4.75825881958008
2521,519.2,9.17636394500732
2522,519.3,6.79276847839355
2523,519.5,2.84019780158997
2524,519.8,1.36287176609039
2525,519.9,0.898898839950562
2526,520.1,3.3089394569397
2527,520.3,5.26029634475708
2528,520.4,3.78713250160217
2529,520.7,2.15468645095825
2530,520.9,4.74230480194092
2531,521.0,4.49579477310181
2532,521.2,12.4450702667236
2533,521.3,6.90808963775635
2534,521.5,2.19778037071228
2535,521.8,1.4432498216629
2536,521.9,1.43293154239655
2537,522.1,4.89725112915039
2538,522.3,6.23168277740479
2539,522.4,3.3642590045929
2540,522.6,1.23194313049316
2541,522.8,0.697476804256439
2542,523.0,2.74265146255493
2543,523.1,2.09789299964905
2544,523.3,4.99228286743164
2545,523.4,2.59082627296448
2546,523.7,0.83603572845459
2547,523.9,0.975288331508636
2548,524.1,2.00043344497681
2549,524.3,2.86620998382568
2550,524.4,1.99557793140411
2551,524.7,0.966617524623871
2552,524.9,0.60261857509613
2553,525.1,1.74187111854553
2554,525.2,1.34509670734406
2555,525.4,2.9696524143219
2556,525.5,1.26445853710175
2557,525.8,0.717593014240265
2558,526.0,0.557617247104645
2559,526.1,1.01187896728516
2560,526.3,2.66374754905701
2561,526.4,1.70337295532227
2562,526.6,0.704846978187561
2563,526.7,0.544611096382141
2564,526.9,0.232463359832764
2565,527.1,0.918147921562195
2566,527.3,2.09780621528625
2567,527.5,2.15720105171204
2568,527.6,0.724703013896942
2569,527.7,0.814358770847321
2570,527.9,0.594814896583557
2571,528.1,0.34301570057869
2572,528.3,1.7779415845871
2573,528.4,1.19249105453491
2574,528.5,1.57608604431152
2575,528.8,0.61605829000473
2576,529.0,0.809589862823486
2577,529.2,1.22708749771118
2578,529.4,1.8333477973938
2579,529.5,1.34709095954895
2580,529.7,0.700338184833527
2581,530.0,0.534292876720428
2582,530.2,1.12494575977325
2583,530.3,1.11662185192108
2584,530.4,1.86438918113708
2585,530.6,1.04361402988434
2586,530.8,0.359230041503906
2587,531.0,0.739876866340637
2588,531.2,1.56229948997498
2589,531.4,2.25093221664429
2590,531.5,1.17228817939758
2591,531.7,0.296627074480057
2592,531.8,0.573137938976288
2593,532.1,0.720627784729004
2594,532.2,0.806121587753296
2595,532.4,2.15407967567444
2596,532.6,2.23775243759155
2597,532.8,2.79484963417053
2598,532.9,2.24035382270813
2599,533.1,7.46822166442871
2600,533.3,8.73597526550293
2601,533.4,3.07413506507874
2602,533.7,1.24165439605713
2603,533.9,1.5288302898407
2604,534.1,3.35350728034973
2605,534.2,2.4452440738678
2606,534.3,3.5521547794342
2607,534.5,1.14506196975708
2608,534.7,2.48166131973267
2609,534.9,12.8919620513916
2610,535.1,42.7193260192871
2611,535.2,33.8664703369141
2612,535.4,3.78557181358337
2613,535.5,2.43171763420105
2614,535.7,0.953264534473419
2615,535.9,6.29211807250977
2616,536.1,19.1083850860596
2617,536.2,17.9917621612549
2618,536.4,2.79164147377014
2619,536.5,2.01621437072754
2620,536.7,1.19266450405121
2621,536.9,4.54677867889404
2622,537.1,13.0054626464844
2623,537.2,13.4588575363159
2624,537.4,3.87253975868225
2625,537.7,1.01586747169495
2626,537.9,1.74048388004303
2627,538.1,3.59620213508606
2628,538.2,4.46267223358154
2629,538.4,2.52224063873291
2630,538.7,0.924997806549072
2631,538.9,1.38801693916321
2632,539.1,3.20003461837769
2633,539.3,4.40535831451416
2634,539.4,2.02358460426331
2635,539.7,0.783230721950531
2636,539.9,0.875401020050049
2637,540.0,0.758779168128967
2638,540.2,1.97875666618347
2639,540.3,1.20454347133636
2640,540.4,1.7773345708847
2641,540.6,0.321685612201691
2642,540.7,0.789907217025757
2643,540.9,0.308766156435013
2644,541.1,1.21520853042603
2645,541.3,1.83985090255737
2646,541.4,0.9997398853302
2647,541.5,1.04829621315002
2648,541.7,0.253359913825989
2649,541.9,0.306425034999847
2650,542.1,0.686291515827179
2651,542.2,0.738056004047394
2652,542.4,1.54955351352692
2653,542.5,0.578080296516418
2654,542.6,0.729992210865021
2655,542.9,0.418451398611069
2656,543.1,0.840457797050476
2657,543.2,0.382120877504349
2658,543.4,1.95127022266388
2659,543.5,0.918408036231995
2660,543.7,0.974421203136444
2661,543.9,0.488164395093918
2662,544.1,0.574178457260132
2663,544.2,0.629931509494781
2664,544.4,1.45035982131958
2665,544.5,0.613110184669495
2666,544.6,0.992196321487427
2667,544.9,0.436399906873703
2668,545.0,0.175236284732819
2669,545.2,0.800485551357269
2670,545.4,1.12746036052704
2671,545.5,0.550420522689819
2672,545.7,0.640336453914642
2673,545.9,0.407612949609756
2674,546.1,0.596375644207001
2675,546.2,0.441168814897537
2676,546.4,1.18468737602234
2677,546.5,0.499002873897552
2678,546.6,0.773692905902863
2679,546.9,1.15182518959045
2680,547.0,0.915546715259552
2681,547.2,3.47836637496948
2682,547.3,2.85407090187073
2683,547.5,0.947628557682037
2684,547.7,0.312754690647125
2685,547.9,0.594207942485809
2686,548.0,0.539668798446655
2687,548.2,1.71455824375153
2688,548.3,0.744559109210968
2689,548.4,1.60556662082672
2690,548.7,1.10300874710083
2691,548.9,5.34995222091675
2692,549.1,46.7899055480957
2693,549.2,72.7984924316406
2694,549.4,9.93089389801025
2695,549.5,2.55076742172241
2696,549.7,0.676580250263214
2697,549.9,4.1339635848999
#"+ Scan (rt: 5.072-55.024 min, 8741 scans) 241121_CH_3H.D "
#Point,X(Thompsons),Y(Counts)
0,50.1,9753.65234375
1,50.3,0.205697283148766
2,51.2,18946.240234375
3,52.2,16143.6865234375
4,52.3,0.371696591377258
5,53.2,26114.431640625
6,54.2,32531.48046875
7,55.2,62353.41015625
8,56.2,33907.44921875
9,57.2,33472.48046875
10,57.4,45.0668106079102
11,57.5,1.78194713592529
12,57.7,35.4357643127441
13,57.8,6.47340106964111
14,58.0,8.30591487884521
15,58.2,6531.09814453125
16,58.3,83.5278549194336
17,58.5,28.0783672332764
18,58.6,721.070922851563
19,58.8,7.59466886520386
20,59.0,83.0390090942383
21,59.2,13594.328125
22,59.3,0.929527521133423
23,60.0,8.63173580169678
24,60.1,14401.07421875
25,61.0,35.8026542663574
26,61.1,5973.15087890625
27,61.3,0.220455318689346
28,62.0,38.3056869506836
29,62.1,4858.72216796875
30,62.3,0.468596279621124
31,63.0,2.62761688232422
32,63.1,12101.3251953125
33,64.1,8752.0849609375
34,64.2,1135.36865234375
35,64.4,2.68161535263062
36,65.2,21462.1171875
37,66.0,8.18350315093994
38,66.2,15736.8671875
39,67.2,40108.0546875
40,68.2,36297.53125
41,69.2,44594.38671875
42,70.2,35846.546875
43,71.0,0.179956525564194
44,71.2,19976.23828125
45,71.3,20.1581058502197
46,72.0,23.6925983428955
47,72.2,11480.294921875
48,72.3,13.5290012359619
49,72.6,2.70140719413757
50,72.8,1.29859280586243
51,73.0,15.0510234832764
52,73.1,19824.6796875
53,74.0,17.0639514923096
54,74.1,6400.5947265625
55,74.9,0.181558176875114
56,75.1,5939.69921875
57,75.2,1136.10510253906
58,76.0,27.6682300567627
59,76.1,6278.27734375
60,76.3,1.76101136207581
61,77.1,29778.658203125
62,78.0,0.288067728281021
63,78.1,17330.869140625
64,79.2,31640.052734375
65,80.2,29527.37109375
66,81.2,43727.9375
67,82.2,35521.89453125
68,83.2,30267.1875
69,83.3,4.42031812667847
70,84.2,30863.021484375
71,85.0,0.44422835111618
72,85.2,17215.296875
73,85.3,2.79567551612854
74,86.0,9.90733337402344
75,86.2,9718.46484375
76,86.3,5.19871854782104
77,86.8,0.0372955054044724
78,87.0,22.9429130554199
79,87.1,7020.85498046875
80,87.3,0.839949667453766
81,87.8,0.101246997714043
82,88.0,95.7287521362305
83,88.1,2899.46264648438
84,88.3,7.97769117355347
85,88.4,0.166800141334534
86,88.8,0.0924379378557205
87,89.0,19.7403049468994
88,89.1,12071.7294921875
89,89.3,1.87141060829163
90,89.6,0.0273424088954926
91,89.8,0.291385412216187
92,90.0,32.3368034362793
93,90.1,10851.50390625
94,90.3,13.29310131073
95,91.2,47908.98046875
96,92.0,0.455783098936081
97,92.2,16532.94140625
98,93.2,23665.55859375
99,94.2,37656.57421875
100,95.2,43578.39453125
101,96.2,29556.66015625
102,97.0,0.799679696559906
103,97.2,27684.99609375
104,97.3,2.35041761398315
105,98.2,23506.443359375
106,98.3,0.456698328256607
107,99.0,2.48438382148743
108,99.1,15676.6572265625
109,99.3,3.6329939365387
110,99.9,0.577165067195892
111,100.1,17929.41796875
112,100.2,1882.98498535156
113,100.4,0.118636310100555
114,100.7,0.0411852188408375
115,100.9,2.09358191490173
116,101.0,24.4218044281006
117,101.1,7456.86376953125
118,101.3,3.18830800056458
119,101.4,0.359341025352478
120,101.6,0.0368378907442093
121,101.8,0.0692140460014343
122,102.0,32.7134208679199
123,102.1,7109.67919921875
124,102.3,2.61274456977844
125,103.0,12.1386566162109
126,103.1,11417.4140625
127,103.3,0.690538823604584
128,104.0,7.7627272605896
129,104.1,14202.9658203125
130,104.3,1.30042326450348
131,105.0,0.77187967300415
132,105.2,19909.634765625
133,105.3,0.401555895805359
134,105.8,0.0404988005757332
135,106.0,1.09461164474487
136,106.2,17466.150390625
137,106.3,0.806200683116913
138,107.0,0.501430034637451
139,107.1,37955.53515625
140,107.3,0.64443427324295
141,108.2,34216.36328125
142,108.3,1.11589062213898
143,109.0,0.52167946100235
144,109.2,30085.7265625
145,109.3,2.07493424415588
146,110.0,0.491362541913986
147,110.2,25296.126953125
148,110.3,1.22892117500305
149,111.0,3.17377877235413
150,111.2,22774.478515625
151,111.3,2.92003202438354
152,112.0,3.2393319606781
153,112.2,16393.654296875
154,112.3,3.22823476791382
155,113.0,6.49399375915527
156,113.1,11148.919921875
157,113.3,9.44788932800293
158,113.5,0.0378675200045109
159,113.7,0.0191053654998541
160,113.9,1.29355907440186
161,114.1,5893.3505859375
162,114.2,2636.45288085938
163,114.4,0.529230058193207
164,114.7,0.0755062326788902
165,114.9,1.80745911598206
166,115.1,11628.23828125
167,115.2,5517.736328125
168,115.4,0.220798537135124
169,115.8,0.324447989463806
170,116.0,15.4220342636108
171,116.1,11661.9208984375
172,116.3,2.95675563812256
173,116.6,0.0177325252443552
174,116.8,0.0837432816624641
175,117.0,7.74991416931152
176,117.1,33051.40625
177,117.3,2.03054571151733
178,117.5,0.103763870894909
179,117.8,0.238874271512032
180,118.0,7.2024941444397
181,118.1,14544.240234375
182,118.3,2.36849331855774
183,118.6,0.0398123785853386
184,118.8,0.201349958777428
185,118.9,1.88799905776978
186,119.1,7569.576171875
187,119.2,8370.6650390625
188,119.4,0.261182934045792
189,119.7,0.102848641574383
190,119.9,0.702322363853455
191,120.1,6941.03857421875
192,120.2,11004.5078125
193,120.4,0.280860304832458
194,120.8,0.1840750426054
195,121.0,4.59398221969604
196,121.2,21136.880859375
197,121.3,3.61880803108215
198,121.5,0.0302024930715561
199,121.6,0.0725317448377609
200,122.0,2.30385541915894
201,122.2,20004.982421875
202,122.3,4.33737564086914
203,122.9,0.638485312461853
204,123.1,4281.96337890625
205,123.2,19003.802734375
206,123.4,0.267131894826889
207,123.9,0.0998741537332535
208,124.1,3820.30419921875
209,124.2,15873.5556640625
210,124.4,0.218510463833809
211,124.7,0.0335201919078827
212,124.9,0.336574763059616
213,125.1,4657.43798828125
214,125.2,15167.849609375
215,125.4,0.317583799362183
216,125.7,0.0597185678780079
217,125.9,0.251687437295914
218,126.1,6108.94677734375
219,126.2,6856.9072265625
220,126.4,0.348358303308487
221,126.8,0.180986151099205
222,126.9,1.03146088123322
223,127.1,4896.80810546875
224,127.2,4401.30517578125
225,127.4,0.799565255641937
226,127.6,0.146093130111694
227,127.8,0.338748425245285
228,128.0,15.3059148788452
229,128.1,12878.578125
230,128.3,6.32993936538696
231,128.5,0.068184420466423
232,128.7,0.0909506902098656
233,128.9,2.69751739501953
234,129.1,7751.81494140625
235,129.2,9159.2490234375
236,129.4,0.616176664829254
237,129.7,0.0465621799230576
238,129.9,2.13533926010132
239,130.1,9855.166015625
240,130.2,14053.9189453125
241,130.4,0.681157767772675
242,130.6,0.0985013172030449
243,130.8,0.507836639881134
244,131.0,8.955153465271
245,131.2,21250.927734375
246,131.3,6.06040477752686
247,131.6,0.146093130111694
248,131.8,0.642374992370605
249,132.0,6.70918655395508
250,132.2,14642.4521484375
251,132.3,3.76650261878967
252,132.5,0.0394691675901413
253,132.7,0.160736754536629
254,132.9,3.01452922821045
255,133.1,9273.28515625
256,133.2,8713.072265625
257,133.4,0.157190248370171
258,133.7,0.207985356450081
259,133.9,2.99622464179993
260,134.1,4739.53662109375
261,134.2,10152.935546875
262,134.4,0.520192205905914
263,134.6,0.0836288779973984
264,134.8,0.680356919765472
265,135.0,9.88925743103027
266,135.2,20809.62109375
267,135.3,5.39995431900024
268,135.5,0.121610797941685
269,135.8,0.262098163366318
270,136.0,3.65633225440979
271,136.2,16295.341796875
272,136.3,13.3004236221313
273,136.5,0.233954921364784
274,136.8,0.415970712900162
275,137.0,10.112114906311
276,137.2,18766.962890625
277,137.3,8.37524318695068
278,137.4,0.392289221286774
279,137.6,0.0177325252443552
280,137.8,0.148953214287758
281,138.0,4.60096120834351
282,138.2,19252.314453125
283,138.3,24.8207302093506
284,138.5,0.278572231531143
285,138.8,0.357624977827072
286,139.0,8.95057773590088
287,139.2,13316.4130859375
288,139.3,11.1368265151978
289,139.5,0.0189909618347883
290,139.8,0.0753918290138245
291,140.0,9.36117172241211
292,140.2,10809.794921875
293,140.3,28.0839729309082
294,140.4,1.12801742553711
295,140.7,0.169431418180466
296,140.9,2.45852875709534
297,141.0,9.28829669952393
298,141.2,8484.26953125
299,141.3,15.5543985366821
300,141.5,0.224001824855804
301,141.6,0.191053658723831
302,141.9,2.50829434394836
303,142.1,4631.875
304,142.2,3392.20190429688
305,142.4,1.15307176113129
306,142.7,0.24482324719429
307,142.9,2.40944981575012
308,143.1,4422.6318359375
309,143.2,6579.06396484375
310,143.4,0.603935480117798
311,143.5,0.135682418942451
312,143.8,0.601304173469543
313,144.0,10.0361518859863
314,144.2,11601.6904296875
315,144.3,4.18476152420044
316,144.5,0.291271030902863
317,144.8,0.370094954967499
318,145.0,8.46802425384521
319,145.2,14186.505859375
320,145.3,6.20283699035645
321,145.7,0.0809976011514664
322,145.9,1.85653817653656
323,146.1,4753.57421875
324,146.2,9179.21875
325,146.4,0.620523989200592
326,146.7,0.382793724536896
327,146.9,4.53289079666138
328,147.1,5923.771484375
329,147.2,10093.6982421875
330,147.4,0.880906045436859
331,147.6,0.06315066665411
332,147.8,0.371811002492905
333,148.0,6.69625902175903
334,148.2,13688.69140625
335,148.3,9.24699687957764
336,148.6,0.310833990573883
337,148.8,0.874156296253204
338,149.0,12.840407371521
339,149.2,17357.529296875
340,149.3,10.1812152862549
341,149.6,0.0866033658385277
342,149.8,0.271021634340286
343,150.0,5.28978395462036
344,150.2,13467.3203125
345,150.3,21.3792476654053
346,150.5,0.0502230860292912
347,150.7,0.22011211514473
348,150.9,2.41585636138916
349,151.1,4489.5478515625
350,151.2,14873.4521484375
351,151.4,0.329252958297729
352,151.6,0.145635515451431
353,151.9,1.513099193573
354,152.0,5.33909177780151
355,152.2,18347.98046875
356,152.3,20.1404876708984
357,152.4,0.942455112934113
358,152.6,0.29802080988884
359,152.9,3.32559204101563
360,153.1,3178.84350585938
361,153.2,8194.818359375
362,153.4,0.772680461406708
363,153.5,0.124470882117748
364,153.8,0.386340230703354
365,154.0,11.971170425415
366,154.1,3475.41650390625
367,154.2,12985.99609375
368,154.4,1.30259692668915
369,154.5,0.282233148813248
370,154.8,0.969339907169342
371,155.0,17.05251121521
372,155.2,8967.775390625
373,155.3,18.6577053070068
374,155.6,0.680013716220856
375,155.8,0.779087066650391
376,156.0,18.2069549560547
377,156.1,3150.04516601563
378,156.2,6602.54443359375
379,156.4,1.11600506305695
380,156.5,0.204324454069138
381,156.8,0.858483016490936
382,156.9,2.51046800613403
383,157.1,2486.552734375
384,157.2,8848.3701171875
385,157.4,1.07047247886658
386,157.7,0.284178018569946
387,157.9,2.54936504364014
388,158.1,2464.08081054688
389,158.2,7094.6767578125
390,158.4,0.628417789936066
391,158.5,0.123441256582737
392,158.8,0.575449049472809
393,159.0,10.1116580963135
394,159.2,10899.8984375
395,159.3,5.4243221282959
396,159.4,0.763070583343506
397,159.6,0.112572930753231
398,159.9,1.38656902313232
399,160.1,2659.32299804688
400,160.2,8231.0205078125
401,160.4,0.872211396694183
402,160.7,0.387598663568497
403,160.9,3.20283722877502
404,161.1,2986.05224609375
405,161.2,9086.9873046875
406,161.4,0.259695678949356
407,161.5,0.170575454831123
408,161.7,0.156732633709908
409,161.9,2.00434732437134
410,162.1,2551.16748046875
411,162.2,8276.2451171875
412,162.3,17.9967975616455
413,162.5,0.227205127477646
414,162.7,0.527514040470123
415,162.9,5.75243091583252
416,163.1,2119.60131835938
417,163.2,9820.5029296875
418,163.4,1.0773366689682
419,163.7,0.303740978240967
420,163.9,1.88982951641083
421,164.1,1994.13037109375
422,164.2,8521.388671875
423,164.3,32.314151763916
424,164.6,0.322159945964813
425,164.8,1.35419285297394
426,165.0,12.3162107467651
427,165.2,14851.0498046875
428,165.3,27.1043357849121
429,165.5,0.0592609532177448
430,165.8,0.639171719551086
431,166.0,6.43244457244873
432,166.2,14738.421875
433,166.3,18.0973567962646
434,166.6,0.279945075511932
435,166.8,0.556343674659729
436,167.0,7.59592723846436
437,167.1,5470.28759765625
438,167.2,7972.47900390625
439,167.4,1.02642714977264
440,167.5,0.205010861158371
441,167.8,0.392289221286774
442,168.0,8.90126991271973
443,168.2,13674.1171875
444,168.3,18.9975967407227
445,168.4,1.86122870445251
446,168.7,0.235098958015442
447,168.9,2.15147018432617
448,169.1,2316.58325195313
449,169.2,6014.21142578125
450,169.3,17.7076988220215
451,169.5,0.305914640426636
452,169.8,1.02162218093872
453,170.0,12.5767078399658
454,170.2,9000.71875
455,170.3,13.1454067230225
456,170.6,0.262441366910934
457,170.8,0.689166009426117
458,171.0,15.5848302841187
459,171.2,10216.3564453125
460,171.3,8.70861434936523
461,171.5,0.11314494907856
462,171.7,0.207870960235596
463,171.8,0.586317360401154
464,172.0,7.18785047531128
465,172.2,9255.240234375
466,172.3,8.31392288208008
467,172.4,1.31575334072113
468,172.6,0.0606337934732437
469,172.8,0.740075528621674
470,173.0,9.55680084228516
471,173.2,9333.33984375
472,173.3,10.7530031204224
473,173.4,0.990618944168091
474,173.6,0.0205926094204187
475,173.8,0.309804379940033
476,174.0,3.82633566856384
477,174.2,9055.3359375
478,174.3,15.6293334960938
479,174.5,0.203638032078743
480,174.7,0.371010184288025
481,174.9,1.81306481361389
482,175.1,1729.37390136719
483,175.2,7913.0947265625
484,175.4,0.542615234851837
485,175.6,0.246310487389565
486,175.7,0.199290692806244
487,175.9,2.07859516143799
488,176.1,1648.041015625
489,176.2,7259.13623046875
490,176.4,1.12527167797089
491,176.6,0.185562297701836
492,176.8,1.65518820285797
493,177.0,21.3262786865234
494,177.1,1552.14367675781
495,177.2,8129.328125
496,177.4,1.01006746292114
497,177.5,0.15535980463028
498,177.8,1.17171943187714
499,178.0,10.0139570236206
500,178.1,1629.04650878906
501,178.2,8080.2294921875
502,178.4,1.55703008174896
503,178.7,0.520878612995148
504,178.9,5.55680131912231
505,179.1,1245.4013671875
506,179.2,9555.8857421875
507,179.4,1.0871753692627
508,179.7,0.310261994600296
509,179.9,1.81100559234619
510,180.1,1174.70959472656
511,180.2,8245.44921875
512,180.4,1.42901265621185
513,180.6,0.205468475818634
514,180.8,0.504518926143646
515,181.0,10.1193227767944
516,181.2,8633.27734375
517,181.3,16.4780921936035
518,181.5,0.185791105031967
519,181.7,0.216451212763786
520,181.9,1.70346641540527
521,182.1,4503.2734375
522,182.2,7342.466796875
523,182.4,2.3957211971283
524,182.7,0.202837198972702
525,182.9,2.65839147567749
526,183.0,7.98444128036499
527,183.2,8452.3076171875
528,183.3,45.1104011535645
529,183.4,2.22915005683899
530,183.6,0.207756549119949
531,183.8,0.649468004703522
532,184.0,9.50497627258301
533,184.2,7578.6171875
534,184.3,19.777027130127
535,184.5,0.205697283148766
536,184.8,1.06761240959167
537,185.0,12.9202604293823
538,185.2,9983.6611328125
539,185.3,12.4418258666992
540,185.5,0.417686760425568
541,185.8,0.502688467502594
542,186.0,6.75277423858643
543,186.2,9869.4384765625
544,186.3,14.5143575668335
545,186.5,0.0960988476872444
546,186.6,0.216908827424049
547,186.9,2.95664119720459
548,187.0,5.63814210891724
549,187.2,8248.15234375
550,187.3,11.0204782485962
551,187.5,0.285550862550735
552,187.8,0.253632307052612
553,188.0,3.0290584564209
554,188.2,7961.19873046875
555,188.3,26.1968879699707
556,188.5,0.23784464597702
557,188.7,0.226861909031868
558,188.9,2.62143921852112
559,189.1,1096.36010742188
560,189.2,6988.3154296875
561,189.4,1.40693283081055
562,189.6,0.089577853679657
563,189.8,0.367806881666183
564,190.0,3.73424100875854
565,190.2,7488.62646484375
566,190.3,41.618579864502
567,190.5,0.329710572957993
568,190.7,0.68470424413681
569,190.8,1.61057090759277
570,191.0,45.9385643005371
571,191.2,8583.8203125
572,191.3,37.8200416564941
573,191.4,1.06212103366852
574,191.7,0.419288396835327
575,191.9,4.29767751693726
576,192.1,1189.36975097656
577,192.2,7572.650390625
578,192.4,2.21267580986023
579,192.7,0.814895331859589
580,192.9,14.0056056976318
581,193.1,1916.66735839844
582,193.2,7102.0205078125
583,193.4,0.402013510465622
584,193.6,0.245509669184685
585,193.8,1.40693283081055
586,194.0,13.5942115783691
587,194.2,8847.7490234375
588,194.3,69.0971298217773
589,194.5,0.137512877583504
590,194.7,0.398695796728134
591,194.9,5.80551433563232
592,195.1,1074.51770019531
593,195.2,7631.60888671875
594,195.3,24.2603816986084
595,195.5,0.395606905221939
596,195.8,0.761926531791687
597,196.0,9.25523376464844
598,196.2,7786.5341796875
599,196.3,54.9120254516602
600,196.5,0.345269411802292
601,196.7,0.48964649438858
602,196.9,3.26736068725586
603,197.1,820.529479980469
604,197.2,6689.31640625
605,197.3,17.2935600280762
606,197.5,0.470998734235764
607,197.7,0.0958700403571129
608,197.9,2.74076199531555
609,198.1,830.948974609375
610,198.2,5679.3623046875
611,198.3,23.4981117248535
612,198.6,0.443541914224625
613,198.8,0.552225172519684
614,199.0,6.58025407791138
615,199.2,8451.96875
616,199.3,17.46116065979
617,199.5,0.270792812108994
618,199.8,0.362201124429703
619,200.0,4.44605875015259
620,200.1,929.446044921875
621,200.2,6354.734375
622,200.4,1.34080767631531
623,200.7,0.269877582788467
624,200.8,0.400869458913803
625,201.0,4.98798751831055
626,201.2,6635.87158203125
627,201.3,20.2793731689453
628,201.6,0.155703008174896
629,201.8,0.47134193778038
630,202.0,4.56469488143921
631,202.1,767.455200195313
632,202.2,5732.8525390625
633,202.4,2.00709295272827
634,202.6,0.204210042953491
635,202.8,0.576707482337952
636,203.0,6.6101131439209
637,203.2,6247.5205078125
638,203.3,24.5534839630127
639,203.5,0.343095749616623
640,203.8,0.319414258003235
641,204.0,4.81752681732178
642,204.2,5958.33056640625
643,204.3,67.2153091430664
644,204.5,0.437821745872498
645,204.7,0.189566418528557
646,204.9,2.3355450630188
647,205.1,579.298950195313
648,205.2,5732.513671875
649,205.4,1.48987531661987
650,205.7,0.318155825138092
651,205.8,0.404759168624878
652,206.0,3.96419167518616
653,206.2,6558.83349609375
654,206.3,74.8964614868164
655,206.5,0.130877479910851
656,206.7,0.110513672232628
657,206.9,3.19803237915039
658,207.1,6218.08935546875
659,207.2,6135.9462890625
660,207.8,1.53712391853333
661,208.0,41.9718551635742
662,208.2,8329.904296875
663,208.3,166.648895263672
664,208.5,0.301910549402237
665,208.7,0.519734561443329
666,208.9,9.81020450592041
667,209.1,992.132934570313
668,209.2,6382.1005859375
669,209.4,0.654730558395386
670,209.5,0.321473509073257
671,209.8,1.03706669807434
672,210.0,12.450291633606
673,210.2,5879.48828125
674,210.3,65.6180038452148
675,210.5,0.381992906332016
676,210.7,0.893147230148315
677,210.9,11.0696716308594
678,211.1,965.653015136719
679,211.2,6518.06884765625
680,211.3,17.4991416931152
681,211.6,0.448690086603165
682,211.8,0.739846706390381
683,212.0,8.50154399871826
684,212.1,471.664215087891
685,212.2,5240.18310546875
686,212.4,2.60496520996094
687,212.6,0.298478424549103
688,212.8,0.997025489807129
689,213.0,18.8076877593994
690,213.2,7963.2041015625
691,213.3,819.009948730469
692,213.5,0.22331540286541
693,213.7,0.263356596231461
694,213.9,1.50943827629089
695,214.1,434.959381103516
696,214.2,5397.796875
697,214.4,1.00846588611603
698,214.5,0.29802080988884
699,214.7,0.289669364690781
700,214.9,4.52762842178345
701,215.0,12.6843614578247
702,215.2,5633.5400390625
703,215.3,22.9432563781738
704,215.4,0.790641784667969
705,215.7,0.17091865837574
706,215.9,2.07424783706665
707,216.0,4.12858963012695
708,216.2,5066.2451171875
709,216.3,47.4737434387207
710,216.4,1.59787213802338
711,216.6,0.379590421915054
712,216.8,0.352248013019562
713,217.0,5.37455654144287
714,217.2,4902.93115234375
715,217.3,49.276741027832
716,217.5,0.293902307748795
717,217.8,0.49124813079834
718,218.0,2.99370789527893
719,218.2,5046.3095703125
720,218.3,88.8440704345703
721,218.5,0.371353387832642
722,218.8,0.462647289037704
723,219.0,3.87575793266296
724,219.2,5194.5361328125
725,219.3,55.4759178161621
726,219.6,0.460588037967682
727,219.8,0.452236592769623
728,220.0,3.01750373840332
729,220.2,5467.0302734375
730,220.3,65.7398452758789
731,220.6,0.591579914093018
732,220.8,1.64008688926697
733,221.0,24.7336692810059
734,221.2,6052.83984375
735,221.3,68.2667922973633
736,221.6,0.433131217956543
737,221.8,0.556114852428436
738,222.0,6.698890209198
739,222.2,5205.490234375
740,222.3,118.984786987305
741,222.5,0.676352798938751
742,222.8,1.38817071914673
743,223.0,16.0339775085449
744,223.2,5032.7333984375
745,223.3,39.2701072692871
746,223.5,0.48266789317131
747,223.7,0.268504738807678
748,223.9,1.59958815574646
749,224.1,300.069458007813
750,224.2,4374.3408203125
751,224.4,4.1011323928833
752,224.6,0.473630011081696
753,224.8,2.22720503807068
754,225.0,43.4715690612793
755,225.2,5736.0126953125
756,225.3,46.675895690918
757,225.6,0.44422835111618
758,225.8,1.15249967575073
759,226.0,13.0179615020752
760,226.2,4676.41943359375
761,226.3,114.189796447754
762,226.4,2.64901041984558
763,226.7,0.700263142585754
764,226.8,0.884338200092316
765,227.0,13.8305683135986
766,227.1,287.456115722656
767,227.2,5252.97119140625
768,227.4,2.58505892753601
769,227.7,0.25797963142395
770,227.9,1.99176299571991
771,228.1,358.997711181641
772,228.2,4628.17529296875
773,228.4,2.54593300819397
774,228.7,0.256835609674454
775,228.9,1.80837428569794
776,229.1,430.779541015625
777,229.2,3975.28051757813
778,229.4,0.803798198699951
779,229.7,0.316668570041656
780,229.9,2.51504397392273
781,230.1,354.516754150391
782,230.2,3821.92041015625
783,230.4,1.56950008869171
784,230.7,0.203752428293228
785,230.9,2.22823476791382
786,231.1,280.764434814453
787,231.2,3439.55419921875
788,231.3,86.5379257202148
789,231.5,0.379132837057114
790,231.8,0.693627715110779
791,232.0,3.7544903755188
792,232.2,3813.6259765625
793,232.3,134.672241210938
794,232.4,3.77187967300415
795,232.7,0.156618237495422
796,232.9,1.25603473186493
797,233.1,227.558624267578
798,233.2,3974.01953125
799,233.4,2.92254900932312
800,233.6,0.236815005540848
801,233.8,0.269991993904114
802,234.0,2.57910990715027
803,234.1,170.994735717773
804,234.2,4423.66650390625
805,234.4,3.66582775115967
806,234.6,0.190710440278053
807,234.8,0.824390828609467
808,235.0,5.75952386856079
809,235.2,4565.27490234375
810,235.3,95.7822875976563
811,235.5,0.591007888317108
812,235.7,0.289326161146164
813,235.9,1.28978383541107
814,236.1,205.631729125977
815,236.2,4212.685546875
816,236.4,7.52865791320801
817,236.7,0.510239124298096
818,236.9,2.74293565750122
819,237.0,5.19208335876465
820,237.2,3936.89453125
821,237.3,109.897491455078
822,237.5,0.483583122491837
823,237.7,0.214277535676956
824,237.9,1.19917631149292
825,238.1,227.64924621582
826,238.2,3475.60400390625
827,238.4,4.89543533325195
828,238.6,0.328795343637466
829,238.8,1.49776911735535
830,239.0,12.1484956741333
831,239.2,3853.31103515625
832,239.3,253.876907348633
833,239.5,0.73012238740921
834,239.7,0.138313695788383
835,239.9,4.74533796310425
836,240.1,242.748886108398
837,240.2,3280.96337890625
838,240.4,3.90801978111267
839,240.6,0.346413463354111
840,240.8,0.6908820271492
841,241.0,37.2061538696289
842,241.2,3680.08862304688
843,241.3,80.3408050537109
844,241.4,0.397437363862991
845,241.7,0.319299846887589
846,241.8,0.594897627830505
847,242.0,12.9534378051758
848,242.1,262.175140380859
849,242.2,3492.32373046875
850,242.4,1.71078824996948
851,242.6,0.108797617256641
852,242.8,0.565152704715729
853,243.0,18.9478321075439
854,243.2,3786.67211914063
855,243.3,76.1908264160156
856,243.6,0.166571334004402
857,243.8,0.663082003593445
858,244.0,19.704496383667
859,244.2,3547.99731445313
860,244.3,115.735382080078
861,244.5,0.178812488913536
862,244.7,0.182015791535378
863,244.9,3.01773262023926
864,245.1,234.535400390625
865,245.2,2920.61743164063
866,245.4,1.86363112926483
867,245.6,0.246310487389565
868,245.8,0.436563313007355
869,246.0,5.36757802963257
870,246.2,3098.17602539063
871,246.3,134.731033325195
872,246.6,0.419860422611237
873,246.7,0.103535063564777
874,246.9,1.26564466953278
875,247.1,175.637222290039
876,247.2,3233.33666992188
877,247.4,2.89394807815552
878,247.7,0.201921969652176
879,247.9,0.797277212142944
880,248.1,148.405899047852
881,248.2,3374.47119140625
882,248.4,3.41494107246399
883,248.5,0.838233590126038
884,248.8,2.72085571289063
885,249.0,21.0725326538086
886,249.2,3666.31372070313
887,249.3,137.454635620117
888,249.5,0.214506343007088
889,249.7,0.490676134824753
890,249.9,2.53083181381226
891,250.1,213.023681640625
892,250.2,3293.07446289063
893,250.4,5.66971731185913
894,250.7,1.77302372455597
895,250.9,12.5437593460083
896,251.1,327.901397705078
897,251.2,3136.83203125
898,251.3,141.235214233398
899,251.5,0.724859833717346
900,251.8,1.0736757516861
901,252.0,8.2274341583252
902,252.2,3047.75170898438
903,252.3,617.887512207031
904,252.5,1.04667663574219
905,252.7,1.53826797008514
906,252.9,9.5756778717041
907,253.0,16.8495597839355
908,253.2,3146.93237304688
909,253.3,306.422943115234
910,253.5,0.62075275182724
911,253.7,0.178926900029182
912,253.9,3.26198387145996
913,254.1,192.343902587891
914,254.2,2612.15283203125
915,254.4,4.66502666473389
916,254.7,0.497997939586639
917,254.9,5.06395149230957
918,255.1,219.323654174805
919,255.2,2375.44091796875
920,255.3,169.019912719727
921,255.6,0.2386454641819
922,255.8,0.515387237071991
923,255.9,2.68516182899475
924,256.1,115.741561889648
925,256.3,5385.9853515625
926,256.4,3.67829775810242
927,256.6,0.12630133330822
928,256.8,0.816840171813965
929,257.0,15.4086484909058
930,257.2,2431.89379882813
931,257.3,607.012939453125
932,257.4,3.07436227798462
933,257.6,0.102963045239449
934,257.8,0.594897627830505
935,257.9,1.76421463489532
936,258.1,400.926208496094
937,258.2,2559.37133789063
938,258.4,2.40052628517151
939,258.5,0.108111202716827
940,258.7,0.107882395386696
941,258.9,2.75334620475769
942,259.1,191.621322631836
943,259.2,2324.92211914063
944,259.3,145.255233764648
945,259.5,0.381535291671753
946,259.6,0.285207629203796
947,259.9,2.32547760009766
948,260.1,143.959503173828
949,260.2,2219.634765625
950,260.3,228.888565063477
951,260.5,0.66251003742218
952,260.8,0.404759168624878
953,261.0,4.47374439239502
954,261.2,2442.11547851563
955,261.3,208.9599609375
956,261.4,5.42924165725708
957,261.7,0.3227319419384
958,261.8,0.201464369893074
959,262.0,2.82050108909607
960,262.2,2549.01635742188
961,262.3,359.323089599609
962,262.5,0.770049214363098
963,262.8,0.526141166687012
964,263.0,3.23544216156006
965,263.1,106.653358459473
966,263.2,2780.47680664063
967,263.4,15.1447200775146
968,263.7,0.354421705007553
969,263.9,1.14780914783478
970,264.1,108.977119445801
971,264.2,2228.38525390625
972,264.3,426.998046875
973,264.5,0.934790074825287
974,264.7,0.916256725788116
975,264.9,8.37684440612793
976,265.0,16.2286930084229
977,265.2,2578.02490234375
978,265.3,169.126754760742
979,265.4,3.35144710540771
980,265.7,0.440109819173813
981,265.9,3.13739848136902
982,266.1,158.2568359375
983,266.2,2158.84204101563
984,266.4,17.0601768493652
985,266.5,2.04255795478821
986,266.8,7.02677059173584
987,267.0,116.308547973633
988,267.2,2904.82153320313
989,267.3,69.4615020751953
990,267.5,0.135339200496674
991,267.7,0.977462530136108
992,267.9,11.6730346679688
993,268.1,270.809875488281
994,268.2,1855.78076171875
995,268.3,108.700149536133
996,268.5,0.427411049604416
997,268.7,1.77840065956116
998,268.9,14.9146547317505
999,269.1,315.695220947266
1000,269.2,1922.65368652344
1001,269.3,97.7473983764648
1002,269.5,0.67234867811203
1003,269.8,1.30660104751587
1004,270.0,12.7293214797974
1005,270.1,139.092666625977
1006,270.2,2000.77429199219
1007,270.4,8.25820827484131
1008,270.7,1.18716394901276
1009,270.9,6.26038217544556
1010,271.1,181.802307128906
1011,271.2,1845.49133300781
1012,271.4,1.92129051685333
1013,271.5,0.508179843425751
1014,271.8,0.710445046424866
1015,272.0,7.162109375
1016,272.2,1721.28503417969
1017,272.3,183.296539306641
1018,272.5,0.920146465301514
1019,272.8,1.06303632259369
1020,273.0,5.96796703338623
1021,273.2,1716.82849121094
1022,273.3,163.900238037109
1023,273.5,0.528658032417297
1024,273.7,0.365633219480515
1025,273.9,1.2896693944931
1026,274.1,106.747970581055
1027,274.2,1817.50415039063
1028,274.4,6.9128246307373
1029,274.6,0.436220109462738
1030,274.8,0.274568140506744
1031,275.0,3.79796361923218
1032,275.2,1737.54931640625
1033,275.3,217.516525268555
1034,275.5,0.499141961336136
1035,275.8,0.430728763341904
1036,276.0,3.15707588195801
1037,276.2,1874.09790039063
1038,276.3,312.511962890625
1039,276.5,0.778171837329865
1040,276.7,0.422148495912552
1041,276.8,0.327079296112061
1042,277.0,2.96750950813293
1043,277.2,1811.71228027344
1044,277.3,256.414367675781
1045,277.5,0.805628657341003
1046,277.8,0.322045534849167
1047,278.0,2.10147571563721
1048,278.2,1712.50134277344
1049,278.3,578.794067382813
1050,278.4,357.465393066406
1051,278.6,0.596041619777679
1052,278.9,2.45200777053833
1053,279.1,89.3123245239258
1054,279.2,2036.41918945313
1055,279.4,77.2178268432617
1056,279.7,0.415284305810928
1057,279.8,0.419974833726883
1058,280.0,3.77245163917542
1059,280.2,1318.27087402344
1060,280.3,1977.66064453125
1061,280.4,185.97265625
1062,280.6,0.504862129688263
1063,280.9,12.892689704895
1064,281.1,2987.27319335938
1065,281.2,2520.40356445313
1066,281.4,29.0991878509521
1067,281.6,0.0419860444962978
1068,281.8,3.10536551475525
1069,282.0,63.4210052490234
1070,282.2,2417.755859375
1071,282.3,132.722106933594
1072,282.5,0.525683581829071
1073,282.7,1.12710213661194
1074,282.9,16.200891494751
1075,283.1,556.937072753906
1076,283.2,1786.79272460938
1077,283.4,1.69591581821442
1078,283.7,0.572474539279938
1079,283.9,5.3326849937439
1080,284.1,135.60417175293
1081,284.2,1283.42272949219
1082,284.3,430.471557617188
1083,284.5,1.48850250244141
1084,284.8,4.56343650817871
1085,285.0,46.6410026550293
1086,285.2,1693.97766113281
1087,285.3,148.782974243164
1088,285.5,0.0488502457737923
1089,285.7,0.411623388528824
1090,285.8,1.30179607868195
1091,286.0,11.9286127090454
1092,286.1,116.577507019043
1093,286.2,1376.11096191406
1094,286.4,4.54925060272217
1095,286.7,1.00972425937653
1096,286.9,6.58734703063965
1097,287.1,137.825073242188
1098,287.2,1460.38977050781
1099,287.4,4.0220799446106
1100,287.6,0.560805380344391
1101,287.9,2.13751292228699
1102,288.1,86.0757369995117
1103,288.2,1348.72338867188
1104,288.4,8.40144157409668
1105,288.7,0.856080532073975
1106,288.9,3.25981020927429
1107,289.1,87.3625411987305
1108,289.2,1402.13952636719
1109,289.4,4.93513345718384
1110,289.6,0.37329825758934
1111,289.8,0.279258668422699
1112,290.0,3.49845552444458
1113,290.1,65.0070953369141
1114,290.2,1343.71032714844
1115,290.4,8.54398822784424
1116,290.5,0.841665685176849
1117,290.8,0.507493436336517
1118,291.0,3.98638606071472
1119,291.1,79.2993927001953
1120,291.2,1317.154296875
1121,291.4,6.22068405151367
1122,291.5,0.87667316198349
1123,291.8,0.329710572957993
1124,292.0,3.13602566719055
1125,292.1,53.1746940612793
1126,292.2,1324.54357910156
1127,292.4,14.4994850158691
1128,292.7,0.769934773445129
1129,292.9,1.78698086738586
1130,293.1,70.0535430908203
1131,293.2,1231.10766601563
1132,293.4,9.0398120880127
1133,293.6,0.681043386459351
1134,293.9,2.20558285713196
1135,294.1,69.4180297851563
1136,294.2,888.709411621094
1137,294.3,424.550506591797
1138,294.5,1.90447318553925
1139,294.7,1.2029515504837
1140,294.9,4.35991287231445
1141,295.1,91.5089797973633
1142,295.2,1187.0849609375
1143,295.4,9.03489303588867
1144,295.6,0.679784893989563
1145,295.8,0.499141961336136
1146,296.0,5.85013151168823
1147,296.2,916.158813476563
1148,296.3,273.678405761719
1149,296.5,1.15501654148102
1150,296.7,0.214849561452866
1151,296.9,2.83914875984192
1152,297.1,84.7336654663086
1153,297.2,1100.19982910156
1154,297.4,5.12550067901611
1155,297.5,0.877931594848633
1156,297.8,0.855050921440125
1157,298.0,4.98146677017212
1158,298.2,863.180297851563
1159,298.3,244.257629394531
1160,298.5,0.641116559505463
1161,298.7,1.11772108078003
1162,298.8,1.35282003879547
1163,299.0,13.9995422363281
1164,299.2,1067.94458007813
1165,299.3,201.333602905273
1166,299.4,4.06475210189819
1167,299.7,0.417000353336334
1168,299.9,1.54318726062775
1169,300.1,80.3646011352539
1170,300.2,998.466979980469
1171,300.4,8.56377983093262
1172,300.6,0.481638252735138
1173,300.8,1.44777488708496
1174,301.0,6.53975534439087
1175,301.2,906.038757324219
1176,301.3,211.897842407227
1177,301.4,6.01532983779907
1178,301.6,0.191053658723831
1179,301.8,0.594554424285889
1180,302.0,3.52145051956177
1181,302.2,773.963134765625
1182,302.3,300.595916748047
1183,302.5,1.07985353469849
1184,302.7,0.44480037689209
1185,302.9,2.25637793540955
1186,303.0,4.02059268951416
1187,303.2,798.519409179688
1188,303.3,288.674194335938
1189,303.5,0.706898510456085
1190,303.6,0.55577164888382
1191,303.9,0.89943939447403
1192,304.0,2.44891881942749
1193,304.2,737.385986328125
1194,304.3,269.880554199219
1195,304.4,14.5007438659668
1196,304.6,0.520649790763855
1197,304.9,1.10021734237671
1198,305.1,51.6573600769043
1199,305.2,983.622131347656
1200,305.4,9.68493270874023
1201,305.6,0.232010066509247
1202,305.8,0.28246197104454
1203,306.0,2.55439877510071
1204,306.2,660.87451171875
1205,306.3,284.756896972656
1206,306.4,17.4331321716309
1207,306.6,0.386912256479263
1208,306.8,1.23933184146881
1209,307.0,5.23784446716309
1210,307.1,54.6250991821289
1211,307.2,839.983276367188
1212,307.4,11.701979637146
1213,307.5,1.5621782541275
1214,307.8,0.719139695167542
1215,308.0,4.45601177215576
1216,308.2,553.326843261719
1217,308.3,336.832855224609
1218,308.5,1.30019450187683
1219,308.6,1.076535820961
1220,308.9,1.94748890399933
1221,309.1,60.4651641845703
1222,309.2,548.161071777344
1223,309.3,264.256958007813
1224,309.5,1.14735150337219
1225,309.7,0.797620415687561
1226,309.9,2.19231200218201
1227,310.1,51.2488288879395
1228,310.2,527.91064453125
1229,310.3,272.263244628906
1230,310.5,1.78023111820221
1231,310.7,0.870037734508514
1232,310.9,3.18830800056458
1233,311.1,71.1705780029297
1234,311.2,786.85595703125
1235,311.4,8.18590545654297
1236,311.7,0.733096897602081
1237,311.9,2.00743627548218
1238,312.1,57.4321022033691
1239,312.2,740.703674316406
1240,312.4,12.7078142166138
1241,312.5,1.20363807678223
1242,312.8,1.09392523765564
1243,313.0,6.6909966468811
1244,313.2,614.339782714844
1245,313.3,510.335205078125
1246,313.5,1.30213940143585
1247,313.7,0.506807029247284
1248,313.8,0.408420085906982
1249,314.0,3.67783999443054
1250,314.2,551.774719238281
1251,314.3,290.749450683594
1252,314.5,1.57167375087738
1253,314.8,0.979178607463837
1254,315.0,4.91168069839478
1255,315.2,536.906555175781
1256,315.3,277.746368408203
1257,315.5,1.26175498962402
1258,315.7,0.542043268680573
1259,315.9,0.596499264240265
1260,316.1,41.3874855041504
1261,316.2,444.703460693359
1262,316.3,308.24609375
1263,316.5,1.66010749340057
1264,316.8,0.982953906059265
1265,317.0,11.2762842178345
1266,317.2,510.907897949219
1267,317.3,297.505676269531
1268,317.5,1.8936048746109
1269,317.8,0.866720080375671
1270,318.0,4.95366668701172
1271,318.1,38.9830665588379
1272,318.2,689.428527832031
1273,318.4,20.2943592071533
1274,318.5,1.90481638908386
1275,318.8,0.625328898429871
1276,318.9,1.11680591106415
1277,319.1,48.611026763916
1278,319.2,677.113159179688
1279,319.4,14.6355104446411
1280,319.5,1.49570989608765
1281,319.7,0.0347786284983158
1282,319.9,0.907676458358765
1283,320.1,34.4851837158203
1284,320.2,645.54296875
1285,320.4,25.3561382293701
1286,320.6,0.544674515724182
1287,320.8,0.618350327014923
1288,321.0,4.12721633911133
1289,321.2,383.071960449219
1290,321.3,257.801177978516
1291,321.4,17.5102386474609
1292,321.6,0.631506681442261
1293,321.9,1.01613092422485
1294,322.0,2.62441372871399
1295,322.2,379.657348632813
1296,322.3,270.370086669922
1297,322.5,2.35590887069702
1298,322.8,1.10856878757477
1299,323.0,6.20112133026123
1300,323.2,420.228363037109
1301,323.3,210.840972900391
1302,323.4,18.1216106414795
1303,323.6,0.98249626159668
1304,323.9,2.12035226821899
1305,324.1,45.2212562561035
1306,324.2,555.797973632813
1307,324.4,22.5260276794434
1308,324.7,2.43496155738831
1309,324.9,17.0555992126465
1310,325.1,163.460250854492
1311,325.2,581.409362792969
1312,325.4,6.10639524459839
1313,325.6,0.342981338500977
1314,325.8,2.22377300262451
1315,326.0,10.9882164001465
1316,326.2,401.913177490234
1317,326.3,178.303283691406
1318,326.4,17.8216457366943
1319,326.7,4.65690422058105
1320,326.8,8.2066125869751
1321,327.0,84.830451965332
1322,327.2,812.578186035156
1323,327.3,65.4631042480469
1324,327.5,0.44480037689209
1325,327.7,1.73664343357086
1326,327.8,2.32387590408325
1327,328.0,20.5169887542725
1328,328.1,87.4208908081055
1329,328.2,546.956848144531
1330,328.4,10.104679107666
1331,328.5,2.55211067199707
1332,328.8,3.93833661079407
1333,329.0,21.194372177124
1334,329.2,477.911804199219
1335,329.3,153.461624145508
1336,329.4,9.14838123321533
1337,329.7,0.957670748233795
1338,329.9,3.07264614105225
1339,330.1,45.8533363342285
1340,330.2,302.230743408203
1341,330.3,248.167144775391
1342,330.5,1.77965903282166
1343,330.7,0.977004945278168
1344,330.8,0.917286336421967
1345,331.0,7.32639265060425
1346,331.2,343.625793457031
1347,331.3,238.176864624023
1348,331.5,2.14151692390442
1349,331.8,0.897380173206329
1350,331.9,1.14517784118652
1351,332.1,41.820384979248
1352,332.2,270.260955810547
1353,332.3,252.018646240234
1354,332.5,3.06280755996704
1355,332.6,0.987873256206512
1356,332.8,0.526255548000336
1357,333.0,5.07939577102661
1358,333.1,33.689624786377
1359,333.3,466.875518798828
1360,333.4,22.9458866119385
1361,333.5,1.94451439380646
1362,333.7,0.443999528884888
1363,333.9,1.21290469169617
1364,334.1,32.3436660766602
1365,334.3,440.280181884766
1366,334.4,25.638256072998
1367,334.6,1.04690539836884
1368,334.8,0.568699240684509
1369,335.0,3.81375122070313
1370,335.2,238.919235229492
1371,335.3,230.98649597168
1372,335.5,1.42695343494415
1373,335.6,0.732067286968231
1374,335.8,0.366662859916687
1375,336.0,2.79830694198608
1376,336.2,229.71044921875
1377,336.3,239.704040527344
1378,336.5,2.12550044059753
1379,336.8,0.629790663719177
1380,337.0,3.92975640296936
1381,337.1,26.9449710845947
1382,337.3,421.472717285156
1383,337.4,23.1971168518066
1384,337.6,0.361285895109177
1385,337.7,0.592151939868927
1386,338.0,4.09381055831909
1387,338.1,22.6205234527588
1388,338.3,387.504302978516
1389,338.4,30.9182014465332
1390,338.7,0.999084770679474
1391,338.9,3.31415176391602
1392,339.1,54.1816711425781
1393,339.2,404.733093261719
1394,339.4,13.0232238769531
1395,339.6,0.640887796878815
1396,339.9,1.26518702507019
1397,340.0,2.65690422058105
1398,340.2,207.300430297852
1399,340.3,167.607940673828
1400,340.4,34.1279029846191
1401,340.6,1.41539871692657
1402,340.8,7.70232248306274
1403,341.0,113.178695678711
1404,341.2,1016.1767578125
1405,341.3,28.6860771179199
1406,341.5,0.590779066085815
1407,341.7,1.22731947898865
1408,341.9,15.1264162063599
1409,342.1,155.320907592773
1410,342.2,463.465972900391
1411,342.4,8.66926002502441
1412,342.7,1.85150444507599
1413,342.9,13.9546966552734
1414,343.1,143.564468383789
1415,343.2,407.045867919922
1416,343.3,125.099304199219
1417,343.5,0.803798198699951
1418,343.7,0.372268617153168
1419,343.9,3.5781946182251
1420,344.1,50.3136940002441
1421,344.2,237.803344726563
1422,344.3,197.695007324219
1423,344.5,3.93456125259399
1424,344.7,0.871868193149567
1425,344.9,8.19025325775146
1426,345.1,67.15478515625
1427,345.2,246.783096313477
1428,345.3,197.121612548828
1429,345.5,2.12550044059753
1430,345.8,1.43072879314423
1431,345.9,1.44628763198853
1432,346.1,31.5046329498291
1433,346.3,353.649353027344
1434,346.4,32.760669708252
1435,346.7,1.44091069698334
1436,346.8,0.881935715675354
1437,347.0,7.05537128448486
1438,347.2,200.524429321289
1439,347.3,186.836639404297
1440,347.5,2.36528992652893
1441,347.7,0.868092894554138
1442,347.8,0.381306499242783
1443,348.0,3.7324104309082
1444,348.2,157.670867919922
1445,348.3,173.02311706543
1446,348.4,29.8537921905518
1447,348.6,1.12607252597809
1448,348.9,1.14758038520813
1449,349.1,27.1801853179932
1450,349.3,279.113494873047
1451,349.4,28.4097938537598
1452,349.7,0.740533113479614
1453,349.8,0.46516415476799
1454,350.0,3.51035356521606
1455,350.2,150.494903564453
1456,350.3,177.560806274414
1457,350.5,2.6337947845459
1458,350.7,0.192998513579369
1459,350.9,1.49765467643738
1460,351.1,25.8303394317627
1461,351.3,258.937408447266
1462,351.4,22.8139801025391
1463,351.6,0.753003060817719
1464,351.9,1.25717878341675
1465,352.0,2.31575345993042
1466,352.2,144.766510009766
1467,352.3,121.645919799805
1468,352.4,28.5191631317139
1469,352.6,0.431987196207047
1470,352.8,0.902070701122284
1471,353.0,4.10124683380127
1472,353.1,21.5249977111816
1473,353.3,263.356018066406
1474,353.4,25.5684700012207
1475,353.6,0.358197003602982
1476,353.7,0.717538058757782
1477,354.0,3.22846364974976
1478,354.1,19.1211528778076
1479,354.3,226.987640380859
1480,354.4,43.4102516174316
1481,354.7,1.11120009422302
1482,354.9,20.6781826019287
1483,355.1,663.729553222656
1484,355.2,685.904602050781
1485,355.3,42.2771987915039
1486,355.6,0.748998999595642
1487,355.7,0.537924706935883
1488,355.9,11.3770732879639
1489,356.1,175.138198852539
1490,356.2,493.7705078125
1491,356.4,8.21702289581299
1492,356.6,0.744422852993011
1493,356.8,3.11360263824463
1494,357.0,28.7334403991699
1495,357.2,446.598663330078
1496,357.3,128.76203918457
1497,357.5,1.53792476654053
1498,357.7,0.268161535263062
1499,357.9,2.97654724121094
1500,358.1,36.1313362121582
1501,358.3,332.729095458984
1502,358.4,33.2347564697266
1503,358.6,1.24230635166168
1504,358.8,2.43644881248474
1505,359.0,15.4848413467407
1506,359.2,228.935470581055
1507,359.3,174.894866943359
1508,359.5,2.24619603157043
1509,359.8,1.05560004711151
1510,360.0,4.94119644165039
1511,360.2,130.735382080078
1512,360.3,279.604278564453
1513,360.5,3.95686984062195
1514,360.7,1.4144834280014
1515,360.9,2.55050897598267
1516,361.1,24.4746589660645
1517,361.2,110.358085632324
1518,361.3,217.442504882813
1519,361.5,3.86180067062378
1520,361.8,0.503146111965179
1521,362.0,3.02024936676025
1522,362.2,94.6639938354492
1523,362.3,350.713531494141
1524,362.5,4.86877918243408
1525,362.8,1.15673267841339
1526,363.0,7.07012939453125
1527,363.2,103.806198120117
1528,363.3,240.046447753906
1529,363.5,2.55874609947205
1530,363.7,0.807687878608704
1531,363.9,1.44411396980286
1532,364.1,18.1676006317139
1533,364.3,209.466537475586
1534,364.4,44.2204551696777
1535,364.6,0.52785724401474
1536,364.8,0.348930329084396
1537,365.0,3.31083393096924
1538,365.2,89.8223342895508
1539,365.3,110.750946044922
1540,365.4,35.108455657959
1541,365.6,0.545475363731384
1542,365.7,0.558517336845398
1543,366.0,2.47832059860229
1544,366.2,82.2229690551758
1545,366.3,95.2105026245117
1546,366.4,33.4211196899414
1547,366.6,0.66971743106842
1548,366.7,0.713076293468475
1549,367.0,3.36734938621521
1550,367.2,92.379020690918
1551,367.3,136.098724365234
1552,367.5,4.49410820007324
1553,367.8,0.303054571151733
1554,368.0,1.68779313564301
1555,368.2,78.0888900756836
1556,368.3,139.7578125
1557,368.5,5.18521928787231
1558,368.7,1.22297215461731
1559,368.9,1.6833313703537
1560,369.1,23.175724029541
1561,369.3,199.122406005859
1562,369.4,33.9875297546387
1563,369.6,0.824276387691498
1564,369.8,0.331312209367752
1565,370.0,3.07047247886658
1566,370.2,84.8481903076172
1567,370.3,106.30362701416
1568,370.4,40.8552780151367
1569,370.6,0.924264967441559
1570,370.8,1.12092435359955
1571,370.9,1.13968658447266
1572,371.1,18.2941303253174
1573,371.2,103.510810852051
1574,371.3,216.440689086914
1575,371.5,4.03397798538208
1576,371.7,0.27788582444191
1577,371.9,0.844525814056396
1578,372.1,13.9759750366211
1579,372.3,209.14323425293
1580,372.4,67.6031341552734
1581,372.7,1.42375016212463
1582,372.9,3.13167834281921
1583,373.1,28.3718109130859
1584,373.3,200.450637817383
1585,373.4,44.3858833312988
1586,373.6,0.954467475414276
1587,373.8,1.14220345020294
1588,373.9,1.03809630870819
1589,374.1,13.8120355606079
1590,374.3,236.764099121094
1591,374.4,77.9796371459961
1592,374.6,1.52934443950653
1593,374.8,0.775654971599579
1594,375.0,4.05079507827759
1595,375.1,14.4671087265015
1596,375.3,192.766510009766
1597,375.4,58.1119995117188
1598,375.6,1.01361405849457
1599,375.7,0.914655089378357
1600,376.0,2.89543533325195
1601,376.2,52.5590896606445
1602,376.4,368.968078613281
1603,376.5,6.98066568374634
1604,376.7,0.399725437164307
1605,376.9,1.53803908824921
1606,377.1,12.3657474517822
1607,377.3,167.839950561523
1608,377.4,80.4338150024414
1609,377.7,0.971399128437042
1610,377.8,0.167257755994797
1611,378.0,2.1518132686615
1612,378.2,53.2472267150879
1613,378.4,256.400634765625
1614,378.5,7.55863189697266
1615,378.7,0.301567316055298
1616,378.9,1.18213021755219
1617,379.1,11.175838470459
1618,379.3,127.264961242676
1619,379.4,60.6937408447266
1620,379.6,0.716279625892639
1621,379.8,0.598100900650024
1622,380.0,2.01281309127808
1623,380.2,50.5387268066406
1624,380.3,87.141975402832
1625,380.4,53.9516067504883
1626,380.6,1.67646718025208
1627,380.8,0.511955142021179
1628,381.0,2.9680814743042
1629,381.1,9.18132972717285
1630,381.3,113.060401916504
1631,381.4,40.5453605651855
1632,381.5,6.24516630172729
1633,381.7,0.552339553833008
1634,382.0,2.46379137039185
1635,382.1,12.0936965942383
1636,382.3,123.036262512207
1637,382.4,72.0729904174805
1638,382.6,2.58631730079651
1639,382.8,0.741105139255524
1640,383.0,5.28257656097412
1641,383.2,65.2068405151367
1642,383.3,111.089004516602
1643,383.5,8.75689315795898
1644,383.8,1.32582080364227
1645,383.9,0.804027020931244
1646,384.1,13.9310150146484
1647,384.2,45.1687431335449
1648,384.3,108.249397277832
1649,384.5,9.09747123718262
1650,384.6,4.66926002502441
1651,384.8,2.40178465843201
1652,385.0,11.6813869476318
1653,385.2,98.4607009887695
1654,385.3,66.4748916625977
1655,385.4,30.4871292114258
1656,385.6,2.01510119438171
1657,385.8,0.727147936820984
1658,386.0,4.23773002624512
1659,386.2,59.8932609558105
1660,386.3,137.353500366211
1661,386.5,14.0493078231812
1662,386.8,3.79292988777161
1663,387.0,11.8922319412231
1664,387.2,109.20272064209
1665,387.3,126.453269958496
1666,387.5,6.3522481918335
1667,387.6,2.47111320495605
1668,387.9,1.91351103782654
1669,388.1,17.266788482666
1670,388.3,121.152267456055
1671,388.4,47.2953910827637
1672,388.6,2.04736304283142
1673,388.8,2.38016247749329
1674,389.0,7.7962474822998
1675,389.1,14.8887996673584
1676,389.3,108.178237915039
1677,389.4,30.0172748565674
1678,389.5,7.04415988922119
1679,389.7,0.781031906604767
1680,389.9,2.2205696105957
1681,390.0,2.84521222114563
1682,390.2,48.9480590820313
1683,390.3,96.8678665161133
1684,390.5,6.52728509902954
1685,390.6,2.06612515449524
1686,390.9,3.40807676315308
1687,391.0,5.4438853263855
1688,391.2,57.3190727233887
1689,391.3,55.739387512207
1690,391.4,32.425121307373
1691,391.6,1.88021969795227
1692,391.8,0.643519043922424
1693,392.0,3.8850245475769
1694,392.2,41.4148254394531
1695,392.3,103.074020385742
1696,392.5,7.99107646942139
1697,392.7,0.423864543437958
1698,392.9,1.02608394622803
1699,393.1,11.206841468811
1700,393.3,78.4541778564453
1701,393.4,33.956413269043
1702,393.6,1.1190938949585
1703,393.8,0.479464590549469
1704,394.0,1.91156613826752
1705,394.2,34.6781845092773
1706,394.3,51.4530372619629
1707,394.4,41.2989349365234
1708,394.6,1.30911791324615
1709,394.9,0.839148819446564
1710,395.1,9.76501560211182
1711,395.3,74.2828063964844
1712,395.4,48.4743156433105
1713,395.6,1.33829081058502
1714,395.8,0.346985459327698
1715,396.0,1.93467569351196
1716,396.1,6.73115205764771
1717,396.3,75.4946823120117
1718,396.4,46.6050796508789
1719,396.6,2.19562983512878
1720,396.9,1.21473515033722
1721,397.1,8.09689998626709
1722,397.2,25.0303173065186
1723,397.3,75.3382873535156
1724,397.5,9.25042915344238
1725,397.8,0.860885500907898
1726,398.0,1.9210616350174
1727,398.1,6.68367481231689
1728,398.3,69.3290252685547
1729,398.4,39.7864074707031
1730,398.6,4.76535844802856
1731,398.9,6.68699216842651
1732,399.1,28.1710338592529
1733,399.2,50.5606918334961
1734,399.3,69.1037673950195
1735,399.5,5.7197117805481
1736,399.8,2.45406699180603
1737,400.0,4.79395961761475
1738,400.2,39.8009376525879
1739,400.3,67.3932037353516
1740,400.5,16.0003433227539
1741,400.8,12.3273077011108
1742,401.0,76.9838714599609
1743,401.2,243.310256958008
1744,401.3,39.8364028930664
1745,401.6,2.92243456840515
1746,401.7,1.67154788970947
1747,401.9,13.0777940750122
1748,402.1,52.4348487854004
1749,402.3,110.450637817383
1750,402.4,29.652214050293
1751,402.6,2.62658739089966
1752,402.8,6.79201459884644
1753,403.0,24.4128818511963
1754,403.2,97.4532699584961
1755,403.3,42.9360466003418
1756,403.4,19.3338298797607
1757,403.6,2.05491352081299
1758,403.8,1.4435418844223
1759,404.0,7.43942356109619
1760,404.2,46.9342193603516
1761,404.3,37.6514129638672
1762,404.4,29.1549015045166
1763,404.6,1.40853452682495
1764,404.8,2.16508412361145
1765,404.9,3.1256148815155
1766,405.1,25.881706237793
1767,405.2,32.0771064758301
1768,405.3,52.6214408874512
1769,405.5,5.50852298736572
1770,405.8,1.74087631702423
1771,406.0,5.07882404327393
1772,406.2,32.4008712768555
1773,406.3,53.6073684692383
1774,406.5,7.37787437438965
1775,406.8,1.67509436607361
1776,406.9,1.24928498268127
1777,407.1,11.0099534988403
1778,407.3,54.4925079345703
1779,407.4,21.4079627990723
1780,407.5,7.53048849105835
1781,407.7,0.63207870721817
1782,407.9,0.823361158370972
1783,408.0,1.64386224746704
1784,408.2,25.2284641265869
1785,408.3,59.8458976745605
1786,408.5,7.49502325057983
1787,408.6,1.72062695026398
1788,408.8,0.763528227806091
1789,409.0,2.10170459747314
1790,409.2,23.8103199005127
1791,409.3,32.0861473083496
1792,409.4,34.5658378601074
1793,409.6,1.64374780654907
1794,409.8,1.18624866008759
1795,410.0,2.13545370101929
1796,410.2,27.290699005127
1797,410.3,86.2003173828125
1798,410.5,12.8004808425903
1799,410.7,0.373527050018311
1800,410.9,1.15032601356506
1801,411.0,1.72966480255127
1802,411.2,24.2622127532959
1803,411.4,64.8375473022461
1804,411.5,10.0654382705688
1805,411.6,2.84566974639893
1806,411.9,1.3350875377655
1807,412.1,7.37741661071777
1808,412.3,47.4830093383789
1809,412.4,35.8066596984863
1810,412.6,3.27594089508057
1811,412.8,0.929413139820099
1812,413.0,3.64317584037781
1813,413.2,27.2038669586182
1814,413.3,54.1359100341797
1815,413.5,8.84601306915283
1816,413.6,2.80345487594604
1817,413.9,1.45692718029022
1818,414.1,6.96041631698608
1819,414.3,39.132022857666
1820,414.4,28.5545139312744
1821,414.6,6.36014175415039
1822,414.8,4.87564373016357
1823,415.0,52.1825866699219
1824,415.1,102.122413635254
1825,415.2,182.490676879883
1826,415.4,6.88571119308472
1827,415.6,0.932959616184235
1828,415.8,4.00777959823608
1829,416.0,21.9004688262939
1830,416.2,90.1463241577148
1831,416.3,71.3154067993164
1832,416.5,6.9987416267395
1833,416.7,1.47683334350586
1834,416.9,9.32364749908447
1835,417.1,47.8344573974609
1836,417.2,102.655532836914
1837,417.4,15.12584400177
1838,417.6,1.61034202575684
1839,417.9,3.85287714004517
1840,418.1,15.2848644256592
1841,418.3,54.7276039123535
1842,418.4,19.733325958252
1843,418.6,2.62612962722778
1844,418.8,1.60221946239471
1845,419.0,8.52202224731445
1846,419.2,38.527515411377
1847,419.3,44.8838806152344
1848,419.5,4.5507378578186
1849,419.6,1.7103306055069
1850,419.9,1.83285665512085
1851,420.0,3.12744545936584
1852,420.2,22.8519611358643
1853,420.3,19.9478321075439
1854,420.4,22.1181793212891
1855,420.6,1.75746476650238
1856,420.7,1.60084652900696
1857,421.0,7.01921987533569
1858,421.1,11.2038669586182
1859,421.3,44.4104804992676
1860,421.4,22.2301788330078
1861,421.6,1.48449838161469
1862,421.9,1.53209018707275
1863,422.1,8.2951602935791
1864,422.3,31.3906879425049
1865,422.4,23.5360946655273
1866,422.6,1.80437016487122
1867,422.8,1.3739846944809
1868,422.9,1.11978030204773
1869,423.1,7.64271831512451
1870,423.3,29.6630821228027
1871,423.4,19.571216583252
1872,423.6,2.2823474407196
1873,423.9,1.30671548843384
1874,424.1,6.45761346817017
1875,424.3,26.5999317169189
1876,424.4,20.1812152862549
1877,424.6,2.91476941108704
1878,424.9,1.32467675209045
1879,425.0,1.2995080947876
1880,425.2,14.219539642334
1881,425.4,27.6132030487061
1882,425.5,6.78560829162598
1883,425.6,2.95515394210815
1884,425.8,0.620295166969299
1885,426.0,2.1783549785614
1886,426.2,12.4136829376221
1887,426.4,30.0935821533203
1888,426.5,10.1729774475098
1889,426.8,1.47523164749146
1890,427.0,2.68172979354858
1891,427.2,15.1128015518188
1892,427.4,29.6061096191406
1893,427.5,9.29355907440186
1894,427.7,1.38977229595184
1895,428.0,1.58826220035553
1896,428.1,2.77634143829346
1897,428.3,24.0519390106201
1898,428.4,15.1434621810913
1899,428.6,2.75677847862244
1900,428.9,12.2649583816528
1901,429.1,125.58048248291
1902,429.2,184.522705078125
1903,429.4,5.77668476104736
1904,429.5,1.12012350559235
1905,429.8,2.56812715530396
1906,430.0,17.9159126281738
1907,430.2,81.9099655151367
1908,430.4,144.198028564453
1909,430.5,18.6631965637207
1910,430.8,3.29012703895569
1911,431.0,18.2790298461914
1912,431.2,77.1516952514648
1913,431.4,65.2742233276367
1914,431.5,12.7000341415405
1915,431.8,2.03512191772461
1916,432.0,7.50074338912964
1917,432.2,27.8289661407471
1918,432.3,36.5887184143066
1919,432.5,5.85390710830688
1920,432.8,2.27800011634827
1921,433.0,7.29401683807373
1922,433.2,31.9470310211182
1923,433.3,30.8536777496338
1924,433.5,3.16622805595398
1925,433.7,0.371467798948288
1926,433.9,1.91190934181213
1927,434.0,2.43244481086731
1928,434.2,17.0975856781006
1929,434.3,22.6968307495117
1930,434.5,4.60210514068604
1931,434.6,1.79830682277679
1932,434.8,0.439194589853287
1933,435.0,3.11177206039429
1934,435.2,15.9488620758057
1935,435.4,21.1349964141846
1936,435.5,3.94577288627625
1937,435.6,1.61171495914459
1938,435.9,1.30282580852509
1939,436.1,4.67978477478027
1940,436.3,18.3157539367676
1941,436.4,13.6414594650269
1942,436.6,1.36140024662018
1943,436.7,1.23189568519592
1944,436.9,1.23029398918152
1945,437.1,5.89246082305908
1946,437.2,7.04610443115234
1947,437.3,19.9344463348389
1948,437.5,6.07985353469849
1949,437.7,0.873927474021912
1950,438.0,1.54433131217957
1951,438.2,9.94497203826904
1952,438.3,9.50188732147217
1953,438.4,13.5373525619507
1954,438.6,2.86477518081665
1955,438.9,1.16645693778992
1956,439.0,0.955268263816833
1957,439.2,8.43107223510742
1958,439.3,9.15719032287598
1959,439.4,13.7502574920654
1960,439.6,2.58837652206421
1961,439.9,0.947832047939301
1962,440.1,3.47969341278076
1963,440.3,15.0908365249634
1964,440.4,14.2419633865356
1965,440.6,2.95023441314697
1966,440.8,0.443541914224625
1967,441.0,1.77473974227905
1968,441.2,10.4251232147217
1969,441.4,17.8002510070801
1970,441.5,4.80253982543945
1971,441.6,2.66102266311646
1972,441.9,1.04885029792786
1973,442.1,3.65404415130615
1974,442.3,14.5542840957642
1975,442.4,7.98135232925415
1976,442.5,8.33897686004639
1977,442.7,1.01933419704437
1978,442.9,1.85344922542572
1979,443.0,1.36586201190948
1980,443.2,9.6477518081665
1981,443.3,9.09300994873047
1982,443.4,13.1455211639404
1983,443.6,3.16588497161865
1984,443.8,0.771307647228241
1985,444.0,1.09278118610382
1986,444.2,8.00183010101318
1987,444.4,20.8137512207031
1988,444.5,9.98444080352783
1989,444.8,3.27102160453796
1990,445.0,5.07676458358765
1991,445.2,17.043701171875
1992,445.3,21.0159015655518
1993,445.5,4.45818567276001
1994,445.7,2.58071160316467
1995,445.8,0.899553835391998
1996,446.0,2.65301442146301
1997,446.2,10.3086605072021
1998,446.3,8.41585636138916
1999,446.4,10.0399265289307
2000,446.6,2.57247447967529
2001,446.9,2.66502690315247
2002,447.1,8.88971519470215
2003,447.3,16.4248943328857
2004,447.4,5.3882851600647
2005,447.5,3.73927474021912
2006,447.7,0.674064755439758
2007,447.9,1.8465850353241
2008,448.1,6.05113840103149
2009,448.3,13.3231897354126
2010,448.4,8.65587425231934
2011,448.6,2.15867757797241
2012,448.9,1.33966362476349
2013,449.0,1.5642374753952
2014,449.2,9.27079296112061
2015,449.3,12.8545932769775
2016,449.5,4.61549043655396
2017,449.8,1.17217707633972
2018,450.0,1.44342756271362
2019,450.2,6.33520174026489
2020,450.3,6.39217472076416
2021,450.4,7.75620651245117
2022,450.6,1.20180761814117
2023,450.8,0.997254312038422
2024,451.0,2.54879307746887
2025,451.2,7.50337505340576
2026,451.4,11.2526025772095
2027,451.5,4.07150220870972
2028,451.8,0.714563548564911
2029,452.0,1.63356590270996
2030,452.1,2.26781821250916
2031,452.3,11.0694427490234
2032,452.4,9.03512191772461
2033,452.6,1.29721999168396
2034,452.7,1.13179266452789
2035,453.0,1.19116806983948
2036,453.2,5.1762957572937
2037,453.4,10.3083171844482
2038,453.5,3.51962018013
2039,453.6,1.57087290287018
2040,453.9,0.919116795063019
2041,454.1,2.68367457389832
2042,454.3,8.59386825561523
2043,454.4,9.05319786071777
2044,454.6,1.31460928916931
2045,454.7,0.879075646400452
2046,455.0,1.08889138698578
2047,455.1,1.82439076900482
2048,455.3,8.02127933502197
2049,455.4,4.87198257446289
2050,455.5,4.73607158660889
2051,455.8,0.625328898429871
2052,456.0,1.05514240264893
2053,456.2,5.64271831512451
2054,456.4,9.5882625579834
2055,456.5,5.20855760574341
2056,456.7,0.916027903556824
2057,456.9,1.32902419567108
2058,457.1,3.53861117362976
2059,457.2,3.71902537345886
2060,457.4,10.1978034973145
2061,457.5,4.9140830039978
2062,457.7,0.571788132190704
2063,457.9,0.852877259254456
2064,458.1,2.97471690177917
2065,458.3,9.61937999725342
2066,458.4,4.68893718719482
2067,458.5,5.87198257446289
2068,458.8,4.28841114044189
2069,458.9,3.12424206733704
2070,459.1,12.3418369293213
2071,459.2,8.44720268249512
2072,459.3,11.7581510543823
2073,459.5,2.72428774833679
2074,459.6,2.13911461830139
2075,459.9,2.57842350006104
2076,460.1,5.31884241104126
2077,460.2,9.56229305267334
2078,460.4,3.27422499656677
2079,460.5,4.06360816955566
2080,460.8,6.91568470001221
2081,460.9,9.04930782318115
2082,461.1,42.6673164367676
2083,461.2,21.594554901123
2084,461.3,11.3710098266602
2085,461.6,2.41757225990295
2086,461.8,3.6063380241394
2087,462.0,9.88582515716553
2088,462.2,18.3643741607666
2089,462.3,10.1819009780884
2090,462.5,1.88147807121277
2091,462.7,2.86569046974182
2092,462.8,1.83891999721527
2093,463.0,8.83880519866943
2094,463.2,15.211874961853
2095,463.3,5.45967292785645
2096,463.4,5.4173436164856
2097,463.7,1.73138082027435
2098,463.8,0.865919232368469
2099,464.0,3.20912933349609
2100,464.2,8.26987743377686
2101,464.3,8.14117336273193
2102,464.5,2.96945428848267
2103,464.7,1.11852192878723
2104,465.0,3.45589756965637
2105,465.2,8.7424783706665
2106,465.3,8.4078483581543
2107,465.5,1.94199752807617
2108,465.6,1.31769824028015
2109,465.9,1.07939600944519
2110,466.1,3.82267475128174
2111,466.2,2.70598340034485
2112,466.4,8.01315593719482
2113,466.5,3.18350291252136
2114,466.7,0.8250772356987
2115,467.0,1.40064060688019
2116,467.1,1.47179961204529
2117,467.3,5.54398822784424
2118,467.4,4.58608865737915
2119,467.6,1.5024596452713
2120,467.8,0.456011891365051
2121,468.0,0.983640313148499
2122,468.2,3.40418720245361
2123,468.3,2.45235109329224
2124,468.4,5.1431188583374
2125,468.6,1.4897608757019
2126,468.9,0.689166009426117
2127,469.0,0.602333843708038
2128,469.2,2.80482792854309
2129,469.4,5.31987190246582
2130,469.5,2.7012927532196
2131,469.7,0.490104109048843
2132,469.9,0.502345263957977
2133,470.1,1.46653699874878
2134,470.2,1.76982033252716
2135,470.4,5.62018060684204
2136,470.5,2.11463212966919
2137,470.6,1.42969906330109
2138,470.9,0.670632660388947
2139,471.1,1.87518584728241
2140,471.2,1.71891093254089
2141,471.4,4.95847177505493
2142,471.5,2.43072867393494
2143,471.7,0.622926414012909
2144,472.0,0.911108553409576
2145,472.1,1.24230635166168
2146,472.3,5.95114994049072
2147,472.5,5.36323070526123
2148,472.6,1.94153988361359
2149,472.8,1.03340578079224
2150,473.0,4.10731029510498
2151,473.2,10.1573047637939
2152,473.3,9.2887544631958
2153,473.5,1.45109260082245
2154,473.6,1.07939600944519
2155,473.9,1.16885936260223
2156,474.1,3.10834002494812
2157,474.2,4.95915794372559
2158,474.4,2.71708035469055
2159,474.7,1.90527403354645
2160,474.9,9.162109375
2161,475.1,56.8172988891602
2162,475.2,58.8809051513672
2163,475.4,4.36368846893311
2164,475.5,1.87324106693268
2165,475.8,1.75346064567566
2166,476.0,14.1488389968872
2167,476.2,29.2595806121826
2168,476.3,11.0907220840454
2169,476.4,5.36597633361816
2170,476.7,1.64809513092041
2171,476.9,5.08431529998779
2172,477.0,6.76284170150757
2173,477.2,22.9695682525635
2174,477.3,11.6478662490845
2175,477.5,1.62681615352631
2176,477.8,1.08580255508423
2177,478.0,2.57121610641479
2178,478.2,7.77393913269043
2179,478.3,3.47866368293762
2180,478.4,3.94039583206177
2181,478.7,1.25214505195618
2182,478.9,2.02562642097473
2183,479.1,7.41025066375732
2184,479.2,9.59501171112061
2185,479.4,2.15375804901123
2186,479.5,1.77393889427185
2187,479.7,0.237043812870979
2188,479.9,0.790413022041321
2189,480.1,2.67589521408081
2190,480.3,5.62372732162476
2191,480.4,3.42249178886414
2192,480.6,1.26873350143433
2193,480.9,1.60645234584808
2194,481.0,1.71593642234802
2195,481.2,5.52820062637329
2196,481.3,5.40304327011108
2197,481.5,1.17572355270386
2198,481.7,0.692140460014343
2199,482.0,0.982610702514648
2200,482.2,2.38942909240723
2201,482.4,3.88834238052368
2202,482.5,1.50131559371948
2203,482.7,0.506349384784698
2204,482.9,0.238073453307152
2205,483.1,1.50806546211243
2206,483.3,3.43988108634949
2207,483.4,2.26873350143433
2208,483.6,1.0339777469635
2209,483.8,0.200320333242416
2210,484.0,0.632307529449463
2211,484.2,2.01773262023926
2212,484.3,1.82793736457825
2213,484.4,2.62624406814575
2214,484.6,0.398238182067871
2215,484.8,0.371010184288025
2216,485.0,0.831140577793121
2217,485.2,1.90138423442841
2218,485.4,2.82290363311768
2219,485.6,1.39903903007507
2220,485.8,0.403043121099472
2221,485.9,0.192655310034752
2222,486.1,1.09255230426788
2223,486.3,2.53300547599792
2224,486.4,2.78675198554993
2225,486.6,1.24848413467407
2226,486.8,0.243450403213501
2227,487.0,1.49628186225891
2228,487.2,2.6644549369812
2229,487.3,1.53209018707275
2230,487.4,2.35167598724365
2231,487.6,0.947603225708008
2232,487.8,0.446402013301849
2233,488.0,1.02173662185669
2234,488.2,1.89017271995544
2235,488.3,1.0474773645401
2236,488.4,1.56172060966492
2237,488.6,0.539183139801025
2238,488.8,2.1915111541748
2239,489.0,22.8452129364014
2240,489.1,34.9853553771973
2241,489.2,68.0803146362305
2242,489.4,6.49776935577393
2243,489.6,0.499942809343338
2244,489.8,1.90447318553925
2245,490.0,11.9727716445923
2246,490.2,31.5037174224854
2247,490.3,10.2026081085205
2248,490.4,5.84990262985229
2249,490.6,0.882393300533295
2250,490.9,4.37055253982544
2251,491.1,18.8836517333984
2252,491.2,13.0046901702881
2253,491.3,12.5356369018555
2254,491.5,0.732753694057465
2255,491.6,0.699347913265228
2256,491.9,1.39709413051605
2257,492.1,5.68561935424805
2258,492.2,4.13133525848389
2259,492.3,5.69328451156616
2260,492.5,1.05720174312592
2261,492.6,0.887083828449249
2262,492.9,1.79258668422699
2263,493.0,2.06543874740601
2264,493.2,8.32055854797363
2265,493.3,3.8473858833313
2266,493.4,3.0625786781311
2267,493.6,0.335773944854736
2268,493.8,0.554742038249969
2269,494.0,1.17663884162903
2270,494.2,3.10410714149475
2271,494.3,2.6039354801178
2272,494.5,1.12824618816376
2273,494.8,1.01029634475708
2274,495.0,1.92426490783691
2275,495.2,4.75975275039673
2276,495.3,4.64100217819214
2277,495.5,1.34183728694916
2278,495.8,0.564237475395203
2279,496.0,1.02493989467621
2280,496.2,2.35041761398315
2281,496.3,1.39858138561249
2282,496.4,1.6628532409668
2283,496.6,0.291156619787216
2284,496.8,0.557030081748962
2285,496.9,0.416657119989395
2286,497.1,1.56618237495422
2287,497.3,2.9958815574646
2288,497.4,1.14586436748505
2289,497.5,0.855966150760651
2290,497.8,0.358654618263245
2291,498.0,0.68985241651535
2292,498.2,1.42752540111542
2293,498.4,1.69900465011597
2294,498.5,0.485642373561859
2295,498.6,0.623155236244202
2296,498.9,0.586088538169861
2297,499.1,0.769477188587189
2298,499.3,1.12424206733704
2299,499.5,1.11348819732666
2300,499.6,0.185447886586189
2301,499.8,0.196888223290443
2302,500.0,0.320672690868378
2303,500.2,0.864088773727417
2304,500.3,0.741905987262726
2305,500.4,0.983411490917206
2306,500.7,0.98249626159668
2307,500.8,0.294359922409058
2308,501.0,1.73618578910828
2309,501.2,3.77576947212219
2310,501.3,3.62407040596008
2311,501.5,0.45097815990448
2312,501.6,0.513442397117615
2313,501.8,0.301338523626328
2314,502.0,0.560462176799774
2315,502.1,1.8175265789032
2316,502.3,1.4406818151474
2317,502.5,0.460016012191772
2318,502.7,0.700835168361664
2319,502.8,1.08225607872009
2320,503.0,11.162223815918
2321,503.2,27.4388523101807
2322,503.3,12.9345617294312
2323,503.5,1.08099758625031
2324,503.8,0.875414729118347
2325,504.0,5.03912591934204
2326,504.1,5.00674962997437
2327,504.3,10.8529920578003
2328,504.4,3.48232460021973
2329,504.6,0.866491258144379
2330,504.9,2.02734231948853
2331,505.1,7.14357614517212
2332,505.2,8.79807758331299
2333,505.4,1.70003437995911
2334,505.5,0.850474774837494
2335,505.8,0.475002855062485
2336,506.0,1.17572355270386
2337,506.2,2.67234873771667
2338,506.3,1.54089915752411
2339,506.4,1.65278577804565
2340,506.6,0.283033967018127
2341,506.8,0.865919232368469
2342,507.0,2.30065202713013
2343,507.2,6.29470300674438
2344,507.3,4.99576711654663
2345,507.5,1.16394007205963
2346,507.8,0.455325484275818
2347,507.9,0.340807676315308
2348,508.1,1.83136940002441
2349,508.3,2.87918996810913
2350,508.4,1.73000800609589
2351,508.6,0.532090127468109
2352,508.8,0.202951610088348
2353,509.0,0.602105021476746
2354,509.2,1.42157649993896
2355,509.3,1.13110625743866
2356,509.4,1.22205698490143
2357,509.6,0.342180520296097
2358,509.9,0.359684258699417
2359,510.1,0.911566197872162
2360,510.3,1.26221251487732
2361,510.5,0.877359569072723
2362,510.6,0.192655310034752
2363,510.8,0.367463678121567
2364,511.0,0.531174898147583
2365,511.2,1.26198375225067
2366,511.3,1.16577053070068
2367,511.6,0.405903220176697
2368,511.7,0.121038779616356
2369,511.9,0.292758256196976
2370,512.0,0.12630133330822
2371,512.2,1.06269299983978
2372,512.3,1.06406593322754
2373,512.5,0.184303849935532
2374,512.6,0.300308883190155
2375,512.8,0.0928955525159836
2376,513.0,0.421805292367935
2377,513.2,1.01201236248016
2378,513.4,0.783548772335052
2379,513.6,0.426381409168243
2380,513.7,0.0196773819625378
2381,513.9,0.312321245670319
2382,514.1,0.420890063047409
2383,514.3,0.70998740196228
2384,514.4,0.469168275594711
2385,514.6,0.323875993490219
2386,514.9,0.487701624631882
2387,515.0,0.262670189142227
2388,515.2,0.784921646118164
2389,515.3,0.49719712138176
2390,515.4,0.534835815429688
2391,515.6,0.126530140638351
2392,515.7,0.204553261399269
2393,516.0,0.281089127063751
2394,516.2,0.384509772062302
2395,516.4,0.7409907579422
2396,516.6,0.417686760425568
2397,516.8,0.26495823264122
2398,517.0,0.670060634613037
2399,517.2,0.994394242763519
2400,517.3,0.303740978240967
2401,517.4,0.402127891778946
2402,517.6,0.412081003189087
2403,517.8,0.0543416067957878
2404,518.0,0.508523046970367
2405,518.2,0.568584859371185
2406,518.4,0.764100193977356
2407,518.5,0.369637340307236
2408,518.8,0.787209689617157
2409,519.0,2.23967504501343
2410,519.2,3.60027456283569
2411,519.3,2.19231200218201
2412,519.5,0.256377995014191
2413,519.6,0.341494113206863
2414,519.9,0.766273856163025
2415,520.1,1.54879307746887
2416,520.2,0.969454288482666
2417,520.4,1.5761353969574
2418,520.5,0.404644787311554
2419,520.7,0.529230058193207
2420,520.9,1.71433472633362
2421,521.0,1.91968882083893
2422,521.2,4.42649602890015
2423,521.3,2.60439300537109
2424,521.6,0.584944486618042
2425,521.7,0.265987873077393
2426,521.9,0.986729204654694
2427,522.0,0.916828751564026
2428,522.2,2.83972096443176
2429,522.3,2.05308318138123
2430,522.5,0.479235798120499
2431,522.8,0.387598663568497
2432,522.9,0.475803673267365
2433,523.1,1.53746712207794
2434,523.3,2.05868887901306
2435,523.4,1.00171601772308
2436,523.7,0.430042326450348
2437,523.9,0.469740301370621
2438,524.1,1.24882733821869
2439,524.3,1.37936162948608
2440,524.4,0.69923347234726
2441,524.7,0.257522016763687
2442,524.9,0.254776328802109
2443,525.1,1.34252369403839
2444,525.2,0.697975039482117
2445,525.3,1.51458644866943
2446,525.6,0.465507388114929
2447,525.8,0.412653028964996
2448,525.9,0.11932273209095
2449,526.1,0.732067286968231
2450,526.3,1.00217366218567
2451,526.4,0.249056175351143
2452,526.6,0.286466091871262
2453,526.7,0.154101356863976
2454,526.9,0.147351562976837
2455,527.1,0.623498439788818
2456,527.3,0.76730352640152
2457,527.5,0.36872211098671
2458,527.6,0.160507947206497
2459,527.8,0.289783775806427
2460,527.9,0.212675899267197
2461,528.1,0.40018305182457
2462,528.3,0.460359215736389
2463,528.4,0.158219888806343
2464,528.6,0.282576352357864
2465,528.7,0.0377531163394451
2466,528.9,0.268275946378708
2467,529.1,0.527399599552155
2468,529.2,0.551081120967865
2469,529.4,0.491705745458603
2470,529.7,0.177325248718262
2471,529.8,0.178354874253273
2472,530.1,0.306829869747162
2473,530.3,0.622697651386261
2474,530.4,0.32788011431694
2475,530.6,0.390229940414429
2476,530.7,0.0621210373938084
2477,530.9,0.219540104269981
2478,531.1,0.537238299846649
2479,531.2,0.235899776220322
2480,531.3,0.608854830265045
2481,531.5,0.313808500766754
2482,531.7,0.0426724627614021
2483,531.8,0.210845440626144
2484,532.0,0.273767292499542
2485,532.2,0.140029743313789
2486,532.3,0.384738594293594
2487,532.6,0.483697503805161
2488,532.8,0.819242656230927
2489,532.9,0.609655618667603
2490,533.1,2.36014175415039
2491,533.2,2.39881014823914
2492,533.4,0.74922776222229
2493,533.7,0.280860304832458
2494,533.8,0.397094160318375
2495,534.0,0.906418025493622
2496,534.2,0.941311061382294
2497,534.3,0.910650968551636
2498,534.6,0.783891975879669
2499,534.8,2.59558391571045
2500,535.0,12.1674861907959
2501,535.1,18.4365634918213
2502,535.3,6.76455783843994
2503,535.5,1.1378561258316
2504,535.7,0.415741920471191
2505,535.9,1.97917854785919
2506,536.1,7.90504503250122
2507,536.2,6.35453605651855
2508,536.4,1.67623841762543
2509,536.7,0.638599693775177
2510,536.9,2.00720739364624
2511,537.1,5.47980785369873
2512,537.2,4.80322599411011
2513,537.4,0.798878848552704
2514,537.5,0.616519868373871
2515,537.7,0.179270103573799
2516,537.9,0.869008123874664
2517,538.1,1.94096779823303
2518,538.2,0.988216459751129
2519,538.4,1.65724742412567
2520,538.5,0.33028256893158
2521,538.7,0.330625772476196
2522,538.8,0.199061885476112
2523,539.0,0.97986501455307
2524,539.1,0.900926649570465
2525,539.3,2.27422499656677
2526,539.4,0.972772002220154
2527,539.7,0.307859510183334
2528,539.9,0.454867869615555
2529,540.0,0.572131335735321
2530,540.1,1.03088891506195
2531,540.3,0.440567433834076
2532,540.4,0.814323306083679
2533,540.7,0.29619038105011
2534,540.9,0.347557485103607
2535,541.1,0.701635956764221
2536,541.3,0.748083770275116
2537,541.4,0.375128716230392
2538,541.7,0.214163139462471
2539,541.8,0.0578881129622459
2540,542.0,0.24859856069088
2541,542.2,0.44502916932106
2542,542.3,0.612172544002533
2543,542.5,0.0966708585619926
2544,542.7,0.280745923519135
2545,542.9,0.128131791949272
2546,543.1,0.435876905918121
2547,543.2,0.118865117430687
2548,543.4,0.594668805599213
2549,543.5,0.198947489261627
2550,543.8,0.0815696120262146
2551,544.0,0.21931129693985
2552,544.1,0.181100562214851
2553,544.3,0.696373403072357
2554,544.4,0.0843152925372124
2555,544.5,0.246539294719696
2556,544.7,0.0843152925372124
2557,544.9,0.153071731328964
2558,545.1,0.29001259803772
2559,545.3,0.3410364985466
2560,545.4,0.147122755646706
2561,545.5,0.199290692806244
2562,545.8,0.211531862616539
2563,546.0,0.292415052652359
2564,546.2,0.345383822917938
2565,546.4,0.363230764865875
2566,546.5,0.123326852917671
2567,546.7,0.275254547595978
2568,546.9,0.53609424829483
2569,547.1,1.10261988639832
2570,547.2,0.894291281700134
2571,547.3,1.07024371623993
2572,547.5,0.280402690172195
2573,547.7,0.125157311558723
2574,547.9,0.291614234447479
2575,548.0,0.310948401689529
2576,548.2,0.759409666061401
2577,548.3,0.423178136348724
2578,548.4,0.590207099914551
2579,548.7,0.563207864761353
2580,548.9,3.38107776641846
2581,549.0,7.52614116668701
2582,549.2,29.5062351226807
2583,549.3,18.8434963226318
2584,549.5,1.84647071361542
2585,549.8,0.838805615901947
2586,549.9,1.61285889148712
