#"+ Scan (rt: 0.088-65.997 min, 11533 scans) 281021_CH_1.5H.D "
#Point,X(Thompsons),Y(Counts)
0,50.1,4909.28515625
1,50.3,1.44706499576569
2,51.0,12.6851644515991
3,51.1,8430.470703125
4,51.3,0.55484265089035
5,51.5,0.0683256760239601
6,51.8,0.0168212950229645
7,52.0,20.3114547729492
8,52.1,7552.46826171875
9,52.3,2.2463366985321
10,52.6,0.0527182854712009
11,52.9,0.45122691988945
12,53.1,5682.279296875
13,53.2,6148.02734375
14,53.6,0.0169080030173063
15,53.8,0.0224572960287333
16,54.0,5.5857105255127
17,54.2,14276.9873046875
18,54.3,1.76207399368286
19,54.5,0.0479493625462055
20,55.0,1.46544694900513
21,55.2,26546.83203125
22,55.3,0.721494853496552
23,55.7,0.0287869591265917
24,55.9,0.0667649358510971
25,56.1,4149.3115234375
26,56.2,11361.25
27,56.4,0.0705800727009773
28,56.6,0.0149137256667018
29,57.0,1.59394776821136
30,57.2,14342.8330078125
31,57.3,24.9763278961182
32,57.5,1.83646929264069
33,57.7,1.639035820961
34,57.9,2.44507074356079
35,58.1,1493.42517089844
36,58.2,3365.51147460938
37,58.3,62.6310577392578
38,58.6,146.689666748047
39,58.7,77.1765365600586
40,59.0,88.9276885986328
41,59.1,5471.35302734375
42,59.3,11.2485914230347
43,59.5,0.0499436408281326
44,59.9,0.248851120471954
45,60.1,5597.39208984375
46,60.2,993.939575195313
47,60.4,0.0415329933166504
48,60.7,0.055839765816927
49,60.8,0.0304344054311514
50,61.0,116.504463195801
51,61.1,2568.451171875
52,61.3,2.53446626663208
53,61.7,0.0971993431448936
54,61.9,5.22596025466919
55,62.1,1633.78161621094
56,62.2,462.592224121094
57,62.4,0.566374778747559
58,62.6,0.0246249884366989
59,62.8,0.028613543137908
60,63.0,48.5286560058594
61,63.1,4754.89111328125
62,63.3,1.86733722686768
63,63.6,0.0239313282072544
64,63.8,0.45720973610878
65,64.0,234.169082641602
66,64.1,5124.58251953125
67,64.3,5.24260807037354
68,64.5,1.14835691452026
69,64.8,0.0965923890471458
70,64.9,0.272088795900345
71,65.1,5084.00048828125
72,65.2,3268.11547851563
73,65.4,0.0407526232302189
74,65.6,0.0528917014598846
75,65.8,0.153906181454659
76,66.0,44.3379859924316
77,66.1,6302.8701171875
78,66.3,3.29654026031494
79,66.6,0.0561865940690041
80,66.8,0.0536720715463161
81,67.0,5.30434417724609
82,67.2,15517.01171875
83,67.3,1.74135088920593
84,67.9,0.36651349067688
85,68.1,5192.458984375
86,68.2,10186.5615234375
87,68.4,0.115841500461102
88,68.6,0.0225440040230751
89,68.7,0.0393652990460396
90,68.9,0.17792421579361
91,69.1,5188.14208984375
92,69.2,12994.103515625
93,69.4,0.249111250042915
94,69.6,0.0350299142301083
95,69.8,0.0905228480696678
96,70.0,9.48053455352783
97,70.2,15744.025390625
98,70.3,6.48963832855225
99,70.5,0.0645972415804863
100,70.8,0.140293076634407
101,71.0,5.08193874359131
102,71.2,8328.099609375
103,71.3,18.3944339752197
104,71.5,0.201248586177826
105,71.8,0.787392675876617
106,72.0,43.1011009216309
107,72.2,4437.65283203125
108,72.3,30.4092597961426
109,72.4,0.245209395885468
110,72.9,0.460417926311493
111,73.1,7438.36083984375
112,73.2,2900.58520507813
113,73.4,0.200815051794052
114,73.6,0.0350299142301083
115,73.9,1.31024014949799
116,74.1,2367.0048828125
117,74.2,754.376647949219
118,74.5,0.101794846355915
119,74.7,0.0141333565115929
120,74.9,1.8061215877533
121,75.1,2957.48193359375
122,75.2,719.017578125
123,75.4,0.103182174265385
124,75.7,0.0353767462074757
125,75.9,4.43943452835083
126,76.1,1804.986328125
127,76.2,718.085693359375
128,76.4,0.299315005540848
129,77.1,8240.7880859375
130,77.2,2710.41015625
131,77.9,0.288563251495361
132,78.1,4755.287109375
133,78.2,2275.1884765625
134,78.9,0.316049605607986
135,79.1,7393.76171875
136,79.2,5117.865234375
137,79.5,0.0303476974368095
138,79.7,0.0408393293619156
139,79.8,0.0247984044253826
140,80.0,17.0350303649902
141,80.2,9868.72265625
142,80.3,4.27096176147461
143,80.5,0.0234977882355452
144,80.8,0.0771698579192162
145,81.0,10.3337383270264
146,81.2,16316.6455078125
147,81.3,0.865949869155884
148,81.6,0.021590219810605
149,81.9,0.970866203308105
150,82.1,4185.62060546875
151,82.2,9971.0947265625
152,82.4,0.159282058477402
153,82.6,0.0141333565115929
154,82.8,0.118529438972473
155,83.0,11.1683864593506
156,83.1,3876.92260742188
157,83.2,8284.5986328125
158,83.4,0.386803090572357
159,83.6,0.0243648663163185
160,83.8,0.117488943040371
161,84.0,13.5759992599487
162,84.1,7144.75244140625
163,84.2,6134.201171875
164,84.4,0.17792421579361
165,84.5,0.0611289329826832
166,84.8,0.120610423386097
167,85.0,22.1467952728271
168,85.2,6998.02783203125
169,85.3,15.0508108139038
170,85.6,0.117922484874725
171,85.7,0.161536455154419
172,85.9,3.98473954200745
173,86.1,1639.2431640625
174,86.2,2452.77172851563
175,86.4,0.697129964828491
176,86.6,0.0790774300694466
177,86.9,4.13431024551392
178,87.1,2249.8544921875
179,87.2,853.831787109375
180,87.4,0.514436841011047
181,87.7,0.874533951282501
182,87.9,24.4098682403564
183,88.1,841.39501953125
184,88.2,395.803680419922
185,88.4,2.28891015052795
186,88.6,0.0675453022122383
187,88.8,0.846614062786102
188,89.0,121.381950378418
189,89.1,4542.06298828125
190,89.3,4.66634893417358
191,89.5,0.243041709065437
192,89.8,2.05982828140259
193,90.0,114.253791809082
194,90.1,3536.41333007813
195,90.3,34.3933067321777
196,90.5,0.0378045625984669
197,90.7,0.0415329933166504
198,91.0,9.08072471618652
199,91.2,21372.23828125
200,91.3,1.01968264579773
201,91.8,0.198907479643822
202,92.0,34.0580940246582
203,92.2,8709.9560546875
204,92.3,4.82242250442505
205,92.8,0.0835862308740616
206,93.0,17.7344150543213
207,93.2,7578.65185546875
208,93.3,7.7476806640625
209,93.4,0.452007293701172
210,93.7,0.0242781583219767
211,93.9,1.19075691699982
212,94.1,5939.9814453125
213,94.2,5270.015625
214,94.4,0.31813058257103
215,94.6,0.0361571125686169
216,94.8,0.456862926483154
217,95.0,7.86109447479248
218,95.2,15589.0634765625
219,95.3,16.3907051086426
220,95.5,0.0208965577185154
221,95.8,0.300355494022369
222,96.0,22.9240436553955
223,96.2,11962.884765625
224,96.3,4.39703464508057
225,96.6,0.228821635246277
226,96.8,5.51278924942017
227,97.0,146.08757019043
228,97.2,10454.67578125
229,97.3,6.20939922332764
230,97.5,0.017601665109396
231,97.6,0.106216944754124
232,97.8,0.11176623404026
233,98.0,21.7597332000732
234,98.2,8715.65625
235,98.3,10.4035377502441
236,98.6,0.128067284822464
237,98.7,0.0315616056323051
238,98.9,3.45408821105957
239,99.1,3560.328125
240,99.2,2025.11059570313
241,99.4,0.904534816741943
242,99.6,0.21260729432106
243,99.9,8.61753273010254
244,100.1,6064.53271484375
245,100.2,780.908874511719
246,100.4,1.17705714702606
247,100.6,0.117488943040371
248,100.8,0.682909905910492
249,101.0,114.987251281738
250,101.1,2375.7314453125
251,101.2,645.779052734375
252,101.4,1.08636093139648
253,101.7,0.463626116514206
254,101.9,6.99063539505005
255,102.1,2274.87451171875
256,102.2,897.523620605469
257,102.4,0.882684469223022
258,102.7,0.158588394522667
259,102.9,3.89031481742859
260,103.0,130.824935913086
261,103.1,4380.59423828125
262,103.3,3.17064070701599
263,103.5,0.102315098047256
264,103.7,0.218936964869499
265,103.9,4.35394096374512
266,104.1,3046.88452148438
267,104.2,1840.78283691406
268,104.4,0.574872076511383
269,104.6,0.0183820333331823
270,104.8,0.13474377989769
271,105.0,37.1929244995117
272,105.1,6863.384765625
273,105.3,2.47463798522949
274,105.5,0.107344143092632
275,105.8,0.485129624605179
276,106.0,40.6405982971191
277,106.2,5523.5693359375
278,106.3,9.84331893920898
279,106.4,0.471863359212875
280,106.6,0.0727477669715881
281,106.8,0.35420098900795
282,107.0,23.4202728271484
283,107.1,11110.291015625
284,107.3,5.8858060836792
285,107.5,0.124859102070332
286,107.7,0.0867077112197876
287,107.9,2.11957001686096
288,108.1,4918.7373046875
289,108.2,5081.796875
290,108.4,0.544697821140289
291,108.6,0.212433889508247
292,108.9,1.82892572879791
293,109.1,3012.78002929688
294,109.2,6623.7822265625
295,109.4,0.808462679386139
296,109.7,0.116448454558849
297,109.9,2.18251967430115
298,110.1,4048.77416992188
299,110.2,4408.384765625
300,110.4,0.535593509674072
301,110.6,0.0319084376096725
302,110.8,0.717506289482117
303,111.0,33.9355773925781
304,111.2,8047.2607421875
305,111.3,12.1028356552124
306,111.5,0.111939653754234
307,111.7,0.175583109259605
308,111.9,4.10361576080322
309,112.1,3909.77099609375
310,112.2,2372.67041015625
311,112.4,0.72583019733429
312,112.6,0.260036408901215
313,112.8,0.787045896053314
314,113.0,61.8660354614258
315,113.1,2360.01538085938
316,113.2,1584.13928222656
317,113.4,1.1679527759552
318,113.5,0.591606676578522
319,113.8,2.42755579948425
320,114.0,95.1350936889648
321,114.1,2208.20385742188
322,114.2,923.663635253906
323,114.4,2.56559443473816
324,114.6,0.115147836506367
325,114.8,0.785658538341522
326,115.0,58.9750289916992
327,115.1,5714.26904296875
328,115.3,3.73606181144714
329,115.5,0.100754357874393
330,115.7,0.182259604334831
331,115.8,0.667996168136597
332,116.0,79.5383682250977
333,116.1,4412.91015625
334,116.3,9.33269786834717
335,116.4,1.04283356666565
336,116.6,0.103095464408398
337,116.8,0.929246485233307
338,117.0,43.3286209106445
339,117.1,8656.3486328125
340,117.2,2623.03857421875
341,117.4,0.277724802494049
342,117.6,0.194398686289787
343,117.8,0.780369400978088
344,118.0,57.7162055969238
345,118.1,4743.880859375
346,118.3,9.8660364151001
347,118.5,0.424087405204773
348,118.8,0.915026426315308
349,119.0,70.3858489990234
350,119.1,5477.98681640625
351,119.3,4.1411600112915
352,119.4,0.421399474143982
353,119.6,0.121564209461212
354,119.8,0.64146363735199
355,120.0,40.9508361816406
356,120.2,5644.4033203125
357,120.3,9.51478385925293
358,120.6,0.271828651428223
359,120.8,0.574351847171783
360,121.0,36.7843589782715
361,121.2,6570.341796875
362,121.3,6.77967548370361
363,121.4,1.08523368835449
364,121.7,0.149310678243637
365,121.9,4.13933944702148
366,122.1,2218.1875
367,122.2,3856.54321289063
368,122.4,0.412555277347565
369,122.6,0.147056266665459
370,122.9,2.98525977134705
371,123.1,2255.09057617188
372,123.2,5921.36669921875
373,123.4,0.91962194442749
374,123.5,0.219197079539299
375,123.7,0.193358182907104
376,123.9,2.66912341117859
377,124.1,2258.55810546875
378,124.2,4822.4794921875
379,124.4,0.837856590747833
380,124.6,0.300182074308395
381,124.8,0.841151475906372
382,125.0,51.6979103088379
383,125.1,2435.32861328125
384,125.2,4576.021484375
385,125.4,1.17749071121216
386,125.7,1.07326805591583
387,125.9,11.8568458557129
388,126.1,2935.244140625
389,126.2,2073.99951171875
390,126.4,1.09962713718414
391,126.5,0.741004049777985
392,126.8,1.49700856208801
393,126.9,7.8359489440918
394,127.1,1944.51123046875
395,127.2,1398.7373046875
396,127.4,1.3039972782135
397,127.6,0.329749405384064
398,127.8,1.10474288463593
399,128.0,62.9245643615723
400,128.1,4398.1435546875
401,128.3,15.2777252197266
402,128.5,0.296193540096283
403,128.8,1.05497264862061
404,129.0,32.7427368164063
405,129.1,5904.95703125
406,129.3,9.01786136627197
407,129.6,0.262290805578232
408,129.8,1.02349781990051
409,130.0,36.4913711547852
410,130.2,7041.54345703125
411,130.3,9.0362434387207
412,130.5,0.367120444774628
413,130.7,0.376744985580444
414,130.9,3.83941721916199
415,131.1,3405.24243164063
416,131.2,3138.93359375
417,131.4,0.922049760818481
418,131.6,0.172895163297653
419,131.8,0.966617524623871
420,132.0,48.7292137145996
421,132.2,4483.3427734375
422,132.3,16.6237754821777
423,132.5,0.508974254131317
424,132.8,0.713431000709534
425,133.0,80.2929840087891
426,133.1,7270.61328125
427,133.3,3.17410898208618
428,133.6,0.116795286536217
429,133.8,1.75583112239838
430,134.0,87.9405212402344
431,134.2,4732.017578125
432,134.3,10.5656814575195
433,134.5,0.467614680528641
434,134.7,0.276164054870605
435,134.9,5.93349504470825
436,135.1,5150.11474609375
437,135.2,4096.74560546875
438,135.4,0.502124309539795
439,135.5,0.243128418922424
440,135.8,0.710482954978943
441,136.0,29.3396339416504
442,136.2,5174.1962890625
443,136.3,19.5179042816162
444,136.5,0.334344923496246
445,136.8,1.31448888778687
446,137.0,52.179744720459
447,137.2,6469.5595703125
448,137.3,9.55007362365723
449,137.5,0.348218142986298
450,137.7,0.120437003672123
451,137.9,3.64302444458008
452,138.1,1674.36682128906
453,138.2,4463.447265625
454,138.3,26.3703289031982
455,138.5,0.322986215353012
456,138.6,0.291424602270126
457,138.9,4.98933506011963
458,139.1,2234.74560546875
459,139.2,2358.64770507813
460,139.4,0.821121990680695
461,139.6,0.263244599103928
462,139.9,6.14879035949707
463,140.1,1795.01806640625
464,140.2,1830.46423339844
465,140.3,30.4660530090332
466,140.5,0.775773882865906
467,140.8,1.35784268379211
468,141.0,55.2155570983887
469,141.1,1231.11901855469
470,141.2,1616.97387695313
471,141.4,1.95326459407806
472,141.5,0.648486971855164
473,141.8,1.60834133625031
474,142.0,80.2219696044922
475,142.1,3321.93286132813
476,142.3,16.7279987335205
477,142.5,0.56056535243988
478,142.8,1.19899415969849
479,143.0,43.3236808776855
480,143.2,3627.63818359375
481,143.3,10.8568458557129
482,143.5,0.463105857372284
483,143.8,1.21980404853821
484,144.0,41.6686897277832
485,144.2,3426.79516601563
486,144.3,15.3845491409302
487,144.5,0.281973481178284
488,144.7,0.396167516708374
489,144.9,4.20801162719727
490,145.1,1993.72863769531
491,145.2,2291.05053710938
492,145.4,1.20636439323425
493,145.6,0.14783664047718
494,145.8,1.09329748153687
495,146.0,41.0725746154785
496,146.2,4103.45947265625
497,146.3,19.9512710571289
498,146.5,0.473684221506119
499,146.7,0.335385411977768
500,146.9,8.29723358154297
501,147.1,3648.06420898438
502,147.2,2648.25903320313
503,147.4,0.494927585124969
504,147.5,0.320905238389969
505,147.7,0.0911298021674156
506,147.9,3.61709880828857
507,148.1,1794.18225097656
508,148.2,2578.36645507813
509,148.3,17.9106044769287
510,148.5,0.440995395183563
511,148.8,1.95144367218018
512,149.0,52.5501594543457
513,149.2,5984.02099609375
514,149.3,13.6743259429932
515,149.5,0.272609025239944
516,149.8,0.88329142332077
517,150.0,35.299747467041
518,150.2,4272.1552734375
519,150.3,27.2247467041016
520,150.4,1.23584496974945
521,150.6,0.159021943807602
522,150.8,1.03754448890686
523,151.0,38.4085655212402
524,151.2,6127.44287109375
525,151.3,16.6656551361084
526,151.5,0.3055579662323
527,151.8,0.916587173938751
528,152.0,38.1274604797363
529,152.1,2343.7841796875
530,152.2,3554.49780273438
531,152.4,1.52085316181183
532,152.6,0.467614680528641
533,152.8,1.62126076221466
534,153.0,57.852596282959
535,153.2,3787.95385742188
536,153.3,19.5214595794678
537,153.5,0.177317261695862
538,153.7,0.387843579053879
539,153.9,5.77178525924683
540,154.1,1674.7119140625
541,154.2,4522.01123046875
542,154.4,2.44775867462158
543,154.7,0.711523473262787
544,154.9,8.36356544494629
545,155.1,1555.72290039063
546,155.2,1565.09545898438
547,155.3,14.8669900894165
548,155.5,0.729211807250977
549,155.8,2.08896207809448
550,156.0,51.0095367431641
551,156.2,2895.84716796875
552,156.3,18.9057483673096
553,156.5,0.697216689586639
554,156.8,1.07318127155304
555,157.0,35.8086357116699
556,157.2,3323.59521484375
557,157.3,17.7693576812744
558,157.5,0.314922392368317
559,157.7,0.370675444602966
560,157.9,4.3037371635437
561,158.1,1090.58801269531
562,158.2,1655.92541503906
563,158.4,1.63305294513702
564,158.7,0.408913552761078
565,158.8,0.781409859657288
566,159.0,37.2982749938965
567,159.2,3108.63403320313
568,159.3,15.9700860977173
569,159.5,0.244082197546959
570,159.7,0.4932801425457
571,159.9,3.86959171295166
572,160.0,31.4259090423584
573,160.2,3036.90014648438
574,160.3,27.6862907409668
575,160.5,0.798751413822174
576,160.8,1.61831271648407
577,161.0,81.8671646118164
578,161.2,3596.60546875
579,161.3,11.8193874359131
580,161.5,0.198647364974022
581,161.7,0.440475165843964
582,161.9,5.5530219078064
583,162.1,1345.03637695313
584,162.2,1961.17834472656
585,162.4,1.4719500541687
586,162.7,0.806468367576599
587,162.9,8.94996929168701
588,163.1,1683.72900390625
589,163.2,2357.6708984375
590,163.3,17.6775341033936
591,163.5,0.515390634536743
592,163.8,1.62533605098724
593,164.0,44.8333473205566
594,164.2,3318.88159179688
595,164.3,33.6563758850098
596,164.5,0.429029732942581
597,164.7,0.987774193286896
598,164.8,1.2775514125824
599,165.0,69.5688018798828
600,165.2,4792.9462890625
601,165.3,19.1761894226074
602,165.5,0.313621789216995
603,165.7,0.315702766180038
604,165.9,4.889967918396
605,166.1,1979.5234375
606,166.2,2853.84204101563
607,166.4,1.3911384344101
608,166.6,0.150091037154198
609,166.8,0.874707341194153
610,167.0,43.1122856140137
611,167.2,4104.46826171875
612,167.3,13.2330703735352
613,167.5,0.447325080633163
614,167.8,1.06034851074219
615,168.0,36.6728515625
616,168.2,4671.2255859375
617,168.3,23.8153991699219
618,168.6,0.515564024448395
619,168.8,1.33928728103638
620,169.0,37.4071807861328
621,169.2,2604.01220703125
622,169.3,26.7953701019287
623,169.5,0.503338217735291
624,169.7,0.110812447965145
625,169.9,6.14514875411987
626,170.1,915.492126464844
627,170.2,1821.17553710938
628,170.4,2.09659242630005
629,170.5,0.767016410827637
630,170.8,1.57478535175323
631,171.0,33.3530731201172
632,171.2,2955.56201171875
633,171.3,23.2876968383789
634,171.5,0.27243560552597
635,171.7,0.625769555568695
636,171.8,0.882944583892822
637,172.0,36.3068580627441
638,172.2,2721.95654296875
639,172.3,18.8512954711914
640,172.5,0.435099273920059
641,172.7,0.307638943195343
642,172.9,4.63530731201172
643,173.0,28.1390800476074
644,173.2,2668.23095703125
645,173.3,25.4723834991455
646,173.6,0.539928913116455
647,173.8,0.769530892372131
648,174.0,27.6021842956543
649,174.2,2561.51782226563
650,174.3,33.3191719055176
651,174.5,0.380733549594879
652,174.6,0.537761211395264
653,174.9,3.68412375450134
654,175.1,1034.31860351563
655,175.2,1869.73693847656
656,175.4,1.16049599647522
657,175.7,0.463712811470032
658,175.9,6.30859279632568
659,176.1,1046.12707519531
660,176.2,1789.6689453125
661,176.4,1.8897944688797
662,176.7,0.763721466064453
663,176.9,8.47515869140625
664,177.1,1660.19128417969
665,177.2,1957.98071289063
666,177.4,1.08948230743408
667,177.7,0.355935156345367
668,177.9,6.43605327606201
669,178.1,1111.37353515625
670,178.2,2143.41796875
671,178.4,2.10855793952942
672,178.6,0.294285953044891
673,178.8,1.9425995349884
674,179.0,74.300178527832
675,179.2,3498.57104492188
676,179.3,67.9677429199219
677,179.4,1.11514782905579
678,179.7,0.370502024888992
679,179.9,5.26584577560425
680,180.1,832.638488769531
681,180.2,2214.95629882813
682,180.3,30.9087829589844
683,180.5,0.43319171667099
684,180.7,0.353854149580002
685,180.9,5.30182933807373
686,181.1,816.227111816406
687,181.2,1840.82958984375
688,181.3,35.1939659118652
689,181.6,0.495534539222717
690,181.8,0.661493122577667
691,182.0,30.4931926727295
692,182.2,3577.76928710938
693,182.3,24.2583026885986
694,182.4,2.08167862892151
695,182.6,0.15061129629612
696,182.8,1.19977450370789
697,183.0,29.9326286315918
698,183.2,2562.92822265625
699,183.3,29.5327320098877
700,183.4,2.56143236160278
701,183.6,0.254227012395859
702,183.8,1.24590301513672
703,184.0,30.7277374267578
704,184.2,2151.576171875
705,184.3,29.3270606994629
706,184.5,0.979797124862671
707,184.7,0.209138989448547
708,184.9,4.35584831237793
709,185.1,644.498413085938
710,185.2,2251.99194335938
711,185.4,1.93323504924774
712,185.6,0.247637212276459
713,185.8,0.771351754665375
714,186.0,25.7527103424072
715,186.2,3192.77563476563
716,186.3,29.6620140075684
717,186.5,0.434839159250259
718,186.7,0.308679431676865
719,186.9,4.09962701797485
720,187.1,830.370849609375
721,187.2,1622.38208007813
722,187.3,28.7064952850342
723,187.5,0.379606336355209
724,187.7,0.142894297838211
725,187.9,2.84080457687378
726,188.1,713.060363769531
727,188.2,1541.23400878906
728,188.3,38.9737281799316
729,188.5,0.568889260292053
730,188.8,1.08167862892151
731,189.0,33.9951438903809
732,189.1,807.802551269531
733,189.2,1655.19287109375
734,189.4,1.02271747589111
735,189.5,0.376918405294418
736,189.7,0.256741523742676
737,189.9,3.50914764404297
738,190.1,779.049133300781
739,190.2,1608.24987792969
740,190.4,1.52180695533752
741,190.6,0.842712223529816
742,190.7,0.85866641998291
743,190.9,16.6558570861816
744,191.1,2850.04663085938
745,191.2,1603.88208007813
746,191.4,1.14991760253906
747,191.7,0.691927492618561
748,191.9,7.38454866409302
749,192.1,1108.12438964844
750,192.2,2024.09741210938
751,192.4,2.20575737953186
752,192.5,1.16110289096832
753,192.8,3.7214081287384
754,193.0,108.374580383301
755,193.1,2675.31005859375
756,193.2,1809.484375
757,193.4,0.483742296695709
758,193.6,0.238532900810242
759,193.8,2.19561266899109
760,194.0,54.9229164123535
761,194.2,3065.8759765625
762,194.3,70.9064407348633
763,194.5,0.338160067796707
764,194.7,0.723402380943298
765,194.9,8.25084495544434
766,195.1,948.019958496094
767,195.2,1900.81872558594
768,195.4,1.46631407737732
769,195.7,0.412728697061539
770,195.9,4.74161100387573
771,196.1,618.493957519531
772,196.2,1656.75500488281
773,196.3,48.1571998596191
774,196.5,0.395387142896652
775,196.7,0.517124772071838
776,196.9,4.28431463241577
777,197.1,681.216003417969
778,197.2,1679.50646972656
779,197.4,1.46033120155334
780,197.7,0.459030598402023
781,197.9,3.64831352233887
782,198.1,588.718444824219
783,198.2,1343.23266601563
784,198.4,2.48434925079346
785,198.7,0.428422778844833
786,198.9,3.19994807243347
787,199.1,665.763793945313
788,199.2,1869.79516601563
789,199.4,1.41272866725922
790,199.5,0.477325946092606
791,199.7,0.229255184531212
792,199.9,3.33269739151001
793,200.1,616.682983398438
794,200.2,1590.99560546875
795,200.3,35.6082534790039
796,200.5,0.792421758174896
797,200.8,1.12243127822876
798,201.0,25.5770397186279
799,201.2,1892.6201171875
800,201.3,41.4418640136719
801,201.5,0.423480451107025
802,201.7,0.660712718963623
803,201.9,3.11870288848877
804,202.0,17.618745803833
805,202.2,1922.26025390625
806,202.3,46.2002067565918
807,202.6,0.67181134223938
808,202.8,1.05427896976471
809,203.0,35.1082992553711
810,203.2,1951.62890625
811,203.3,29.8623085021973
812,203.4,1.40848004817963
813,203.6,0.164137691259384
814,203.8,0.780195951461792
815,204.0,23.3761386871338
816,204.2,1799.32336425781
817,204.3,57.8208618164063
818,204.5,0.492413073778152
819,204.7,0.51929247379303
820,204.9,4.21451473236084
821,205.0,32.287784576416
822,205.2,2016.578125
823,205.3,46.1853828430176
824,205.5,0.460071086883545
825,205.8,0.809069633483887
826,206.0,10.9016733169556
827,206.1,340.214691162109
828,206.2,1531.82727050781
829,206.4,3.22604703903198
830,206.7,0.0820254907011986
831,206.9,4.19431209564209
832,207.1,18570.681640625
833,207.2,1686.70715332031
834,207.8,1.57140374183655
835,208.0,51.4090881347656
836,208.1,5997.6630859375
837,208.3,102.057228088379
838,208.6,0.676493525505066
839,208.8,2.29974865913391
840,209.0,53.3960800170898
841,209.1,4423.5
842,209.3,42.9976577758789
843,209.6,0.409867346286774
844,209.8,1.45564901828766
845,210.0,38.523021697998
846,210.2,2019.63879394531
847,210.3,47.315616607666
848,210.6,1.14324116706848
849,210.8,3.68776559829712
850,211.0,65.649787902832
851,211.1,1032.62707519531
852,211.2,1788.26708984375
853,211.4,1.41420269012451
854,211.5,0.310326874256134
855,211.8,0.92187637090683
856,212.0,29.0612163543701
857,212.2,1710.05603027344
858,212.3,72.6202239990234
859,212.5,0.333911389112473
860,212.7,0.721234738826752
861,212.9,5.3374662399292
862,213.1,492.606689453125
863,213.2,2195.7197265625
864,213.4,1.39243912696838
865,213.6,0.0640769973397255
866,213.8,0.676666975021362
867,214.0,21.0555801391602
868,214.2,1683.72912597656
869,214.3,57.0254936218262
870,214.5,0.583629608154297
871,214.8,1.39027142524719
872,215.0,33.1693420410156
873,215.1,490.426788330078
874,215.2,1273.32275390625
875,215.4,1.56576776504517
876,215.6,0.0307812355458736
877,215.8,0.865949869155884
878,216.0,26.6876792907715
879,216.1,436.717254638672
880,216.2,1159.5341796875
881,216.4,2.0254054069519
882,216.6,0.474811404943466
883,216.7,0.228995054960251
884,216.9,3.47906017303467
885,217.1,403.169677734375
886,217.2,1114.6015625
887,217.4,2.98274517059326
888,217.7,0.546605408191681
889,217.9,3.67840099334717
890,218.1,348.196990966797
891,218.2,1221.11010742188
892,218.4,4.78799962997437
893,218.6,0.23749241232872
894,218.8,0.915893495082855
895,219.0,24.3353862762451
896,219.2,1580.92407226563
897,219.3,60.2411346435547
898,219.5,0.607734322547913
899,219.8,0.820861876010895
900,220.0,20.5352458953857
901,220.1,317.702606201172
902,220.2,1321.13952636719
903,220.4,2.57157731056213
904,220.6,0.497355401515961
905,220.8,2.18746209144592
906,221.0,27.3654727935791
907,221.2,2812.36376953125
908,221.3,63.4699554443359
909,221.5,0.540362417697906
910,221.8,1.03572356700897
911,222.0,22.2139072418213
912,222.2,1746.06811523438
913,222.3,88.3179550170898
914,222.5,0.754530489444733
915,222.8,1.92335033416748
916,223.0,31.508020401001
917,223.2,1738.96728515625
918,223.3,53.0771713256836
919,223.5,0.486950486898422
920,223.6,0.604179322719574
921,223.8,0.692707896232605
922,224.0,26.5149574279785
923,224.2,1340.78564453125
924,224.3,74.2753829956055
925,224.6,1.00598287582397
926,224.7,0.511922299861908
927,224.9,8.92508411407471
928,225.1,705.692504882813
929,225.2,1497.95886230469
930,225.3,49.352294921875
931,225.6,0.547299027442932
932,225.7,0.295760005712509
933,225.9,3.56065201759338
934,226.1,411.501770019531
935,226.2,1158.80358886719
936,226.4,1.87661492824554
937,226.5,0.701378643512726
938,226.8,1.36477935314178
939,226.9,3.37891268730164
940,227.1,365.387481689453
941,227.2,1346.28979492188
942,227.4,1.82233595848083
943,227.6,0.252319425344467
944,227.8,0.981617987155914
945,228.0,19.1722888946533
946,228.2,1436.59936523438
947,228.3,70.8888397216797
948,228.5,0.565420985221863
949,228.7,0.536113739013672
950,228.9,5.15668106079102
951,229.0,24.9471092224121
952,229.2,1273.40258789063
953,229.3,61.4788017272949
954,229.6,0.577560067176819
955,229.7,0.363652139902115
956,229.9,4.52787637710571
957,230.0,22.7209739685059
958,230.2,1193.837890625
959,230.3,80.6053924560547
960,230.5,0.73649525642395
961,230.8,1.03589701652527
962,231.0,21.0521106719971
963,231.2,1082.76025390625
964,231.3,93.8586654663086
965,231.5,0.771178364753723
966,231.7,0.29983526468277
967,231.9,2.98560643196106
968,232.1,256.054809570313
969,232.2,961.184509277344
970,232.4,6.06936597824097
971,232.6,0.46813490986824
972,232.8,0.940518498420715
973,233.0,20.4603309631348
974,233.1,266.775848388672
975,233.2,1020.66156005859
976,233.4,3.15676760673523
977,233.7,0.45720973610878
978,233.9,2.76597595214844
979,234.0,15.4770660400391
980,234.2,1222.677734375
981,234.3,120.455825805664
982,234.5,0.597676217556
983,234.6,0.725656807422638
984,234.8,0.72478973865509
985,235.0,32.9870796203613
986,235.2,1361.59460449219
987,235.3,78.7146453857422
988,235.4,4.02982759475708
989,235.6,0.8755744099617
990,235.9,3.47810626029968
991,236.1,267.163604736328
992,236.2,1091.44018554688
993,236.4,8.44463729858398
994,236.6,0.401976943016052
995,236.8,2.05133104324341
996,237.0,32.5640335083008
997,237.2,1169.658203125
998,237.3,83.0541915893555
999,237.6,0.962715685367584
1000,237.7,0.404318034648895
1001,237.9,4.9964451789856
1002,238.0,19.7471599578857
1003,238.2,1063.29272460938
1004,238.3,83.1222610473633
1005,238.5,0.565767824649811
1006,238.6,0.897164642810822
1007,238.9,3.77707457542419
1008,239.1,281.632781982422
1009,239.2,1124.32067871094
1010,239.4,4.21399450302124
1011,239.6,0.276771008968353
1012,239.8,1.14090001583099
1013,240.0,21.6725921630859
1014,240.2,998.3525390625
1015,240.3,93.596549987793
1016,240.5,1.48859798908234
1017,240.8,2.44255614280701
1018,241.0,34.5390625
1019,241.2,1045.27612304688
1020,241.3,89.1200866699219
1021,241.5,0.527269601821899
1022,241.7,0.332870900630951
1023,241.9,4.42391395568848
1024,242.1,254.341201782227
1025,242.2,908.858581542969
1026,242.4,4.22500658035278
1027,242.5,0.981531262397766
1028,242.8,1.11610162258148
1029,243.0,33.9956665039063
1030,243.2,1099.52575683594
1031,243.3,86.1844253540039
1032,243.5,0.356628805398941
1033,243.7,0.543050348758698
1034,243.9,5.34154176712036
1035,244.1,251.456344604492
1036,244.2,926.106628417969
1037,244.4,4.719153881073
1038,244.7,0.82233589887619
1039,244.8,1.17480278015137
1040,245.0,25.2071437835693
1041,245.2,869.233825683594
1042,245.3,99.6406860351563
1043,245.4,5.23939990997314
1044,245.6,0.41350907087326
1045,245.8,0.996705114841461
1046,246.0,20.086275100708
1047,246.2,874.556945800781
1048,246.3,112.555793762207
1049,246.4,5.87201929092407
1050,246.6,0.312841415405273
1051,246.8,1.27191531658173
1052,247.0,18.5831089019775
1053,247.2,959.760192871094
1054,247.3,109.186073303223
1055,247.5,0.900546252727509
1056,247.8,1.05003035068512
1057,248.0,17.1272869110107
1058,248.2,919.493286132813
1059,248.3,117.584846496582
1060,248.4,6.1376051902771
1061,248.7,1.37769877910614
1062,248.9,10.9255180358887
1063,249.1,773.848449707031
1064,249.2,858.850769042969
1065,249.4,3.90045952796936
1066,249.7,0.851643085479736
1067,249.9,6.25630807876587
1068,250.1,332.857543945313
1069,250.2,841.4580078125
1070,250.4,8.31370830535889
1071,250.7,1.88450539112091
1072,250.9,13.9459810256958
1073,251.1,646.454162597656
1074,251.2,795.737426757813
1075,251.4,3.04474115371704
1076,251.6,0.16535159945488
1077,251.8,1.85337722301483
1078,251.9,5.31249475479126
1079,252.1,294.237487792969
1080,252.2,838.62744140625
1081,252.4,4.25717496871948
1082,252.5,1.36946153640747
1083,252.7,1.13344311714172
1084,252.9,10.9121646881104
1085,253.1,526.019958496094
1086,253.2,768.976745605469
1087,253.4,2.44229602813721
1088,253.6,0.16942685842514
1089,253.8,1.12607300281525
1090,254.0,33.6150169372559
1091,254.2,883.405639648438
1092,254.3,83.347785949707
1093,254.5,0.579641044139862
1094,254.7,0.885632514953613
1095,254.9,6.08506011962891
1096,255.1,266.242523193359
1097,255.2,660.796813964844
1098,255.4,2.83881044387817
1099,255.5,0.781669974327087
1100,255.8,1.56620132923126
1101,256.0,18.8864135742188
1102,256.2,842.572387695313
1103,256.3,714.266174316406
1104,256.4,15.4524412155151
1105,256.7,0.879476308822632
1106,256.8,0.990635573863983
1107,257.0,20.1432418823242
1108,257.2,711.601379394531
1109,257.3,219.776473999023
1110,257.5,1.06390357017517
1111,257.7,0.503771781921387
1112,257.9,4.9480619430542
1113,258.1,248.362091064453
1114,258.2,703.668151855469
1115,258.4,6.37501096725464
1116,258.6,0.301829546689987
1117,258.8,1.27451658248901
1118,259.0,23.1187896728516
1119,259.1,162.565414428711
1120,259.2,680.292297363281
1121,259.4,5.66678237915039
1122,259.5,1.1933581829071
1123,259.8,1.2240526676178
1124,260.0,21.0639038085938
1125,260.2,649.588073730469
1126,260.3,137.401885986328
1127,260.4,7.44524431228638
1128,260.7,0.826064348220825
1129,260.9,2.99393057823181
1130,261.1,171.156341552734
1131,261.2,531.355041503906
1132,261.3,127.283790588379
1133,261.5,1.34041440486908
1134,261.7,0.240700602531433
1135,261.9,2.37856578826904
1136,262.0,11.4090003967285
1137,262.2,685.368835449219
1138,262.3,177.565505981445
1139,262.5,1.30763900279999
1140,262.8,1.31431543827057
1141,263.0,16.69704246521
1142,263.2,726.688293457031
1143,263.3,167.89404296875
1144,263.4,21.8129711151123
1145,263.6,0.188155725598335
1146,263.8,1.09355759620667
1147,264.0,17.4461975097656
1148,264.2,628.008422851563
1149,264.3,202.739532470703
1150,264.4,15.9960117340088
1151,264.7,1.69947111606598
1152,264.8,2.03884506225586
1153,265.0,77.3858489990234
1154,265.2,1250.15197753906
1155,265.3,87.7877426147461
1156,265.5,1.07231426239014
1157,265.7,0.296540349721909
1158,265.9,4.99930620193481
1159,266.1,280.681427001953
1160,266.2,602.977111816406
1161,266.4,10.4287700653076
1162,266.7,2.82771182060242
1163,266.9,33.301830291748
1164,267.1,1706.46752929688
1165,267.2,504.780120849609
1166,267.4,1.89222228527069
1167,267.7,1.00303471088409
1168,267.8,3.0565333366394
1169,268.0,94.9528274536133
1170,268.2,887.264038085938
1171,268.3,61.4974403381348
1172,268.4,3.90254044532776
1173,268.7,1.68195617198944
1174,268.9,15.3510799407959
1175,269.0,69.0189895629883
1176,269.2,985.259155273438
1177,269.3,58.1353492736816
1178,269.5,0.729298532009125
1179,269.8,1.80326020717621
1180,270.0,31.3965148925781
1181,270.2,597.2763671875
1182,270.3,124.360008239746
1183,270.5,0.923870623111725
1184,270.7,1.43830752372742
1185,270.9,9.14419460296631
1186,271.1,247.839248657227
1187,271.2,505.879730224609
1188,271.4,4.65637731552124
1189,271.5,0.714818358421326
1190,271.8,1.48062086105347
1191,272.0,23.8493881225586
1192,272.2,501.941375732422
1193,272.3,108.998527526855
1194,272.5,1.32012486457825
1195,272.7,0.48894476890564
1196,272.9,3.89967918395996
1197,273.0,18.4646663665771
1198,273.2,504.591094970703
1199,273.3,103.347007751465
1200,273.4,6.1905837059021
1201,273.6,0.930373728275299
1202,273.9,3.76042652130127
1203,274.1,140.087661743164
1204,274.2,484.36962890625
1205,274.4,8.00424861907959
1206,274.5,1.70649445056915
1207,274.7,0.316136300563812
1208,274.9,4.3929591178894
1209,275.1,135.395126342773
1210,275.2,497.012298583984
1211,275.4,9.52848339080811
1212,275.6,0.936443269252777
1213,275.9,2.54183650016785
1214,276.0,14.5745248794556
1215,276.2,528.595153808594
1216,276.3,143.89404296875
1217,276.4,12.5264024734497
1218,276.6,0.956299304962158
1219,276.9,3.3623514175415
1220,277.0,16.0335559844971
1221,277.2,522.241149902344
1222,277.3,136.210876464844
1223,277.5,1.25726175308228
1224,277.8,0.834995210170746
1225,278.0,14.2544870376587
1226,278.2,490.040924072266
1227,278.4,525.703735351563
1228,278.5,1.48088097572327
1229,278.6,0.923437118530273
1230,278.9,4.3619179725647
1231,279.0,20.3901844024658
1232,279.2,502.236450195313
1233,279.3,285.389129638672
1234,279.5,1.13569760322571
1235,279.6,0.814532220363617
1236,279.9,2.21832990646362
1237,280.1,63.8659515380859
1238,280.3,813.127380371094
1239,280.4,97.6852493286133
1240,280.6,0.423220336437225
1241,280.8,1.94606781005859
1242,281.0,123.210784912109
1243,281.1,9173.408203125
1244,281.3,94.0720520019531
1245,281.5,0.223272353410721
1246,281.7,0.545651614665985
1247,281.9,19.0926036834717
1248,282.1,2164.23657226563
1249,282.2,825.669738769531
1250,282.4,4.45599603652954
1251,282.6,0.536287188529968
1252,282.8,4.43301820755005
1253,283.0,53.8459205627441
1254,283.1,2335.36328125
1255,283.3,49.5781669616699
1256,283.5,0.40171679854393
1257,283.7,0.59941041469574
1258,283.9,4.82025480270386
1259,284.1,365.263244628906
1260,284.2,562.799194335938
1261,284.4,15.0443077087402
1262,284.7,2.18321347236633
1263,284.9,16.3456172943115
1264,285.1,486.793884277344
1265,285.2,531.887023925781
1266,285.4,3.28630876541138
1267,285.7,0.665828466415405
1268,285.9,5.92430400848389
1269,286.1,188.166915893555
1270,286.2,314.955688476563
1271,286.3,94.9100875854492
1272,286.5,1.83915722370148
1273,286.7,0.659065306186676
1274,286.9,7.16960048675537
1275,287.1,215.179397583008
1276,287.2,352.922729492188
1277,287.3,101.580078125
1278,287.5,0.803780436515808
1279,287.8,1.21026623249054
1280,288.0,20.1067371368408
1281,288.2,387.653869628906
1282,288.3,117.387580871582
1283,288.5,1.63695478439331
1284,288.8,2.07283449172974
1285,289.0,21.456169128418
1286,289.2,399.283447265625
1287,289.3,119.118789672852
1288,289.5,0.764155030250549
1289,289.7,0.664007604122162
1290,289.9,3.6412034034729
1291,290.1,106.600448608398
1292,290.2,359.666076660156
1293,290.4,11.842625617981
1294,290.7,1.05393218994141
1295,290.8,0.538108050823212
1296,291.0,17.1406402587891
1297,291.1,90.5590896606445
1298,291.2,357.499359130859
1299,291.4,12.7658023834229
1300,291.7,0.76389491558075
1301,291.8,0.654122948646545
1302,292.0,15.058180809021
1303,292.2,322.531616210938
1304,292.3,130.886840820313
1305,292.4,18.6649608612061
1306,292.6,0.582762479782104
1307,292.8,1.54105615615845
1308,293.0,21.3972949981689
1309,293.2,333.286224365234
1310,293.3,138.507583618164
1311,293.5,1.21798312664032
1312,293.6,0.640163004398346
1313,293.9,3.49093914031982
1314,294.1,101.765800476074
1315,294.2,397.892211914063
1316,294.4,39.9416465759277
1317,294.7,1.14748978614807
1318,294.8,1.09329748153687
1319,295.0,20.4165439605713
1320,295.2,538.087585449219
1321,295.3,109.529960632324
1322,295.4,14.4716901779175
1323,295.7,0.778114974498749
1324,295.8,0.718113243579865
1325,296.0,21.9582061767578
1326,296.2,363.339447021484
1327,296.3,107.601928710938
1328,296.4,11.7440385818481
1329,296.6,0.796670436859131
1330,296.8,1.70632100105286
1331,297.0,22.1687335968018
1332,297.2,387.709350585938
1333,297.3,107.088790893555
1334,297.5,1.527703166008
1335,297.8,1.250932097435
1336,298.0,19.3757038116455
1337,298.1,93.1375198364258
1338,298.2,308.137176513672
1339,298.4,12.1297149658203
1340,298.7,1.11211311817169
1341,298.9,4.72981882095337
1342,299.1,255.584243774414
1343,299.2,423.019256591797
1344,299.4,6.0893087387085
1345,299.7,0.71880692243576
1346,299.9,3.54183650016785
1347,300.1,130.327667236328
1348,300.2,318.004150390625
1349,300.4,9.59351444244385
1350,300.6,0.541489660739899
1351,300.8,1.46405971050262
1352,300.9,3.76103353500366
1353,301.1,128.565246582031
1354,301.2,320.547729492188
1355,301.4,8.23671245574951
1356,301.7,0.609902024269104
1357,301.9,4.01309299468994
1358,302.1,91.276252746582
1359,302.2,287.619354248047
1360,302.4,17.9512710571289
1361,302.5,2.09971380233765
1362,302.8,1.30642509460449
1363,303.0,16.0371112823486
1364,303.2,261.435546875
1365,303.3,120.949798583984
1366,303.5,1.65793812274933
1367,303.7,0.84097808599472
1368,303.8,0.859706938266754
1369,304.0,14.8212089538574
1370,304.1,67.0642471313477
1371,304.2,264.9150390625
1372,304.4,15.7809762954712
1373,304.6,1.31344830989838
1374,304.8,0.991849482059479
1375,305.0,15.2006416320801
1376,305.2,225.832473754883
1377,305.3,108.039451599121
1378,305.4,17.7351951599121
1379,305.7,1.0821121931076
1380,305.9,3.03789114952087
1381,306.1,72.0522003173828
1382,306.2,249.775085449219
1383,306.4,18.5873584747314
1384,306.7,1.31630969047546
1385,306.8,0.827971935272217
1386,307.0,16.5507678985596
1387,307.2,210.392272949219
1388,307.3,110.350387573242
1389,307.5,2.48434925079346
1390,307.7,0.417237490415573
1391,307.9,3.15087151527405
1392,308.1,69.2413940429688
1393,308.2,241.890060424805
1394,308.4,20.5346393585205
1395,308.5,3.24156761169434
1396,308.8,1.72687077522278
1397,309.0,20.3118877410889
1398,309.1,71.5047225952148
1399,309.2,239.956466674805
1400,309.4,18.3006153106689
1401,309.5,1.81574606895447
1402,309.7,0.651435017585754
1403,309.9,3.77299928665161
1404,310.1,77.7615509033203
1405,310.2,143.997665405273
1406,310.3,117.896728515625
1407,310.5,3.20055484771729
1408,310.7,0.60834127664566
1409,310.9,5.70918226242065
1410,311.0,23.4645805358887
1411,311.2,264.489471435547
1412,311.3,82.5176467895508
1413,311.4,10.9203157424927
1414,311.7,1.30495095252991
1415,311.8,1.05852770805359
1416,312.0,18.7111759185791
1417,312.2,211.17610168457
1418,312.3,101.652473449707
1419,312.5,3.17905139923096
1420,312.8,1.71030950546265
1421,313.0,15.7484607696533
1422,313.2,280.929168701172
1423,313.3,213.683685302734
1424,313.5,1.77915549278259
1425,313.7,1.38662970066071
1426,313.8,0.751235604286194
1427,314.0,15.8971643447876
1428,314.2,211.653869628906
1429,314.3,119.3046875
1430,314.5,2.9701726436615
1431,314.7,0.70068496465683
1432,314.9,3.7514955997467
1433,315.0,15.9094772338867
1434,315.2,211.413330078125
1435,315.3,93.72314453125
1436,315.4,14.5011701583862
1437,315.6,1.09199690818787
1438,315.9,3.74828743934631
1439,316.1,70.8375091552734
1440,316.2,205.243301391602
1441,316.4,25.2426090240479
1442,316.6,1.19344484806061
1443,316.9,4.4781928062439
1444,317.1,71.4368362426758
1445,317.2,211.566467285156
1446,317.4,21.7691841125488
1447,317.6,1.03017425537109
1448,317.9,4.04179334640503
1449,318.1,61.1731567382813
1450,318.2,192.746810913086
1451,318.4,20.6681690216064
1452,318.6,1.39998269081116
1453,318.8,0.809589862823486
1454,319.0,14.4667472839355
1455,319.1,51.4331932067871
1456,319.2,190.785400390625
1457,319.4,18.1702079772949
1458,319.6,0.717419564723969
1459,319.8,1.11809587478638
1460,320.0,11.6070404052734
1461,320.2,146.43180847168
1462,320.3,83.9038391113281
1463,320.4,22.6040058135986
1464,320.6,1.57643282413483
1465,320.9,3.04248666763306
1466,321.1,56.9458084106445
1467,321.2,173.92594909668
1468,321.4,21.0102310180664
1469,321.6,0.518338680267334
1470,321.8,1.68949973583221
1471,322.0,12.9644498825073
1472,322.2,134.613891601563
1473,322.3,80.5421829223633
1474,322.4,24.3019161224365
1475,322.6,1.3321772813797
1476,322.8,3.13777852058411
1477,322.9,5.81375169754028
1478,323.1,98.7028503417969
1479,323.2,188.449584960938
1480,323.4,16.827278137207
1481,323.6,0.686291515827179
1482,323.8,2.23757910728455
1483,323.9,4.14774990081787
1484,324.1,66.6005401611328
1485,324.2,100.499870300293
1486,324.3,96.1230392456055
1487,324.5,4.057053565979
1488,324.7,3.82797193527222
1489,324.9,21.4455909729004
1490,325.1,295.57373046875
1491,325.2,208.326019287109
1492,325.4,6.49145936965942
1493,325.7,1.71360445022583
1494,325.9,9.84834861755371
1495,326.1,122.404922485352
1496,326.2,119.199951171875
1497,326.3,67.8683776855469
1498,326.5,3.04621529579163
1499,326.7,5.16335725784302
1500,326.9,33.8733215332031
1501,327.1,604.607238769531
1502,327.2,162.018463134766
1503,327.3,24.283447265625
1504,327.5,0.550854086875916
1505,327.7,2.0804648399353
1506,327.9,15.6577644348145
1507,328.1,188.789047241211
1508,328.2,189.381942749023
1509,328.4,12.112286567688
1510,328.7,2.96444988250732
1511,328.9,15.2250928878784
1512,329.1,172.021682739258
1513,329.2,135.269485473633
1514,329.3,59.1876373291016
1515,329.5,1.87878262996674
1516,329.8,2.03459644317627
1517,330.0,24.8902282714844
1518,330.2,188.154342651367
1519,330.3,68.4074401855469
1520,330.4,20.059741973877
1521,330.7,2.17861795425415
1522,330.9,6.47550487518311
1523,331.1,83.5559692382813
1524,331.2,169.557525634766
1525,331.4,19.5997581481934
1526,331.7,1.66816961765289
1527,331.9,4.61302328109741
1528,332.1,56.613109588623
1529,332.3,151.659851074219
1530,332.4,22.0861015319824
1531,332.6,1.85623860359192
1532,332.8,0.906615793704987
1533,333.0,12.4024972915649
1534,333.2,117.518081665039
1535,333.3,66.92578125
1536,333.4,23.7974510192871
1537,333.6,1.35818958282471
1538,333.8,0.95248419046402
1539,334.0,11.5063734054565
1540,334.2,102.678398132324
1541,334.3,86.8535537719727
1542,334.5,4.71455812454224
1543,334.8,1.76519548892975
1544,335.0,12.6385154724121
1545,335.2,97.0841903686523
1546,335.3,80.7182006835938
1547,335.5,4.42486763000488
1548,335.7,0.521286725997925
1549,335.9,2.47680568695068
1550,336.1,44.1413345336914
1551,336.3,130.407089233398
1552,336.4,27.5597858428955
1553,336.6,2.01101183891296
1554,336.9,3.88502550125122
1555,337.1,45.5871849060059
1556,337.2,71.5824127197266
1557,337.3,86.8527679443359
1558,337.5,4.23870611190796
1559,337.8,1.22890830039978
1560,338.0,14.3401546478271
1561,338.1,31.7609462738037
1562,338.3,122.80256652832
1563,338.4,26.3450965881348
1564,338.6,3.02237057685852
1565,338.9,8.67883491516113
1566,339.1,109.93643951416
1567,339.2,111.895950317383
1568,339.3,62.6609725952148
1569,339.5,2.00754356384277
1570,339.7,1.42556142807007
1571,339.9,5.72730445861816
1572,340.0,16.4763717651367
1573,340.2,109.338333129883
1574,340.3,57.4639739990234
1575,340.5,3.77820158004761
1576,340.8,9.33070278167725
1577,341.0,167.505767822266
1578,341.1,902.830383300781
1579,341.2,293.327941894531
1580,341.4,2.45538878440857
1581,341.7,1.67111766338348
1582,341.8,4.01335287094116
1583,342.0,82.6937484741211
1584,342.1,443.497009277344
1585,342.3,36.3932189941406
1586,342.4,8.7279109954834
1587,342.7,2.48634362220764
1588,342.9,14.5930805206299
1589,343.1,300.420867919922
1590,343.2,215.130401611328
1591,343.3,54.0557518005371
1592,343.5,0.856412053108215
1593,343.7,1.14350128173828
1594,343.9,7.7725658416748
1595,344.0,25.5422706604004
1596,344.2,238.881042480469
1597,344.3,76.0748291015625
1598,344.5,4.37388372421265
1599,344.8,4.055579662323
1600,344.9,7.11636161804199
1601,345.1,118.604354858398
1602,345.2,130.656295776367
1603,345.3,71.5709686279297
1604,345.5,2.88701987266541
1605,345.7,0.739356637001038
1606,345.9,5.80846261978149
1607,346.1,54.9750289916992
1608,346.2,128.857879638672
1609,346.4,23.2922058105469
1610,346.6,1.26801347732544
1611,346.8,2.83118009567261
1612,347.0,18.3021755218506
1613,347.2,105.977890014648
1614,347.3,68.0500335693359
1615,347.5,3.92066240310669
1616,347.7,0.570710122585297
1617,347.9,4.19405174255371
1618,348.1,38.2785034179688
1619,348.2,51.2584762573242
1620,348.3,69.4490585327148
1621,348.5,4.12633323669434
1622,348.6,1.93245470523834
1623,348.9,4.0244517326355
1624,349.1,34.1155815124512
1625,349.2,45.963321685791
1626,349.3,66.8667297363281
1627,349.5,3.62524938583374
1628,349.6,2.06329655647278
1629,349.9,3.57010316848755
1630,350.1,32.0929489135742
1631,350.2,46.4372673034668
1632,350.3,65.382209777832
1633,350.5,5.25769519805908
1634,350.8,1.6654816865921
1635,350.9,2.17688369750977
1636,351.1,32.6841239929199
1637,351.3,92.4434204101563
1638,351.4,15.541576385498
1639,351.5,4.70510721206665
1640,351.8,1.7770744562149
1641,352.0,11.6205673217773
1642,352.2,68.3270645141602
1643,352.3,57.0362434387207
1644,352.5,6.45842361450195
1645,352.8,1.75704503059387
1646,353.0,16.0146541595459
1647,353.1,34.5707092285156
1648,353.2,102.015258789063
1649,353.4,16.8793888092041
1650,353.5,4.15208530426025
1651,353.8,1.71620571613312
1652,354.0,12.9833517074585
1653,354.1,22.765022277832
1654,354.2,56.112979888916
1655,354.4,7.62134742736816
1656,354.5,1.45885717868805
1657,354.8,5.34665727615356
1658,355.0,81.0424880981445
1659,355.1,2067.04736328125
1660,355.3,35.5790328979492
1661,355.6,1.04508805274963
1662,355.8,3.08367300033569
1663,356.0,49
1664,356.1,383.551208496094
1665,356.2,416.860748291016
1666,356.4,6.62863111495972
1667,356.7,1.7223619222641
1668,356.8,2.25743508338928
1669,357.0,43.4764595031738
1670,357.2,616.329406738281
1671,357.3,54.1272888183594
1672,357.5,1.05696702003479
1673,357.7,0.805774748325348
1674,357.9,5.44108200073242
1675,358.1,102.919708251953
1676,358.2,196.158416748047
1677,358.4,19.9371376037598
1678,358.7,2.2785918712616
1679,358.9,6.68160915374756
1680,359.1,110.483047485352
1681,359.2,192.817474365234
1682,359.4,14.4680480957031
1683,359.6,1.27694439888
1684,359.9,4.77195882797241
1685,360.1,49.0065040588379
1686,360.2,60.6933135986328
1687,360.3,102.088790893555
1688,360.5,5.43154430389404
1689,360.8,2.53134489059448
1690,361.0,15.4721231460571
1691,361.1,31.5024719238281
1692,361.3,113.095291137695
1693,361.4,23.095552444458
1694,361.5,5.83473491668701
1695,361.7,0.783230721950531
1696,361.9,3.16942691802979
1697,362.0,8.24789714813232
1698,362.2,62.8806915283203
1699,362.3,50.9014129638672
1700,362.4,46.1225166320801
1701,362.6,2.69791030883789
1702,362.9,4.49180603027344
1703,363.1,32.0105781555176
1704,363.3,88.515998840332
1705,363.4,31.7773342132568
1706,363.6,2.15650749206543
1707,363.9,3.72851824760437
1708,364.1,25.3661670684814
1709,364.3,70.9577713012695
1710,364.4,25.8508625030518
1711,364.6,1.95309114456177
1712,364.9,3.84730768203735
1713,365.1,26.8212947845459
1714,365.2,30.9260387420654
1715,365.3,51.8801689147949
1716,365.5,4.30590486526489
1717,365.6,2.00745677947998
1718,365.8,0.725743532180786
1719,366.0,7.76901054382324
1720,366.2,44.9484939575195
1721,366.3,47.6261177062988
1722,366.5,4.93973827362061
1723,366.6,1.95812022686005
1724,366.9,4.41272878646851
1725,367.0,9.48079395294189
1726,367.2,63.0543670654297
1727,367.3,53.4973564147949
1728,367.5,6.02661943435669
1729,367.8,1.7480274438858
1730,368.0,13.5822420120239
1731,368.2,82.1293716430664
1732,368.3,36.5758247375488
1733,368.4,22.0781230926514
1734,368.6,3.03589701652527
1735,368.9,3.91372585296631
1736,369.0,16.7163791656494
1737,369.2,135.043273925781
1738,369.3,64.0904388427734
1739,369.5,3.17020726203918
1740,369.7,1.49700856208801
1741,369.8,0.695048987865448
1742,370.0,14.5526752471924
1743,370.1,30.8119316101074
1744,370.3,92.5721817016602
1745,370.4,23.777681350708
1746,370.6,3.42469429969788
1747,370.9,5.98976850509644
1748,371.1,56.7268714904785
1749,371.3,130.367126464844
1750,371.4,30.7251358032227
1751,371.6,2.15893530845642
1752,371.8,1.02523195743561
1753,372.0,12.4422092437744
1754,372.1,23.4605045318604
1755,372.3,97.7171630859375
1756,372.4,32.958553314209
1757,372.6,2.58718466758728
1758,372.8,2.91554665565491
1759,373.0,20.8077697753906
1760,373.2,132.325332641602
1761,373.3,64.969482421875
1762,373.5,4.54513120651245
1763,373.8,1.60946846008301
1764,374.0,12.0315618515015
1765,374.2,68.0007781982422
1766,374.3,98.4336242675781
1767,374.5,8.41064739227295
1768,374.8,2.26298451423645
1769,375.0,12.2746896743774
1770,375.2,63.9177131652832
1771,375.3,71.6458892822266
1772,375.5,8.32246589660645
1773,375.8,1.8346483707428
1774,376.0,6.77429962158203
1775,376.2,43.8164405822754
1776,376.3,48.8102836608887
1777,376.4,72.8946533203125
1778,376.6,2.27347612380981
1779,376.9,2.93098068237305
1780,377.0,5.55388879776001
1781,377.2,42.8293609619141
1782,377.3,64.4076995849609
1783,377.5,8.00893115997314
1784,377.7,1.46900200843811
1785,378.0,5.30208969116211
1786,378.1,12.8459205627441
1787,378.3,61.085147857666
1788,378.4,39.6720695495605
1789,378.6,1.78956043720245
1790,378.8,1.93245470523834
1791,379.0,7.23636531829834
1792,379.2,33.4600715637207
1793,379.3,44.0811576843262
1794,379.5,7.31188774108887
1795,379.8,1.59438133239746
1796,379.9,1.48729729652405
1797,380.1,17.1105518341064
1798,380.3,46.8481750488281
1799,380.4,26.4823551177979
1800,380.6,2.55943822860718
1801,380.9,3.07066679000854
1802,381.0,5.33807325363159
1803,381.2,34.5384559631348
1804,381.3,40.6458854675293
1805,381.5,5.29723405838013
1806,381.6,2.62750363349915
1807,381.9,3.31015348434448
1808,382.1,35.2850074768066
1809,382.3,77.6443252563477
1810,382.4,28.5194664001465
1811,382.6,5.40206384658813
1812,382.9,7.78583192825317
1813,383.1,40.0035552978516
1814,383.2,62.283447265625
1815,383.4,18.8623085021973
1816,383.6,3.18928289413452
1817,383.9,4.62498903274536
1818,384.0,8.37197589874268
1819,384.2,41.1791381835938
1820,384.3,25.0819396972656
1821,384.4,23.4130764007568
1822,384.6,5.8562388420105
1823,384.9,14.4139423370361
1824,385.0,23.4083938598633
1825,385.2,89.9207458496094
1826,385.3,37.1387329101563
1827,385.5,4.5233678817749
1828,385.6,3.58241558074951
1829,385.9,7.11488771438599
1830,386.1,30.5468654632568
1831,386.3,63.0500297546387
1832,386.4,27.6031379699707
1833,386.6,4.18607473373413
1834,386.8,7.54677867889404
1835,387.0,35.6438903808594
1836,387.1,53.2552680969238
1837,387.2,94.2383575439453
1838,387.4,12.878002166748
1839,387.5,6.78747940063477
1840,387.7,1.17462933063507
1841,387.9,7.60296535491943
1842,388.1,35.6421585083008
1843,388.2,32.4383087158203
1844,388.3,45.4628448486328
1845,388.5,8.89967918395996
1846,388.8,4.36764049530029
1847,389.0,15.7294721603394
1848,389.2,53.2283897399902
1849,389.3,42.3104133605957
1850,389.5,6.92794609069824
1851,389.8,2.35680222511292
1852,389.9,2.29315876960754
1853,390.1,17.974681854248
1854,390.3,48.9856948852539
1855,390.4,15.3274946212769
1856,390.5,7.67354536056519
1857,390.7,0.842798948287964
1858,390.9,3.42157292366028
1859,391.0,5.40657234191895
1860,391.2,35.504638671875
1861,391.3,33.1972618103027
1862,391.5,6.8037805557251
1863,391.8,1.57140374183655
1864,392.0,5.51322269439697
1865,392.2,29.0125732421875
1866,392.3,24.0665912628174
1867,392.4,25.9942779541016
1868,392.6,2.52683591842651
1869,392.9,2.46605396270752
1870,393.1,12.9967050552368
1871,393.3,33.0949440002441
1872,393.4,13.770224571228
1873,393.5,6.58761835098267
1874,393.7,1.44160234928131
1875,393.9,1.35489463806152
1876,394.1,12.2840547561646
1877,394.3,35.1041374206543
1878,394.4,15.8368158340454
1879,394.5,7.89083480834961
1880,394.8,1.35281372070313
1881,395.0,4.1427206993103
1882,395.2,24.012659072876
1883,395.4,30.6392097473145
1884,395.5,6.54322385787964
1885,395.6,2.58952569961548
1886,395.8,0.868204295635223
1887,396.0,6.11454105377197
1888,396.2,25.9410381317139
1889,396.3,34.7227935791016
1890,396.5,6.72643709182739
1891,396.6,3.07595586776733
1892,396.9,3.03546357154846
1893,397.1,15.2923784255981
1894,397.3,34.6862030029297
1895,397.4,17.9215297698975
1896,397.6,2.50776028633118
1897,397.9,2.24798393249512
1898,398.1,13.0002603530884
1899,398.2,14.957859992981
1900,398.3,26.750020980835
1901,398.5,9.02566528320313
1902,398.8,7.70406675338745
1903,399.0,33.3377265930176
1904,399.2,86.0538482666016
1905,399.3,30.5835437774658
1906,399.5,4.39937591552734
1907,399.7,1.61441087722778
1908,399.9,6.57487201690674
1909,400.1,29.4384803771973
1910,400.2,38.3188247680664
1911,400.4,8.61172294616699
1912,400.5,5.65273571014404
1913,400.8,10.7075347900391
1914,401.0,125.661056518555
1915,401.1,222.025833129883
1916,401.2,116.532035827637
1917,401.4,3.7521026134491
1918,401.6,1.01300621032715
1919,401.8,6.70051145553589
1920,401.9,14.4946670532227
1921,402.1,112.372406005859
1922,402.2,79.0587005615234
1923,402.4,10.3342580795288
1924,402.7,5.48729753494263
1925,402.8,6.22622060775757
1926,403.0,47.9911575317383
1927,403.1,59.7891273498535
1928,403.2,74.8792190551758
1929,403.4,8.88433170318604
1930,403.7,2.6370415687561
1931,403.9,7.59594202041626
1932,404.1,32.1417655944824
1933,404.2,46.1777496337891
1934,404.4,13.4777593612671
1935,404.6,3.95933413505554
1936,404.9,8.02341079711914
1937,405.0,10.841498374939
1938,405.2,47.0095367431641
1939,405.3,17.5864906311035
1940,405.4,12.9675712585449
1941,405.6,2.43128418922424
1942,405.9,3.39920234680176
1943,406.0,4.72002077102661
1944,406.2,26.3839416503906
1945,406.3,15.4299831390381
1946,406.4,15.2680139541626
1947,406.6,2.76441526412964
1948,406.8,1.08818173408508
1949,407.0,7.21624898910522
1950,407.2,25.2941989898682
1951,407.3,15.0542793273926
1952,407.4,13.269660949707
1953,407.6,2.17584323883057
1954,407.9,1.94242608547211
1955,408.0,3.1931848526001
1956,408.2,19.4472389221191
1957,408.3,13.7596464157104
1958,408.4,16.4670085906982
1959,408.6,2.53646063804626
1960,408.9,2.04890322685242
1961,409.1,8.30408382415771
1962,409.3,22.7513217926025
1963,409.4,14.7462930679321
1964,409.6,2.60634708404541
1965,409.8,0.659672260284424
1966,410.0,3.92863965034485
1967,410.1,6.8826847076416
1968,410.3,30.7288646697998
1969,410.4,15.1360445022583
1970,410.5,9.97971057891846
1971,410.7,0.815225899219513
1972,410.9,2.15130496025085
1973,411.1,8.92543125152588
1974,411.3,24.6004505157471
1975,411.4,19.1921443939209
1976,411.6,2.01907563209534
1977,411.7,1.46275901794434
1978,411.9,0.865342915058136
1979,412.1,8.13040828704834
1980,412.3,22.1710739135742
1981,412.4,14.6387758255005
1982,412.6,3.88199090957642
1983,412.8,1.96566379070282
1984,413.0,9.66790962219238
1985,413.2,30.0110988616943
1986,413.3,26.0461292266846
1987,413.5,4.32307291030884
1988,413.6,2.87548780441284
1989,413.9,2.70111846923828
1990,414.1,11.158501625061
1991,414.2,11.6707706451416
1992,414.3,14.9140729904175
1993,414.5,2.04283356666565
1994,414.7,3.0260124206543
1995,414.9,15.4659671783447
1996,415.1,255.327667236328
1997,415.2,239.001647949219
1998,415.4,4.83300113677979
1999,415.5,1.98734068870544
2000,415.8,3.8040406703949
2001,416.0,37.9752006530762
2002,416.2,153.785049438477
2003,416.3,44.2152938842773
2004,416.5,2.5568368434906
2005,416.7,3.11306691169739
2006,416.9,10.89404296875
2007,417.1,92.356803894043
2008,417.2,111.385238647461
2009,417.4,8.65958595275879
2010,417.7,1.65525019168854
2011,417.8,1.66262030601501
2012,418.0,15.6366081237793
2013,418.2,51.3198661804199
2014,418.3,29.5209407806396
2015,418.5,5.58319616317749
2016,418.8,2.94225263595581
2017,419.0,13.9013261795044
2018,419.2,46.6489219665527
2019,419.3,34.0327758789063
2020,419.5,5.63634777069092
2021,419.8,1.5280499458313
2022,420.0,6.23012208938599
2023,420.2,21.6021842956543
2024,420.3,21.7818431854248
2025,420.5,4.43900108337402
2026,420.6,2.75062870979309
2027,420.9,4.11792230606079
2028,421.1,18.1403789520264
2029,421.3,31.7543563842773
2030,421.4,13.5399284362793
2031,421.6,1.83776986598969
2032,421.8,0.636174440383911
2033,422.0,3.72843146324158
2034,422.2,15.9254312515259
2035,422.3,17.9843921661377
2036,422.5,3.60730075836182
2037,422.6,2.29992198944092
2038,422.9,2.32472038269043
2039,423.1,8.31908416748047
2040,423.3,17.2239665985107
2041,423.4,10.8607473373413
2042,423.6,2.38819050788879
2043,423.9,1.71126329898834
2044,424.0,1.76268100738525
2045,424.2,9.62915134429932
2046,424.3,7.54036235809326
2047,424.4,10.3718891143799
2048,424.6,1.93436229228973
2049,424.9,1.46856844425201
2050,425.0,1.56646144390106
2051,425.2,10.1454954147339
2052,425.3,7.40978050231934
2053,425.4,9.36521244049072
2054,425.6,2.04959678649902
2055,425.8,0.634613692760468
2056,426.0,2.31024026870728
2057,426.2,8.28362083435059
2058,426.3,6.19908094406128
2059,426.4,9.60157775878906
2060,426.6,2.77993583679199
2061,426.8,0.748981177806854
2062,427.0,4.38350820541382
2063,427.2,13.0182952880859
2064,427.3,14.991415977478
2065,427.5,4.79762411117554
2066,427.7,1.54816615581512
2067,427.9,0.955518960952759
2068,428.1,6.14185380935669
2069,428.3,11.5372409820557
2070,428.4,3.28327417373657
2071,428.5,1.71143674850464
2072,428.8,2.79086089134216
2073,429.0,39.3005294799805
2074,429.2,461.488952636719
2075,429.3,50.154598236084
2076,429.6,1.40891349315643
2077,429.8,2.17991852760315
2078,430.0,29.3519458770752
2079,430.2,177.986129760742
2080,430.3,67.1777496337891
2081,430.5,12.0534982681274
2082,430.7,1.97294723987579
2083,430.9,7.38437509536743
2084,431.1,84.9384384155273
2085,431.2,89.9288101196289
2086,431.3,52.1065635681152
2087,431.5,4.92248344421387
2088,431.7,1.42660188674927
2089,431.8,1.41567671298981
2090,432.0,13.8934364318848
2091,432.2,49.313533782959
2092,432.3,32.2233581542969
2093,432.5,2.5314314365387
2094,432.7,2.41931843757629
2095,432.8,1.66973030567169
2096,433.0,15.4137687683105
2097,433.2,56.4773254394531
2098,433.3,33.6438903808594
2099,433.5,3.40327763557434
2100,433.7,0.577473342418671
2101,433.9,2.62854409217834
2102,434.0,5.27746486663818
2103,434.2,24.2659320831299
2104,434.3,21.047082901001
2105,434.5,4.16803932189941
2106,434.8,1.51625764369965
2107,435.0,5.57478523254395
2108,435.2,17.8391571044922
2109,435.3,17.417064666748
2110,435.5,3.92907309532166
2111,435.7,0.458423644304276
2112,435.9,1.3073787689209
2113,436.1,5.81019687652588
2114,436.3,11.1439352035522
2115,436.4,7.11584138870239
2116,436.6,1.90123987197876
2117,436.8,0.788866758346558
2118,437.0,2.94424700737
2119,437.2,9.23124980926514
2120,437.3,11.5223274230957
2121,437.5,3.57175064086914
2122,437.8,0.994884252548218
2123,438.0,2.11254668235779
2124,438.1,2.56637477874756
2125,438.3,9.17584323883057
2126,438.4,6.78678560256958
2127,438.6,1.56975638866425
2128,438.9,1.07326805591583
2129,439.0,1.10422265529633
2130,439.2,6.20003461837769
2131,439.3,4.43475246429443
2132,439.4,6.54599857330322
2133,439.6,1.22752106189728
2134,439.8,0.370328634977341
2135,440.0,1.47853982448578
2136,440.2,5.5316047668457
2137,440.4,8.50177764892578
2138,440.5,3.66652226448059
2139,440.8,1.69730341434479
2140,441.0,2.7227954864502
2141,441.2,8.85164356231689
2142,441.3,9.94277286529541
2143,441.5,2.67250490188599
2144,441.6,1.93548941612244
2145,441.9,1.11818265914917
2146,442.1,3.42035889625549
2147,442.3,8.05549335479736
2148,442.4,7.25717496871948
2149,442.6,2.18928289413452
2150,442.9,2.72834467887878
2151,443.0,2.95803356170654
2152,443.2,11.6455392837524
2153,443.3,12.3868894577026
2154,443.5,2.50897431373596
2155,443.6,1.95083677768707
2156,443.8,0.611983001232147
2157,444.0,2.48590993881226
2158,444.2,9.0156078338623
2159,444.3,5.35298728942871
2160,444.5,7.1998610496521
2161,444.7,3.44021511077881
2162,444.8,2.61553812026978
2163,445.0,10.2766847610474
2164,445.2,25.4422092437744
2165,445.3,16.5172119140625
2166,445.5,3.06815218925476
2167,445.7,2.09303736686707
2168,445.9,2.9721667766571
2169,446.0,3.23194313049316
2170,446.2,12.456862449646
2171,446.3,6.76207399368286
2172,446.4,7.9428596496582
2173,446.6,1.30989336967468
2174,446.8,3.04205322265625
2175,446.9,3.18460083007813
2176,447.1,14.9085235595703
2177,447.2,9.88121032714844
2178,447.3,14.5286569595337
2179,447.5,3.59099984169006
2180,447.7,0.730078876018524
2181,447.9,2.3353853225708
2182,448.0,2.80265331268311
2183,448.2,11.0399723052979
2184,448.3,10.7462062835693
2185,448.5,3.72504997253418
2186,448.8,1.56793546676636
2187,449.0,3.73796939849854
2188,449.2,9.75600433349609
2189,449.3,9.80464744567871
2190,449.5,2.9156334400177
2191,449.7,0.344836562871933
2192,449.9,1.01508712768555
2193,450.1,3.30018210411072
2194,450.3,6.55224132537842
2195,450.4,5.08506011962891
2196,450.6,1.4444637298584
2197,450.8,0.499176263809204
2198,451.0,1.85779941082001
2199,451.2,5.1427206993103
2200,451.3,3.48521637916565
2201,451.4,5.0270528793335
2202,451.6,1.52093994617462
2203,451.8,0.348131448030472
2204,452.0,1.71022284030914
2205,452.2,4.2818865776062
2206,452.4,6.54070949554443
2207,452.5,2.16491794586182
2208,452.7,1.35628199577332
2209,452.8,0.431717693805695
2210,453.0,1.49076557159424
2211,453.1,1.73250675201416
2212,453.3,4.41931867599487
2213,453.4,3.91311883926392
2214,453.6,1.54001557826996
2215,453.9,0.991849482059479
2216,454.1,2.02661919593811
2217,454.3,4.61883306503296
2218,454.5,4.21503496170044
2219,454.6,1.27677094936371
2220,454.9,0.880516767501831
2221,455.1,2.1635308265686
2222,455.3,5.10717058181763
2223,455.4,4.54677867889404
2224,455.6,1.23575830459595
2225,455.9,0.654903292655945
2226,456.1,1.83126676082611
2227,456.3,4.66860294342041
2228,456.4,4.77117824554443
2229,456.6,1.90826320648193
2230,456.8,0.717159450054169
2231,457.0,2.40518522262573
2232,457.2,6.49119901657104
2233,457.3,5.90375423431396
2234,457.5,2.77143859863281
2235,457.7,0.526402473449707
2236,457.9,1.35454785823822
2237,458.1,2.93852424621582
2238,458.3,5.82719135284424
2239,458.4,4.80195951461792
2240,458.6,1.75418365001678
2241,458.8,6.24598979949951
2242,458.9,6.35680198669434
2243,459.1,21.7822761535645
2244,459.2,11.5818958282471
2245,459.3,11.0707530975342
2246,459.5,3.4179310798645
2247,459.8,2.8626549243927
2248,459.9,2.46752786636353
2249,460.1,9.40960693359375
2250,460.3,10.1502647399902
2251,460.4,2.74837422370911
2252,460.6,3.62672328948975
2253,460.8,8.44272994995117
2254,461.0,45.6685180664063
2255,461.1,77.2609024047852
2256,461.3,13.0060691833496
2257,461.4,5.26922750473022
2258,461.7,2.69747686386108
2259,461.8,3.08107161521912
2260,462.0,18.2527523040771
2261,462.1,17.333911895752
2262,462.2,25.9745941162109
2263,462.4,3.67883467674255
2264,462.5,4.0856671333313
2265,462.8,4.81080389022827
2266,463.0,16.3676414489746
2267,463.2,25.3044300079346
2268,463.3,11.1814794540405
2269,463.5,2.74360537528992
2270,463.7,0.881210446357727
2271,463.9,3.08939576148987
2272,464.1,6.73926973342896
2273,464.2,8.86317539215088
2274,464.4,4.35489463806152
2275,464.6,1.71403801441193
2276,464.9,2.25708842277527
2277,465.1,5.24729061126709
2278,465.3,7.78375101089478
2279,465.4,4.0861873626709
2280,465.6,1.37275648117065
2281,465.8,0.232203245162964
2282,466.0,1.45738315582275
2283,466.2,4.34787130355835
2284,466.3,2.35454773902893
2285,466.4,3.45868372917175
2286,466.6,1.29073095321655
2287,466.8,0.323246330022812
2288,467.0,1.14540886878967
2289,467.2,3.1692533493042
2290,467.4,4.28431463241577
2291,467.5,2.15260553359985
2292,467.7,0.338246762752533
2293,467.9,0.840024292469025
2294,468.1,1.55085408687592
2295,468.3,3.52952408790588
2296,468.4,2.81557273864746
2297,468.6,1.34388279914856
2298,468.8,0.598283171653748
2299,469.1,1.34613716602325
2300,469.2,1.16439783573151
2301,469.4,3.04846954345703
2302,469.5,1.89577734470367
2303,469.8,0.475071519613266
2304,470.0,0.894563436508179
2305,470.1,0.816699922084808
2306,470.3,2.65967226028442
2307,470.4,3.05809426307678
2308,470.6,1.29740738868713
2309,470.9,0.690540194511414
2310,471.1,1.79857802391052
2311,471.3,3.3091995716095
2312,471.4,2.68343019485474
2313,471.6,1.24373531341553
2314,471.9,0.466314047574997
2315,472.1,1.6682562828064
2316,472.2,1.71620571613312
2317,472.3,2.99167609214783
2318,472.6,2.64163708686829
2319,472.7,1.11506116390228
2320,472.9,4.82259607315063
2321,473.1,14.8884935379028
2322,473.2,18.4752445220947
2323,473.4,5.52978420257568
2324,473.7,1.40908694267273
2325,473.9,2.53559350967407
2326,474.1,6.70103168487549
2327,474.3,9.71585845947266
2328,474.4,3.82311630249023
2329,474.6,0.805948138237
2330,474.8,2.91233849525452
2331,475.0,33.1705551147461
2332,475.2,147.586578369141
2333,475.3,46.9133796691895
2334,475.5,1.4168906211853
2335,475.7,1.31353509426117
2336,475.8,1.94693493843079
2337,476.0,21.9734668731689
2338,476.2,61.8237228393555
2339,476.3,21.7046737670898
2340,476.4,9.2585620880127
2341,476.6,0.714558243751526
2342,476.8,3.26064348220825
2343,477.0,19.4820957183838
2344,477.2,42.9095649719238
2345,477.3,23.2255268096924
2346,477.5,1.55839765071869
2347,477.6,1.5006502866745
2348,477.9,2.93349528312683
2349,478.1,10.172287940979
2350,478.2,12.826150894165
2351,478.4,5.44194936752319
2352,478.6,0.699384391307831
2353,478.8,1.8884072303772
2354,479.0,5.08896207809448
2355,479.1,5.76320123672485
2356,479.3,12.9074831008911
2357,479.4,5.05636024475098
2358,479.6,0.88381165266037
2359,479.9,0.899679183959961
2360,480.0,1.25396692752838
2361,480.2,4.56585454940796
2362,480.3,4.74221801757813
2363,480.5,1.6668689250946
2364,480.8,1.36313188076019
2365,481.0,3.32714819908142
2366,481.2,5.32055854797363
2367,481.3,5.11306667327881
2368,481.5,1.46405971050262
2369,481.7,0.74967485666275
2370,482.0,1.01734149456024
2371,482.2,2.60617351531982
2372,482.4,2.73866295814514
2373,482.5,1.51166224479675
2374,482.7,0.32359316945076
2375,482.9,0.879216134548187
2376,483.1,1.3911384344101
2377,483.2,1.02956736087799
2378,483.4,2.4688286781311
2379,483.6,1.26272439956665
2380,483.8,0.583629608154297
2381,483.9,0.205323860049248
2382,484.1,1.0001734495163
2383,484.3,2.13127541542053
2384,484.5,2.2476372718811
2385,484.6,0.868551135063171
2386,484.8,0.180958986282349
2387,485.0,0.696436285972595
2388,485.2,1.43414545059204
2389,485.4,1.93765711784363
2390,485.5,1.28769612312317
2391,485.8,0.272522330284119
2392,486.0,0.635914325714111
2393,486.2,1.37414371967316
2394,486.3,1.00875747203827
2395,486.5,1.93444895744324
2396,486.6,0.592387080192566
2397,486.8,1.02245724201202
2398,487.0,2.30590486526489
2399,487.2,4.6070408821106
2400,487.3,4.43249797821045
2401,487.5,1.46536028385162
2402,487.8,0.872973203659058
2403,487.9,0.820341646671295
2404,488.1,4.73484802246094
2405,488.3,6.8328275680542
2406,488.4,3.35446119308472
2407,488.7,1.24434232711792
2408,488.9,7.09928035736084
2409,489.0,18.7641544342041
2410,489.2,159.217544555664
2411,489.3,63.4651870727539
2412,489.5,2.29818773269653
2413,489.8,1.92863953113556
2414,489.9,4.34188842773438
2415,490.1,41.8198204040527
2416,490.2,68.2659301757813
2417,490.4,9.09711265563965
2418,490.5,2.80672860145569
2419,490.7,0.905662000179291
2420,490.9,5.87011194229126
2421,491.1,35.8378562927246
2422,491.2,52.6593246459961
2423,491.4,8.92560482025146
2424,491.6,0.649614155292511
2425,491.8,1.26523888111115
2426,492.0,6.61128950119019
2427,492.2,16.0392780303955
2428,492.3,10.9327144622803
2429,492.5,1.6101621389389
2430,492.6,1.25786876678467
2431,492.9,2.34873843193054
2432,493.1,10.1869421005249
2433,493.2,7.47585201263428
2434,493.3,10.6511745452881
2435,493.5,1.60721409320831
2436,493.6,0.953177809715271
2437,493.9,0.921269416809082
2438,494.1,3.24399542808533
2439,494.2,2.5830225944519
2440,494.3,4.5882248878479
2441,494.5,1.41246855258942
2442,494.8,0.805861413478851
2443,494.9,0.756611466407776
2444,495.1,4.38498210906982
2445,495.2,3.36581993103027
2446,495.3,5.46449327468872
2447,495.5,1.07881724834442
2448,495.6,0.613717138767242
2449,495.9,0.683170020580292
2450,496.1,1.34145498275757
2451,496.3,2.59091305732727
2452,496.5,1.90384113788605
2453,496.6,0.911644816398621
2454,496.9,0.638342142105103
2455,497.1,1.7781149148941
2456,497.3,2.81990814208984
2457,497.4,2.11731553077698
2458,497.6,0.709095656871796
2459,497.9,0.372322887182236
2460,498.1,1.08800828456879
2461,498.2,0.854331076145172
2462,498.3,1.51131534576416
2463,498.5,1.0563600063324
2464,498.7,0.253359913825989
2465,498.9,0.531865060329437
2466,499.0,0.271395117044449
2467,499.2,1.36876785755157
2468,499.4,1.29758083820343
2469,499.5,0.506719827651978
2470,499.6,0.737102210521698
2471,499.8,0.158328279852867
2472,500.0,0.675886571407318
2473,500.2,0.821035265922546
2474,500.3,0.798317849636078
2475,500.4,1.17350208759308
2476,500.6,1.05939483642578
2477,500.9,1.55917799472809
2478,501.1,3.47827982902527
2479,501.3,5.34665727615356
2480,501.4,2.3628716468811
2481,501.6,0.671291053295135
2482,501.9,0.774473249912262
2483,502.1,1.45434844493866
2484,502.2,1.53091132640839
2485,502.3,2.61579823493958
2486,502.5,1.43822073936462
2487,502.8,2.28049945831299
2488,502.9,4.21191358566284
2489,503.1,41.3754425048828
2490,503.2,65.2503280639648
2491,503.4,8.80568790435791
2492,503.6,1.25405359268188
2493,503.9,4.07482862472534
2494,504.1,19.5069808959961
2495,504.2,16.4316310882568
2496,504.3,18.8765277862549
2497,504.5,2.57244420051575
2498,504.7,0.659412145614624
2499,504.9,3.81678652763367
2500,505.1,16.8177394866943
2501,505.3,22.826150894165
2502,505.4,5.45365476608276
2503,505.7,0.876614928245544
2504,505.9,1.56888926029205
2505,506.0,1.52354109287262
2506,506.2,6.40769958496094
2507,506.3,5.55839776992798
2508,506.5,0.838810384273529
2509,506.6,1.05315184593201
2510,506.9,2.70554065704346
2511,507.1,10.6447582244873
2512,507.3,17.4341449737549
2513,507.4,6.16639232635498
2514,507.7,0.897424757480621
2515,507.9,1.29593336582184
2516,508.0,1.53385937213898
2517,508.2,6.42495441436768
2518,508.3,5.36564636230469
2519,508.5,1.68464410305023
2520,508.7,0.29732072353363
2521,508.9,1.01222574710846
2522,509.1,2.78140997886658
2523,509.2,1.81999480724335
2524,509.4,3.33807325363159
2525,509.5,0.759732961654663
2526,509.6,0.654122948646545
2527,509.9,0.441689074039459
2528,510.1,0.93358188867569
2529,510.3,1.62472903728485
2530,510.4,1.27347612380981
2531,510.6,0.579467594623566
2532,510.9,0.756958305835724
2533,511.1,1.15538024902344
2534,511.3,1.79164135456085
2535,511.4,1.17844450473785
2536,511.6,0.382207572460175
2537,511.9,0.297407448291779
2538,512.0,0.201855540275574
2539,512.2,0.966617524623871
2540,512.3,1.30998003482819
2541,512.5,0.666955709457397
2542,512.7,0.204283356666565
2543,512.8,0.388277113437653
2544,513.0,0.152345448732376
2545,513.1,0.814792335033417
2546,513.4,0.995838046073914
2547,513.6,0.720974624156952
2548,513.7,0.200381517410278
2549,513.8,0.309719920158386
2550,514.0,0.14592906832695
2551,514.2,0.631145417690277
2552,514.3,1.10725748538971
2553,514.5,0.27356281876564
2554,514.7,0.508540689945221
2555,514.8,0.213127553462982
2556,515.0,0.64666610956192
2557,515.2,0.965056777000427
2558,515.3,0.713777840137482
2559,515.4,1.09165000915527
2560,515.6,0.644498407840729
2561,515.9,0.418971657752991
2562,516.1,0.630711853504181
2563,516.3,1.16032254695892
2564,516.4,0.610422253608704
2565,516.5,0.749761581420898
2566,516.8,0.559177994728088
2567,516.9,0.515824139118195
2568,517.1,1.41975200176239
2569,517.3,1.35931670665741
2570,517.5,1.13361656665802
2571,517.6,0.492066234350204
2572,517.9,0.588225066661835
2573,518.1,0.910430908203125
2574,518.3,1.48963844776154
2575,518.4,0.499783217906952
2576,518.6,1.10708403587341
2577,518.7,0.565941214561462
2578,518.9,2.30148267745972
2579,519.1,5.05852746963501
2580,519.3,6.23046922683716
2581,519.4,2.17991852760315
2582,519.6,1.04404747486115
2583,519.9,1.17376220226288
2584,520.1,2.31440210342407
2585,520.3,2.94060516357422
2586,520.4,0.828925669193268
2587,520.5,1.22110462188721
2588,520.7,0.668689846992493
2589,520.9,3.27286911010742
2590,521.1,8.25309944152832
2591,521.2,8.13691139221191
2592,521.4,1.38420188426971
2593,521.5,1.05020380020142
2594,521.8,1.13318300247192
2595,522.0,2.12035036087036
2596,522.2,3.68724536895752
2597,522.3,2.6923611164093
2598,522.5,1.02479839324951
2599,522.7,0.271915376186371
2600,522.9,1.29948842525482
2601,523.1,2.63123202323914
2602,523.2,2.74325847625732
2603,523.4,0.733980774879456
2604,523.5,0.718199968338013
2605,523.8,0.507413506507874
2606,523.9,0.343189120292664
2607,524.1,0.903667747974396
2608,524.3,1.50645971298218
2609,524.5,0.759039282798767
2610,524.6,0.382380992174149
2611,524.9,0.493453562259674
2612,525.1,0.94450706243515
2613,525.3,1.29385244846344
2614,525.4,0.844533085823059
2615,525.6,0.455388873815536
2616,525.9,0.413682490587234
2617,526.1,0.618659496307373
2618,526.2,0.275383681058884
2619,526.4,0.915720105171204
2620,526.5,0.739183187484741
2621,526.7,0.625162601470947
2622,526.9,0.174716025590897
2623,527.1,0.347177654504776
2624,527.3,0.837509751319885
2625,527.5,0.715512037277222
2626,527.6,0.534553050994873
2627,527.9,0.57452529668808
2628,528.0,0.194918930530548
2629,528.2,0.443076401948929
2630,528.4,0.566374778747559
2631,528.6,0.659498810768127
2632,528.7,0.424954473972321
2633,529.0,0.297494143247604
2634,529.2,0.7922483086586
2635,529.3,0.333477854728699
2636,529.5,0.671984732151031
2637,529.6,0.383334785699844
2638,529.9,0.296366959810257
2639,530.1,0.271308422088623
2640,530.3,0.605479955673218
2641,530.4,0.37249630689621
2642,530.5,0.523541152477264
2643,530.7,0.23887974023819
2644,530.9,0.349258661270142
2645,531.0,0.197953701019287
2646,531.2,0.59117317199707
2647,531.4,1.19023668766022
2648,531.5,0.563686788082123
2649,531.7,0.283881038427353
2650,532.0,0.313014835119247
2651,532.2,0.557790696620941
2652,532.3,0.364605903625488
2653,532.5,0.45174714922905
2654,532.6,0.417150795459747
2655,532.8,1.71490502357483
2656,533.0,5.0228910446167
2657,533.1,3.60452604293823
2658,533.2,7.39391326904297
2659,533.4,2.2245728969574
2660,533.6,0.80317348241806
2661,533.9,1.35324716567993
2662,534.1,2.59862995147705
2663,534.2,2.87791562080383
2664,534.5,1.71195697784424
2665,534.6,0.53273218870163
2666,534.8,3.78383779525757
2667,535.0,23.519552230835
2668,535.1,20.7677097320557
2669,535.2,34.186767578125
2670,535.4,4.07040643692017
2671,535.5,1.97823631763458
2672,535.8,2.21356105804443
2673,535.9,3.40319085121155
2674,536.1,15.6177921295166
2675,536.2,15.8668165206909
2676,536.4,2.4473249912262
2677,536.5,1.6123298406601
2678,536.7,0.890488147735596
2679,536.9,3.94806218147278
2680,537.1,10.9589872360229
2681,537.2,6.10864496231079
2682,537.3,6.74005031585693
2683,537.5,0.84947544336319
2684,537.7,0.768923938274384
2685,537.8,0.5138298869133
2686,538.0,2.17584323883057
2687,538.2,3.01352643966675
2688,538.3,2.35697555541992
2689,538.5,0.497182011604309
2690,538.7,0.679181456565857
2691,538.9,0.847914695739746
2692,539.1,2.09121656417847
2693,539.3,2.65802478790283
2694,539.4,0.638168752193451
2695,539.5,0.723749220371246
2696,539.8,0.373796939849854
2697,540.0,0.744905948638916
2698,540.2,1.13240265846252
2699,540.4,0.921702921390533
2700,540.5,0.517991840839386
2701,540.8,0.410821110010147
2702,541.0,0.595942080020905
2703,541.1,0.452700942754745
2704,541.3,1.06919276714325
2705,541.4,0.34136825799942
2706,541.6,0.435099273920059
2707,541.8,0.202982738614082
2708,542.0,0.350299149751663
2709,542.2,0.552241384983063
2710,542.4,0.566201329231262
2711,542.5,0.44004163146019
2712,542.8,0.277898192405701
2713,542.9,0.195872709155083
2714,543.1,0.401543408632278
2715,543.2,0.440215021371841
2716,543.4,0.45148703455925
2717,543.6,0.538541555404663
2718,543.7,0.143674671649933
2719,543.9,0.163530737161636
2720,544.1,0.309373110532761
2721,544.3,0.402237057685852
2722,544.4,0.258735805749893
2723,544.6,0.338160067796707
2724,544.8,0.161189630627632
2725,545.0,0.379172801971436
2726,545.2,0.561865925788879
2727,545.4,0.419145047664642
2728,545.5,0.257088363170624
2729,545.7,0.288996785879135
2730,545.9,0.241914510726929
2731,546.1,0.476458847522736
2732,546.2,0.28067284822464
2733,546.4,0.704933643341064
2734,546.6,0.538194715976715
2735,546.8,0.588745355606079
2736,547.0,1.19830048084259
2737,547.2,2.78227686882019
2738,547.3,1.3352986574173
2739,547.4,1.31362175941467
2740,547.6,0.176797017455101
2741,547.7,0.467441260814667
2742,548.0,0.703893184661865
2743,548.2,1.43483912944794
2744,548.3,0.686204791069031
2745,548.5,1.0001734495163
2746,548.7,1.04361402988434
2747,548.8,0.990982413291931
2748,549.0,14.2872629165649
2749,549.2,63.5055046081543
2750,549.3,34.5606536865234
2751,549.4,16.6397285461426
2752,549.7,1.46995580196381
2753,549.9,3.3582763671875
#"+ Scan (rt: 4.992-54.961 min, 8744 scans) 281021_CH_1.5H.D "
#Point,X(Thompsons),Y(Counts)
0,50.1,4687.97265625
1,50.3,0.588632225990295
2,51.0,2.1306037902832
3,51.1,8796.1025390625
4,52.0,4.72838497161865
5,52.1,7736.7265625
6,52.3,0.311299175024033
7,53.0,0.343435496091843
8,53.2,12572.841796875
9,54.2,15792.9951171875
10,55.2,29587.771484375
11,56.2,16643.2890625
12,56.3,1.05283617973328
13,57.2,16742.662109375
14,57.3,14.0497484207153
15,57.4,14.056266784668
16,57.7,2.06964778900146
17,58.0,11.5368251800537
18,58.2,4409.2978515625
19,58.3,61.5073204040527
20,58.5,11.8044376373291
21,58.6,186.346176147461
22,58.7,101.573654174805
23,59.0,89.3212509155273
24,59.1,6345.49658203125
25,59.3,7.38689374923706
26,60.0,45.2124900817871
27,60.1,6556.60595703125
28,60.3,1.07582342624664
29,60.9,0.885407149791718
30,61.1,2404.6220703125
31,61.2,614.450500488281
32,61.9,2.29265785217285
33,62.1,1679.2900390625
34,62.2,544.258605957031
35,62.4,0.160452887415886
36,63.0,25.3478965759277
37,63.1,5283.12158203125
38,63.3,0.41811528801918
39,63.9,0.370311081409454
40,64.1,3394.9072265625
41,64.2,765.304565429688
42,64.5,1.2551463842392
43,65.0,15.8989019393921
44,65.1,9014.6298828125
45,66.0,25.3816337585449
46,66.1,6899.89404296875
47,66.3,0.909881055355072
48,67.2,16017.55859375
49,68.0,0.471980780363083
50,68.2,18157.8515625
51,69.2,21938.470703125
52,70.0,0.467406213283539
53,70.2,19028.0546875
54,70.3,0.497026532888412
55,71.0,0.935841739177704
56,71.2,10097.5693359375
57,71.3,10.9342403411865
58,71.8,0.589547097682953
59,72.0,29.6858425140381
60,72.2,5323.3876953125
61,72.3,26.973237991333
62,73.0,17.8140430450439
63,73.1,9409.64453125
64,74.0,108.294372558594
65,74.1,3086.83764648438
66,74.3,2.40942358970642
67,74.9,1.04551696777344
68,75.1,3200.46020507813
69,75.2,766.894348144531
70,75.9,1.94510519504547
71,76.1,2069.25830078125
72,76.2,822.414001464844
73,76.4,0.128888383507729
74,77.0,1.00365960597992
75,77.1,12415.376953125
76,78.0,9.33096981048584
77,78.1,7482.98876953125
78,78.3,0.382204949855804
79,79.2,12760.1337890625
80,80.0,2.02047109603882
81,80.2,11857.490234375
82,81.2,19016.126953125
83,82.0,1.5933210849762
84,82.2,17054.451171875
85,83.0,1.58085548877716
86,83.2,15166.1328125
87,83.3,3.48936414718628
88,84.0,1.1268298625946
89,84.2,16358.9111328125
90,85.0,11.0494050979614
91,85.2,8690.1796875
92,85.3,5.9015326499939
93,85.8,0.097438246011734
94,86.0,38.6420402526855
95,86.2,4903.29296875
96,86.3,21.0608425140381
97,86.5,0.0448307394981384
98,86.8,0.19716377556324
99,87.0,92.4245223999023
100,87.1,3620.02099609375
101,87.3,4.87705850601196
102,87.5,0.13026075065136
103,87.8,1.03568160533905
104,88.0,174.193267822266
105,88.1,1261.7861328125
106,88.3,25.8441219329834
107,88.5,0.0710201263427734
108,88.7,0.0212717298418283
109,88.9,1.8344007730484
110,89.1,4183.4873046875
111,89.2,1232.07458496094
112,89.5,0.150960654020309
113,89.7,0.15050320327282
114,89.9,5.65885162353516
115,90.1,3369.1240234375
116,90.2,1274.43994140625
117,90.4,0.427493125200272
118,91.0,0.437557190656662
119,91.1,19976.57421875
120,92.0,11.090690612793
121,92.1,6877.3359375
122,92.3,0.76006406545639
123,93.0,1.92806494235992
124,93.2,9128.4169921875
125,93.3,0.364478498697281
126,94.0,3.19922232627869
127,94.2,13909.3330078125
128,94.3,1.55203568935394
129,95.2,19539.265625
130,95.3,0.244281798601151
131,96.0,4.83966159820557
132,96.2,13413.6923828125
133,96.3,0.912854552268982
134,96.8,0.143298268318176
135,97.0,11.4080514907837
136,97.2,13044.40234375
137,97.3,2.25320219993591
138,98.1,5653.64501953125
139,98.2,5193.89990234375
140,98.8,0.0743366852402687
141,99.0,30.2615509033203
142,99.1,7047.291015625
143,99.3,8.16720008850098
144,99.8,0.186870992183685
145,100.0,86.3849487304688
146,100.1,8722.05078125
147,100.3,11.1185960769653
148,100.5,0.108531564474106
149,100.8,0.56427264213562
150,101.0,99.9817047119141
151,101.1,3775.17651367188
152,101.3,6.84869623184204
153,101.6,0.211230561137199
154,101.8,0.219350412487984
155,101.9,2.81495881080627
156,102.1,2815.23095703125
157,102.2,1116.59094238281
158,102.4,0.132548034191132
159,102.9,0.825022876262665
160,103.1,3794.15087890625
161,103.2,1544.31323242188
162,103.9,0.979300081729889
163,104.1,3635.15087890625
164,104.2,2315.35083007813
165,104.4,0.293229639530182
166,105.0,10.4229183197021
167,105.1,8175.68359375
168,105.3,1.17657828330994
169,105.7,0.0440301932394505
170,105.9,0.224268063902855
171,106.1,3231.1826171875
172,106.2,3752.09423828125
173,106.6,0.0468892939388752
174,106.9,0.154620304703712
175,107.1,8540.986328125
176,107.2,5592.5771484375
177,107.5,0.0317932292819023
178,108.0,3.66708588600159
179,108.2,12718.5126953125
180,108.3,5.8096981048584
181,109.0,6.22312450408936
182,109.2,12234.1005859375
183,109.3,4.71008682250977
184,110.0,8.38643646240234
185,110.2,10696.962890625
186,110.3,8.88746547698975
187,110.9,0.386093318462372
188,111.1,4292.58251953125
189,111.2,5984.98681640625
190,111.4,0.0646157339215279
191,112.0,28.2361621856689
192,112.1,7914.5791015625
193,112.3,11.69762134552
194,112.9,1.59961116313934
195,113.1,3059.75927734375
196,113.2,2005.84680175781
197,113.4,0.821363210678101
198,113.6,0.0251601096242666
199,113.8,0.840347647666931
200,114.0,87.607048034668
201,114.1,3994.82421875
202,114.3,19.8704261779785
203,114.5,0.352813363075256
204,114.7,0.0913769453763962
205,114.9,2.57719588279724
206,115.1,4636.11328125
207,115.2,2301.5263671875
208,115.4,0.16594235599041
209,115.7,0.0384263508021832
210,115.9,2.83897519111633
211,116.1,3966.82055664063
212,116.2,1592.75109863281
213,116.4,0.604300081729889
214,116.5,0.244853615760803
215,116.7,0.0992680713534355
216,116.9,1.78693962097168
217,117.1,10772.9482421875
218,117.2,3303.97436523438
219,117.4,0.134949684143066
220,117.6,0.147186636924744
221,117.9,2.00651884078979
222,118.1,3521.93676757813
223,118.2,2412.13305664063
224,118.3,5.23844909667969
225,118.5,0.216376945376396
226,118.9,3.02172923088074
227,119.1,3636.109375
228,119.2,2873.14721679688
229,119.4,0.181838974356651
230,119.6,0.130032017827034
231,119.9,1.20722782611847
232,120.1,3347.1318359375
233,120.2,3749.61206054688
234,120.4,0.213632211089134
235,120.6,0.136550784111023
236,120.8,0.244396150112152
237,121.0,12.4623737335205
238,121.2,8142.34326171875
239,121.3,5.90736484527588
240,121.5,0.14569990336895
241,121.9,1.10807406902313
242,122.0,9.65301895141602
243,122.2,7561.68994140625
244,122.3,13.2423372268677
245,122.6,0.0309926811605692
246,122.8,0.121454708278179
247,123.0,13.4392728805542
248,123.2,10372.49609375
249,123.3,18.5073184967041
250,123.5,0.121225982904434
251,123.8,0.151075020432472
252,124.0,15.3141584396362
253,124.2,9004.74609375
254,124.3,21.4620304107666
255,124.6,0.0173833481967449
256,124.9,0.88209056854248
257,125.1,3042.45068359375
258,125.2,5889.349609375
259,125.4,0.568504095077515
260,125.7,0.250228732824326
261,125.9,1.82433664798737
262,126.1,3684.75708007813
263,126.2,2629.17236328125
264,126.4,0.849611163139343
265,126.8,0.473810613155365
266,127.0,55.7809944152832
267,127.1,4044.6953125
268,127.3,15.443733215332
269,127.5,0.243138149380684
270,127.6,0.391010969877243
271,127.9,3.60212707519531
272,128.0,33.837947845459
273,128.1,5534.05712890625
274,128.3,9.74153709411621
275,128.5,0.203911259770393
276,128.8,0.533737421035767
277,129.0,20.6176815032959
278,129.1,4236.44384765625
279,129.2,3016.52294921875
280,129.4,0.614249765872955
281,129.5,0.203682526946068
282,129.8,0.657936871051788
283,130.0,15.2091722488403
284,130.2,8866.19921875
285,130.3,6.6348352432251
286,130.5,0.21786367893219
287,130.7,0.279734671115875
288,130.9,2.57376480102539
289,131.1,4086.93408203125
290,131.2,3958.88940429688
291,131.4,0.623856365680695
292,131.7,0.159537971019745
293,131.8,0.576623976230621
294,132.0,22.0315647125244
295,132.1,2839.15454101563
296,132.2,2764.05737304688
297,132.4,0.805695354938507
298,132.6,0.10475754737854
299,132.8,0.395928651094437
300,133.0,43.500114440918
301,133.1,7633.3984375
302,133.3,2.26967072486877
303,133.5,0.0200137235224247
304,133.8,1.32056272029877
305,134.0,25.9676342010498
306,134.2,5765.0849609375
307,134.3,9.215576171875
308,134.4,0.653476655483246
309,134.6,0.143641352653503
310,134.8,1.05169260501862
311,135.0,13.7860250473022
312,135.2,10745.0712890625
313,135.3,11.4647760391235
314,135.5,0.239821597933769
315,135.7,0.138266235589981
316,135.9,1.65919482707977
317,136.1,2507.38696289063
318,136.2,3918.14965820313
319,136.4,0.90542083978653
320,136.7,0.411367803812027
321,136.9,4.25411701202393
322,137.1,2691.82788085938
323,137.2,5200.98291015625
324,137.3,10.3625345230103
325,137.5,0.340805113315582
326,137.8,0.287282705307007
327,138.0,16.1890430450439
328,138.1,2011.775390625
329,138.2,5786.478515625
330,138.4,1.08897531032562
331,138.7,0.0937785878777504
332,138.9,2.21752047538757
333,139.1,2726.89379882813
334,139.2,2994.98120117188
335,139.4,0.795516908168793
336,139.7,0.16857273876667
337,139.9,2.15324783325195
338,140.1,2225.08959960938
339,140.2,2362.0595703125
340,140.4,1.40176117420197
341,140.5,0.396271735429764
342,140.7,0.239364132285118
343,140.9,3.62968897819519
344,141.0,29.8053531646729
345,141.2,3500.70703125
346,141.3,19.2163772583008
347,141.5,0.244967982172966
348,141.6,0.338860929012299
349,141.9,3.07010531425476
350,142.1,2969.14306640625
351,142.2,1293.32287597656
352,142.4,0.866765797138214
353,142.7,0.232159197330475
354,142.9,3.05500912666321
355,143.1,2337.01391601563
356,143.2,2218.41772460938
357,143.4,0.784652352333069
358,143.7,0.23764868080616
359,143.9,2.80455160140991
360,144.1,2057.29565429688
361,144.2,2256.53662109375
362,144.4,0.714775860309601
363,144.6,0.3336001932621
364,144.8,0.689158260822296
365,145.0,21.3666515350342
366,145.2,5241.10498046875
367,145.3,6.58039808273315
368,145.4,0.879688918590546
369,145.6,0.167772188782692
370,145.8,0.812900245189667
371,146.0,16.6368942260742
372,146.1,2229.6796875
373,146.2,2927.08520507813
374,146.4,1.237877368927
375,146.7,0.44407594203949
376,146.8,1.23353159427643
377,147.0,24.1892719268799
378,147.2,6404.9560546875
379,147.3,6.74256610870361
380,147.4,0.605786800384521
381,147.6,0.16903018951416
382,147.9,2.65096068382263
383,148.1,1987.79919433594
384,148.2,3221.91235351563
385,148.4,1.45654165744781
386,148.6,0.0607273541390896
387,148.8,1.61081886291504
388,149.0,24.028247833252
389,149.2,6956.814453125
390,149.3,15.3806037902832
391,149.6,0.212717294692993
392,149.8,0.714204013347626
393,150.0,11.4740390777588
394,150.1,1987.88793945313
395,150.2,3338.87670898438
396,150.4,1.07502281665802
397,150.6,0.375343084335327
398,150.8,0.679666042327881
399,151.0,17.9708366394043
400,151.2,7642.46435546875
401,151.3,17.8683662414551
402,151.5,0.171774938702583
403,151.7,0.301235139369965
404,151.9,2.87911701202393
405,152.1,2896.6044921875
406,152.2,4526.958984375
407,152.4,1.81495881080627
408,152.6,0.221294596791267
409,152.8,1.29071366786957
410,153.0,28.5941219329834
411,153.2,4657.546875
412,153.3,19.6440982818604
413,153.5,0.131861850619316
414,153.7,0.230786830186844
415,153.9,3.43504118919373
416,154.1,2006.23120117188
417,154.2,5848.84814453125
418,154.4,1.93755722045898
419,154.5,0.694190323352814
420,154.7,0.377859115600586
421,154.9,6.89444208145142
422,155.1,1807.23291015625
423,155.2,1967.57360839844
424,155.4,1.75823426246643
425,155.7,0.776646852493286
426,155.9,5.56084156036377
427,156.1,1533.93005371094
428,156.2,2129.677734375
429,156.4,1.30855441093445
430,156.7,0.436985373497009
431,156.8,0.635292768478394
432,157.0,18.2609786987305
433,157.2,4125.978515625
434,157.3,11.5872602462769
435,157.5,0.135521501302719
436,157.7,0.305352240800858
437,157.9,2.35876035690308
438,158.1,1305.77734375
439,158.2,2078.14501953125
440,158.4,0.989592850208282
441,158.6,0.108760289847851
442,158.8,0.760864615440369
443,159.0,18.50754737854
444,159.1,1404.78381347656
445,159.2,2452.7314453125
446,159.4,1.03110706806183
447,159.5,0.189387008547783
448,159.8,0.482845366001129
449,160.0,16.7678413391113
450,160.2,3791.73657226563
451,160.3,21.5627861022949
452,160.5,0.376715451478958
453,160.7,0.444304674863815
454,160.9,4.80558109283447
455,161.1,1666.52416992188
456,161.2,2739.05810546875
457,161.4,1.07399356365204
458,161.7,0.419373273849487
459,161.9,2.45116662979126
460,162.1,1567.5947265625
461,162.2,2449.07275390625
462,162.3,25.179895401001
463,162.6,0.579826176166534
464,162.8,2.64169716835022
465,163.0,31.4432754516602
466,163.2,4677.595703125
467,163.3,21.7847671508789
468,163.5,0.455283612012863
469,163.8,1.23982155323029
470,164.0,15.8486967086792
471,164.2,4109.0419921875
472,164.3,37.837947845459
473,164.5,0.372941434383392
474,164.7,0.978385150432587
475,164.9,6.96580505371094
476,165.1,1669.53649902344
477,165.2,4241.1416015625
478,165.4,1.34915375709534
479,165.7,0.299862772226334
480,165.9,2.36173367500305
481,166.1,2341.38330078125
482,166.2,3631.57739257813
483,166.4,1.51338064670563
484,166.6,0.104185730218887
485,166.8,0.595494031906128
486,167.0,18.1779499053955
487,167.2,5137.40576171875
488,167.3,10.9678640365601
489,167.5,0.283966153860092
490,167.8,0.848581910133362
491,168.0,20.0440311431885
492,168.2,5929.84228515625
493,168.3,18.3028354644775
494,168.6,0.461344927549362
495,168.7,0.226326629519463
496,168.9,2.68492674827576
497,169.1,1256.99487304688
498,169.2,2019.673828125
499,169.4,1.60269904136658
500,169.6,0.169602006673813
501,169.8,0.886436402797699
502,170.0,21.1288890838623
503,170.2,3343.96020507813
504,170.3,21.1650276184082
505,170.5,0.643870055675507
506,170.7,0.280992686748505
507,170.9,4.72552585601807
508,171.0,16.8235359191895
509,171.2,3621.275390625
510,171.3,16.4387016296387
511,171.5,0.188700824975967
512,171.7,0.322964310646057
513,171.8,0.713517844676971
514,172.0,19.05615234375
515,172.2,3340.89624023438
516,172.3,15.7575483322144
517,172.5,0.278819769620895
518,172.7,0.291971623897552
519,172.9,2.77801918983459
520,173.1,1132.52661132813
521,173.2,2198.88427734375
522,173.4,1.5713632106781
523,173.6,0.157479420304298
524,173.9,1.38266241550446
525,174.0,10.3644781112671
526,174.2,3185.81689453125
527,174.3,30.6383800506592
528,174.5,0.217063128948212
529,174.7,0.413197606801987
530,174.9,2.15656447410583
531,175.1,1184.75622558594
532,175.2,2341.68701171875
533,175.4,0.829597413539886
534,175.6,0.304780423641205
535,175.8,1.04883348941803
536,175.9,3.21203112602234
537,176.1,1117.09912109375
538,176.2,2266.89282226563
539,176.4,1.62236964702606
540,176.7,0.775160133838654
541,176.9,8.49714088439941
542,177.1,1322.63671875
543,177.2,2562.74145507813
544,177.4,1.02847671508789
545,177.7,0.294830739498138
546,177.9,4.50869178771973
547,178.0,14.5567245483398
548,178.2,3844.93505859375
549,178.3,36.140323638916
550,178.5,0.510750234127045
551,178.7,0.597323894500732
552,178.9,5.94704961776733
553,179.0,19.0412845611572
554,179.2,4186.970703125
555,179.3,87.909538269043
556,179.4,0.994510531425476
557,179.6,0.156107038259506
558,179.8,0.713632225990295
559,180.0,13.6992225646973
560,180.2,3742.10424804688
561,180.3,31.8380603790283
562,180.5,0.36756631731987
563,180.7,0.38426348567009
564,180.9,3.65153241157532
565,181.1,896.75390625
566,181.2,2324.1708984375
567,181.3,38.0082359313965
568,181.5,0.218664228916168
569,181.7,0.307067692279816
570,181.9,2.72758460044861
571,182.1,1880.42822265625
572,182.2,2637.986328125
573,182.4,2.18721413612366
574,182.6,0.165256172418594
575,182.8,0.869396150112152
576,183.0,14.5391120910645
577,183.1,959.907348632813
578,183.2,2227.59521484375
579,183.4,2.60521507263184
580,183.6,0.129688933491707
581,183.8,1.01749765872955
582,184.0,16.9803295135498
583,184.2,2647.0927734375
584,184.3,23.6745204925537
585,184.4,2.09903931617737
586,184.6,0.255832582712173
587,184.8,0.88151878118515
588,185.0,14.3182754516602
589,185.2,3492.099609375
590,185.3,21.8791179656982
591,185.5,0.454254359006882
592,185.7,0.23547574877739
593,185.9,2.45139527320862
594,186.1,1226.75549316406
595,186.2,2805.81420898438
596,186.4,1.51784086227417
597,186.7,0.432639509439468
598,186.9,2.46740627288818
599,187.1,976.277099609375
600,187.2,2059.31005859375
601,187.4,1.0069762468338
602,187.6,0.157250687479973
603,187.8,0.575823426246643
604,188.0,11.3827772140503
605,188.2,2765.4619140625
606,188.3,33.6557655334473
607,188.6,0.341262578964233
608,188.8,0.936870992183685
609,189.0,11.4746112823486
610,189.2,2886.90112304688
611,189.3,39.4077072143555
612,189.6,0.352813363075256
613,189.8,0.692017376422882
614,190.0,11.1422691345215
615,190.2,2835.578125
616,190.3,36.9117126464844
617,190.5,0.328225076198578
618,190.7,1.24142265319824
619,190.9,16.8376026153564
620,191.1,1615.65747070313
621,191.2,2107.43627929688
622,191.4,1.1707456111908
623,191.5,0.367451965808868
624,191.8,2.13209056854248
625,192.0,23.8648223876953
626,192.2,3374.57080078125
627,192.3,65.2114562988281
628,192.5,1.32159197330475
629,192.7,0.533508718013763
630,192.9,19.9003887176514
631,193.1,1705.81994628906
632,193.2,2358.95703125
633,193.4,0.436756640672684
634,193.7,0.594922244548798
635,193.8,1.95791399478912
636,194.0,25.554895401001
637,194.2,3541.59814453125
638,194.3,91.3538436889648
639,194.5,0.350182980298996
640,194.7,0.768183887004852
641,194.9,8.12591457366943
642,195.1,896.216003417969
643,195.2,2391.0302734375
644,195.4,1.71717751026154
645,195.6,0.110247023403645
646,195.8,0.989021062850952
647,196.0,13.5353384017944
648,196.2,2753.3115234375
649,196.3,50.5360260009766
650,196.5,0.445905774831772
651,196.8,1.13300549983978
652,197.0,14.6921319961548
653,197.2,2749.83959960938
654,197.3,25.7262115478516
655,197.5,0.459743827581406
656,197.8,0.494853615760803
657,198.0,11.530535697937
658,198.2,2267.28491210938
659,198.3,34.6970481872559
660,198.5,0.250114351511002
661,198.7,0.389867335557938
662,198.9,2.2518298625946
663,199.0,8.28659629821777
664,199.2,2990.2177734375
665,199.3,46.9443054199219
666,199.5,0.387008219957352
667,199.8,0.696020126342773
668,199.9,1.66674292087555
669,200.1,699.922790527344
670,200.2,2020.07727050781
671,200.4,1.90747940540314
672,200.5,0.45596981048584
673,200.8,0.681038439273834
674,201.0,12.3295974731445
675,201.2,2315.56030273438
676,201.3,39.1346054077148
677,201.5,0.597323894500732
678,201.8,0.68389755487442
679,202.0,8.23810577392578
680,202.1,641.029052734375
681,202.2,1730.79418945313
682,202.4,2.68366885185242
683,202.5,0.384720951318741
684,202.7,0.328568160533905
685,202.9,2.76521039009094
686,203.1,673.590454101563
687,203.2,1672.44763183594
688,203.4,1.31541633605957
689,203.5,0.4401875436306
690,203.7,0.161367788910866
691,203.9,1.54037058353424
692,204.1,587.610717773438
693,204.2,1671.46008300781
694,204.4,2.59057641029358
695,204.7,0.572735607624054
696,204.9,3.08966159820557
697,205.0,9.33943271636963
698,205.2,2307.21728515625
699,205.3,58.4173164367676
700,205.5,0.370082348585129
701,205.7,0.281450122594833
702,205.9,2.0913770198822
703,206.1,441.245086669922
704,206.2,2011.27270507813
705,206.4,4.18149566650391
706,206.7,0.108188472688198
707,207.0,98.7134017944336
708,207.1,8631.580078125
709,207.3,7.40004587173462
710,207.8,1.67097437381744
711,208.0,52.7623519897461
712,208.2,4015.421875
713,208.3,130.501480102539
714,208.4,1.6380375623703
715,208.7,0.877401649951935
716,208.9,13.9669485092163
717,209.1,1177.47131347656
718,209.2,2125.4140625
719,209.4,1.28613901138306
720,209.7,0.635635852813721
721,209.9,5.66834402084351
722,210.1,501.686645507813
723,210.2,1635.21850585938
724,210.3,60.3290252685547
725,210.6,1.46443271636963
726,210.8,4.20356798171997
727,211.0,47.4931373596191
728,211.2,3007.15234375
729,211.3,22.9965686798096
730,211.5,0.329940527677536
731,211.8,0.900731921195984
732,212.0,13.2938013076782
733,212.2,2000.39892578125
734,212.3,87.050895690918
735,212.6,0.684240639209747
736,212.8,1.93607044219971
737,213.0,19.9954261779785
738,213.2,2870.69067382813
739,213.3,236.346176147461
740,213.5,0.380832582712173
741,213.8,0.561184823513031
742,214.0,10.1933898925781
743,214.2,2017.99084472656
744,214.3,58.8069534301758
745,214.6,0.564158260822296
746,214.7,0.225640445947647
747,214.9,5.39078235626221
748,215.1,568.134704589844
749,215.2,1554.15759277344
750,215.4,1.25228726863861
751,215.7,0.159194871783257
752,215.9,2.79014182090759
753,216.1,499.883819580078
754,216.2,1420.04443359375
755,216.4,1.88998174667358
756,216.6,0.190530642867088
757,216.8,0.69464772939682
758,217.0,10.2043685913086
759,217.2,1734.07885742188
760,217.3,67.233528137207
761,217.5,0.450022876262665
762,217.7,0.36402103304863
763,217.9,1.63826620578766
764,218.1,381.803527832031
765,218.2,1433.36047363281
766,218.3,84.2225494384766
767,218.5,0.600297331809998
768,218.7,0.427836239337921
769,218.9,1.82353615760803
770,219.1,423.382659912109
771,219.2,1537.24780273438
772,219.4,3.26097893714905
773,219.6,0.292429089546204
774,219.9,1.85830283164978
775,220.1,358.843902587891
776,220.2,1633.24291992188
777,220.4,2.65999531745911
778,220.6,0.275503188371658
779,220.8,2.56507325172424
780,221.0,27.6905307769775
781,221.2,2462.28686523438
782,221.3,79.728271484375
783,221.5,0.338289111852646
784,221.7,0.557982623577118
785,221.8,0.714432775974274
786,222.0,11.0574111938477
787,222.2,1905.50219726563
788,222.3,106.287170410156
789,222.5,0.681381523609161
790,222.7,0.694533407688141
791,222.9,6.95025157928467
792,223.1,434.551361083984
793,223.2,1493.95947265625
794,223.4,3.19945096969604
795,223.7,0.527676105499268
796,223.8,0.683440089225769
797,224.0,13.7655534744263
798,224.2,1565.31103515625
799,224.3,79.6271743774414
800,224.5,0.521157383918762
801,224.7,1.00274479389191
802,224.9,9.67612075805664
803,225.1,495.997497558594
804,225.2,1821.39733886719
805,225.4,1.5009149312973
806,225.5,0.554894804954529
807,225.8,1.14867341518402
808,226.0,12.7210655212402
809,226.2,1688.43725585938
810,226.3,90.4289779663086
811,226.5,0.894556283950806
812,226.8,1.50834858417511
813,227.0,12.0647296905518
814,227.1,325.746215820313
815,227.2,1615.91247558594
816,227.4,1.86916744709015
817,227.7,0.581770360469818
818,227.8,0.606930494308472
819,228.0,8.56084156036377
820,228.2,1708.7744140625
821,228.3,77.5701065063477
822,228.5,0.856816112995148
823,228.7,0.241765782237053
824,228.9,4.25400257110596
825,229.1,393.229064941406
826,229.2,1198.08386230469
827,229.4,1.72140896320343
828,229.7,0.431838989257813
829,229.9,3.32353615760803
830,230.1,342.618377685547
831,230.2,1186.87414550781
832,230.4,2.94784998893738
833,230.5,0.525160133838654
834,230.8,0.653705418109894
835,231.0,10.9561986923218
836,231.2,1294.765625
837,231.3,103.886665344238
838,231.5,0.499771267175674
839,231.7,0.2975754737854
840,231.9,1.3404620885849
841,232.0,5.31347227096558
842,232.2,1337.640625
843,232.3,110.844696044922
844,232.5,0.401989936828613
845,232.6,0.601097881793976
846,232.9,1.11219120025635
847,233.1,293.677276611328
848,233.2,1246.45642089844
849,233.4,3.11253428459167
850,233.6,0.19499084353447
851,233.8,0.683325707912445
852,233.9,0.794602036476135
853,234.1,248.253311157227
854,234.2,1356.37756347656
855,234.4,4.46294593811035
856,234.6,0.370654165744781
857,234.8,0.886550784111023
858,235.0,9.2591495513916
859,235.2,1594.69396972656
860,235.3,98.4495620727539
861,235.5,0.598467528820038
862,235.6,0.752630352973938
863,235.8,0.575137257575989
864,236.0,8.82433700561523
865,236.2,1438.21362304688
866,236.3,150.925430297852
867,236.5,1.13094699382782
868,236.8,1.5956084728241
869,237.0,11.3179321289063
870,237.2,1344.57678222656
871,237.3,96.2306747436523
872,237.5,0.43000915646553
873,237.7,0.715347647666931
874,237.9,2.57353615760803
875,238.1,284.268981933594
876,238.2,1045.693359375
877,238.4,3.84835314750671
878,238.6,0.468206763267517
879,238.8,1.12763035297394
880,239.0,12.229528427124
881,239.1,253.025497436523
882,239.2,1304.47631835938
883,239.4,3.5078911781311
884,239.6,0.493252515792847
885,239.9,2.91582798957825
886,240.1,256.193054199219
887,240.2,923.564025878906
888,240.3,99.5978927612305
889,240.5,1.15850865840912
890,240.8,2.36688017845154
891,241.0,30.1911029815674
892,241.1,282.435729980469
893,241.2,1032.76037597656
894,241.4,2.40507769584656
895,241.5,0.431838989257813
896,241.7,0.273902118206024
897,241.9,2.42577767372131
898,242.1,261.187103271484
899,242.2,1097.74523925781
900,242.4,3.70974373817444
901,242.5,1.00617563724518
902,242.8,1.0130375623703
903,243.0,27.7041397094727
904,243.1,389.364349365234
905,243.2,1019.720703125
906,243.4,1.77538883686066
907,243.6,0.213632211089134
908,243.8,1.04334402084351
909,243.9,3.81701731681824
910,244.1,269.809356689453
911,244.2,1132.20849609375
912,244.4,3.49371004104614
913,244.5,0.64695793390274
914,244.8,1.19613444805145
915,245.0,16.3641357421875
916,245.2,1028.666015625
917,245.3,116.146957397461
918,245.5,0.410109788179398
919,245.7,0.638494968414307
920,245.9,2.29666066169739
921,246.1,209.808212280273
922,246.2,967.603698730469
923,246.4,5.44933652877808
924,246.7,0.583485841751099
925,246.9,1.90107500553131
926,247.1,223.142837524414
927,247.2,1027.43383789063
928,247.4,6.09080505371094
929,247.5,0.798376023769379
930,247.7,0.93744283914566
931,248.0,7.37980318069458
932,248.2,1092.97900390625
933,248.3,138.02961730957
934,248.5,1.83165597915649
935,248.8,3.71271729469299
936,249.0,34.0650749206543
937,249.2,1361.58386230469
938,249.3,128.181610107422
939,249.4,4.8605899810791
940,249.7,0.991422712802887
941,249.9,3.63963866233826
942,250.0,9.14901638031006
943,250.2,1086.1982421875
944,250.3,177.325592041016
945,250.6,1.3395471572876
946,250.8,5.77481698989868
947,251.0,41.5984687805176
948,251.2,1248.28454589844
949,251.3,111.212829589844
950,251.5,0.524016439914703
951,251.7,0.758119881153107
952,251.9,4.24553966522217
953,252.1,229.922225952148
954,252.2,812.929565429688
955,252.3,183.840469360352
956,252.5,1.03956997394562
957,252.7,1.94499087333679
958,252.8,2.68744277954102
959,253.0,26.415828704834
960,253.2,1189.64306640625
961,253.3,100.502174377441
962,253.5,0.52859103679657
963,253.7,0.437785923480988
964,253.9,3.10887455940247
965,254.1,243.194641113281
966,254.2,817.055725097656
967,254.4,5.18183898925781
968,254.7,0.859446465969086
969,254.9,3.90930914878845
970,255.0,14.149359703064
971,255.2,875.590942382813
972,255.3,118.217407226563
973,255.5,0.622712731361389
974,255.7,0.67200368642807
975,255.9,6.05146408081055
976,256.1,125.765098571777
977,256.3,1711.00598144531
978,256.4,13.3908967971802
979,256.7,0.67085999250412
980,256.9,3.70231008529663
981,257.1,173.489929199219
982,257.2,892.020812988281
983,257.4,14.2792768478394
984,257.7,0.537282705307007
985,257.9,3.62694430351257
986,258.0,21.2433662414551
987,258.2,953.82080078125
988,258.3,129.35041809082
989,258.4,6.262122631073
990,258.7,0.544144570827484
991,258.9,3.3311984539032
992,259.1,183.619735717773
993,259.2,802.598815917969
994,259.4,5.88918113708496
995,259.7,0.56072735786438
996,259.9,2.38780879974365
997,260.0,10.6105899810791
998,260.2,755.615295410156
999,260.3,162.583251953125
1000,260.5,0.75182980298996
1001,260.7,0.763838052749634
1002,260.9,1.37694418430328
1003,261.1,166.175659179688
1004,261.2,772.912963867188
1005,261.4,8.75274467468262
1006,261.6,0.494510531425476
1007,261.9,1.08851778507233
1008,262.1,141.428527832031
1009,262.2,650.947937011719
1010,262.3,201.168579101563
1011,262.5,1.14752972126007
1012,262.8,0.953339457511902
1013,263.0,6.1016697883606
1014,263.2,821.248962402344
1015,263.3,224.340118408203
1016,263.5,0.714547097682953
1017,263.7,0.335315644741058
1018,263.9,1.56164228916168
1019,264.1,129.912048339844
1020,264.2,834.591247558594
1021,264.4,17.3981018066406
1022,264.7,2.07982611656189
1023,264.9,8.63963890075684
1024,265.1,333.424163818359
1025,265.2,773.256408691406
1026,265.4,7.48501825332642
1027,265.6,0.373856365680695
1028,265.8,1.57559466362
1029,266.0,12.9064502716064
1030,266.2,716.119079589844
1031,266.3,142.814849853516
1032,266.5,2.23959279060364
1033,266.8,11.0376262664795
1034,267.0,138.501251220703
1035,267.1,1412.26586914063
1036,267.3,38.5274467468262
1037,267.4,2.28099274635315
1038,267.6,0.316788643598557
1039,267.8,4.59537982940674
1040,268.0,46.403018951416
1041,268.2,803.303771972656
1042,268.3,83.0221862792969
1043,268.5,1.26132202148438
1044,268.7,1.90462028980255
1045,268.9,16.7657814025879
1046,269.1,324.532470703125
1047,269.2,650.217834472656
1048,269.4,4.24485349655151
1049,269.7,0.866422712802887
1050,269.9,3.76761198043823
1051,270.0,12.7894554138184
1052,270.2,615.166259765625
1053,270.3,148.504806518555
1054,270.5,0.908165574073792
1055,270.7,1.36665141582489
1056,270.9,7.01486730575562
1057,271.1,198.151306152344
1058,271.2,560.555114746094
1059,271.4,6.07399368286133
1060,271.6,0.205169260501862
1061,271.8,1.01280879974365
1062,272.0,12.4511661529541
1063,272.2,547.599060058594
1064,272.3,121.253089904785
1065,272.5,1.12019670009613
1066,272.8,1.06324338912964
1067,273.0,10.5560388565063
1068,273.2,547.837036132813
1069,273.3,116.640441894531
1070,273.4,6.36413526535034
1071,273.6,0.765096068382263
1072,273.8,0.393412619829178
1073,274.0,9.15725040435791
1074,274.2,529.940185546875
1075,274.3,147.318618774414
1076,274.5,1.1539341211319
1077,274.6,0.444762110710144
1078,274.9,1.58462941646576
1079,275.1,124.81999206543
1080,275.2,432.216491699219
1081,275.3,148.303634643555
1082,275.5,1.83371460437775
1083,275.7,0.26189386844635
1084,275.9,1.31404387950897
1085,276.1,125.048263549805
1086,276.2,637.78076171875
1087,276.4,12.4724378585815
1088,276.6,0.617680668830872
1089,276.9,1.38174748420715
1090,277.1,120.523216247559
1091,277.2,466.360809326172
1092,277.3,153.359222412109
1093,277.5,1.01829826831818
1094,277.8,0.533737421035767
1095,278.0,6.90919494628906
1096,278.2,542.554565429688
1097,278.4,657.171630859375
1098,278.5,1.87991762161255
1099,278.8,0.934011876583099
1100,278.9,1.46248853206635
1101,279.1,123.902450561523
1102,279.2,659.474182128906
1103,279.4,84.9308090209961
1104,279.6,0.831084191799164
1105,279.9,1.47403931617737
1106,280.0,2.70528364181519
1107,280.2,390.782592773438
1108,280.3,858.413330078125
1109,280.5,2.89730095863342
1110,280.6,0.769327521324158
1111,280.9,17.8426342010498
1112,281.1,3063.07104492188
1113,281.2,1033.70776367188
1114,281.4,8.85704517364502
1115,281.7,0.648101568222046
1116,281.9,21.3091259002686
1117,282.1,757.756286621094
1118,282.2,770.873168945313
1119,282.4,5.5022873878479
1120,282.7,1.70002281665802
1121,282.9,19.6490173339844
1122,283.1,602.494140625
1123,283.2,705.726989746094
1124,283.4,3.60658740997314
1125,283.6,0.245082348585129
1126,283.8,2.04643177986145
1127,284.0,18.7676124572754
1128,284.2,559.938903808594
1129,284.3,135.699111938477
1130,284.4,19.4622592926025
1131,284.6,0.866079568862915
1132,284.8,6.80180692672729
1133,285.0,49.2885398864746
1134,285.1,255.773559570313
1135,285.2,538.407043457031
1136,285.4,3.7915141582489
1137,285.6,0.71489018201828
1138,285.8,1.4039341211319
1139,286.0,17.8835773468018
1140,286.2,446.913879394531
1141,286.3,107.59423828125
1142,286.5,1.20185267925262
1143,286.7,1.59171998500824
1144,286.8,1.57788193225861
1145,287.0,21.7058563232422
1146,287.2,501.770599365234
1147,287.3,117.211112976074
1148,287.5,0.854643166065216
1149,287.8,0.885750234127045
1150,288.0,10.3358879089355
1151,288.2,394.79150390625
1152,288.3,128.618255615234
1153,288.5,1.10670173168182
1154,288.7,0.916285455226898
1155,288.9,3.25926351547241
1156,289.1,116.709403991699
1157,289.2,304.317596435547
1158,289.3,132.344009399414
1159,289.5,0.84103387594223
1160,289.7,0.522758483886719
1161,289.8,0.60830283164978
1162,290.0,9.42257595062256
1163,290.2,359.401428222656
1164,290.3,136.509490966797
1165,290.5,1.29311525821686
1166,290.7,0.37408509850502
1167,290.9,1.30249309539795
1168,291.0,7.41582822799683
1169,291.2,354.714660644531
1170,291.3,138.673141479492
1171,291.5,1.23661935329437
1172,291.8,0.541399836540222
1173,292.0,8.30763912200928
1174,292.2,343.150604248047
1175,292.3,147.516693115234
1176,292.4,19.4048480987549
1177,292.7,0.974039316177368
1178,292.9,2.03076386451721
1179,293.1,87.4730072021484
1180,293.2,243.0380859375
1181,293.3,156.707458496094
1182,293.5,2.00846290588379
1183,293.7,0.161024704575539
1184,293.9,1.84274935722351
1185,294.1,83.1283187866211
1186,294.3,444.629699707031
1187,294.4,47.9204025268555
1188,294.7,1.27047121524811
1189,294.8,1.29608869552612
1190,295.0,13.5657596588135
1191,295.2,389.752746582031
1192,295.3,123.118827819824
1193,295.4,18.8072967529297
1194,295.7,0.797461092472076
1195,295.8,0.697964310646057
1196,296.0,10.4592866897583
1197,296.2,320.090698242188
1198,296.3,129.328567504883
1199,296.5,1.30169260501862
1200,296.6,1.48215913772583
1201,296.9,3.63632202148438
1202,297.1,93.5451736450195
1203,297.2,355.002044677734
1204,297.4,9.3441219329834
1205,297.7,0.934583723545074
1206,297.8,0.499771267175674
1207,298.0,10.4997711181641
1208,298.2,287.162292480469
1209,298.3,112.733757019043
1210,298.5,2.57593774795532
1211,298.8,1.83565878868103
1212,299.0,18.8834629058838
1213,299.2,405.396392822266
1214,299.3,101.534538269043
1215,299.5,1.00274479389191
1216,299.8,0.952310144901276
1217,300.0,10.3532705307007
1218,300.2,282.498962402344
1219,300.3,114.494735717773
1220,300.5,0.845837116241455
1221,300.7,1.0359103679657
1222,300.9,2.57822513580322
1223,301.1,94.7893447875977
1224,301.2,320.412841796875
1225,301.4,9.55432319641113
1226,301.6,0.434126257896423
1227,301.8,0.262923151254654
1228,302.0,7.13209056854248
1229,302.2,249.357040405273
1230,302.3,135.243026733398
1231,302.5,1.84126257896423
1232,302.7,0.435041159391403
1233,302.9,2.37134027481079
1234,303.1,78.6798934936523
1235,303.2,304.110473632813
1236,303.4,15.1763496398926
1237,303.7,0.810841739177704
1238,303.9,1.9515095949173
1239,304.0,6.80649566650391
1240,304.2,234.548721313477
1241,304.3,119.726440429688
1242,304.5,1.62534308433533
1243,304.6,0.803064942359924
1244,304.9,2.25731921195984
1245,305.1,65.4454498291016
1246,305.2,170.155075073242
1247,305.3,133.545623779297
1248,305.5,2.03099274635315
1249,305.8,0.782479405403137
1250,306.0,7.95677042007446
1251,306.2,211.570098876953
1252,306.3,126.684471130371
1253,306.5,2.25457453727722
1254,306.8,0.814387023448944
1255,307.0,8.81941890716553
1256,307.1,53.0578689575195
1257,307.2,253.24267578125
1258,307.4,17.3162174224854
1259,307.7,0.575022876262665
1260,307.9,1.37625801563263
1261,308.0,6.92131757736206
1262,308.2,196.079711914063
1263,308.3,129.369735717773
1264,308.5,2.26532483100891
1265,308.6,1.13895237445831
1266,308.9,2.12465691566467
1267,309.0,8.74702644348145
1268,309.2,201.622146606445
1269,309.3,122.482849121094
1270,309.5,1.34286367893219
1271,309.7,0.77561753988266
1272,309.9,1.50983536243439
1273,310.1,58.6566772460938
1274,310.2,245.320907592773
1275,310.4,20.8414916992188
1276,310.6,1.21729183197021
1277,310.9,3.83851790428162
1278,311.1,73.1954498291016
1279,311.2,254.569763183594
1280,311.4,9.82593822479248
1281,311.5,1.66033852100372
1282,311.8,0.936413526535034
1283,312.0,9.91331195831299
1284,312.2,189.954254150391
1285,312.3,103.783050537109
1286,312.5,2.64993143081665
1287,312.8,1.43549859523773
1288,313.0,7.96717739105225
1289,313.2,225.850296020508
1290,313.3,223.730438232422
1291,313.5,2.0018298625946
1292,313.8,0.821591973304749
1293,313.9,1.16228270530701
1294,314.1,54.7816772460938
1295,314.2,244.601333618164
1296,314.4,21.1614818572998
1297,314.7,0.883234202861786
1298,314.9,1.51601099967957
1299,315.1,67.6471862792969
1300,315.2,233.037734985352
1301,315.4,15.0291624069214
1302,315.6,0.786825239658356
1303,315.9,1.86596524715424
1304,316.1,55.5882873535156
1305,316.2,122.79460144043
1306,316.3,109.41674041748
1307,316.5,3.25823426246643
1308,316.7,1.14844465255737
1309,316.8,0.95299631357193
1310,317.0,13.4111394882202
1311,317.2,170.531219482422
1312,317.3,92.5918350219727
1313,317.4,22.5839424133301
1314,317.7,1.04128539562225
1315,317.8,0.562328457832336
1316,318.0,9.70814228057861
1317,318.2,151.973129272461
1318,318.3,104.642379760742
1319,318.5,3.78876948356628
1320,318.7,0.427607506513596
1321,318.9,2.10006856918335
1322,319.1,52.5054893493652
1323,319.2,197.802032470703
1324,319.4,18.7737884521484
1325,319.6,0.623741984367371
1326,319.7,0.66731470823288
1327,319.9,1.04014182090759
1328,320.1,46.2116889953613
1329,320.3,187.454483032227
1330,320.4,20.262580871582
1331,320.5,3.27435946464539
1332,320.7,0.541285455226898
1333,320.9,1.68652784824371
1334,321.0,7.54494524002075
1335,321.2,133.199569702148
1336,321.3,96.4032516479492
1337,321.5,2.84640908241272
1338,321.7,0.97323876619339
1339,321.8,0.516239702701569
1340,322.0,7.33211326599121
1341,322.2,125.838973999023
1342,322.3,81.7311325073242
1343,322.4,24.5048027038574
1344,322.6,0.877859115600586
1345,322.8,1.94750690460205
1346,323.0,11.1331195831299
1347,323.2,158.141357421875
1348,323.3,72.08154296875
1349,323.4,19.7204933166504
1350,323.6,0.597895681858063
1351,323.8,1.36173379421234
1352,324.0,9.70631313323975
1353,324.2,129.00114440918
1354,324.3,102.311988830566
1355,324.5,6.28854084014893
1356,324.8,8.45219612121582
1357,325.0,52.3087844848633
1358,325.2,269.596740722656
1359,325.3,55.9213180541992
1360,325.5,1.24496793746948
1361,325.7,1.87934589385986
1362,325.9,6.31907606124878
1363,326.1,68.6481018066406
1364,326.2,159.261779785156
1365,326.4,19.9354991912842
1366,326.7,6.49817037582397
1367,326.9,38.0694198608398
1368,327.1,324.602935791016
1369,327.2,192.005142211914
1370,327.4,3.52527451515198
1371,327.7,2.69602012634277
1372,327.9,11.3461799621582
1373,328.1,105.080513000488
1374,328.2,172.687210083008
1375,328.4,12.2467975616455
1376,328.5,3.99085092544556
1377,328.7,1.64581429958344
1378,328.9,10.7975759506226
1379,329.1,100.92520904541
1380,329.2,173.701278686523
1381,329.4,10.6091032028198
1382,329.5,2.16354060173035
1383,329.8,1.62419950962067
1384,330.0,12.3653936386108
1385,330.1,45.8881530761719
1386,330.2,163.105102539063
1387,330.4,18.8417205810547
1388,330.5,4.02733325958252
1389,330.7,0.802607476711273
1390,330.9,3.58039808273315
1391,331.1,62.411937713623
1392,331.2,153.227920532227
1393,331.4,17.9160575866699
1394,331.5,3.51784086227417
1395,331.7,0.604871928691864
1396,331.9,3.05763959884644
1397,332.0,8.74553966522217
1398,332.2,111.838401794434
1399,332.3,87.7268981933594
1400,332.5,3.17051696777344
1401,332.6,1.75880599021912
1402,332.9,2.00903487205505
1403,333.1,38.0576400756836
1404,333.2,74.4015350341797
1405,333.3,84.9047317504883
1406,333.5,3.68938708305359
1407,333.7,0.450823426246643
1408,333.9,1.82102012634277
1409,334.1,33.1653709411621
1410,334.3,130.958145141602
1411,334.4,23.1006412506104
1412,334.6,0.75354528427124
1413,334.8,1.15084624290466
1414,335.0,7.94338989257813
1415,335.1,25.8902111053467
1416,335.3,120.952995300293
1417,335.4,21.6763496398926
1418,335.6,1.12088286876678
1419,335.8,0.501715481281281
1420,336.0,8.02310180664063
1421,336.2,89.8612747192383
1422,336.3,56.5005722045898
1423,336.4,24.9758682250977
1424,336.6,0.662168323993683
1425,336.8,1.62225520610809
1426,337.0,6.91822957992554
1427,337.1,25.6506175994873
1428,337.3,130.057983398438
1429,337.4,19.3607044219971
1430,337.5,3.52973461151123
1431,337.7,0.202767610549927
1432,337.9,1.65793681144714
1433,338.0,6.68149566650391
1434,338.2,79.7518310546875
1435,338.3,79.5591278076172
1436,338.5,4.71408987045288
1437,338.7,2.51578235626221
1438,338.8,1.47884261608124
1439,339.0,15.3490390777588
1440,339.2,122.303291320801
1441,339.3,63.9043922424316
1442,339.5,3.04265785217285
1443,339.8,1.38609337806702
1444,340.0,9.40290451049805
1445,340.2,79.6669692993164
1446,340.3,45.8115272521973
1447,340.4,19.8385181427002
1448,340.7,4.26623964309692
1449,340.9,40.8763732910156
1450,341.1,511.687561035156
1451,341.2,252.239822387695
1452,341.4,2.51658272743225
1453,341.6,1.21020126342773
1454,341.7,1.35658740997314
1455,341.9,18.5349960327148
1456,342.1,155.903930664063
1457,342.2,176.985824584961
1458,342.4,11.1017837524414
1459,342.7,3.02264404296875
1460,342.9,16.263952255249
1461,343.1,146.092636108398
1462,343.2,211.31266784668
1463,343.4,9.05066299438477
1464,343.6,0.774016439914703
1465,343.8,2.14867329597473
1466,344.0,16.4181156158447
1467,344.2,138.930587768555
1468,344.3,73.9031372070313
1469,344.5,5.20528364181519
1470,344.8,4.34457921981812
1471,345.0,20.1247711181641
1472,345.2,142.753997802734
1473,345.3,58.7732162475586
1474,345.4,16.4636325836182
1475,345.7,1.60624432563782
1476,345.9,3.17715001106262
1477,346.1,36.6737174987793
1478,346.3,111.605903625488
1479,346.4,19.1867561340332
1480,346.5,5.42291879653931
1481,346.8,1.99325251579285
1482,347.0,10.8258237838745
1483,347.2,82.6294631958008
1484,347.3,64.9772415161133
1485,347.5,3.77470254898071
1486,347.7,0.375571817159653
1487,347.9,2.76704025268555
1488,348.1,27.6977348327637
1489,348.2,43.6346054077148
1490,348.3,65.9353866577148
1491,348.5,3.80157828330994
1492,348.6,1.5256175994873
1493,348.9,2.04220032691956
1494,349.1,24.8779735565186
1495,349.3,82.262809753418
1496,349.4,18.2373046875
1497,349.5,4.37053966522217
1498,349.8,1.28328001499176
1499,349.9,1.52664685249329
1500,350.1,23.1318626403809
1501,350.3,81.9374465942383
1502,350.4,22.4115962982178
1503,350.6,1.47220957279205
1504,350.8,0.640553534030914
1505,351.0,6.54414463043213
1506,351.2,58.4829597473145
1507,351.3,53.8453788757324
1508,351.5,4.54322957992554
1509,351.8,1.37122595310211
1510,352.0,6.80672454833984
1511,352.1,17.9022178649902
1512,352.3,73.8021469116211
1513,352.4,19.9073657989502
1514,352.6,1.84526526927948
1515,352.9,1.97049403190613
1516,353.0,5.89947414398193
1517,353.2,66.0559234619141
1518,353.3,53.5791397094727
1519,353.5,3.50240159034729
1520,353.8,1.17280423641205
1521,353.9,1.7033394575119
1522,354.1,21.0284767150879
1523,354.3,54.3236503601074
1524,354.4,11.2776765823364
1525,354.6,0.501486718654633
1526,354.8,6.49348115921021
1527,355.0,97.2586898803711
1528,355.2,942.048034667969
1529,355.3,39.3642501831055
1530,355.4,4.12442827224731
1531,355.6,0.637465715408325
1532,355.8,3.76052141189575
1533,356.0,45.0679321289063
1534,356.2,338.210205078125
1535,356.3,64.7255249023438
1536,356.6,2.10624432563782
1537,356.8,4.04037046432495
1538,357.0,36.7607498168945
1539,357.2,282.444305419922
1540,357.3,59.0529518127441
1541,357.5,1.37465691566467
1542,357.7,1.01521039009094
1543,357.9,3.93881511688232
1544,358.0,9.76143646240234
1545,358.2,105.547004699707
1546,358.3,80.8048934936523
1547,358.5,4.28419494628906
1548,358.7,2.79666066169739
1549,358.9,6.25102949142456
1550,359.1,52.2180938720703
1551,359.2,132.526412963867
1552,359.4,17.1001834869385
1553,359.6,0.869853615760803
1554,359.8,1.45619857311249
1555,360.0,7.88346290588379
1556,360.2,61.5734214782715
1557,360.3,104.992225646973
1558,360.5,5.75263023376465
1559,360.8,1.71866416931152
1560,361.0,7.55535221099854
1561,361.2,59.1357498168945
1562,361.3,78.228157043457
1563,361.5,4.69853591918945
1564,361.7,1.54425895214081
1565,361.9,1.8451509475708
1566,362.0,4.52024221420288
1567,362.2,48.068733215332
1568,362.3,47.9893646240234
1569,362.4,52.3782005310059
1570,362.6,2.18950128555298
1571,362.9,2.7756175994873
1572,363.0,5.92897987365723
1573,363.2,50.4925651550293
1574,363.3,71.6379241943359
1575,363.5,4.26738357543945
1576,363.6,1.96020126342773
1577,363.9,2.49119400978088
1578,364.1,18.04860496521
1579,364.3,60.737419128418
1580,364.4,25.9162845611572
1581,364.6,1.54734671115875
1582,364.9,2.17474842071533
1583,365.1,17.6309471130371
1584,365.3,55.8517837524414
1585,365.4,20.8194198608398
1586,365.6,1.5475754737854
1587,365.8,0.459629446268082
1588,366.0,4.54357290267944
1589,366.1,11.1355218887329
1590,366.3,48.5444869995117
1591,366.4,16.0722789764404
1592,366.5,5.71306037902832
1593,366.8,1.44053065776825
1594,367.0,6.1581654548645
1595,367.2,39.7463417053223
1596,367.3,28.0025157928467
1597,367.4,21.9687786102295
1598,367.6,1.20128083229065
1599,367.8,1.30226445198059
1600,368.0,6.29883337020874
1601,368.1,11.7103157043457
1602,368.3,53.3334846496582
1603,368.4,21.3172454833984
1604,368.6,2.76440978050232
1605,368.9,3.55752515792847
1606,369.1,28.2918567657471
1607,369.3,74.8515548706055
1608,369.4,17.0106353759766
1609,369.6,1.40313363075256
1610,369.9,2.20825719833374
1611,370.0,4.27298736572266
1612,370.2,42.8808326721191
1613,370.3,49.9383583068848
1614,370.5,4.9436182975769
1615,370.6,3.20219588279724
1616,370.9,3.07833933830261
1617,371.1,26.5667877197266
1618,371.3,100.135292053223
1619,371.4,28.2441673278809
1620,371.5,6.85247039794922
1621,371.8,1.41491305828094
1622,372.0,6.03465223312378
1623,372.1,12.5930919647217
1624,372.3,79.2212982177734
1625,372.4,33.9263496398926
1626,372.6,3.70596981048584
1627,372.9,4.18744277954102
1628,373.1,27.9128551483154
1629,373.3,80.5866851806641
1630,373.4,21.8051242828369
1631,373.6,1.15816557407379
1632,373.8,1.22266697883606
1633,373.9,0.966605663299561
1634,374.1,14.1365509033203
1635,374.2,29.070104598999
1636,374.3,101.067359924316
1637,374.5,9.09023284912109
1638,374.7,0.819304645061493
1639,374.9,2.34720945358276
1640,375.1,16.1448993682861
1641,375.2,29.0074329376221
1642,375.3,65.418571472168
1643,375.5,6.87145471572876
1644,375.6,2.14867329597473
1645,375.9,1.45654165744781
1646,376.0,2.1525616645813
1647,376.2,31.1988792419434
1648,376.3,47.2647514343262
1649,376.4,83.9495620727539
1650,376.6,1.34034764766693
1651,376.8,1.11402106285095
1652,377.0,4.01692581176758
1653,377.2,32.0792541503906
1654,377.4,63.0618705749512
1655,377.5,6.44579124450684
1656,377.6,2.11402106285095
1657,377.8,0.396043002605438
1658,378.0,2.51292324066162
1659,378.1,7.6306037902832
1660,378.3,53.8642501831055
1661,378.4,41.2568626403809
1662,378.6,2.12671542167664
1663,378.9,1.50377404689789
1664,379.0,3.22529745101929
1665,379.2,23.69384765625
1666,379.3,38.8964996337891
1667,379.5,6.43595600128174
1668,379.7,1.27996337413788
1669,380.0,3.57479405403137
1670,380.2,23.7545738220215
1671,380.3,39.0719337463379
1672,380.5,9.04139995574951
1673,380.7,0.737763047218323
1674,380.9,1.49188017845154
1675,381.1,10.1238565444946
1676,381.3,33.7298736572266
1677,381.4,16.145471572876
1678,381.5,6.78179311752319
1679,381.7,0.840919494628906
1680,381.9,1.72472548484802
1681,382.1,13.9470491409302
1682,382.2,20.0988101959229
1683,382.3,43.8746566772461
1684,382.5,9.01189422607422
1685,382.6,4.38026094436646
1686,382.9,4.16822957992554
1687,383.1,19.063928604126
1688,383.3,40.1803512573242
1689,383.4,18.8581886291504
1690,383.6,2.66685724258423
1691,383.9,2.83199906349182
1692,384.1,15.0112075805664
1693,384.3,34.8882675170898
1694,384.4,13.4812440872192
1695,384.5,9.78659629821777
1696,384.7,1.84618020057678
1697,384.9,8.31244277954102
1698,385.1,34.5508918762207
1699,385.2,48.8872375488281
1700,385.4,14.5642728805542
1701,385.6,3.3218207359314
1702,385.9,3.54666066169739
1703,386.1,17.1917877197266
1704,386.2,23.2044830322266
1705,386.3,42.5551223754883
1706,386.5,12.8221635818481
1707,386.8,5.49519681930542
1708,387.0,16.201509475708
1709,387.2,62.7533149719238
1710,387.3,42.5240173339844
1711,387.5,7.50731945037842
1712,387.8,2.38963866233826
1713,388.0,7.36836671829224
1714,388.2,34.0865745544434
1715,388.3,37.8085556030273
1716,388.5,5.56941890716553
1717,388.6,3.6465003490448
1718,388.9,3.55420851707458
1719,389.1,17.1434135437012
1720,389.3,41.693962097168
1721,389.4,15.9957685470581
1722,389.6,2.68984436988831
1723,389.9,2.19316101074219
1724,390.1,10.2443962097168
1725,390.3,37.7868270874023
1726,390.4,19.4316101074219
1727,390.6,2.45128083229065
1728,390.9,2.32994055747986
1729,391.0,3.6231701374054
1730,391.2,27.5577545166016
1731,391.3,25.9867343902588
1732,391.5,6.01269435882568
1733,391.8,1.21077311038971
1734,391.9,1.32902562618256
1735,392.1,10.6927032470703
1736,392.3,32.903247833252
1737,392.4,18.1079597473145
1738,392.5,7.36882448196411
1739,392.7,0.531907618045807
1740,392.9,1.54608869552612
1741,393.1,7.92737865447998
1742,393.2,11.7934579849243
1743,393.4,25.3556728363037
1744,393.5,5.76029300689697
1745,393.7,0.935041189193726
1746,394.0,2.70574116706848
1747,394.2,16.2795066833496
1748,394.3,29.5976676940918
1749,394.5,7.66388368606567
1750,394.7,0.908051252365112
1751,395.0,2.90965223312378
1752,395.2,17.0833721160889
1753,395.3,25.2390213012695
1754,395.5,6.03568172454834
1755,395.6,2.37465691566467
1756,395.8,0.695677042007446
1757,396.0,4.02893400192261
1758,396.2,18.9041633605957
1759,396.3,28.1673145294189
1760,396.5,5.95391130447388
1761,396.6,2.41422700881958
1762,396.9,1.36322045326233
1763,397.0,3.00674748420715
1764,397.2,16.8568153381348
1765,397.3,12.3651647567749
1766,397.4,14.1479873657227
1767,397.6,1.64775848388672
1768,397.8,1.24531102180481
1769,397.9,0.711688041687012
1770,398.1,6.58886098861694
1771,398.3,22.9071369171143
1772,398.4,13.3583030700684
1773,398.6,2.44041633605957
1774,398.8,5.46717739105225
1775,399.0,14.9483070373535
1776,399.2,41.7774467468262
1777,399.3,24.195104598999
1778,399.5,2.45002293586731
1779,399.6,2.90198993682861
1780,399.8,1.06838977336884
1781,400.0,5.90896606445313
1782,400.1,9.07948303222656
1783,400.3,24.4913082122803
1784,400.4,12.1993370056152
1785,400.7,6.8209056854248
1786,400.8,9.42108917236328
1787,401.0,77.9501342773438
1788,401.1,159.126937866211
1789,401.3,21.7448539733887
1790,401.5,0.827881991863251
1791,401.7,3.25400280952454
1792,401.9,13.3376026153564
1793,402.1,47.1984214782715
1794,402.2,49.4336700439453
1795,402.4,11.562442779541
1796,402.7,5.61402082443237
1797,402.9,14.1354074478149
1798,403.1,42.4954261779785
1799,403.2,29.332799911499
1800,403.3,23.7803058624268
1801,403.5,2.79871916770935
1802,403.7,2.23307418823242
1803,403.9,4.31781816482544
1804,404.1,14.7832803726196
1805,404.3,27.6103610992432
1806,404.4,7.68790006637573
1807,404.5,5.72266674041748
1808,404.7,1.4943962097168
1809,404.9,4.41971635818481
1810,405.1,17.8576164245605
1811,405.2,18.5574111938477
1812,405.3,18.4703788757324
1813,405.5,2.66136789321899
1814,405.6,1.93195331096649
1815,405.9,2.01566791534424
1816,406.1,9.83382892608643
1817,406.2,10.3070678710938
1818,406.3,19.1459293365479
1819,406.5,4.75068616867065
1820,406.7,0.794144570827484
1821,406.9,1.99233758449554
1822,407.1,8.84332084655762
1823,407.3,20.9280643463135
1824,407.4,7.35898923873901
1825,407.5,3.9230329990387
1826,407.7,1.16994512081146
1827,408.0,3.03156447410583
1828,408.2,12.1777219772339
1829,408.3,9.90667915344238
1830,408.4,12.8743133544922
1831,408.6,2.00320219993591
1832,408.9,1.41983079910278
1833,409.0,1.50811982154846
1834,409.2,10.2089433670044
1835,409.3,8.4511661529541
1836,409.4,12.0370540618896
1837,409.6,2.26120758056641
1838,409.9,1.1557639837265
1839,410.1,6.7303295135498
1840,410.2,9.32833957672119
1841,410.4,25.0313358306885
1842,410.5,8.34366416931152
1843,410.8,1.39512813091278
1844,411.0,2.25194430351257
1845,411.2,11.2849950790405
1846,411.3,10.0451736450195
1847,411.4,14.892840385437
1848,411.6,1.5844007730484
1849,411.7,1.18641352653503
1850,412.0,1.98456084728241
1851,412.2,10.395471572876
1852,412.3,15.1970491409302
1853,412.5,6.56175661087036
1854,412.8,1.78774011135101
1855,413.0,3.53819751739502
1856,413.2,14.649245262146
1857,413.3,8.87259864807129
1858,413.4,10.937671661377
1859,413.6,2.45551228523254
1860,413.8,1.41262578964233
1861,414.1,5.59995412826538
1862,414.3,14.149359703064
1863,414.4,6.45905780792236
1864,414.7,3.89158272743225
1865,414.9,18.9773559570313
1866,415.1,123.60750579834
1867,415.2,89.8650512695313
1868,415.3,33.7212944030762
1869,415.5,2.51097893714905
1870,415.8,4.28591012954712
1871,415.9,6.87785911560059
1872,416.1,41.3950119018555
1873,416.2,58.840690612793
1874,416.4,9.13746547698975
1875,416.5,4.44053077697754
1876,416.8,3.78957009315491
1877,417.0,21.5596981048584
1878,417.2,58.3995895385742
1879,417.3,28.673376083374
1880,417.5,1.93366885185242
1881,417.7,1.6604528427124
1882,417.9,3.5956084728241
1883,418.0,4.9868483543396
1884,418.2,21.13254737854
1885,418.3,17.465690612793
1886,418.5,4.27950572967529
1887,418.8,2.31312894821167
1888,419.0,6.74599742889404
1889,419.2,20.9199447631836
1890,419.3,20.9368705749512
1891,419.5,5.17989492416382
1892,419.7,0.255375117063522
1893,419.9,1.82319307327271
1894,420.1,6.25697612762451
1895,420.3,12.6607961654663
1896,420.4,8.34801006317139
1897,420.6,2.23318839073181
1898,420.9,2.89810156822205
1899,421.1,10.4949684143066
1900,421.2,9.12008190155029
1901,421.3,16.2490844726563
1902,421.5,3.25423145294189
1903,421.7,0.909194886684418
1904,422.0,2.21431827545166
1905,422.1,3.45585536956787
1906,422.3,11.9086227416992
1907,422.4,7.38918113708496
1908,422.6,1.69784998893738
1909,422.9,1.46225988864899
1910,423.1,4.73524713516235
1911,423.2,4.30134963989258
1912,423.4,9.67108917236328
1913,423.5,3.62763047218323
1914,423.7,0.65542083978653
1915,423.9,1.00960659980774
1916,424.0,0.725297331809998
1917,424.2,5.77378797531128
1918,424.3,4.80340814590454
1919,424.4,6.71809244155884
1920,424.6,1.36619400978088
1921,424.8,0.34286367893219
1922,425.0,1.28751146793365
1923,425.2,6.11230564117432
1924,425.4,8.03591060638428
1925,425.5,2.87442827224731
1926,425.7,0.56907594203949
1927,425.9,0.991193950176239
1928,426.1,2.76017832756042
1929,426.3,7.30169248580933
1930,426.4,6.41514158248901
1931,426.6,1.3568160533905
1932,426.8,1.2658965587616
1933,427.0,2.00594687461853
1934,427.1,2.0989248752594
1935,427.3,8.7310152053833
1936,427.4,6.53728294372559
1937,427.6,1.4524245262146
1938,427.9,0.916628539562225
1939,428.1,3.02573204040527
1940,428.2,3.96854996681213
1941,428.3,6.63369178771973
1942,428.5,1.40462028980255
1943,428.7,1.52927720546722
1944,428.9,12.0376262664795
1945,429.1,111.060501098633
1946,429.2,137.865509033203
1947,429.4,5.60109806060791
1948,429.6,1.7756175994873
1949,429.7,0.732387900352478
1950,429.9,7.18595600128174
1951,430.1,40.1800079345703
1952,430.2,66.5476913452148
1953,430.4,44.2259826660156
1954,430.7,2.31667423248291
1955,430.8,2.15176129341125
1956,431.0,17.3016929626465
1957,431.2,54.9483070373535
1958,431.3,34.1565628051758
1959,431.5,7.13243389129639
1960,431.7,0.556495904922485
1961,431.9,3.13575029373169
1962,432.1,10.6056728363037
1963,432.3,20.3310832977295
1964,432.4,8.19281768798828
1965,432.7,1.94510519504547
1966,432.8,1.03030645847321
1967,433.0,6.8428635597229
1968,433.2,20.4448757171631
1969,433.3,14.2386779785156
1970,433.5,2.73238801956177
1971,433.7,0.405192136764526
1972,433.9,1.21763491630554
1973,434.1,5.59297800064087
1974,434.3,10.1869850158691
1975,434.4,4.47941446304321
1976,434.6,0.682868242263794
1977,434.8,0.933440089225769
1978,435.0,2.41354060173035
1979,435.1,2.82616662979126
1980,435.3,7.88369178771973
1981,435.4,2.89775848388672
1982,435.5,2.28430914878845
1983,435.7,0.223124429583549
1984,435.9,0.830855429172516
1985,436.1,2.89306950569153
1986,436.2,2.76989936828613
1987,436.4,4.76235151290894
1988,436.5,1.38380599021912
1989,436.6,1.21100187301636
1990,436.8,0.539798736572266
1991,437.0,1.79322969913483
1992,437.2,5.18618488311768
1993,437.3,5.46797800064087
1994,437.5,1.99416744709015
1995,437.7,0.334057629108429
1996,437.9,0.901989936828613
1997,438.1,1.91777217388153
1998,438.3,5.0131516456604
1999,438.4,3.85635852813721
2000,438.6,1.07696712017059
2001,438.8,0.275274485349655
2002,439.0,0.971866428852081
2003,439.2,3.23341727256775
2004,439.4,4.41091012954712
2005,439.5,1.93401193618774
2006,439.8,0.455169260501862
2007,440.0,0.885750234127045
2008,440.2,2.57456541061401
2009,440.4,5.19533395767212
2010,440.5,2.31713175773621
2011,440.7,0.387122601270676
2012,440.8,0.845150947570801
2013,441.0,0.704368710517883
2014,441.2,3.57753896713257
2015,441.3,2.60510063171387
2016,441.4,4.05535221099854
2017,441.6,1.32891130447388
2018,441.9,0.666514158248901
2019,442.1,1.62225520610809
2020,442.2,1.47975754737854
2021,442.4,4.41937351226807
2022,442.5,2.62831664085388
2023,442.8,1.16834402084351
2024,443.0,1.67749309539795
2025,443.1,1.93824338912964
2026,443.3,5.06324338912964
2027,443.4,4.67188930511475
2028,443.6,1.11310613155365
2029,443.8,0.393641352653503
2030,444.0,1.26143646240234
2031,444.2,3.79666066169739
2032,444.3,2.91685724258423
2033,444.5,3.8190758228302
2034,444.7,2.23902106285095
2035,444.9,3.1790943145752
2036,445.0,1.90747940540314
2037,445.2,9.62385654449463
2038,445.3,7.99714088439941
2039,445.5,2.49279499053955
2040,445.8,1.00343096256256
2041,446.0,2.28396606445313
2042,446.2,4.29403018951416
2043,446.3,3.10395693778992
2044,446.4,3.81667423248291
2045,446.7,1.31736052036285
2046,446.9,2.24611163139343
2047,447.1,5.35830307006836
2048,447.2,3.35544371604919
2049,447.3,6.00846290588379
2050,447.5,1.96008694171906
2051,447.7,0.51017838716507
2052,447.9,1.19510519504547
2053,448.1,3.33234214782715
2054,448.3,5.27801942825317
2055,448.4,1.80866885185242
2056,448.5,1.8637923002243
2057,448.7,0.772415399551392
2058,449.0,1.9939386844635
2059,449.2,4.66720056533813
2060,449.3,4.29059934616089
2061,449.5,1.02184355258942
2062,449.6,0.715576410293579
2063,449.9,0.543344020843506
2064,450.1,1.55100643634796
2065,450.2,1.54929089546204
2066,450.4,2.85018301010132
2067,450.5,1.86299180984497
2068,450.8,0.702538907527924
2069,450.9,0.383234202861786
2070,451.1,2.18515563011169
2071,451.3,2.90450596809387
2072,451.4,2.44704937934875
2073,451.6,0.797918558120728
2074,451.8,0.251258015632629
2075,452.0,1.08520126342773
2076,452.2,2.3428635597229
2077,452.4,3.18732833862305
2078,452.5,1.15336227416992
2079,452.7,0.587374210357666
2080,452.8,0.311413526535034
2081,453.0,0.971065878868103
2082,453.1,0.81724613904953
2083,453.3,2.10761666297913
2084,453.4,2.03145003318787
2085,453.6,0.487648665904999
2086,453.8,0.640896618366241
2087,454.0,0.859332084655762
2088,454.1,0.386436402797699
2089,454.3,2.12717294692993
2090,454.4,1.15519213676453
2091,454.5,1.62843096256256
2092,454.7,0.610475778579712
2093,455.0,0.580741107463837
2094,455.2,1.53133583068848
2095,455.3,1.25663316249847
2096,455.4,2.32079148292542
2097,455.6,0.616880118846893
2098,455.9,0.449908494949341
2099,456.0,0.293344020843506
2100,456.2,1.62008237838745
2101,456.3,1.05032026767731
2102,456.5,2.24668335914612
2103,456.6,1.03991305828094
2104,456.8,0.363792300224304
2105,457.0,0.927493155002594
2106,457.1,0.836573660373688
2107,457.3,2.93458366394043
2108,457.4,1.71694874763489
2109,457.6,0.839661478996277
2110,457.8,0.377516001462936
2111,458.0,0.658851802349091
2112,458.2,2.13963866233826
2113,458.4,2.56301474571228
2114,458.5,0.77561753988266
2115,458.7,2.26292324066162
2116,458.9,4.20608425140381
2117,459.1,7.31633138656616
2118,459.2,4.83771705627441
2119,459.3,4.58565855026245
2120,459.5,1.63700819015503
2121,459.8,1.21306037902832
2122,460.0,2.399245262146
2123,460.2,4.12122583389282
2124,460.3,3.44007325172424
2125,460.6,2.16148209571838
2126,460.8,5.35464334487915
2127,460.9,7.57102012634277
2128,461.1,29.964204788208
2129,461.2,20.1993370056152
2130,461.4,3.63849496841431
2131,461.7,1.77481698989868
2132,461.9,4.20814275741577
2133,462.1,10.1340351104736
2134,462.2,9.5196704864502
2135,462.4,2.55672454833984
2136,462.7,1.58371460437775
2137,462.9,3.7938015460968
2138,463.1,8.76452445983887
2139,463.2,4.93755722045898
2140,463.3,4.19693517684937
2141,463.5,0.780535221099854
2142,463.7,0.788083255290985
2143,463.8,0.469922244548798
2144,464.0,1.95871460437775
2145,464.1,1.51338064670563
2146,464.3,3.23193049430847
2147,464.4,1.68435502052307
2148,464.6,0.708485841751099
2149,464.8,0.353499531745911
2150,465.0,2.04437327384949
2151,465.2,4.08108425140381
2152,465.3,1.85555803775787
2153,465.4,1.64627170562744
2154,465.7,0.669716358184814
2155,465.8,0.0604986287653446
2156,465.9,0.837031126022339
2157,466.2,2.21752047538757
2158,466.3,1.20013725757599
2159,466.4,1.7448536157608
2160,466.6,0.626601099967957
2161,466.8,0.221980780363083
2162,467.0,0.68035227060318
2163,467.2,1.87877404689789
2164,467.3,2.19499087333679
2165,467.5,1.02881979942322
2166,467.7,0.17429094016552
2167,467.9,0.488677948713303
2168,468.1,0.957913994789124
2169,468.3,1.362419962883
2170,468.4,0.822735607624054
2171,468.6,1.12202656269073
2172,468.7,0.341033846139908
2173,468.9,0.42474839091301
2174,469.1,0.557067692279816
2175,469.3,1.07102012634277
2176,469.4,0.676349520683289
2177,469.5,0.726669728755951
2178,469.8,0.30592405796051
2179,470.0,0.488792300224304
2180,470.2,0.798947870731354
2181,470.4,1.40084624290466
2182,470.5,0.604986250400543
2183,470.6,0.640553534030914
2184,470.9,0.432525157928467
2185,471.1,0.827310144901276
2186,471.3,1.45471179485321
2187,471.4,1.35327076911926
2188,471.6,0.410109788179398
2189,471.9,0.336573660373688
2190,472.1,0.807067692279816
2191,472.3,1.62362766265869
2192,472.5,1.14387011528015
2193,472.7,1.12156903743744
2194,472.9,1.77870535850525
2195,473.0,2.0751371383667
2196,473.2,7.18607044219971
2197,473.3,4.85876035690308
2198,473.5,1.22987186908722
2199,473.7,0.421203106641769
2200,473.9,1.00148677825928
2201,474.1,2.35658740997314
2202,474.3,3.57685279846191
2203,474.4,1.82776761054993
2204,474.7,1.6259149312973
2205,474.9,9.39672946929932
2206,475.1,39.2840805053711
2207,475.2,48.450252532959
2208,475.4,7.08165597915649
2209,475.7,1.1893869638443
2210,475.8,1.18366885185242
2211,476.0,10.7859106063843
2212,476.1,9.84903907775879
2213,476.2,18.4553985595703
2214,476.4,5.05100631713867
2215,476.6,0.357845366001129
2216,476.8,1.9524245262146
2217,476.9,3.10452890396118
2218,477.1,12.7095155715942
2219,477.2,7.93229627609253
2220,477.3,8.20962905883789
2221,477.5,0.749542534351349
2222,477.6,0.985933184623718
2223,477.8,0.562900245189667
2224,478.0,2.19899368286133
2225,478.2,3.8269670009613
2226,478.3,2.11047577857971
2227,478.4,2.25857734680176
2228,478.6,0.287625789642334
2229,478.8,0.80066329240799
2230,478.9,0.841376960277557
2231,479.1,3.67852234840393
2232,479.2,3.07216382026672
2233,479.3,3.70734214782715
2234,479.5,0.822849929332733
2235,479.6,0.453225076198578
2236,479.9,0.480558097362518
2237,480.0,0.689958810806274
2238,480.2,2.24897074699402
2239,480.3,2.01338052749634
2240,480.5,0.599153697490692
2241,480.8,0.84823876619339
2242,481.0,2.57124876976013
2243,481.2,3.51566791534424
2244,481.3,2.86116194725037
2245,481.5,0.350869178771973
2246,481.7,0.484103381633759
2247,481.8,0.18000915646553
2248,482.0,0.692703545093536
2249,482.2,1.43904387950897
2250,482.3,0.847781360149384
2251,482.5,1.06507325172424
2252,482.7,0.406450122594833
2253,482.8,0.603842616081238
2254,483.1,0.87854528427124
2255,483.3,1.06290030479431
2256,483.4,0.856473028659821
2257,483.6,0.377744734287262
2258,483.8,0.448078691959381
2259,484.1,0.497026532888412
2260,484.3,1.01223695278168
2261,484.5,1.2262122631073
2262,484.6,0.289341270923615
2263,484.9,0.133119851350784
2264,485.1,0.34995424747467
2265,485.2,0.25834858417511
2266,485.4,0.720494031906128
2267,485.5,0.517840802669525
2268,485.8,0.195905759930611
2269,486.0,0.384949684143066
2270,486.2,0.595837116241455
2271,486.3,0.907365024089813
2272,486.6,0.599496781826019
2273,486.8,0.366537064313889
2274,487.0,0.911253452301025
2275,487.2,1.27390205860138
2276,487.3,1.25972092151642
2277,487.5,0.790713608264923
2278,487.8,0.331541627645493
2279,487.9,0.349039345979691
2280,488.1,1.08897531032562
2281,488.3,1.48055803775787
2282,488.4,1.17806494235992
2283,488.7,0.976097881793976
2284,488.9,7.15908050537109
2285,489.1,38.7714996337891
2286,489.2,55.0552368164063
2287,489.4,7.74805593490601
2288,489.5,2.561527967453
2289,489.8,1.68607044219971
2290,490.0,9.29951953887939
2291,490.1,10.5400276184082
2292,490.2,22.5715923309326
2293,490.4,5.58634471893311
2294,490.7,0.890210449695587
2295,490.9,3.19338965415955
2296,491.1,12.8141584396362
2297,491.3,17.9078216552734
2298,491.4,3.07113456726074
2299,491.5,1.43927264213562
2300,491.8,0.50709056854248
2301,491.9,1.00640439987183
2302,492.1,3.55935502052307
2303,492.2,4.37282705307007
2304,492.4,1.83451509475708
2305,492.7,0.425320208072662
2306,492.9,1.08188474178314
2307,493.1,3.2080283164978
2308,493.3,4.47209501266479
2309,493.4,1.21088743209839
2310,493.5,0.984446465969086
2311,493.7,0.142040252685547
2312,493.9,0.383577316999435
2313,494.1,1.1646842956543
2314,494.2,0.893298268318176
2315,494.3,1.78579592704773
2316,494.5,0.514752984046936
2317,494.8,0.38689386844635
2318,494.9,0.521043002605438
2319,495.1,2.44178867340088
2320,495.2,1.53282248973846
2321,495.3,2.27092862129211
2322,495.5,0.463860929012299
2323,495.6,0.354414463043213
2324,495.9,0.436870992183685
2325,496.1,0.594236075878143
2326,496.2,1.23124432563782
2327,496.4,0.661253452301025
2328,496.7,0.378202199935913
2329,496.9,0.387923151254654
2330,497.1,1.20288193225861
2331,497.2,0.731358647346497
2332,497.4,1.32948303222656
2333,497.6,0.544602036476135
2334,497.7,0.0592406205832958
2335,497.9,0.19236047565937
2336,498.1,0.593092381954193
2337,498.2,0.341148227453232
2338,498.4,0.526303768157959
2339,498.6,0.519670605659485
2340,498.7,0.133234217762947
2341,498.9,0.268755704164505
2342,499.0,0.203568160533905
2343,499.1,0.811985373497009
2344,499.3,0.492680698633194
2345,499.5,0.12545745074749
2346,499.7,0.366765797138214
2347,499.8,0.0719350427389145
2348,500.0,0.406564503908157
2349,500.2,0.463975310325623
2350,500.4,0.407822519540787
2351,500.6,0.48067244887352
2352,500.7,0.162282705307007
2353,500.9,0.880718231201172
2354,501.1,1.80340802669525
2355,501.3,2.55260753631592
2356,501.4,0.860018312931061
2357,501.7,0.372483998537064
2358,501.8,0.158508688211441
2359,502.0,0.4401875436306
2360,502.2,0.889981687068939
2361,502.3,0.94945102930069
2362,502.5,0.36310613155365
2363,502.7,0.74702650308609
2364,502.9,4.20002269744873
2365,503.1,16.3698539733887
2366,503.3,20.89524269104
2367,503.4,4.4202880859375
2368,503.6,0.848124444484711
2369,503.8,0.416628539562225
2370,504.0,3.85395693778992
2371,504.2,8.83154201507568
2372,504.3,3.30169248580933
2373,504.4,2.05821132659912
2374,504.7,0.634949684143066
2375,504.8,0.526532471179962
2376,505.0,3.32662391662598
2377,505.2,6.91891574859619
2378,505.3,3.23261666297913
2379,505.4,1.90073192119598
2380,505.7,0.324107944965363
2381,505.9,0.656564474105835
2382,506.0,0.52195793390274
2383,506.2,1.98513269424438
2384,506.4,1.86973929405212
2385,506.6,0.503430902957916
2386,506.8,0.627744734287262
2387,506.9,0.690416276454926
2388,507.1,3.13472104072571
2389,507.2,3.75148677825928
2390,507.4,2.07159185409546
2391,507.6,0.538769423961639
2392,507.9,0.554094254970551
2393,508.1,1.2383348941803
2394,508.3,1.67429089546204
2395,508.4,1.3096981048584
2396,508.7,0.295860022306442
2397,508.9,0.563243389129639
2398,509.1,0.874542534351349
2399,509.2,0.432410806417465
2400,509.4,0.95951509475708
2401,509.5,0.314043909311295
2402,509.6,0.337374210357666
2403,509.8,0.0977813377976418
2404,510.0,0.149130836129189
2405,510.2,0.735933184623718
2406,510.3,0.298947840929031
2407,510.5,0.627859115600586
2408,510.6,0.245882898569107
2409,510.9,0.431838989257813
2410,511.0,0.278019219636917
2411,511.2,0.829597413539886
2412,511.3,0.408623069524765
2413,511.4,0.428408056497574
2414,511.6,0.178636774420738
2415,511.9,0.111962489783764
2416,512.0,0.123856358230114
2417,512.2,0.589547097682953
2418,512.3,0.510407149791718
2419,512.6,0.294373273849487
2420,512.7,0.190645009279251
2421,513.0,0.185612991452217
2422,513.1,0.10212717205286
2423,513.3,0.47049406170845
2424,513.4,0.31427264213562
2425,513.6,0.250228732824326
2426,513.7,0.189615741372108
2427,514.0,0.240850865840912
2428,514.2,0.264981687068939
2429,514.3,0.338289111852646
2430,514.5,0.0584400743246078
2431,514.7,0.205741077661514
2432,514.8,0.0989249795675278
2433,514.9,0.208257094025612
2434,515.2,0.452767610549927
2435,515.3,0.278476655483246
2436,515.4,0.492680698633194
2437,515.6,0.176578223705292
2438,515.7,0.21523329615593
2439,515.9,0.146843552589417
2440,516.1,0.403247952461243
2441,516.2,0.233188465237617
2442,516.4,0.522186636924744
2443,516.5,0.0886322036385536
2444,516.6,0.25354528427124
2445,516.9,0.405077755451202
2446,517.0,0.552493155002594
2447,517.2,0.245539799332619
2448,517.3,0.532250702381134
2449,517.5,0.247369632124901
2450,517.7,0.0651875585317612
2451,517.8,0.332456529140472
2452,518.0,0.134720951318741
2453,518.2,0.684583723545074
2454,518.3,0.524016439914703
2455,518.6,0.390324801206589
2456,518.8,0.499771267175674
2457,519.0,1.32936871051788
2458,519.2,1.87225520610809
2459,519.3,1.21774935722351
2460,519.4,0.805009126663208
2461,519.7,0.31999084353447
2462,519.9,0.584629476070404
2463,520.1,0.957227826118469
2464,520.3,0.982387900352478
2465,520.5,0.705626726150513
2466,520.7,0.394899368286133
2467,520.9,1.31861853599548
2468,521.1,2.56861853599548
2469,521.2,2.64478492736816
2470,521.4,0.799290955066681
2471,521.7,0.395128101110458
2472,521.9,0.661825239658356
2473,522.0,0.491765797138214
2474,522.1,1.31736052036285
2475,522.3,1.0890896320343
2476,522.5,0.562671542167664
2477,522.7,0.179780423641205
2478,522.9,0.621683418750763
2479,523.0,0.764524221420288
2480,523.2,1.40370535850525
2481,523.3,1.02012813091278
2482,523.5,0.359789580106735
2483,523.7,0.218092411756516
2484,524.0,0.424176573753357
2485,524.1,0.269784986972809
2486,524.3,0.898215889930725
2487,524.5,0.383577316999435
2488,524.6,0.258119851350784
2489,524.8,0.16022415459156
2490,525.0,0.453110694885254
2491,525.2,0.645013749599457
2492,525.3,0.62682980298996
2493,525.6,0.329368710517883
2494,525.7,0.0616422705352306
2495,525.9,0.36790943145752
2496,526.1,0.343435496091843
2497,526.2,0.193618476390839
2498,526.4,0.521729171276093
2499,526.5,0.326852709054947
2500,526.7,0.393069535493851
2501,526.9,0.230786830186844
2502,527.2,0.357616662979126
2503,527.4,0.479871898889542
2504,527.6,0.329940527677536
2505,527.7,0.169716373085976
2506,527.8,0.352813363075256
2507,528.1,0.196706309914589
2508,528.2,0.271386086940765
2509,528.5,0.258119851350784
2510,528.6,0.23764868080616
2511,528.8,0.24954254925251
2512,529.0,0.146157369017601
2513,529.1,0.54528820514679
2514,529.3,0.188472092151642
2515,529.5,0.380946934223175
2516,529.6,0.224611163139343
2517,529.8,0.174062207341194
2518,530.1,0.208714544773102
2519,530.3,0.409194886684418
2520,530.4,0.106358647346497
2521,530.5,0.23284538090229
2522,530.7,0.0860018283128738
2523,530.9,0.307525157928467
2524,531.0,0.0993824303150177
2525,531.1,0.387122601270676
2526,531.3,0.263723701238632
2527,531.4,0.485132664442062
2528,531.6,0.0507776774466038
2529,531.8,0.099954254925251
2530,532.0,0.269556254148483
2531,532.2,0.287511438131332
2532,532.3,0.0952653214335442
2533,532.5,0.198764860630035
2534,532.6,0.0601555369794369
2535,532.8,0.593892931938171
2536,533.0,1.44910800457001
2537,533.2,2.46546196937561
2538,533.3,0.861962497234344
2539,533.4,0.911596536636353
2540,533.6,0.192932292819023
2541,533.9,0.574908494949341
2542,534.1,0.936413526535034
2543,534.2,0.821477591991425
2544,534.5,0.686070442199707
2545,534.7,0.745654165744781
2546,534.9,4.05432319641113
2547,535.1,11.8258237838745
2548,535.2,12.4153709411621
2549,535.4,2.59091949462891
2550,535.6,0.777104318141937
2551,535.8,0.59469348192215
2552,536.0,3.13311982154846
2553,536.2,5.09823894500732
2554,536.3,1.99885630607605
2555,536.4,1.26932752132416
2556,536.7,0.475640445947647
2557,536.9,1.36813819408417
2558,537.1,3.6968207359314
2559,537.2,1.74588286876678
2560,537.3,2.30661034584045
2561,537.5,0.363792300224304
2562,537.7,0.314615726470947
2563,537.9,0.703911244869232
2564,538.0,0.618023812770844
2565,538.1,1.07319307327271
2566,538.3,1.12454259395599
2567,538.5,0.184126257896423
2568,538.7,0.329826176166534
2569,538.9,0.598467528820038
2570,539.1,0.878316581249237
2571,539.3,1.16113901138306
2572,539.4,0.354871898889542
2573,539.5,0.381404399871826
2574,539.8,0.273673385381699
2575,540.0,0.516354084014893
2576,540.2,0.612877428531647
2577,540.4,0.517040252685547
2578,540.6,0.298947840929031
2579,540.8,0.212946027517319
2580,541.0,0.352355897426605
2581,541.1,0.341491311788559
2582,541.3,0.657365024089813
2583,541.4,0.153934121131897
2584,541.6,0.278133571147919
2585,541.8,0.0553522408008575
2586,542.0,0.172689840197563
2587,542.1,0.336916744709015
2588,542.3,0.335315644741058
2589,542.5,0.22975754737854
2590,542.8,0.20070905983448
2591,542.9,0.181267157196999
2592,543.1,0.278247952461243
2593,543.2,0.258691668510437
2594,543.3,0.262008219957352
2595,543.6,0.320219576358795
2596,543.7,0.0560384280979633
2597,543.9,0.075137235224247
2598,544.1,0.22975754737854
2599,544.3,0.355329364538193
2600,544.4,0.109675206243992
2601,544.6,0.114707231521606
2602,544.8,0.165827989578247
2603,545.0,0.307639509439468
2604,545.2,0.294373273849487
2605,545.3,0.153476670384407
2606,545.5,0.11047575622797
2607,545.7,0.229528814554214
2608,545.9,0.233417198061943
2609,546.1,0.316788643598557
2610,546.2,0.0759377852082253
2611,546.4,0.389638602733612
2612,546.6,0.339775860309601
2613,546.8,0.185498625040054
2614,547.0,0.56610244512558
2615,547.2,1.23970723152161
2616,547.3,1.22472548484802
2617,547.5,0.376372367143631
2618,547.7,0.279963403940201
2619,548.0,0.281678855419159
2620,548.1,0.75651878118515
2621,548.3,0.376829832792282
2622,548.5,0.556038439273834
2623,548.7,0.731816112995148
2624,548.8,0.785567224025726
2625,549.0,7.35521507263184
2626,549.2,21.9495658874512
2627,549.3,11.3300552368164
2628,549.4,7.40953779220581
2629,549.6,0.92440527677536
2630,549.9,1.45814275741577
