#"+ Scan (rt: 0.088-65.997 min, 11533 scans) 281021_CH_21H.D "
#Point,X(Thompsons),Y(Counts)
0,50.1,2512.0791015625
1,50.3,5.08705472946167
2,50.5,0.0698864161968231
3,50.8,0.092777244746685
4,51.0,34.6553382873535
5,51.1,4163.86376953125
6,51.3,2.32506728172302
7,51.7,0.0208098497241735
8,51.9,1.69253444671631
9,52.1,2242.68969726563
10,52.2,1206.94018554688
11,52.4,0.393219470977783
12,52.6,0.0598283186554909
13,52.8,0.0632099211215973
14,53.0,22.6343536376953
15,53.1,4967.09912109375
16,53.3,4.52146005630493
17,53.5,0.0391918830573559
18,53.7,0.0297407433390617
19,53.9,0.97511488199234
20,54.1,2822.54296875
21,54.2,2679.51928710938
22,54.3,5.78678560256958
23,54.6,0.0242781583219767
24,54.9,0.417064070701599
25,55.1,3160.37133789063
26,55.2,7206.92333984375
27,55.4,0.0287869591265917
28,55.6,0.0247116964310408
29,55.9,0.707708299160004
30,56.1,2102.35766601563
31,56.2,4579.99169921875
32,56.4,0.243908777832985
33,56.6,0.0343362540006638
34,56.9,0.364952743053436
35,57.1,1000.46099853516
36,57.2,4398.46923828125
37,57.4,0.325327306985855
38,57.7,0.136564642190933
39,57.9,11.063817024231
40,58.1,589.713073730469
41,58.2,1237.53198242188
42,58.3,87.283447265625
43,58.6,30.7146453857422
44,58.7,21.1357841491699
45,58.9,23.5675888061523
46,59.1,1035.91345214844
47,59.2,812.251281738281
48,59.4,0.872539639472961
49,59.6,0.169600278139114
50,59.8,0.787652850151062
51,60.0,136.985946655273
52,60.1,1507.48291015625
53,60.3,11.2532730102539
54,60.5,0.417844444513321
55,60.8,1.57617270946503
56,61.0,164.089996337891
57,61.1,519.532836914063
58,61.2,217.215896606445
59,61.5,0.915980219841003
60,61.6,0.0694528743624687
61,61.8,1.63270616531372
62,62.0,139.438735961914
63,62.1,892.789489746094
64,62.3,11.0724878311157
65,62.4,1.09121656417847
66,62.7,0.0496835187077522
67,62.8,0.0737882629036903
68,63.0,87.4165420532227
69,63.1,2334.19995117188
70,63.3,4.59732961654663
71,63.5,0.148010060191154
72,63.8,1.13257610797882
73,64.0,231.683776855469
74,64.1,2201.43798828125
75,64.3,14.0704069137573
76,64.5,0.028093297034502
77,64.8,0.152172029018402
78,65.0,48.8991584777832
79,65.1,3783.74194335938
80,65.3,5.54209661483765
81,65.6,0.149570792913437
82,65.8,1.48920488357544
83,66.0,86.1660461425781
84,66.1,2601.1923828125
85,66.3,10.2686204910278
86,66.5,0.0437006838619709
87,66.8,0.0433538556098938
88,67.0,18.8066425323486
89,67.2,5989.81005859375
90,67.3,6.39928913116455
91,67.5,0.0409260392189026
92,67.8,0.106823898851871
93,68.0,27.0234107971191
94,68.2,5197.18994140625
95,68.3,9.43587970733643
96,68.5,0.103008754551411
97,68.8,0.138212084770203
98,69.0,16.1403789520264
99,69.2,6092.91748046875
100,69.3,7.59247398376465
101,69.5,0.017601665109396
102,69.7,0.0952917709946632
103,69.9,1.55900454521179
104,70.1,1493.63354492188
105,70.2,3940.43798828125
106,70.4,0.539495348930359
107,70.6,0.192751228809357
108,70.9,2.97814965248108
109,71.1,790.220947265625
110,71.2,2280.9580078125
111,71.4,1.15208530426025
112,71.6,0.510621666908264
113,71.8,3.37969303131104
114,72.0,102.194221496582
115,72.2,1293.34887695313
116,72.3,35.1214790344238
117,72.4,2.82242250442505
118,72.6,0.0715338587760925
119,72.8,0.400416195392609
120,73.0,74.1133270263672
121,73.1,4444.4580078125
122,73.3,4.01179218292236
123,73.8,0.566201329231262
124,74.0,153.00520324707
125,74.1,1216.9677734375
126,74.3,9.4351863861084
127,74.7,0.0308679435402155
128,74.9,3.55146098136902
129,75.1,1259.755859375
130,75.2,378.955352783203
131,75.4,0.0478626564145088
132,75.5,0.0765629038214684
133,75.8,1.0006936788559
134,76.0,161.592468261719
135,76.1,1159.95227050781
136,76.3,19.5147838592529
137,76.5,0.0509841330349445
138,76.7,0.0172548331320286
139,77.0,30.5160846710205
140,77.1,5280.59033203125
141,77.3,0.662620306015015
142,77.7,0.0718806907534599
143,78.0,68.601318359375
144,78.1,3466.1259765625
145,78.3,5.64571237564087
146,78.9,0.657677948474884
147,79.1,3618.02026367188
148,79.2,1984.74536132813
149,79.4,0.0660712718963623
150,79.9,1.7511488199234
151,80.1,2221.80395507813
152,80.2,1773.287109375
153,80.4,0.310847133398056
154,80.5,0.0948582366108894
155,80.8,0.148617014288902
156,80.9,0.643718004226685
157,81.1,3159.24536132813
158,81.2,2708.83764648438
159,81.4,0.0156940948218107
160,81.7,0.115147836506367
161,81.9,3.92404413223267
162,82.1,2005.84094238281
163,82.2,2775.79028320313
164,82.3,15.7545309066772
165,82.5,0.357062339782715
166,82.8,0.64120352268219
167,83.0,42.2056694030762
168,83.2,3884.94311523438
169,83.3,26.3971214294434
170,83.6,0.411081254482269
171,83.8,1.07682299613953
172,83.9,3.83933067321777
173,84.1,2210.7294921875
174,84.2,1849.34020996094
175,84.3,12.9162406921387
176,84.6,0.18555448949337
177,84.8,0.429983526468277
178,85.0,66.7943267822266
179,85.2,2363.81323242188
180,85.3,27.7955436706543
181,85.5,0.194658800959587
182,85.7,0.443163096904755
183,85.9,10.6188325881958
184,86.0,81.0292205810547
185,86.2,1162.06982421875
186,86.3,33.3679008483887
187,86.5,0.741177499294281
188,86.8,2.06659150123596
189,86.9,14.8717594146729
190,87.1,724.529602050781
191,87.2,295.301818847656
192,87.4,0.902887344360352
193,87.6,1.43830752372742
194,87.8,8.83733654022217
195,88.0,159.268966674805
196,88.1,369.753845214844
197,88.3,29.6614933013916
198,88.5,1.14627587795258
199,88.8,0.952137351036072
200,89.0,178.34033203125
201,89.1,1403.37243652344
202,89.2,487.516693115234
203,89.4,0.353333920240402
204,89.5,0.562993168830872
205,89.8,6.05228471755981
206,90.0,128.623687744141
207,90.1,1301.37426757813
208,90.3,38.1963920593262
209,90.5,0.254573822021484
210,90.8,0.0936443284153938
211,91.0,26.8861522674561
212,91.1,6018.87939453125
213,91.2,4259.62451171875
214,91.4,0.042660191655159
215,91.8,0.17766410112381
216,92.0,80.2612533569336
217,92.2,4411.806640625
218,92.3,9.54634571075439
219,92.5,0.184167176485062
220,92.8,0.446284562349319
221,93.0,49.636173248291
222,93.1,1665.73364257813
223,93.2,1523.21240234375
224,93.4,0.348911821842194
225,93.5,0.19925431907177
226,93.8,0.227781146764755
227,93.9,3.14965748786926
228,94.1,2531.78271484375
229,94.2,1888.36889648438
230,94.4,0.452180713415146
231,94.6,0.0692794620990753
232,94.8,0.303997218608856
233,94.9,2.31778383255005
234,95.1,2412.99633789063
235,95.2,2725.25341796875
236,95.4,1.17298185825348
237,95.6,0.0658978596329689
238,95.9,1.84340584278107
239,96.1,2922.12817382813
240,96.2,2138.10180664063
241,96.4,0.343709349632263
242,96.5,0.405618667602539
243,96.8,23.3141422271729
244,97.0,190.90348815918
245,97.1,1552.86279296875
246,97.2,1750.9140625
247,97.4,0.493366867303848
248,97.6,0.227521032094955
249,97.8,2.41307544708252
250,97.9,7.62334156036377
251,98.1,1340.95446777344
252,98.2,1202.30249023438
253,98.4,0.686464905738831
254,98.7,0.435185998678207
255,98.9,13.1062173843384
256,99.1,1193.34790039063
257,99.2,621.88720703125
258,99.4,2.32957601547241
259,99.6,0.752015948295593
260,99.8,3.37873935699463
261,99.9,15.2391395568848
262,100.1,1622.97143554688
263,100.2,301.004150390625
264,100.4,2.42148613929749
265,100.6,0.484609395265579
266,100.8,2.75851893424988
267,101.0,152.443161010742
268,101.1,538.426574707031
269,101.2,251.926910400391
270,101.4,1.66886329650879
271,101.5,1.54391741752625
272,101.8,2.22890830039978
273,101.9,15.2709617614746
274,102.1,885.126831054688
275,102.2,366.4345703125
276,102.4,1.90332090854645
277,102.5,0.45668950676918
278,102.8,0.823723256587982
279,103.0,226.412124633789
280,103.1,1921.97241210938
281,103.3,7.21642255783081
282,103.5,0.077863521873951
283,103.7,0.470996260643005
284,103.9,12.3530740737915
285,104.0,133.902893066406
286,104.1,2246.0703125
287,104.3,11.4671812057495
288,104.5,0.169513568282127
289,104.8,0.53620046377182
290,105.0,92.0372009277344
291,105.1,3592.9921875
292,105.3,3.8359489440918
293,105.6,0.124252147972584
294,105.8,1.07370150089264
295,106.0,75.0056381225586
296,106.2,2579.80395507813
297,106.3,18.0263595581055
298,106.5,0.135870978236198
299,106.6,0.297494143247604
300,106.9,5.40466499328613
301,107.1,3184.3759765625
302,107.2,1656.72143554688
303,107.4,0.365906536579132
304,107.6,0.309026271104813
305,107.8,0.610248863697052
306,108.0,49.3424949645996
307,108.1,2136.16918945313
308,108.2,1785.06127929688
309,108.4,1.38714993000031
310,108.6,0.45009970664978
311,108.8,1.28466141223907
312,109.0,57.6216926574707
313,109.1,1413.80554199219
314,109.2,1895.39404296875
315,109.4,1.16309714317322
316,109.5,0.575392365455627
317,109.8,1.51773178577423
318,110.0,74.25830078125
319,110.1,2776.81372070313
320,110.3,23.905574798584
321,110.5,0.941645741462708
322,110.8,2.44168901443481
323,111.0,80.4040603637695
324,111.2,2270.51416015625
325,111.3,23.6425037384033
326,111.4,2.223792552948
327,111.7,1.16526484489441
328,111.9,12.4472379684448
329,112.1,984.431884765625
330,112.2,755.520080566406
331,112.4,3.22916841506958
332,112.7,1.70267927646637
333,112.9,15.7727394104004
334,113.1,843.975952148438
335,113.2,521.839233398438
336,113.4,3.25916934013367
337,113.6,0.658545017242432
338,113.8,5.18633508682251
339,114.0,115.758865356445
340,114.1,612.379333496094
341,114.2,322.2001953125
342,114.4,3.54929327964783
343,114.7,0.264978766441345
344,114.9,5.38853740692139
345,115.0,127.102920532227
346,115.1,2656.56176757813
347,115.3,4.7752537727356
348,115.5,0.0501170568168163
349,115.7,0.209659233689308
350,115.9,10.7168989181519
351,116.1,1178.98803710938
352,116.2,554.516540527344
353,116.4,0.878435790538788
354,116.7,0.290297418832779
355,116.9,5.54305028915405
356,117.1,2817.2763671875
357,117.2,1178.85559082031
358,117.4,0.430763900279999
359,117.7,0.463366001844406
360,117.9,9.08852863311768
361,118.0,82.7311172485352
362,118.1,2044.39538574219
363,118.3,17.6992969512939
364,118.5,0.381600618362427
365,118.8,1.22864818572998
366,119.0,141.498489379883
367,119.1,2615.09301757813
368,119.3,8.59230041503906
369,119.5,0.196219548583031
370,119.8,1.4455908536911
371,119.9,7.94849538803101
372,120.1,1304.04870605469
373,120.2,1171.24377441406
374,120.4,0.911991655826569
375,120.6,0.281713336706161
376,120.8,0.893696367740631
377,121.0,73.5818099975586
378,121.2,2675.97998046875
379,121.3,13.8718461990356
380,121.4,0.752883017063141
381,121.6,0.0305211134254932
382,121.8,1.42322027683258
383,122.0,77.5781707763672
384,122.2,2457.00708007813
385,122.3,23.6377353668213
386,122.4,0.939998269081116
387,122.7,0.324807077646255
388,122.9,7.65299558639526
389,123.1,1011.52069091797
390,123.2,1617.22412109375
391,123.4,1.97832310199738
392,123.7,0.678661227226257
393,123.9,8.86040019989014
394,124.1,967.302856445313
395,124.2,1194.03002929688
396,124.3,38.3130149841309
397,124.6,1.13431024551392
398,124.8,2.53628706932068
399,125.0,101.020721435547
400,125.2,1862.10803222656
401,125.3,34.7403106689453
402,125.6,3.07474207878113
403,125.8,7.30659866333008
404,126.0,115.331047058105
405,126.1,1429.32067871094
406,126.3,35.1930122375488
407,126.6,1.96288907527924
408,126.8,3.72747778892517
409,127.0,119.522155761719
410,127.1,1251.80041503906
411,127.3,24.6476192474365
412,127.4,2.85805940628052
413,127.7,1.05939483642578
414,127.9,11.3919191360474
415,128.1,1233.36645507813
416,128.2,721.626708984375
417,128.4,2.24529600143433
418,128.6,0.0272262208163738
419,128.8,1.20315611362457
420,129.0,82.3056411743164
421,129.1,2014.67419433594
422,129.3,16.1064777374268
423,129.5,0.282753825187683
424,129.7,0.558484375476837
425,129.9,6.97034597396851
426,130.1,1799.80578613281
427,130.2,1200.29260253906
428,130.4,1.38238096237183
429,130.6,0.214948415756226
430,130.8,1.14159369468689
431,130.9,4.32489395141602
432,131.1,1671.84252929688
433,131.2,1245.15783691406
434,131.4,0.747420430183411
435,131.5,0.287002503871918
436,131.8,1.61224317550659
437,132.0,80.7643280029297
438,132.1,2018.75317382813
439,132.3,18.4991760253906
440,132.6,0.33477845788002
441,132.8,1.53056442737579
442,133.0,157.056015014648
443,133.1,3598.95458984375
444,133.3,5.37709188461304
445,133.5,0.146969571709633
446,133.7,0.650828063488007
447,133.9,23.7149925231934
448,134.1,1133.88916015625
449,134.2,926.242980957031
450,134.4,0.775427043437958
451,134.6,0.141073435544968
452,134.8,1.46917545795441
453,135.0,52.8737525939941
454,135.1,3240.86840820313
455,135.3,12.3286218643188
456,135.5,0.259776294231415
457,135.7,0.0879216194152832
458,135.9,5.9765887260437
459,136.0,60.4266014099121
460,136.2,1784.556640625
461,136.3,30.6444988250732
462,136.5,0.103702418506145
463,136.7,0.349865615367889
464,136.8,0.875487744808197
465,137.0,96.7539215087891
466,137.2,2043.47680664063
467,137.3,15.7430849075317
468,137.6,0.20280933380127
469,137.8,1.62932455539703
470,138.0,67.9795379638672
471,138.2,1721.11572265625
472,138.3,35.1753234863281
473,138.5,1.00320816040039
474,138.8,2.11298012733459
475,138.9,8.71152305603027
476,139.1,903.569519042969
477,139.2,624.448364257813
478,139.4,1.56013178825378
479,139.7,1.04872977733612
480,139.9,12.7819299697876
481,140.1,710.271911621094
482,140.2,513.902770996094
483,140.4,2.73380732536316
484,140.5,1.59125983715057
485,140.8,3.13500380516052
486,141.0,78.4540863037109
487,141.2,1246.18676757813
488,141.3,25.9898548126221
489,141.6,1.01144540309906
490,141.7,0.675019502639771
491,141.9,15.3036508560181
492,142.1,832.730102539063
493,142.2,419.358978271484
494,142.3,22.1259002685547
495,142.5,0.676493525505066
496,142.7,0.848781764507294
497,142.9,9.35983657836914
498,143.1,879.917785644531
499,143.2,719.649291992188
500,143.4,1.67527961730957
501,143.7,0.618399381637573
502,143.9,8.74386501312256
503,144.1,877.376159667969
504,144.2,839.7998046875
505,144.3,18.0984992980957
506,144.5,0.340934723615646
507,144.7,0.422960191965103
508,144.9,5.94433355331421
509,145.1,1118.15124511719
510,145.2,1093.70471191406
511,145.3,15.4174108505249
512,145.5,0.221278071403503
513,145.7,0.690713584423065
514,145.9,8.98699378967285
515,146.1,1004.78308105469
516,146.2,954.185363769531
517,146.4,0.9997398853302
518,146.6,0.142547473311424
519,146.8,2.22786784172058
520,147.0,77.4744644165039
521,147.1,3014.59814453125
522,147.3,8.40752601623535
523,147.5,0.347958028316498
524,147.7,0.0821989104151726
525,147.9,4.5544958114624
526,148.1,933.662292480469
527,148.2,823.567077636719
528,148.3,25.8287525177002
529,148.5,0.294719487428665
530,148.7,0.431110739707947
531,148.9,4.85198974609375
532,149.1,1374.13403320313
533,149.2,842.019226074219
534,149.4,0.759299397468567
535,149.7,0.261510461568832
536,149.9,8.10456943511963
537,150.1,765.665588378906
538,150.2,706.716979980469
539,150.4,1.79562997817993
540,150.6,0.225700169801712
541,150.8,0.750021696090698
542,151.0,76.6065216064453
543,151.2,1799.45031738281
544,151.3,15.1519985198975
545,151.5,0.172548338770866
546,151.7,0.260123133659363
547,151.9,5.99089574813843
548,152.0,61.9847412109375
549,152.2,1795.71594238281
550,152.3,19.7055397033691
551,152.4,2.53299236297607
552,152.7,0.641983866691589
553,152.9,9.92404365539551
554,153.1,806.405212402344
555,153.2,546.037475585938
556,153.3,19.3145751953125
557,153.6,0.423653870820999
558,153.7,0.281106382608414
559,153.9,9.94355297088623
560,154.1,969.436584472656
561,154.2,908.524841308594
562,154.4,3.39833521842957
563,154.6,0.573658227920532
564,154.8,2.60972857475281
565,155.0,83.8144454956055
566,155.1,748.071166992188
567,155.2,571.966613769531
568,155.4,1.54504466056824
569,155.6,1.0282666683197
570,155.8,3.26758003234863
571,155.9,9.0062427520752
572,156.1,688.187622070313
573,156.2,632.432434082031
574,156.4,2.01552057266235
575,156.5,1.13014829158783
576,156.7,0.71412467956543
577,156.9,8.158935546875
578,157.1,674.851196289063
579,157.2,796.685424804688
580,157.4,1.99219632148743
581,157.7,1.18988990783691
582,157.8,1.6669557094574
583,158.0,48.6555976867676
584,158.2,1329.77062988281
585,158.3,23.2336769104004
586,158.5,0.791814804077148
587,158.8,1.4723836183548
588,159.0,51.9364433288574
589,159.1,663.777404785156
590,159.2,893.700073242188
591,159.4,1.45738315582275
592,159.6,0.243475243449211
593,159.8,1.72444295883179
594,160.0,46.6556854248047
595,160.2,1424.86633300781
596,160.3,25.5367202758789
597,160.4,2.12078380584717
598,160.7,0.67553973197937
599,160.9,18.1917972564697
600,161.0,114.959243774414
601,161.2,1451.84594726563
602,161.3,19.3565425872803
603,161.5,0.250932097434998
604,161.7,0.441082119941711
605,161.9,11.1624898910522
606,162.1,634.913146972656
607,162.2,649.861450195313
608,162.4,2.3620913028717
609,162.7,0.827104806900024
610,162.9,18.3681602478027
611,163.1,949.828857421875
612,163.2,619.392517089844
613,163.4,1.38324809074402
614,163.6,0.131535589694977
615,163.8,2.92907309532166
616,164.0,79.5753021240234
617,164.2,1057.05322265625
618,164.3,29.735107421875
619,164.5,0.395560562610626
620,164.7,0.865949869155884
621,164.9,10.8824243545532
622,165.1,927.482971191406
623,165.2,775.427185058594
624,165.3,18.0367641448975
625,165.5,0.156420707702637
626,165.7,0.492326378822327
627,165.8,0.970606088638306
628,166.0,84.2157287597656
629,166.1,757.711059570313
630,166.2,723.648376464844
631,166.4,1.5280499458313
632,166.6,0.116275034844875
633,166.8,1.87470734119415
634,167.0,66.5382843017578
635,167.1,674.744567871094
636,167.2,618.403869628906
637,167.4,1.23367726802826
638,167.6,0.233070313930511
639,167.8,1.41957855224609
640,168.0,52.7445602416992
641,168.2,1552.43566894531
642,168.3,23.3751850128174
643,168.5,0.530044198036194
644,168.7,0.632272601127625
645,168.9,6.87739515304565
646,169.1,571.745361328125
647,169.2,579.759460449219
648,169.3,25.7077941894531
649,169.5,0.497875660657883
650,169.7,0.783837676048279
651,169.9,7.3624382019043
652,170.0,41.857364654541
653,170.2,1146.30615234375
654,170.3,26.5004768371582
655,170.5,0.815919518470764
656,170.8,1.79138123989105
657,171.0,45.8263244628906
658,171.2,1214.10754394531
659,171.3,25.065896987915
660,171.5,0.565854489803314
661,171.7,0.586057424545288
662,171.9,7.20393657684326
663,172.1,562.14599609375
664,172.2,708.433532714844
665,172.4,1.38402843475342
666,172.7,0.542876958847046
667,172.9,6.18694162368774
668,173.1,520.722717285156
669,173.2,719.256591796875
670,173.4,2.10613012313843
671,173.7,0.659412145614624
672,173.9,5.69556903839111
673,174.1,496.612762451172
674,174.2,678.298034667969
675,174.4,2.84479331970215
676,174.7,0.697303414344788
677,174.9,8.30182933807373
678,175.1,545.99755859375
679,175.2,620.530822753906
680,175.4,1.6109424829483
681,175.6,0.501430690288544
682,175.8,1.98872804641724
683,176.0,93.8519058227539
684,176.1,509.010650634766
685,176.2,541.895263671875
686,176.4,2.04482793807983
687,176.6,0.367640674114227
688,176.8,2.15962886810303
689,177.0,268.885894775391
690,177.1,1282.48596191406
691,177.3,22.6736316680908
692,177.5,0.130755230784416
693,177.7,0.367120444774628
694,177.9,10.0444812774658
695,178.1,641.350463867188
696,178.2,571.964782714844
697,178.4,2.01083850860596
698,178.7,0.912425220012665
699,178.9,13.2558746337891
700,179.1,714.222595214844
701,179.2,616.923767089844
702,179.4,1.04725575447083
703,179.7,0.559871673583984
704,179.9,9.80594825744629
705,180.1,532.730773925781
706,180.2,621.969909667969
707,180.4,1.26731991767883
708,180.6,0.48070752620697
709,180.8,1.97034597396851
710,180.9,7.90600872039795
711,181.1,550.756713867188
712,181.2,569.108642578125
713,181.3,30.0871410369873
714,181.5,0.363218575716019
715,181.7,0.555796384811401
716,181.9,5.97910356521606
717,182.1,611.694946289063
718,182.2,731.776489257813
719,182.4,2.87245297431946
720,182.7,0.674239158630371
721,182.9,6.12685346603394
722,183.1,492.336944580078
723,183.2,622.062622070313
724,183.3,32.4346656799316
725,183.5,0.651088178157806
726,183.8,1.36235153675079
727,184.0,38.9990463256836
728,184.2,961.789794921875
729,184.3,29.2307300567627
730,184.5,0.3957339823246
731,184.7,0.764328420162201
732,184.8,1.46475327014923
733,185.0,36.4816627502441
734,185.1,409.178100585938
735,185.2,702.454772949219
736,185.4,2.16526484489441
737,185.7,0.800832390785217
738,185.9,5.21252059936523
739,186.1,530.20166015625
740,186.2,677.161254882813
741,186.3,37.6313171386719
742,186.5,0.289777159690857
743,186.7,0.570623457431793
744,186.9,6.32888221740723
745,187.1,420.864898681641
746,187.2,523.231689453125
747,187.3,35.8976860046387
748,187.5,0.517211496829987
749,187.7,0.29732072353363
750,187.9,5.15607404708862
751,188.1,388.7734375
752,188.2,484.660186767578
753,188.3,40.5211143493652
754,188.5,0.527616381645203
755,188.7,0.628457486629486
756,188.9,7.68082904815674
757,189.0,56.9292449951172
758,189.2,964.304260253906
759,189.3,30.7114372253418
760,189.5,0.297754257917404
761,189.8,1.25535416603088
762,190.0,53.7201957702637
763,190.2,781.839965820313
764,190.3,36.8531188964844
765,190.6,0.829359233379364
766,190.7,0.6108558177948
767,190.9,14.3873233795166
768,191.1,2228.15161132813
769,191.2,447.614837646484
770,191.4,1.29333221912384
771,191.6,0.0949449390172958
772,191.8,1.7767276763916
773,191.9,6.5234546661377
774,192.1,760.744018554688
775,192.2,534.892761230469
776,192.4,3.06347012519836
777,192.7,1.63305294513702
778,192.9,20.7792415618896
779,193.1,1968.75329589844
780,193.2,495.466918945313
781,193.4,1.10309541225433
782,193.7,0.501257240772247
783,193.9,8.94147205352783
784,194.1,625.821899414063
785,194.2,688.532104492188
786,194.4,2.22075772285461
787,194.7,0.910084128379822
788,194.9,8.23020935058594
789,195.1,610.810729980469
790,195.2,638.396789550781
791,195.4,1.73346054553986
792,195.7,0.41541662812233
793,195.9,7.09052276611328
794,196.1,401.118530273438
795,196.2,655.500366210938
796,196.4,4.34327602386475
797,196.7,0.600277483463287
798,196.9,6.07240104675293
799,197.1,425.220397949219
800,197.2,627.469604492188
801,197.4,1.76840376853943
802,197.6,0.468395054340363
803,197.9,6.02687931060791
804,198.1,355.771514892578
805,198.2,536.8330078125
806,198.4,2.51911902427673
807,198.7,0.516170978546143
808,198.9,5.44021511077881
809,199.1,373.945098876953
810,199.2,625.124755859375
811,199.4,1.25466048717499
812,199.5,0.349952310323715
813,199.8,1.46457993984222
814,200.0,38.7025909423828
815,200.2,841.061828613281
816,200.3,36.004508972168
817,200.4,3.03355598449707
818,200.6,0.368074208498001
819,200.8,1.66140639781952
820,201.0,38.6929664611816
821,201.2,685.124084472656
822,201.3,36.3922653198242
823,201.5,0.346570700407028
824,201.7,0.629584670066833
825,201.9,4.9428596496582
826,202.0,32.1877212524414
827,202.2,727.6064453125
828,202.3,43.1063919067383
829,202.5,0.70562732219696
830,202.7,0.931761026382446
831,202.8,1.65611720085144
832,203.0,57.9945373535156
833,203.2,692.671997070313
834,203.3,34.5858840942383
835,203.4,2.05722713470459
836,203.6,0.2049770206213
837,203.8,1.62455558776855
838,204.0,41.921875
839,204.1,259.753662109375
840,204.2,402.339538574219
841,204.4,3.67025065422058
842,204.7,0.340414464473724
843,204.9,7.05046367645264
844,205.1,438.553283691406
845,205.2,413.673278808594
846,205.4,2.06719851493835
847,205.7,0.390097975730896
848,205.9,3.76198744773865
849,206.1,250.826583862305
850,206.2,420.035278320313
851,206.4,3.44489717483521
852,206.6,0.165438309311867
853,206.9,6.40795993804932
854,207.1,16943.98828125
855,207.2,523.405334472656
856,207.7,0.403884500265121
857,207.9,12.3717155456543
858,208.1,3714.12133789063
859,208.2,662.68603515625
860,208.4,1.87028527259827
861,208.7,0.78652560710907
862,208.9,13.1461887359619
863,209.1,2463.75732421875
864,209.2,602.488403320313
865,209.4,1.67068409919739
866,209.7,0.615711450576782
867,209.8,1.21304082870483
868,210.0,68.8686370849609
869,210.2,1038.02990722656
870,210.3,38.6187477111816
871,210.5,0.964796662330627
872,210.8,2.62611627578735
873,211.0,81.3972091674805
874,211.2,1243.91430664063
875,211.3,26.1027488708496
876,211.5,0.0987600833177567
877,211.6,0.348564982414246
878,211.9,5.16188335418701
879,212.1,320.255706787109
880,212.2,494.701538085938
881,212.4,2.31136727333069
882,212.7,0.570883572101593
883,212.9,5.14714288711548
884,213.1,363.774658203125
885,213.2,624.639038085938
886,213.4,0.876788318157196
887,213.5,0.504378736019135
888,213.8,1.11480104923248
889,214.0,35.2292556762695
890,214.2,626.382751464844
891,214.3,48.4195785522461
892,214.5,0.710569679737091
893,214.8,1.8056013584137
894,215.0,39.5072402954102
895,215.2,630.94482421875
896,215.3,38.983699798584
897,215.4,3.12806725502014
898,215.6,0.210006073117256
899,215.8,1.7195873260498
900,216.0,39.1447143554688
901,216.2,539.245971679688
902,216.3,50.601318359375
903,216.5,0.401543408632278
904,216.7,0.837076187133789
905,216.9,5.81011009216309
906,217.1,235.787048339844
907,217.2,344.859436035156
908,217.4,3.89759826660156
909,217.7,0.729211807250977
910,217.8,0.870632112026215
911,218.0,32.5613441467285
912,218.2,510.531097412109
913,218.3,53.8950843811035
914,218.5,1.31171417236328
915,218.8,1.72513651847839
916,219.0,43.5684547424316
917,219.2,564.297729492188
918,219.3,37.5679359436035
919,219.4,3.60756087303162
920,219.7,0.899852573871613
921,219.9,6.95855379104614
922,220.0,29.8778285980225
923,220.2,568.798828125
924,220.3,48.0857543945313
925,220.5,1.04326713085175
926,220.8,2.34422969818115
927,221.0,46.0820236206055
928,221.2,1483.71911621094
929,221.3,42.6025314331055
930,221.6,0.539408624172211
931,221.8,1.01864218711853
932,222.0,38.0349426269531
933,222.2,784.582824707031
934,222.3,52.7830581665039
935,222.6,1.06251621246338
936,222.8,1.79797101020813
937,223.0,56.4767189025879
938,223.2,769.943176269531
939,223.3,35.2659339904785
940,223.5,0.655423581600189
941,223.7,0.163877561688423
942,223.9,7.02436494827271
943,224.1,232.265060424805
944,224.2,430.176452636719
945,224.4,3.97927689552307
946,224.7,1.00806379318237
947,224.9,8.67224502563477
948,225.1,497.378570556641
949,225.2,553.737365722656
950,225.4,2.00971126556396
951,225.7,0.273649513721466
952,225.9,6.10257530212402
953,226.0,36.8757476806641
954,226.2,605.086608886719
955,226.3,49.4328460693359
956,226.5,0.459204018115997
957,226.7,0.564814031124115
958,226.9,5.66556835174561
959,227.0,38.2731285095215
960,227.2,575.0673828125
961,227.3,54.3970336914063
962,227.6,0.58571058511734
963,227.8,1.25240612030029
964,228.0,32.5986289978027
965,228.2,525.020141601563
966,228.3,47.5550155639648
967,228.5,0.521980404853821
968,228.7,0.580421388149261
969,228.9,6.15954208374023
970,229.1,210.059478759766
971,229.2,312.971130371094
972,229.4,3.04595518112183
973,229.7,0.870111882686615
974,229.8,0.874013721942902
975,230.0,33.5364608764648
976,230.2,416.634613037109
977,230.3,54.645450592041
978,230.5,1.41082108020782
979,230.8,1.92638516426086
980,231.0,28.2799797058105
981,231.2,399.98388671875
982,231.3,51.9967041015625
983,231.5,1.02601230144501
984,231.8,1.43067717552185
985,231.9,4.15607404708862
986,232.1,171.886672973633
987,232.2,315.3564453125
988,232.4,6.45512866973877
989,232.7,0.875140905380249
990,232.9,5.51643133163452
991,233.0,26.8927421569824
992,233.2,449.006072998047
993,233.3,52.6275901794434
994,233.5,1.02297759056091
995,233.7,0.663747489452362
996,233.9,5.3000955581665
997,234.1,179.078643798828
998,234.2,355.352905273438
999,234.4,5.02046298980713
1000,234.5,1.87947630882263
1001,234.7,0.633053004741669
1002,234.9,10.8936967849731
1003,235.1,241.319427490234
1004,235.2,316.823547363281
1005,235.3,48.5596122741699
1006,235.5,0.939998269081116
1007,235.8,1.48131453990936
1008,235.9,5.8053412437439
1009,236.1,198.629318237305
1010,236.2,313.115051269531
1011,236.3,62.7253952026367
1012,236.5,1.88216423988342
1013,236.8,3.24911117553711
1014,237.0,45.9244766235352
1015,237.1,179.37353515625
1016,237.2,341.423492431641
1017,237.4,4.12720012664795
1018,237.6,0.450619965791702
1019,237.8,2.13049507141113
1020,238.0,35.7599067687988
1021,238.2,446.220855712891
1022,238.3,53.6333122253418
1023,238.5,1.34527003765106
1024,238.8,1.58068156242371
1025,239.0,37.7729110717773
1026,239.2,520.651611328125
1027,239.3,78.5533676147461
1028,239.5,0.66409432888031
1029,239.7,0.660279214382172
1030,239.9,6.03511667251587
1031,240.1,165.563171386719
1032,240.2,299.339019775391
1033,240.4,4.14549541473389
1034,240.6,1.08089828491211
1035,240.8,1.45296108722687
1036,241.0,30.9330615997314
1037,241.2,362.155914306641
1038,241.3,56.4659690856934
1039,241.5,0.890141308307648
1040,241.8,1.31128072738647
1041,241.9,4.20298290252686
1042,242.1,159.250411987305
1043,242.2,273.586853027344
1044,242.4,4.29654026031494
1045,242.5,0.947455108165741
1046,242.8,1.59923696517944
1047,243.0,31.0193367004395
1048,243.2,322.918579101563
1049,243.3,48.8945617675781
1050,243.4,4.72305536270142
1051,243.7,0.705714046955109
1052,243.9,4.82181549072266
1053,244.0,24.1303215026855
1054,244.2,341.433288574219
1055,244.3,50.2576103210449
1056,244.4,6.12650632858276
1057,244.6,0.990202009677887
1058,244.9,4.52588224411011
1059,245.1,142.236022949219
1060,245.2,239.479934692383
1061,245.4,4.50186443328857
1062,245.5,1.17905139923096
1063,245.8,1.48313534259796
1064,246.0,25.8212089538574
1065,246.2,333.268432617188
1066,246.3,54.0873146057129
1067,246.5,1.44611120223999
1068,246.7,0.56108558177948
1069,246.9,6.18277978897095
1070,247.1,152.960464477539
1071,247.2,278.185028076172
1072,247.4,6.43050384521484
1073,247.6,1.01474034786224
1074,247.9,5.00789022445679
1075,248.1,150.42121887207
1076,248.2,214.298446655273
1077,248.3,57.1005821228027
1078,248.5,1.13049507141113
1079,248.8,2.55094075202942
1080,249.0,217.50862121582
1081,249.1,618.031188964844
1082,249.3,41.8378562927246
1083,249.5,0.637475073337555
1084,249.8,2.32350635528564
1085,250.0,75.0998840332031
1086,250.2,424.170562744141
1087,250.3,51.5221519470215
1088,250.5,0.770658135414124
1089,250.7,1.52969741821289
1090,250.9,17.4431629180908
1091,251.1,450.433197021484
1092,251.2,252.731033325195
1093,251.4,2.74005031585693
1094,251.7,0.988467872142792
1095,251.9,11.6829099655151
1096,252.1,212.256484985352
1097,252.2,271.524139404297
1098,252.4,5.56732845306396
1099,252.7,1.16032254695892
1100,252.8,1.98560655117035
1101,253.0,89.5049819946289
1102,253.1,481.622650146484
1103,253.3,44.3286209106445
1104,253.6,0.683690309524536
1105,253.8,1.35584843158722
1106,253.9,6.92889976501465
1107,254.1,198.144104003906
1108,254.2,238.47282409668
1109,254.4,4.32168579101563
1110,254.5,1.16491806507111
1111,254.8,2.01352643966675
1112,255.0,44.6411170959473
1113,255.2,295.723052978516
1114,255.3,51.0418815612793
1115,255.5,0.845313429832458
1116,255.8,1.41472291946411
1117,256.0,24.0101451873779
1118,256.2,294.176116943359
1119,256.3,123.422439575195
1120,256.4,12.7394437789917
1121,256.7,0.995924711227417
1122,256.9,4.75565767288208
1123,257.0,21.5228481292725
1124,257.2,252.723236083984
1125,257.3,69.5433120727539
1126,257.5,1.30269658565521
1127,257.8,1.62837076187134
1128,258.0,25.9117317199707
1129,258.2,246.836380004883
1130,258.3,57.6881980895996
1131,258.5,1.43934798240662
1132,258.6,1.04092597961426
1133,258.8,0.741177499294281
1134,259.0,22.7539234161377
1135,259.2,246.263153076172
1136,259.3,51.7947616577148
1137,259.4,6.86204814910889
1138,259.7,0.771872043609619
1139,259.8,0.491112470626831
1140,260.0,21.4705619812012
1141,260.2,247.668258666992
1142,260.3,56.0084991455078
1143,260.5,1.64311110973358
1144,260.8,1.02280414104462
1145,261.0,21.3491725921631
1146,261.2,255.357925415039
1147,261.3,60.3496055603027
1148,261.5,1.35550165176392
1149,261.7,0.151738494634628
1150,261.9,4.00815057754517
1151,262.1,103.597503662109
1152,262.2,161.361740112305
1153,262.3,67.5835418701172
1154,262.5,1.77880859375
1155,262.8,1.77152514457703
1156,263.0,25.1480102539063
1157,263.2,270.610076904297
1158,263.3,66.1492233276367
1159,263.5,1.03450965881348
1160,263.8,1.2772045135498
1161,264.0,23.4820079803467
1162,264.1,88.428596496582
1163,264.2,225.979629516602
1164,264.4,6.77586078643799
1165,264.5,1.57990109920502
1166,264.7,0.598109781742096
1167,264.9,7.09199666976929
1168,265.1,595.997985839844
1169,265.2,225.497787475586
1170,265.4,4.08653450012207
1171,265.7,0.642157316207886
1172,265.9,10.8140983581543
1173,266.1,211.967132568359
1174,266.2,157.037887573242
1175,266.3,57.7434310913086
1176,266.5,1.73918318748474
1177,266.7,2.93098068237305
1178,266.9,27.8661231994629
1179,267.1,1186.71520996094
1180,267.2,176.516693115234
1181,267.4,2.95196390151978
1182,267.7,1.01864218711853
1183,267.9,15.4694356918335
1184,268.0,100.16431427002
1185,268.1,386.909576416016
1186,268.3,37.4509658813477
1187,268.5,0.836122453212738
1188,268.7,1.35073268413544
1189,268.9,14.6551637649536
1190,269.1,340.363311767578
1191,269.2,193.270874023438
1192,269.4,4.0270528793335
1193,269.7,1.0841064453125
1194,269.8,1.61744558811188
1195,270.0,39.3126678466797
1196,270.2,226.931411743164
1197,270.3,55.5298690795898
1198,270.5,2.25327324867249
1199,270.8,2.60157799720764
1200,271.0,50.1261596679688
1201,271.2,241.666961669922
1202,271.3,42.9792785644531
1203,271.4,6.22162485122681
1204,271.7,0.880430042743683
1205,271.9,6.42426061630249
1206,272.1,98.8324813842773
1207,272.2,157.559524536133
1208,272.4,8.27078819274902
1209,272.7,1.30911302566528
1210,272.9,5.87123918533325
1211,273.0,20.0027751922607
1212,273.2,188.912170410156
1213,273.3,48.7370147705078
1214,273.5,1.70614755153656
1215,273.7,0.442209303379059
1216,273.9,5.07309436798096
1217,274.0,19.1799182891846
1218,274.2,181.571578979492
1219,274.3,57.460765838623
1220,274.5,2.28136658668518
1221,274.8,1.65342926979065
1222,275.0,21.5670680999756
1223,275.1,68.0832366943359
1224,275.2,163.160232543945
1225,275.4,7.07474184036255
1226,275.5,1.48981189727783
1227,275.7,0.446544706821442
1228,275.9,4.31526899337769
1229,276.1,86.5560531616211
1230,276.2,165.992797851563
1231,276.4,8.93349552154541
1232,276.7,1.2230988740921
1233,276.9,4.92499780654907
1234,277.0,18.7793292999268
1235,277.2,173.040832519531
1236,277.3,59.6070404052734
1237,277.5,1.68360352516174
1238,277.7,0.919448554515839
1239,277.9,4.09147644042969
1240,278.1,80.5100173950195
1241,278.2,106.76554107666
1242,278.3,134.949890136719
1243,278.5,1.5826758146286
1244,278.7,1.30026876926422
1245,278.9,6.29584693908691
1246,279.1,105.467353820801
1247,279.2,120.077514648438
1248,279.3,78.3237686157227
1249,279.5,1.64996099472046
1250,279.6,0.945807695388794
1251,279.9,4.11722898483276
1252,280.1,57.5606536865234
1253,280.2,70.3904418945313
1254,280.3,107.122863769531
1255,280.5,1.83811676502228
1256,280.7,1.58649098873138
1257,280.9,21.8102836608887
1258,281.1,7196.76220703125
1259,281.2,342.714111328125
1260,281.4,1.85146975517273
1261,281.7,0.770137846469879
1262,281.9,15.9387845993042
1263,282.1,1888.19494628906
1264,282.2,366.545227050781
1265,282.4,4.34076118469238
1266,282.5,1.46301913261414
1267,282.8,3.62828397750854
1268,283.0,73.5347290039063
1269,283.1,1631.87438964844
1270,283.3,26.8009185791016
1271,283.5,0.655076742172241
1272,283.6,0.545738339424133
1273,283.8,1.17679703235626
1274,284.0,58.2342834472656
1275,284.1,430.215118408203
1276,284.3,35.2901229858398
1277,284.4,9.43379878997803
1278,284.7,1.61198306083679
1279,284.9,12.4149827957153
1280,285.1,329.036865234375
1281,285.2,200.276947021484
1282,285.4,4.63365983963013
1283,285.7,0.606953978538513
1284,285.9,9.50593948364258
1285,286.1,120.183647155762
1286,286.2,142.943725585938
1287,286.4,7.95378494262695
1288,286.6,1.27096164226532
1289,286.9,8.40137004852295
1290,287.1,130.023666381836
1291,287.2,118.876876831055
1292,287.3,44.320384979248
1293,287.5,0.847307741641998
1294,287.7,0.660105764865875
1295,287.8,1.04951012134552
1296,288.0,24.4153289794922
1297,288.2,145.865432739258
1298,288.3,49.8138389587402
1299,288.5,2.667475938797
1300,288.8,2.0815052986145
1301,289.0,26.4957084655762
1302,289.2,146.322982788086
1303,289.3,48.7327651977539
1304,289.5,0.95074999332428
1305,289.7,1.01872885227203
1306,289.8,0.868724524974823
1307,290.0,18.4609375
1308,290.1,49.0194206237793
1309,290.2,111.795890808105
1310,290.4,9.37657165527344
1311,290.7,1.41168820858002
1312,290.8,0.823116302490234
1313,291.0,17.8568458557129
1314,291.2,113.271133422852
1315,291.3,38.6211738586426
1316,291.4,8.46249866485596
1317,291.6,1.24408221244812
1318,291.9,4.29654026031494
1319,292.0,13.883204460144
1320,292.2,103.172462463379
1321,292.3,54.5432243347168
1322,292.5,2.71741962432861
1323,292.8,2.15451312065125
1324,293.0,28.1722011566162
1325,293.2,121.095809936523
1326,293.3,40.898551940918
1327,293.4,10.2953262329102
1328,293.6,0.504552125930786
1329,293.8,1.6945286989212
1330,294.0,19.5352458953857
1331,294.2,105.305732727051
1332,294.3,56.8891868591309
1333,294.5,2.86690378189087
1334,294.7,0.617965817451477
1335,294.9,6.62767696380615
1336,295.0,34.7899055480957
1337,295.2,260.763366699219
1338,295.3,52.9797096252441
1339,295.5,1.28934359550476
1340,295.8,1.19084370136261
1341,296.0,29.5314311981201
1342,296.2,148.475067138672
1343,296.3,50.1462745666504
1344,296.5,1.45772993564606
1345,296.7,1.47940695285797
1346,296.8,1.17671036720276
1347,297.0,33.0948600769043
1348,297.2,149.921783447266
1349,297.3,47.149829864502
1350,297.5,2.18260645866394
1351,297.8,1.8034336566925
1352,298.0,24.5582237243652
1353,298.2,113.359230041504
1354,298.3,46.3752708435059
1355,298.5,2.7523627281189
1356,298.8,2.12104392051697
1357,299.0,47.2610778808594
1358,299.2,272.707794189453
1359,299.3,42.1760177612305
1360,299.5,1.44793200492859
1361,299.8,1.65733110904694
1362,300.0,28.9451141357422
1363,300.2,137.367904663086
1364,300.3,46.5431365966797
1365,300.5,1.74863433837891
1366,300.7,1.33685946464539
1367,300.9,6.78843307495117
1368,301.1,77.2030715942383
1369,301.2,108.001907348633
1370,301.4,8.3000955581665
1371,301.6,0.310847133398056
1372,301.8,1.61900627613068
1373,302.0,19.5333385467529
1374,302.2,94.1858139038086
1375,302.3,45.338508605957
1376,302.5,2.60530662536621
1377,302.8,1.4991762638092
1378,302.9,3.86846446990967
1379,303.1,48.2851829528809
1380,303.2,86.6093826293945
1381,303.4,7.87141227722168
1382,303.5,2.38186073303223
1383,303.8,1.34691751003265
1384,304.0,16.2886505126953
1385,304.1,30.7026786804199
1386,304.2,75.9685287475586
1387,304.4,11.7866125106812
1388,304.6,0.649874269962311
1389,304.8,1.37960636615753
1390,305.0,15.3555879592896
1391,305.2,71.4026718139648
1392,305.3,30.4291172027588
1393,305.4,11.2285614013672
1394,305.6,1.27070140838623
1395,305.9,3.33729290962219
1396,306.1,36.4741172790527
1397,306.2,71.2998352050781
1398,306.4,12.830225944519
1399,306.6,1.54478454589844
1400,306.9,4.71360445022583
1401,307.1,41.4247817993164
1402,307.2,70.8631744384766
1403,307.4,8.78331756591797
1404,307.5,2.26506543159485
1405,307.8,1.66218674182892
1406,308.0,13.3048639297485
1407,308.2,66.9850006103516
1408,308.3,28.796236038208
1409,308.4,11.5203332901001
1410,308.6,2.06078219413757
1411,308.8,1.56490075588226
1412,309.0,20.6326198577881
1413,309.2,73.2264785766602
1414,309.3,35.9433784484863
1415,309.5,2.31162738800049
1416,309.7,1.42304694652557
1417,309.8,1.3608775138855
1418,310.0,16.9593334197998
1419,310.2,67.5592651367188
1420,310.3,29.7936363220215
1421,310.4,12.8425388336182
1422,310.7,2.48270177841187
1423,310.9,10.2792854309082
1424,311.1,63.571662902832
1425,311.2,75.0437850952148
1426,311.4,9.80750846862793
1427,311.6,1.65958559513092
1428,311.8,1.8062082529068
1429,312.0,19.8027400970459
1430,312.2,71.5023880004883
1431,312.3,28.7085762023926
1432,312.4,12.6003637313843
1433,312.7,2.09971380233765
1434,312.8,1.56021845340729
1435,313.0,25.714298248291
1436,313.1,42.6722450256348
1437,313.2,91.2096557617188
1438,313.4,12.4985694885254
1439,313.7,1.62464237213135
1440,313.8,1.0843665599823
1441,314.0,16.8558921813965
1442,314.2,72.4276428222656
1443,314.3,36.4027557373047
1444,314.5,3.20931243896484
1445,314.8,2.07465529441833
1446,315.0,16.9208354949951
1447,315.2,73.1317977905273
1448,315.3,26.6546440124512
1449,315.4,10.6946153640747
1450,315.6,1.02887368202209
1451,315.8,1.00242781639099
1452,316.0,12.3457040786743
1453,316.2,59.8512077331543
1454,316.3,37.6426773071289
1455,316.5,2.80412721633911
1456,316.8,1.65394949913025
1457,317.0,11.3639993667603
1458,317.2,52.7109146118164
1459,317.3,35.419750213623
1460,317.5,2.88363814353943
1461,317.7,0.463019162416458
1462,317.9,3.22578692436218
1463,318.0,8.29021072387695
1464,318.2,48.6907997131348
1465,318.3,33.2296905517578
1466,318.5,2.74360537528992
1467,318.8,1.26679956912994
1468,319.0,11.1102924346924
1469,319.2,45.1654396057129
1470,319.3,21.8330001831055
1471,319.4,9.88294506072998
1472,319.6,0.527356266975403
1473,319.8,1.23931324481964
1474,319.9,2.61718535423279
1475,320.1,25.4581642150879
1476,320.3,47.6476211547852
1477,320.4,11.5603055953979
1478,320.6,0.979276835918427
1479,320.8,1.93878436088562
1480,321.0,10.7760343551636
1481,321.2,42.4689140319824
1482,321.3,28.0374584197998
1483,321.5,2.81141066551208
1484,321.8,1.42209315299988
1485,321.9,2.63305306434631
1486,322.1,25.2731285095215
1487,322.3,43.4210510253906
1488,322.4,12.1193962097168
1489,322.6,2.92707872390747
1490,322.8,2.61389064788818
1491,323.0,29.2059307098389
1492,323.2,73.4928436279297
1493,323.3,27.065896987915
1494,323.5,2.53550672531128
1495,323.7,0.81167083978653
1496,323.9,6.12416553497314
1497,324.1,34.9542198181152
1498,324.2,48.121997833252
1499,324.4,11.6439781188965
1500,324.7,3.71360445022583
1501,324.8,4.8114972114563
1502,325.0,94.1349182128906
1503,325.1,161.561080932617
1504,325.3,17.1006679534912
1505,325.5,2.12104392051697
1506,325.8,3.69244766235352
1507,326.0,36.4806213378906
1508,326.2,84.762077331543
1509,326.3,24.8509502410889
1510,326.5,4.34136819839478
1511,326.8,9.94892883300781
1512,327.0,164.326629638672
1513,327.1,272.725738525391
1514,327.3,12.3030433654785
1515,327.5,0.687418699264526
1516,327.7,1.90245378017426
1517,327.9,18.4805335998535
1518,328.1,107.247116088867
1519,328.2,67.0756988525391
1520,328.4,7.99306344985962
1521,328.7,2.31986474990845
1522,328.8,4.29602003097534
1523,329.0,48.2487640380859
1524,329.1,97.8953475952148
1525,329.3,23.5063724517822
1526,329.5,2.13274955749512
1527,329.8,2.68759202957153
1528,330.0,23.5344657897949
1529,330.2,69.9802322387695
1530,330.3,23.8889274597168
1531,330.4,10.5962886810303
1532,330.7,1.85381078720093
1533,330.9,6.47853994369507
1534,331.1,47.9612426757813
1535,331.2,47.6030502319336
1536,331.4,7.13422346115112
1537,331.5,2.88069009780884
1538,331.8,1.86542963981628
1539,332.0,10.8685512542725
1540,332.2,37.1095123291016
1541,332.3,25.4801006317139
1542,332.5,3.33868026733398
1543,332.8,1.43232464790344
1544,333.0,8.00121402740479
1545,333.2,32.6165771484375
1546,333.3,24.5560569763184
1547,333.5,2.41801786422729
1548,333.8,1.17081415653229
1549,333.9,2.3050377368927
1550,334.1,17.9454612731934
1551,334.2,16.1976070404053
1552,334.3,24.5073261260986
1553,334.5,2.51547741889954
1554,334.8,1.26298451423645
1555,335.0,7.54530477523804
1556,335.1,11.6575040817261
1557,335.3,29.500997543335
1558,335.4,9.03407573699951
1559,335.6,1.19197082519531
1560,335.8,0.781323134899139
1561,336.0,7.0031213760376
1562,336.2,28.4200992584229
1563,336.3,21.4775867462158
1564,336.5,2.81678652763367
1565,336.6,1.69192755222321
1566,336.9,3.19934105873108
1567,337.1,18.743257522583
1568,337.3,31.8885803222656
1569,337.4,8.41654396057129
1570,337.5,3.03650403022766
1571,337.8,1.47377097606659
1572,338.0,7.94901609420776
1573,338.1,10.8030872344971
1574,338.3,29.9864730834961
1575,338.4,8.10439586639404
1576,338.5,4.76493549346924
1577,338.7,1.18581461906433
1578,338.9,12.5181655883789
1579,339.1,71.0702362060547
1580,339.2,56.0717926025391
1581,339.4,7.22465944290161
1582,339.6,1.87054538726807
1583,339.9,6.68316984176636
1584,340.1,34.6788330078125
1585,340.2,22.8779163360596
1586,340.3,15.5160846710205
1587,340.5,2.667649269104
1588,340.8,9.09633255004883
1589,341.0,166.829452514648
1590,341.1,672.742980957031
1591,341.3,15.6170120239258
1592,341.5,1.35784268379211
1593,341.8,4.01673460006714
1594,342.0,84.2295150756836
1595,342.1,218.849990844727
1596,342.3,19.8643894195557
1597,342.5,2.45382809638977
1598,342.8,4.52744293212891
1599,343.0,78.2253570556641
1600,343.1,207.710662841797
1601,343.3,20.9282054901123
1602,343.5,0.740310430526733
1603,343.7,1.4732506275177
1604,343.9,8.77863502502441
1605,344.0,24.5454788208008
1606,344.2,109.885025024414
1607,344.3,30.2082710266113
1608,344.5,3.25656819343567
1609,344.8,3.7528829574585
1610,345.0,33.9878616333008
1611,345.2,89.1486206054688
1612,345.3,20.4707355499268
1613,345.4,7.05549287796021
1614,345.6,0.735107958316803
1615,345.8,2.35975027084351
1616,346.0,13.8150520324707
1617,346.1,18.0724868774414
1618,346.2,38.409782409668
1619,346.4,5.86170101165771
1620,346.5,3.63027834892273
1621,346.8,2.16309714317322
1622,347.0,11.7807159423828
1623,347.1,14.702766418457
1624,347.3,29.6482276916504
1625,347.4,6.19127702713013
1626,347.5,2.64155030250549
1627,347.7,0.624035358428955
1628,347.9,3.01413345336914
1629,348.1,14.6126766204834
1630,348.3,24.69704246521
1631,348.4,9.07942390441895
1632,348.6,1.37301659584045
1633,348.9,2.61727213859558
1634,349.0,3.95629930496216
1635,349.2,18.6839504241943
1636,349.3,15.3600969314575
1637,349.5,2.79632353782654
1638,349.8,1.16136300563812
1639,349.9,1.60808110237122
1640,350.1,10.0229778289795
1641,350.3,18.7139511108398
1642,350.4,8.48443603515625
1643,350.6,1.27382290363312
1644,350.9,2.32307291030884
1645,351.1,11.3894910812378
1646,351.3,19.4207057952881
1647,351.4,5.44090890884399
1648,351.5,2.2791121006012
1649,351.7,0.43180438876152
1650,351.9,1.93635654449463
1651,352.0,3.89447665214539
1652,352.2,16.5332527160645
1653,352.3,14.4645795822144
1654,352.5,2.79363560676575
1655,352.7,0.836642682552338
1656,352.9,4.20098829269409
1657,353.1,21.2966270446777
1658,353.2,15.3177833557129
1659,353.3,17.2565689086914
1660,353.5,2.7531430721283
1661,353.7,0.48209485411644
1662,353.9,3.21017956733704
1663,354.0,5.49076557159424
1664,354.1,18.3750114440918
1665,354.3,4.75678491592407
1666,354.4,1.75548422336578
1667,354.7,1.92560482025146
1668,354.9,21.2470302581787
1669,355.1,1020.64599609375
1670,355.2,457.768402099609
1671,355.3,29.4183654785156
1672,355.5,0.876788318157196
1673,355.8,3.01430678367615
1674,356.0,58.1624031066895
1675,356.1,282.77734375
1676,356.2,217.808288574219
1677,356.4,4.4408221244812
1678,356.7,1.59125983715057
1679,356.9,9.79615020751953
1680,357.1,262.646240234375
1681,357.2,160.842361450195
1682,357.3,23.4618911743164
1683,357.5,1.22726094722748
1684,357.7,0.342755556106567
1685,357.9,6.95005655288696
1686,358.1,77.8068161010742
1687,358.2,80.4827880859375
1688,358.4,8.0239315032959
1689,358.6,1.01231253147125
1690,358.8,3.23454427719116
1691,359.0,30.1973476409912
1692,359.2,107.592819213867
1693,359.3,22.0743961334229
1694,359.4,7.25145244598389
1695,359.7,1.3895777463913
1696,359.9,5.05046367645264
1697,360.1,26.3838558197021
1698,360.3,39.9060974121094
1699,360.4,12.9073963165283
1700,360.6,1.64831352233887
1701,360.9,4.83881044387817
1702,361.1,20.5239753723145
1703,361.3,30.6218681335449
1704,361.4,9.26263809204102
1705,361.6,1.15000438690186
1706,361.8,0.505072414875031
1707,362.0,4.65906524658203
1708,362.2,17.3782196044922
1709,362.3,21.6891536712646
1710,362.5,2.75773859024048
1711,362.6,1.59282064437866
1712,362.9,3.00806379318237
1713,363.1,11.5896987915039
1714,363.3,20.1878089904785
1715,363.4,8.53672027587891
1716,363.6,1.17497611045837
1717,363.8,0.483395487070084
1718,364.0,3.47784614562988
1719,364.2,13.0810718536377
1720,364.3,12.623254776001
1721,364.5,2.91129803657532
1722,364.7,0.594814896583557
1723,364.9,1.68343019485474
1724,365.1,8.19604587554932
1725,365.3,11.8393306732178
1726,365.4,4.55596971511841
1727,365.5,2.42183303833008
1728,365.7,0.832307279109955
1729,366.0,3.03104138374329
1730,366.2,10.5567502975464
1731,366.3,6.12017679214478
1732,366.4,5.76536893844604
1733,366.7,1.39408648014069
1734,366.9,3.77889537811279
1735,367.0,4.7767276763916
1736,367.2,19.8885803222656
1737,367.3,13.9941034317017
1738,367.5,2.74655342102051
1739,367.8,1.44064855575562
1740,367.9,2.54400420188904
1741,368.1,30.6414642333984
1742,368.2,17.5932540893555
1743,368.3,15.3149223327637
1744,368.5,3.30746555328369
1745,368.8,2.26810026168823
1746,369.0,20.4794063568115
1747,369.2,75.3928756713867
1748,369.3,27.1180953979492
1749,369.5,2.18858933448792
1750,369.7,0.512529253959656
1751,369.9,5.13318300247192
1752,370.1,25.4377002716064
1753,370.2,35.0987586975098
1754,370.4,8.81721973419189
1755,370.6,2.12876105308533
1756,370.8,1.99791896343231
1757,371.0,17.0724868774414
1758,371.2,43.3783912658691
1759,371.3,16.4484519958496
1760,371.4,9.51660442352295
1761,371.6,1.47949361801147
1762,371.9,3.92690539360046
1763,372.0,6.50446557998657
1764,372.2,24.2498054504395
1765,372.3,11.2457294464111
1766,372.4,9.60114479064941
1767,372.6,2.3873233795166
1768,372.9,8.66027927398682
1769,373.1,51.4207077026367
1770,373.2,50.2956733703613
1771,373.4,7.0316481590271
1772,373.6,1.26731991767883
1773,373.9,4.11896276473999
1774,374.1,20.5688896179199
1775,374.2,29.3329582214355
1776,374.4,10.9501428604126
1777,374.6,1.6095552444458
1778,374.9,3.90514183044434
1779,375.1,15.9168472290039
1780,375.2,22.1620559692383
1781,375.4,6.52250051498413
1782,375.6,1.1396861076355
1783,375.8,0.573658227920532
1784,376.0,3.40952038764954
1785,376.1,4.85233688354492
1786,376.3,16.3819465637207
1787,376.4,11.1454086303711
1788,376.6,1.525275349617
1789,376.8,0.561952650547028
1790,377.0,3.36226487159729
1791,377.2,9.60972881317139
1792,377.3,10.6360006332397
1793,377.5,2.39625430107117
1794,377.8,0.844359636306763
1795,377.9,0.853724122047424
1796,378.1,5.95612573623657
1797,378.2,4.57547903060913
1798,378.3,11.397554397583
1799,378.5,3.23315691947937
1800,378.8,1.19621956348419
1801,378.9,0.670163869857788
1802,379.1,4.70250606536865
1803,379.3,8.33590602874756
1804,379.4,4.86725044250488
1805,379.6,1.0005202293396
1806,379.8,0.368247628211975
1807,380.0,2.24347519874573
1808,380.2,6.75860595703125
1809,380.3,7.54131603240967
1810,380.5,2.03971219062805
1811,380.6,1.29489290714264
1812,380.9,1.56611466407776
1813,381.1,5.80404043197632
1814,381.3,8.83317470550537
1815,381.4,4.70857524871826
1816,381.6,1.36876785755157
1817,381.9,2.66201329231262
1818,382.0,5.51868534088135
1819,382.2,21.7346744537354
1820,382.3,8.50507259368896
1821,382.4,7.54305028915405
1822,382.7,2.17237496376038
1823,382.9,5.12754726409912
1824,383.0,7.31084728240967
1825,383.2,20.0003471374512
1826,383.3,6.5035982131958
1827,383.4,5.13283634185791
1828,383.6,0.781149744987488
1829,383.8,1.7225353717804
1830,384.0,4.54426431655884
1831,384.2,11.4728174209595
1832,384.3,8.59516143798828
1833,384.5,4.08800840377808
1834,384.7,2.0864474773407
1835,384.9,11.996618270874
1836,385.1,33.6120681762695
1837,385.2,24.7887802124023
1838,385.4,2.95335125923157
1839,385.5,2.15512013435364
1840,385.7,1.10023415088654
1841,385.9,4.73580169677734
1842,386.1,12.6616668701172
1843,386.2,13.396861076355
1844,386.4,6.46856832504272
1845,386.7,3.89109516143799
1846,386.8,4.35688877105713
1847,387.0,28.656551361084
1848,387.1,46.232723236084
1849,387.3,14.2128677368164
1850,387.5,2.08705449104309
1851,387.8,2.41342234611511
1852,387.9,3.4459376335144
1853,388.1,16.1493110656738
1854,388.2,9.51599788665771
1855,388.3,10.108904838562
1856,388.5,2.03659057617188
1857,388.7,1.88095033168793
1858,388.9,4.78149652481079
1859,389.1,13.8245906829834
1860,389.2,8.20072841644287
1861,389.3,9.14367485046387
1862,389.5,1.79970514774323
1863,389.8,1.06797885894775
1864,389.9,0.949882924556732
1865,390.1,5.38038682937622
1866,390.2,3.94528746604919
1867,390.3,6.33980751037598
1868,390.5,1.46995580196381
1869,390.6,1.28084623813629
1870,390.9,1.15043783187866
1871,391.1,4.04725551605225
1872,391.3,5.96436309814453
1873,391.4,3.44333648681641
1874,391.6,0.621607542037964
1875,391.8,0.241307556629181
1876,392.0,1.71195697784424
1877,392.2,5.18728876113892
1878,392.3,3.29549980163574
1879,392.4,4.43301820755005
1880,392.6,0.73051244020462
1881,392.8,0.75045520067215
1882,392.9,0.490939050912857
1883,393.1,2.32315969467163
1884,393.3,4.62568283081055
1885,393.4,2.73736238479614
1886,393.7,0.8191277384758
1887,393.9,0.991155803203583
1888,394.0,0.93384200334549
1889,394.2,3.92673206329346
1890,394.3,2.82511043548584
1891,394.4,3.81800055503845
1892,394.6,0.917367577552795
1893,394.8,0.319344490766525
1894,395.0,1.47637212276459
1895,395.2,3.94485378265381
1896,395.3,4.29896831512451
1897,395.5,1.50593948364258
1898,395.8,0.623081564903259
1899,396.0,1.97910344600677
1900,396.2,4.78271055221558
1901,396.4,5.09980058670044
1902,396.5,1.27945899963379
1903,396.7,1.137171626091
1904,396.9,1.46336603164673
1905,397.1,4.0264458656311
1906,397.3,6.31570291519165
1907,397.4,3.06953954696655
1908,397.7,0.791814804077148
1909,397.9,1.26705968379974
1910,398.1,3.19821381568909
1911,398.3,4.80317354202271
1912,398.5,3.57140374183655
1913,398.7,2.85025572776794
1914,398.9,12.2902975082397
1915,399.1,37.191276550293
1916,399.2,24.3939990997314
1917,399.4,3.59125995635986
1918,399.7,1.52067983150482
1919,399.9,5.06225633621216
1920,400.0,5.81487894058228
1921,400.2,15.441948890686
1922,400.3,4.52484178543091
1923,400.4,3.31596279144287
1924,400.7,3.07890391349792
1925,400.9,28.3451843261719
1926,401.0,79.9590759277344
1927,401.1,165.814010620117
1928,401.3,9.51235580444336
1929,401.5,0.742391407489777
1930,401.7,1.58995926380157
1931,401.9,17.4713439941406
1932,402.1,64.5559692382813
1933,402.2,24.6366939544678
1934,402.3,11.3091993331909
1935,402.6,2.56984305381775
1936,402.8,6.82476377487183
1937,403.0,35.7679710388184
1938,403.1,29.3353862762451
1939,403.2,29.2570018768311
1940,403.4,2.27122163772583
1941,403.5,1.56490075588226
1942,403.8,2.46163177490234
1943,404.0,10.2225790023804
1944,404.2,16.5781669616699
1945,404.3,7.04838275909424
1946,404.5,0.899245619773865
1947,404.7,1.48920488357544
1948,404.9,4.67840099334717
1949,405.0,5.01474046707153
1950,405.1,18.3414554595947
1951,405.3,5.76666975021362
1952,405.5,0.853030443191528
1953,405.6,0.809849977493286
1954,405.9,1.49111247062683
1955,406.0,1.666175365448
1956,406.2,6.89369630813599
1957,406.4,3.93150091171265
1958,406.5,1.35784268379211
1959,406.7,0.948148787021637
1960,407.0,2.16908001899719
1961,407.1,2.85372400283813
1962,407.3,5.30382394790649
1963,407.4,2.59784960746765
1964,407.6,0.496575057506561
1965,407.8,0.560131788253784
1966,408.0,1.35324716567993
1967,408.2,3.40865349769592
1968,408.3,2.08193874359131
1969,408.4,2.39452004432678
1970,408.6,0.841845154762268
1971,408.8,0.234370931982994
1972,409.0,1.10344231128693
1973,409.1,0.746900200843811
1974,409.3,3.13881897926331
1975,409.4,2.0815052986145
1976,409.6,0.326020985841751
1977,409.7,0.546258568763733
1978,410.0,0.93852424621582
1979,410.2,2.6931414604187
1980,410.3,4.14783668518066
1981,410.5,1.01864218711853
1982,410.6,0.992543160915375
1983,410.8,0.266105949878693
1984,411.0,1.30165612697601
1985,411.2,3.12511920928955
1986,411.4,2.84271216392517
1987,411.5,0.801179230213165
1988,411.7,0.588225066661835
1989,411.8,0.179484963417053
1990,412.0,0.957426488399506
1991,412.2,2.19075703620911
1992,412.4,2.84158492088318
1993,412.5,1.42304694652557
1994,412.7,0.550593972206116
1995,412.9,2.95950746536255
1996,413.1,7.71525192260742
1997,413.2,5.64857387542725
1998,413.3,6.1619701385498
1999,413.5,0.890488147735596
2000,413.6,0.712217092514038
2001,413.9,1.20575737953186
2002,414.0,1.47697913646698
2003,414.2,4.82363653182983
2004,414.3,3.55935144424438
2005,414.5,1.17705714702606
2006,414.8,3.9179744720459
2007,415.0,55.9236106872559
2008,415.1,257.069702148438
2009,415.3,22.0110111236572
2010,415.5,0.588745355606079
2011,415.7,1.23185646533966
2012,415.9,10.3857622146606
2013,416.1,71.2706146240234
2014,416.2,62.410041809082
2015,416.4,4.67293834686279
2016,416.7,1.68264973163605
2017,416.9,9.8129711151123
2018,417.1,63.0699729919434
2019,417.2,57.7112617492676
2020,417.4,3.59160661697388
2021,417.6,0.603485643863678
2022,417.8,1.92811930179596
2023,418.0,10.9214429855347
2024,418.1,11.7541837692261
2025,418.2,18.89404296875
2026,418.4,3.59455466270447
2027,418.5,1.66712915897369
2028,418.8,1.46674764156342
2029,419.0,8.48634338378906
2030,419.2,18.2628974914551
2031,419.3,9.48556327819824
2032,419.5,0.981011033058167
2033,419.7,0.68672502040863
2034,419.9,1.18095898628235
2035,420.1,4.24893760681152
2036,420.3,5.45322132110596
2037,420.4,2.37509751319885
2038,420.7,0.744905948638916
2039,420.9,1.4442036151886
2040,421.0,2.34180188179016
2041,421.2,7.13847208023071
2042,421.3,5.77065801620483
2043,421.5,1.14246082305908
2044,421.8,0.536980867385864
2045,422.0,1.39070498943329
2046,422.1,1.47281718254089
2047,422.3,3.1101188659668
2048,422.4,1.51365649700165
2049,422.5,1.26194393634796
2050,422.7,0.29437267780304
2051,422.9,1.03294897079468
2052,423.1,2.08315277099609
2053,423.2,2.64233064651489
2054,423.4,1.68221628665924
2055,423.6,0.334258228540421
2056,423.8,0.452093988656998
2057,424.0,0.749241292476654
2058,424.1,0.675366342067719
2059,424.3,2.04951000213623
2060,424.4,1.28405439853668
2061,424.6,0.3055579662323
2062,424.8,0.554755926132202
2063,425.0,0.99375706911087
2064,425.1,0.741350889205933
2065,425.3,1.79953181743622
2066,425.4,1.2235324382782
2067,425.6,0.293939143419266
2068,425.8,0.43917453289032
2069,426.0,0.491546005010605
2070,426.2,1.3901846408844
2071,426.3,0.929766774177551
2072,426.4,1.26836037635803
2073,426.6,0.600190758705139
2074,426.9,0.898638665676117
2075,427.1,2.44229602813721
2076,427.2,1.63322639465332
2077,427.3,2.56975626945496
2078,427.5,0.992889940738678
2079,427.8,0.571230411529541
2080,428.0,0.96913206577301
2081,428.2,2.00763034820557
2082,428.3,1.46041798591614
2083,428.5,0.394693493843079
2084,428.7,1.03017425537109
2085,428.9,8.95387172698975
2086,429.1,174.236358642578
2087,429.2,183.476547241211
2088,429.4,4.17532300949097
2089,429.7,0.910604357719421
2090,429.9,7.449059009552
2091,430.1,77.0592193603516
2092,430.2,74.7920761108398
2093,430.4,5.85797262191772
2094,430.6,0.469175398349762
2095,430.8,2.21373438835144
2096,431.0,24.9895076751709
2097,431.1,46.9143333435059
2098,431.2,71.5514602661133
2099,431.4,4.79571676254272
2100,431.6,0.844793200492859
2101,431.8,1.25414025783539
2102,432.0,12.1978673934937
2103,432.2,24.2410469055176
2104,432.3,13.2341108322144
2105,432.5,1.99315011501312
2106,432.8,1.92361056804657
2107,433.0,11.6047859191895
2108,433.2,33.6335716247559
2109,433.3,14.8320474624634
2110,433.5,1.31604957580566
2111,433.7,0.934709072113037
2112,433.9,1.75470387935638
2113,434.1,7.54088258743286
2114,434.2,9.02930736541748
2115,434.4,3.54799270629883
2116,434.6,0.717332899570465
2117,434.9,1.09511840343475
2118,435.1,4.51044845581055
2119,435.2,5.73389387130737
2120,435.4,2.32498049736023
2121,435.6,0.5974161028862
2122,435.8,0.23913985490799
2123,436.0,0.764675259590149
2124,436.1,0.84973555803299
2125,436.3,2.35758256912231
2126,436.4,1.45712304115295
2127,436.6,0.380300015211105
2128,436.8,0.396947890520096
2129,436.9,0.350732684135437
2130,437.1,1.72860491275787
2131,437.3,2.16223001480103
2132,437.4,0.915806829929352
2133,437.5,0.796410322189331
2134,437.7,0.188589259982109
2135,437.9,0.465013444423676
2136,438.0,0.318217277526855
2137,438.2,1.15494668483734
2138,438.3,1.28804302215576
2139,438.5,0.571750640869141
2140,438.8,0.354027569293976
2141,439.0,0.651174902915955
2142,439.2,0.925431370735168
2143,439.3,0.967918157577515
2144,439.5,0.657157719135284
2145,439.7,0.141680389642715
2146,439.9,0.545564889907837
2147,440.0,0.278591871261597
2148,440.2,0.81635308265686
2149,440.3,1.17766404151917
2150,440.5,0.706667840480804
2151,440.8,0.680482089519501
2152,441.0,0.846180498600006
2153,441.2,1.93236804008484
2154,441.3,1.97424781322479
2155,441.5,0.517818450927734
2156,441.6,0.556056559085846
2157,441.8,0.182433024048805
2158,442.0,0.581548571586609
2159,442.1,0.458510369062424
2160,442.3,1.08644759654999
2161,442.4,1.12997484207153
2162,442.6,0.300268799066544
2163,442.8,0.719153761863708
2164,443.0,1.86647009849548
2165,443.2,3.47567844390869
2166,443.3,2.27000784873962
2167,443.5,0.594554781913757
2168,443.8,0.577820181846619
2169,444.0,1.13535070419312
2170,444.2,2.11904978752136
2171,444.3,1.02245724201202
2172,444.5,0.998352527618408
2173,444.7,1.25544095039368
2174,444.9,3.20358967781067
2175,445.0,3.60790777206421
2176,445.2,9.14774990081787
2177,445.3,3.08003115653992
2178,445.4,2.21772313117981
2179,445.6,0.302783310413361
2180,445.8,0.803953886032104
2181,446.0,1.66314053535461
2182,446.2,3.43535947799683
2183,446.3,2.72314238548279
2184,446.5,0.956559419631958
2185,446.8,1.474724650383
2186,447.0,3.77265238761902
2187,447.1,3.87817573547363
2188,447.3,6.03936529159546
2189,447.4,1.99566459655762
2190,447.6,0.762160778045654
2191,447.9,1.2223185300827
2192,448.1,2.95838022232056
2193,448.2,2.95369815826416
2194,448.4,1.42876958847046
2195,448.7,0.593427538871765
2196,448.8,0.359836995601654
2197,449.0,1.20081508159637
2198,449.2,2.33113670349121
2199,449.3,1.77421307563782
2200,449.5,0.538888394832611
2201,449.7,0.477412641048431
2202,449.8,0.164137691259384
2203,450.0,0.479753762483597
2204,450.2,0.874707341194153
2205,450.3,1.03078126907349
2206,450.5,0.495707958936691
2207,450.7,0.405185133218765
2208,450.9,0.128067284822464
2209,451.1,0.775773882865906
2210,451.2,0.611722886562347
2211,451.3,1.34813141822815
2212,451.6,0.46926212310791
2213,451.7,0.190670251846313
2214,451.9,0.46267232298851
2215,452.1,0.698864102363586
2216,452.3,0.996965229511261
2217,452.4,0.818867623806
2218,452.6,0.31622302532196
2219,452.7,0.498309195041656
2220,453.0,0.560738742351532
2221,453.2,0.459810972213745
2222,453.3,0.545304775238037
2223,453.5,0.767189800739288
2224,453.6,0.199167609214783
2225,453.7,0.342755556106567
2226,454.0,0.370068490505219
2227,454.2,0.776554226875305
2228,454.4,0.819041013717651
2229,454.5,0.501517355442047
2230,454.7,0.480100572109222
2231,454.9,0.152085319161415
2232,455.1,0.663227260112762
2233,455.2,0.906702518463135
2234,455.5,0.611722886562347
2235,455.6,0.331310153007507
2236,455.8,0.322032421827316
2237,456.1,0.473597496747971
2238,456.3,0.627850532531738
2239,456.4,0.760079741477966
2240,456.7,0.617532312870026
2241,456.8,0.771958708763123
2242,457.1,1.14254748821259
2243,457.2,1.48122775554657
2244,457.4,0.928726255893707
2245,457.6,0.257955431938171
2246,457.9,0.48894476890564
2247,458.1,0.764068305492401
2248,458.2,0.947194993495941
2249,458.5,1.04690885543823
2250,458.7,1.56646144390106
2251,458.8,1.63348650932312
2252,459.0,8.33711910247803
2253,459.1,5.31266784667969
2254,459.2,6.79736423492432
2255,459.4,1.41090786457062
2256,459.6,0.380039870738983
2257,459.8,1.19145059585571
2258,460.0,3.07110023498535
2259,460.1,4.70805501937866
2260,460.4,2.43787384033203
2261,460.6,1.53550684452057
2262,460.8,6.05167770385742
2263,461.0,30.8053417205811
2264,461.1,45.520938873291
2265,461.3,9.35645580291748
2266,461.5,0.810543656349182
2267,461.7,1.35558831691742
2268,461.8,1.79953181743622
2269,462.0,11.2251796722412
2270,462.1,8.68811225891113
2271,462.2,12.0207233428955
2272,462.4,1.50680661201477
2273,462.6,1.33018290996552
2274,462.8,2.62342834472656
2275,462.9,3.15130496025085
2276,463.1,11.5998439788818
2277,463.2,5.33356475830078
2278,463.3,4.15321254730225
2279,463.5,0.354287683963776
2280,463.6,0.545825004577637
2281,463.9,1.09147667884827
2282,464.1,2.3587965965271
2283,464.2,1.415243268013
2284,464.3,1.80828928947449
2285,464.5,0.307899057865143
2286,464.7,0.408913552761078
2287,464.8,0.288216412067413
2288,465.0,1.16569840908051
2289,465.2,1.71629238128662
2290,465.4,1.36382555961609
2291,465.5,0.453134477138519
2292,465.8,0.305991500616074
2293,466.0,0.454001545906067
2294,466.2,0.768663823604584
2295,466.4,0.911037862300873
2296,466.6,0.594641447067261
2297,466.7,0.179311543703079
2298,466.9,0.341108113527298
2299,467.1,0.432498037815094
2300,467.3,0.85892653465271
2301,467.4,0.260036408901215
2302,467.6,0.51955258846283
2303,467.8,0.31648313999176
2304,468.0,0.319171071052551
2305,468.1,0.463019162416458
2306,468.3,0.435966342687607
2307,468.5,0.459984391927719
2308,468.7,0.264458507299423
2309,468.9,0.242001220583916
2310,469.1,0.301482707262039
2311,469.3,0.496575057506561
2312,469.5,0.413335651159286
2313,469.7,0.232289955019951
2314,469.8,0.251625776290894
2315,470.0,0.160149142146111
2316,470.2,0.485823303461075
2317,470.3,0.256394684314728
2318,470.5,0.461198300123215
2319,470.7,0.375964611768723
2320,470.9,0.325674146413803
2321,471.0,0.197693571448326
2322,471.1,0.525708854198456
2323,471.4,0.533772647380829
2324,471.5,0.496921867132187
2325,471.7,0.171074315905571
2326,471.9,0.359056621789932
2327,472.0,0.144108206033707
2328,472.2,0.512269139289856
2329,472.3,0.206537768244743
2330,472.4,0.361917972564697
2331,472.7,0.742824912071228
2332,472.8,0.946241199970245
2333,473.0,4.82086181640625
2334,473.2,7.88242435455322
2335,473.3,3.66756272315979
2336,473.5,0.779242157936096
2337,473.8,1.16327059268951
2338,474.0,4.73233318328857
2339,474.1,4.89508390426636
2340,474.2,9.22587394714355
2341,474.4,2.9712131023407
2342,474.7,1.29359233379364
2343,474.9,8.1963062286377
2344,475.1,68.7197570800781
2345,475.2,79.1826095581055
2346,475.4,5.00528907775879
2347,475.7,1.08904886245728
2348,475.9,6.65420961380005
2349,476.1,30.1774044036865
2350,476.2,33.6654815673828
2351,476.4,4.7772479057312
2352,476.5,2.18503427505493
2353,476.8,2.17627668380737
2354,476.9,4.32498025894165
2355,477.1,20.8092422485352
2356,477.2,22.4465446472168
2357,477.4,3.70337295532227
2358,477.7,0.874620676040649
2359,477.9,1.84600710868835
2360,478.1,4.89473676681519
2361,478.2,3.2258734703064
2362,478.3,3.45608258247375
2363,478.5,0.536027073860168
2364,478.7,0.656290650367737
2365,478.8,0.435532808303833
2366,479.0,2.37336349487305
2367,479.2,4.84297227859497
2368,479.3,2.68117570877075
2369,479.5,0.304344058036804
2370,479.7,0.55510276556015
2371,479.8,0.123905315995216
2372,480.0,0.615624725818634
2373,480.2,1.62620306015015
2374,480.3,1.34266889095306
2375,480.5,0.285962015390396
2376,480.7,0.198387235403061
2377,480.9,0.71308422088623
2378,481.0,0.559351444244385
2379,481.2,0.922916829586029
2380,481.3,0.635047256946564
2381,481.5,0.613283634185791
2382,481.7,0.186768397688866
2383,481.9,0.252319425344467
2384,482.1,0.729038417339325
2385,482.2,0.330009549856186
2386,482.3,0.630625188350677
2387,482.5,0.236018389463425
2388,482.7,0.290817648172379
2389,482.8,0.202462494373322
2390,483.1,0.485563158988953
2391,483.3,0.602185010910034
2392,483.4,0.365299582481384
2393,483.6,0.414462834596634
2394,483.7,0.294632792472839
2395,484.0,0.361397713422775
2396,484.2,0.350385844707489
2397,484.4,0.612850069999695
2398,484.5,0.38316136598587
2399,484.7,0.26263764500618
2400,484.9,0.43457904458046
2401,485.0,0.292118281126022
2402,485.3,0.400589615106583
2403,485.5,0.336686044931412
2404,485.6,0.421746283769608
2405,485.8,0.146015778183937
2406,486.0,0.19951443374157
2407,486.2,0.342322021722794
2408,486.3,0.322292566299438
2409,486.5,0.365039438009262
2410,486.7,0.406659156084061
2411,486.9,0.754443764686584
2412,487.0,0.59221363067627
2413,487.2,1.56316661834717
2414,487.4,1.31128072738647
2415,487.6,0.579554319381714
2416,487.8,0.613023519515991
2417,488.0,1.7227087020874
2418,488.2,2.66227340698242
2419,488.3,1.98812103271484
2420,488.6,0.919188439846039
2421,488.8,1.66999042034149
2422,489.0,22.5892658233643
2423,489.2,107.842102050781
2424,489.3,39.465705871582
2425,489.5,0.994970977306366
2426,489.7,0.711870312690735
2427,489.9,4.80404043197632
2428,490.0,11.3924388885498
2429,490.2,46.366512298584
2430,490.3,21.4060516357422
2431,490.5,1.71741962432861
2432,490.8,1.59056615829468
2433,491.0,11.510968208313
2434,491.2,35.569149017334
2435,491.3,13.8966445922852
2436,491.4,6.25561428070068
2437,491.6,0.489204883575439
2438,491.8,0.879216134548187
2439,492.0,3.58267569541931
2440,492.1,3.84349250793457
2441,492.3,8.44004154205322
2442,492.4,2.54903316497803
2443,492.6,0.286829113960266
2444,492.8,0.794676125049591
2445,493.0,3.11852931976318
2446,493.2,7.35957670211792
2447,493.3,4.63773536682129
2448,493.5,0.907396197319031
2449,493.7,0.201595425605774
2450,493.9,0.547992706298828
2451,494.1,1.43397212028503
2452,494.3,1.97554838657379
2453,494.4,0.687592148780823
2454,494.6,0.371715933084488
2455,494.9,0.587618112564087
2456,495.1,1.4453307390213
2457,495.3,1.78990721702576
2458,495.4,0.813838541507721
2459,495.6,0.229255184531212
2460,495.8,0.0589612424373627
2461,496.0,0.45261424779892
2462,496.2,0.52250063419342
2463,496.3,0.350732684135437
2464,496.4,0.626810014247894
2465,496.7,0.426948755979538
2466,496.9,0.377005130052567
2467,497.1,0.506459712982178
2468,497.3,0.854417741298676
2469,497.5,0.3124078810215
2470,497.7,0.188069015741348
2471,497.9,0.294892907142639
2472,498.0,0.113847218453884
2473,498.2,0.297667562961578
2474,498.4,0.468741863965988
2475,498.6,0.440561860799789
2476,498.7,0.227954566478729
2477,499.0,0.295846700668335
2478,499.2,0.350299149751663
2479,499.4,0.386109411716461
2480,499.5,0.184340581297874
2481,499.7,0.209919363260269
2482,499.9,0.200554922223091
2483,500.0,0.143241137266159
2484,500.1,0.358449667692184
2485,500.4,0.315182507038116
2486,500.6,0.196046128869057
2487,500.7,0.151738494634628
2488,500.9,0.485129624605179
2489,501.1,1.10023415088654
2490,501.2,0.781409859657288
2491,501.4,0.985259711742401
2492,501.5,0.452787667512894
2493,501.7,0.296800494194031
2494,502.0,0.504118621349335
2495,502.2,0.93254142999649
2496,502.3,0.764588594436646
2497,502.5,0.271221697330475
2498,502.6,0.775687158107758
2499,502.9,4.91571998596191
2500,503.1,31.0273990631104
2501,503.2,23.1022281646729
2502,503.3,19.8562393188477
2503,503.5,1.35671555995941
2504,503.8,1.16223013401031
2505,504.0,7.78721904754639
2506,504.2,16.5294380187988
2507,504.3,7.6360011100769
2508,504.4,4.04994344711304
2509,504.6,0.596288919448853
2510,504.9,2.63374662399292
2511,505.1,11.0065031051636
2512,505.2,11.5281362533569
2513,505.4,2.77195882797241
2514,505.7,0.414809674024582
2515,505.9,0.927945911884308
2516,506.1,2.39781498908997
2517,506.2,1.7489812374115
2518,506.3,1.92083585262299
2519,506.5,0.572097480297089
2520,506.7,0.237579122185707
2521,506.9,1.92239665985107
2522,507.1,7.81271123886108
2523,507.2,9.61241626739502
2524,507.4,3.51539063453674
2525,507.6,0.579207479953766
2526,507.8,0.214254751801491
2527,508.0,1.76380825042725
2528,508.1,1.18173933029175
2529,508.3,2.90054631233215
2530,508.4,1.31058704853058
2531,508.7,0.406659156084061
2532,508.9,0.700771689414978
2533,509.1,1.65941214561462
2534,509.2,1.08982920646667
2535,509.4,1.18234634399414
2536,509.5,0.282233595848083
2537,509.7,0.212780714035034
2538,509.9,0.297667562961578
2539,510.0,0.131275475025177
2540,510.2,0.634093463420868
2541,510.3,0.384375274181366
2542,510.4,0.241741091012955
2543,510.6,0.219890743494034
2544,510.8,0.0727477669715881
2545,511.0,0.410214155912399
2546,511.2,0.536547303199768
2547,511.3,0.278418451547623
2548,511.4,0.338767021894455
2549,511.7,0.262204110622406
2550,511.8,0.256741523742676
2551,512.0,0.143327847123146
2552,512.2,0.428856313228607
2553,512.3,0.490765631198883
2554,512.5,0.14237405359745
2555,512.7,0.181565940380096
2556,512.8,0.198560655117035
2557,513.0,0.340761303901672
2558,513.2,0.393999814987183
2559,513.3,0.153559356927872
2560,513.4,0.302783310413361
2561,513.7,0.181565940380096
2562,513.8,0.0805514603853226
2563,513.9,0.266366094350815
2564,514.2,0.326020985841751
2565,514.4,0.362264811992645
2566,514.6,0.315876185894012
2567,514.7,0.205583974719048
2568,515.0,0.240353763103485
2569,515.1,0.54964017868042
2570,515.3,0.17766410112381
2571,515.4,0.320384979248047
2572,515.6,0.103875838220119
2573,515.8,0.11670857667923
2574,516.0,0.284574687480927
2575,516.1,0.374230474233627
2576,516.4,0.410560995340347
2577,516.6,0.360097110271454
2578,516.8,0.285528481006622
2579,517.0,0.461805254220963
2580,517.2,0.693314850330353
2581,517.4,0.545218050479889
2582,517.5,0.442296028137207
2583,517.7,0.0569669641554356
2584,517.8,0.269834399223328
2585,518.0,0.129628017544746
2586,518.2,0.524668335914612
2587,518.3,0.234110817313194
2588,518.5,0.336859434843063
2589,518.7,0.454955339431763
2590,518.9,1.06225609779358
2591,519.1,2.02193713188171
2592,519.2,2.43327832221985
2593,519.4,0.327148169279099
2594,519.5,0.371282398700714
2595,519.7,0.254920661449432
2596,519.9,0.691580653190613
2597,520.1,0.801872909069061
2598,520.2,0.825283944606781
2599,520.5,0.385415762662888
2600,520.7,0.488424509763718
2601,520.9,1.81999480724335
2602,521.1,4.39174556732178
2603,521.2,2.37570452690125
2604,521.3,2.07240104675293
2605,521.5,0.265152186155319
2606,521.7,0.472296893596649
2607,521.8,0.271048307418823
2608,522.0,0.893609642982483
2609,522.1,0.61683863401413
2610,522.2,1.43726694583893
2611,522.4,0.623515129089355
2612,522.7,0.315962880849838
2613,522.9,0.601231276988983
2614,523.0,0.517731726169586
2615,523.2,1.03026103973389
2616,523.3,1.09902024269104
2617,523.6,0.180612161755562
2618,523.8,0.193011358380318
2619,523.9,0.134483650326729
2620,524.0,0.403711080551147
2621,524.2,0.401890218257904
2622,524.4,0.130408391356468
2623,524.6,0.0932974964380264
2624,524.8,0.240440472960472
2625,524.9,0.117662362754345
2626,525.1,0.625249266624451
2627,525.3,0.357322454452515
2628,525.4,0.300702333450317
2629,525.6,0.0294806212186813
2630,525.8,0.167952835559845
2631,525.9,0.035116620361805
2632,526.0,0.196653082966805
2633,526.3,0.476718991994858
2634,526.5,0.268186956644058
2635,526.7,0.182172894477844
2636,526.8,0.185034245252609
2637,526.9,0.293158769607544
2638,527.1,0.0941645726561546
2639,527.3,0.32792854309082
2640,527.4,0.198300525546074
2641,527.7,0.233763977885246
2642,527.9,0.298361212015152
2643,528.1,0.391918838024139
2644,528.3,0.320471704006195
2645,528.5,0.276424169540405
2646,528.6,0.0660712718963623
2647,528.8,0.209832653403282
2648,528.9,0.0852336809039116
2649,529.1,0.365733116865158
2650,529.2,0.11696869879961
2651,529.3,0.336859434843063
2652,529.6,0.212173759937286
2653,529.8,0.154253005981445
2654,529.9,0.22162489593029
2655,530.2,0.258562386035919
2656,530.3,0.154426425695419
2657,530.4,0.317436933517456
2658,530.6,0.095985434949398
2659,530.8,0.295413166284561
2660,531.0,0.321859002113342
2661,531.2,0.315182507038116
2662,531.4,0.406399041414261
2663,531.5,0.241394266486168
2664,531.8,0.191537320613861
2665,531.9,0.234024107456207
2666,532.1,0.125552758574486
2667,532.2,0.303563684225082
2668,532.5,0.266105949878693
2669,532.6,0.506459712982178
2670,532.9,1.04690885543823
2671,533.0,1.29749417304993
2672,533.2,3.10370230674744
2673,533.3,2.05341196060181
2674,533.5,0.542009890079498
2675,533.7,0.17653688788414
2676,533.9,0.535506784915924
2677,534.1,1.2796323299408
2678,534.3,1.1936182975769
2679,534.5,0.669470191001892
2680,534.7,1.028440117836
2681,534.9,7.64744663238525
2682,535.1,21.9398250579834
2683,535.2,11.7490682601929
2684,535.3,10.4585103988647
2685,535.5,0.908003091812134
2686,535.8,1.68516433238983
2687,536.0,5.71663904190063
2688,536.2,9.8889274597168
2689,536.3,4.37986660003662
2690,536.6,0.806208252906799
2691,536.8,1.26679956912994
2692,537.0,4.31578969955444
2693,537.2,5.73268032073975
2694,537.3,3.12798047065735
2695,537.5,0.43180438876152
2696,537.8,0.366600185632706
2697,538.0,1.05280494689941
2698,538.2,1.40032947063446
2699,538.4,1.08618748188019
2700,538.5,0.200208097696304
2701,538.7,0.290557533502579
2702,538.9,0.814792335033417
2703,539.1,0.805254459381104
2704,539.3,0.79944509267807
2705,539.4,0.27243560552597
2706,539.6,0.242694869637489
2707,539.8,0.234024107456207
2708,540.0,0.150871410965919
2709,540.1,0.371889352798462
2710,540.3,0.289170205593109
2711,540.5,0.26125031709671
2712,540.7,0.0297407433390617
2713,540.8,0.262984484434128
2714,541.1,0.259169340133667
2715,541.3,0.447671890258789
2716,541.4,0.0893956497311592
2717,541.6,0.154339715838432
2718,541.7,0.0424867756664753
2719,541.9,0.252319425344467
2720,542.1,0.206797882914543
2721,542.2,0.177317261695862
2722,542.3,0.221278071403503
2723,542.5,0.0480360686779022
2724,542.6,0.17627677321434
2725,542.8,0.222838804125786
2726,543.0,0.137778550386429
2727,543.1,0.182346314191818
2728,543.3,0.113240264356136
2729,543.6,0.161536455154419
2730,543.8,0.212954133749008
2731,544.0,0.186161443591118
2732,544.2,0.298621356487274
2733,544.4,0.321772307157516
2734,544.5,0.127720460295677
2735,544.7,0.197780281305313
2736,544.8,0.204456776380539
2737,545.0,0.114627592265606
2738,545.2,0.176797017455101
2739,545.4,0.295499861240387
2740,545.6,0.263851553201675
2741,545.8,0.169600278139114
2742,545.9,0.0631232112646103
2743,546.1,0.097546175122261
2744,546.3,0.404578179121017
2745,546.4,0.0948582366108894
2746,546.5,0.169773697853088
2747,546.8,0.326020985841751
2748,547.0,0.655163466930389
2749,547.2,1.38515567779541
2750,547.3,0.519379198551178
2751,547.4,0.439521372318268
2752,547.6,0.207925081253052
2753,547.9,0.315182507038116
2754,548.0,0.296540349721909
2755,548.2,0.744559109210968
2756,548.3,0.222318559885025
2757,548.5,0.457903414964676
2758,548.6,0.315009117126465
2759,548.8,0.985086262226105
2760,549.0,11.5584840774536
2761,549.2,48.3468322753906
2762,549.3,21.0376319885254
2763,549.4,10.3966875076294
2764,549.6,0.557183742523193
2765,549.8,1.27260899543762
2766,549.9,1.87956297397614
#"+ Scan (rt: 4.992-54.961 min, 8744 scans) 281021_CH_21H.D "
#Point,X(Thompsons),Y(Counts)
0,50.1,2242.03735351563
1,50.3,2.81873273849487
2,51.0,20.2235813140869
3,51.1,4164.22119140625
4,51.3,0.983760297298431
5,52.0,24.4886779785156
6,52.1,3414.78686523438
7,52.3,2.83748865127563
8,53.0,10.683554649353
9,53.1,4858.23681640625
10,53.3,1.76338064670563
11,54.0,6.82982635498047
12,54.2,5736.25244140625
13,54.3,1.1506175994873
14,55.0,0.423376023769379
15,55.2,10351.9287109375
16,56.0,5.38357734680176
17,56.2,6096.74609375
18,56.3,2.98856353759766
19,57.0,3.20128083229065
20,57.2,5901.23828125
21,57.3,16.9293231964111
22,57.8,0.866765797138214
23,58.0,80.1060180664063
24,58.2,1264.09399414063
25,58.3,105.095153808594
26,58.5,8.44281768798828
27,58.7,59.5924072265625
28,58.9,29.7473697662354
29,59.1,1151.60290527344
30,59.2,731.628662109375
31,59.4,1.05992674827576
32,59.6,0.204368710517883
33,59.8,0.63151878118515
34,60.0,144.449340820313
35,60.1,1556.31567382813
36,60.3,10.3010063171387
37,60.5,0.471180230379105
38,60.7,0.516582787036896
39,60.9,16.6296882629395
40,61.1,652.801147460938
41,61.2,232.03923034668
42,61.5,0.900388836860657
43,61.6,0.0647301003336906
44,61.8,0.80775386095047
45,62.0,150.29426574707
46,62.1,897.6103515625
47,62.3,10.2214088439941
48,62.5,0.071477584540844
49,63.0,77.7338714599609
50,63.1,2489.4921875
51,63.3,1.74382436275482
52,63.8,0.357044816017151
53,64.0,192.465240478516
54,64.1,1640.09875488281
55,64.3,16.2772178649902
56,65.0,32.3329124450684
57,65.1,3884.7333984375
58,65.3,2.76841259002686
59,65.8,1.05500912666321
60,66.0,70.0892028808594
61,66.1,2749.90893554688
62,66.3,7.46408987045288
63,67.0,5.36104774475098
64,67.2,5781.72998046875
65,67.3,2.9603157043457
66,68.0,11.006290435791
67,68.2,5829.67919921875
68,68.3,3.2803065776825
69,69.0,4.11344909667969
70,69.2,7002.37158203125
71,69.3,2.23673367500305
72,70.0,11.4969120025635
73,70.2,6025.2138671875
74,70.3,6.44727802276611
75,70.8,0.161024704575539
76,71.0,38.8361167907715
77,71.2,3526.9765625
78,71.3,54.9224624633789
79,71.6,0.481930464506149
80,71.8,2.64215469360352
81,72.0,110.479530334473
82,72.2,1500.20910644531
83,72.3,46.5032005310059
84,72.5,0.830626726150513
85,72.9,2.1543915271759
86,73.1,2118.06176757813
87,73.2,963.570007324219
88,73.8,0.534309267997742
89,74.0,165.009155273438
90,74.1,1150.28186035156
91,74.3,8.96729183197021
92,74.9,3.29048490524292
93,75.1,1199.88891601563
94,75.2,375.682861328125
95,75.5,0.0340805128216743
96,75.8,0.705855429172516
97,76.0,160.889862060547
98,76.1,1317.33483886719
99,76.3,20.084056854248
100,77.0,15.2250690460205
101,77.1,5821.99560546875
102,78.0,57.3855209350586
103,78.1,3544.32421875
104,78.3,4.40176105499268
105,79.0,20.6533622741699
106,79.1,5435.04931640625
107,79.3,0.412397086620331
108,80.0,25.2736740112305
109,80.1,4674.67431640625
110,80.3,4.68080949783325
111,81.0,8.38849449157715
112,81.2,6499.58447265625
113,81.3,0.330855429172516
114,82.0,24.4810161590576
115,82.2,5554.009765625
116,82.3,11.2367334365845
117,82.8,0.145013719797134
118,83.0,23.6448993682861
119,83.2,4789.1123046875
120,83.3,22.0138378143311
121,83.5,0.37591490149498
122,84.0,43.678409576416
123,84.1,4785.7216796875
124,84.3,7.52012825012207
125,84.9,2.2103157043457
126,85.1,1366.77478027344
127,85.2,1615.60498046875
128,85.4,0.0631290003657341
129,85.6,0.0903476700186729
130,85.8,0.703796863555908
131,86.0,91.6800079345703
132,86.2,1371.10070800781
133,86.3,36.106128692627
134,86.5,0.468892961740494
135,86.8,1.50114369392395
136,87.0,167.966369628906
137,87.1,940.746887207031
138,87.3,17.2280426025391
139,87.5,0.695905745029449
140,87.7,1.17211806774139
141,87.9,32.8593330383301
142,88.1,390.512817382813
143,88.2,184.046768188477
144,88.4,4.83222770690918
145,88.6,0.124428182840347
146,88.8,0.460201293230057
147,88.9,5.24645471572876
148,89.1,1658.31030273438
149,89.2,580.251037597656
150,89.5,0.264295518398285
151,89.7,0.471980780363083
152,89.9,14.5257320404053
153,90.1,1213.90161132813
154,90.2,587.289001464844
155,90.4,2.67337608337402
156,91.0,9.98742008209229
157,91.1,8620.84765625
158,92.0,67.8388595581055
159,92.1,3019.80322265625
160,92.3,5.46020126342773
161,92.5,0.0704483091831207
162,93.0,36.1892738342285
163,93.2,3776.80981445313
164,93.3,8.83543014526367
165,94.0,26.243480682373
166,94.1,5387.076171875
167,94.3,7.5819993019104
168,95.0,18.236047744751
169,95.2,6370.4951171875
170,95.3,15.1965923309326
171,96.0,58.0682754516602
172,96.2,4821.5703125
173,96.3,10.836573600769
174,96.8,3.89341259002686
175,97.0,96.8552169799805
176,97.2,4090.48168945313
177,97.3,15.0295057296753
178,97.7,0.0866880118846893
179,97.9,1.69590580463409
180,98.1,1630.09216308594
181,98.2,1444.14794921875
182,98.6,0.0702195763587952
183,98.8,1.24965691566467
184,99.0,102.945678710938
185,99.1,2165.26245117188
186,99.3,24.8489246368408
187,99.6,0.748856365680695
188,99.8,1.64249765872955
189,100.0,134.402328491211
190,100.1,2306.05810546875
191,100.3,17.1128768920898
192,100.6,0.934240639209747
193,100.8,1.7136322259903
194,101.0,167.259719848633
195,101.1,957.174499511719
196,101.3,20.9284076690674
197,101.5,0.946363210678101
198,101.8,1.24656903743744
199,102.0,151.63688659668
200,102.1,934.524597167969
201,102.2,448.568267822266
202,102.4,2.02950596809387
203,102.8,0.267268985509872
204,103.0,152.397979736328
205,103.1,2256.0390625
206,103.3,7.44521951675415
207,103.6,0.228842630982399
208,103.8,1.0078911781311
209,103.9,4.28831195831299
210,104.1,1863.73754882813
211,104.2,1016.77838134766
212,104.4,0.198993593454361
213,104.8,0.231129914522171
214,105.0,58.3759155273438
215,105.1,4271.2568359375
216,105.3,2.7518298625946
217,105.8,0.108188472688198
218,106.0,59.403133392334
219,106.1,1630.05712890625
220,106.2,1664.02575683594
221,106.4,0.241880148649216
222,106.6,0.123741991817951
223,106.8,0.0407136306166649
224,107.0,36.3082122802734
225,107.1,6118.900390625
226,107.3,7.66971635818481
227,107.7,0.119396157562733
228,108.0,33.7361602783203
229,108.2,5000.7763671875
230,108.3,17.1087608337402
231,108.6,0.322735577821732
232,108.9,2.81198525428772
233,109.1,1842.23095703125
234,109.2,2434.767578125
235,109.4,0.528934121131897
236,109.5,0.280649602413177
237,109.8,0.122483991086483
238,110.0,63.0247039794922
239,110.1,3539.01318359375
240,110.3,18.6460437774658
241,110.6,0.0600411705672741
242,110.8,0.778247952461243
243,111.0,71.0450592041016
244,111.1,1341.63500976563
245,111.2,1575.923828125
246,111.4,0.894784986972809
247,111.6,0.384034752845764
248,111.7,0.201623976230621
249,111.9,7.38918113708496
250,112.1,1231.01525878906
251,112.2,924.780517578125
252,112.4,1.5116651058197
253,112.6,0.286139070987701
254,112.8,1.84069073200226
255,113.0,106.650848388672
256,113.1,967.379943847656
257,113.2,655.468688964844
258,113.4,2.16845846176147
259,113.7,1.02801918983459
260,113.9,18.089204788208
261,114.1,906.017944335938
262,114.2,398.524597167969
263,114.4,3.39021039009094
264,114.6,0.0829139947891235
265,114.8,0.742680668830872
266,114.9,3.15267610549927
267,115.1,2308.3115234375
268,115.2,977.936096191406
269,115.4,0.0682753920555115
270,115.6,0.115850865840912
271,115.9,5.43000936508179
272,116.0,121.827308654785
273,116.1,1996.66198730469
274,116.3,17.3804893493652
275,116.6,0.273330271244049
276,116.8,0.544602036476135
277,117.0,58.911937713623
278,117.1,4873.08056640625
279,117.3,6.00057172775269
280,117.4,0.342177480459213
281,117.7,0.220722779631615
282,117.9,3.45940065383911
283,118.1,1615.97253417969
284,118.2,1021.71478271484
285,118.4,0.687900245189667
286,118.7,0.135635867714882
287,118.9,3.80889749526978
288,119.1,1751.04516601563
289,119.2,1352.31481933594
290,119.4,0.328110694885254
291,119.7,0.23547574877739
292,119.9,3.20448303222656
293,120.1,1582.02734375
294,120.2,1490.62573242188
295,120.4,0.488220483064651
296,120.5,0.176578223705292
297,120.8,0.219922229647636
298,121.0,46.0721626281738
299,121.2,3323.26635742188
300,121.3,15.0981245040894
301,121.6,0.0203568153083324
302,121.9,4.43023777008057
303,122.1,1482.94738769531
304,122.2,1680.64331054688
305,122.4,0.581884741783142
306,122.6,0.100640438497066
307,122.8,0.476555347442627
308,123.0,52.0401420593262
309,123.1,1203.50659179688
310,123.2,2083.09838867188
311,123.4,1.25526070594788
312,123.6,0.362305581569672
313,123.7,0.0574107952415943
314,123.9,5.46740627288818
315,124.1,1223.65380859375
316,124.2,1580.92810058594
317,124.4,1.69842171669006
318,124.6,0.506175637245178
319,124.8,1.17131745815277
320,125.0,78.9497909545898
321,125.1,1119.77014160156
322,125.2,1231.40551757813
323,125.4,1.82605218887329
324,125.5,0.723696231842041
325,125.8,1.53831195831299
326,126.0,103.391471862793
327,126.1,1796.91784667969
328,126.3,31.4207458496094
329,126.4,3.38849496841431
330,126.6,0.617223262786865
331,126.8,1.68332576751709
332,127.0,107.815643310547
333,127.1,943.877380371094
334,127.2,635.835998535156
335,127.4,1.80432295799255
336,127.6,0.52195793390274
337,127.8,0.913883805274963
338,128.0,85.1946487426758
339,128.1,2337.107421875
340,128.3,13.4709510803223
341,128.4,1.6893869638443
342,128.7,0.218092411756516
343,128.9,3.73741984367371
344,129.1,1614.87365722656
345,129.2,968.989929199219
346,129.4,0.742223262786865
347,129.6,0.108874656260014
348,129.9,3.40027451515198
349,130.1,2270.18798828125
350,130.2,1524.08923339844
351,130.4,0.776303768157959
352,130.6,0.123398900032043
353,130.8,0.677721858024597
354,131.0,48.6450119018555
355,131.1,3549.90454101563
356,131.3,9.83485794067383
357,131.5,0.225869163870811
358,131.8,0.876944184303284
359,132.0,61.5793685913086
360,132.1,2539.2880859375
361,132.3,17.2949447631836
362,132.5,0.186756625771523
363,132.7,0.0703339427709579
364,132.9,6.30249309539795
365,133.1,2153.68701171875
366,133.2,1210.13208007813
367,133.4,0.380146384239197
368,133.7,0.592520594596863
369,133.9,10.7865962982178
370,134.1,1221.48583984375
371,134.2,1166.62292480469
372,134.4,0.869281768798828
373,134.7,0.501486718654633
374,134.9,4.05981254577637
375,135.1,1936.63110351563
376,135.2,1619.49475097656
377,135.4,0.671774923801422
378,135.5,0.240965232253075
379,135.8,0.781907618045807
380,136.0,48.587833404541
381,136.2,2197.5419921875
382,136.3,32.2505722045898
383,136.6,0.129917651414871
384,136.8,0.752172946929932
385,137.0,62.7137451171875
386,137.2,2382.97509765625
387,137.3,19.096981048584
388,137.6,0.153362303972244
389,137.8,0.608989000320435
390,138.0,59.1516456604004
391,138.2,2181.86987304688
392,138.3,36.5974388122559
393,138.5,0.521500468254089
394,138.8,0.768069505691528
395,139.0,74.8651657104492
396,139.1,1772.12768554688
397,139.3,20.7868251800537
398,139.5,0.326738327741623
399,139.7,0.687328457832336
400,139.9,8.00091457366943
401,140.1,882.112060546875
402,140.2,643.312683105469
403,140.4,2.10510063171387
404,140.5,0.598010063171387
405,140.8,1.36848127841949
406,141.0,68.5273361206055
407,141.2,1567.01721191406
408,141.3,23.0989246368408
409,141.6,0.631404399871826
410,141.8,1.65759372711182
411,142.0,84.6522216796875
412,142.1,1474.88500976563
413,142.3,18.6905307769775
414,142.5,0.36756631731987
415,142.8,0.533394336700439
416,143.0,54.5516929626465
417,143.1,1036.6494140625
418,143.2,907.148315429688
419,143.4,0.750114381313324
420,143.6,0.0775388851761818
421,143.8,0.406107038259506
422,144.0,52.6581649780273
423,144.2,2117.99536132813
424,144.3,12.7005949020386
425,144.6,0.239935949444771
426,144.8,0.583371460437775
427,144.9,2.0098352432251
428,145.1,1356.001953125
429,145.2,1399.00769042969
430,145.4,0.968435525894165
431,145.6,0.200251594185829
432,145.8,0.628659665584564
433,146.0,44.6972770690918
434,146.2,2392.10693359375
435,146.3,22.0220718383789
436,146.5,0.412053972482681
437,146.8,1.85830283164978
438,147.0,55.6700592041016
439,147.1,2748.10009765625
440,147.3,8.52973461151123
441,147.5,0.220722779631615
442,147.8,0.596866428852081
443,148.0,45.3536148071289
444,148.2,1955.88635253906
445,148.3,29.4025611877441
446,148.6,0.333257079124451
447,148.8,1.13906681537628
448,149.0,64.268180847168
449,149.2,2285.90795898438
450,149.3,19.0896606445313
451,149.5,0.291857272386551
452,149.8,0.516010999679565
453,150.0,59.5025177001953
454,150.2,1691.8193359375
455,150.3,38.6841278076172
456,150.6,0.172461122274399
457,150.8,0.58096981048584
458,151.0,54.8628768920898
459,151.2,2207.58544921875
460,151.3,15.4748401641846
461,151.5,0.164455622434616
462,151.8,0.73513263463974
463,151.9,2.22026538848877
464,152.1,1221.80078125
465,152.2,1065.35375976563
466,152.3,20.5678176879883
467,152.5,0.363334864377975
468,152.7,0.423147290945053
469,152.9,6.09412145614624
470,153.1,917.560241699219
471,153.2,690.169494628906
472,153.4,1.49885630607605
473,153.7,0.380032032728195
474,153.9,4.4304666519165
475,154.1,1182.26696777344
476,154.2,1146.04125976563
477,154.4,3.02527451515198
478,154.6,0.713746547698975
479,154.9,5.34332132339478
480,155.1,964.475769042969
481,155.2,680.898803710938
482,155.3,19.193733215332
483,155.5,0.383005499839783
484,155.7,0.679322957992554
485,155.9,5.02710437774658
486,156.1,850.949890136719
487,156.2,796.361389160156
488,156.4,1.63975298404694
489,156.7,0.344922244548798
490,156.9,3.36424970626831
491,157.1,824.481018066406
492,157.2,1008.03405761719
493,157.4,0.851898431777954
494,157.6,0.140210434794426
495,157.8,0.738563597202301
496,158.0,41.6677703857422
497,158.1,772.103942871094
498,158.2,938.361389160156
499,158.4,0.891354084014893
500,158.6,0.105329371988773
501,158.8,0.36756631731987
502,159.0,35.5677032470703
503,159.2,1942.32067871094
504,159.3,20.4087371826172
505,159.5,0.191331192851067
506,159.8,0.546431839466095
507,160.0,36.0976676940918
508,160.2,1816.54760742188
509,160.3,25.4182300567627
510,160.5,0.146500453352928
511,160.7,0.615965247154236
512,160.8,1.25640439987183
513,161.0,56.047233581543
514,161.1,855.736267089844
515,161.2,941.844787597656
516,161.4,1.01235127449036
517,161.5,0.337602913379669
518,161.7,0.0983531549572945
519,161.9,3.56598806381226
520,162.1,732.37109375
521,162.2,818.622009277344
522,162.4,2.18881511688232
523,162.6,0.593435525894165
524,162.8,2.31461572647095
525,163.0,83.7740173339844
526,163.2,1558.92944335938
527,163.3,26.1099033355713
528,163.5,0.363677948713303
529,163.7,0.82262122631073
530,163.9,4.63895225524902
531,164.1,665.755126953125
532,164.2,713.726684570313
533,164.4,2.87477135658264
534,164.7,0.798604786396027
535,164.9,5.57422208786011
536,165.1,965.189025878906
537,165.2,1010.40356445313
538,165.4,1.35166966915131
539,165.6,0.338632196187973
540,165.9,2.43595600128174
541,166.1,958.346313476563
542,166.2,910.121887207031
543,166.4,1.58165597915649
544,166.5,0.23021499812603
545,166.8,0.631976187229156
546,167.0,47.631175994873
547,167.2,1588.1103515625
548,167.3,18.2410793304443
549,167.6,0.32170632481575
550,167.8,0.683325707912445
551,168.0,42.536937713623
552,168.2,1971.45422363281
553,168.3,22.2896842956543
554,168.5,0.260407149791718
555,168.7,0.253774017095566
556,168.9,3.19830751419067
557,169.1,698.296081542969
558,169.2,758.680480957031
559,169.4,1.98604762554169
560,169.5,0.458028376102448
561,169.7,0.101555354893208
562,169.9,3.03682518005371
563,170.1,662.003784179688
564,170.2,847.004943847656
565,170.4,1.36047577857971
566,170.5,0.427721858024597
567,170.8,0.596180260181427
568,171.0,35.519100189209
569,171.2,1518.84899902344
570,171.3,23.2176342010498
571,171.5,0.144327536225319
572,171.8,0.318618476390839
573,171.9,1.95654165744781
574,172.1,668.845153808594
575,172.2,885.288513183594
576,172.4,0.726784110069275
577,172.6,0.22495424747467
578,172.9,2.15690755844116
579,173.1,631.730773925781
580,173.2,909.07958984375
581,173.4,1.04551696777344
582,173.7,0.228156447410583
583,173.9,2.08989024162292
584,174.0,32.7572059631348
585,174.2,1402.73986816406
586,174.3,36.0949211120605
587,174.5,0.519441902637482
588,174.7,0.117680698633194
589,174.9,2.93938708305359
590,175.1,635.694641113281
591,175.2,779.343078613281
592,175.4,1.0722781419754
593,175.7,0.510407149791718
594,175.9,4.86653709411621
595,176.1,623.561157226563
596,176.2,680.578430175781
597,176.4,2.3534996509552
598,176.6,0.39169716835022
599,176.8,1.98524701595306
600,177.0,97.1189422607422
601,177.2,1259.83654785156
602,177.3,29.326623916626
603,177.5,0.0841720029711723
604,177.7,0.361047565937042
605,177.9,5.62888860702515
606,178.1,654.691589355469
607,178.2,718.457824707031
608,178.4,1.75937783718109
609,178.5,0.866308331489563
610,178.8,2.51658272743225
611,179.0,60.8983306884766
612,179.1,607.189025878906
613,179.2,784.435485839844
614,179.4,1.0844007730484
615,179.6,0.486848115921021
616,179.7,0.163197621703148
617,179.9,3.03613901138306
618,180.1,620.176208496094
619,180.2,781.123413085938
620,180.4,1.49988567829132
621,180.6,0.148559018969536
622,180.8,0.992680668830872
623,181.0,43.3099250793457
624,181.2,1305.18481445313
625,181.3,33.8299407958984
626,181.5,0.558783173561096
627,181.7,0.125800549983978
628,181.9,2.13700819015503
629,182.1,742.939514160156
630,182.2,898.752624511719
631,182.3,27.2285003662109
632,182.5,0.579025626182556
633,182.7,0.119967974722385
634,182.9,1.99496793746948
635,183.1,590.11767578125
636,183.2,819.352111816406
637,183.4,2.23421764373779
638,183.7,0.239935949444771
639,183.8,0.444647759199142
640,184.0,32.2431373596191
641,184.2,1206.89526367188
642,184.3,28.415943145752
643,184.5,0.434926807880402
644,184.7,0.240164682269096
645,184.9,2.75125789642334
646,185.1,529.767639160156
647,185.2,852.669372558594
648,185.3,28.1720027923584
649,185.6,0.456655979156494
650,185.8,0.458485811948776
651,186.0,29.7377624511719
652,186.2,1487.80725097656
653,186.3,38.6511878967285
654,186.6,0.259720951318741
655,186.7,0.216948762536049
656,186.9,3.03408050537109
657,187.0,29.2763042449951
658,187.2,1142.66516113281
659,187.3,37.5440292358398
660,187.4,0.876715481281281
661,187.7,0.2411939650774
662,187.9,2.54082798957825
663,188.1,475.700134277344
664,188.2,658.937927246094
665,188.4,1.25754797458649
666,188.6,0.565645039081573
667,188.8,0.696820676326752
668,189.0,34.116081237793
669,189.2,1137.51062011719
670,189.3,37.8779716491699
671,189.5,0.268412619829178
672,189.8,0.598124444484711
673,190.0,40.678524017334
674,190.2,964.114807128906
675,190.3,46.3472099304199
676,190.5,0.422804206609726
677,190.7,1.13037514686584
678,190.9,13.330512046814
679,191.1,1088.99267578125
680,191.2,583.719604492188
681,191.4,1.37248396873474
682,191.5,0.384492218494415
683,191.8,1.91502749919891
684,192.0,55.2131729125977
685,192.2,1132.91149902344
686,192.3,42.6788673400879
687,192.5,0.612076878547668
688,192.7,1.78602468967438
689,192.9,22.4489936828613
690,193.1,1096.09704589844
691,193.2,630.434143066406
692,193.4,1.1012122631073
693,193.6,0.320791393518448
694,193.8,1.68092405796051
695,194.0,52.7924308776855
696,194.2,1282.74401855469
697,194.3,48.1216850280762
698,194.5,0.908051252365112
699,194.8,1.61768066883087
700,195.0,46.5884017944336
701,195.2,1294.22485351563
702,195.3,29.1291179656982
703,195.6,0.458828926086426
704,195.8,0.520699918270111
705,196.0,27.4799861907959
706,196.2,1217.87475585938
707,196.3,44.0791397094727
708,196.4,4.65702199935913
709,196.7,0.390667885541916
710,196.9,2.43595600128174
711,197.1,459.274017333984
712,197.2,742.3310546875
713,197.3,35.8920402526855
714,197.6,0.458371460437775
715,197.8,0.453339427709579
716,198.0,28.3913536071777
717,198.2,1014.34423828125
718,198.3,40.0489463806152
719,198.5,0.315416276454926
720,198.8,0.420402556657791
721,199.0,26.6341495513916
722,199.2,1139.6337890625
723,199.3,36.3165588378906
724,199.4,0.992223262786865
725,199.6,0.0856587365269661
726,199.8,0.566331207752228
727,200.0,30.8331432342529
728,200.2,1048.09692382813
729,200.3,39.088062286377
730,200.5,0.634377837181091
731,200.8,0.482159197330475
732,200.9,1.90130376815796
733,201.1,368.457580566406
734,201.2,515.937072753906
735,201.3,38.4167442321777
736,201.5,0.510407149791718
737,201.7,0.129574567079544
738,201.9,1.92600643634796
739,202.1,408.522979736328
740,202.2,566.629089355469
741,202.4,2.66365504264832
742,202.6,0.269670635461807
743,202.8,0.815187573432922
744,203.0,34.8569297790527
745,203.2,814.780395507813
746,203.3,44.234561920166
747,203.5,0.248741999268532
748,203.8,0.440301924943924
749,204.0,34.665599822998
750,204.2,757.364135742188
751,204.3,54.9039344787598
752,204.4,3.09835314750671
753,204.6,0.167086005210876
754,204.8,1.01292312145233
755,205.0,39.5025177001953
756,205.2,818.93701171875
757,205.3,44.7475967407227
758,205.5,0.307868242263794
759,205.7,0.437557190656662
760,205.8,0.584057629108429
761,206.0,29.4065647125244
762,206.2,793.493041992188
763,206.3,54.0203552246094
764,206.5,0.969807863235474
765,206.8,0.321935027837753
766,207.0,120.299980163574
767,207.1,6335.3857421875
768,207.3,9.93069553375244
769,207.6,0.0610704496502876
770,207.8,3.26887011528015
771,208.0,65.9991989135742
772,208.1,2126.06298828125
773,208.3,53.2963180541992
774,208.5,0.915027439594269
775,208.7,0.529849052429199
776,208.9,13.0340805053711
777,209.1,1018.81188964844
778,209.2,752.046875
779,209.4,2.07650971412659
780,209.7,0.610018312931061
781,209.9,5.28568172454834
782,210.1,407.928741455078
783,210.2,680.147766113281
784,210.4,4.28408050537109
785,210.7,1.29380142688751
786,210.9,8.04643154144287
787,211.1,518.923461914063
788,211.2,783.734436035156
789,211.4,1.81816101074219
790,211.6,0.253430932760239
791,211.8,0.524473905563354
792,212.0,25.8766002655029
793,212.2,853.732849121094
794,212.3,57.1139068603516
795,212.5,0.698307394981384
796,212.8,0.598696231842041
797,213.0,24.3129005432129
798,213.2,1031.69860839844
799,213.3,57.5329360961914
800,213.5,0.546889305114746
801,213.8,0.682410776615143
802,214.0,26.3460655212402
803,214.2,761.225769042969
804,214.3,53.3979873657227
805,214.6,0.361505031585693
806,214.8,0.842634975910187
807,215.0,28.3072967529297
808,215.2,763.779479980469
809,215.3,44.1666297912598
810,215.4,2.85521507263184
811,215.6,0.110818848013878
812,215.8,0.781450152397156
813,216.0,33.1768074035645
814,216.2,656.946105957031
815,216.3,58.047004699707
816,216.5,0.539913058280945
817,216.7,0.358989030122757
818,216.9,2.44510531425476
819,217.0,27.1268291473389
820,217.2,617.192138671875
821,217.3,56.3756866455078
822,217.5,0.585430026054382
823,217.8,0.705512344837189
824,218.0,27.9021034240723
825,218.2,633.842041015625
826,218.3,61.2075691223145
827,218.5,0.868709981441498
828,218.8,0.914112508296967
829,219.0,30.5943508148193
830,219.2,672.60107421875
831,219.3,44.8822059631348
832,219.5,0.397987186908722
833,219.7,0.768641352653503
834,219.8,0.855329394340515
835,220.0,25.9351558685303
836,220.1,254.139297485352
837,220.2,495.156463623047
838,220.4,4.40107488632202
839,220.6,0.571591973304749
840,220.8,2.54860472679138
841,221.0,46.2104301452637
842,221.1,425.603393554688
843,221.2,685.663879394531
844,221.4,3.75434589385986
845,221.6,0.299977123737335
846,221.8,1.06358647346497
847,222.0,26.7720718383789
848,222.2,801.860473632813
849,222.3,60.150505065918
850,222.6,1.23250234127045
851,222.8,2.10544371604919
852,223.0,31.423376083374
853,223.2,786.03466796875
854,223.3,42.3183898925781
855,223.5,0.754917681217194
856,223.8,0.678979873657227
857,224.0,22.6637687683105
858,224.2,691.634399414063
859,224.3,55.1670875549316
860,224.4,3.76246571540833
861,224.7,1.05855441093445
862,224.9,9.34274959564209
863,225.1,358.188598632813
864,225.2,636.247131347656
865,225.4,2.27390217781067
866,225.7,0.277561753988266
867,225.9,3.18504118919373
868,226.0,22.3697395324707
869,226.2,693.028381347656
870,226.3,54.4369850158691
871,226.4,2.93161034584045
872,226.7,0.435956090688705
873,226.9,2.68526983261108
874,227.0,24.0948085784912
875,227.2,654.970275878906
876,227.3,64.0686187744141
877,227.5,0.403133571147919
878,227.8,0.615507781505585
879,228.0,24.1459293365479
880,228.2,631.779846191406
881,228.3,52.230899810791
882,228.5,0.611619412899017
883,228.8,0.699565410614014
884,229.0,27.6877861022949
885,229.2,536.812194824219
886,229.3,53.8024940490723
887,229.4,2.51418113708496
888,229.6,0.353042095899582
889,229.8,0.610361397266388
890,230.0,29.2885398864746
891,230.2,507.360473632813
892,230.3,62.2291870117188
893,230.6,0.879917681217194
894,230.8,0.800777673721313
895,231.0,23.7974605560303
896,231.2,486.892272949219
897,231.3,58.0908050537109
898,231.5,0.310155540704727
899,231.6,0.472095161676407
900,231.9,2.83211350440979
901,232.1,201.260070800781
902,232.2,389.570343017578
903,232.4,6.09640884399414
904,232.6,0.552950620651245
905,232.9,2.73467516899109
906,233.1,222.630264282227
907,233.2,398.381744384766
908,233.4,4.99473905563354
909,233.6,0.162168338894844
910,233.8,0.868595600128174
911,234.0,21.1373519897461
912,234.2,559.611755371094
913,234.3,65.0098342895508
914,234.5,0.722552597522736
915,234.7,0.848810613155365
916,234.9,2.45173835754395
917,235.1,231.757888793945
918,235.2,390.322387695313
919,235.3,59.2664680480957
920,235.5,0.665256202220917
921,235.6,0.462717294692993
922,235.9,2.65050315856934
923,236.1,212.087371826172
924,236.2,454.915374755859
925,236.4,6.70494031906128
926,236.6,0.390553534030914
927,236.8,1.40473473072052
928,236.9,3.15084624290466
929,237.1,212.666976928711
930,237.2,413.3603515625
931,237.4,3.10841727256775
932,237.5,0.867223262786865
933,237.8,0.782593786716461
934,238.0,23.0520362854004
935,238.2,526.860046386719
936,238.3,57.0852012634277
937,238.4,5.19236040115356
938,238.7,0.721523344516754
939,238.9,3.21443271636963
940,239.1,224.193054199219
941,239.2,381.375915527344
942,239.3,90.6637725830078
943,239.5,0.767612099647522
944,239.8,0.490164697170258
945,240.0,21.3035221099854
946,240.2,459.197265625
947,240.3,72.2708129882813
948,240.6,0.727470278739929
949,240.7,0.403819769620895
950,240.9,3.70025157928467
951,241.0,23.3154163360596
952,241.2,432.229522705078
953,241.3,61.0395698547363
954,241.4,2.9724383354187
955,241.7,0.471065878868103
956,241.9,2.81861853599548
957,242.0,19.6473007202148
958,242.2,432.199096679688
959,242.3,63.596752166748
960,242.5,0.696020126342773
961,242.8,1.33314275741577
962,242.9,3.47266697883606
963,243.1,177.920974731445
964,243.2,238.958145141602
965,243.3,61.3833503723145
966,243.5,0.566331207752228
967,243.7,0.575251579284668
968,243.8,0.501944184303284
969,244.0,26.5988101959229
970,244.2,418.113800048828
971,244.3,63.9878768920898
972,244.5,0.923376023769379
973,244.6,0.742566347122192
974,244.8,0.46523329615593
975,245.0,22.4103393554688
976,245.1,143.315536499023
977,245.2,291.379791259766
978,245.4,4.51989936828613
979,245.7,0.595951497554779
980,245.9,2.29849028587341
981,246.1,161.219573974609
982,246.2,322.637573242188
983,246.4,5.97872829437256
984,246.5,1.21489024162292
985,246.7,0.226784080266953
986,246.9,2.65690755844116
987,247.1,167.336807250977
988,247.2,275.046417236328
989,247.3,66.1590805053711
990,247.5,1.4650045633316
991,247.8,0.69053065776825
992,247.9,2.32833933830261
993,248.1,169.996337890625
994,248.2,328.701293945313
995,248.4,6.80729627609253
996,248.7,0.904505968093872
997,248.9,9.21580505371094
998,249.1,321.242462158203
999,249.2,283.865051269531
1000,249.3,55.062442779541
1001,249.5,0.840805113315582
1002,249.8,1.42737877368927
1003,250.0,33.5301933288574
1004,250.2,450.938140869141
1005,250.3,60.6679992675781
1006,250.4,5.03922700881958
1007,250.7,1.75263035297394
1008,250.9,11.7040252685547
1009,251.1,272.449005126953
1010,251.2,312.548492431641
1011,251.4,3.53716826438904
1012,251.7,0.958943247795105
1013,251.9,4.34343528747559
1014,252.0,23.6948757171631
1015,252.2,406.647186279297
1016,252.3,70.8400039672852
1017,252.5,0.748055815696716
1018,252.7,1.25160109996796
1019,252.9,7.53716850280762
1020,253.1,265.502166748047
1021,253.2,298.401519775391
1022,253.4,3.85338521003723
1023,253.6,0.827310144901276
1024,253.8,0.831541657447815
1025,253.9,2.60178399085999
1026,254.1,179.372375488281
1027,254.2,268.732513427734
1028,254.4,5.1758918762207
1029,254.5,1.2439386844635
1030,254.8,1.10075485706329
1031,255.0,29.3793449401855
1032,255.2,321.128662109375
1033,255.3,58.9451065063477
1034,255.5,0.754917681217194
1035,255.7,0.15004575252533
1036,255.9,2.72095155715942
1037,256.0,16.18115234375
1038,256.2,338.435852050781
1039,256.3,148.856475830078
1040,256.4,11.7870540618896
1041,256.7,0.50182980298996
1042,256.8,0.151646837592125
1043,257.0,20.2748165130615
1044,257.2,294.531219482422
1045,257.3,80.5797119140625
1046,257.5,0.970379710197449
1047,257.7,0.838746547698975
1048,257.9,3.51269435882568
1049,258.1,128.365386962891
1050,258.2,247.809463500977
1051,258.4,6.06312894821167
1052,258.5,2.06827545166016
1053,258.8,0.65359103679657
1054,259.0,18.9114818572998
1055,259.2,292.23388671875
1056,259.3,65.6498184204102
1057,259.5,0.997255265712738
1058,259.7,0.332570910453796
1059,259.9,1.80295062065125
1060,260.1,124.654273986816
1061,260.2,188.717514038086
1062,260.3,63.7965469360352
1063,260.5,1.56461572647095
1064,260.7,0.582342147827148
1065,261.0,17.4326400756836
1066,261.1,107.504920959473
1067,261.2,259.730102539063
1068,261.4,7.57822513580322
1069,261.6,0.458943277597427
1070,261.8,0.322392493486404
1071,262.0,17.9604301452637
1072,262.2,293.770141601563
1073,262.3,77.2487411499023
1074,262.5,0.863220512866974
1075,262.7,0.482159197330475
1076,262.9,2.26669716835022
1077,263.1,117.466377258301
1078,263.2,208.292083740234
1079,263.3,77.0611877441406
1080,263.5,0.932639539241791
1081,263.7,0.174405306577682
1082,263.9,2.64364147186279
1083,264.0,15.9180011749268
1084,264.2,295.087036132813
1085,264.3,78.0277938842773
1086,264.4,9.76223659515381
1087,264.7,1.23776304721832
1088,264.8,1.72930014133453
1089,265.0,49.9964561462402
1090,265.2,425.043579101563
1091,265.3,52.240852355957
1092,265.5,0.791514158248901
1093,265.7,0.807982623577118
1094,265.9,4.72495412826538
1095,266.1,142.008697509766
1096,266.2,162.139862060547
1097,266.3,70.3282241821289
1098,266.5,3.56438708305359
1099,266.8,9.17749309539795
1100,267.0,174.140319824219
1101,267.1,599.512023925781
1102,267.3,34.178409576416
1103,267.6,0.854986250400543
1104,267.8,2.79448771476746
1105,268.0,52.5602684020996
1106,268.2,304.476318359375
1107,268.3,48.534309387207
1108,268.5,1.05249309539795
1109,268.7,1.58703112602234
1110,268.9,12.312671661377
1111,269.1,200.312896728516
1112,269.2,204.413772583008
1113,269.4,5.13963842391968
1114,269.7,1.1506175994873
1115,269.8,0.74165141582489
1116,270.0,22.6000690460205
1117,270.1,90.2483978271484
1118,270.2,193.56462097168
1119,270.4,8.50789070129395
1120,270.6,1.2383348941803
1121,270.8,1.20585548877716
1122,271.0,30.4813594818115
1123,271.2,236.842636108398
1124,271.3,55.7658958435059
1125,271.5,1.22037971019745
1126,271.7,0.349496811628342
1127,271.9,3.12065410614014
1128,272.0,16.8636779785156
1129,272.2,210.021041870117
1130,272.3,59.9074783325195
1131,272.5,1.5359103679657
1132,272.8,1.30706775188446
1133,272.9,2.33966159820557
1134,273.1,96.1628570556641
1135,273.2,177.683319091797
1136,273.4,6.11447858810425
1137,273.5,1.45951509475708
1138,273.8,0.805123507976532
1139,273.9,2.49942827224731
1140,274.1,92.7821350097656
1141,274.2,182.303634643555
1142,274.4,9.68355464935303
1143,274.5,1.82067704200745
1144,274.8,0.75480329990387
1145,274.9,2.28465223312378
1146,275.1,88.4926834106445
1147,275.2,191.231704711914
1148,275.4,8.65427684783936
1149,275.7,0.659194886684418
1150,275.9,2.0056037902832
1151,276.1,92.8080978393555
1152,276.2,194.23307800293
1153,276.4,8.94075965881348
1154,276.7,0.777790486812592
1155,276.8,0.546088755130768
1156,277.0,18.3290252685547
1157,277.2,193.948303222656
1158,277.3,59.200023651123
1159,277.4,10.0919485092163
1160,277.7,0.712145447731018
1161,277.9,2.09823870658875
1162,278.1,84.197395324707
1163,278.2,125.565757751465
1164,278.3,166.53271484375
1165,278.5,1.52092862129211
1166,278.7,0.866537034511566
1167,278.9,2.84446477890015
1168,279.1,86.0914916992188
1169,279.2,199.609558105469
1170,279.4,16.8005485534668
1171,279.6,0.806038439273834
1172,279.9,1.95837140083313
1173,280.0,12.187442779541
1174,280.2,143.577423095703
1175,280.3,141.210083007813
1176,280.5,2.40473461151123
1177,280.7,2.04277229309082
1178,280.8,3.42166066169739
1179,281.0,145.917541503906
1180,281.1,2644.05981445313
1181,281.3,31.611047744751
1182,281.6,0.511779487133026
1183,281.8,3.9286367893219
1184,282.0,72.3740844726563
1185,282.1,827.344665527344
1186,282.3,37.6172218322754
1187,282.5,1.70596981048584
1188,282.8,4.10475778579712
1189,283.0,68.0823440551758
1190,283.1,652.615600585938
1191,283.3,29.7558326721191
1192,283.4,4.40050315856934
1193,283.6,0.640324771404266
1194,283.9,6.44338989257813
1195,284.1,132.804901123047
1196,284.2,135.425323486328
1197,284.3,54.7983741760254
1198,284.5,2.5256175994873
1199,284.7,1.12740159034729
1200,284.9,12.4733533859253
1201,285.1,180.839202880859
1202,285.2,140.4130859375
1203,285.3,44.2260971069336
1204,285.5,1.1366651058197
1205,285.8,1.18023788928986
1206,286.0,22.5466613769531
1207,286.2,173.208709716797
1208,286.3,42.299747467041
1209,286.4,9.11630821228027
1210,286.7,1.06221413612366
1211,286.8,1.10773098468781
1212,287.0,23.0794830322266
1213,287.2,186.834625244141
1214,287.3,49.8695106506348
1215,287.5,1.01086461544037
1216,287.7,0.470722794532776
1217,287.9,2.75491762161255
1218,288.1,71.5623321533203
1219,288.2,93.34423828125
1220,288.3,53.9253196716309
1221,288.5,2.56964778900146
1222,288.7,0.62980329990387
1223,288.9,3.38872361183167
1224,289.0,14.6120767593384
1225,289.2,151.725296020508
1226,289.3,53.2068862915039
1227,289.5,1.31873285770416
1228,289.8,1.00686180591583
1229,289.9,2.07410788536072
1230,290.1,64.9929122924805
1231,290.2,81.0333938598633
1232,290.3,54.3161010742188
1233,290.5,1.43366885185242
1234,290.6,1.11779510974884
1235,290.9,2.62168335914612
1236,291.1,59.8459510803223
1237,291.2,119.215118408203
1238,291.4,9.12831687927246
1239,291.6,0.991193950176239
1240,291.9,3.03957009315491
1241,292.1,52.1971626281738
1242,292.2,123.181381225586
1243,292.4,14.0048036575317
1244,292.6,1.34286367893219
1245,292.8,0.479071348905563
1246,293.0,16.4015331268311
1247,293.1,43.946590423584
1248,293.2,112.745765686035
1249,293.4,11.4002742767334
1250,293.6,0.457113444805145
1251,293.8,1.13174748420715
1252,294.0,14.4284076690674
1253,294.2,105.602813720703
1254,294.3,64.1955642700195
1255,294.5,3.04391574859619
1256,294.8,2.21477580070496
1257,294.9,4.04677486419678
1258,295.1,81.8371429443359
1259,295.2,128.821929931641
1260,295.4,9.16171073913574
1261,295.5,1.63071823120117
1262,295.7,0.386779516935349
1263,295.9,3.92314720153809
1264,296.1,58.0870323181152
1265,296.2,106.993026733398
1266,296.4,10.9786138534546
1267,296.5,2.29094243049622
1268,296.7,0.638494968414307
1269,296.9,3.77355909347534
1270,297.0,16.3453788757324
1271,297.2,111.69327545166
1272,297.3,46.9134254455566
1273,297.5,2.2341034412384
1274,297.8,1.09595155715942
1275,298.0,16.4994277954102
1276,298.1,40.3338279724121
1277,298.2,98.6155090332031
1278,298.4,10.4288654327393
1279,298.5,3.0237877368927
1280,298.8,2.32170629501343
1281,299.0,25.4321823120117
1282,299.2,155.330963134766
1283,299.3,46.312557220459
1284,299.5,1.33783161640167
1285,299.7,0.966948747634888
1286,299.8,0.751372396945953
1287,300.0,14.5064039230347
1288,300.2,108.338287353516
1289,300.3,47.9739265441895
1290,300.5,2.38769435882568
1291,300.8,1.22586917877197
1292,301.0,13.9127397537231
1293,301.2,110.834403991699
1294,301.3,35.3515548706055
1295,301.4,9.15004539489746
1296,301.7,0.740965247154236
1297,301.8,0.973124444484711
1298,302.0,15.0845155715942
1299,302.2,92.4642028808594
1300,302.3,47.9039344787598
1301,302.5,1.99736964702606
1302,302.6,1.40942358970642
1303,302.8,0.575251579284668
1304,303.0,12.038426399231
1305,303.2,88.1527938842773
1306,303.3,46.5425453186035
1307,303.5,2.36607956886292
1308,303.8,0.94281792640686
1309,304.0,13.6567935943604
1310,304.2,80.6968231201172
1311,304.3,33.222095489502
1312,304.4,12.5741081237793
1313,304.6,1.2089432477951
1314,304.9,2.89981698989868
1315,305.0,10.263952255249
1316,305.2,75.0423126220703
1317,305.3,33.9890213012695
1318,305.4,11.5953798294067
1319,305.6,1.23810613155365
1320,305.8,0.674634039402008
1321,306.0,10.8617334365845
1322,306.1,26.5298480987549
1323,306.2,77.5646133422852
1324,306.4,13.7597208023071
1325,306.6,1.20791399478912
1326,306.8,0.859789550304413
1327,307.0,12.1197395324707
1328,307.2,67.4834136962891
1329,307.3,40.8727111816406
1330,307.5,2.43995881080627
1331,307.8,1.34915375709534
1332,308.0,10.562557220459
1333,308.1,26.2136325836182
1334,308.2,70.1688003540039
1335,308.4,11.9245195388794
1336,308.6,1.66033852100372
1337,308.9,4.1016697883606
1338,309.1,38.2669258117676
1339,309.2,36.8031806945801
1340,309.3,37.7067718505859
1341,309.5,2.44602012634277
1342,309.6,1.31129920482635
1343,309.9,2.57536602020264
1344,310.1,36.7697868347168
1345,310.3,63.9505958557129
1346,310.4,13.1654844284058
1347,310.6,1.0695333480835
1348,310.8,2.29540252685547
1349,310.9,3.50617575645447
1350,311.1,42.2508010864258
1351,311.2,67.0295028686523
1352,311.4,10.3473234176636
1353,311.6,1.33806037902832
1354,311.8,1.04768979549408
1355,312.0,12.4310388565063
1356,312.2,62.6392936706543
1357,312.3,39.0656433105469
1358,312.5,2.83428645133972
1359,312.7,1.77493143081665
1360,312.9,3.20905756950378
1361,313.1,41.0038871765137
1362,313.2,78.2465667724609
1363,313.4,12.0896615982056
1364,313.7,1.28190755844116
1365,313.8,0.679437339305878
1366,314.0,11.5346527099609
1367,314.2,66.2708129882813
1368,314.3,36.3627624511719
1369,314.5,3.30306506156921
1370,314.7,0.447964310646057
1371,314.9,3.3671088218689
1372,315.1,36.3143882751465
1373,315.2,65.68115234375
1374,315.4,11.2191219329834
1375,315.6,1.01177954673767
1376,315.9,2.82868242263794
1377,316.1,30.575252532959
1378,316.2,35.2960891723633
1379,316.3,40.4483070373535
1380,316.5,2.32433676719666
1381,316.7,1.46134495735168
1382,316.9,2.93252515792847
1383,317.0,7.28419494628906
1384,317.2,53.4468193054199
1385,317.3,37.1021270751953
1386,317.5,2.82868242263794
1387,317.8,1.01223695278168
1388,318.0,9.8342866897583
1389,318.1,19.2349033355713
1390,318.3,55.8483543395996
1391,318.4,9.76132202148438
1392,318.5,2.8451509475708
1393,318.8,0.995425462722778
1394,319.0,9.1095609664917
1395,319.2,47.631175994873
1396,319.3,22.9915370941162
1397,319.4,10.5938930511475
1398,319.7,0.975411713123322
1399,319.9,2.42268991470337
1400,320.1,24.5010299682617
1401,320.2,27.5490627288818
1402,320.3,32.7077980041504
1403,320.5,2.05558085441589
1404,320.6,1.88129007816315
1405,320.9,2.71797800064087
1406,321.1,23.429895401001
1407,321.3,44.6038436889648
1408,321.4,10.7143182754517
1409,321.6,1.22140896320343
1410,321.9,2.58645939826965
1411,322.1,22.7456550598145
1412,322.3,43.5645027160645
1413,322.4,12.6335773468018
1414,322.6,2.02115726470947
1415,322.9,5.11630821228027
1416,323.0,11.2535457611084
1417,323.2,49.6255722045898
1418,323.3,19.0853157043457
1419,323.4,10.0115509033203
1420,323.6,0.537397086620331
1421,323.8,1.50754797458649
1422,324.0,10.6134490966797
1423,324.2,39.6553077697754
1424,324.3,18.4121685028076
1425,324.4,12.6372365951538
1426,324.7,4.21054458618164
1427,324.8,4.50034332275391
1428,325.0,43.79345703125
1429,325.1,92.3937530517578
1430,325.3,20.4303531646729
1431,325.5,1.64855897426605
1432,325.7,1.43446934223175
1433,325.9,5.9911937713623
1434,326.1,40.5838279724121
1435,326.2,27.915714263916
1436,326.3,24.4875335693359
1437,326.5,5.07422208786011
1438,326.8,12.2425661087036
1439,326.9,21.8090114593506
1440,327.1,158.057861328125
1441,327.2,64.1239700317383
1442,327.4,4.00994968414307
1443,327.7,2.22449684143066
1444,327.9,10.2058553695679
1445,328.1,53.4398460388184
1446,328.2,51.8911247253418
1447,328.4,9.48055839538574
1448,328.7,2.03247952461243
1449,328.9,8.41525650024414
1450,329.1,48.1200828552246
1451,329.2,31.6101322174072
1452,329.3,23.3721408843994
1453,329.5,2.32342171669006
1454,329.8,1.4813586473465
1455,330.0,10.8076391220093
1456,330.2,46.3530426025391
1457,330.3,22.1294593811035
1458,330.4,11.9144554138184
1459,330.6,0.772644102573395
1460,330.8,1.48055803775787
1461,330.9,2.42955160140991
1462,331.1,39.3617324829102
1463,331.2,23.4416751861572
1464,331.3,26.8300552368164
1465,331.5,2.92840814590454
1466,331.7,0.60292774438858
1467,331.9,2.86322045326233
1468,332.1,21.7518291473389
1469,332.3,38.2549171447754
1470,332.4,10.833028793335
1471,332.6,1.22861385345459
1472,332.9,2.56301474571228
1473,333.1,18.7251834869385
1474,333.3,35.4791870117188
1475,333.4,9.65198993682861
1476,333.6,0.649130821228027
1477,333.8,0.94407594203949
1478,333.9,1.78419482707977
1479,334.1,15.9304666519165
1480,334.2,15.7878541946411
1481,334.3,25.5846290588379
1482,334.5,2.49645471572876
1483,334.7,1.08806037902832
1484,335.0,6.15885162353516
1485,335.1,11.0778818130493
1486,335.3,27.7973461151123
1487,335.4,7.08600187301636
1488,335.5,3.04368710517883
1489,335.8,1.12202656269073
1490,336.0,5.77538871765137
1491,336.2,25.2647533416748
1492,336.3,20.5989246368408
1493,336.5,3.90908050537109
1494,336.8,1.14284086227417
1495,337.0,6.36447858810425
1496,337.2,24.9988555908203
1497,337.3,21.2637233734131
1498,337.5,3.03373742103577
1499,337.8,1.18549859523773
1500,338.0,5.77721881866455
1501,338.1,9.08634471893311
1502,338.3,27.0834865570068
1503,338.4,11.794487953186
1504,338.6,1.21591949462891
1505,338.8,2.42017388343811
1506,339.0,14.2873973846436
1507,339.2,40.462947845459
1508,339.3,20.8331432342529
1509,339.5,2.7681839466095
1510,339.8,1.19830739498138
1511,340.0,8.27230072021484
1512,340.2,27.3212490081787
1513,340.3,15.6646842956543
1514,340.5,3.43389749526978
1515,340.8,11.0339660644531
1516,341.0,114.604530334473
1517,341.1,287.320678710938
1518,341.3,18.3737411499023
1519,341.5,1.64935958385468
1520,341.8,4.36116170883179
1521,342.0,41.1009826660156
1522,342.2,98.9711837768555
1523,342.3,21.4284076690674
1524,342.5,3.08005499839783
1525,342.8,5.00548934936523
1526,343.0,39.0854301452637
1527,343.2,96.0436859130859
1528,343.3,17.4117107391357
1529,343.4,6.40988111495972
1530,343.7,1.63220489025116
1531,343.9,5.20070886611938
1532,344.1,33.1168785095215
1533,344.2,25.8485813140869
1534,344.3,26.3508682250977
1535,344.5,3.47941446304321
1536,344.8,3.09046196937561
1537,345.0,16.4603157043457
1538,345.2,46.0718193054199
1539,345.3,16.1852703094482
1540,345.4,7.3969578742981
1541,345.7,1.53991305828094
1542,345.8,1.02333033084869
1543,346.0,7.96854972839355
1544,346.2,31.590576171875
1545,346.3,18.7787055969238
1546,346.5,3.38140439987183
1547,346.8,1.62397074699402
1548,347.0,7.58977603912354
1549,347.2,23.7861385345459
1550,347.3,18.1633129119873
1551,347.5,2.42234683036804
1552,347.7,0.497827082872391
1553,347.9,1.98913538455963
1554,348.1,11.8724842071533
1555,348.3,21.8108425140381
1556,348.4,9.17086029052734
1557,348.6,1.09595155715942
1558,348.9,1.57056272029877
1559,349.1,9.61116218566895
1560,349.3,17.1412391662598
1561,349.4,7.81575918197632
1562,349.6,1.13163316249847
1563,349.9,1.63940989971161
1564,350.1,8.28808307647705
1565,350.3,17.048376083374
1566,350.4,8.23273086547852
1567,350.6,1.33142721652985
1568,350.9,1.75343096256256
1569,351.1,8.55180740356445
1570,351.2,8.59480762481689
1571,351.3,13.8620767593384
1572,351.5,1.89970266819
1573,351.7,0.748513281345367
1574,351.9,1.22083711624146
1575,352.1,7.76738357543945
1576,352.3,17.0025157928467
1577,352.4,6.86951065063477
1578,352.7,1.10887467861176
1579,352.9,1.88266241550446
1580,353.1,11.2620086669922
1581,353.3,18.867223739624
1582,353.4,6.58211326599121
1583,353.6,1.03122138977051
1584,353.9,1.75994968414307
1585,354.1,9.79608917236328
1586,354.2,6.76521062850952
1587,354.3,7.12076854705811
1588,354.6,1.3157594203949
1589,354.8,6.97712707519531
1590,355.0,95.905647277832
1591,355.1,310.274932861328
1592,355.2,235.362533569336
1593,355.4,4.79242897033691
1594,355.6,0.426120758056641
1595,355.8,3.62694430351257
1596,356.0,41.5034294128418
1597,356.2,171.942932128906
1598,356.3,24.5943508148193
1599,356.5,1.44956541061401
1600,356.7,1.97952878475189
1601,356.9,11.4046201705933
1602,357.0,27.2115745544434
1603,357.2,131.299514770508
1604,357.3,19.2873973846436
1605,357.4,4.83177042007446
1606,357.7,0.932639539241791
1607,357.9,3.82891130447388
1608,358.0,8.5252742767334
1609,358.2,44.3628768920898
1610,358.3,22.2419948577881
1611,358.5,3.16868710517883
1612,358.8,2.87763047218323
1613,359.0,13.3106126785278
1614,359.1,19.540714263916
1615,359.2,40.1161956787109
1616,359.4,7.71340370178223
1617,359.6,1.24714088439941
1618,359.8,0.665256202220917
1619,360.0,5.375
1620,360.1,8.36276340484619
1621,360.3,28.2298717498779
1622,360.4,10.3820905685425
1623,360.5,3.59698081016541
1624,360.7,0.476669728755951
1625,360.9,2.14775848388672
1626,361.1,10.6268301010132
1627,361.3,22.5671310424805
1628,361.4,8.60990428924561
1629,361.6,1.03042089939117
1630,361.8,0.360247015953064
1631,362.0,2.58257079124451
1632,362.2,13.6638841629028
1633,362.4,22.5165824890137
1634,362.5,3.70402550697327
1635,362.8,1.30603837966919
1636,363.0,3.99473929405212
1637,363.2,12.8653936386108
1638,363.3,8.90564918518066
1639,363.4,8.95448303222656
1640,363.6,1.15930926799774
1641,363.8,0.442246109247208
1642,364.0,2.53831195831299
1643,364.2,10.2131748199463
1644,364.3,12.038311958313
1645,364.5,2.73364591598511
1646,364.7,0.931267142295837
1647,365.0,2.41376948356628
1648,365.1,3.68058085441589
1649,365.3,9.7391357421875
1650,365.4,5.87099742889404
1651,365.7,1.06838977336884
1652,365.9,0.928522408008575
1653,366.1,4.48113012313843
1654,366.3,10.4711799621582
1655,366.4,5.30832576751709
1656,366.7,1.04826164245605
1657,366.8,0.397758454084396
1658,367.0,3.7443962097168
1659,367.2,11.5250453948975
1660,367.3,10.0975522994995
1661,367.5,2.52584624290466
1662,367.8,0.750228703022003
1663,368.0,3.44819307327271
1664,368.2,10.5296201705933
1665,368.3,11.0478038787842
1666,368.5,2.93263959884644
1667,368.8,1.76829826831818
1668,368.9,1.81187105178833
1669,369.1,14.846752166748
1670,369.2,24.3326854705811
1671,369.4,5.29128551483154
1672,369.5,2.39306950569153
1673,369.8,1.19098806381226
1674,370.0,4.14123964309692
1675,370.1,6.2998628616333
1676,370.3,16.7274703979492
1677,370.4,6.26806974411011
1678,370.6,1.75285911560059
1679,370.8,0.850297331809998
1680,371.0,6.04894781112671
1681,371.2,18.4877624511719
1682,371.3,16.7897987365723
1683,371.5,2.02127170562744
1684,371.6,1.27458834648132
1685,371.9,1.81781792640686
1686,372.1,7.94716358184814
1687,372.3,17.0699901580811
1688,372.4,5.82307863235474
1689,372.5,3.7262122631073
1690,372.8,2.23513269424438
1691,373.0,8.55924034118652
1692,373.2,22.4627170562744
1693,373.3,14.6642265319824
1694,373.5,1.19933664798737
1695,373.6,1.12214088439941
1696,373.8,0.525503218173981
1697,374.0,4.10818862915039
1698,374.1,5.49656915664673
1699,374.3,19.8522415161133
1700,374.4,10.9906225204468
1701,374.6,1.34263491630554
1702,374.8,0.485933214426041
1703,375.0,3.67943739891052
1704,375.2,13.054666519165
1705,375.3,10.7435960769653
1706,375.5,2.61722326278687
1707,375.8,0.877744734287262
1708,376.0,2.05295062065125
1709,376.1,3.74268078804016
1710,376.3,14.8696250915527
1711,376.4,12.3340578079224
1712,376.6,1.44739246368408
1713,376.8,0.351898431777954
1714,377.0,2.35693049430847
1715,377.1,2.87843084335327
1716,377.3,10.4475069046021
1717,377.4,6.10818862915039
1718,377.6,0.985704481601715
1719,377.9,1.07845377922058
1720,378.1,4.89386987686157
1721,378.2,4.08360004425049
1722,378.3,11.5144100189209
1723,378.5,3.14489936828613
1724,378.8,0.806610226631165
1725,379.0,1.41582798957825
1726,379.1,2.1721179485321
1727,379.3,6.5872597694397
1728,379.4,4.3172459602356
1729,379.6,0.840118944644928
1730,379.8,0.288998156785965
1731,380.0,1.63037514686584
1732,380.2,5.25651884078979
1733,380.3,6.89901638031006
1734,380.5,2.09881067276001
1735,380.6,1.15988111495972
1736,380.8,0.445219576358795
1737,381.0,1.47964322566986
1738,381.2,5.75091505050659
1739,381.4,5.87202644348145
1740,381.5,1.49736964702606
1741,381.6,1.27721869945526
1742,381.9,1.13037514686584
1743,382.1,4.5196704864502
1744,382.2,4.8241081237793
1745,382.3,9.27779006958008
1746,382.5,3.31004118919373
1747,382.7,1.15839433670044
1748,383.0,3.98684811592102
1749,383.1,4.09606599807739
1750,383.3,8.41891574859619
1751,383.4,4.32479429244995
1752,383.6,0.6196249127388
1753,383.8,1.23501825332642
1754,383.9,0.663998186588287
1755,384.1,4.0210428237915
1756,384.2,3.49645471572876
1757,384.3,6.00446033477783
1758,384.5,2.9603157043457
1759,384.8,3.24908518791199
1760,385.0,8.07536602020264
1761,385.2,14.4823875427246
1762,385.3,7.55558109283447
1763,385.5,1.30752515792847
1764,385.7,1.40153253078461
1765,385.9,1.94098806381226
1766,386.1,5.38426351547241
1767,386.3,7.99348115921021
1768,386.4,5.85773086547852
1769,386.7,2.58005499839783
1770,386.8,2.22609782218933
1771,387.0,9.26772689819336
1772,387.2,16.7163772583008
1773,387.3,9.19807910919189
1774,387.5,1.85224151611328
1775,387.8,1.27996337413788
1776,388.0,3.50365972518921
1777,388.1,3.72152328491211
1778,388.2,9.14352703094482
1779,388.4,4.01932764053345
1780,388.7,1.38392043113708
1781,388.8,0.966376960277557
1782,389.0,3.00640439987183
1783,389.2,8.29723262786865
1784,389.3,3.59549403190613
1785,389.4,3.61882424354553
1786,389.6,0.763266265392303
1787,389.9,0.858531594276428
1788,390.0,1.20711350440979
1789,390.2,4.7821364402771
1790,390.3,5.17280435562134
1791,390.5,2.01543927192688
1792,390.7,0.474268078804016
1793,390.9,0.688243389129639
1794,391.1,2.80946946144104
1795,391.3,4.08188486099243
1796,391.4,3.26646852493286
1797,391.6,0.547918558120728
1798,391.9,0.481244295835495
1799,392.1,2.44384717941284
1800,392.3,5.63883829116821
1801,392.4,3.92474842071533
1802,392.6,0.604071378707886
1803,392.8,0.532365024089813
1804,392.9,0.307753890752792
1805,393.1,1.76498174667358
1806,393.3,3.40519213676453
1807,393.4,2.4169716835022
1808,393.7,0.825480341911316
1809,393.9,0.741422712802887
1810,394.0,0.622369647026062
1811,394.2,2.88803744316101
1812,394.3,2.39444184303284
1813,394.4,3.42646384239197
1814,394.6,0.85475754737854
1815,394.8,0.171774938702583
1816,395.0,1.012122631073
1817,395.2,2.67795062065125
1818,395.3,3.18515563011169
1819,395.5,0.819419026374817
1820,395.6,0.605100631713867
1821,395.9,0.630832552909851
1822,396.1,2.10510063171387
1823,396.2,1.79791855812073
1824,396.3,3.58508682250977
1825,396.5,1.07662391662598
1826,396.6,0.97323876619339
1827,396.8,0.137008234858513
1828,397.0,1.15736508369446
1829,397.2,2.89249777793884
1830,397.3,1.9160567522049
1831,397.4,1.9780421257019
1832,397.6,0.359217762947083
1833,397.8,0.723581910133362
1834,398.0,1.12820219993591
1835,398.2,2.4281792640686
1836,398.4,2.81633114814758
1837,398.5,2.03442358970642
1838,398.8,2.74702644348145
1839,399.0,7.77081441879272
1840,399.2,12.8528137207031
1841,399.3,4.08886098861694
1842,399.4,2.55649590492249
1843,399.7,0.834858179092407
1844,399.9,2.03522419929504
1845,400.1,5.02069997787476
1846,400.3,6.05500936508179
1847,400.4,2.01669716835022
1848,400.5,2.23193049430847
1849,400.8,8.23844909667969
1850,400.9,15.3855218887329
1851,401.1,70.4786148071289
1852,401.2,31.8182754516602
1853,401.4,2.67337608337402
1854,401.7,1.4930237531662
1855,401.9,8.99233722686768
1856,402.1,19.8440074920654
1857,402.2,14.3767156600952
1858,402.4,3.29437327384949
1859,402.7,2.11985349655151
1860,402.9,7.40233325958252
1861,403.1,18.2349033355713
1862,403.2,7.93115282058716
1863,403.3,6.17394781112671
1864,403.5,0.839775860309601
1865,403.7,0.848924994468689
1866,403.9,2.27767610549927
1867,404.0,2.29174280166626
1868,404.2,6.73616170883179
1869,404.3,4.04734659194946
1870,404.5,0.602470278739929
1871,404.6,0.922461092472076
1872,404.9,1.93183898925781
1873,405.0,2.10898900032043
1874,405.1,13.4738101959229
1875,405.3,3.18446946144104
1876,405.5,1.11527907848358
1877,405.8,0.576509594917297
1878,406.0,1.38838064670563
1879,406.1,2.13906669616699
1880,406.2,4.46546220779419
1881,406.4,1.31358647346497
1882,406.5,1.20539796352386
1883,406.7,0.664455652236938
1884,407.0,1.51521039009094
1885,407.2,3.97118020057678
1886,407.3,2.95688462257385
1887,407.5,0.999656915664673
1888,407.8,0.30329367518425
1889,408.0,0.86790943145752
1890,408.2,2.44704937934875
1891,408.3,1.53247940540314
1892,408.4,1.95253884792328
1893,408.6,0.800091505050659
1894,408.9,0.482959747314453
1895,409.0,0.900503218173981
1896,409.3,2.27779054641724
1897,409.4,1.55866885185242
1898,409.6,0.298947840929031
1899,409.7,0.395128101110458
1900,409.9,0.116308324038982
1901,410.1,1.0844007730484
1902,410.3,2.77538895606995
1903,410.4,2.10784530639648
1904,410.6,0.786710858345032
1905,410.9,0.68744283914566
1906,411.0,0.296546190977097
1907,411.2,1.94590580463409
1908,411.4,1.8633348941803
1909,411.5,0.584972560405731
1910,411.6,0.583485841751099
1911,411.8,0.112534306943417
1912,412.0,0.576509594917297
1913,412.2,1.35178411006927
1914,412.3,0.938357710838318
1915,412.5,1.67509150505066
1916,412.7,0.668687105178833
1917,412.9,1.1231701374054
1918,413.1,2.72712707519531
1919,413.2,3.80912637710571
1920,413.4,1.5765095949173
1921,413.6,0.437900274991989
1922,413.9,0.58634489774704
1923,414.1,1.48707687854767
1924,414.2,1.30558097362518
1925,414.3,2.07170629501343
1926,414.5,1.26246571540833
1927,414.8,4.62637233734131
1928,414.9,9.59652328491211
1929,415.1,68.1022415161133
1930,415.2,52.6771507263184
1931,415.4,3.03259372711182
1932,415.5,1.22827076911926
1933,415.8,2.93732833862305
1934,415.9,3.85601544380188
1935,416.1,24.2009372711182
1936,416.2,13.0722780227661
1937,416.3,10.4404163360596
1938,416.5,0.816216826438904
1939,416.7,1.60876023769379
1940,416.9,5.8795747756958
1941,417.1,19.9581432342529
1942,417.2,11.4260063171387
1943,417.3,10.2384490966797
1944,417.5,1.27035677433014
1945,417.8,0.894213199615479
1946,418.0,2.96889305114746
1947,418.2,6.26875591278076
1948,418.3,3.98879241943359
1949,418.5,0.703453779220581
1950,418.7,0.823193073272705
1951,418.9,1.24542546272278
1952,419.0,1.73490393161774
1953,419.2,5.29403018951416
1954,419.3,2.95860028266907
1955,419.4,2.09526538848877
1956,419.6,0.41811528801918
1957,419.9,0.638609349727631
1958,420.1,1.49165141582489
1959,420.3,2.25468897819519
1960,420.4,1.28305125236511
1961,420.7,0.672461092472076
1962,420.9,0.779048502445221
1963,421.1,2.70070910453796
1964,421.3,3.68790030479431
1965,421.4,1.42451965808868
1966,421.6,0.432982623577118
1967,421.9,0.600640416145325
1968,422.1,1.35372829437256
1969,422.2,0.517840802669525
1970,422.4,2.16262578964233
1971,422.5,0.790370523929596
1972,422.7,0.258005499839783
1973,422.9,0.590004563331604
1974,423.0,0.434926807880402
1975,423.2,1.61516463756561
1976,423.4,1.18687105178833
1977,423.5,0.443618476390839
1978,423.7,0.40267613530159
1979,423.8,0.153133571147919
1980,424.0,0.413883805274963
1981,424.2,0.950937807559967
1982,424.3,0.774016439914703
1983,424.4,0.684354960918427
1984,424.6,0.299405306577682
1985,424.7,0.393069535493851
1986,424.9,0.209286361932755
1987,425.1,0.613677978515625
1988,425.3,1.11344921588898
1989,425.5,0.729871928691864
1990,425.6,0.271843552589417
1991,425.8,0.420745640993118
1992,425.9,0.155192136764526
1993,426.1,0.473124414682388
1994,426.3,1.12522876262665
1995,426.4,1.12019670009613
1996,426.6,0.203110709786415
1997,426.8,0.48810613155365
1998,427.0,0.766354084014893
1999,427.1,0.544830739498138
2000,427.3,1.3698536157608
2001,427.4,0.516354084014893
2002,427.5,0.746797800064087
2003,427.8,0.378087818622589
2004,428.0,0.535567224025726
2005,428.2,0.940645039081573
2006,428.3,1.03202199935913
2007,428.5,0.450137227773666
2008,428.7,1.26578223705292
2009,428.8,2.5037739276886
2010,429.0,29.876485824585
2011,429.1,48.0966377258301
2012,429.2,65.6567916870117
2013,429.4,4.73341703414917
2014,429.7,0.989249765872955
2015,429.9,5.22037982940674
2016,430.1,25.7916278839111
2017,430.2,26.1083030700684
2018,430.4,5.63529300689697
2019,430.7,0.981473028659821
2020,430.9,4.40393400192261
2021,431.0,7.45619869232178
2022,431.2,27.8213634490967
2023,431.3,8.50068664550781
2024,431.4,3.92017388343811
2025,431.7,0.640210449695587
2026,431.8,0.538311958312988
2027,432.0,3.49519681930542
2028,432.2,6.36607980728149
2029,432.3,4.4127402305603
2030,432.5,0.611619412899017
2031,432.7,0.744167447090149
2032,432.9,1.55580973625183
2033,433.0,1.73112988471985
2034,433.2,7.39958810806274
2035,433.3,4.25606107711792
2036,433.5,1.0056037902832
2037,433.8,0.518870055675507
2038,434.0,0.991193950176239
2039,434.1,1.03865504264832
2040,434.3,2.31598806381226
2041,434.4,1.19773554801941
2042,434.6,0.398330271244049
2043,434.9,0.436756640672684
2044,435.1,1.09812438488007
2045,435.2,1.99805581569672
2046,435.4,0.953453779220581
2047,435.7,0.438129007816315
2048,435.8,0.242108881473541
2049,436.0,0.41903018951416
2050,436.2,1.08611619472504
2051,436.4,0.923719108104706
2052,436.5,0.383577316999435
2053,436.6,0.454254359006882
2054,436.9,0.26189386844635
2055,437.1,0.627630352973938
2056,437.3,0.987419962882996
2057,437.4,0.719464778900146
2058,437.7,0.333257079124451
2059,437.8,0.170288190245628
2060,438.0,0.343892961740494
2061,438.2,0.597095131874084
2062,438.3,0.949794173240662
2063,438.5,0.497827082872391
2064,438.8,0.247827082872391
2065,439.0,0.461916744709015
2066,439.1,0.547804236412048
2067,439.4,0.46042999625206
2068,439.6,0.47884264588356
2069,439.7,0.0833714529871941
2070,439.9,0.392497718334198
2071,440.0,0.147301003336906
2072,440.2,0.526303768157959
2073,440.4,0.697735607624054
2074,440.5,0.287625789642334
2075,440.7,0.335887461900711
2076,440.8,0.248627632856369
2077,441.0,0.264981687068939
2078,441.2,0.811299204826355
2079,441.4,0.576280891895294
2080,441.5,0.31335774064064
2081,441.6,0.494967967271805
2082,441.8,0.265553534030914
2083,442.1,0.473238795995712
2084,442.3,0.473696261644363
2085,442.4,0.607845366001129
2086,442.7,0.324908494949341
2087,442.9,0.344579130411148
2088,443.1,0.836688041687012
2089,443.3,1.02996337413788
2090,443.4,0.612991750240326
2091,443.7,0.27115735411644
2092,443.9,0.233989015221596
2093,444.1,0.6487877368927
2094,444.3,0.750914931297302
2095,444.4,0.251486748456955
2096,444.5,0.473581880331039
2097,444.8,0.82262122631073
2098,445.0,1.91811525821686
2099,445.2,2.38677954673767
2100,445.3,0.889181137084961
2101,445.4,0.865279018878937
2102,445.6,0.0686184838414192
2103,445.7,0.354071348905563
2104,446.0,0.607616662979126
2105,446.1,0.501944184303284
2106,446.3,1.02012813091278
2107,446.4,0.458714544773102
2108,446.5,0.418915838003159
2109,446.7,0.145356819033623
2110,446.9,0.65896612405777
2111,447.1,1.46523332595825
2112,447.2,0.902218639850616
2113,447.3,1.1795517206192
2114,447.6,0.678522408008575
2115,447.8,0.454597443342209
2116,448.0,0.91731470823288
2117,448.2,1.45779967308044
2118,448.4,0.971523344516754
2119,448.5,0.439844459295273
2120,448.7,0.27115735411644
2121,448.9,0.302035689353943
2122,449.1,0.787282705307007
2123,449.2,0.991079568862915
2124,449.5,0.662054002285004
2125,449.7,0.282021969556808
2126,449.9,0.184011891484261
2127,450.1,0.429094225168228
2128,450.3,0.529162883758545
2129,450.4,0.207913994789124
2130,450.6,0.356930464506149
2131,450.8,0.301349490880966
2132,450.9,0.131404384970665
2133,451.1,0.540713608264923
2134,451.2,0.491308331489563
2135,451.3,0.774931371212006
2136,451.5,0.358760297298431
2137,451.7,0.0718206763267517
2138,451.9,0.300434589385986
2139,452.1,0.502287268638611
2140,452.3,0.646843552589417
2141,452.4,0.49256631731987
2142,452.6,0.244624882936478
2143,452.7,0.413197606801987
2144,452.9,0.386550784111023
2145,453.2,0.225182980298996
2146,453.3,0.314158290624619
2147,453.5,0.443275392055511
2148,453.6,0.159537971019745
2149,453.8,0.209400728344917
2150,453.9,0.0980100631713867
2151,454.1,0.317703574895859
2152,454.2,0.601097881793976
2153,454.5,0.370311081409454
2154,454.6,0.0928636789321899
2155,454.8,0.309354990720749
2156,455.0,0.366308331489563
2157,455.2,0.289226889610291
2158,455.4,0.271729171276093
2159,455.6,0.346866428852081
2160,455.8,0.304666042327881
2161,455.9,0.104071363806725
2162,456.1,0.281678855419159
2163,456.2,0.0855443701148033
2164,456.4,0.458028376102448
2165,456.6,0.259377866983414
2166,456.8,0.393641352653503
2167,456.9,0.171889290213585
2168,457.1,0.572049379348755
2169,457.2,0.249428182840347
2170,457.4,0.418687105178833
2171,457.5,0.18572735786438
2172,457.7,0.0219579134136438
2173,457.9,0.302493125200272
2174,458.1,0.189387008547783
2175,458.3,0.354871898889542
2176,458.4,0.41811528801918
2177,458.7,0.799862742424011
2178,458.9,1.42932295799255
2179,459.1,2.92188930511475
2180,459.2,2.14615726470947
2181,459.4,0.637694418430328
2182,459.7,0.44190302491188
2183,459.9,0.708714544773102
2184,460.1,1.65462028980255
2185,460.2,1.08611619472504
2186,460.5,0.515096068382263
2187,460.7,1.64924514293671
2188,460.9,5.74153709411621
2189,461.1,12.6572504043579
2190,461.2,4.99817037582397
2191,461.3,3.65816569328308
2192,461.5,0.512580037117004
2193,461.6,0.607273578643799
2194,461.8,0.507776737213135
2195,462.0,2.81392955780029
2196,462.1,3.82525157928467
2197,462.3,1.98707687854767
2198,462.5,0.199222326278687
2199,462.6,0.49519670009613
2200,462.8,0.880146384239197
2201,463.0,2.48330283164978
2202,463.2,2.82170629501343
2203,463.3,0.899473905563354
2204,463.4,0.925205826759338
2205,463.6,0.178522408008575
2206,463.8,0.200480327010155
2207,464.0,0.707342147827148
2208,464.1,0.765667915344238
2209,464.4,0.748856365680695
2210,464.6,0.209400728344917
2211,464.8,0.429551690816879
2212,465.0,0.571363210678101
2213,465.2,0.676806926727295
2214,465.4,0.667086005210876
2215,465.5,0.262351334095001
2216,465.8,0.246111616492271
2217,465.9,0.213975295424461
2218,466.2,0.355786830186844
2219,466.4,0.570677042007446
2220,466.6,0.300320208072662
2221,466.8,0.246340349316597
2222,467.0,0.308554440736771
2223,467.1,0.139181151986122
2224,467.2,0.689043939113617
2225,467.4,0.183897525072098
2226,467.6,0.337259829044342
2227,467.8,0.328339427709579
2228,468.1,0.364707231521606
2229,468.3,0.450823426246643
2230,468.5,0.243138149380684
2231,468.6,0.170745655894279
2232,468.9,0.248627632856369
2233,469.0,0.169830739498138
2234,469.3,0.381175667047501
2235,469.5,0.258462935686111
2236,469.7,0.157021954655647
2237,469.8,0.110590122640133
2238,470.0,0.233188465237617
2239,470.2,0.422118037939072
2240,470.3,0.194190308451653
2241,470.5,0.283737421035767
2242,470.7,0.283966153860092
2243,470.8,0.205283626914024
2244,471.0,0.103728272020817
2245,471.2,0.288998156785965
2246,471.4,0.137694418430328
2247,471.6,0.401303738355637
2248,471.7,0.113334856927395
2249,471.9,0.229871913790703
2250,472.0,0.074908509850502
2251,472.1,0.227927714586258
2252,472.3,0.0858874693512917
2253,472.5,0.251143634319305
2254,472.7,0.310384273529053
2255,472.8,0.304894775152206
2256,473.0,1.79608869552612
2257,473.1,1.44430470466614
2258,473.2,1.83360016345978
2259,473.4,0.606816112995148
2260,473.7,0.24691216647625
2261,473.8,0.68218207359314
2262,474.0,0.658165574073792
2263,474.2,1.68790030479431
2264,474.3,0.502516031265259
2265,474.4,0.780077755451202
2266,474.7,0.931152760982513
2267,474.8,1.52584624290466
2268,475.0,12.5307636260986
2269,475.2,26.7264404296875
2270,475.3,11.22975730896
2271,475.5,1.04380142688751
2272,475.8,1.22518301010132
2273,476.0,5.14055347442627
2274,476.2,8.88197612762451
2275,476.3,2.92406225204468
2276,476.4,1.95036602020264
2277,476.7,0.730215013027191
2278,476.9,1.9813586473465
2279,477.1,5.00343084335327
2280,477.3,4.72952890396118
2281,477.4,1.04220032691956
2282,477.6,0.38243368268013
2283,477.8,0.51006406545639
2284,478.0,0.938586473464966
2285,478.1,0.582342147827148
2286,478.2,1.34034764766693
2287,478.4,0.606358647346497
2288,478.7,0.239821597933769
2289,478.8,0.196935042738914
2290,479.0,0.718092381954193
2291,479.2,2.26006412506104
2292,479.3,0.672461092472076
2293,479.5,0.523673355579376
2294,479.7,0.429780423641205
2295,479.8,0.0944647789001465
2296,480.0,0.292429089546204
2297,480.2,0.962945997714996
2298,480.3,0.793915808200836
2299,480.5,0.149931386113167
2300,480.7,0.207685276865959
2301,480.9,0.481244295835495
2302,481.0,0.397529721260071
2303,481.2,0.731816112995148
2304,481.3,0.281450122594833
2305,481.4,0.381404399871826
2306,481.7,0.133462950587273
2307,481.9,0.220722779631615
2308,482.1,0.4348124563694
2309,482.3,0.466148227453232
2310,482.5,0.391811519861221
2311,482.6,0.233760297298431
2312,482.8,0.095150962471962
2313,483.0,0.152218669652939
2314,483.2,0.30500915646553
2315,483.3,0.158394321799278
2316,483.5,0.29311528801918
2317,483.6,0.0568389743566513
2318,483.8,0.221866428852081
2319,484.0,0.259835302829742
2320,484.2,0.260864585638046
2321,484.4,0.290713638067245
2322,484.5,0.236505031585693
2323,484.7,0.137694418430328
2324,484.9,0.35475754737854
2325,485.0,0.156450137495995
2326,485.3,0.218664228916168
2327,485.5,0.228270813822746
2328,485.6,0.241308331489563
2329,485.8,0.14569990336895
2330,486.0,0.16022415459156
2331,486.2,0.251029282808304
2332,486.3,0.168229639530182
2333,486.5,0.339089661836624
2334,486.6,0.198193043470383
2335,486.9,0.380489468574524
2336,487.0,0.199336692690849
2337,487.1,0.564730107784271
2338,487.3,0.270699918270111
2339,487.4,0.400846302509308
2340,487.6,0.333142727613449
2341,487.8,0.150846287608147
2342,488.0,0.476784080266953
2343,488.2,0.463289111852646
2344,488.3,0.423719108104706
2345,488.6,0.46694877743721
2346,488.8,1.50331652164459
2347,489.0,10.7137470245361
2348,489.2,29.3303985595703
2349,489.3,13.9511661529541
2350,489.5,1.24542546272278
2351,489.7,0.279048502445221
2352,489.9,2.04608869552612
2353,490.0,3.08234214782715
2354,490.1,10.590690612793
2355,490.3,6.13918113708496
2356,490.5,0.423032939434052
2357,490.6,0.514524221420288
2358,490.9,1.48947846889496
2359,491.1,6.88929557800293
2360,491.3,7.33188486099243
2361,491.4,2.10773110389709
2362,491.6,0.173604756593704
2363,491.8,0.240850865840912
2364,492.0,1.07971179485321
2365,492.2,1.59103381633759
2366,492.3,1.12179780006409
2367,492.5,0.2262122631073
2368,492.6,0.323764860630035
2369,492.9,0.679894804954529
2370,493.1,1.31564497947693
2371,493.2,1.49165141582489
2372,493.4,0.668344020843506
2373,493.6,0.298604756593704
2374,493.8,0.0759377852082253
2375,494.0,0.345150947570801
2376,494.1,0.241880148649216
2377,494.3,0.856244266033173
2378,494.4,0.173147305846214
2379,494.6,0.213746562600136
2380,494.7,0.0617566332221031
2381,494.9,0.420974373817444
2382,495.1,0.671203136444092
2383,495.3,0.678979873657227
2384,495.4,0.470379680395126
2385,495.6,0.211916744709015
2386,495.9,0.181724607944489
2387,496.1,0.24473924934864
2388,496.2,0.138838067650795
2389,496.4,0.400846302509308
2390,496.5,0.255489468574524
2391,496.7,0.28476670384407
2392,496.9,0.163769438862801
2393,497.1,0.390667885541916
2394,497.3,0.580626726150513
2395,497.4,0.0690759345889091
2396,497.6,0.134263500571251
2397,497.7,0.0193275380879641
2398,497.9,0.207342177629471
2399,498.0,0.0911482125520706
2400,498.2,0.197392493486404
2401,498.3,0.125686183571815
2402,498.4,0.208943277597427
2403,498.6,0.161596521735191
2404,498.8,0.0664455592632294
2405,499.0,0.157936871051788
2406,499.2,0.15050320327282
2407,499.3,0.0765096098184586
2408,499.5,0.219807863235474
2409,499.7,0.183440074324608
2410,499.9,0.143984451889992
2411,500.0,0.0688472092151642
2412,500.1,0.149702653288841
2413,500.3,0.103499539196491
2414,500.4,0.143298268318176
2415,500.7,0.294716387987137
2416,500.8,0.260178416967392
2417,501.1,0.49645471572876
2418,501.2,0.3512122631073
2419,501.4,0.518755733966827
2420,501.5,0.289455622434616
2421,501.7,0.288197606801987
2422,501.9,0.045860018581152
2423,502.1,0.481930464506149
2424,502.3,0.494739264249802
2425,502.5,0.239478498697281
2426,502.7,0.364135414361954
2427,502.9,2.02676129341125
2428,503.1,9.00034332275391
2429,503.2,5.897301197052
2430,503.3,5.17795038223267
2431,503.5,0.511550784111023
2432,503.7,0.301806956529617
2433,503.9,1.07010519504547
2434,504.1,2.7401647567749
2435,504.3,4.05466604232788
2436,504.4,1.19876492023468
2437,504.5,0.555009126663208
2438,504.7,0.0948078706860542
2439,504.9,1.00800549983978
2440,505.0,1.02859103679657
2441,505.1,2.30775380134583
2442,505.3,1.86676573753357
2443,505.5,0.201623976230621
2444,505.7,0.260407149791718
2445,505.9,0.47266697883606
2446,506.2,0.665141820907593
2447,506.3,0.565873742103577
2448,506.5,0.189844459295273
2449,506.7,0.266468435525894
2450,507.0,1.07021963596344
2451,507.2,2.12637233734131
2452,507.3,1.02058553695679
2453,507.5,0.380946934223175
2454,507.7,0.112076856195927
2455,507.9,0.399359554052353
2456,508.0,0.36219123005867
2457,508.2,0.818504095077515
2458,508.3,0.337831646203995
2459,508.4,0.422232389450073
2460,508.6,0.0768527016043663
2461,508.8,0.27115735411644
2462,509.0,0.491422683000565
2463,509.1,0.166056722402573
2464,509.2,0.452081441879272
2465,509.5,0.316559940576553
2466,509.7,0.157708138227463
2467,509.8,0.256061285734177
2468,510.0,0.0633577331900597
2469,510.2,0.206198543310165
2470,510.3,0.099954254925251
2471,510.4,0.138494968414307
2472,510.6,0.148902103304863
2473,510.8,0.0422003641724586
2474,511.0,0.293000906705856
2475,511.2,0.334400743246078
2476,511.4,0.219693496823311
2477,511.5,0.0418572723865509
2478,511.7,0.213517844676971
2479,511.8,0.138151869177818
2480,512.0,0.078568160533905
2481,512.2,0.295974373817444
2482,512.3,0.183440074324608
2483,512.4,0.268527001142502
2484,512.6,0.0932067707180977
2485,512.9,0.229528814554214
2486,513.0,0.4225754737854
2487,513.2,0.312785923480988
2488,513.4,0.23547574877739
2489,513.7,0.135521501302719
2490,513.8,0.0669030174612999
2491,513.9,0.262008219957352
2492,514.2,0.216491311788559
2493,514.3,0.10212717205286
2494,514.4,0.337602913379669
2495,514.6,0.209172010421753
2496,514.8,0.0174977127462626
2497,514.9,0.178979873657227
2498,515.2,0.252058565616608
2499,515.3,0.0753659680485725
2500,515.5,0.21306037902832
2501,515.6,0.114592865109444
2502,515.8,0.0379688926041126
2503,516.0,0.192017376422882
2504,516.2,0.273902118206024
2505,516.4,0.178064957261086
2506,516.5,0.0784537941217422
2507,516.7,0.15667887032032
2508,516.8,0.0615279041230679
2509,517.0,0.267726451158524
2510,517.1,0.363334864377975
2511,517.4,0.240965232253075
2512,517.5,0.412053972482681
2513,517.7,0.0172689836472273
2514,517.8,0.254002749919891
2515,518.0,0.134949684143066
2516,518.1,0.276875585317612
2517,518.3,0.168115273118019
2518,518.5,0.109903931617737
2519,518.6,0.243824332952499
2520,518.9,0.436184823513031
2521,519.1,0.722552597522736
2522,519.2,0.780535221099854
2523,519.4,0.152104303240776
2524,519.6,0.224839895963669
2525,519.7,0.154849037528038
2526,519.9,0.375343084335327
2527,520.1,0.366880148649216
2528,520.2,0.237877398729324
2529,520.4,0.198536142706871
2530,520.6,0.222209513187408
2531,520.9,0.563700795173645
2532,521.1,1.11276304721832
2533,521.2,0.401989936828613
2534,521.4,0.615850865840912
2535,521.6,0.264181166887283
2536,521.8,0.27470263838768
2537,522.0,0.452653259038925
2538,522.1,0.22930009663105
2539,522.3,0.563129007816315
2540,522.5,0.345951497554779
2541,522.7,0.184240624308586
2542,522.8,0.138494968414307
2543,523.1,0.336916744709015
2544,523.3,0.487877398729324
2545,523.4,0.345722794532776
2546,523.6,0.0368252508342266
2547,523.8,0.153476670384407
2548,523.9,0.139409884810448
2549,524.1,0.267154633998871
2550,524.3,0.191674292087555
2551,524.4,0.0722781345248222
2552,524.6,0.0442589186131954
2553,524.7,0.0554666072130203
2554,524.9,0.203682526946068
2555,525.1,0.367795050144196
2556,525.3,0.23330283164978
2557,525.4,0.198536142706871
2558,525.6,0.0388838052749634
2559,525.8,0.117108874022961
2560,525.9,0.0236733760684729
2561,526.0,0.204711809754372
2562,526.2,0.22495424747467
2563,526.5,0.166056722402573
2564,526.7,0.175091490149498
2565,526.8,0.158851787447929
2566,526.9,0.280306488275528
2567,527.1,0.106473013758659
2568,527.3,0.253430932760239
2569,527.5,0.146043002605438
2570,527.6,0.164455622434616
2571,527.9,0.31164225935936
2572,528.1,0.340118944644928
2573,528.2,0.18927264213562
2574,528.5,0.282593786716461
2575,528.6,0.0617566332221031
2576,528.8,0.079711802303791
2577,528.9,0.0741079598665237
2578,529.0,0.328796893358231
2579,529.2,0.105215005576611
2580,529.3,0.305580973625183
2581,529.6,0.169144555926323
2582,529.8,0.168229639530182
2583,530.0,0.199107959866524
2584,530.2,0.268984436988831
2585,530.4,0.245997250080109
2586,530.5,0.0216148216277361
2587,530.6,0.112305581569672
2588,530.9,0.278247952461243
2589,531.0,0.144556269049644
2590,531.2,0.188357725739479
2591,531.3,0.108531564474106
2592,531.5,0.326738327741623
2593,531.7,0.126715466380119
2594,531.9,0.240850865840912
2595,532.1,0.144441902637482
2596,532.3,0.231129914522171
2597,532.4,0.100526072084904
2598,532.6,0.273101568222046
2599,532.8,0.223124429583549
2600,532.9,0.245654165744781
2601,533.0,0.961459279060364
2602,533.3,0.910795986652374
2603,533.4,0.497598350048065
2604,533.6,0.298719108104706
2605,533.9,0.29528820514679
2606,534.0,0.105443730950356
2607,534.1,0.583714544773102
2608,534.3,0.418915838003159
2609,534.5,0.294830739498138
2610,534.8,0.914569973945618
2611,534.9,1.7033394575119
2612,535.1,4.70665597915649
2613,535.2,2.71694874763489
2614,535.3,2.83817481994629
2615,535.5,0.489935964345932
2616,535.7,0.205741077661514
2617,535.9,0.854643166065216
2618,536.0,0.66548490524292
2619,536.2,2.32868242263794
2620,536.3,1.30866885185242
2621,536.6,0.303408056497574
2622,536.8,0.518526971340179
2623,536.9,0.580397963523865
2624,537.1,1.2793915271759
2625,537.3,0.948536157608032
2626,537.4,0.353385180234909
2627,537.7,0.11047575622797
2628,537.9,0.323764860630035
2629,538.1,0.596752047538757
2630,538.3,0.468321144580841
2631,538.4,0.501601099967957
2632,538.8,0.390667885541916
2633,538.9,0.585315644741058
2634,539.2,0.534652352333069
2635,539.3,0.197278127074242
2636,539.4,0.263037502765656
2637,539.7,0.219007313251495
2638,539.8,0.155649587512016
2639,540.1,0.135178402066231
2640,540.3,0.353613913059235
2641,540.4,0.121683441102505
2642,540.6,0.145356819033623
2643,540.8,0.179780423641205
2644,541.1,0.20997254550457
2645,541.2,0.299977123737335
2646,541.5,0.15233302116394
2647,541.6,0.145013719797134
2648,541.8,0.0441445559263229
2649,541.9,0.18881519138813
2650,542.2,0.31427264213562
2651,542.3,0.0752516016364098
2652,542.5,0.0856587365269661
2653,542.6,0.0981244295835495
2654,542.8,0.240736499428749
2655,543.1,0.253659665584564
2656,543.3,0.127859100699425
2657,543.4,0.0193275380879641
2658,543.6,0.153362303972244
2659,543.8,0.209858193993568
2660,544.0,0.176235139369965
2661,544.2,0.190873742103577
2662,544.4,0.313243359327316
2663,544.5,0.168687105178833
2664,544.7,0.178179323673248
2665,545.0,0.148902103304863
2666,545.2,0.173032939434052
2667,545.4,0.308211356401443
2668,545.6,0.233417198061943
2669,545.7,0.0356816090643406
2670,545.8,0.191559925675392
2671,546.1,0.071248859167099
2672,546.2,0.260292768478394
2673,546.4,0.0355672463774681
2674,546.5,0.114707231521606
2675,546.8,0.244853615760803
2676,547.0,0.342063128948212
2677,547.1,0.21832112967968
2678,547.2,0.711001813411713
2679,547.4,0.26452425122261
2680,547.6,0.102927722036839
2681,547.8,0.17211802303791
2682,548.0,0.185956090688705
2683,548.1,0.0669030174612999
2684,548.2,0.364821583032608
2685,548.4,0.193961575627327
2686,548.7,0.311299175024033
2687,548.9,1.71214544773102
2688,549.1,8.26761245727539
2689,549.2,11.8986730575562
2690,549.4,3.2998628616333
2691,549.6,0.624542534351349
2692,549.9,0.90359103679657
