#"+ Scan (rt: 0.088-65.997 min, 11533 scans) 281021_SP_20H.D "
#Point,X(Thompsons),Y(Counts)
0,50.1,4736.4853515625
1,50.2,1332.84680175781
2,50.4,0.137084886431694
3,50.5,0.0749154612421989
4,50.9,0.557443857192993
5,51.1,7123.17431640625
6,51.2,3282.29809570313
7,51.7,0.030174283310771
8,52.0,16.1564197540283
9,52.1,9407.1064453125
10,52.3,3.42200636863708
11,52.6,0.017601665109396
12,52.9,0.625769555568695
13,53.1,6638.265625
14,53.2,6920.8232421875
15,53.4,0.0419665314257145
16,53.8,0.0169080030173063
17,54.0,4.72504997253418
18,54.2,16881.259765625
19,54.3,1.79172813892365
20,54.5,0.0374577306210995
21,55.0,2.18945622444153
22,55.2,28337.51171875
23,55.3,0.945547580718994
24,55.6,0.0131795713678002
25,55.9,0.308419317007065
26,56.1,4765.72998046875
27,56.2,14166.2373046875
28,56.4,0.177057147026062
29,56.9,0.302523195743561
30,57.1,1588.29431152344
31,57.2,13057.6328125
32,57.4,7.24070072174072
33,57.5,4.72999238967896
34,57.8,2.3878436088562
35,58.0,36.8324813842773
36,58.2,6310.7109375
37,58.3,89.0658111572266
38,58.6,170.670776367188
39,58.7,75.4617156982422
40,59.0,124.42903137207
41,59.1,3546.49682617188
42,59.2,4143.47265625
43,59.4,0.359836995601654
44,59.7,0.0592213645577431
45,59.9,1.42122602462769
46,60.1,4597.92724609375
47,60.2,914.216918945313
48,60.4,0.0292204972356558
49,60.6,0.0132662793621421
50,60.9,1.84696090221405
51,61.1,2226.5419921875
52,61.2,538.718566894531
53,61.4,0.0147403106093407
54,61.5,0.0790774300694466
55,61.8,0.728344738483429
56,62.0,108.63452911377
57,62.1,2549.61303710938
58,62.3,6.75314331054688
59,62.5,0.0568802580237389
60,62.7,0.0302609894424677
61,62.9,0.770571410655975
62,63.1,4913.85888671875
63,63.2,1234.81005859375
64,63.4,0.0323419757187366
65,63.5,0.0616491809487343
66,63.8,0.412641972303391
67,64.0,153.958984375
68,64.1,5889.18212890625
69,64.3,11.0847129821777
70,64.5,0.0157808028161526
71,64.7,0.0150871416553855
72,64.9,0.339027136564255
73,65.1,6460.4375
74,65.2,3825.23999023438
75,65.4,0.105870112776756
76,65.6,0.0683256760239601
77,65.8,1.70155203342438
78,66.0,49.5686302185059
79,66.1,7713.95458984375
80,66.3,3.60469961166382
81,66.5,0.0365906544029713
82,66.8,0.0684123784303665
83,67.0,7.73146629333496
84,67.2,13948.4453125
85,67.3,2.10283541679382
86,67.4,0.0970259234309196
87,67.8,0.124425560235977
88,67.9,0.356802225112915
89,68.1,6019.419921875
90,68.2,9896.0634765625
91,68.4,0.0677187219262123
92,68.6,0.048729732632637
93,68.8,0.0765629038214684
94,69.0,2.99280333518982
95,69.2,18214.244140625
96,69.3,2.87826228141785
97,69.5,0.0649440735578537
98,69.8,0.0287869591265917
99,70.0,6.47524499893188
100,70.2,17331.369140625
101,70.3,7.8644757270813
102,70.5,0.0166478808969259
103,70.7,0.0733547210693359
104,70.9,0.246856838464737
105,71.1,1720.39221191406
106,71.2,6183.93603515625
107,71.4,0.15139165520668
108,71.5,0.0642504096031189
109,71.8,2.34284234046936
110,72.0,39.8574523925781
111,72.2,5779.6201171875
112,72.3,30.7573051452637
113,72.5,1.53689408302307
114,72.7,0.384722113609314
115,72.9,2.31847739219666
116,73.1,7417.47607421875
117,73.2,2920.29858398438
118,73.4,0.0350299142301083
119,73.8,0.0267059747129679
120,74.0,96.8197326660156
121,74.1,3455.35327148438
122,74.3,2.85918664932251
123,74.8,0.0738749653100967
124,75.0,77.0084991455078
125,75.1,3706.80493164063
126,75.3,1.55848431587219
127,75.5,0.0241914503276348
128,75.8,0.301309287548065
129,75.9,3.43475246429443
130,76.1,2304.73388671875
131,76.2,852.98046875
132,76.4,0.305731385946274
133,76.7,0.019075695425272
134,76.9,0.622821450233459
135,77.1,9681.01953125
136,77.2,2937.00048828125
137,77.4,0.0257521886378527
138,77.8,0.0263591427356005
139,78.0,21.6651344299316
140,78.1,8099.64013671875
141,78.3,1.25830221176147
142,78.9,0.552328109741211
143,79.1,7547.98291015625
144,79.2,4205.7138671875
145,79.4,0.0484696105122566
146,79.8,0.089829184114933
147,80.0,18.0689334869385
148,80.2,11437.9853515625
149,80.3,4.88649940490723
150,80.9,0.548859775066376
151,81.1,7532.61083984375
152,81.2,6564.36474609375
153,81.4,0.0358102843165398
154,81.8,0.191884160041809
155,82.0,19.768404006958
156,82.2,13403.9111328125
157,82.3,5.21832990646362
158,82.4,0.245989769697189
159,82.7,0.0636434555053711
160,82.9,0.536547303199768
161,83.1,4154.4873046875
162,83.2,7785.28662109375
163,83.4,0.20905227959156
164,83.7,0.0790774300694466
165,83.9,0.71906703710556
166,84.1,10524.830078125
167,84.2,7472.16357421875
168,84.4,0.090002603828907
169,84.6,0.0169947110116482
170,84.8,0.188762679696083
171,85.0,19.669469833374
172,85.1,3803.47631835938
173,85.2,4329.16650390625
174,85.5,0.0348564982414246
175,85.6,0.0293939132243395
176,85.8,0.356802225112915
177,86.0,40.4174957275391
178,86.2,5365.77490234375
179,86.3,18.8701114654541
180,86.6,0.136044397950172
181,86.8,0.363652139902115
182,87.0,120.604095458984
183,87.1,2760.79638671875
184,87.3,8.42946338653564
185,87.6,0.330616503953934
186,87.8,4.1334433555603
187,88.0,182.168472290039
188,88.1,805.23291015625
189,88.2,443.016571044922
190,88.4,2.67094421386719
191,88.5,0.422526657581329
192,88.8,0.843666017055511
193,88.9,4.8006591796875
194,89.1,4500.42578125
195,89.2,1138.89123535156
196,89.4,0.485736578702927
197,89.7,0.430417060852051
198,89.9,12.6974763870239
199,90.1,3299.64721679688
200,90.2,1311.75854492188
201,90.4,1.04786264896393
202,91.0,9.70857524871826
203,91.2,25676.46875
204,91.3,1.50533246994019
205,91.5,0.0342495441436768
206,91.7,0.0921702906489372
207,91.9,2.24564290046692
208,92.1,4134.85205078125
209,92.2,6828.65087890625
210,92.3,5.2538800239563
211,92.5,0.0632966235280037
212,92.6,0.122864820063114
213,92.8,0.147142976522446
214,93.0,23.409086227417
215,93.2,8175.35546875
216,93.3,6.03936529159546
217,93.5,0.0387583449482918
218,93.8,0.165871843695641
219,94.0,28.5385417938232
220,94.1,9400.123046875
221,94.2,5627.697265625
222,94.4,0.16942685842514
223,94.7,0.0612156428396702
224,94.9,0.92560476064682
225,95.1,6316.5927734375
226,95.2,7297.56298828125
227,95.4,0.947368443012238
228,95.7,0.192751228809357
229,95.9,1.87800228595734
230,96.1,5929.49365234375
231,96.2,6803.3095703125
232,96.5,0.376658290624619
233,96.7,0.719673991203308
234,96.9,44.3805618286133
235,97.1,5180.96533203125
236,97.2,6208.20166015625
237,97.4,0.165698423981667
238,97.6,0.122691407799721
239,97.8,0.255701035261154
240,98.0,22.3407611846924
241,98.2,10739.89453125
242,98.3,8.16283702850342
243,98.5,0.0459550842642784
244,98.7,0.092777244746685
245,98.9,3.79580330848694
246,99.0,51.4803619384766
247,99.1,7079.7802734375
248,99.3,14.2761640548706
249,99.5,0.0769964456558228
250,99.7,0.489465028047562
251,99.9,9.3333911895752
252,100.0,89.1851196289063
253,100.1,9644.109375
254,100.3,13.1780109405518
255,100.5,0.209225699305534
256,100.7,0.32359316945076
257,100.9,7.62594318389893
258,101.1,2390.08251953125
259,101.2,730.656311035156
260,101.4,0.854591190814972
261,101.6,0.205150440335274
262,101.8,0.845400154590607
263,102.0,105.813835144043
264,102.1,2167.24975585938
265,102.2,888.677001953125
266,102.4,0.826497852802277
267,102.7,0.253273218870163
268,102.8,0.543657302856445
269,103.0,133.168304443359
270,103.1,4994.861328125
271,103.3,2.78357744216919
272,103.5,0.0447411760687828
273,103.7,0.165264889597893
274,103.9,4.25838899612427
275,104.1,3846.65112304688
276,104.2,2212.98046875
277,104.4,0.50810718536377
278,104.6,0.117835775017738
279,104.9,2.6921010017395
280,105.1,4704.29931640625
281,105.2,2837.00024414063
282,105.4,0.0640769973397255
283,105.6,0.105436570942402
284,105.8,0.306338340044022
285,106.0,44.5830230712891
286,106.1,3306.298828125
287,106.2,3480.95458984375
288,106.4,0.408653438091278
289,106.6,0.158588394522667
290,106.7,0.120610423386097
291,106.9,1.89985263347626
292,107.1,10603.0302734375
293,107.2,4637.54736328125
294,107.4,0.36512616276741
295,107.8,0.342842280864716
296,108.0,24.499002456665
297,108.2,12680.2666015625
298,108.3,12.5043783187866
299,108.5,0.24243475496769
300,108.8,0.339113861322403
301,109.0,26.99635887146
302,109.2,10990.7880859375
303,109.3,12.0818519592285
304,109.5,0.0511575490236282
305,109.7,0.124945804476738
306,109.9,1.94346654415131
307,110.1,5087.03076171875
308,110.2,4886.97314453125
309,110.3,13.0182085037231
310,110.5,0.182086184620857
311,110.8,0.401976943016052
312,111.0,34.4560813903809
313,111.1,4820.62939453125
314,111.2,4923.0390625
315,111.4,0.621867656707764
316,111.6,0.259949713945389
317,111.8,0.817306876182556
318,111.9,3.73658204078674
319,112.1,3833.15942382813
320,112.2,3291.21826171875
321,112.4,0.506026208400726
322,112.6,0.233417153358459
323,112.8,1.02653253078461
324,113.0,62.1543388366699
325,113.1,4843.71875
326,113.3,22.4396953582764
327,113.5,0.456169247627258
328,113.7,0.701725482940674
329,113.8,1.62091386318207
330,114.0,84.3349533081055
331,114.1,3816.59130859375
332,114.3,24.329662322998
333,114.4,2.22838807106018
334,114.6,0.18173936009407
335,114.8,1.2791987657547
336,114.9,4.1329231262207
337,115.1,4840.26025390625
338,115.2,2158.984375
339,115.4,0.364259093999863
340,115.7,0.220584407448769
341,115.9,5.12615966796875
342,116.1,3502.41772460938
343,116.2,1516.7470703125
344,116.4,0.697390079498291
345,116.6,0.0367640666663647
346,116.8,0.677100479602814
347,117.0,39.7664947509766
348,117.1,12939.2998046875
349,117.3,4.23098945617676
350,117.6,0.1907569617033
351,117.8,0.982745170593262
352,118.0,57.2165946960449
353,118.1,3447.44653320313
354,118.2,2315.98706054688
355,118.4,0.712303817272186
356,118.6,0.0663313940167427
357,118.8,0.922830164432526
358,119.0,73.7188034057617
359,119.1,6461.7041015625
360,119.3,5.03797817230225
361,119.5,0.151651784777641
362,119.7,0.360270529985428
363,119.8,0.634440302848816
364,120.0,40.587963104248
365,120.1,3687.39990234375
366,120.2,3613.58813476563
367,120.4,0.356108546257019
368,120.6,0.200208097696304
369,120.8,0.769964456558228
370,121.0,38.6972160339355
371,121.2,8101.99609375
372,121.3,6.63036489486694
373,121.5,0.131969138979912
374,121.7,0.276944428682327
375,121.9,3.42720890045166
376,122.1,2795.00268554688
377,122.2,5008.6181640625
378,122.4,0.649527430534363
379,122.7,0.138992458581924
380,122.9,2.76259422302246
381,123.1,3363.484375
382,123.2,5578.2060546875
383,123.4,0.415243208408356
384,123.6,0.0309546515345573
385,123.8,0.474377870559692
386,123.9,1.59559524059296
387,124.1,3117.19970703125
388,124.2,5684.20458984375
389,124.4,0.83551549911499
390,124.5,0.288910090923309
391,124.7,0.0608688108623028
392,124.9,3.36954832077026
393,125.0,48.1114196777344
394,125.2,9213.642578125
395,125.3,19.5697555541992
396,125.6,0.629497945308685
397,125.8,2.49588131904602
398,125.9,8.48608303070068
399,126.1,2959.38891601563
400,126.2,2553.94604492188
401,126.4,1.40787303447723
402,126.6,0.322292566299438
403,126.8,1.71759295463562
404,126.9,9.27260875701904
405,127.1,2490.72998046875
406,127.2,1728.78918457031
407,127.4,1.23809933662415
408,127.7,0.352120012044907
409,127.9,6.66357421875
410,128.1,3332.25219726563
411,128.2,2157.42724609375
412,128.4,1.21486175060272
413,128.6,0.109078295528889
414,128.8,0.963582754135132
415,129.0,34.5113143920898
416,129.2,6180.14892578125
417,129.3,8.38576221466064
418,129.5,0.296713769435883
419,129.8,0.92534464597702
420,130.0,37.1966514587402
421,130.2,8750.8330078125
422,130.3,6.95283079147339
423,130.5,0.180698856711388
424,130.7,0.294546097517014
425,130.9,4.01682138442993
426,131.1,4026.87963867188
427,131.2,3788.89721679688
428,131.4,0.756091237068176
429,131.6,0.215121820569038
430,131.8,0.847827970981598
431,131.9,2.90436148643494
432,132.1,3016.42553710938
433,132.2,2712.21215820313
434,132.3,13.4681348800659
435,132.6,0.296800494194031
436,132.8,0.812711358070374
437,133.0,81.2565689086914
438,133.1,5566.66650390625
439,133.2,2820.68017578125
440,133.4,0.394520074129105
441,133.7,0.471863359212875
442,133.9,9.9937572479248
443,134.1,2807.0244140625
444,134.2,3159.96606445313
445,134.4,0.497008591890335
446,134.5,0.417237490415573
447,134.8,1.10907828807831
448,135.0,22.9695663452148
449,135.2,9260.2958984375
450,135.3,9.92335033416748
451,135.5,0.0950316488742828
452,135.7,0.28613543510437
453,135.9,2.42217993736267
454,136.1,2357.28662109375
455,136.2,3989.08666992188
456,136.3,20.154167175293
457,136.5,0.306164920330048
458,136.8,1.34249544143677
459,137.0,48.7527961730957
460,137.2,8484.4765625
461,137.3,8.31821727752686
462,137.4,0.605653345584869
463,137.6,0.0388450548052788
464,137.8,0.515130519866943
465,138.0,32.7073631286621
466,138.2,8568.017578125
467,138.3,24.9878616333008
468,138.6,0.471082985401154
469,138.7,0.0991936177015305
470,138.9,6.23939990997314
471,139.0,42.5355949401855
472,139.2,6208.140625
473,139.3,18.7297325134277
474,139.4,0.695482552051544
475,139.6,0.114974424242973
476,139.8,0.929159820079803
477,140.0,55.9601135253906
478,140.1,2158.79565429688
479,140.2,2707.22729492188
480,140.4,1.98760080337524
481,140.7,0.612936794757843
482,140.9,7.33972072601318
483,141.1,1549.71997070313
484,141.2,2294.79931640625
485,141.4,1.84696090221405
486,141.6,0.672765135765076
487,141.7,0.640683233737946
488,141.9,11.273736000061
489,142.1,2218.93896484375
490,142.2,1320.912109375
491,142.4,1.52406144142151
492,142.6,0.0570536702871323
493,142.8,0.749067902565002
494,143.0,44.2587356567383
495,143.2,4418.9091796875
496,143.3,13.4565162658691
497,143.5,0.43752709031105
498,143.8,0.969478905200958
499,144.0,40.6907997131348
500,144.2,4252.53466796875
501,144.3,15.3729295730591
502,144.6,0.436833441257477
503,144.7,0.134657070040703
504,144.9,4.08167886734009
505,145.1,2524.75024414063
506,145.2,2916.74072265625
507,145.3,9.84964847564697
508,145.5,0.168039545416832
509,145.7,0.340587884187698
510,145.9,3.71152353286743
511,146.1,2402.38110351563
512,146.2,3155.50439453125
513,146.4,1.14861702919006
514,146.6,0.148443594574928
515,146.8,1.78522503376007
516,147.0,31.1353511810303
517,147.1,7587.9775390625
518,147.3,9.79415607452393
519,147.6,0.244775861501694
520,147.8,0.964970111846924
521,148.0,31.8714122772217
522,148.2,5495.93896484375
523,148.3,14.4865169525146
524,148.6,0.200381517410278
525,148.8,1.83716297149658
526,149.0,45.4050102233887
527,149.1,3710.51147460938
528,149.2,3468.3798828125
529,149.4,0.54790598154068
530,149.6,0.245816349983215
531,149.8,0.772999227046967
532,150.0,37.8841590881348
533,150.1,2023.16174316406
534,150.2,3389.76635742188
535,150.4,0.685771286487579
536,150.7,0.557270467281342
537,150.9,3.81652641296387
538,151.0,32.087574005127
539,151.2,8386.5263671875
540,151.3,17.0283527374268
541,151.5,0.207491546869278
542,151.8,0.871325731277466
543,152.0,28.7184600830078
544,152.1,2467.55297851563
545,152.2,5611.87060546875
546,152.4,1.36079072952271
547,152.7,0.408393293619156
548,152.9,7.17402219772339
549,153.1,1936.07800292969
550,153.2,3108.47485351563
551,153.4,0.78002256155014
552,153.6,0.091389924287796
553,153.8,0.922309875488281
554,154.0,44.2161636352539
555,154.2,7232.73876953125
556,154.3,26.7110900878906
557,154.4,2.45504212379456
558,154.6,0.300615638494492
559,154.8,1.40223705768585
560,155.0,64.6853408813477
561,155.1,1869.54895019531
562,155.2,2123.68774414063
563,155.4,1.2760773897171
564,155.7,0.747247040271759
565,155.9,9.26567268371582
566,156.1,1655.38781738281
567,156.2,2380.30102539063
568,156.4,1.76198732852936
569,156.6,0.489465028047562
570,156.9,4.98551988601685
571,157.1,1504.64404296875
572,157.2,2933.302734375
573,157.3,16.7077083587646
574,157.5,0.370241910219193
575,157.8,0.818260669708252
576,158.0,36.4683952331543
577,158.2,3517.56420898438
578,158.3,18.4137687683105
579,158.5,0.42200642824173
580,158.8,0.909650564193726
581,158.9,3.63582754135132
582,159.1,1485.41052246094
583,159.2,2729.03393554688
584,159.4,0.816439807415009
585,159.5,0.281279802322388
586,159.8,0.418017864227295
587,160.0,26.7805423736572
588,160.2,4239.8994140625
589,160.3,20.4520931243896
590,160.5,0.277811497449875
591,160.7,0.569669663906097
592,160.9,5.36694717407227
593,161.1,1962.07824707031
594,161.2,2936.31494140625
595,161.4,0.622648060321808
596,161.7,0.418017864227295
597,161.9,4.69409513473511
598,162.1,1637.54357910156
599,162.2,2720.57373046875
600,162.4,1.35844969749451
601,162.5,1.04725575447083
602,162.8,2.18139243125916
603,163.0,120.905838012695
604,163.2,5181.72216796875
605,163.3,17.136043548584
606,163.5,0.171681255102158
607,163.7,0.51157546043396
608,163.9,5.37908601760864
609,164.0,39.6707725524902
610,164.2,4485.49365234375
611,164.3,26.3441429138184
612,164.5,0.504205346107483
613,164.8,1.79953181743622
614,165.0,63.0384101867676
615,165.2,7389.82421875
616,165.3,20.4649276733398
617,165.5,0.235844969749451
618,165.7,0.451920568943024
619,165.9,3.41064763069153
620,166.1,2183.73803710938
621,166.2,4198.544921875
622,166.4,1.16058266162872
623,166.7,0.308766156435013
624,166.9,4.10673713684082
625,167.1,1576.75402832031
626,167.2,3398.59252929688
627,167.4,0.714558243751526
628,167.5,0.402497172355652
629,167.8,0.665828466415405
630,168.0,31.7870464324951
631,168.2,5509.416015625
632,168.3,21.5700168609619
633,168.5,0.53594034910202
634,168.7,0.300875753164291
635,168.9,4.65984582901001
636,169.0,29.4295501708984
637,169.2,3404.51293945313
638,169.3,23.1540794372559
639,169.5,0.144628450274467
640,169.7,0.575565755367279
641,169.9,4.80404043197632
642,170.1,1113.0029296875
643,170.2,2572.43530273438
644,170.4,1.93887102603912
645,170.7,0.322986215353012
646,170.9,3.98239827156067
647,171.1,1127.25317382813
648,171.2,2719.98999023438
649,171.4,0.939651429653168
650,171.6,0.152432158589363
651,171.8,1.12104392051697
652,171.9,3.86126756668091
653,172.1,1226.728515625
654,172.2,2370.98583984375
655,172.4,1.10144805908203
656,172.7,0.621867656707764
657,172.8,0.418538093566895
658,173.0,26.8536376953125
659,173.2,3624.68188476563
660,173.3,22.0868816375732
661,173.4,1.06537759304047
662,173.6,0.110812447965145
663,173.8,0.783057332038879
664,173.9,2.32307291030884
665,174.1,1164.1298828125
666,174.2,2472.64477539063
667,174.3,25.5985431671143
668,174.5,0.318564116954803
669,174.8,0.584583342075348
670,175.0,28.3043441772461
671,175.2,3935.1064453125
672,175.3,20.7745590209961
673,175.5,0.191363915801048
674,175.8,1.1945720911026
675,176.0,50.712215423584
676,176.2,3671.90747070313
677,176.3,27.5148696899414
678,176.6,0.361571133136749
679,176.8,2.36226487159729
680,177.0,162.159973144531
681,177.1,1671.04211425781
682,177.2,2875.62622070313
683,177.4,1.32159888744354
684,177.7,0.478366434574127
685,177.8,1.10344231128693
686,178.0,64.7579956054688
687,178.2,4141.08154296875
688,178.3,27.6172714233398
689,178.6,0.653862833976746
690,178.8,2.35298705101013
691,179.0,73.5651626586914
692,179.2,4954.76220703125
693,179.3,16.5244941711426
694,179.5,0.250151723623276
695,179.7,0.268620491027832
696,179.9,3.92525792121887
697,180.1,914.412475585938
698,180.2,3166.63208007813
699,180.4,1.24304175376892
700,180.7,0.498829454183578
701,180.9,4.08757495880127
702,181.1,931.089111328125
703,181.2,2614.60986328125
704,181.4,0.974074423313141
705,181.5,0.303823798894882
706,181.8,1.0268794298172
707,182.0,25.1572017669678
708,182.2,4047.23559570313
709,182.3,21.6862907409668
710,182.4,2.39530038833618
711,182.6,0.22162489593029
712,182.8,0.872886478900909
713,182.9,3.38662958145142
714,183.1,906.498657226563
715,183.2,2560.84497070313
716,183.3,30.4293766021729
717,183.5,0.419578611850739
718,183.8,1.06156241893768
719,184.0,27.1461887359619
720,184.2,2946.06396484375
721,184.3,26.8675975799561
722,184.5,0.435619533061981
723,184.7,0.387930274009705
724,184.9,3.68082880973816
725,185.1,780.889892578125
726,185.2,2904.47583007813
727,185.4,0.780369400978088
728,185.5,0.681609272956848
729,185.7,0.107344143092632
730,185.9,3.25041174888611
731,186.1,1219.87023925781
732,186.2,3132.00659179688
733,186.4,1.40639901161194
734,186.7,0.317523628473282
735,186.9,3.00459551811218
736,187.1,984.255981445313
737,187.2,2275.96142578125
738,187.4,1.5828492641449
739,187.6,0.604092597961426
740,187.9,3.09208369255066
741,188.1,877.743408203125
742,188.2,2247.23095703125
743,188.4,1.76294112205505
744,188.5,0.582762479782104
745,188.8,1.07769012451172
746,189.0,31.9886417388916
747,189.1,931.867248535156
748,189.2,2405.44653320313
749,189.4,1.06190931797028
750,189.6,0.106823898851871
751,189.8,0.477152526378632
752,189.9,2.17861795425415
753,190.1,906.338928222656
754,190.2,2244.0283203125
755,190.4,1.95231080055237
756,190.6,0.313621789216995
757,190.8,3.8040406703949
758,191.0,196.786529541016
759,191.2,5053.75927734375
760,191.3,31.4493198394775
761,191.5,0.233850687742233
762,191.7,0.495187729597092
763,191.9,6.09156322479248
764,192.1,1246.20520019531
765,192.2,2792.041015625
766,192.4,2.40284395217896
767,192.7,1.19830048084259
768,192.9,17.8886680603027
769,193.1,2716.82934570313
770,193.2,2555.40649414063
771,193.4,0.266366094350815
772,193.6,0.212260469794273
773,193.8,1.94606781005859
774,194.0,51.6986045837402
775,194.2,3801.37890625
776,194.3,62.601490020752
777,194.5,0.317176789045334
778,194.7,0.581982135772705
779,194.9,6.55926465988159
780,195.0,49.1962203979492
781,195.2,3510.21215820313
782,195.3,34.7943305969238
783,195.4,1.27174198627472
784,195.7,0.214341461658478
785,195.9,3.87869596481323
786,196.1,675.317321777344
787,196.2,2414.54443359375
788,196.4,3.69964456558228
789,196.7,0.519379198551178
790,196.9,4.89386987686157
791,197.1,731.835693359375
792,197.2,2445.42919921875
793,197.4,1.55388879776001
794,197.5,0.385502457618713
795,197.7,0.194658800959587
796,197.9,3.18676829338074
797,198.1,682.631164550781
798,198.2,1973.63757324219
799,198.4,1.33633923530579
800,198.5,0.324720352888107
801,198.8,0.53594034910202
802,199.0,23.0828056335449
803,199.2,3428.32055664063
804,199.3,24.2478981018066
805,199.5,0.422179818153381
806,199.8,0.744559109210968
807,200.0,22.712043762207
808,200.2,3050.15454101563
809,200.3,29.5991497039795
810,200.4,2.01725482940674
811,200.7,0.322812795639038
812,200.8,0.752622902393341
813,201.0,23.315616607666
814,201.2,2624.2861328125
815,201.3,35.0468215942383
816,201.5,0.311627507209778
817,201.7,0.324980497360229
818,201.9,2.43770051002502
819,202.1,665.627075195313
820,202.2,1945.64428710938
821,202.4,2.42599487304688
822,202.6,0.482008159160614
823,202.9,4.21789646148682
824,203.1,723.932739257813
825,203.2,1852.88195800781
826,203.3,34.1109008789063
827,203.5,0.191970869898796
828,203.6,0.378392428159714
829,203.8,0.350645959377289
830,204.0,21.2038497924805
831,204.2,2370.42333984375
832,204.3,49.8003120422363
833,204.5,0.21590219438076
834,204.7,0.477759480476379
835,204.9,3.26333141326904
836,205.1,722.328979492188
837,205.2,1952.41430664063
838,205.4,1.98525965213776
839,205.7,0.342495441436768
840,205.9,2.18650817871094
841,206.0,7.6884593963623
842,206.2,2470.67041015625
843,206.3,57.7725639343262
844,206.4,3.23116278648376
845,206.6,0.0290470831096172
846,206.8,0.0701465383172035
847,207.0,88.8160934448242
848,207.1,20558.564453125
849,207.3,3.34535670280457
850,207.7,0.123124942183495
851,207.9,12.1446285247803
852,208.1,4112.11572265625
853,208.2,2717.94287109375
854,208.4,1.48391568660736
855,208.7,0.661666512489319
856,208.9,11.570276260376
857,209.1,2785.953125
858,209.2,2367.23950195313
859,209.4,1.15407955646515
860,209.6,0.239399984478951
861,209.8,1.50316488742828
862,210.0,39.250846862793
863,210.2,2591.830078125
864,210.3,41.4222679138184
865,210.5,0.580594837665558
866,210.7,1.22743427753448
867,210.9,12.669469833374
868,211.1,1092.18811035156
869,211.2,2709.39868164063
870,211.3,17.7868728637695
871,211.5,0.345530211925507
872,211.8,1.01794850826263
873,212.0,25.7630271911621
874,212.1,524.227966308594
875,212.2,1984.94946289063
876,212.4,2.21980404853821
877,212.6,0.565247535705566
878,212.8,1.13162231445313
879,213.0,24.8441867828369
880,213.2,3394.60961914063
881,213.3,164.675888061523
882,213.4,1.29229164123535
883,213.7,0.284141153097153
884,213.9,2.61198306083679
885,214.0,17.8153133392334
886,214.2,2326.09423828125
887,214.3,56.2873497009277
888,214.5,0.399982661008835
889,214.7,0.801005780696869
890,214.9,6.11133289337158
891,215.0,27.7683162689209
892,215.2,2239.88818359375
893,215.3,42.3673820495605
894,215.5,0.266799628734589
895,215.7,0.414462834596634
896,215.9,3.71854686737061
897,216.0,19.9236965179443
898,216.2,2017.76611328125
899,216.3,55.232551574707
900,216.5,0.387496739625931
901,216.7,0.3954738676548
902,216.9,3.59264707565308
903,217.1,438.757385253906
904,217.2,1545.16564941406
905,217.4,2.97112631797791
906,217.7,0.505766034126282
907,217.9,2.91337895393372
908,218.1,404.568267822266
909,218.2,1626.99731445313
910,218.4,3.93843746185303
911,218.6,0.28015261888504
912,218.8,0.875401020050049
913,219.0,20.8114109039307
914,219.2,1986.27941894531
915,219.3,67.3786544799805
916,219.5,0.509928047657013
917,219.7,0.306771874427795
918,219.9,2.87748193740845
919,220.1,357.990997314453
920,220.2,1760.60571289063
921,220.4,3.2499783039093
922,220.5,0.604005873203278
923,220.8,2.04248666763306
924,221.0,30.5125293731689
925,221.2,3245.7890625
926,221.3,50.8281440734863
927,221.5,0.205150440335274
928,221.6,0.323072910308838
929,221.9,3.4709095954895
930,222.1,452.242095947266
931,222.2,1861.66198730469
932,222.4,4.18147945404053
933,222.7,1.0541056394577
934,222.9,6.26862049102783
935,223.1,584.455932617188
936,223.2,1688.33813476563
937,223.4,2.66036581993103
938,223.5,0.568629145622253
939,223.8,0.720020830631256
940,224.0,23.1826057434082
941,224.1,368.637115478516
942,224.2,1515.43432617188
943,224.4,3.31483578681946
944,224.6,0.253620058298111
945,224.8,2.6111159324646
946,225.0,47.9191017150879
947,225.2,2897.92724609375
948,225.3,42.4683952331543
949,225.5,0.184600710868835
950,225.7,0.294979631900787
951,225.9,4.25483417510986
952,226.1,417.758941650391
953,226.2,1728.75537109375
954,226.4,1.67831444740295
955,226.5,0.681262493133545
956,226.8,1.14905059337616
957,227.0,22.8909225463867
958,227.2,2082.22241210938
959,227.3,122.134918212891
960,227.5,0.271221697330475
961,227.7,0.268620491027832
962,227.8,0.613110184669495
963,228.0,19.2343711853027
964,228.2,1936.65881347656
965,228.3,63.045955657959
966,228.4,2.00719666481018
967,228.6,0.244255617260933
968,228.8,1.21234714984894
969,229.0,25.9262981414795
970,229.1,388.091033935547
971,229.2,1382.74011230469
972,229.4,1.90991067886353
973,229.6,0.134483650326729
974,229.8,1.23679876327515
975,230.0,25.6378211975098
976,230.2,1593.11401367188
977,230.3,73.7703094482422
978,230.5,0.709182322025299
979,230.8,1.22544002532959
980,230.9,3.31180095672607
981,231.1,288.770050048828
982,231.2,1239.97546386719
983,231.4,3.95803356170654
984,231.6,0.230902627110481
985,231.8,0.662186741828918
986,231.9,2.37527084350586
987,232.1,268.094421386719
988,232.2,1247.92468261719
989,232.4,4.51356983184814
990,232.7,0.517384886741638
991,232.9,3.13431024551392
992,233.1,302.820678710938
993,233.2,1238.72717285156
994,233.3,83.303825378418
995,233.5,0.480187296867371
996,233.7,0.164657935500145
997,233.9,2.89343619346619
998,234.1,277.171417236328
999,234.2,1409.06921386719
1000,234.4,4.91546010971069
1001,234.6,0.428249359130859
1002,234.8,1.34197521209717
1003,235.0,35.0966796875
1004,235.2,1714.66821289063
1005,235.3,73.5767822265625
1006,235.4,4.65212869644165
1007,235.6,0.253966867923737
1008,235.8,0.905141770839691
1009,235.9,3.15711426734924
1010,236.1,306.064849853516
1011,236.2,1445.95190429688
1012,236.4,5.06693840026855
1013,236.7,0.778028249740601
1014,236.9,4.68473100662231
1015,237.0,28.6301040649414
1016,237.2,1573.25244140625
1017,237.3,75.4318923950195
1018,237.5,0.343882769346237
1019,237.7,0.804647505283356
1020,237.9,4.90479516983032
1021,238.1,317.746215820313
1022,238.2,1271.78308105469
1023,238.4,3.11679530143738
1024,238.7,0.739183187484741
1025,238.9,3.50880074501038
1026,239.1,291.67529296875
1027,239.2,1455.20959472656
1028,239.3,157.669128417969
1029,239.5,0.780629515647888
1030,239.8,1.15616059303284
1031,240.0,20.6339206695557
1032,240.2,1406.10266113281
1033,240.3,95.1219940185547
1034,240.4,4.32003831863403
1035,240.7,0.766409456729889
1036,240.8,1.46440649032593
1037,241.0,28.5923004150391
1038,241.2,1394.51953125
1039,241.3,79.5203323364258
1040,241.5,0.360877484083176
1041,241.7,0.448885798454285
1042,241.9,3.09624552726746
1043,242.1,285.77734375
1044,242.2,1264.18811035156
1045,242.4,4.74204444885254
1046,242.6,0.332350641489029
1047,242.8,1.27477669715881
1048,243.0,31.2915115356445
1049,243.1,292.327239990234
1050,243.2,1170.91333007813
1051,243.4,2.37310338020325
1052,243.7,0.618486106395721
1053,243.9,4.71585893630981
1054,244.1,268.822937011719
1055,244.2,1111.41381835938
1056,244.3,111.301483154297
1057,244.5,0.956472754478455
1058,244.8,1.222491979599
1059,245.0,20.163703918457
1060,245.2,1150.83154296875
1061,245.3,102.380126953125
1062,245.5,0.912598609924316
1063,245.8,0.944160223007202
1064,246.0,15.6392087936401
1065,246.2,1148.54760742188
1066,246.3,110.771438598633
1067,246.5,0.529003739356995
1068,246.7,0.603659093379974
1069,246.9,2.88147068023682
1070,247.1,240.021942138672
1071,247.2,1120.07543945313
1072,247.4,4.55172109603882
1073,247.5,0.764068305492401
1074,247.8,0.57773345708847
1075,248.0,17.2604694366455
1076,248.1,223.081420898438
1077,248.2,1091.83459472656
1078,248.4,5.46007108688354
1079,248.7,1.20844531059265
1080,248.9,8.75496387481689
1081,249.1,794.452758789063
1082,249.2,1079.431640625
1083,249.4,2.87531423568726
1084,249.5,0.636694729328156
1085,249.7,0.501083850860596
1086,249.9,6.39278602600098
1087,250.1,369.546173095703
1088,250.2,956.041687011719
1089,250.3,86.8501663208008
1090,250.5,1.25544095039368
1091,250.8,3.76432847976685
1092,251.0,104.746032714844
1093,251.2,1501.96252441406
1094,251.3,56.4556503295898
1095,251.5,0.391311883926392
1096,251.7,0.582762479782104
1097,251.9,5.76250743865967
1098,252.1,340.368682861328
1099,252.2,980.837585449219
1100,252.4,4.47377109527588
1101,252.7,1.65984570980072
1102,252.8,2.16075611114502
1103,253.0,62.6885452270508
1104,253.2,1431.7041015625
1105,253.3,64.7562637329102
1106,253.5,0.340067625045776
1107,253.7,0.472123473882675
1108,253.9,4.14922380447388
1109,254.1,328.595336914063
1110,254.2,974.262817382813
1111,254.4,4.94216585159302
1112,254.5,0.921182692050934
1113,254.8,1.73415422439575
1114,255.0,31.2833614349365
1115,255.2,1075.16748046875
1116,255.3,117.349952697754
1117,255.5,0.918321311473846
1118,255.8,1.45469522476196
1119,256.0,17.0553188323975
1120,256.2,1101.83288574219
1121,256.3,843.049743652344
1122,256.4,10.7861785888672
1123,256.7,0.770311295986176
1124,256.9,4.87149906158447
1125,257.1,170.355407714844
1126,257.2,789.90625
1127,257.3,254.882858276367
1128,257.5,1.02393138408661
1129,257.7,0.521980404853821
1130,257.9,5.47333717346191
1131,258.1,212.487731933594
1132,258.2,795.983947753906
1133,258.3,136.872970581055
1134,258.5,0.5138298869133
1135,258.7,0.602705299854279
1136,258.9,4.41957855224609
1137,259.1,192.718200683594
1138,259.2,769.618774414063
1139,259.3,124.804649353027
1140,259.5,0.860834121704102
1141,259.7,0.794762849807739
1142,259.9,3.95872712135315
1143,260.1,167.288818359375
1144,260.2,865.8037109375
1145,260.4,6.42790269851685
1146,260.5,1
1147,260.7,0.252666264772415
1148,260.9,3.01040482521057
1149,261.1,181.425827026367
1150,261.2,733.821533203125
1151,261.3,148.335647583008
1152,261.5,1.0283534526825
1153,261.8,0.714558243751526
1154,261.9,2.19058346748352
1155,262.1,181.672164916992
1156,262.2,729.237670898438
1157,262.3,164.649780273438
1158,262.5,0.934622406959534
1159,262.7,0.774906814098358
1160,262.9,3.29081773757935
1161,263.1,185.212005615234
1162,263.2,811.357055664063
1163,263.3,139.375442504883
1164,263.5,0.76337468624115
1165,263.7,0.657938063144684
1166,263.9,3.34327578544617
1167,264.1,182.0517578125
1168,264.2,846.741027832031
1169,264.4,8.06728553771973
1170,264.7,1.40449142456055
1171,264.9,6.60617351531982
1172,265.1,774.81494140625
1173,265.2,840.120544433594
1174,265.4,3.67579984664917
1175,265.7,0.490852326154709
1176,265.9,4.75010824203491
1177,266.1,296.467102050781
1178,266.2,802.274230957031
1179,266.4,7.55648994445801
1180,266.7,2.57010316848755
1181,266.9,29.5140895843506
1182,267.1,1661.72741699219
1183,267.2,715.361572265625
1184,267.4,0.76684296131134
1185,267.6,0.70588743686676
1186,267.8,3.3042573928833
1187,268.0,90.2023773193359
1188,268.2,1068.62573242188
1189,268.3,83.00927734375
1190,268.6,1.3885372877121
1191,268.8,4.51764488220215
1192,269.0,72.8229446411133
1193,269.2,1147.09265136719
1194,269.3,81.113410949707
1195,269.5,0.692794561386108
1196,269.8,1.62793719768524
1197,270.0,29.2390537261963
1198,270.2,773.815734863281
1199,270.3,125.127891540527
1200,270.5,0.956386029720306
1201,270.7,1.35133957862854
1202,270.8,2.0295672416687
1203,271.0,38.2235336303711
1204,271.1,230.291076660156
1205,271.2,679.619812011719
1206,271.4,3.52067971229553
1207,271.7,0.508193850517273
1208,271.8,0.83031302690506
1209,272.0,19.6951351165771
1210,272.2,687.180236816406
1211,272.3,135.852416992188
1212,272.5,1.25708830356598
1213,272.8,1.10101449489594
1214,273.0,19.4250411987305
1215,273.2,679.16650390625
1216,273.3,124.843147277832
1217,273.5,0.69123387336731
1218,273.7,0.723142266273499
1219,273.9,3.51131534576416
1220,274.1,143.928726196289
1221,274.2,518.489868164063
1222,274.3,152.193969726563
1223,274.5,1.27200210094452
1224,274.6,1.01673460006714
1225,274.8,0.881643950939178
1226,275.0,16.0156936645508
1227,275.2,675.4638671875
1228,275.3,148.996871948242
1229,275.5,0.774213135242462
1230,275.7,0.905835449695587
1231,275.9,2.58198213577271
1232,276.1,147.013961791992
1233,276.2,578.374084472656
1234,276.3,156.221450805664
1235,276.5,1.19136393070221
1236,276.7,1.0278332233429
1237,276.9,3.73718905448914
1238,277.1,140.07275390625
1239,277.2,727.39892578125
1240,277.4,7.88077688217163
1241,277.6,0.26836034655571
1242,277.8,0.753316581249237
1243,278.0,14.7616405487061
1244,278.1,129.160675048828
1245,278.2,693.583801269531
1246,278.4,61.0179481506348
1247,278.6,0.87210613489151
1248,278.9,4.46501350402832
1249,279.1,166.459548950195
1250,279.2,678.314208984375
1251,279.4,15.649787902832
1252,279.6,0.78574526309967
1253,279.8,0.334171503782272
1254,280.0,8.06346988677979
1255,280.2,470.127197265625
1256,280.3,217.875137329102
1257,280.5,2.11809587478638
1258,280.8,1.47403109073639
1259,281.0,123.134918212891
1260,281.1,9103.703125
1261,281.3,17.3162231445313
1262,281.7,0.830919981002808
1263,281.9,17.9192752838135
1264,282.1,2117.71557617188
1265,282.2,965.978698730469
1266,282.4,3.82831883430481
1267,282.7,1.64328444004059
1268,282.9,16.0197696685791
1269,283.1,1583.93933105469
1270,283.2,922.246337890625
1271,283.4,3.3353853225708
1272,283.5,0.681175768375397
1273,283.8,1.37804555892944
1274,284.0,35.8606605529785
1275,284.2,896.344421386719
1276,284.3,116.83325958252
1277,284.5,1.18616139888763
1278,284.7,1.88450539112091
1279,284.9,14.4859962463379
1280,285.0,53.3238525390625
1281,285.2,1020.41986083984
1282,285.3,80.0015640258789
1283,285.5,0.655683696269989
1284,285.8,1.71724617481232
1285,285.9,4.8858060836792
1286,286.1,194.073089599609
1287,286.2,546.725891113281
1288,286.4,6.22075796127319
1289,286.7,1.13352990150452
1290,286.9,6.86985158920288
1291,287.0,26.4132480621338
1292,287.2,680.925109863281
1293,287.3,113.305122375488
1294,287.5,0.715078473091125
1295,287.7,0.235758259892464
1296,287.9,3.97060608863831
1297,288.1,134.650390625
1298,288.2,521.135437011719
1299,288.4,10.1240787506104
1300,288.7,1.10907828807831
1301,288.9,5.49085235595703
1302,289.1,142.969223022461
1303,289.2,407.502716064453
1304,289.3,136.25846862793
1305,289.5,1.29853463172913
1306,289.8,0.970519363880157
1307,290.0,15.8332614898682
1308,290.2,458.314056396484
1309,290.3,138.345703125
1310,290.4,12.375617980957
1311,290.6,0.343362510204315
1312,290.8,1.46353936195374
1313,290.9,2.13413691520691
1314,291.1,104.812278747559
1315,291.2,354.789215087891
1316,291.3,150.680313110352
1317,291.5,0.916934013366699
1318,291.6,0.632012486457825
1319,291.8,0.606086909770966
1320,292.0,14.1653518676758
1321,292.2,429.399383544922
1322,292.3,153.853729248047
1323,292.5,2.68837261199951
1324,292.8,1.35966360569
1325,293.0,19.10595703125
1326,293.2,453.591003417969
1327,293.3,135.769958496094
1328,293.5,1.78912687301636
1329,293.7,0.473944336175919
1330,293.9,3.31370854377747
1331,294.1,106.097023010254
1332,294.2,458.922393798828
1333,294.4,10.057746887207
1334,294.5,1.71282410621643
1335,294.8,1.82779848575592
1336,295.0,21.8186073303223
1337,295.2,624.884765625
1338,295.3,132.682220458984
1339,295.5,0.521546840667725
1340,295.7,0.685164332389832
1341,295.9,3.04135966300964
1342,296.0,17.9263858795166
1343,296.2,451.6875
1344,296.3,148.465713500977
1345,296.5,1.57244431972504
1346,296.7,0.500043332576752
1347,296.9,3.69877743721008
1348,297.1,147.936187744141
1349,297.2,458.703979492188
1350,297.4,7.30607843399048
1351,297.6,0.312494575977325
1352,297.8,1.16223013401031
1353,298.0,17.3244609832764
1354,298.2,386.290985107422
1355,298.3,136.542098999023
1356,298.5,1.66912341117859
1357,298.8,1.89239573478699
1358,299.0,32.3010482788086
1359,299.1,222.271484375
1360,299.2,536.935852050781
1361,299.4,5.3644323348999
1362,299.7,0.543310523033142
1363,299.9,3.43067717552185
1364,300.0,20.3830738067627
1365,300.2,415.40771484375
1366,300.3,128.0595703125
1367,300.5,1.54469788074493
1368,300.7,0.375877916812897
1369,300.9,4.95638608932495
1370,301.1,130.080551147461
1371,301.2,430.613464355469
1372,301.4,9.25284004211426
1373,301.5,1.10075438022614
1374,301.7,0.303476989269257
1375,301.9,3.51027488708496
1376,302.1,100.516693115234
1377,302.2,385.405364990234
1378,302.4,11.9054021835327
1379,302.7,1.04101276397705
1380,302.8,0.741697728633881
1381,303.0,15.34388256073
1382,303.1,85.4231338500977
1383,303.2,385.582489013672
1384,303.4,13.6970434188843
1385,303.6,0.397641539573669
1386,303.8,0.983525514602661
1387,304.0,14.7760343551636
1388,304.2,307.246856689453
1389,304.3,141.601318359375
1390,304.5,1.94901585578918
1391,304.7,0.92759907245636
1392,304.9,3.73398065567017
1393,305.1,83.7138671875
1394,305.2,370.664611816406
1395,305.4,16.4866027832031
1396,305.7,0.773692905902863
1397,305.9,2.4707362651825
1398,306.0,11.0182952880859
1399,306.2,284.084289550781
1400,306.3,139.61328125
1401,306.5,1.3345183134079
1402,306.7,0.863435387611389
1403,306.9,3.83785653114319
1404,307.0,13.2804126739502
1405,307.2,272.785919189453
1406,307.3,143.155471801758
1407,307.5,1.6411167383194
1408,307.8,1.12589955329895
1409,308.0,13.8312664031982
1410,308.2,258.028106689453
1411,308.3,143.560562133789
1412,308.5,2.64198398590088
1413,308.8,1.66981709003448
1414,309.0,19.4250411987305
1415,309.1,74.7757720947266
1416,309.2,318.0556640625
1417,309.4,14.4291162490845
1418,309.6,0.489811837673187
1419,309.8,1.19925427436829
1420,309.9,2.78149652481079
1421,310.1,83.6865539550781
1422,310.2,324.111511230469
1423,310.4,14.4788866043091
1424,310.6,2.0560998916626
1425,310.8,1.09624552726746
1426,311.0,23.3739700317383
1427,311.2,318.245727539063
1428,311.3,117.006675720215
1429,311.5,1.5010838508606
1430,311.8,1.55718374252319
1431,312.0,18.7658023834229
1432,312.2,260.923797607422
1433,312.3,128.241302490234
1434,312.5,3.23766589164734
1435,312.7,0.713777840137482
1436,312.9,3.97745609283447
1437,313.0,12.7351083755493
1438,313.2,331.068145751953
1439,313.3,285.174530029297
1440,313.5,1.81383860111237
1441,313.7,1.33937394618988
1442,313.9,3.53281879425049
1443,314.1,79.0539321899414
1444,314.2,334.102416992188
1445,314.4,23.7230548858643
1446,314.6,1.13483047485352
1447,314.9,3.89300274848938
1448,315.1,88.3757019042969
1449,315.2,324.567230224609
1450,315.4,15.0756092071533
1451,315.6,0.665828466415405
1452,315.9,3.28734946250916
1453,316.1,75.9606323242188
1454,316.2,165.274337768555
1455,316.3,125.374404907227
1456,316.5,2.47958040237427
1457,316.7,1.34344923496246
1458,316.9,4.13777875900269
1459,317.1,75.9903717041016
1460,317.2,272.975891113281
1461,317.4,18.4487133026123
1462,317.5,3.45166039466858
1463,317.8,1.38238096237183
1464,318.0,12.8259773254395
1465,318.1,59.4070053100586
1466,318.2,250.113677978516
1467,318.4,17.9694786071777
1468,318.5,2.89404320716858
1469,318.7,0.39460676908493
1470,318.9,3.46952223777771
1471,319.1,69.3559341430664
1472,319.2,256.776550292969
1473,319.4,20.3377265930176
1474,319.7,1.17809760570526
1475,319.8,0.844186246395111
1476,320.0,11.9452877044678
1477,320.2,191.86213684082
1478,320.3,107.957427978516
1479,320.4,21.483829498291
1480,320.7,1.10855805873871
1481,320.8,0.760773420333862
1482,321.0,13.1387319564819
1483,321.2,183.158325195313
1484,321.3,122.676322937012
1485,321.5,2.97502827644348
1486,321.8,0.845486879348755
1487,322.0,12.4351863861084
1488,322.1,54.6679954528809
1489,322.2,224.785232543945
1490,322.4,20.7149047851563
1491,322.7,2.11957001686096
1492,322.8,1.44871234893799
1493,323.0,25.8656902313232
1494,323.2,229.6318359375
1495,323.3,105.357666015625
1496,323.5,1.43553280830383
1497,323.6,1.28023934364319
1498,323.9,4.35940361022949
1499,324.0,13.1888494491577
1500,324.2,185.229690551758
1501,324.3,129.878082275391
1502,324.5,2.73666858673096
1503,324.7,2.81765365600586
1504,324.9,19.6352214813232
1505,325.0,74.9887313842773
1506,325.2,414.013610839844
1507,325.3,52.5590896606445
1508,325.4,6.62759017944336
1509,325.6,0.535073280334473
1510,325.8,2.7502818107605
1511,326.0,37.688720703125
1512,326.2,238.502471923828
1513,326.3,76.944938659668
1514,326.4,19.1508712768555
1515,326.7,5.13777875900269
1516,326.9,33.6364364624023
1517,327.1,565.16796875
1518,327.2,235.281890869141
1519,327.4,2.29151129722595
1520,327.5,1.29541313648224
1521,327.7,1.23333048820496
1522,327.9,12.2935056686401
1523,328.0,44.5423583984375
1524,328.2,314.988555908203
1525,328.3,76.6081695556641
1526,328.6,2.80594825744629
1527,328.8,4.35350751876831
1528,328.9,11.2791986465454
1529,329.1,167.395294189453
1530,329.2,236.483917236328
1531,329.4,10.4049253463745
1532,329.6,1.5539755821228
1533,329.9,5.13881921768188
1534,330.0,18.6493549346924
1535,330.2,237.083068847656
1536,330.3,100.877655029297
1537,330.5,2.77716112136841
1538,330.7,0.712737381458282
1539,330.9,5.85051584243774
1540,331.1,89.6054763793945
1541,331.2,212.628280639648
1542,331.4,15.6405963897705
1543,331.6,1.58579730987549
1544,331.9,4.30139589309692
1545,332.0,10.847827911377
1546,332.2,153.43310546875
1547,332.3,84.004768371582
1548,332.4,23.7173328399658
1549,332.7,1.73519468307495
1550,332.9,3.47914671897888
1551,333.1,49.0097961425781
1552,333.2,99.1500930786133
1553,333.3,107.690017700195
1554,333.5,3.60348558425903
1555,333.7,0.491372585296631
1556,333.9,2.58718466758728
1557,334.0,8.43561935424805
1558,334.2,130.354721069336
1559,334.3,81.7157745361328
1560,334.4,21.2179832458496
1561,334.7,1.37110900878906
1562,334.9,2.96843838691711
1563,335.1,45.5445251464844
1564,335.3,161.254745483398
1565,335.4,22.8592739105225
1566,335.7,1.25483393669128
1567,335.8,0.70614755153656
1568,336.0,9.7227954864502
1569,336.2,119.379173278809
1570,336.3,98.3385925292969
1571,336.5,3.51781845092773
1572,336.8,2.04118609428406
1573,337.0,12.9641895294189
1574,337.2,124.959335327148
1575,337.3,78.138298034668
1576,337.4,22.7286052703857
1577,337.7,1.17150783538818
1578,337.9,2.86404228210449
1579,338.1,45.5778198242188
1580,338.3,156.324020385742
1581,338.4,24.1617107391357
1582,338.6,1.85172986984253
1583,338.9,7.23081588745117
1584,339.0,25.1420269012451
1585,339.2,210.832138061523
1586,339.3,76.6739807128906
1587,339.5,1.37501084804535
1588,339.7,1.01673460006714
1589,339.9,4.87028503417969
1590,340.0,14.9370498657227
1591,340.2,128.942855834961
1592,340.3,78.2477264404297
1593,340.5,3.01968264579773
1594,340.7,3.68880605697632
1595,340.9,32.2806739807129
1596,341.1,995.624145507813
1597,341.2,320.825805664063
1598,341.4,2.67475938796997
1599,341.7,1.49432063102722
1600,341.9,15.7168130874634
1601,342.1,318.298614501953
1602,342.2,203.697738647461
1603,342.3,55.7508888244629
1604,342.6,2.47819304466248
1605,342.7,1.31544268131256
1606,342.9,12.7626810073853
1607,343.0,58.6873321533203
1608,343.2,464.607818603516
1609,343.3,57.015869140625
1610,343.4,7.36980819702148
1611,343.6,0.45859706401825
1612,343.8,1.70111858844757
1613,343.9,4.14636278152466
1614,344.1,130.842971801758
1615,344.2,181.131790161133
1616,344.3,89.8757476806641
1617,344.5,3.78687238693237
1618,344.8,3.40076303482056
1619,345.0,35.7103958129883
1620,345.2,241.503341674805
1621,345.3,72.8796463012695
1622,345.4,13.9595937728882
1623,345.6,1.22413945198059
1624,345.8,1.37067544460297
1625,346.0,18.0297412872314
1626,346.2,133.075866699219
1627,346.3,86.7653656005859
1628,346.5,2.95725321769714
1629,346.7,1.79814445972443
1630,346.9,5.14037990570068
1631,347.0,12.5737447738647
1632,347.2,122.029304504395
1633,347.3,83.8478317260742
1634,347.5,2.64623260498047
1635,347.7,1.21252059936523
1636,347.9,3.46145844459534
1637,348.1,38.1119384765625
1638,348.3,129.347702026367
1639,348.4,24.5051593780518
1640,348.6,1.94554758071899
1641,348.8,1.03806471824646
1642,349.0,12.1264200210571
1643,349.2,87.1838226318359
1644,349.3,76.5539779663086
1645,349.5,3.85146975517273
1646,349.7,0.606433689594269
1647,349.9,3.1420271396637
1648,350.1,36.2631568908691
1649,350.3,105.869247436523
1650,350.4,26.5399284362793
1651,350.6,2.06702494621277
1652,350.8,1.11948323249817
1653,351.0,10.5112285614014
1654,351.2,83.7347640991211
1655,351.3,68.8893585205078
1656,351.5,3.07188057899475
1657,351.7,1.01430678367615
1658,351.9,3.43067717552185
1659,352.1,35.0625152587891
1660,352.3,100.903060913086
1661,352.4,19.9022808074951
1662,352.5,5.09919357299805
1663,352.8,2.29628014564514
1664,353.0,15.1447153091431
1665,353.2,100.25821685791
1666,353.3,69.73779296875
1667,353.5,4.22925519943237
1668,353.8,1.54018902778625
1669,353.9,2.32263946533203
1670,354.1,35.329662322998
1671,354.2,42.7207145690918
1672,354.3,42.2628974914551
1673,354.5,1.88216423988342
1674,354.8,5.32888221740723
1675,355.0,78.5972442626953
1676,355.1,1998.1611328125
1677,355.3,38.3771781921387
1678,355.5,0.603832483291626
1679,355.7,1.11818265914917
1680,355.9,11.0076303482056
1681,356.1,392.93896484375
1682,356.2,436.037719726563
1683,356.4,6.32402658462524
1684,356.5,2.40874004364014
1685,356.8,3.37405705451965
1686,357.0,46.9257774353027
1687,357.1,279.215637207031
1688,357.2,369.773162841797
1689,357.4,7.20272254943848
1690,357.7,0.994190573692322
1691,357.9,4.74733352661133
1692,358.1,112.345268249512
1693,358.2,198.932968139648
1694,358.4,15.0882682800293
1695,358.6,1.17358887195587
1696,358.8,3.15598726272583
1697,359.0,28.2492847442627
1698,359.2,226.617538452148
1699,359.3,63.0123138427734
1700,359.4,11.6171855926514
1701,359.7,1.34015429019928
1702,359.9,4.71603202819824
1703,360.1,51.5868377685547
1704,360.2,65.4963150024414
1705,360.3,75.8366394042969
1706,360.5,4.64033651351929
1707,360.7,0.866036593914032
1708,360.9,5.03546333312988
1709,361.1,47.2455558776855
1710,361.2,110.196739196777
1711,361.4,21.7276515960693
1712,361.6,1.53810799121857
1713,361.9,3.34613728523254
1714,362.1,32.6692962646484
1715,362.3,91.0359802246094
1716,362.4,22.5699291229248
1717,362.7,2.49258637428284
1718,362.9,4.9408655166626
1719,363.1,37.2584762573242
1720,363.3,90.2612533569336
1721,363.4,21.0776042938232
1722,363.6,1.1679527759552
1723,363.8,1.81843400001526
1724,364.0,9.78245067596436
1725,364.2,62.9034957885742
1726,364.3,63.6739807128906
1727,364.5,4.86014032363892
1728,364.8,1.68308329582214
1729,365.0,10.9998264312744
1730,365.2,57.2315979003906
1731,365.3,55.5688018798828
1732,365.5,5.29723405838013
1733,365.8,1.94884240627289
1734,366.0,8.87878227233887
1735,366.2,52.804126739502
1736,366.3,37.7080535888672
1737,366.4,24.5936870574951
1738,366.7,2.92681860923767
1739,366.8,1.14176714420319
1740,367.0,13.7588663101196
1741,367.2,68.8160934448242
1742,367.3,37.3039093017578
1743,367.4,22.4197521209717
1744,367.6,1.66816961765289
1745,367.8,0.82285612821579
1746,368.0,13.8998527526855
1747,368.2,100.188766479492
1748,368.3,40.0949440002441
1749,368.4,22.4085674285889
1750,368.6,1.6673024892807
1751,368.8,2.38264107704163
1752,369.0,18.078296661377
1753,369.1,56.2312507629395
1754,369.2,143.567932128906
1755,369.4,17.2621173858643
1756,369.6,1.72530996799469
1757,369.9,3.9197952747345
1758,370.1,44.9640159606934
1759,370.3,102.189628601074
1760,370.4,24.1414203643799
1761,370.6,1.4440301656723
1762,370.8,2.34466314315796
1763,371.0,16.6492671966553
1764,371.2,114.81071472168
1765,371.3,103.890663146973
1766,371.5,4.26177072525024
1767,371.7,1.33495187759399
1768,371.8,0.857192397117615
1769,372.0,12.169340133667
1770,372.2,75.4364013671875
1771,372.3,72.9304580688477
1772,372.5,7.834388256073
1773,372.7,2.72661066055298
1774,373.0,23.2888240814209
1775,373.2,133.744735717773
1776,373.3,61.7967567443848
1777,373.5,4.39027118682861
1778,373.7,0.632966279983521
1779,373.9,4.02722644805908
1780,374.1,39.0779495239258
1781,374.3,82.3103256225586
1782,374.4,16.9073963165283
1783,374.5,6.10266208648682
1784,374.8,2.13283610343933
1785,374.9,3.72383594512939
1786,375.1,34.6347885131836
1787,375.3,78.3749237060547
1788,375.4,20.5611724853516
1789,375.5,5.40110969543457
1790,375.8,1.63010489940643
1791,376.0,8.65195560455322
1792,376.1,17.1790523529053
1793,376.3,63.1788787841797
1794,376.4,22.9171943664551
1795,376.6,2.63071179389954
1796,376.8,0.948322176933289
1797,377.0,8.49293327331543
1798,377.2,44.9247360229492
1799,377.3,45.1715087890625
1800,377.5,4.68421030044556
1801,377.6,1.83126676082611
1802,377.9,2.83664274215698
1803,378.1,19.8182601928711
1804,378.3,52.3313102722168
1805,378.4,16.7441253662109
1806,378.5,6.60842800140381
1807,378.7,1.57625937461853
1808,379.0,8.02974033355713
1809,379.2,37.9589881896973
1810,379.3,38.5666351318359
1811,379.5,5.66183996200562
1812,379.8,1.36330533027649
1813,379.9,1.4434232711792
1814,380.1,18.4084796905518
1815,380.2,23.607213973999
1816,380.3,40.3874092102051
1817,380.5,6.09069633483887
1818,380.8,1.96583712100983
1819,381.0,8.83811664581299
1820,381.2,38.6673011779785
1821,381.3,25.5031642913818
1822,381.4,18.5282230377197
1823,381.6,1.46457993984222
1824,381.8,1.91294550895691
1825,381.9,3.055579662323
1826,382.1,39.5459098815918
1827,382.2,41.5738334655762
1828,382.3,48.5291786193848
1829,382.5,6.51140213012695
1830,382.8,3.74187111854553
1831,382.9,5.17367553710938
1832,383.1,41.2506713867188
1833,383.2,36.4011116027832
1834,383.3,40.4247817993164
1835,383.5,5.69218778610229
1836,383.8,2.31258130073547
1837,384.0,11.1772308349609
1838,384.1,19.1989936828613
1839,384.3,54.1632690429688
1840,384.4,25.4911994934082
1841,384.7,6.21260738372803
1842,384.9,13.577733039856
1843,385.1,64.9562149047852
1844,385.2,47.7388381958008
1845,385.3,41.3166580200195
1846,385.5,5.91467952728271
1847,385.8,4.26827383041382
1848,386.0,14.3755311965942
1849,386.2,57.7420463562012
1850,386.3,32.9249114990234
1851,386.4,28.2516250610352
1852,386.6,5.77187204360962
1853,386.8,3.97390103340149
1854,387.0,34.3249816894531
1855,387.2,119.03295135498
1856,387.3,51.7179412841797
1857,387.5,4.56203937530518
1858,387.7,3.34188842773438
1859,387.9,7.07595586776733
1860,388.0,11.4148960113525
1861,388.2,60.2860488891602
1862,388.3,45.0443954467773
1863,388.5,5.43310499191284
1864,388.6,3.97025918960571
1865,388.8,2.19968795776367
1866,389.0,16.0397987365723
1867,389.1,22.4610252380371
1868,389.3,60.5147819519043
1869,389.4,17.9589881896973
1870,389.6,2.21486163139343
1871,389.9,3.30417060852051
1872,390.0,5.65221548080444
1873,390.2,35.0311279296875
1874,390.3,21.8443603515625
1875,390.4,20.2992286682129
1876,390.6,1.69634962081909
1877,390.8,2.53385925292969
1878,390.9,2.67207145690918
1879,391.1,20.5162582397461
1880,391.3,42.4207077026367
1881,391.4,14.3512525558472
1882,391.5,6.12824058532715
1883,391.7,0.954738557338715
1884,391.9,2.69886422157288
1885,392.0,4.8910083770752
1886,392.2,28.4118614196777
1887,392.3,31.9610691070557
1888,392.5,6.05332517623901
1889,392.7,0.84175843000412
1890,392.9,2.06841230392456
1891,393.0,3.82563090324402
1892,393.2,26.43674659729
1893,393.3,27.8570194244385
1894,393.5,6.35081958770752
1895,393.7,1.41966533660889
1896,394.0,4.62472915649414
1897,394.1,9.25526714324951
1898,394.3,31.34206199646
1899,394.4,16.842191696167
1900,394.6,1.89109516143799
1901,394.9,2.21538186073303
1902,395.0,3.03494310379028
1903,395.2,23.0580940246582
1904,395.3,28.5302181243896
1905,395.5,7.43995475769043
1906,395.8,1.64735972881317
1907,396.0,4.76250743865967
1908,396.2,26.7881736755371
1909,396.3,31.987340927124
1910,396.5,6.47784614562988
1911,396.7,0.937657177448273
1912,396.9,2.776207447052
1913,397.1,16.5279636383057
1914,397.3,36.0682373046875
1915,397.4,16.4605045318604
1916,397.6,2.07352805137634
1917,397.8,0.754703879356384
1918,398.0,5.34570360183716
1919,398.2,25.4642333984375
1920,398.3,27.6464920043945
1921,398.5,9.04699516296387
1922,398.8,6.54894638061523
1923,399.0,31.4289436340332
1924,399.1,38.8974266052246
1925,399.2,66.1581573486328
1926,399.4,11.2869157791138
1927,399.7,2.67354536056519
1928,399.8,2.19916749000549
1929,400.0,16.412467956543
1930,400.2,39.0701446533203
1931,400.3,15.8062086105347
1932,400.4,10.3596639633179
1933,400.7,5.49605464935303
1934,400.9,31.0019073486328
1935,401.0,107.520851135254
1936,401.1,292.101715087891
1937,401.3,17.8356018066406
1938,401.5,0.759299397468567
1939,401.7,2.50515913963318
1940,401.9,19.7029399871826
1941,402.1,104.599670410156
1942,402.2,55.7263488769531
1943,402.3,26.5546684265137
1944,402.5,3.45079326629639
1945,402.7,4.27122163772583
1946,402.9,18.8149662017822
1947,403.1,89.2992248535156
1948,403.2,72.5600433349609
1949,403.4,7.79762411117554
1950,403.7,2.4486255645752
1951,403.9,7.54903316497803
1952,404.1,33.7497596740723
1953,404.2,25.8716716766357
1954,404.3,30.0393657684326
1955,404.5,5.92352390289307
1956,404.7,1.76666951179504
1957,404.9,6.75817203521729
1958,405.1,33.7999649047852
1959,405.2,43.382640838623
1960,405.4,13.4835691452026
1961,405.7,2.17142105102539
1962,405.9,3.24937129020691
1963,406.1,15.7072744369507
1964,406.3,32.2824935913086
1965,406.4,15.1736755371094
1966,406.6,2.62871766090393
1967,406.9,3.09165000915527
1968,407.1,14.831353187561
1969,407.3,28.5257091522217
1970,407.4,13.0822858810425
1971,407.6,2.33295750617981
1972,407.8,0.738576233386993
1973,408.0,4.50281810760498
1974,408.1,7.61189651489258
1975,408.3,24.5244083404541
1976,408.4,10.1669988632202
1977,408.5,6.11402082443237
1978,408.8,1.24451577663422
1979,409.0,4.67606019973755
1980,409.2,16.3563690185547
1981,409.3,11.0368509292603
1982,409.4,14.42746925354
1983,409.6,2.16500473022461
1984,409.9,1.66088616847992
1985,410.1,9.46761512756348
1986,410.2,10.9778890609741
1987,410.3,24.0296535491943
1988,410.5,5.3613109588623
1989,410.6,2.71611905097961
1990,410.9,2.1365647315979
1991,411.0,3.03364253044128
1992,411.2,15.9803171157837
1993,411.4,21.0072841644287
1994,411.5,6.68056869506836
1995,411.7,1.10248851776123
1996,412.0,3.11878967285156
1997,412.2,15.2087917327881
1998,412.3,18.935489654541
1999,412.5,6.93444919586182
2000,412.8,2.63149213790894
2001,413.0,9.97953701019287
2002,413.1,12.114107131958
2003,413.3,31.3568897247314
2004,413.4,10.4035377502441
2005,413.5,5.48088073730469
2006,413.8,1.8623948097229
2007,414.0,5.22162485122681
2008,414.2,18.7080554962158
2009,414.3,13.8427124023438
2010,414.5,2.67658019065857
2011,414.8,5.58267593383789
2012,415.0,65.3227233886719
2013,415.2,387.246063232422
2014,415.3,35.9345359802246
2015,415.6,1.65776467323303
2016,415.7,0.886759757995605
2017,415.9,11.5792942047119
2018,416.1,98.5785140991211
2019,416.2,76.9823150634766
2020,416.3,42.4461975097656
2021,416.5,5.35324716567993
2022,416.8,4.71793985366821
2023,416.9,7.32801532745361
2024,417.1,88.6803970336914
2025,417.2,107.862571716309
2026,417.4,8.0881814956665
2027,417.7,1.68481743335724
2028,417.8,1.85892653465271
2029,418.0,16.5961151123047
2030,418.1,20.5914325714111
2031,418.2,46.5449562072754
2032,418.4,13.5209398269653
2033,418.6,2.91077780723572
2034,418.8,2.08636093139648
2035,419.0,15.0942516326904
2036,419.1,19.0430946350098
2037,419.2,43.7821884155273
2038,419.4,13.5363740921021
2039,419.6,1.18260645866394
2040,419.9,3.21859002113342
2041,420.0,4.81236457824707
2042,420.2,20.6109428405762
2043,420.3,20.6057395935059
2044,420.5,5.40223693847656
2045,420.7,0.968525111675262
2046,420.9,4.0326886177063
2047,421.0,5.92300367355347
2048,421.2,28.2998352050781
2049,421.3,25.4024963378906
2050,421.5,4.21780967712402
2051,421.8,1.23601841926575
2052,422.0,4.26463174819946
2053,422.2,16.4030170440674
2054,422.4,17.7476806640625
2055,422.5,5.20315599441528
2056,422.7,1.95621263980865
2057,423.0,4.64657926559448
2058,423.1,5.00953769683838
2059,423.3,16.3424091339111
2060,423.4,9.43301868438721
2061,423.6,1.8636087179184
2062,423.8,0.809416472911835
2063,424.0,2.72843146324158
2064,424.1,3.6973032951355
2065,424.3,13.0418796539307
2066,424.4,10.3304433822632
2067,424.6,1.95205068588257
2068,424.9,1.7515823841095
2069,425.0,1.8333477973938
2070,425.2,9.86178779602051
2071,425.3,12.4945812225342
2072,425.5,4.07118701934814
2073,425.8,1.38047337532043
2074,426.0,2.20809841156006
2075,426.2,8.90210723876953
2076,426.3,6.16439771652222
2077,426.4,8.71733283996582
2078,426.6,2.4187114238739
2079,426.9,2.16179656982422
2080,427.1,7.51695156097412
2081,427.2,7.18936967849731
2082,427.3,14.3038234710693
2083,427.5,4.13058185577393
2084,427.8,1.45018637180328
2085,428.0,2.85467791557312
2086,428.2,9.83065986633301
2087,428.3,7.26151037216187
2088,428.5,0.86586320400238
2089,428.7,1.57695305347443
2090,428.9,10.0401458740234
2091,429.1,209.249633789063
2092,429.2,303.515472412109
2093,429.4,3.97884321212769
2094,429.5,1.17341542243958
2095,429.8,1.89204895496368
2096,430.0,33.6308860778809
2097,430.2,165.846694946289
2098,430.3,50.1806106567383
2099,430.5,4.45911741256714
2100,430.7,2.23116278648376
2101,430.9,7.34839153289795
2102,431.1,83.5196380615234
2103,431.2,122.051940917969
2104,431.4,10.0277462005615
2105,431.7,0.870545387268066
2106,431.9,4.60504627227783
2107,432.0,10.3951272964478
2108,432.2,48.3457908630371
2109,432.3,29.6165790557861
2110,432.5,2.81531262397766
2111,432.7,2.63556742668152
2112,432.9,5.79562997817993
2113,433.1,34.9394798278809
2114,433.2,31.7122173309326
2115,433.3,32.5590057373047
2116,433.5,1.75669813156128
2117,433.7,1.57149052619934
2118,433.8,0.809936702251434
2119,434.0,7.10370254516602
2120,434.2,22.7136917114258
2121,434.3,20.1378650665283
2122,434.5,3.04144620895386
2123,434.6,2.01092505455017
2124,434.8,1.01456689834595
2125,435.0,5.35099267959595
2126,435.2,16.8063812255859
2127,435.3,16.0704936981201
2128,435.5,2.6910605430603
2129,435.6,1.48348212242126
2130,435.9,1.3883638381958
2131,436.0,1.71377789974213
2132,436.2,9.06572437286377
2133,436.3,10.0752620697021
2134,436.5,2.58631753921509
2135,436.6,1.84895515441895
2136,436.8,0.501690804958344
2137,437.0,2.79935836791992
2138,437.2,9.66999053955078
2139,437.3,10.43492603302
2140,437.5,3.37249636650085
2141,437.7,0.990202009677887
2142,437.9,0.848955154418945
2143,438.1,4.168212890625
2144,438.3,8.82285594940186
2145,438.4,6.79753732681274
2146,438.6,0.848695039749146
2147,438.7,1.00693666934967
2148,439.0,1.96271574497223
2149,439.2,5.59932374954224
2150,439.4,7.81886768341064
2151,439.5,3.03693747520447
2152,439.7,0.390444815158844
2153,439.9,0.794502735137939
2154,440.1,3.22960209846497
2155,440.3,7.20827198028564
2156,440.4,6.25691509246826
2157,440.6,1.69123387336731
2158,440.9,1.6104222536087
2159,441.1,5.0810718536377
2160,441.3,8.67814064025879
2161,441.4,6.46007108688354
2162,441.6,0.890661597251892
2163,441.7,1.15130496025085
2164,442.0,1.67519295215607
2165,442.2,5.67501974105835
2166,442.3,3.76770997047424
2167,442.4,5.91866827011108
2168,442.6,2.03173494338989
2169,442.9,2.48270177841187
2170,443.0,2.74143767356873
2171,443.2,11.3359060287476
2172,443.3,9.8858060836792
2173,443.5,2.26541233062744
2174,443.6,1.64987432956696
2175,443.9,1.3620046377182
2176,444.1,4.92014217376709
2177,444.3,9.2160758972168
2178,444.4,5.44463729858398
2179,444.7,3.163010597229
2180,444.8,2.02115678787231
2181,445.0,11.2669734954834
2182,445.2,25.0565338134766
2183,445.3,16.1395130157471
2184,445.5,3.44333648681641
2185,445.8,2.07274770736694
2186,446.0,4.32957601547241
2187,446.2,11.9139862060547
2188,446.3,6.79424238204956
2189,446.4,6.74031019210815
2190,446.6,1.37943291664124
2191,446.8,2.99228310585022
2192,447.0,7.63972949981689
2193,447.2,18.7775077819824
2194,447.3,13.0179481506348
2195,447.5,2.78921365737915
2196,447.8,1.5562299489975
2197,448.0,4.24390888214111
2198,448.2,11.431978225708
2199,448.3,10.8649091720581
2200,448.5,2.18616151809692
2201,448.6,1.66582846641541
2202,448.9,2.22726082801819
2203,449.1,6.45174694061279
2204,449.3,10.4146366119385
2205,449.4,5.57920742034912
2206,449.6,0.861701190471649
2207,449.8,1.07604265213013
2208,450.0,1.51764500141144
2209,450.2,4.95040321350098
2210,450.4,6.30434417724609
2211,450.5,3.20471692085266
2212,450.8,0.968525111675262
2213,451.0,1.56238615512848
2214,451.2,4.57816696166992
2215,451.3,6.28414106369019
2216,451.5,2.57218408584595
2217,451.7,1.07552242279053
2218,452.0,1.46405971050262
2219,452.2,3.70250582695007
2220,452.3,2.63114547729492
2221,452.4,4.38290119171143
2222,452.6,1.45443511009216
2223,452.9,1.001300573349
2224,453.0,0.840891361236572
2225,453.2,3.74386548995972
2226,453.3,4.78210353851318
2227,453.5,2.00537586212158
2228,453.8,0.796063482761383
2229,454.0,0.992196321487427
2230,454.1,1.03104138374329
2231,454.3,4.52380132675171
2232,454.4,4.13821220397949
2233,454.6,1.22448623180389
2234,454.9,0.74221795797348
2235,455.0,0.665308237075806
2236,455.2,3.81236457824707
2237,455.4,4.55839776992798
2238,455.5,1.84912860393524
2239,455.7,0.667475938796997
2240,456.0,1.09945368766785
2241,456.2,2.89967918395996
2242,456.4,3.85996699333191
2243,456.5,1.40345096588135
2244,456.6,1.66131973266602
2245,456.9,1.60521984100342
2246,457.0,1.56516087055206
2247,457.2,5.71247720718384
2248,457.3,4.73874950408936
2249,457.5,1.93436229228973
2250,457.7,0.325153917074203
2251,457.9,1.12191104888916
2252,458.1,2.96427631378174
2253,458.3,4.49882936477661
2254,458.4,4.07153367996216
2255,458.6,1.74672675132751
2256,458.8,5.40076303482056
2257,458.9,5.04846954345703
2258,459.1,19.253360748291
2259,459.2,11.7266969680786
2260,459.3,11.0992803573608
2261,459.5,2.52328109741211
2262,459.8,2.76614928245544
2263,460.0,6.53082466125488
2264,460.2,10.5239744186401
2265,460.3,7.25318670272827
2266,460.5,2.06511759757996
2267,460.7,4.41420269012451
2268,460.9,20.0618228912354
2269,461.1,73.5647277832031
2270,461.2,43.5356788635254
2271,461.4,4.93887090682983
2272,461.7,2.64978766441345
2273,461.9,9.91875457763672
2274,462.0,11.5731382369995
2275,462.2,29.7456855773926
2276,462.3,14.4018039703369
2277,462.6,3.4748113155365
2278,462.8,4.60547971725464
2279,463.0,14.7762937545776
2280,463.2,25.7105693817139
2281,463.3,6.24234819412231
2282,463.4,4.63990306854248
2283,463.7,1.7515823841095
2284,463.9,2.63149213790894
2285,464.1,5.94832229614258
2286,464.3,7.80915641784668
2287,464.4,4.00450897216797
2288,464.6,1.40596544742584
2289,464.9,2.07257437705994
2290,465.0,2.06373023986816
2291,465.2,6.72539663314819
2292,465.4,5.81444549560547
2293,465.5,1.91008412837982
2294,465.7,0.359056621789932
2295,465.9,0.765282213687897
2296,466.1,2.47628545761108
2297,466.3,4.36989498138428
2298,466.4,3.33980751037598
2299,466.7,1.10673713684082
2300,466.9,0.696349620819092
2301,467.1,1.89196217060089
2302,467.3,3.51859879493713
2303,467.4,2.40258383750916
2304,467.6,0.752709627151489
2305,467.9,0.626810014247894
2306,468.1,1.46926212310791
2307,468.3,2.64076995849609
2308,468.4,2.46709442138672
2309,468.6,0.76736319065094
2310,468.9,0.476458847522736
2311,469.0,0.542876958847046
2312,469.2,1.80057227611542
2313,469.3,1.06260299682617
2314,469.4,2.14064002037048
2315,469.6,0.851989924907684
2316,469.8,0.185467794537544
2317,470.0,0.435792952775955
2318,470.2,1.87609469890594
2319,470.3,1.27590394020081
2320,470.4,2.18867588043213
2321,470.6,0.810283541679382
2322,470.8,0.399462401866913
2323,471.0,0.858493030071259
2324,471.1,0.741177499294281
2325,471.3,2.51946592330933
2326,471.4,1.23072922229767
2327,471.5,1.42859625816345
2328,471.7,0.25552761554718
2329,471.9,0.590479493141174
2330,472.1,1.34050118923187
2331,472.3,2.48304867744446
2332,472.4,1.23307037353516
2333,472.6,1.72929859161377
2334,472.7,1.27052807807922
2335,472.9,5.10604333877563
2336,473.1,14.161883354187
2337,473.2,17.0825462341309
2338,473.4,5.22023773193359
2339,473.7,1.03737103939056
2340,473.8,0.810110092163086
2341,474.0,5.13127565383911
2342,474.2,12.1881561279297
2343,474.3,8.28405475616455
2344,474.5,1.23861956596375
2345,474.7,1.90817654132843
2346,474.9,9.82485008239746
2347,475.1,93.5492935180664
2348,475.2,116.329231262207
2349,475.4,7.57903385162354
2350,475.7,1.58085489273071
2351,475.9,7.25483417510986
2352,476.0,15.5332527160645
2353,476.2,61.0166473388672
2354,476.3,27.656810760498
2355,476.5,3.34336256980896
2356,476.8,2.86846446990967
2357,477.0,17.5443515777588
2358,477.2,42.8654289245605
2359,477.3,22.5255355834961
2360,477.5,1.59446799755096
2361,477.6,1.42391395568848
2362,477.9,2.62481570243835
2363,478.0,3.47333741188049
2364,478.2,13.0733547210693
2365,478.3,8.96609687805176
2366,478.5,2.08982920646667
2367,478.8,1.46093821525574
2368,479.0,5.44914579391479
2369,479.2,11.6885461807251
2370,479.3,7.33998107910156
2371,479.5,1.93583631515503
2372,479.7,0.426862061023712
2373,479.9,1.03277552127838
2374,480.1,3.23471784591675
2375,480.2,4.6978235244751
2376,480.4,2.36573314666748
2377,480.6,1.05870115756989
2378,480.9,1.53932189941406
2379,481.0,1.56021845340729
2380,481.2,5.53472661972046
2381,481.3,4.80568790435791
2382,481.5,0.978843331336975
2383,481.6,0.613717138767242
2384,481.8,0.246423304080963
2385,482.0,1.21399462223053
2386,482.2,2.15477323532104
2387,482.3,2.84557366371155
2388,482.5,1.3347784280777
2389,482.8,0.519639313220978
2390,482.9,0.401543408632278
2391,483.1,1.42738234996796
2392,483.3,2.07040667533875
2393,483.4,1.63244605064392
2394,483.7,0.516344428062439
2395,483.9,0.430070221424103
2396,484.1,1.01526057720184
2397,484.3,1.49536108970642
2398,484.4,1.74022376537323
2399,484.6,0.369374841451645
2400,484.7,0.540015578269958
2401,485.0,0.743345201015472
2402,485.2,1.22994887828827
2403,485.3,1.553715467453
2404,485.5,0.637475073337555
2405,485.6,0.545564889907837
2406,485.9,0.439608067274094
2407,486.1,0.700338184833527
2408,486.3,1.4468047618866
2409,486.5,1.07977104187012
2410,486.6,0.383768320083618
2411,486.7,0.784964859485626
2412,487.0,1.92187631130219
2413,487.2,4.10049438476563
2414,487.3,3.8595335483551
2415,487.5,0.99375706911087
2416,487.6,0.733373820781708
2417,487.9,1.18858921527863
2418,488.1,3.99471092224121
2419,488.3,6.54391765594482
2420,488.4,3.09008932113647
2421,488.6,1.1107257604599
2422,488.8,1.5565767288208
2423,489.0,28.3222064971924
2424,489.2,156.374664306641
2425,489.3,59.592041015625
2426,489.5,1.76736319065094
2427,489.7,0.482615113258362
2428,489.9,5.96861171722412
2429,490.1,41.8791313171387
2430,490.2,65.9943618774414
2431,490.4,7.71117639541626
2432,490.5,2.46579384803772
2433,490.7,0.942599475383759
2434,490.9,5.78704595565796
2435,491.1,32.6438064575195
2436,491.2,28.8790435791016
2437,491.3,30.2687931060791
2438,491.5,1.80161273479462
2439,491.8,1.51278936862946
2440,491.9,2.06425046920776
2441,492.1,9.74637985229492
2442,492.2,8.51122856140137
2443,492.3,12.590479850769
2444,492.5,2.13491725921631
2445,492.8,1.48634350299835
2446,493.0,5.58978605270386
2447,493.1,6.07612943649292
2448,493.3,13.0863609313965
2449,493.4,5.20020818710327
2450,493.6,0.841064751148224
2451,493.9,0.912772059440613
2452,494.1,3.01812195777893
2453,494.3,4.92820596694946
2454,494.4,1.43362522125244
2455,494.5,1.17012047767639
2456,494.7,0.184167176485062
2457,494.9,1.40310418605804
2458,495.1,4.17142105102539
2459,495.3,5.838463306427
2460,495.4,2.60019063949585
2461,495.6,0.638862371444702
2462,495.8,0.183039978146553
2463,496.0,1.04604184627533
2464,496.2,2.06485748291016
2465,496.3,2.31917119026184
2466,496.5,1.15997576713562
2467,496.7,0.203502997756004
2468,496.9,0.581635296344757
2469,497.0,0.441949188709259
2470,497.2,2.33555889129639
2471,497.3,1.09355759620667
2472,497.4,1.59802305698395
2473,497.6,0.678747951984406
2474,497.8,0.178791299462318
2475,498.0,0.730599164962769
2476,498.2,1.10309541225433
2477,498.4,1.51599752902985
2478,498.5,0.772912502288818
2479,498.7,0.256221264600754
2480,498.9,0.400589615106583
2481,499.1,0.827278256416321
2482,499.3,1.32610774040222
2483,499.4,0.619006335735321
2484,499.5,0.817306876182556
2485,499.8,0.473337382078171
2486,500.0,0.489725142717361
2487,500.2,0.807508885860443
2488,500.3,0.570970237255096
2489,500.4,0.829012393951416
2490,500.6,0.348044753074646
2491,500.8,0.787132561206818
2492,501.0,2.25994968414307
2493,501.2,4.30356359481812
2494,501.3,2.58831191062927
2495,501.4,2.34717774391174
2496,501.7,0.683343470096588
2497,501.8,0.234544351696968
2498,502.0,0.840110957622528
2499,502.2,2.13214254379272
2500,502.4,2.33599233627319
2501,502.5,0.645452201366425
2502,502.7,1.33417153358459
2503,502.8,1.32498049736023
2504,503.0,16.7907733917236
2505,503.1,26.3369464874268
2506,503.2,61.0250587463379
2507,503.4,7.21720266342163
2508,503.5,1.5001300573349
2509,503.8,1.55007374286652
2510,504.0,9.72721767425537
2511,504.2,26.3657321929932
2512,504.3,18.6816959381104
2513,504.5,2.54556488990784
2514,504.8,1.58068156242371
2515,504.9,2.8341281414032
2516,505.1,16.069019317627
2517,505.2,11.0541925430298
2518,505.3,13.0580072402954
2519,505.5,1.24928462505341
2520,505.6,1.05185115337372
2521,505.9,1.68334341049194
2522,506.0,1.79623687267303
2523,506.2,6.333824634552
2524,506.3,3.38775682449341
2525,506.4,2.97892999649048
2526,506.6,0.545131385326385
2527,506.8,1.63738834857941
2528,507.0,5.52631568908691
2529,507.2,15.1982135772705
2530,507.3,12.0000867843628
2531,507.5,2.29159808158875
2532,507.8,0.937310338020325
2533,508.0,2.48122787475586
2534,508.1,2.19275116920471
2535,508.3,5.43033027648926
2536,508.4,2.56620144844055
2537,508.6,0.671984732151031
2538,508.9,0.966530799865723
2539,509.0,0.923610508441925
2540,509.2,3.38186073303223
2541,509.4,3.65559697151184
2542,509.5,1.09251713752747
2543,509.7,0.273476123809814
2544,510.0,0.456776201725006
2545,510.2,1.0256655216217
2546,510.3,1.26350474357605
2547,510.6,0.67701381444931
2548,510.7,0.33590567111969
2549,510.9,0.750108361244202
2550,511.1,1.31752359867096
2551,511.3,1.8054279088974
2552,511.5,1.35055923461914
2553,511.6,0.200208097696304
2554,511.8,0.371369123458862
2555,511.9,0.14159369468689
2556,512.1,0.73051244020462
2557,512.3,1.06416368484497
2558,512.4,0.857192397117615
2559,512.6,0.321859002113342
2560,512.8,0.346484005451202
2561,513.0,0.503598392009735
2562,513.2,0.798751413822174
2563,513.4,0.762854397296906
2564,513.6,0.556229948997498
2565,513.8,0.175756528973579
2566,514.1,0.474031031131744
2567,514.3,0.727217555046082
2568,514.4,0.774993479251862
2569,514.7,0.312928110361099
2570,514.8,0.159195348620415
2571,515.0,0.626203060150146
2572,515.1,0.453307896852493
2573,515.3,0.947801947593689
2574,515.4,0.55883115530014
2575,515.5,0.517124772071838
2576,515.7,0.37882599234581
2577,516.0,0.516344428062439
2578,516.1,0.381253778934479
2579,516.2,1.16361749172211
2580,516.4,0.395907402038574
2581,516.6,0.563079833984375
2582,516.8,0.496835172176361
2583,517.0,0.945374131202698
2584,517.1,0.853290557861328
2585,517.3,1.78253710269928
2586,517.4,1.08982920646667
2587,517.6,0.489291608333588
2588,517.8,0.195872709155083
2589,518.0,0.513049483299255
2590,518.2,0.926992118358612
2591,518.4,0.843839406967163
2592,518.6,0.92014217376709
2593,518.8,1.65672421455383
2594,519.0,4.10985851287842
2595,519.2,5.86274147033691
2596,519.3,3.14454174041748
2597,519.5,1.07231426239014
2598,519.7,0.421659588813782
2599,519.9,0.942079246044159
2600,520.1,2.19205760955811
2601,520.3,2.08549380302429
2602,520.4,1.30078899860382
2603,520.7,1.6123298406601
2604,520.9,3.6090350151062
2605,521.1,8.56256008148193
2606,521.2,7.31058692932129
2607,521.4,1.17454266548157
2608,521.5,0.981704652309418
2609,521.7,0.375964611768723
2610,521.9,1.20220232009888
2611,522.1,2.70666790008545
2612,522.3,3.80109262466431
2613,522.4,1.55336856842041
2614,522.6,0.345877051353455
2615,522.8,0.81063038110733
2616,523.0,1.94268620014191
2617,523.2,2.85381078720093
2618,523.3,1.35177314281464
2619,523.4,0.976588904857635
2620,523.7,0.393826425075531
2621,523.9,0.553281903266907
2622,524.1,0.982311606407166
2623,524.2,0.607214093208313
2624,524.4,0.947194993495941
2625,524.5,0.370155215263367
2626,524.7,0.227521032094955
2627,524.9,0.452961057424545
2628,525.0,0.400502890348434
2629,525.2,0.768577098846436
2630,525.3,1.06286311149597
2631,525.5,0.609295070171356
2632,525.7,0.343102395534515
2633,525.9,0.417324185371399
2634,526.2,0.964363157749176
2635,526.3,0.785831987857819
2636,526.6,0.45096680521965
2637,526.7,0.358969926834106
2638,527.0,0.477412641048431
2639,527.2,0.615884840488434
2640,527.4,0.621174037456512
2641,527.5,0.270354628562927
2642,527.8,0.234457641839981
2643,528.0,0.401890218257904
2644,528.2,0.296973913908005
2645,528.4,0.4028440117836
2646,528.5,0.234544351696968
2647,528.6,0.357235759496689
2648,528.9,0.419058352708817
2649,529.0,0.432844877243042
2650,529.3,0.763808190822601
2651,529.5,0.533859372138977
2652,529.7,0.250498563051224
2653,529.8,0.0697997063398361
2654,530.0,0.292638510465622
2655,530.2,0.634266912937164
2656,530.3,0.502991437911987
2657,530.5,0.380039870738983
2658,530.7,0.350819379091263
2659,530.9,0.214688286185265
2660,531.1,0.578947365283966
2661,531.2,0.369028002023697
2662,531.3,0.655857086181641
2663,531.5,0.292378395795822
2664,531.7,0.478973388671875
2665,531.9,0.371542543172836
2666,532.0,0.540449142456055
2667,532.2,0.31622302532196
2668,532.3,0.713777840137482
2669,532.5,0.492933332920074
2670,532.8,1.46362614631653
2671,532.9,1.8334344625473
2672,533.1,9.13014793395996
2673,533.2,10.3374662399292
2674,533.4,2.02479839324951
2675,533.5,0.869765043258667
2676,533.8,0.69669646024704
2677,533.9,0.796670436859131
2678,534.1,2.92603826522827
2679,534.2,3.38082027435303
2680,534.4,1.68143582344055
2681,534.7,2.19075703620911
2682,534.9,9.57660579681396
2683,535.0,13.8065547943115
2684,535.2,42.4597244262695
2685,535.3,11.2583026885986
2686,535.4,5.13379001617432
2687,535.6,0.847134292125702
2688,535.8,2.65603041648865
2689,536.0,9.5378475189209
2690,536.2,18.420446395874
2691,536.3,7.93878412246704
2692,536.5,1.80828928947449
2693,536.8,2.00563597679138
2694,536.9,2.41914510726929
2695,537.1,10.1944856643677
2696,537.2,10.4874706268311
2697,537.4,2.82294297218323
2698,537.7,0.666782259941101
2699,537.9,1.12615966796875
2700,538.1,2.72834467887878
2701,538.2,2.93054723739624
2702,538.4,1.32073175907135
2703,538.6,0.302263081073761
2704,538.8,0.591259837150574
2705,539.0,1.54573833942413
2706,539.2,1.91936182975769
2707,539.4,1.80352032184601
2708,539.5,0.481401205062866
2709,539.8,0.308852851390839
2710,539.9,0.362871766090393
2711,540.1,0.563079833984375
2712,540.3,0.932974934577942
2713,540.4,0.885632514953613
2714,540.6,0.332350641489029
2715,540.8,0.149137258529663
2716,541.0,0.442642837762833
2717,541.1,0.396687775850296
2718,541.3,0.745252728462219
2719,541.5,0.51677793264389
2720,541.7,0.282753825187683
2721,541.8,0.142894297838211
2722,541.9,0.437700510025024
2723,542.1,0.189282923936844
2724,542.3,0.670423984527588
2725,542.5,0.566634893417358
2726,542.6,0.283447504043579
2727,542.9,0.212780714035034
2728,543.0,0.12191104143858
2729,543.2,0.355241477489471
2730,543.4,0.329836130142212
2731,543.6,0.35281366109848
2732,543.7,0.122691407799721
2733,543.8,0.29437267780304
2734,544.0,0.219890743494034
2735,544.2,0.272695749998093
2736,544.4,0.442122608423233
2737,544.6,0.326367825269699
2738,544.8,0.312061041593552
2739,545.0,0.395907402038574
2740,545.2,0.448365569114685
2741,545.4,0.40717938542366
2742,545.5,0.296887189149857
2743,545.8,0.204890310764313
2744,545.9,0.306771874427795
2745,546.2,0.342842280864716
2746,546.3,0.193358182907104
2747,546.4,0.373710215091705
2748,546.7,0.293592303991318
2749,546.9,1.01760160923004
2750,547.0,0.960547983646393
2751,547.2,2.65498995780945
2752,547.3,1.250932097435
2753,547.4,1.25162577629089
2754,547.6,0.252839684486389
2755,547.9,0.348044753074646
2756,548.1,1.36131107807159
2757,548.3,1.29021072387695
2758,548.4,0.598976850509644
2759,548.6,0.570450007915497
2760,548.8,1.36365211009979
2761,549.0,14.1343097686768
2762,549.2,65.5933380126953
2763,549.3,44.7426528930664
2764,549.5,2.20463013648987
2765,549.7,1.20714473724365
2766,549.9,3.19726014137268
#"+ Scan (rt: 4.992-54.961 min, 8744 scans) 281021_SP_20H.D "
#Point,X(Thompsons),Y(Counts)
0,50.1,5928.37890625
1,50.3,0.765553534030914
2,51.0,2.04357266426086
3,51.1,11199.666015625
4,52.0,2.85407137870789
5,52.1,9898.6005859375
6,52.3,0.798947870731354
7,53.2,14825.9326171875
8,53.3,0.482845366001129
9,54.2,18906.736328125
10,55.2,31446.291015625
11,56.2,20840.9609375
12,57.2,16776.50390625
13,57.3,28.9827308654785
14,57.5,6.1948766708374
15,57.8,2.94178867340088
16,58.0,26.2089424133301
17,58.2,3738.5234375
18,58.3,102.220497131348
19,58.5,4.81495904922485
20,58.6,312.869506835938
21,58.8,6.61493587493896
22,59.0,137.87077331543
23,59.2,8081.33740234375
24,59.3,7.38872385025024
25,59.9,0.684583723545074
26,60.1,4901.95068359375
27,60.2,1069.08666992188
28,60.9,1.16571366786957
29,61.1,2503.974609375
30,61.2,627.598815917969
31,61.8,0.116079598665237
32,62.0,103.07056427002
33,62.1,2769.98583984375
34,62.3,4.39398431777954
35,63.0,19.4151420593262
36,63.1,6899.7421875
37,63.3,1.02184355258942
38,63.9,0.497140884399414
39,64.1,4210.23828125
40,64.2,956.605895996094
41,65.0,1.10510063171387
42,65.1,11500.7080078125
43,65.8,2.12717294692993
44,66.0,27.9770126342773
45,66.1,8918.8193359375
46,66.3,0.317246109247208
47,67.0,0.458943277597427
48,67.2,14319.2802734375
49,67.3,0.555695354938507
50,68.2,18839.75390625
51,68.3,0.40233302116394
52,69.2,22078.349609375
53,70.2,20846.330078125
54,70.3,1.38952422142029
55,71.0,3.16216826438904
56,71.2,9412.572265625
57,71.3,14.5784540176392
58,71.8,2.40427732467651
59,72.0,25.8703117370605
60,72.2,7023.54736328125
61,72.3,29.7049407958984
62,72.5,1.2681839466095
63,72.8,1.7421088218689
64,73.0,17.92360496521
65,73.1,9568.1650390625
66,73.3,1.18801462650299
67,74.0,104.782249450684
68,74.1,3652.30151367188
69,74.3,1.32811069488525
70,75.0,72.8110733032227
71,75.1,4042.9482421875
72,75.3,1.17291855812073
73,75.8,0.117566332221031
74,76.0,88.4841003417969
75,76.1,3617.86083984375
76,76.3,6.68881511688232
77,77.0,3.16205406188965
78,77.1,14867.7158203125
79,78.0,8.24188041687012
80,78.1,9170.5341796875
81,78.3,0.253316551446915
82,79.0,0.615393400192261
83,79.1,12446.451171875
84,80.0,2.36356353759766
85,80.2,14098.2138671875
86,80.3,0.298032939434052
87,81.2,16463.05078125
88,82.0,2.19293236732483
89,82.2,16381.16015625
90,82.3,0.943504095077515
91,83.0,1.64192593097687
92,83.2,14950.6357421875
93,83.3,4.04265785217285
94,84.1,22497.31640625
95,85.0,10.5661020278931
96,85.2,10123.48046875
97,85.3,5.45036602020264
98,86.0,27.2003650665283
99,86.2,6600.0107421875
100,86.3,11.2701282501221
101,86.8,0.0919487625360489
102,87.0,97.8086700439453
103,87.1,3326.2734375
104,87.3,6.95665597915649
105,87.6,0.101784080266953
106,87.8,1.02653253078461
107,88.0,171.122940063477
108,88.1,1490.10083007813
109,88.3,26.6788654327393
110,88.5,0.326852709054947
111,88.8,0.52024245262146
112,89.0,55.2413101196289
113,89.1,6534.140625
114,89.3,1.74519670009613
115,89.4,0.20070905983448
116,89.8,0.756747484207153
117,90.0,75.2954025268555
118,90.1,5763.62841796875
119,90.3,30.1524467468262
120,91.0,0.578339457511902
121,91.1,22876.67578125
122,92.0,16.8500690460205
123,92.1,8092.7705078125
124,93.0,3.16365504264832
125,93.2,9895.0830078125
126,93.3,0.336573660373688
127,94.1,12010.8779296875
128,94.2,7088.720703125
129,95.0,0.457342177629471
130,95.2,17147.916015625
131,95.3,0.447049409151077
132,96.0,5.16479873657227
133,96.2,14547.2490234375
134,97.0,20.1029281616211
135,97.2,14141.853515625
136,97.3,1.06667423248291
137,98.0,3.77596068382263
138,98.2,13457.1298828125
139,98.3,1.62774479389191
140,99.0,32.5657577514648
141,99.1,9103.7978515625
142,99.3,8.12156867980957
143,99.6,0.048147302120924
144,99.8,0.0840576365590096
145,100.0,80.9322967529297
146,100.1,12542.7236328125
147,100.3,8.94647789001465
148,100.5,0.0949222296476364
149,100.8,0.542543470859528
150,101.0,111.981704711914
151,101.1,3775.4189453125
152,101.3,6.50674724578857
153,101.6,0.0798261687159538
154,101.9,3.56838965415955
155,102.1,2814.30908203125
156,102.2,1093.62194824219
157,102.4,0.336001843214035
158,102.9,1.02115738391876
159,103.1,4269.26611328125
160,103.2,1880.78674316406
161,103.4,0.102470263838768
162,103.8,0.118023790419102
163,104.0,39.1690292358398
164,104.1,7448.5263671875
165,104.3,1.8395471572876
166,104.5,0.0386550761759281
167,104.9,0.2676120698452
168,105.1,5525.88818359375
169,105.2,3562.6953125
170,105.8,0.0291628539562225
171,106.0,17.4834175109863
172,106.2,8627.9453125
173,106.3,5.5265326499939
174,106.9,0.283623069524765
175,107.1,13638.0751953125
176,107.2,5917.5478515625
177,108.0,4.50491762161255
178,108.2,16335.3544921875
179,108.3,4.76338052749634
180,109.0,9.00514602661133
181,109.2,14140.6923828125
182,109.3,6.47301006317139
183,110.0,9.17223262786865
184,110.2,12750.0048828125
185,110.3,6.83279943466187
186,110.9,0.236276298761368
187,111.1,6189.70654296875
188,111.2,6339.49560546875
189,111.4,0.218664228916168
190,112.0,18.7387924194336
191,112.2,9047.021484375
192,112.3,10.77024269104
193,112.8,0.0884034782648087
194,113.0,42.8538436889648
195,113.1,6232.2275390625
196,113.3,17.3593330383301
197,113.4,0.703225076198578
198,113.6,0.0408279970288277
199,113.8,0.49165141582489
200,114.0,75.9870758056641
201,114.1,4924.51416015625
202,114.3,20.9479637145996
203,114.5,0.314730107784271
204,114.8,0.766468405723572
205,115.0,29.4597434997559
206,115.1,8538.291015625
207,115.3,1.75617563724518
208,115.4,0.116994507610798
209,115.7,0.114707231521606
210,115.9,3.30786824226379
211,116.1,4365.32275390625
212,116.2,1903.03723144531
213,116.4,0.594807863235474
214,116.8,0.28305122256279
215,117.0,17.2504577636719
216,117.1,16296.3310546875
217,117.3,2.24931383132935
218,117.4,0.33451509475708
219,117.6,0.0926349461078644
220,117.8,0.59103387594223
221,118.0,28.7494277954102
222,118.1,7246.431640625
223,118.3,2.59663772583008
224,118.4,0.499885648488998
225,118.6,0.108188472688198
226,118.9,2.93641352653503
227,119.1,4569.671875
228,119.2,3267.14453125
229,119.4,0.216033846139908
230,119.7,0.276532471179962
231,119.9,1.39215457439423
232,120.1,4636.7509765625
233,120.2,4630.4482421875
234,120.4,0.192131742835045
235,120.6,0.0537511445581913
236,120.8,0.412053972482681
237,121.0,11.5408277511597
238,121.2,10200.6669921875
239,121.3,4.61871004104614
240,121.4,0.376143634319305
241,121.7,0.15233302116394
242,121.9,1.04471635818481
243,122.1,3422.1533203125
244,122.2,6454.63037109375
245,122.4,0.286825239658356
246,122.7,0.0624428167939186
247,122.9,1.0956084728241
248,123.1,4224.48779296875
249,123.2,7220.57470703125
250,123.4,0.361390680074692
251,123.8,0.102698996663094
252,124.0,12.0229873657227
253,124.1,3940.24145507813
254,124.2,7363.39501953125
255,124.4,0.576623976230621
256,124.8,0.0211573652923107
257,125.0,19.13254737854
258,125.2,11831.845703125
259,125.3,15.2869396209717
260,125.4,0.549290955066681
261,125.6,0.188472092151642
262,125.9,1.61161935329437
263,126.1,3713.109375
264,126.2,3272.8349609375
265,126.4,0.732845366001129
266,126.6,0.0229871906340122
267,126.9,3.15690755844116
268,127.1,3042.26806640625
269,127.2,2176.087890625
270,127.4,1.23193049430847
271,127.6,0.184126257896423
272,127.9,2.60555815696716
273,128.1,4194.021484375
274,128.2,2726.76953125
275,128.4,0.672461092472076
276,128.7,0.296431839466095
277,128.8,0.662854552268982
278,129.0,18.2724151611328
279,129.2,7672.73193359375
280,129.3,5.68103837966919
281,129.5,0.079940527677536
282,129.7,0.253774017095566
283,129.9,3.12431383132935
284,130.1,5925.568359375
285,130.2,5197.28564453125
286,130.4,0.700365960597992
287,130.5,0.258234202861786
288,130.8,0.599611163139343
289,131.0,13.3371458053589
290,131.2,9753.99609375
291,131.3,4.28716850280762
292,131.4,0.67200368642807
293,131.6,0.0720494017004967
294,131.8,0.469693511724472
295,132.0,16.5719356536865
296,132.1,3735.15014648438
297,132.2,3455.34350585938
298,132.4,0.412625789642334
299,132.6,0.0450594685971737
300,132.8,0.517955183982849
301,133.0,51.3830070495605
302,133.1,9140.357421875
303,133.3,2.25343084335327
304,133.6,0.361390680074692
305,133.8,1.39958834648132
306,134.0,22.5889759063721
307,134.2,7282.61767578125
308,134.3,8.6404390335083
309,134.5,0.22495424747467
310,134.8,0.813586473464966
311,135.0,14.256175994873
312,135.2,10913.8408203125
313,135.3,9.82033348083496
314,135.4,0.576738357543945
315,135.6,0.0193275380879641
316,135.8,0.255603849887848
317,136.0,14.2623510360718
318,136.2,7934.77685546875
319,136.3,18.5677032470703
320,136.6,0.14478500187397
321,136.8,0.550434589385986
322,137.0,17.3496112823486
323,137.2,10552.455078125
324,137.3,9.84069061279297
325,137.5,0.182753890752792
326,137.8,0.25709056854248
327,138.0,13.5948076248169
328,138.2,11008.5146484375
329,138.3,26.2877407073975
330,138.5,0.215004578232765
331,138.7,0.0718206763267517
332,138.9,2.42783617973328
333,139.1,3860.67749023438
334,139.2,4056.3203125
335,139.4,0.594807863235474
336,139.7,0.117795057594776
337,139.8,0.175205856561661
338,140.0,32.2191200256348
339,140.2,6185.95654296875
340,140.3,26.8299407958984
341,140.4,1.61013269424438
342,140.7,0.258119851350784
343,140.9,3.15462040901184
344,141.1,1868.39978027344
345,141.2,2925.8037109375
346,141.4,1.75434589385986
347,141.7,0.724725544452667
348,141.8,0.523444652557373
349,142.0,31.2456550598145
350,142.1,4259.15869140625
351,142.3,9.9635181427002
352,142.5,0.239707231521606
353,142.8,0.397186636924744
354,143.0,21.4734668731689
355,143.2,5580.56884765625
356,143.3,7.78751134872437
357,143.5,0.300091505050659
358,143.7,0.263952434062958
359,143.9,2.10247015953064
360,144.1,2414.45458984375
361,144.2,2988.06494140625
362,144.4,0.492795050144196
363,144.6,0.219236046075821
364,144.9,2.35464310646057
365,145.1,3094.24560546875
366,145.2,3715.11669921875
367,145.4,1.01132202148438
368,145.6,0.0614135414361954
369,145.8,0.605215013027191
370,146.0,13.06884765625
371,146.1,2973.54028320313
372,146.2,4018.63940429688
373,146.4,0.749313831329346
374,146.7,0.402104288339615
375,146.9,7.51372385025024
376,147.1,4022.06079101563
377,147.2,4213.64404296875
378,147.4,0.378202199935913
379,147.6,0.216834396123886
380,147.7,0.122941449284554
381,147.9,2.02172923088074
382,148.0,8.74679756164551
383,148.2,6700.15625
384,148.3,15.5801696777344
385,148.6,0.138266235589981
386,148.7,0.396843552589417
387,148.9,4.92612075805664
388,149.1,4095.95434570313
389,149.2,4446.2138671875
390,149.4,0.527790486812592
391,149.7,0.325137227773666
392,149.9,1.70482611656189
393,150.1,2482.82568359375
394,150.2,4327.7158203125
395,150.4,0.579940557479858
396,150.6,0.313929557800293
397,150.8,0.790713608264923
398,151.0,14.1956768035889
399,151.1,3066.9189453125
400,151.2,7569.47412109375
401,151.4,0.665370523929596
402,151.6,0.0359103381633759
403,151.8,0.422118037939072
404,152.0,12.1261434555054
405,152.2,10251.48828125
406,152.3,17.0944652557373
407,152.5,0.247712716460228
408,152.7,0.324908494949341
409,152.9,3.84549403190613
410,153.0,17.8902111053467
411,153.2,6221.67578125
412,153.3,20.0196704864502
413,153.5,0.129917651414871
414,153.7,0.251258015632629
415,153.8,0.315759390592575
416,154.0,19.8752288818359
417,154.2,9261.7734375
418,154.3,27.5697612762451
419,154.6,0.477927714586258
420,154.7,0.195333942770958
421,154.9,5.42955160140991
422,155.1,2293.42041015625
423,155.2,2674.87475585938
424,155.3,15.8730554580688
425,155.5,0.551921308040619
426,155.8,1.71912169456482
427,156.0,28.0742225646973
428,156.2,5044.49169921875
429,156.3,13.2021961212158
430,156.5,0.394899368286133
431,156.8,0.944533407688141
432,157.0,16.3300552368164
433,157.2,5555.84521484375
434,157.3,10.7718439102173
435,157.6,0.200480327010155
436,157.8,0.602012813091278
437,158.0,17.6678867340088
438,158.2,4436.2890625
439,158.3,10.5689611434937
440,158.5,0.352355897426605
441,158.7,0.108874656260014
442,158.9,2.31553053855896
443,159.1,1784.31018066406
444,159.2,3482.52783203125
445,159.4,0.894784986972809
446,159.7,0.173604756593704
447,159.9,1.35555803775787
448,160.1,1957.22412109375
449,160.2,3412.3251953125
450,160.3,14.5558099746704
451,160.5,0.244053065776825
452,160.8,1.23353159427643
453,161.0,14.8346290588379
454,161.2,5970.142578125
455,161.3,12.7727584838867
456,161.5,0.116079598665237
457,161.7,0.285452872514725
458,161.9,2.39707231521606
459,162.1,1939.55895996094
460,162.2,3472.08178710938
461,162.4,1.4813586473465
462,162.6,0.408966153860092
463,162.8,2.31518745422363
464,163.0,24.5774250030518
465,163.2,6331.2890625
466,163.3,21.3607044219971
467,163.5,0.226440981030464
468,163.6,0.573421776294708
469,163.9,2.4445333480835
470,164.1,1646.99487304688
471,164.2,4003.3193359375
472,164.3,27.5154399871826
473,164.5,0.189501374959946
474,164.7,0.803522408008575
475,164.9,5.07776784896851
476,165.1,1936.16882324219
477,165.2,7389.26708984375
478,165.4,1.3978728055954
479,165.7,0.439043909311295
480,165.9,1.94144558906555
481,166.0,10.7692127227783
482,166.2,7974.4765625
483,166.3,13.2848806381226
484,166.6,0.220036596059799
485,166.8,0.659652352333069
486,166.9,1.76223695278168
487,167.1,1876.16259765625
488,167.2,4355.64208984375
489,167.3,11.6833257675171
490,167.5,0.280077755451202
491,167.7,0.0949222296476364
492,167.9,2.23387455940247
493,168.1,2925.44360351563
494,168.2,4124.677734375
495,168.4,2.31861853599548
496,168.6,0.126486733555794
497,168.8,0.933325707912445
498,169.0,18.0194416046143
499,169.2,4281.81396484375
500,169.3,19.5550098419189
501,169.5,0.125571817159653
502,169.7,0.538769423961639
503,169.9,3.29208588600159
504,170.0,16.8234214782715
505,170.2,4593.673828125
506,170.3,14.5292768478394
507,170.5,0.492223232984543
508,170.8,0.730100631713867
509,171.0,15.9594011306763
510,171.2,4741.72412109375
511,171.3,8.95002269744873
512,171.5,0.419373273849487
513,171.8,0.816674292087555
514,172.0,11.5735359191895
515,172.2,4422.2294921875
516,172.3,14.8922691345215
517,172.5,0.261093318462372
518,172.8,0.778247952461243
519,173.0,12.8217067718506
520,173.2,4547.08251953125
521,173.3,18.1053295135498
522,173.5,0.440073192119598
523,173.7,0.229643180966377
524,173.9,1.07307863235474
525,174.1,1403.09558105469
526,174.2,3181.68310546875
527,174.4,0.524245202541351
528,174.6,0.122712716460228
529,174.7,0.148215919733047
530,174.9,2.0592405796051
531,175.1,1479.81701660156
532,175.2,3434.04614257813
533,175.3,20.2524013519287
534,175.5,0.211344927549362
535,175.8,1.22403931617737
536,176.0,11.5460891723633
537,176.1,1405.689453125
538,176.2,3150.75512695313
539,176.4,1.25720489025116
540,176.6,0.179666057229042
541,176.8,2.13906669616699
542,177.0,32.3153038024902
543,177.2,5248.7353515625
544,177.3,32.037052154541
545,177.5,0.354071348905563
546,177.8,1.48684811592102
547,178.0,18.3364601135254
548,178.2,5119.76806640625
549,178.3,33.8013496398926
550,178.6,0.721523344516754
551,178.8,2.49382424354553
552,179.0,19.4863910675049
553,179.2,6109.00341796875
554,179.3,20.7320442199707
555,179.5,0.28122141957283
556,179.8,0.859903931617737
557,180.0,11.5043458938599
558,180.2,5067.83251953125
559,180.3,26.5709056854248
560,180.6,0.426349490880966
561,180.8,0.884606599807739
562,181.0,12.9316101074219
563,181.2,4330.12353515625
564,181.3,30.7443962097168
565,181.4,1.03911256790161
566,181.6,0.0975526049733162
567,181.8,0.852813363075256
568,182.0,9.96546173095703
569,182.1,1555.287109375
570,182.2,3563.84130859375
571,182.4,2.45036602020264
572,182.6,0.292314738035202
573,182.8,0.738449215888977
574,183.0,11.6043004989624
575,183.1,1047.65063476563
576,183.2,3290.47900390625
577,183.4,2.11264872550964
578,183.7,0.410795986652374
579,183.9,2.40141820907593
580,184.0,10.9934816360474
581,184.2,3680.0634765625
582,184.3,23.306037902832
583,184.5,0.299290955066681
584,184.6,0.192131742835045
585,184.9,3.28282260894775
586,185.0,9.68435478210449
587,185.2,4533.3056640625
588,185.3,18.3564739227295
589,185.5,0.802264392375946
590,185.8,0.548147320747375
591,186.0,10.4755258560181
592,186.2,5445.46923828125
593,186.3,21.1070442199707
594,186.5,0.209286361932755
595,186.7,0.310841709375381
596,186.8,0.399359554052353
597,187.0,10.479528427124
598,187.2,4020.29418945313
599,187.3,18.7321586608887
600,187.5,0.573993623256683
601,187.7,0.495654165744781
602,187.9,0.8274245262146
603,188.1,1039.30236816406
604,188.2,2851.81811523438
605,188.4,1.15267610549927
606,188.6,0.112763039767742
607,188.8,1.00148677825928
608,189.0,8.09709548950195
609,189.2,4036.3115234375
610,189.3,28.0124664306641
611,189.5,0.276303738355637
612,189.7,0.220265328884125
613,189.9,1.24496793746948
614,190.1,1041.70703125
615,190.2,2830.2744140625
616,190.4,1.85898900032043
617,190.6,0.671546220779419
618,190.7,0.50182980298996
619,190.9,13.7152328491211
620,191.1,1747.55639648438
621,191.2,3063.33154296875
622,191.4,0.889752984046936
623,191.5,0.414112538099289
624,191.8,1.93629920482635
625,192.0,21.7918567657471
626,192.2,4561.7724609375
627,192.3,65.2472534179688
628,192.6,1.25388836860657
629,192.7,0.697049379348755
630,192.9,18.5312213897705
631,193.1,1692.40185546875
632,193.2,3331.94775390625
633,193.4,0.407822519540787
634,193.7,0.686870992183685
635,193.9,6.01280879974365
636,194.1,790.820678710938
637,194.2,3817.60791015625
638,194.4,1.41125345230103
639,194.7,0.598010063171387
640,194.9,6.20871448516846
641,195.1,924.951293945313
642,195.2,3342.349609375
643,195.4,1.35887467861176
644,195.7,0.178179323673248
645,195.8,0.484332114458084
646,196.0,12.0730791091919
647,196.2,3769.85864257813
648,196.3,42.9281806945801
649,196.5,0.494967967271805
650,196.7,0.530077755451202
651,196.9,3.49050784111023
652,197.1,768.551330566406
653,197.2,3083.10473632813
654,197.4,2.1707456111908
655,197.6,0.0855443701148033
656,197.8,0.670974373817444
657,198.0,10.1626262664795
658,198.2,3213.61401367188
659,198.3,25.7793922424316
660,198.5,0.302950590848923
661,198.8,0.565873742103577
662,199.0,11.2458829879761
663,199.2,4229.76025390625
664,199.3,22.1949901580811
665,199.5,0.556838989257813
666,199.8,0.741765797138214
667,199.9,1.1609103679657
668,200.1,833.057067871094
669,200.2,3000.96240234375
670,200.4,1.91319763660431
671,200.7,0.331999093294144
672,200.9,1.43538427352905
673,201.1,771.580078125
674,201.2,2526.72924804688
675,201.4,0.890553534030914
676,201.5,0.287968903779984
677,201.8,0.435498625040054
678,202.0,8.21763515472412
679,202.2,3136.67797851563
680,202.3,40.1035003662109
681,202.4,2.61459279060364
682,202.6,0.221065878868103
683,202.8,1.09103381633759
684,203.0,10.8939847946167
685,203.2,3080.24072265625
686,203.3,39.5360260009766
687,203.6,0.399588286876678
688,203.7,0.139295518398285
689,203.9,0.879002749919891
690,204.0,8.10693073272705
691,204.2,2929.48901367188
692,204.3,52.9624900817871
693,204.6,0.504917681217194
694,204.7,0.281907588243484
695,204.9,2.81084179878235
696,205.1,689.460632324219
697,205.2,2444.22241210938
698,205.4,2.48364591598511
699,205.7,0.411253422498703
700,205.9,1.86962485313416
701,206.1,482.264862060547
702,206.2,2829.205078125
703,206.4,4.26177930831909
704,206.6,0.0383119843900204
705,206.8,0.0925205871462822
706,207.0,85.0965270996094
707,207.1,9338.943359375
708,207.3,4.4123969078064
709,207.8,2.32673835754395
710,208.0,52.4231491088867
711,208.2,4948.1669921875
712,208.3,129.209289550781
713,208.5,0.37763038277626
714,208.7,0.689958810806274
715,208.9,12.2144327163696
716,209.1,1165.50415039063
717,209.2,3011.47265625
718,209.4,1.39650046825409
719,209.6,0.294373273849487
720,209.8,1.61436414718628
721,210.0,17.3870086669922
722,210.2,2874.0234375
723,210.3,53.5248184204102
724,210.5,0.723924994468689
725,210.7,1.44899356365204
726,210.9,12.9749546051025
727,211.1,870.198303222656
728,211.2,3420.7412109375
729,211.4,1.27664685249329
730,211.5,0.361848115921021
731,211.8,1.10544371604919
732,212.0,9.62477111816406
733,212.1,542.174987792969
734,212.2,2483.47412109375
735,212.4,2.97541165351868
736,212.7,0.694762110710144
737,212.9,5.24348115921021
738,213.1,499.720367431641
739,213.2,3781.12036132813
740,213.4,1.57525157928467
741,213.7,0.268183887004852
742,213.9,1.90462028980255
743,214.1,484.028717041016
744,214.2,2423.27075195313
745,214.4,2.40233302116394
746,214.5,0.728385150432587
747,214.7,0.66068160533905
748,214.9,6.03145027160645
749,215.1,568.828918457031
750,215.2,2219.12353515625
751,215.4,1.35372829437256
752,215.7,0.283394336700439
753,215.9,2.11219120025635
754,216.1,538.302062988281
755,216.2,1989.26538085938
756,216.4,3.20779967308044
757,216.7,0.342978030443192
758,216.9,1.65679323673248
759,217.1,482.548370361328
760,217.2,1930.20080566406
761,217.4,2.88403487205505
762,217.7,0.423947840929031
763,217.9,1.48295974731445
764,218.1,451.018859863281
765,218.2,1961.75549316406
766,218.3,84.0622177124023
767,218.5,0.674977123737335
768,218.7,0.183897525072098
769,218.9,2.22644090652466
770,219.0,4.03145027160645
771,219.2,2416.97802734375
772,219.3,76.6374664306641
773,219.5,0.583828926086426
774,219.7,0.575823426246643
775,220.0,7.30283641815186
776,220.1,372.605773925781
777,220.2,2208.10498046875
778,220.4,3.10395693778992
779,220.5,0.689501345157623
780,220.8,2.22232389450073
781,220.9,6.71180248260498
782,221.1,558.721984863281
783,221.2,2585.578125
784,221.4,4.27275848388672
785,221.6,0.256633132696152
786,221.8,0.750800549983978
787,222.0,12.7848806381226
788,222.2,2522.50170898438
789,222.3,94.5983505249023
790,222.5,0.747827053070068
791,222.7,1.15553522109985
792,222.9,6.79174280166626
793,223.1,492.232055664063
794,223.2,1985.064453125
795,223.3,61.9688911437988
796,223.5,0.659881055355072
797,223.7,0.285567253828049
798,223.9,2.16216826438904
799,224.1,392.379455566406
800,224.2,1814.263671875
801,224.3,60.6474151611328
802,224.5,1.12763035297394
803,224.8,2.67703557014465
804,225.0,36.7631530761719
805,225.2,3195.85668945313
806,225.3,53.6002960205078
807,225.5,0.319762110710144
808,225.8,1.38037514686584
809,226.0,13.3740854263306
810,226.2,2415.70825195313
811,226.3,106.301689147949
812,226.5,0.515324771404266
813,226.7,0.536482155323029
814,226.8,0.720036625862122
815,227.0,11.0378541946411
816,227.2,2458.93212890625
817,227.3,149.054321289063
818,227.5,0.427836239337921
819,227.7,0.188357725739479
820,227.9,1.66845834255219
821,228.1,396.367340087891
822,228.2,2031.39245605469
823,228.4,2.29322957992554
824,228.7,0.512465715408325
825,228.9,3.47781324386597
826,229.1,437.750671386719
827,229.2,1713.03894042969
828,229.4,1.8395471572876
829,229.6,0.129231467843056
830,229.8,0.98993593454361
831,230.0,15.9595155715942
832,230.1,340.768310546875
833,230.2,1681.79089355469
834,230.4,3.08760285377502
835,230.6,0.213174745440483
836,230.8,0.882662415504456
837,230.9,1.61036133766174
838,231.1,305.138153076172
839,231.2,1535.080078125
840,231.4,3.30466604232788
841,231.6,0.280192136764526
842,231.9,1.07879686355591
843,232.1,282.914916992188
844,232.2,1551.95654296875
845,232.4,4.1581654548645
846,232.7,0.395013719797134
847,232.9,0.929666042327881
848,233.1,314.459503173828
849,233.2,1547.96459960938
850,233.3,92.3388595581055
851,233.5,0.43664225935936
852,233.8,0.55775386095047
853,234.0,6.3031792640686
854,234.2,1926.69116210938
855,234.3,112.684356689453
856,234.5,0.736848115921021
857,234.8,1.27001368999481
858,234.9,1.85086917877197
859,235.1,294.155090332031
860,235.2,1769.16528320313
861,235.3,94.1582794189453
862,235.5,0.726097881793976
863,235.7,0.568847239017487
864,235.9,2.40290474891663
865,236.1,299.9404296875
866,236.2,1797.16198730469
867,236.4,4.70379686355591
868,236.5,0.90713632106781
869,236.8,1.28156447410583
870,237.0,11.6507320404053
871,237.1,313.387359619141
872,237.2,1633.92028808594
873,237.4,3.47083711624146
874,237.7,0.757319331169128
875,237.9,1.99199450016022
876,238.0,5.69773578643799
877,238.2,1781.15856933594
878,238.3,89.8250198364258
879,238.5,0.858074128627777
880,238.8,1.39146840572357
881,239.0,9.5245885848999
882,239.2,2015.95654296875
883,239.3,181.665832519531
884,239.5,0.869739234447479
885,239.8,1.15862309932709
886,240.0,11.114706993103
887,240.2,1688.83288574219
888,240.3,108.866539001465
889,240.5,1.02298724651337
890,240.7,0.585315644741058
891,240.9,6.56736040115356
892,241.1,301.694976806641
893,241.2,1466.939453125
894,241.4,2.61768078804016
895,241.6,0.136779502034187
896,241.8,0.805237889289856
897,242.0,10.1269445419312
898,242.2,1760.25573730469
899,242.3,87.6177978515625
900,242.5,0.76017838716507
901,242.7,0.26280876994133
902,242.9,4.18607044219971
903,243.1,344.081756591797
904,243.2,1443.36694335938
905,243.4,1.83337140083313
906,243.7,0.549062192440033
907,243.8,0.709400713443756
908,244.0,15.9393873214722
909,244.2,1662.74438476563
910,244.3,125.208374023438
911,244.5,0.892497718334198
912,244.8,1.10166966915131
913,245.0,11.1746339797974
914,245.2,1387.80932617188
915,245.3,116.655990600586
916,245.5,0.461230546236038
917,245.6,0.458257079124451
918,245.8,0.347438246011734
919,246.0,5.70185279846191
920,246.2,1388.07727050781
921,246.3,126.413772583008
922,246.5,0.68092405796051
923,246.8,0.574222326278687
924,247.0,6.21408987045288
925,247.2,1486.90783691406
926,247.3,124.676689147949
927,247.5,0.704368710517883
928,247.8,0.467978030443192
929,247.9,0.985590100288391
930,248.1,242.752853393555
931,248.2,1347.06530761719
932,248.4,4.93321132659912
933,248.6,1.22907137870789
934,248.8,2.92040252685547
935,249.0,29.5878314971924
936,249.2,1706.14221191406
937,249.3,108.560958862305
938,249.5,0.686070442199707
939,249.8,1.48444652557373
940,250.0,14.3464088439941
941,250.2,1450.50439453125
942,250.3,104.873397827148
943,250.4,5.69956541061401
944,250.7,1.72678411006927
945,250.9,12.9855899810791
946,251.1,452.947723388672
947,251.2,1211.61755371094
948,251.4,2.7360475063324
949,251.6,0.230558097362518
950,251.8,1.49176573753357
951,252.0,12.0615282058716
952,252.2,1348.28820800781
953,252.3,106.179664611816
954,252.5,1.98250234127045
955,252.8,3.62557172775269
956,253.0,27.8259372711182
957,253.2,1531.94140625
958,253.3,82.8696212768555
959,253.5,0.596523344516754
960,253.8,1.15118944644928
961,254.0,12.4652328491211
962,254.1,271.953918457031
963,254.2,1162.78442382813
964,254.4,6.24645471572876
965,254.5,0.962031126022339
966,254.7,0.62797349691391
967,254.9,4.07502269744873
968,255.0,10.8443508148193
969,255.2,1223.42663574219
970,255.3,138.700820922852
971,255.4,4.23398923873901
972,255.7,0.7446249127388
973,255.8,1.22301006317139
974,256.0,14.9322967529297
975,256.2,1267.13562011719
976,256.3,1065.28942871094
977,256.5,0.51726895570755
978,256.7,0.619853615760803
979,256.9,3.29643177986145
980,257.1,160.288543701172
981,257.2,1250.75671386719
982,257.4,10.6523332595825
983,257.7,0.594007313251495
984,257.9,4.35807418823242
985,258.0,17.1102466583252
986,258.2,1179.64331054688
987,258.3,155.232620239258
988,258.5,0.493709981441498
989,258.8,1.01452422142029
990,259.0,10.9966831207275
991,259.2,1123.50622558594
992,259.3,140.621688842773
993,259.5,0.898559033870697
994,259.6,0.659995436668396
995,259.8,0.354185730218887
996,260.0,8.09252071380615
997,260.2,1034.12915039063
998,260.3,174.119735717773
999,260.4,5.83623075485229
1000,260.7,0.590118944644928
1001,260.9,1.1963632106781
1002,261.0,4.49393892288208
1003,261.2,1068.76721191406
1004,261.3,172.51155090332
1005,261.5,0.918801486492157
1006,261.7,0.336116194725037
1007,261.9,0.958485841751099
1008,262.1,182.108764648438
1009,262.2,889.385986328125
1010,262.3,188.68537902832
1011,262.5,0.625686168670654
1012,262.7,0.455855429172516
1013,262.8,0.320448309183121
1014,263.0,6.71946477890015
1015,263.2,1148.25622558594
1016,263.3,162.124542236328
1017,263.5,0.797118008136749
1018,263.8,0.640210449695587
1019,264.0,7.27950572967529
1020,264.2,1045.15734863281
1021,264.3,150.880142211914
1022,264.5,1.16777217388153
1023,264.7,1.72461116313934
1024,264.8,1.82948303222656
1025,265.0,26.2059688568115
1026,265.2,1260.51721191406
1027,265.3,115.88094329834
1028,265.5,0.498284548521042
1029,265.7,0.605100631713867
1030,265.8,0.753659665584564
1031,266.0,10.6405534744263
1032,266.2,978.982482910156
1033,266.3,155.16731262207
1034,266.6,2.4542543888092
1035,266.7,1.9412168264389
1036,266.9,33.7146606445313
1037,267.1,889.544738769531
1038,267.2,916.557189941406
1039,267.4,1.20128083229065
1040,267.7,1.27424514293671
1041,267.9,12.7876262664795
1042,268.0,28.7652111053467
1043,268.2,1039.3916015625
1044,268.3,108.46305847168
1045,268.5,0.770699918270111
1046,268.7,2.14707231521606
1047,268.8,3.98936414718628
1048,269.0,40.0349960327148
1049,269.1,290.257537841797
1050,269.2,898.77880859375
1051,269.4,3.21397519111633
1052,269.5,0.868824362754822
1053,269.7,0.373284548521042
1054,269.9,4.24782705307007
1055,270.1,166.552719116211
1056,270.2,684.001281738281
1057,270.3,148.304550170898
1058,270.5,0.90359103679657
1059,270.7,1.3693962097168
1060,270.9,7.09423589706421
1061,271.0,14.4669485092163
1062,271.2,867.490844726563
1063,271.3,118.532707214355
1064,271.4,4.24508237838745
1065,271.7,0.49908509850502
1066,271.8,0.575251579284668
1067,272.0,9.19624900817871
1068,272.2,775.834411621094
1069,272.3,148.67041015625
1070,272.4,7.3618483543396
1071,272.6,0.701623976230621
1072,272.8,0.415370553731918
1073,273.0,9.06941890716553
1074,273.2,764.454956054688
1075,273.3,143.261322021484
1076,273.5,0.65713632106781
1077,273.7,0.550892055034637
1078,273.9,1.69556272029877
1079,274.1,129.674057006836
1080,274.2,611.148193359375
1081,274.3,172.60041809082
1082,274.5,1.18504118919373
1083,274.6,0.677150070667267
1084,274.9,1.70345377922058
1085,275.1,129.971755981445
1086,275.2,812.281921386719
1087,275.4,8.57525157928467
1088,275.6,0.275160104036331
1089,275.8,0.411139070987701
1090,276.0,4.6151647567749
1091,276.2,822.411254882813
1092,276.3,180.203689575195
1093,276.5,1.02024245262146
1094,276.7,0.79231470823288
1095,276.9,1.27355897426605
1096,277.1,127.76155090332
1097,277.2,860.02685546875
1098,277.4,8.14684391021729
1099,277.6,0.40267613530159
1100,277.9,0.918344020843506
1101,278.1,131.437896728516
1102,278.2,818.173034667969
1103,278.4,76.5346527099609
1104,278.6,0.884606599807739
1105,278.9,2.26887011528015
1106,279.1,129.280197143555
1107,279.2,778.624755859375
1108,279.4,19.6199684143066
1109,279.6,0.58096981048584
1110,279.8,0.221866428852081
1111,280.0,3.92268991470337
1112,280.2,593.085998535156
1113,280.3,286.814392089844
1114,280.5,2.77390217781067
1115,280.8,1.7280421257019
1116,281.0,136.397415161133
1117,281.1,3949.5224609375
1118,281.3,20.5090351104736
1119,281.7,0.965805113315582
1120,281.9,20.5725059509277
1121,282.1,706.005859375
1122,282.2,981.813598632813
1123,282.4,4.5928635597229
1124,282.7,1.71294605731964
1125,282.9,17.6979637145996
1126,283.1,569.753784179688
1127,283.2,888.465576171875
1128,283.4,4.58428621292114
1129,283.7,0.823650479316711
1130,283.8,1.05420863628387
1131,284.0,14.5196704864502
1132,284.2,711.129577636719
1133,284.3,136.749206542969
1134,284.4,10.04860496521
1135,284.7,2.26338052749634
1136,284.9,17.3449230194092
1137,285.1,304.731689453125
1138,285.2,696.971313476563
1139,285.4,4.00377416610718
1140,285.6,0.232502281665802
1141,285.8,1.73764872550964
1142,286.0,13.7628087997437
1143,286.2,613.315673828125
1144,286.3,123.288200378418
1145,286.4,7.4478497505188
1146,286.7,1.237877368927
1147,286.9,6.54814720153809
1148,287.1,165.537628173828
1149,287.2,649.378173828125
1150,287.4,6.01681137084961
1151,287.6,0.316788643598557
1152,287.8,0.685498654842377
1153,288.0,8.71466159820557
1154,288.2,542.59228515625
1155,288.3,158.364013671875
1156,288.5,1.06907594203949
1157,288.7,0.989021062850952
1158,288.9,3.19041633605957
1159,289.1,118.847549438477
1160,289.2,463.719360351563
1161,289.3,157.780197143555
1162,289.5,1.08543002605438
1163,289.8,0.674062192440033
1164,290.0,6.4901647567749
1165,290.2,506.83154296875
1166,290.3,168.337829589844
1167,290.5,1.45059466362
1168,290.8,0.828110694885254
1169,291.0,5.83325719833374
1170,291.2,493.787048339844
1171,291.3,172.424285888672
1172,291.5,0.724268078804016
1173,291.6,0.373741984367371
1174,291.9,0.987076878547668
1175,292.1,99.5603866577148
1176,292.2,542.463073730469
1177,292.4,13.02024269104
1178,292.6,0.378430932760239
1179,292.7,1.04906225204468
1180,292.9,1.49714088439941
1181,293.1,101.928405761719
1182,293.2,371.096984863281
1183,293.3,156.093200683594
1184,293.5,1.35864591598511
1185,293.7,0.69945102930069
1186,293.9,1.69316101074219
1187,294.1,87.8767166137695
1188,294.2,515.989013671875
1189,294.4,11.2357044219971
1190,294.6,0.386207699775696
1191,294.8,1.89627170562744
1192,295.0,14.1443271636963
1193,295.2,497.082580566406
1194,295.3,155.789001464844
1195,295.5,0.862534284591675
1196,295.7,0.576395213603973
1197,295.9,2.11184811592102
1198,296.1,88.4397277832031
1199,296.2,345.480224609375
1200,296.3,165.742218017578
1201,296.5,1.70265328884125
1202,296.8,1.24153709411621
1203,297.0,10.0749082565308
1204,297.2,425.736053466797
1205,297.3,141.095260620117
1206,297.4,8.6439847946167
1207,297.6,0.415027439594269
1208,297.9,1.92886555194855
1209,298.0,7.67566347122192
1210,298.2,381.084411621094
1211,298.3,149.946365356445
1212,298.5,1.84766697883606
1213,298.8,2.03693962097168
1214,299.0,18.3910102844238
1215,299.2,510.042877197266
1216,299.3,134.898666381836
1217,299.5,1.03030645847321
1218,299.7,0.691559910774231
1219,299.9,2.37294149398804
1220,300.1,100.240394592285
1221,300.2,425.116424560547
1222,300.4,11.2138605117798
1223,300.7,0.738449215888977
1224,300.9,3.12111163139343
1225,301.1,93.9112548828125
1226,301.2,454.888488769531
1227,301.4,11.6176805496216
1228,301.7,0.551006376743317
1229,301.9,1.2154620885849
1230,302.1,81.8644790649414
1231,302.2,418.384490966797
1232,302.4,12.5240163803101
1233,302.6,0.495882898569107
1234,302.8,0.840919494628906
1235,303.0,7.48490381240845
1236,303.1,73.1442108154297
1237,303.2,426.638946533203
1238,303.4,14.4026765823364
1239,303.7,0.775388836860657
1240,303.9,1.1366651058197
1241,304.1,73.2863693237305
1242,304.2,400.233184814453
1243,304.4,16.9806728363037
1244,304.7,0.672232389450073
1245,304.9,1.31964778900146
1246,305.1,69.3731689453125
1247,305.2,255.071365356445
1248,305.3,175.626708984375
1249,305.5,1.8908965587616
1250,305.8,0.657593786716461
1251,306.0,6.33016920089722
1252,306.2,297.844909667969
1253,306.3,158.09342956543
1254,306.5,1.46054434776306
1255,306.7,0.649130821228027
1256,307.0,7.71603393554688
1257,307.2,278.83154296875
1258,307.3,158.438812255859
1259,307.5,1.6301463842392
1260,307.8,0.728842616081238
1261,308.0,6.26155090332031
1262,308.2,264.268981933594
1263,308.3,160.039688110352
1264,308.5,1.33760297298431
1265,308.7,1.11630833148956
1266,308.9,1.43115282058716
1267,309.0,7.33554458618164
1268,309.2,278.303985595703
1269,309.3,135.765090942383
1270,309.5,1.08520126342773
1271,309.7,0.486390680074692
1272,309.9,1.32719576358795
1273,310.1,64.6755523681641
1274,310.2,203.351791381836
1275,310.3,148.83073425293
1276,310.5,1.21900737285614
1277,310.6,1.41274011135101
1278,310.9,2.64890217781067
1279,311.1,78.6694869995117
1280,311.2,336.214660644531
1281,311.4,11.3940992355347
1282,311.6,0.867566347122192
1283,311.8,0.50354528427124
1284,312.0,8.55649566650391
1285,312.1,56.422233581543
1286,312.2,310.0126953125
1287,312.4,19.1558780670166
1288,312.6,0.79231470823288
1289,312.8,1.50068616867065
1290,313.0,7.92703580856323
1291,313.2,286.345153808594
1292,313.3,317.524597167969
1293,313.5,1.41033852100372
1294,313.7,1.04265785217285
1295,313.9,1.90187561511993
1296,314.1,57.4257774353027
1297,314.2,192.27653503418
1298,314.3,175.530532836914
1299,314.5,2.49576854705811
1300,314.6,0.863906681537628
1301,314.9,1.92509150505066
1302,315.1,64.9560852050781
1303,315.2,210.439498901367
1304,315.3,146.027786254883
1305,315.5,1.31541633605957
1306,315.6,0.514524221420288
1307,315.9,1.45608413219452
1308,316.0,6.03465223312378
1309,316.2,224.335891723633
1310,316.3,135.265777587891
1311,316.5,3.10109782218933
1312,316.8,1.30432295799255
1313,317.0,10.8080968856812
1314,317.2,223.175888061523
1315,317.3,119.136779785156
1316,317.4,22.4914226531982
1317,317.6,0.66193962097168
1318,317.8,0.624199450016022
1319,318.0,7.42646408081055
1320,318.2,201.342178344727
1321,318.3,133.725524902344
1322,318.5,2.15164685249329
1323,318.6,0.997255265712738
1324,318.9,1.82856822013855
1325,319.0,5.44133138656616
1326,319.2,212.333709716797
1327,319.3,137.52424621582
1328,319.5,1.74531102180481
1329,319.7,0.71306037902832
1330,319.8,0.577310144901276
1331,320.0,6.00102949142456
1332,320.1,45.8674507141113
1333,320.2,265.327545166016
1334,320.4,21.5951519012451
1335,320.7,0.806838989257813
1336,320.8,0.492108881473541
1337,321.0,6.02172899246216
1338,321.2,180.142730712891
1339,321.3,132.730209350586
1340,321.5,2.68584179878235
1341,321.7,0.174748405814171
1342,321.9,0.8987877368927
1343,322.1,53.0488319396973
1344,322.2,128.864471435547
1345,322.3,124.787628173828
1346,322.5,2.69361853599548
1347,322.7,0.592063128948212
1348,322.9,2.38700819015503
1349,323.1,56.6272888183594
1350,323.2,247.265213012695
1351,323.4,18.4819297790527
1352,323.6,0.986619412899017
1353,323.9,1.78465235233307
1354,324.1,43.0176124572754
1355,324.3,244.387573242188
1356,324.4,27.0538654327393
1357,324.7,3.16239714622498
1358,324.9,16.445333480835
1359,325.1,152.798599243164
1360,325.2,251.183441162109
1361,325.4,8.64787292480469
1362,325.7,1.82696712017059
1363,325.9,4.63849496841431
1364,326.1,75.0792541503906
1365,326.2,209.124542236328
1366,326.4,22.7442817687988
1367,326.7,6.475754737854
1368,326.9,36.6196250915527
1369,327.0,69.7609786987305
1370,327.2,434.934478759766
1371,327.3,45.8951263427734
1372,327.5,1.0349954366684
1373,327.7,2.10201287269592
1374,327.8,2.58554434776306
1375,328.0,27.0609569549561
1376,328.1,81.4891357421875
1377,328.2,232.305587768555
1378,328.4,12.8979873657227
1379,328.7,2.95997262001038
1380,328.9,10.0387697219849
1381,329.1,93.0464324951172
1382,329.2,235.623062133789
1383,329.4,12.7980327606201
1384,329.6,0.646614849567413
1385,329.8,1.44373285770416
1386,329.9,1.58771729469299
1387,330.1,58.8915824890137
1388,330.2,223.325820922852
1389,330.4,16.1642265319824
1390,330.5,3.09274935722351
1391,330.8,1.76601099967957
1392,331.0,11.9935960769653
1393,331.2,176.785568237305
1394,331.3,85.7159194946289
1395,331.4,17.1540489196777
1396,331.6,1.23250234127045
1397,331.8,0.665599286556244
1398,332.0,8.46569061279297
1399,332.2,144.140548706055
1400,332.3,86.9459075927734
1401,332.4,24.5663318634033
1402,332.7,1.32490849494934
1403,332.9,1.52150046825409
1404,333.1,38.9974822998047
1405,333.2,98.96923828125
1406,333.3,111.141128540039
1407,333.5,3.06381511688232
1408,333.7,0.299405306577682
1409,333.9,1.23147296905518
1410,334.1,37.5376243591309
1411,334.3,174.333602905273
1412,334.4,21.7270126342773
1413,334.7,1.06072735786438
1414,334.9,1.56507325172424
1415,335.0,4.82731008529663
1416,335.2,110.126029968262
1417,335.3,102.269325256348
1418,335.5,2.98398900032043
1419,335.8,0.680580973625183
1420,336.0,5.53282260894775
1421,336.2,110.175323486328
1422,336.3,99.6390686035156
1423,336.5,3.15027451515198
1424,336.7,0.403133571147919
1425,336.9,1.52298724651337
1426,337.0,6.17051696777344
1427,337.2,112.174865722656
1428,337.3,78.9137725830078
1429,337.4,22.0643863677979
1430,337.6,0.471866428852081
1431,337.8,0.890667915344238
1432,337.9,0.717406213283539
1433,338.1,33.6301460266113
1434,338.3,149.761779785156
1435,338.4,24.3692817687988
1436,338.7,1.612877368927
1437,338.9,3.50766229629517
1438,339.1,53.5388832092285
1439,339.2,165.290939331055
1440,339.4,13.0301923751831
1441,339.5,1.98936414718628
1442,339.7,0.577767610549927
1443,339.9,2.06656002998352
1444,340.1,37.6951065063477
1445,340.2,69.42578125
1446,340.3,83.1877822875977
1447,340.5,6.22495412826538
1448,340.8,9.89512825012207
1449,341.0,126.945220947266
1450,341.1,641.866638183594
1451,341.3,31.3339424133301
1452,341.5,0.591148197650909
1453,341.7,1.76143646240234
1454,341.9,16.3937549591064
1455,342.1,148.80500793457
1456,342.2,157.014862060547
1457,342.3,65.5459747314453
1458,342.6,3.02287292480469
1459,342.8,5.74107980728149
1460,343.0,41.749885559082
1461,343.1,113.059928894043
1462,343.2,242.055236816406
1463,343.4,9.57799625396729
1464,343.7,1.4066789150238
1465,343.9,4.19041633605957
1466,344.0,9.12339878082275
1467,344.2,167.315765380859
1468,344.3,87.1508483886719
1469,344.5,4.42749309539795
1470,344.8,3.70208144187927
1471,344.9,5.26486730575562
1472,345.1,69.0731964111328
1473,345.2,180.318389892578
1474,345.4,16.5874881744385
1475,345.6,1.3642498254776
1476,345.8,0.916628539562225
1477,346.0,9.08874702453613
1478,346.2,110.511093139648
1479,346.3,85.1875534057617
1480,346.5,3.20574116706848
1481,346.7,1.64066791534424
1482,346.9,2.65930914878845
1483,347.1,40.6367797851563
1484,347.3,132.558776855469
1485,347.4,21.8145008087158
1486,347.7,1.02962028980255
1487,347.8,0.547804236412048
1488,348.0,6.83989000320435
1489,348.1,23.0587825775146
1490,348.3,122.680122375488
1491,348.4,23.6835536956787
1492,348.6,1.36962485313416
1493,348.9,1.97529733181
1494,349.1,27.6819534301758
1495,349.3,107.369964599609
1496,349.4,19.3831195831299
1497,349.5,3.62465691566467
1498,349.7,0.557525157928467
1499,349.9,1.7556037902832
1500,350.0,5.10544395446777
1501,350.2,70.0695343017578
1502,350.3,73.2824783325195
1503,350.5,4.68652772903442
1504,350.8,1.28007781505585
1505,351.0,6.23135852813721
1506,351.2,69.7561721801758
1507,351.3,65.9313812255859
1508,351.5,3.03957009315491
1509,351.7,0.846752047538757
1510,351.9,1.91925895214081
1511,352.1,26.5608425140381
1512,352.3,90.0752487182617
1513,352.4,22.3719120025635
1514,352.7,1.4524245262146
1515,352.9,2.188472032547
1516,353.0,5.70002269744873
1517,353.2,76.1067047119141
1518,353.3,62.2989463806152
1519,353.5,3.80729651451111
1520,353.8,0.891811549663544
1521,354.0,6.02801942825317
1522,354.2,57.034309387207
1523,354.3,37.1448974609375
1524,354.4,14.0090351104736
1525,354.7,1.93664228916168
1526,354.9,25.7406215667725
1527,355.1,532.946350097656
1528,355.2,497.726104736328
1529,355.4,4.7411937713623
1530,355.7,1.29471635818481
1531,355.8,2.65782260894775
1532,356.0,44.0983543395996
1533,356.2,341.898223876953
1534,356.3,54.3915824890137
1535,356.4,9.77344417572021
1536,356.7,2.46374654769897
1537,356.9,12.5950365066528
1538,357.1,135.794036865234
1539,357.2,227.558319091797
1540,357.4,9.26715469360352
1541,357.7,1.18584167957306
1542,357.8,1.14810156822205
1543,358.0,12.9804439544678
1544,358.1,39.5059471130371
1545,358.2,133.501708984375
1546,358.4,17.7790489196777
1547,358.6,1.41514182090759
1548,358.8,3.50709056854248
1549,359.0,17.7029972076416
1550,359.1,44.4446487426758
1551,359.2,140.583374023438
1552,359.4,13.1997938156128
1553,359.6,0.841148197650909
1554,359.8,1.41639983654022
1555,359.9,1.96340346336365
1556,360.1,28.3738555908203
1557,360.2,47.265209197998
1558,360.3,70.6053314208984
1559,360.5,4.78145027160645
1560,360.8,1.46900737285614
1561,361.0,9.31244277954102
1562,361.2,68.4677505493164
1563,361.3,61.8390884399414
1564,361.5,2.71797800064087
1565,361.6,1.26612532138824
1566,361.8,0.734675228595734
1567,362.0,6.79791879653931
1568,362.2,55.321590423584
1569,362.3,59.5799407958984
1570,362.5,5.42429113388062
1571,362.8,2.12111163139343
1572,362.9,2.72506856918335
1573,363.1,27.1680011749268
1574,363.3,79.3257064819336
1575,363.4,19.1579360961914
1576,363.6,0.92085999250412
1577,363.8,1.14226901531219
1578,364.0,6.4071364402771
1579,364.2,52.3928413391113
1580,364.3,59.58154296875
1581,364.5,4.47415351867676
1582,364.8,1.37191212177277
1583,364.9,1.23776304721832
1584,365.1,20.2867107391357
1585,365.3,62.4337844848633
1586,365.4,17.1236267089844
1587,365.5,4.65210437774658
1588,365.8,1.46351778507233
1589,365.9,0.841376960277557
1590,366.1,16.3506412506104
1591,366.2,29.8440074920654
1592,366.3,53.0068626403809
1593,366.5,4.40839433670044
1594,366.6,1.92806494235992
1595,366.8,0.735818862915039
1596,367.0,6.60361385345459
1597,367.1,16.3973007202148
1598,367.3,60.4975967407227
1599,367.4,20.9033622741699
1600,367.6,1.16125345230103
1601,367.9,1.94419026374817
1602,368.0,4.69316101074219
1603,368.2,44.7172927856445
1604,368.3,47.8282241821289
1605,368.5,6.03430938720703
1606,368.8,2.00411701202393
1607,368.9,1.9701509475708
1608,369.1,26.8514404296875
1609,369.3,86.3371429443359
1610,369.4,19.2479419708252
1611,369.6,1.78945565223694
1612,369.8,0.602470278739929
1613,370.0,6.94933652877808
1614,370.2,48.3509826660156
1615,370.3,52.8857498168945
1616,370.5,4.53190755844116
1617,370.6,2.05478048324585
1618,370.8,1.05592405796051
1619,371.0,6.40439176559448
1620,371.2,72.2386779785156
1621,371.3,100.497711181641
1622,371.5,4.88048934936523
1623,371.7,1.10258460044861
1624,371.8,0.419830739498138
1625,372.0,4.99268054962158
1626,372.2,49.3238792419434
1627,372.3,41.7477111816406
1628,372.4,27.6737194061279
1629,372.6,2.08851790428162
1630,372.7,2.62854528427124
1631,373.0,10.6604528427124
1632,373.2,66.8560180664063
1633,373.3,51.534309387207
1634,373.5,5.22952890396118
1635,373.8,1.36768066883087
1636,374.0,6.63014650344849
1637,374.2,44.6629676818848
1638,374.3,44.8854064941406
1639,374.5,6.52596044540405
1640,374.8,1.39741539955139
1641,375.0,7.81267166137695
1642,375.2,45.3727111816406
1643,375.3,47.3209075927734
1644,375.5,5.43000936508179
1645,375.8,1.53762578964233
1646,376.0,5.30752515792847
1647,376.2,35.7491989135742
1648,376.3,45.8353157043457
1649,376.5,4.50354528427124
1650,376.6,1.95036602020264
1651,376.9,2.15416288375854
1652,377.1,16.6222553253174
1653,377.3,46.8376045227051
1654,377.4,13.3392038345337
1655,377.5,5.28522396087646
1656,377.7,0.520013749599457
1657,377.9,1.68961572647095
1658,378.1,13.5771961212158
1659,378.2,19.5719356536865
1660,378.3,39.0608406066895
1661,378.5,6.19613456726074
1662,378.8,1.1180237531662
1663,379.0,5.06004095077515
1664,379.2,28.2151184082031
1665,379.3,31.9632892608643
1666,379.5,4.75034332275391
1667,379.8,0.897758483886719
1668,380.0,4.21866416931152
1669,380.1,8.66079616546631
1670,380.3,37.1459274291992
1671,380.4,17.687557220459
1672,380.6,0.933325707912445
1673,380.8,1.46477580070496
1674,381.0,4.64844465255737
1675,381.1,9.77641773223877
1676,381.3,36.1662864685059
1677,381.4,15.7765321731567
1678,381.6,1.44521963596344
1679,381.7,1.62145471572876
1680,382.0,6.34469366073608
1681,382.1,10.7548036575317
1682,382.3,41.9843330383301
1683,382.4,14.6216831207275
1684,382.5,5.58840370178223
1685,382.8,2.50285911560059
1686,383.0,8.00926303863525
1687,383.2,35.2596054077148
1688,383.3,32.8722534179688
1689,383.5,4.13952445983887
1690,383.7,2.05432295799255
1691,383.8,0.494624882936478
1692,384.0,5.70619869232178
1693,384.2,30.1553058624268
1694,384.3,21.6071586608887
1695,384.4,22.3207912445068
1696,384.7,5.20025157928467
1697,384.9,6.90747928619385
1698,385.1,31.5296211242676
1699,385.2,30.4727821350098
1700,385.3,35.5529518127441
1701,385.5,5.63186168670654
1702,385.8,2.64592862129211
1703,386.0,7.34297800064087
1704,386.1,12.9726667404175
1705,386.3,54.4198303222656
1706,386.4,27.320219039917
1707,386.6,5.22964334487915
1708,386.8,2.54563140869141
1709,387.0,15.99622631073
1710,387.2,65.6411285400391
1711,387.3,34.8759155273438
1712,387.4,21.8597888946533
1713,387.6,1.64993143081665
1714,387.8,2.53854060173035
1715,388.0,7.66285467147827
1716,388.1,13.4015321731567
1717,388.3,45.8604774475098
1718,388.4,19.6549625396729
1719,388.6,1.95837140083313
1720,388.8,2.17920851707458
1721,388.9,2.00251603126526
1722,389.1,19.4725532531738
1723,389.3,42.7549171447754
1724,389.4,15.6590805053711
1725,389.6,1.75377404689789
1726,389.9,2.79208588600159
1727,390.0,3.17749309539795
1728,390.2,25.2745876312256
1729,390.3,17.1541633605957
1730,390.4,17.1204261779785
1731,390.6,1.35853159427643
1732,390.8,2.32479405403137
1733,391.0,6.42303276062012
1734,391.2,27.0224151611328
1735,391.3,29.4883346557617
1736,391.5,4.225754737854
1737,391.6,1.86665141582489
1738,391.9,1.83725988864899
1739,392.0,3.00628995895386
1740,392.2,20.9257774353027
1741,392.3,24.9302387237549
1742,392.5,5.35944652557373
1743,392.7,1.09652328491211
1744,393.0,3.0989248752594
1745,393.2,18.4823875427246
1746,393.3,13.044487953186
1747,393.4,12.8717975616455
1748,393.6,2.08451509475708
1749,393.9,1.35349953174591
1750,394.1,8.3651647567749
1751,394.3,22.3079833984375
1752,394.4,14.4357271194458
1753,394.6,1.63609337806702
1754,394.9,1.32456541061401
1755,395.0,1.79174292087555
1756,395.2,15.6879005432129
1757,395.3,11.7393636703491
1758,395.4,14.9826164245605
1759,395.6,1.58989024162292
1760,395.8,1.40198993682861
1761,396.0,3.04563140869141
1762,396.2,19.2272415161133
1763,396.3,24.1548480987549
1764,396.5,5.07799625396729
1765,396.7,0.595608413219452
1766,396.9,1.54711806774139
1767,397.1,8.90324783325195
1768,397.3,24.6994514465332
1769,397.4,13.4098806381226
1770,397.6,1.6380375623703
1771,397.9,1.56518757343292
1772,398.1,8.85132694244385
1773,398.2,10.6788654327393
1774,398.3,21.3052387237549
1775,398.5,6.76452445983887
1776,398.8,4.61230564117432
1777,399.0,13.7612075805664
1778,399.2,39.9570007324219
1779,399.3,15.808783531189
1780,399.4,9.85384273529053
1781,399.6,1.30409419536591
1782,399.8,2.50720500946045
1783,400.0,7.00709056854248
1784,400.2,20.9317245483398
1785,400.3,18.6507320404053
1786,400.5,5.60750246047974
1787,400.7,4.43412637710571
1788,400.9,31.8874664306641
1789,401.1,140.549179077148
1790,401.2,74.4096527099609
1791,401.4,3.88803744316101
1792,401.6,2.01360940933228
1793,401.7,1.84686636924744
1794,401.9,13.0049180984497
1795,402.0,17.8059234619141
1796,402.2,56.7352485656738
1797,402.3,15.8854074478149
1798,402.4,9.47060871124268
1799,402.7,4.07833957672119
1800,402.9,12.312671661377
1801,403.1,42.2426795959473
1802,403.2,27.5874881744385
1803,403.3,22.2694416046143
1804,403.5,2.99107956886292
1805,403.8,2.63094687461853
1806,404.0,8.39089679718018
1807,404.2,26.950023651123
1808,404.3,14.232159614563
1809,404.4,10.471866607666
1810,404.6,1.52973473072052
1811,404.8,2.79414463043213
1812,405.0,8.29334354400635
1813,405.1,15.3210201263428
1814,405.2,28.9552841186523
1815,405.4,10.4300088882446
1816,405.6,1.73822045326233
1817,405.8,0.480329364538193
1818,406.0,4.07582330703735
1819,406.2,18.9131984710693
1820,406.3,11.1078453063965
1821,406.4,11.5757093429565
1822,406.6,2.24702644348145
1823,406.9,1.93961572647095
1824,407.1,9.30603885650635
1825,407.3,20.1036148071289
1826,407.4,7.12705850601196
1827,407.5,3.79768991470337
1828,407.8,1.13517844676971
1829,408.0,2.83474373817444
1830,408.1,4.84492206573486
1831,408.3,16.9322967529297
1832,408.4,11.3047800064087
1833,408.6,1.65347671508789
1834,408.9,1.32284998893738
1835,409.0,2.05443739891052
1836,409.2,10.5638151168823
1837,409.3,7.75080060958862
1838,409.4,11.3394327163696
1839,409.6,1.99142265319824
1840,409.9,1.30912625789642
1841,410.1,5.65336227416992
1842,410.3,17.4790706634521
1843,410.4,12.8903245925903
1844,410.6,1.45722782611847
1845,410.7,1.12694418430328
1846,411.0,2.41216826438904
1847,411.2,10.3349723815918
1848,411.4,14.7694416046143
1849,411.5,5.35910320281982
1850,411.7,0.784194886684418
1851,412.0,1.95791399478912
1852,412.2,9.84366416931152
1853,412.3,7.78408050537109
1854,412.4,9.44041633605957
1855,412.6,2.47655534744263
1856,412.9,1.97129464149475
1857,413.1,8.92863655090332
1858,413.2,7.72964334487915
1859,413.3,15.5632429122925
1860,413.5,4.2975754737854
1861,413.8,1.13460659980774
1862,413.9,0.798490405082703
1863,414.1,5.99325275421143
1864,414.3,11.6394100189209
1865,414.4,5.68286848068237
1866,414.7,3.05523777008057
1867,414.9,18.7573184967041
1868,415.1,123.645355224609
1869,415.2,102.963745117188
1870,415.4,5.90725088119507
1871,415.7,2.1786367893219
1872,415.9,9.57742404937744
1873,416.0,15.1841259002686
1874,416.2,57.7739028930664
1875,416.3,21.535795211792
1876,416.4,14.1713171005249
1877,416.7,3.49085092544556
1878,416.9,9.24405288696289
1879,417.1,39.1135635375977
1880,417.2,52.8575019836426
1881,417.4,7.92795038223267
1882,417.7,1.47003662586212
1883,417.9,3.62785911560059
1884,418.1,13.2509145736694
1885,418.3,22.1832122802734
1886,418.4,7.2247257232666
1887,418.5,3.7522873878479
1888,418.8,2.58028364181519
1889,419.0,7.72381067276001
1890,419.1,8.59469318389893
1891,419.3,22.681266784668
1892,419.4,9.22506904602051
1893,419.7,0.872598350048065
1894,419.9,1.84412169456482
1895,420.0,2.38700819015503
1896,420.2,10.3810615539551
1897,420.3,6.7578911781311
1898,420.4,7.76177930831909
1899,420.6,1.76486730575562
1900,420.9,2.74542546272278
1901,421.1,10.7824792861938
1902,421.3,18.7382202148438
1903,421.4,8.20436859130859
1904,421.6,1.22689843177795
1905,421.8,0.45596981048584
1906,422.0,2.34766697883606
1907,422.1,3.78350877761841
1908,422.3,11.9147987365723
1909,422.4,7.91559934616089
1910,422.6,2.28602480888367
1911,422.9,1.8512122631073
1912,423.1,4.62888860702515
1913,423.3,9.4511661529541
1914,423.4,6.20082330703735
1915,423.6,1.48707687854767
1916,423.8,0.606930494308472
1917,424.0,1.84846746921539
1918,424.1,2.18618488311768
1919,424.3,8.13300514221191
1920,424.5,6.87740182876587
1921,424.6,1.2271271944046
1922,424.9,1.00400269031525
1923,425.1,2.84526538848877
1924,425.2,3.36642265319824
1925,425.3,7.94178867340088
1926,425.5,1.88163316249847
1927,425.6,1.32696712017059
1928,425.8,0.516354084014893
1929,426.0,1.5596981048584
1930,426.2,5.55661010742188
1931,426.3,3.85510063171387
1932,426.4,6.08703088760376
1933,426.6,1.7094007730484
1934,426.9,0.98513263463974
1935,427.1,3.60864591598511
1936,427.3,8.37442779541016
1937,427.4,3.82124876976013
1938,427.5,2.64684343338013
1939,427.7,0.523101568222046
1940,427.9,0.943046689033508
1941,428.1,3.30329370498657
1942,428.3,5.99062204360962
1943,428.4,3.37751603126526
1944,428.7,1.86516463756561
1945,428.9,11.955397605896
1946,429.1,108.13826751709
1947,429.2,127.137008666992
1948,429.4,5.65919494628906
1949,429.7,1.09240627288818
1950,429.9,6.28236484527588
1951,430.1,40.4136543273926
1952,430.2,62.2377624511719
1953,430.4,15.4463634490967
1954,430.7,2.26715469360352
1955,430.9,6.50114345550537
1956,431.1,33.2389068603516
1957,431.2,51.1475296020508
1958,431.4,9.83874702453613
1959,431.7,0.88689386844635
1960,431.8,0.66068160533905
1961,432.0,5.78156471252441
1962,432.2,17.6944198608398
1963,432.3,9.33554458618164
1964,432.4,8.39913082122803
1965,432.7,1.46614825725555
1966,432.9,3.53476667404175
1967,433.1,12.6689157485962
1968,433.2,11.3721408843994
1969,433.3,14.1260290145874
1970,433.5,1.94624888896942
1971,433.7,0.399245202541351
1972,433.9,1.51189386844635
1973,434.1,5.69087362289429
1974,434.2,4.4501371383667
1975,434.3,8.97644138336182
1976,434.5,1.46957910060883
1977,434.6,1.19499087333679
1978,434.8,0.798376023769379
1979,435.0,2.16033840179443
1980,435.2,6.87282705307007
1981,435.3,7.07673835754395
1982,435.5,2.2518298625946
1983,435.7,0.539341270923615
1984,435.9,0.693961560726166
1985,436.1,2.33405756950378
1986,436.3,5.79540252685547
1987,436.4,3.69327545166016
1988,436.6,1.14158284664154
1989,436.9,0.928179323673248
1990,437.1,3.29460191726685
1991,437.3,6.34549427032471
1992,437.4,3.42291855812073
1993,437.6,1.00674748420715
1994,437.9,0.769098818302155
1995,438.1,2.21957921981812
1996,438.3,4.93881511688232
1997,438.4,4.04471635818481
1998,438.6,0.53693962097168
1999,438.7,0.557410776615143
2000,439.0,1.1566789150238
2001,439.2,2.75914907455444
2002,439.4,3.9127402305603
2003,439.5,1.8353157043457
2004,439.7,0.285224139690399
2005,439.9,0.443389743566513
2006,440.1,1.94796431064606
2007,440.2,1.66960203647614
2008,440.4,4.5853157043457
2009,440.5,2.39341259002686
2010,440.7,0.687900245189667
2011,441.0,1.35235595703125
2012,441.1,1.37934589385986
2013,441.3,4.53762578964233
2014,441.4,4.13780879974365
2015,441.6,0.517612099647522
2016,441.7,0.50354528427124
2017,442.0,0.783851802349091
2018,442.2,2.82445096969604
2019,442.3,2.05077767372131
2020,442.4,3.25892043113708
2021,442.6,1.10841715335846
2022,442.9,1.161825299263
2023,443.0,1.10784542560577
2024,443.2,4.45368242263794
2025,443.3,3.78945565223694
2026,443.5,1.19784998893738
2027,443.6,0.737305581569672
2028,443.9,0.766125321388245
2029,444.1,2.35750222206116
2030,444.3,3.78785443305969
2031,444.4,3.22346758842468
2032,444.7,1.82079136371613
2033,444.8,1.08520126342773
2034,445.0,3.99428176879883
2035,445.1,3.76726889610291
2036,445.2,9.34549427032471
2037,445.4,4.46271705627441
2038,445.6,0.741079568862915
2039,445.7,0.988334834575653
2040,445.9,0.850183010101318
2041,446.1,3.20173835754395
2042,446.3,5.51326608657837
2043,446.4,3.27470254898071
2044,446.6,0.828568160533905
2045,446.7,1.37282705307007
2046,447.0,2.84732389450073
2047,447.2,6.62351322174072
2048,447.3,5.45642709732056
2049,447.5,2.00651884078979
2050,447.8,0.842749297618866
2051,448.0,2.02504563331604
2052,448.2,5.85475778579712
2053,448.3,5.15827989578247
2054,448.5,1.39375567436218
2055,448.6,0.924634039402008
2056,448.9,1.26383805274963
2057,449.1,2.77847671508789
2058,449.3,5.137122631073
2059,449.4,2.74736952781677
2060,449.6,0.532250702381134
2061,449.8,0.716376960277557
2062,450.0,1.012580037117
2063,450.2,2.40770816802979
2064,450.4,2.99988555908203
2065,450.5,1.91354072093964
2066,450.7,0.186413541436195
2067,450.9,0.626372396945953
2068,451.0,0.67566329240799
2069,451.2,2.50914907455444
2070,451.3,3.5256175994873
2071,451.5,1.26692593097687
2072,451.8,0.710430026054382
2073,452.0,1.05420863628387
2074,452.2,1.63140439987183
2075,452.3,1.64009606838226
2076,452.5,2.22724151611328
2077,452.6,1.01280879974365
2078,452.8,0.437671542167664
2079,453.0,0.446935027837753
2080,453.2,1.68092405796051
2081,453.3,1.2630375623703
2082,453.4,1.57765328884125
2083,453.6,0.218435496091843
2084,453.8,0.5
2085,454.0,0.568732857704163
2086,454.1,0.413655072450638
2087,454.3,2.20070910453796
2088,454.4,1.19624888896942
2089,454.5,1.61916744709015
2090,454.7,0.509606599807739
2091,455.0,0.484903931617737
2092,455.2,1.69762122631073
2093,455.3,2.32948303222656
2094,455.5,0.922118008136749
2095,455.7,0.347895711660385
2096,456.0,0.699679791927338
2097,456.2,1.10944652557373
2098,456.3,1.96809244155884
2099,456.5,1.35269904136658
2100,456.7,0.206084176898003
2101,456.9,0.93389755487442
2102,457.0,0.520013749599457
2103,457.2,2.36173367500305
2104,457.3,1.20048034191132
2105,457.4,1.58337140083313
2106,457.6,0.429437339305878
2107,457.9,0.608645915985107
2108,458.1,1.10178411006927
2109,458.3,2.11916732788086
2110,458.5,1.82445108890533
2111,458.6,0.838860929012299
2112,458.8,2.29082798957825
2113,458.9,1.66365504264832
2114,459.1,6.92669248580933
2115,459.2,4.3671088218689
2116,459.3,4.93767166137695
2117,459.5,1.36322045326233
2118,459.7,0.244167432188988
2119,459.9,1.99862766265869
2120,460.1,3.67623519897461
2121,460.2,2.03510975837708
2122,460.3,3.38529276847839
2123,460.6,2.15027451515198
2124,460.8,5.84274911880493
2125,461.0,21.5444869995117
2126,461.1,27.0888614654541
2127,461.3,9.81621646881104
2128,461.5,1.43481242656708
2129,461.8,2.2122597694397
2130,461.9,2.07296442985535
2131,462.1,9.60773086547852
2132,462.2,9.04048442840576
2133,462.4,3.26063585281372
2134,462.7,1.31038427352905
2135,462.9,3.45722770690918
2136,463.1,8.61196231842041
2137,463.2,6.65427732467651
2138,463.4,1.60704481601715
2139,463.5,0.941445589065552
2140,463.7,0.384034752845764
2141,463.9,1.05432295799255
2142,464.1,2.87145471572876
2143,464.3,2.96923613548279
2144,464.4,1.60052609443665
2145,464.7,0.59823876619339
2146,464.9,1.1646842956543
2147,465.1,2.64215469360352
2148,465.2,4.05683898925781
2149,465.4,1.44933664798737
2150,465.5,1.09023332595825
2151,465.7,0.124771274626255
2152,465.9,0.440073192119598
2153,466.1,1.49176573753357
2154,466.2,1.19396162033081
2155,466.3,2.11596512794495
2156,466.5,0.643183887004852
2157,466.7,0.57079142332077
2158,466.9,0.437328457832336
2159,467.1,1.26658284664154
2160,467.3,1.68161022663116
2161,467.4,1.27664685249329
2162,467.6,0.233417198061943
2163,467.8,0.370882898569107
2164,467.9,0.220379695296288
2165,468.1,0.946363210678101
2166,468.2,0.598010063171387
2167,468.4,1.22220957279205
2168,468.5,0.645699918270111
2169,468.7,0.315416276454926
2170,469.0,0.507433652877808
2171,469.2,1.01429545879364
2172,469.3,0.502401649951935
2173,469.4,0.955054879188538
2174,469.6,0.212031111121178
2175,469.7,0.4163998067379
2176,469.9,0.237305581569672
2177,470.2,1.03007781505585
2178,470.3,0.555237889289856
2179,470.4,0.916399836540222
2180,470.6,0.456541627645493
2181,470.7,0.180809691548347
2182,471.0,0.53693962097168
2183,471.2,0.799862742424011
2184,471.4,0.99519670009613
2185,471.5,0.632776737213135
2186,471.8,0.31427264213562
2187,471.9,0.260407149791718
2188,472.1,0.692932307720184
2189,472.2,1.01338064670563
2190,472.4,1.02333033084869
2191,472.7,0.93446934223175
2192,472.8,0.723010063171387
2193,473.0,3.74062204360962
2194,473.2,6.93000936508179
2195,473.3,3.9221179485321
2196,473.5,0.584743797779083
2197,473.7,0.425091505050659
2198,473.9,1.09995424747467
2199,474.1,3.30352234840393
2200,474.3,4.88266229629517
2201,474.4,1.96854984760284
2202,474.7,1.76418113708496
2203,474.9,8.88129043579102
2204,475.1,42.4703788757324
2205,475.2,42.0264167785645
2206,475.4,6.50240182876587
2207,475.7,1.3344007730484
2208,475.9,4.00800561904907
2209,476.1,16.7545738220215
2210,476.2,17.9716377258301
2211,476.4,4.34046220779419
2212,476.7,1.27813363075256
2213,476.8,1.18950140476227
2214,477.0,6.94144535064697
2215,477.2,14.9069080352783
2216,477.3,8.78751182556152
2217,477.5,1.20699906349182
2218,477.7,0.283851772546768
2219,477.9,0.896271705627441
2220,478.0,1.57296431064606
2221,478.2,4.4313817024231
2222,478.3,3.53602480888367
2223,478.5,0.722095131874084
2224,478.8,0.750686168670654
2225,479.0,2.55009150505066
2226,479.2,6.20825719833374
2227,479.3,3.51612544059753
2228,479.5,0.586802363395691
2229,479.7,0.397644102573395
2230,480.0,1.05889749526978
2231,480.2,2.38998174667358
2232,480.3,0.829826176166534
2233,480.5,0.997598350048065
2234,480.6,0.628659665584564
2235,480.9,1.19155991077423
2236,481.0,1.09881055355072
2237,481.2,4.22815656661987
2238,481.3,2.02847671508789
2239,481.4,1.35098350048065
2240,481.6,0.51669716835022
2241,481.9,0.548261642456055
2242,482.1,1.05249309539795
2243,482.2,0.689043939113617
2244,482.3,1.78705394268036
2245,482.5,0.359903931617737
2246,482.7,0.207342177629471
2247,482.9,0.498398900032043
2248,483.1,1.03213632106781
2249,483.2,1.06278586387634
2250,483.4,0.615965247154236
2251,483.6,0.218206763267517
2252,483.7,0.319419026374817
2253,483.9,0.1100182980299
2254,484.1,0.450480341911316
2255,484.2,0.20997254550457
2256,484.4,0.56553065776825
2257,484.5,0.258920401334763
2258,484.6,0.277218669652939
2259,484.8,0.144213169813156
2260,485.0,0.403476655483246
2261,485.2,0.39787283539772
2262,485.3,0.620997250080109
2263,485.5,0.534194886684418
2264,485.7,0.0808554440736771
2265,485.9,0.244967982172966
2266,486.1,0.398673385381699
2267,486.3,0.627516031265259
2268,486.5,0.560612976551056
2269,486.6,0.362763047218323
2270,486.9,0.459286361932755
2271,487.1,1.00571823120117
2272,487.2,0.716720044612885
2273,487.3,1.54380142688751
2274,487.5,0.479986280202866
2275,487.7,0.0830283612012863
2276,487.9,0.51543915271759
2277,488.1,1.03751146793365
2278,488.3,1.55032026767731
2279,488.5,0.937099754810333
2280,488.7,1.07799637317657
2281,488.9,6.59412145614624
2282,489.1,41.631404876709
2283,489.2,52.0196723937988
2284,489.4,7.86436414718628
2285,489.6,0.344236046075821
2286,489.8,1.70814275741577
2287,489.9,3.04608869552612
2288,490.1,16.5193271636963
2289,490.2,21.3970718383789
2290,490.4,5.08600187301636
2291,490.7,1.07513725757599
2292,490.9,3.01155066490173
2293,491.1,11.4632892608643
2294,491.2,16.8906669616699
2295,491.4,4.00548934936523
2296,491.7,0.508691668510437
2297,491.9,1.52069985866547
2298,492.1,2.98147296905518
2299,492.2,4.95551252365112
2300,492.4,2.14581418037415
2301,492.6,0.233188465237617
2302,492.8,0.715690732002258
2303,492.9,0.532936871051788
2304,493.1,3.27138614654541
2305,493.2,1.97689843177795
2306,493.3,3.20311069488525
2307,493.5,0.764752984046936
2308,493.7,0.098810613155365
2309,493.9,0.491308331489563
2310,494.1,1.23078680038452
2311,494.2,0.919144570827484
2312,494.4,1.12991762161255
2313,494.5,0.682296454906464
2314,494.7,0.0841720029711723
2315,494.9,1.20551240444183
2316,495.1,2.44361853599548
2317,495.3,2.80077767372131
2318,495.4,1.2556037902832
2319,495.6,0.332913994789124
2320,495.8,0.0364821590483189
2321,496.0,0.656793236732483
2322,496.2,1.14661478996277
2323,496.3,0.541056752204895
2324,496.5,0.87202650308609
2325,496.6,0.0980100631713867
2326,496.7,0.275388836860657
2327,497.0,0.551349520683289
2328,497.2,1.17143177986145
2329,497.3,0.56255716085434
2330,497.4,0.854300081729889
2331,497.6,0.240050315856934
2332,497.8,0.268755704164505
2333,498.0,0.543801486492157
2334,498.2,0.598353147506714
2335,498.4,0.786139070987701
2336,498.5,0.516582787036896
2337,498.7,0.20288197696209
2338,498.9,0.278476655483246
2339,499.1,0.493023782968521
2340,499.3,0.687099754810333
2341,499.4,0.252744734287262
2342,499.6,0.337831646203995
2343,499.8,0.240279048681259
2344,499.9,0.212488561868668
2345,500.1,0.33931839466095
2346,500.3,0.503087818622589
2347,500.4,0.280420869588852
2348,500.6,0.110132664442062
2349,500.8,0.541171073913574
2350,500.9,0.30500915646553
2351,501.1,2.10956072807312
2352,501.2,1.1734904050827
2353,501.3,1.69521963596344
2354,501.5,0.535795986652374
2355,501.7,0.348581880331039
2356,502.0,0.465118944644928
2357,502.1,0.403247952461243
2358,502.3,0.94762122631073
2359,502.4,0.771843552589417
2360,502.7,0.723810613155365
2361,502.8,0.741193950176239
2362,503.0,8.49485397338867
2363,503.1,8.90576362609863
2364,503.3,19.1857280731201
2365,503.4,3.06255722045898
2366,503.5,1.02424514293671
2367,503.8,0.798032939434052
2368,503.9,0.960315644741058
2369,504.1,6.13700819015503
2370,504.2,8.22964286804199
2371,504.4,1.95585548877716
2372,504.5,0.854185700416565
2373,504.8,0.593321144580841
2374,505.0,3.02779054641724
2375,505.1,2.92371916770935
2376,505.3,5.61253452301025
2377,505.4,1.28430926799774
2378,505.5,0.93035227060318
2379,505.8,0.396957904100418
2380,506.0,1.16296887397766
2381,506.1,1.01692593097687
2382,506.3,2.49107956886292
2383,506.4,1.32879686355591
2384,506.6,0.217177495360374
2385,506.8,0.700823426246643
2386,507.0,1.82376492023468
2387,507.2,4.23295974731445
2388,507.3,2.55077767372131
2389,507.5,0.724039316177368
2390,507.7,0.0972095131874084
2391,507.9,0.768641352653503
2392,508.0,0.423376023769379
2393,508.1,1.31187105178833
2394,508.3,1.29311525821686
2395,508.6,0.513952434062958
2396,508.8,0.336001843214035
2397,509.0,0.65061753988266
2398,509.2,1.1137923002243
2399,509.4,1.16960203647614
2400,509.5,0.574222326278687
2401,509.8,0.110247023403645
2402,509.9,0.244281798601151
2403,510.2,0.407708138227463
2404,510.4,0.331312894821167
2405,510.6,0.307753890752792
2406,510.7,0.196591943502426
2407,510.9,0.452081441879272
2408,511.1,0.612419962882996
2409,511.3,0.871226012706757
2410,511.4,0.289798706769943
2411,511.5,0.392726451158524
2412,511.8,0.305123507976532
2413,512.0,0.254688918590546
2414,512.1,0.662397086620331
2415,512.3,0.251601099967957
2416,512.4,0.49256631731987
2417,512.6,0.198193043470383
2418,512.8,0.278362303972244
2419,513.0,0.327195793390274
2420,513.2,0.493138164281845
2421,513.4,0.353499531745911
2422,513.7,0.34023329615593
2423,513.8,0.146729186177254
2424,514.1,0.279277205467224
2425,514.3,0.450365960597992
2426,514.5,0.384606599807739
2427,514.7,0.136093318462372
2428,514.8,0.0890896618366241
2429,515.0,0.300663322210312
2430,515.1,0.188586458563805
2431,515.3,0.331198543310165
2432,515.4,0.128316566348076
2433,515.6,0.257548034191132
2434,515.7,0.29311528801918
2435,515.9,0.218435496091843
2436,516.1,0.131976217031479
2437,516.2,0.578110694885254
2438,516.4,0.113220490515232
2439,516.6,0.202767610549927
2440,516.8,0.307753890752792
2441,517.0,0.488220483064651
2442,517.1,0.386093318462372
2443,517.2,0.673032939434052
2444,517.5,0.521157383918762
2445,517.6,0.301692575216293
2446,517.8,0.277447402477264
2447,518.0,0.0986962467432022
2448,518.1,0.271729171276093
2449,518.4,0.460773110389709
2450,518.6,0.387122601270676
2451,518.8,0.82262122631073
2452,519.0,1.57067704200745
2453,519.2,1.9841034412384
2454,519.3,1.12236964702606
2455,519.5,0.429208606481552
2456,519.7,0.131290033459663
2457,519.9,0.381976217031479
2458,520.1,1.19853615760803
2459,520.3,0.98627632856369
2460,520.4,0.380489468574524
2461,520.6,0.556267142295837
2462,520.8,0.781907618045807
2463,521.0,1.90770816802979
2464,521.2,3.17097449302673
2465,521.3,0.909881055355072
2466,521.4,0.752859115600586
2467,521.7,0.221637696027756
2468,521.9,0.43218207359314
2469,522.1,1.27950596809387
2470,522.3,1.7910567522049
2471,522.4,0.753087818622589
2472,522.6,0.2024245262146
2473,522.8,0.42737877368927
2474,523.0,0.953682541847229
2475,523.2,1.16056728363037
2476,523.3,0.923947870731354
2477,523.5,0.277447402477264
2478,523.8,0.369510531425476
2479,524.0,0.565873742103577
2480,524.1,0.49736961722374
2481,524.3,0.17783622443676
2482,524.4,0.451509594917297
2483,524.7,0.138494968414307
2484,524.9,0.311070442199707
2485,525.0,0.532708168029785
2486,525.3,0.533623039722443
2487,525.5,0.553865492343903
2488,525.6,0.128430917859077
2489,525.8,0.243595615029335
2490,525.9,0.347438246011734
2491,526.1,0.528705418109894
2492,526.3,0.399588286876678
2493,526.6,0.177607506513596
2494,526.7,0.200594693422318
2495,527.0,0.360247015953064
2496,527.2,0.489249765872955
2497,527.4,0.262122601270676
2498,527.6,0.157822504639626
2499,527.8,0.192017376422882
2500,528.0,0.261665135622025
2501,528.1,0.0567246116697788
2502,528.2,0.259034752845764
2503,528.4,0.0824565440416336
2504,528.5,0.262694418430328
2505,528.8,0.149130836129189
2506,528.9,0.265553534030914
2507,529.0,0.372026532888412
2508,529.2,0.630946934223175
2509,529.5,0.311299175024033
2510,529.7,0.194647759199142
2511,529.9,0.210658743977547
2512,530.1,0.327195793390274
2513,530.2,0.272186636924744
2514,530.3,0.295516937971115
2515,530.6,0.222781330347061
2516,530.7,0.180809691548347
2517,530.9,0.098810613155365
2518,531.0,0.205855444073677
2519,531.2,0.272186636924744
2520,531.3,0.323764860630035
2521,531.6,0.213632211089134
2522,531.8,0.255260735750198
2523,532.0,0.462602913379669
2524,532.1,0.139295518398285
2525,532.3,0.301692575216293
2526,532.4,0.350182980298996
2527,532.6,0.223696246743202
2528,532.9,0.747369647026062
2529,533.1,1.9393869638443
2530,533.2,1.11699450016022
2531,533.3,1.46111619472504
2532,533.6,0.308897525072098
2533,533.8,0.266354084014893
2534,533.9,0.214204028248787
2535,534.1,0.879917681217194
2536,534.2,1.00617563724518
2537,534.5,0.578796863555908
2538,534.7,0.953339457511902
2539,534.9,4.13769435882568
2540,535.0,4.70082330703735
2541,535.2,12.9222326278687
2542,535.3,4.34446477890015
2543,535.4,2.448650598526
2544,535.6,0.501029253005981
2545,535.8,1.02607500553131
2546,536.0,3.29128551483154
2547,536.2,5.56804656982422
2548,536.3,2.69533395767212
2549,536.5,0.676692605018616
2550,536.8,0.690416276454926
2551,537.0,2.46866416931152
2552,537.2,3.76921319961548
2553,537.3,2.10715913772583
2554,537.5,0.280306488275528
2555,537.6,0.291857272386551
2556,537.9,0.456770360469818
2557,538.0,0.25834858417511
2558,538.2,1.41880142688751
2559,538.4,1.05706775188446
2560,538.5,0.383462935686111
2561,538.8,0.184240624308586
2562,539.0,0.997941434383392
2563,539.2,1.02801918983459
2564,539.3,0.956770360469818
2565,539.5,0.102470263838768
2566,539.6,0.127630367875099
2567,539.9,0.395013719797134
2568,540.1,0.492451965808868
2569,540.3,0.590118944644928
2570,540.4,0.545059442520142
2571,540.6,0.191674292087555
2572,540.9,0.232273563742638
2573,541.1,0.427721858024597
2574,541.3,0.539798736572266
2575,541.4,0.212374195456505
2576,541.5,0.205512344837189
2577,541.7,0.097666971385479
2578,541.9,0.312442809343338
2579,542.0,0.288883805274963
2580,542.2,0.139867335557938
2581,542.4,0.431267142295837
2582,542.5,0.303751140832901
2583,542.8,0.0827996358275414
2584,543.0,0.216148212552071
2585,543.2,0.266925901174545
2586,543.4,0.177493140101433
2587,543.6,0.187099725008011
2588,543.7,0.0625571832060814
2589,543.9,0.256747484207153
2590,544.0,0.209286361932755
2591,544.2,0.203682526946068
2592,544.4,0.36047574877739
2593,544.6,0.16239707171917
2594,544.8,0.259149134159088
2595,545.0,0.267497718334198
2596,545.2,0.367451965808868
2597,545.3,0.0685041174292564
2598,545.5,0.255032032728195
2599,545.7,0.165256172418594
2600,545.8,0.048719123005867
2601,545.9,0.278934121131897
2602,546.1,0.243252515792847
2603,546.3,0.133577316999435
2604,546.4,0.319419026374817
2605,546.6,0.126143634319305
2606,546.9,0.600411713123322
2607,547.1,0.939043939113617
2608,547.3,1.22232389450073
2609,547.4,0.610361397266388
2610,547.6,0.140667885541916
2611,547.9,0.247827082872391
2612,548.0,0.246225982904434
2613,548.2,0.552950620651245
2614,548.4,0.596180260181427
2615,548.5,0.143755719065666
2616,548.7,0.528247952461243
2617,548.9,2.85281324386597
2618,549.1,14.0990390777588
2619,549.2,23.4835319519043
2620,549.4,7.14798736572266
2621,549.6,0.886550784111023
2622,549.9,1.35944652557373
