#"+ Scan (rt: 0.088-70.002 min, 11384 scans) BARLEYSTRAW_450_231106.D "
#Point,X(Thompsons),Y(Counts)
0,10.2,4.26423072814941
1,10.4,3.74358749389648
2,10.5,1.97171473503113
3,10.7,4.28742074966431
4,10.9,4.47162675857544
5,11.1,4.43657779693604
6,11.3,4.56228017807007
7,11.5,3.9561665058136
8,11.7,3.55156350135803
9,11.9,9.79848957061768
10,12.0,19.4047794342041
11,12.2,190.934387207031
12,12.3,15.8272132873535
13,12.6,4.76809549331665
14,12.8,6.88589239120483
15,13.0,15.2693252563477
16,13.2,30.7955894470215
17,13.3,1.86358046531677
18,14.2,8975.0458984375
19,14.9,5.60277605056763
20,15.1,132.024856567383
21,15.2,300.029693603516
22,15.4,3.15091347694397
23,16.2,4660.931640625
24,17.2,9856.6611328125
25,18.2,41750.984375
26,19.0,25.0874919891357
27,19.2,78.6901779174805
28,19.3,15.9748773574829
29,19.5,1.02547430992126
30,19.7,0.0320625454187393
31,19.9,4.39414978027344
32,20.1,348.143005371094
33,20.2,147.565795898438
34,20.4,0.215741395950317
35,20.6,0.277319043874741
36,20.8,1.89906883239746
37,20.9,1.61331689357758
38,21.1,3.5379478931427
39,21.2,1.89212930202484
40,21.4,3.44509840011597
41,21.5,1.69263875484467
42,21.7,3.30727338790894
43,21.9,7.96451139450073
44,22.1,52.777759552002
45,22.2,32.6964149475098
46,22.4,2.67770552635193
47,22.5,3.19650387763977
48,22.8,3.43754386901855
49,23.0,3.63949394226074
50,23.2,3.71099781990051
51,23.4,3.73778986930847
52,23.5,1.71380889415741
53,23.6,3.85866117477417
54,23.9,5.5400562286377
55,24.0,4.84460639953613
56,24.1,11.5569219589233
57,24.3,2.85910058021545
58,24.4,4.54181289672852
59,24.6,1.80007028579712
60,24.8,5.05525302886963
61,25.0,15.7807445526123
62,25.1,15.5948696136475
63,25.2,23.23313331604
64,25.4,4.38606834411621
65,25.5,3.96784973144531
66,25.7,1.43886160850525
67,25.9,12.8983659744263
68,26.1,134.255966186523
69,26.2,127.146606445313
70,26.4,15.1868410110474
71,26.6,1.85216093063354
72,26.8,0.152143359184265
73,27.0,0.35233661532402
74,27.2,80.5036926269531
75,28.1,350614.25
76,29.0,12.2936573028564
77,29.1,3101.49462890625
78,29.9,12.5412864685059
79,30.1,132.482788085938
80,30.2,76.2671279907227
81,30.4,6.87052011489868
82,30.7,3.56263184547424
83,30.9,7.70748424530029
84,31.0,6.07765293121338
85,31.2,3.98717498779297
86,32.1,74868.765625
87,32.9,6.40284633636475
88,33.1,51.3758773803711
89,33.2,29.3077125549316
90,33.4,3.53478574752808
91,33.6,0.219694301486015
92,33.8,1.26080465316772
93,34.0,123.216354370117
94,34.1,253.442810058594
95,34.3,8.25825691223145
96,34.5,0.299104005098343
97,34.7,1.33081519603729
98,34.9,10.5761594772339
99,35.1,22.2761764526367
100,35.2,8.27933979034424
101,35.3,6.34697818756104
102,35.5,0.71556568145752
103,35.7,1.10892486572266
104,35.9,29.6905307769775
105,36.1,173.714691162109
106,36.2,46.5091361999512
107,36.4,1.46495079994202
108,36.7,2.1256148815155
109,36.9,13.8143882751465
110,37.1,38.5284614562988
111,37.2,23.6380882263184
112,37.4,4.37622976303101
113,37.7,2.89775133132935
114,37.9,24.4124202728271
115,38.0,47.3424110412598
116,38.1,103.408378601074
117,38.3,11.7036190032959
118,38.4,3.66681313514709
119,38.7,1.32150387763977
120,38.9,12.5164270401001
121,39.1,199.737701416016
122,39.2,90.8215026855469
123,40.1,11414.4619140625
124,40.9,10.59996509552
125,41.1,285.424377441406
126,41.2,157.577209472656
127,41.4,2.11129665374756
128,41.6,0.88668304681778
129,41.8,3.43701696395874
130,42.0,69.6358032226563
131,42.1,202.60725402832
132,42.3,22.5072917938232
133,42.5,1.34118056297302
134,42.8,1.7919008731842
135,43.0,82.35400390625
136,43.1,249.971710205078
137,43.2,182.148895263672
138,43.4,0.421556562185287
139,44.1,28388.08203125
140,44.2,54.4897232055664
141,44.9,21.3856296539307
142,45.1,518.3740234375
143,45.2,65.0773010253906
144,45.3,10.6138439178467
145,45.5,0.625614881515503
146,45.7,1.78373157978058
147,45.9,19.1324672698975
148,46.1,133.875259399414
149,46.2,20.5404949188232
150,46.3,9.03013038635254
151,46.5,1.15267038345337
152,46.7,2.89687275886536
153,46.9,28.6231555938721
154,47.1,91.12060546875
155,47.2,30.7967319488525
156,47.4,2.40187978744507
157,47.6,0.915319740772247
158,47.8,8.64634609222412
159,48.0,88.9616165161133
160,48.1,329.398895263672
161,48.3,6.53329229354858
162,48.6,1.69509840011597
163,48.8,5.7110857963562
164,49.0,25.1346626281738
165,49.1,16.4442195892334
166,49.2,16.602424621582
167,49.4,3.10145807266235
168,49.7,2.21741032600403
169,49.9,21.9633693695068
170,50.1,139.625259399414
171,50.2,51.5380363464355
172,50.4,3.50298666954041
173,50.7,2.002108335495
174,50.9,21.726282119751
175,51.0,49.763614654541
176,51.1,143.565612792969
177,51.3,15.2044095993042
178,51.4,3.89950799942017
179,51.7,2.28206253051758
180,51.8,4.40082550048828
181,52.0,42.6674270629883
182,52.1,90.829231262207
183,52.3,15.4154958724976
184,52.5,1.43877375125885
185,52.7,2.41734004020691
186,52.9,17.3642826080322
187,53.1,65.5888977050781
188,53.2,41.7907600402832
189,53.4,4.60057973861694
190,53.7,2.70722055435181
191,53.9,15.3731555938721
192,54.0,20.4898986816406
193,54.1,51.0765991210938
194,54.3,15.0663213729858
195,54.5,1.62008082866669
196,54.7,1.02029168605804
197,54.9,16.8778991699219
198,55.0,54.1967658996582
199,55.1,176.028717041016
200,55.3,24.6818332672119
201,55.5,1.3719254732132
202,55.8,4.38580465316772
203,56.0,42.9501037597656
204,56.2,99.7075729370117
205,56.3,22.5551643371582
206,56.6,2.26616311073303
207,56.8,3.89669704437256
208,57.0,46.6511764526367
209,57.2,112.197822570801
210,57.3,29.6261425018311
211,57.6,3.15302181243896
212,57.8,5.85391759872437
213,58.0,24.8871231079102
214,58.1,26.8873863220215
215,58.2,28.5491046905518
216,58.4,3.11691856384277
217,58.5,2.44808506965637
218,58.7,1.69448351860046
219,58.9,16.4389495849609
220,59.1,50.8841361999512
221,59.2,29.4847145080566
222,59.4,3.82018613815308
223,59.6,1.18113136291504
224,59.8,7.15864372253418
225,60.0,64.0317993164063
226,60.1,81.1878967285156
227,60.3,12.0307445526123
228,60.5,0.947909355163574
229,60.7,2.70317983627319
230,60.9,15.2879476547241
231,61.0,18.9144420623779
232,61.1,36.5377731323242
233,61.3,8.67384052276611
234,61.5,1.02301478385925
235,61.7,2.67630004882813
236,61.9,14.0873155593872
237,62.1,30.2307624816895
238,62.2,18.2015991210938
239,62.4,3.31983494758606
240,62.7,2.92963814735413
241,62.8,5.2503514289856
242,63.0,48.2255783081055
243,63.1,40.8337135314941
244,63.2,38.9897232055664
245,63.4,2.59416723251343
246,63.6,2.19720649719238
247,63.8,13.3482961654663
248,64.0,665.841369628906
249,64.1,253.532943725586
250,64.2,30.627986907959
251,64.4,1.35637736320496
252,64.6,1.40635979175568
253,64.8,6.29743480682373
254,65.0,54.3631401062012
255,65.1,93.7846069335938
256,65.3,15.5801124572754
257,65.5,2.40038657188416
258,65.8,8.71784973144531
259,66.0,64.6687469482422
260,66.1,78.637825012207
261,66.3,10.4059209823608
262,66.4,3.81333446502686
263,66.6,0.679813802242279
264,66.8,6.42788124084473
265,67.0,49.5102767944336
266,67.1,85.0538482666016
267,67.3,18.9898109436035
268,67.5,1.28496134281158
269,67.7,2.35576248168945
270,67.9,17.5751056671143
271,68.1,52.2253150939941
272,68.2,35.1082229614258
273,68.4,5.13220310211182
274,68.7,2.63475060462952
275,68.9,21.720573425293
276,69.1,88.3219451904297
277,69.2,58.1200790405273
278,69.4,7.01563596725464
279,69.6,1.58564651012421
280,69.8,6.56596994400024
281,70.0,35.1120872497559
282,70.1,32.0175666809082
283,70.2,44.4644241333008
284,70.4,6.63791275024414
285,70.6,1.28381943702698
286,70.8,5.82220649719238
287,71.0,31.2002811431885
288,71.2,55.1000518798828
289,71.3,19.5338191986084
290,71.5,2.75939917564392
291,71.8,4.76818323135376
292,71.9,6.68587493896484
293,72.1,20.0730857849121
294,72.2,8.87912845611572
295,72.3,6.52846097946167
296,72.5,1.03390729427338
297,72.8,2.94887566566467
298,72.9,13.9465036392212
299,73.1,554.291564941406
300,73.2,179.657684326172
301,73.3,13.0559558868408
302,73.6,0.986296534538269
303,73.8,5.75500679016113
304,74.0,56.3244018554688
305,74.1,52.0352249145508
306,74.2,47.8204498291016
307,74.4,2.67990159988403
308,74.5,1.90741395950317
309,74.8,7.14731216430664
310,75.0,83.3239669799805
311,75.1,127.235069274902
312,75.3,11.9508085250854
313,75.4,3.07993674278259
314,75.6,0.765723824501038
315,75.8,8.39265632629395
316,75.9,18.8506679534912
317,76.1,92.9934997558594
318,76.2,37.4449234008789
319,76.4,3.51203441619873
320,76.7,1.55648279190063
321,76.9,26.9394760131836
322,77.1,267.965209960938
323,77.2,103.011245727539
324,77.4,2.15917086601257
325,77.6,0.295063257217407
326,77.8,3.68332743644714
327,78.0,97.7241744995117
328,78.1,427.500701904297
329,78.3,19.7190799713135
330,78.5,1.08907234668732
331,78.8,3.29910397529602
332,78.9,32.6510887145996
333,79.1,376.858673095703
334,79.2,91.9235763549805
335,79.4,0.553144752979279
336,79.6,0.441321164369583
337,79.7,1.2109979391098
338,79.9,20.4638957977295
339,80.1,48.5594711303711
340,80.2,28.335823059082
341,80.4,4.0050950050354
342,80.7,1.00491917133331
343,80.9,43.0823974609375
344,81.1,307.288726806641
345,81.2,76.5727310180664
346,81.4,1.19615244865417
347,81.6,1.27714335918427
348,81.8,10.1627721786499
349,82.0,48.6520538330078
350,82.1,59.2614212036133
351,82.3,13.659083366394
352,82.4,6.84451866149902
353,82.6,1.78320455551147
354,82.8,11.1625089645386
355,83.0,55.915584564209
356,83.1,70.5385665893555
357,83.3,13.8822908401489
358,83.4,5.52169704437256
359,83.7,2.87605404853821
360,83.9,16.9949054718018
361,84.1,39.7366485595703
362,84.2,22.8953800201416
363,84.4,1.93069219589233
364,84.7,0.594694316387177
365,84.9,70.3824691772461
366,85.1,643.273803710938
367,85.2,37.286190032959
368,85.5,0.245959237217903
369,85.7,1.89704847335815
370,85.9,21.9098739624023
371,86.1,39.2306747436523
372,86.2,19.4900741577148
373,86.4,3.14344692230225
374,86.7,3.98058676719666
375,86.9,27.2916374206543
376,87.1,58.4477348327637
377,87.2,28.9790058135986
378,87.4,4.85057973861694
379,87.6,1.82774066925049
380,87.8,8.69202423095703
381,88.0,20.3323955535889
382,88.1,18.7619457244873
383,88.3,6.84030199050903
384,88.5,1.43736827373505
385,88.7,4.78715753555298
386,88.9,28.1677799224854
387,89.0,35.3561134338379
388,89.1,55.7210998535156
389,89.3,11.9805870056152
390,89.6,3.31333446502686
391,89.8,7.12280416488647
392,90.0,16.7602767944336
393,90.1,10.2846975326538
394,90.2,12.589072227478
395,90.4,2.88598036766052
396,90.6,0.729971885681152
397,90.8,6.38896703720093
398,91.0,84.2132797241211
399,91.1,399.858825683594
400,91.3,16.5003509521484
401,91.4,2.85172176361084
402,91.6,0.602951526641846
403,91.8,5.14722394943237
404,92.0,38.192813873291
405,92.1,104.9501953125
406,92.2,72.0173034667969
407,92.4,5.14704847335815
408,92.7,2.78258967399597
409,92.8,4.48761415481567
410,93.0,31.7773189544678
411,93.1,43.9452743530273
412,93.3,13.6971187591553
413,93.6,2.63650727272034
414,93.8,7.50966262817383
415,94.0,56.051212310791
416,94.1,125.006057739258
417,94.3,14.4378070831299
418,94.5,2.82677435874939
419,94.7,1.82176744937897
420,94.9,18.2698516845703
421,95.1,50.7045860290527
422,95.2,33.0736122131348
423,95.4,4.56245613098145
424,95.7,3.15267038345337
425,95.9,40.5179214477539
426,96.1,424.781799316406
427,96.2,117.073608398438
428,96.4,5.18148279190063
429,96.6,6.04154968261719
430,96.7,7.28794813156128
431,96.9,42.1786727905273
432,97.0,28.1648807525635
433,97.2,58.8453102111816
434,97.3,20.0635108947754
435,97.6,4.2099437713623
436,97.8,8.96468734741211
437,98.0,26.6377372741699
438,98.1,18.5838012695313
439,98.2,26.0661449432373
440,98.4,5.32791614532471
441,98.6,1.04884052276611
442,98.8,5.79418468475342
443,99.0,17.4501934051514
444,99.1,12.2232961654663
445,99.2,16.9764575958252
446,99.4,3.09267401695251
447,99.6,2.41848206520081
448,99.8,4.42234706878662
449,100.0,9.84645080566406
450,100.1,5.23673582077026
451,100.2,8.55727291107178
452,100.4,1.66180598735809
453,100.6,2.26133179664612
454,100.8,5.67076587677002
455,100.9,5.69606447219849
456,101.1,15.0623683929443
457,101.2,9.64564323425293
458,101.4,2.94869995117188
459,101.6,1.58028817176819
460,101.8,9.99209403991699
461,102.0,32.2152137756348
462,102.1,19.3842239379883
463,102.2,19.836612701416
464,102.4,3.32334852218628
465,102.7,2.9571328163147
466,102.9,35.0726470947266
467,103.1,157.290313720703
468,103.2,54.7875099182129
469,103.4,3.77942728996277
470,103.7,4.0754566192627
471,103.9,28.9210300445557
472,104.0,36.0240707397461
473,104.1,73.3619995117188
474,104.3,11.1650562286377
475,104.4,3.55586791038513
476,104.7,3.62745952606201
477,104.8,7.62631750106812
478,105.0,72.4008255004883
479,105.1,100.384750366211
480,105.3,15.7313776016235
481,105.5,1.04699575901031
482,105.7,2.3743851184845
483,105.8,4.55780029296875
484,106.0,30.0576248168945
485,106.1,54.3044624328613
486,106.3,11.9303407669067
487,106.5,1.33854532241821
488,106.7,3.36656713485718
489,106.9,16.9598560333252
490,107.1,45.4762840270996
491,107.2,28.9282321929932
492,107.4,4.66488075256348
493,107.7,2.96811318397522
494,107.9,12.4423751831055
495,108.1,29.0200271606445
496,108.2,14.0290756225586
497,108.3,10.3613843917847
498,108.6,2.65864372253418
499,108.8,5.49736452102661
500,109.0,18.1942195892334
501,109.1,12.1166553497314
502,109.2,18.1409873962402
503,109.4,3.24455380439758
504,109.5,2.60189747810364
505,109.8,6.27740669250488
506,110.0,17.8232612609863
507,110.2,21.2936573028564
508,110.3,6.40231895446777
509,110.4,4.11112070083618
510,110.6,1.38378429412842
511,110.8,6.39652156829834
512,111.0,17.0853824615479
513,111.2,21.5436573028564
514,111.3,10.5056219100952
515,111.5,2.86252641677856
516,111.7,1.98453974723816
517,111.9,10.928671836853
518,112.1,19.3810615539551
519,112.2,14.5115947723389
520,112.4,2.9952564239502
521,112.6,2.8708713054657
522,112.8,5.94834852218628
523,113.0,14.4332399368286
524,113.2,15.9002103805542
525,113.3,7.26739263534546
526,113.5,2.31254386901855
527,113.8,3.64977169036865
528,114.0,7.10664081573486
529,114.1,7.80780029296875
530,114.3,4.35962772369385
531,114.6,2.0019326210022
532,114.8,9.15635967254639
533,115.0,70.3723678588867
534,115.1,82.3795700073242
535,115.3,14.043306350708
536,115.5,0.803232610225677
537,115.7,2.36454677581787
538,115.9,13.6142835617065
539,116.0,12.367094039917
540,116.2,24.5011425018311
541,116.3,8.27846145629883
542,116.6,2.37702035903931
543,116.7,2.55850315093994
544,116.9,22.7887382507324
545,117.0,25.3865070343018
546,117.1,50.8635787963867
547,117.3,9.98831653594971
548,117.4,3.95722055435181
549,117.6,1.21714687347412
550,117.8,7.58388948440552
551,117.9,10.1300067901611
552,118.1,31.8374042510986
553,118.2,21.6764755249023
554,118.4,2.44984197616577
555,118.6,2.5025475025177
556,118.8,10.568868637085
557,119.0,79.8904571533203
558,119.1,87.8965225219727
559,119.3,11.6159524917603
560,119.6,1.91927266120911
561,119.8,6.99385118484497
562,120.0,22.6711177825928
563,120.1,14.4746131896973
564,120.2,18.7815361022949
565,120.4,3.93508434295654
566,120.6,1.25404071807861
567,120.8,8.28004169464111
568,121.0,28.7667770385742
569,121.1,17.4726810455322
570,121.2,20.1157760620117
571,121.4,2.70432186126709
572,121.6,2.03540062904358
573,121.7,2.19246315956116
574,121.9,15.3816757202148
575,122.1,29.1280746459961
576,122.2,19.8331871032715
577,122.4,3.36726975440979
578,122.6,1.22979617118835
579,122.8,5.06614542007446
580,122.9,6.30648279190063
581,123.1,16.9527416229248
582,123.2,12.5782680511475
583,123.4,3.27898812294006
584,123.7,2.57897043228149
585,123.9,7.46890354156494
586,124.1,12.1813945770264
587,124.2,9.09249782562256
588,124.4,3.31324672698975
589,124.6,1.36533737182617
590,124.8,8.25131797790527
591,124.9,8.55700969696045
592,125.1,25.7394580841064
593,125.2,17.6068172454834
594,125.5,5.41365051269531
595,125.7,5.2185525894165
596,125.9,13.4972772598267
597,126.1,21.4001235961914
598,126.2,15.7868938446045
599,126.4,2.85910058021545
600,126.6,3.90258264541626
601,126.8,8.16329956054688
602,126.9,8.62394618988037
603,127.1,23.3389854431152
604,127.2,15.4400033950806
605,127.4,3.43771958351135
606,127.6,1.09425508975983
607,127.8,6.6627721786499
608,128.0,35.9968376159668
609,128.1,86.4902496337891
610,128.3,8.6997537612915
611,128.4,4.11340475082397
612,128.6,1.42796909809113
613,128.8,9.63923072814941
614,128.9,14.9364900588989
615,129.1,46.5281982421875
616,129.2,19.623067855835
617,129.3,12.6921997070313
618,129.5,1.06219255924225
619,129.7,2.9115424156189
620,129.9,9.43139457702637
621,130.0,8.05534076690674
622,130.2,17.2964687347412
623,130.3,7.59170770645142
624,130.5,1.27037942409515
625,130.7,3.73576951026917
626,130.9,19.9718894958496
627,131.0,20.1085739135742
628,131.1,40.2420959472656
629,131.3,10.6632995605469
630,131.5,1.08468019962311
631,131.7,3.68113136291504
632,131.9,18.5817813873291
633,132.1,32.7301483154297
634,132.2,12.7186403274536
635,132.3,8.14406204223633
636,132.6,1.74516868591309
637,132.8,8.8773717880249
638,133.0,185.644500732422
639,133.1,263.160919189453
640,133.3,8.12912845611572
641,133.4,3.55384755134583
642,133.7,4.35945177078247
643,133.9,27.0325889587402
644,134.1,52.6861381530762
645,134.2,24.8649864196777
646,134.4,3.77117013931274
647,134.6,1.02459597587585
648,134.8,9.04111003875732
649,135.0,69.6066436767578
650,135.1,91.9024047851563
651,135.3,13.618236541748
652,135.5,1.71468722820282
653,135.7,1.64177799224854
654,135.9,11.1438865661621
655,136.1,20.3092060089111
656,136.2,14.2260189056396
657,136.4,3.30130004882813
658,136.6,1.17401611804962
659,136.8,10.1629476547241
660,137.0,58.8173751831055
661,137.1,74.8017425537109
662,137.3,9.84144401550293
663,137.5,0.913299381732941
664,137.7,2.16848206520081
665,137.9,9.06596946716309
666,138.0,7.41409015655518
667,138.2,15.3877372741699
668,138.3,6.08968734741211
669,138.5,0.960558652877808
670,138.7,3.14177799224854
671,138.9,26.9543209075928
672,139.1,124.526351928711
673,139.2,33.5539360046387
674,139.3,10.3058681488037
675,139.6,1.63914263248444
676,139.8,5.68938875198364
677,139.9,6.94070625305176
678,140.1,20.420238494873
679,140.2,13.9364023208618
680,140.4,2.01466965675354
681,140.6,2.44228744506836
682,140.8,7.88518953323364
683,141.0,29.2272491455078
684,141.1,44.4560775756836
685,141.3,10.3601541519165
686,141.6,2.19949054718018
687,141.7,1.94992971420288
688,141.9,13.6900911331177
689,142.1,35.8757019042969
690,142.2,21.6286888122559
691,142.4,3.25860857963562
692,142.7,2.76159524917603
693,142.9,9.2664270401001
694,143.1,17.9942893981934
695,143.2,12.5123853683472
696,143.4,3.21178841590881
697,143.7,2.36762118339539
698,143.9,7.56851720809937
699,144.1,11.8399505615234
700,144.2,9.08081531524658
701,144.4,1.84364020824432
702,144.6,2.2476282119751
703,144.8,7.0023717880249
704,145.0,21.9532680511475
705,145.1,13.7181129455566
706,145.2,17.7001056671143
707,145.4,4.13641977310181
708,145.7,3.19026708602905
709,145.9,10.1562719345093
710,146.1,15.4687280654907
711,146.2,6.49543237686157
712,146.3,5.09012651443481
713,146.5,0.777231216430664
714,146.7,3.40881943702698
715,146.9,38.9793586730957
716,147.1,233.44465637207
717,147.2,63.7966461181641
718,147.4,3.17243504524231
719,147.7,3.07949757575989
720,147.9,19.7828540802002
721,148.0,21.8656005859375
722,148.1,40.2689743041992
723,148.3,9.88694667816162
724,148.6,2.65319752693176
725,148.8,10.3338899612427
726,149.0,53.2610664367676
727,149.1,33.2234725952148
728,149.2,28.5439205169678
729,149.4,2.24815535545349
730,149.6,2.3327476978302
731,149.8,5.23076248168945
732,150.0,14.1098031997681
733,150.1,8.03531265258789
734,150.2,11.2406883239746
735,150.4,3.11358046531677
736,150.6,1.02248775959015
737,150.8,7.66215753555298
738,150.9,10.3795680999756
739,151.1,29.2366485595703
740,151.2,17.7478046417236
741,151.4,2.05586791038513
742,151.6,2.15056228637695
743,151.7,1.60532331466675
744,151.9,11.9064474105835
745,152.0,11.2069568634033
746,152.2,25.0951328277588
747,152.3,9.17665100097656
748,152.5,1.3744729757309
749,152.7,3.74314832687378
750,152.8,6.40697479248047
751,153.0,30.3344173431396
752,153.2,36.0009651184082
753,153.3,7.66830635070801
754,153.4,3.246661901474
755,153.7,2.85093116760254
756,153.8,4.58916044235229
757,154.0,28.4305171966553
758,154.1,40.1316757202148
759,154.3,10.8894062042236
760,154.5,1.33652496337891
761,154.7,4.21407222747803
762,154.8,7.08274793624878
763,155.0,36.5936393737793
764,155.1,40.7239990234375
765,155.3,8.09750556945801
766,155.4,3.38035845756531
767,155.6,1.3788651227951
768,155.8,5.23251914978027
769,156.0,12.6212224960327
770,156.2,16.4313068389893
771,156.3,6.93446922302246
772,156.6,2.09530925750732
773,156.8,4.82317304611206
774,157.0,11.3743848800659
775,157.1,6.66698884963989
776,157.2,9.7138090133667
777,157.4,3.2050244808197
778,157.7,2.43973994255066
779,157.9,5.62833786010742
780,158.0,4.38299369812012
781,158.2,9.13966941833496
782,158.3,4.38053417205811
783,158.6,2.87605404853821
784,158.8,12.8122806549072
785,159.0,38.5072021484375
786,159.1,35.2582588195801
787,159.3,5.35154581069946
788,159.4,2.40047430992126
789,159.6,0.948348581790924
790,159.8,3.872891664505
791,160.0,9.56447601318359
792,160.1,10.9784784317017
793,160.3,4.36577653884888
794,160.5,1.19685518741608
795,160.7,4.81430053710938
796,160.8,9.15829277038574
797,161.0,46.9619636535645
798,161.1,20.9401798248291
799,161.2,12.273717880249
800,161.4,2.2523717880249
801,161.7,3.43886160850525
802,161.9,13.1714687347412
803,162.1,16.9615249633789
804,162.2,6.10532331466675
805,162.3,5.03390741348267
806,162.5,1.1650562286377
807,162.7,6.73146533966064
808,162.9,51.5603485107422
809,163.0,113.616920471191
810,163.2,20.4096984863281
811,163.4,2.77152132987976
812,163.7,4.29216432571411
813,163.9,13.7586088180542
814,164.1,20.6827125549316
815,164.2,9.84241008758545
816,164.4,2.6699755191803
817,164.7,4.88844013214111
818,164.9,27.9340305328369
819,165.1,56.1681289672852
820,165.2,22.0454139709473
821,165.4,2.25544619560242
822,165.6,1.84469425678253
823,165.8,5.55832767486572
824,166.0,14.8057804107666
825,166.2,16.0447998046875
826,166.3,5.91285991668701
827,166.6,2.21372103691101
828,166.7,2.17507028579712
829,166.9,8.75852108001709
830,167.1,13.859715461731
831,167.2,9.8632287979126
832,167.4,2.84249830245972
833,167.7,2.42972588539124
834,167.8,2.36340475082397
835,168.0,11.6697998046875
836,168.1,8.3986291885376
837,168.2,10.7723999023438
838,168.4,2.94922709465027
839,168.6,0.942726612091064
840,168.8,3.66259670257568
841,169.0,8.12174987792969
842,169.1,5.2562370300293
843,169.2,7.69957828521729
844,169.4,2.56061148643494
845,169.6,0.798225581645966
846,169.8,3.33880877494812
847,170.0,6.8765811920166
848,170.2,8.5015811920166
849,170.3,4.20221376419067
850,170.6,1.90811669826508
851,170.8,3.72408652305603
852,171.0,8.25491905212402
853,171.2,9.37939167022705
854,171.3,5.41971206665039
855,171.5,1.88589251041412
856,171.7,1.09381592273712
857,171.9,4.39880514144897
858,172.1,5.89775133132935
859,172.2,3.07018613815308
860,172.3,3.73629665374756
861,172.6,1.79541456699371
862,172.7,1.37043213844299
863,172.9,4.68113136291504
864,173.1,6.88808870315552
865,173.2,5.29884052276611
866,173.4,2.31632113456726
867,173.7,2.10953974723816
868,173.8,1.78759658336639
869,174.0,5.58283567428589
870,174.2,5.61472225189209
871,174.3,3.23831701278687
872,174.6,2.18613839149475
873,174.7,2.0027232170105
874,174.9,8.27749443054199
875,175.1,13.2955904006958
876,175.2,8.5306568145752
877,175.4,2.65732598304749
878,175.7,3.76449394226074
879,175.9,18.7448177337646
880,176.0,30.8439044952393
881,176.2,8.04286670684814
882,176.3,5.20932865142822
883,176.6,1.85022842884064
884,176.8,11.3374910354614
885,177.0,128.159255981445
886,177.1,84.1676940917969
887,177.3,3.54927968978882
888,177.4,1.76976454257965
889,177.6,1.11604011058807
890,177.8,9.36199951171875
891,178.0,38.1553039550781
892,178.1,36.999210357666
893,178.3,5.03364372253418
894,178.4,2.78118419647217
895,178.7,4.49516868591309
896,178.9,27.2324314117432
897,179.0,27.4086437225342
898,179.1,40.4994735717773
899,179.3,7.44114542007446
900,179.5,0.915319740772247
901,179.7,2.92542171478271
902,179.8,3.48304629325867
903,180.0,16.383695602417
904,180.1,8.91373825073242
905,180.2,11.8255443572998
906,180.4,2.79023194313049
907,180.7,3.13852787017822
908,180.8,4.09003877639771
909,181.0,16.2220668792725
910,181.2,16.7688865661621
911,181.3,5.73673582077026
912,181.6,1.7499121427536
913,181.8,4.12947988510132
914,182.0,8.88668346405029
915,182.2,11.1896524429321
916,182.3,5.54506301879883
917,182.6,1.99639844894409
918,182.8,2.93947649002075
919,183.0,6.17542171478271
920,183.2,7.06763887405396
921,183.3,2.38527750968933
922,183.4,2.25614905357361
923,183.6,0.782677471637726
924,183.8,2.89371037483215
925,184.0,5.02916383743286
926,184.2,5.20686912536621
927,184.3,1.94465911388397
928,184.5,2.44755792617798
929,184.6,1.15767741203308
930,184.8,4.07844352722168
931,185.0,7.83503150939941
932,185.2,9.1815710067749
933,185.3,4.19878768920898
934,185.5,0.917867183685303
935,185.7,2.12842583656311
936,185.9,3.81210470199585
937,186.0,2.61718201637268
938,186.1,4.89748764038086
939,186.3,1.85901260375977
940,186.4,2.20177435874939
941,186.7,2.43798303604126
942,186.8,2.37078356742859
943,187.0,6.73269510269165
944,187.1,6.59161996841431
945,187.3,1.90776526927948
946,187.4,2.06711173057556
947,187.6,0.777406871318817
948,187.8,2.51598739624023
949,188.0,4.24367523193359
950,188.2,4.52565002441406
951,188.3,2.83872103691101
952,188.5,0.848910748958588
953,188.7,3.48418831825256
954,188.8,4.83951139450073
955,189.0,23.5379486083984
956,189.1,22.7016868591309
957,189.3,5.70291614532471
958,189.6,1.79339420795441
959,189.7,1.52925157546997
960,189.9,7.70765972137451
961,190.1,11.2384052276611
962,190.2,5.85804653167725
963,190.4,1.88826417922974
964,190.7,3.31298303604126
965,190.9,38.9020538330078
966,191.1,535.827819824219
967,191.2,27.2303237915039
968,191.4,1.35418128967285
969,191.6,1.33072733879089
970,191.8,7.74973630905151
971,191.9,20.5315361022949
972,192.1,109.734191894531
973,192.2,25.2601013183594
974,192.4,1.67015111446381
975,192.6,1.90952217578888
976,192.8,10.0391778945923
977,193.0,204.817901611328
978,193.1,271.909332275391
979,193.3,6.57949733734131
980,193.6,1.19000351428986
981,193.8,9.09443092346191
982,194.0,51.4535331726074
983,194.1,33.3426742553711
984,194.2,24.7813606262207
985,194.4,1.74411451816559
986,194.6,2.23489117622375
987,194.8,9.6942195892334
988,195.0,35.7860145568848
989,195.1,35.2792510986328
990,195.3,7.45959234237671
991,195.6,1.62921643257141
992,195.7,1.50043916702271
993,195.9,6.20941686630249
994,196.1,10.5426912307739
995,196.2,7.45590305328369
996,196.4,2.31596970558167
997,196.7,3.08836960792542
998,196.8,3.72619462013245
999,197.0,18.5886325836182
1000,197.1,19.223560333252
1001,197.2,20.5657062530518
1002,197.4,2.53865075111389
1003,197.6,0.713281810283661
1004,197.8,3.1234188079834
1005,198.0,6.67594861984253
1006,198.2,8.25430393218994
1007,198.3,3.98480319976807
1008,198.5,0.877371728420258
1009,198.7,2.27810955047607
1010,198.9,4.59952545166016
1011,199.1,6.118323802948
1012,199.2,2.90838027000427
1013,199.3,3.39573073387146
1014,199.5,0.799367547035217
1015,199.7,2.37508773803711
1016,199.9,6.27863645553589
1017,200.0,4.19536209106445
1018,200.2,8.14274406433105
1019,200.3,4.77591371536255
1020,200.6,2.56254386901855
1021,200.8,4.77336597442627
1022,201.0,7.02600145339966
1023,201.2,6.22312021255493
1024,201.3,3.27890014648438
1025,201.5,0.842059016227722
1026,201.7,2.22066068649292
1027,201.8,1.77670419216156
1028,202.0,6.44536209106445
1029,202.2,7.54963111877441
1030,202.3,4.17840814590454
1031,202.6,1.96213984489441
1032,202.8,6.04998254776001
1033,203.0,15.4310436248779
1034,203.1,14.1647052764893
1035,203.3,3.51546025276184
1036,203.4,2.4219958782196
1037,203.7,2.02617716789246
1038,203.9,5.2429723739624
1039,204.0,3.59741735458374
1040,204.1,6.7484188079834
1041,204.3,3.38659524917603
1042,204.6,2.10057973861694
1043,204.8,7.42102956771851
1044,205.0,22.6983489990234
1045,205.1,23.4363136291504
1046,205.3,6.3746485710144
1047,205.5,1.77687978744507
1048,205.7,1.55569219589233
1049,205.9,8.09478187561035
1050,206.0,5.91092777252197
1051,206.1,6.97022151947021
1052,206.3,1.51335203647614
1053,206.5,0.280129998922348
1054,206.7,1.59241044521332
1055,206.9,30.0048313140869
1056,207.1,5820.41259765625
1057,207.2,63.9520378112793
1058,207.3,6.09012651443481
1059,207.6,0.521433591842651
1060,207.8,6.35145807266235
1061,208.0,179.52995300293
1062,208.1,1082.68286132813
1063,208.3,7.63273000717163
1064,208.6,1.29866480827332
1065,208.8,7.33046388626099
1066,209.0,175.743148803711
1067,209.1,622.184204101563
1068,209.3,6.40407609939575
1069,209.6,1.01502108573914
1070,209.7,1.01317644119263
1071,209.9,20.1773548126221
1072,210.1,90.8920440673828
1073,210.2,27.9095230102539
1074,210.4,1.62210118770599
1075,210.6,2.0823962688446
1076,210.8,10.9333276748657
1077,211.0,57.1698875427246
1078,211.1,65.27099609375
1079,211.3,8.40003490447998
1080,211.6,1.335822224617
1081,211.8,4.68209791183472
1082,212.0,13.3314304351807
1083,212.1,16.2291812896729
1084,212.3,5.82255792617798
1085,212.6,2.07124042510986
1086,212.8,7.49235773086548
1087,213.0,23.5830993652344
1088,213.1,24.9846267700195
1089,213.3,8.71714687347412
1090,213.5,0.828092038631439
1091,213.7,1.76519680023193
1092,213.9,4.65065002441406
1093,214.1,6.39678478240967
1094,214.2,5.1690092086792
1095,214.4,2.2464861869812
1096,214.7,5.05815172195435
1097,214.9,21.4848918914795
1098,215.1,33.8214149475098
1099,215.2,16.4493141174316
1100,215.4,2.48313426971436
1101,215.6,0.995871424674988
1102,215.8,4.19782161712646
1103,216.0,8.01932525634766
1104,216.1,8.62043190002441
1105,216.3,2.40635991096497
1106,216.4,1.88220310211182
1107,216.7,2.67955017089844
1108,216.8,3.14590644836426
1109,217.0,9.13220310211182
1110,217.1,5.04611730575562
1111,217.2,6.53671836853027
1112,217.4,1.9978039264679
1113,217.7,2.7911102771759
1114,217.8,2.56561851501465
1115,218.0,7.2861909866333
1116,218.2,7.21899175643921
1117,218.3,3.38264226913452
1118,218.6,2.05068516731262
1119,218.8,6.55296897888184
1120,218.9,6.43859815597534
1121,219.1,14.3919534683228
1122,219.2,7.76466989517212
1123,219.4,2.13439917564392
1124,219.7,3.3767569065094
1125,219.8,3.58652496337891
1126,220.0,10.8966970443726
1127,220.1,9.76537227630615
1128,220.3,3.17867183685303
1129,220.6,1.74165499210358
1130,220.8,6.22127532958984
1131,221.0,63.0673751831055
1132,221.1,153.338012695313
1133,221.3,12.9752283096313
1134,221.4,3.24323606491089
1135,221.6,0.728654265403748
1136,221.8,4.95739650726318
1137,222.0,24.6710300445557
1138,222.1,18.1568870544434
1139,222.2,21.852424621582
1140,222.4,3.89704847335815
1141,222.6,1.36929023265839
1142,222.8,8.12789916992188
1143,223.0,33.4811134338379
1144,223.1,35.9011764526367
1145,223.3,5.3718376159668
1146,223.4,2.82273364067078
1147,223.7,2.27758264541626
1148,223.9,6.30384731292725
1149,224.1,9.7114372253418
1150,224.2,6.43394231796265
1151,224.4,1.31561839580536
1152,224.6,2.25720310211182
1153,224.7,2.41268444061279
1154,224.9,20.0704498291016
1155,225.1,50.8405647277832
1156,225.2,24.9677619934082
1157,225.4,2.60040402412415
1158,225.7,2.04154944419861
1159,225.9,7.42761754989624
1160,226.1,11.722505569458
1161,226.2,9.33547115325928
1162,226.4,1.47408640384674
1163,226.6,1.71899151802063
1164,226.7,1.48269498348236
1165,226.9,6.79822540283203
1166,227.1,12.9965744018555
1167,227.2,10.1222772598267
1168,227.4,1.91286015510559
1169,227.5,1.95423400402069
1170,227.8,2.34908652305603
1171,228.0,4.61586427688599
1172,228.1,2.5373330116272
1173,228.3,4.90829229354858
1174,228.4,2.11340475082397
1175,228.6,0.852336585521698
1176,228.8,3.84390377998352
1177,229.0,7.09750509262085
1178,229.2,7.66382646560669
1179,229.3,3.84820795059204
1180,229.5,0.84486997127533
1181,229.7,2.21538996696472
1182,229.9,4.9123330116272
1183,230.0,2.82220649719238
1184,230.2,6.43631410598755
1185,230.3,2.32027411460876
1186,230.4,2.61867523193359
1187,230.7,2.59522128105164
1188,230.9,4.47645807266235
1189,231.1,5.79471206665039
1190,231.2,4.03645467758179
1191,231.4,1.29488754272461
1192,231.6,1.51598739624023
1193,231.8,2.07018613815308
1194,232.0,3.33169364929199
1195,232.1,1.85110676288605
1196,232.3,3.57106471061707
1197,232.4,1.69826066493988
1198,232.7,3.36577653884888
1199,232.9,9.12139892578125
1200,233.1,12.730411529541
1201,233.2,7.60778284072876
1202,233.4,1.39590656757355
1203,233.6,1.55525302886963
1204,233.8,3.14441323280334
1205,233.9,2.53979277610779
1206,234.1,5.04971885681152
1207,234.2,3.89248061180115
1208,234.5,2.38062191009521
1209,234.7,3.78803586959839
1210,234.9,10.8314304351807
1211,235.0,7.00553417205811
1212,235.1,10.8476810455322
1213,235.3,2.18262481689453
1214,235.4,1.80332040786743
1215,235.7,1.97997188568115
1216,235.9,4.66215753555298
1217,236.0,3.07844352722168
1218,236.1,5.26607513427734
1219,236.3,1.57018625736237
1220,236.4,1.84460651874542
1221,236.7,3.37069582939148
1222,236.9,9.29681968688965
1223,237.0,6.25491905212402
1224,237.1,11.4631061553955
1225,237.3,2.95010542869568
1226,237.4,2.50781798362732
1227,237.7,2.71951866149902
1228,237.9,4.07167959213257
1229,238.1,5.27872467041016
1230,238.2,2.06649684906006
1231,238.3,2.94123339653015
1232,238.5,0.892832040786743
1233,238.7,2.17709064483643
1234,238.8,2.03223824501038
1235,239.0,5.67709064483643
1236,239.1,2.91321158409119
1237,239.2,4.39555501937866
1238,239.4,1.18411803245544
1239,239.6,1.53882646560669
1240,239.8,1.94711875915527
1241,239.9,1.27319049835205
1242,240.1,3.2067813873291
1243,240.2,1.36542510986328
1244,240.4,2.22821497917175
1245,240.6,1.52477157115936
1246,240.7,0.841883361339569
1247,240.9,2.77231192588806
1248,241.1,3.71503853797913
1249,241.3,3.60040402412415
1250,241.4,1.67498242855072
1251,241.7,1.55709767341614
1252,241.9,2.15108919143677
1253,242.1,2.63949394226074
1254,242.3,2.49218201637268
1255,242.4,1.48752629756927
1256,242.6,0.673225581645966
1257,242.8,2.09241032600403
1258,243.0,3.10207319259644
1259,243.2,3.17436742782593
1260,243.3,2.11129665374756
1261,243.5,1.47628247737885
1262,243.8,2.06579399108887
1263,244.0,3.05630707740784
1264,244.2,3.51607513427734
1265,244.3,2.38738584518433
1266,244.5,0.738141238689423
1267,244.7,1.69026708602905
1268,244.9,2.7541286945343
1269,245.0,1.70238935947418
1270,245.2,3.4186577796936
1271,245.3,2.19501042366028
1272,245.6,1.59794449806213
1273,245.8,2.35699224472046
1274,246.0,3.21117353439331
1275,246.2,3.28601551055908
1276,246.3,2.15767741203308
1277,246.5,0.71161276102066
1278,246.7,1.81588196754456
1279,246.8,1.59364020824432
1280,247.0,3.72566771507263
1281,247.1,2.2030041217804
1282,247.2,3.56693601608276
1283,247.5,1.71600496768951
1284,247.7,2.65003514289856
1285,247.9,4.29146146774292
1286,248.1,5.86173582077026
1287,248.2,2.18200993537903
1288,248.3,2.22601890563965
1289,248.6,2.24402666091919
1290,248.7,3.64107513427734
1291,248.9,30.7633514404297
1292,249.0,67.8531265258789
1293,249.2,10.6147222518921
1294,249.3,3.69439554214478
1295,249.6,2.01379132270813
1296,249.8,8.47997188568115
1297,250.0,21.2660751342773
1298,250.1,16.3822917938232
1299,250.3,3.2857518196106
1300,250.5,1.00650036334991
1301,250.7,4.75333786010742
1302,250.8,8.04611778259277
1303,251.0,42.8882637023926
1304,251.1,23.5913562774658
1305,251.2,13.8820276260376
1306,251.4,1.8335382938385
1307,251.6,1.31807804107666
1308,251.8,7.52319049835205
1309,252.0,15.4559907913208
1310,252.1,12.9165496826172
1311,252.3,3.36876320838928
1312,252.6,2.2452564239502
1313,252.7,3.1686577796936
1314,252.9,17.209680557251
1315,253.1,28.0629825592041
1316,253.2,8.74833106994629
1317,253.3,5.08933591842651
1318,253.6,1.64397394657135
1319,253.8,3.97083616256714
1320,254.0,6.9669713973999
1321,254.1,3.72768807411194
1322,254.2,4.62622976303101
1323,254.4,1.05586791038513
1324,254.6,1.73058676719666
1325,254.8,3.79655647277832
1326,255.0,6.81799030303955
1327,255.1,7.06719970703125
1328,255.3,3.39889311790466
1329,255.6,1.50518274307251
1330,255.8,1.86358046531677
1331,256.0,3.02652835845947
1332,256.2,3.25790572166443
1333,256.3,1.24472939968109
1334,256.5,1.74701333045959
1335,256.7,1.59232258796692
1336,256.9,3.0039529800415
1337,257.0,1.75281095504761
1338,257.2,3.3317813873291
1339,257.3,1.23682355880737
1340,257.5,1.41839420795441
1341,257.7,1.57326066493988
1342,257.9,2.05542874336243
1343,258.1,2.43174624443054
1344,258.2,1.29673230648041
1345,258.3,1.9975403547287
1346,258.6,1.40750169754028
1347,258.7,0.771433591842651
1348,258.9,2.30498957633972
1349,259.0,1.49499297142029
1350,259.2,3.03443431854248
1351,259.3,1.14081168174744
1352,259.5,1.79761064052582
1353,259.7,1.48981022834778
1354,259.9,1.67427968978882
1355,260.1,2.26669001579285
1356,260.2,0.961524963378906
1357,260.3,2.15249466896057
1358,260.6,1.67208361625671
1359,260.7,0.996661961078644
1360,260.9,2.18543577194214
1361,261.0,1.48998594284058
1362,261.2,2.81184124946594
1363,261.4,1.92059028148651
1364,261.6,1.35479617118835
1365,261.8,1.79427266120911
1366,262.0,2.32194304466248
1367,262.1,1.99464166164398
1368,262.3,0.913826406002045
1369,262.5,1.39502811431885
1370,262.6,0.90864372253418
1371,262.8,2.58327484130859
1372,263.0,4.10488414764404
1373,263.2,3.87745952606201
1374,263.3,1.22162687778473
1375,263.5,1.70010542869568
1376,263.6,0.705112457275391
1377,263.8,1.93771958351135
1378,264.0,2.73497891426086
1379,264.2,2.65100145339966
1380,264.3,1.0007027387619
1381,264.5,1.58652496337891
1382,264.7,3.9115424156189
1383,264.9,25.5384750366211
1384,265.1,82.9445724487305
1385,265.2,18.3793048858643
1386,265.3,5.96099805831909
1387,265.6,1.69413208961487
1388,265.7,1.76906180381775
1389,265.9,11.0977687835693
1390,266.0,10.8590126037598
1391,266.1,16.888879776001
1392,266.3,3.6680428981781
1393,266.5,0.918745636940002
1394,266.7,5.00720310211182
1395,266.8,11.2410402297974
1396,267.0,130.542785644531
1397,267.1,122.587577819824
1398,267.3,6.38554096221924
1399,267.6,1.83942377567291
1400,267.8,10.1004037857056
1401,268.0,36.5216979980469
1402,268.1,31.2276000976563
1403,268.3,6.26581144332886
1404,268.5,0.822382271289825
1405,268.7,4.32449054718018
1406,268.9,20.7578182220459
1407,269.0,19.7966442108154
1408,269.1,32.6717338562012
1409,269.3,7.05437469482422
1410,269.5,0.85084331035614
1411,269.7,2.4976282119751
1412,269.9,6.71178865432739
1413,270.1,10.9559030532837
1414,270.2,9.04198837280273
1415,270.4,3.67050242424011
1416,270.7,4.47241735458374
1417,270.9,12.6347503662109
1418,271.1,18.1863136291504
1419,271.2,10.773717880249
1420,271.4,2.48041105270386
1421,271.7,2.0039529800415
1422,271.9,4.46907949447632
1423,272.1,5.3800950050354
1424,272.2,3.80077290534973
1425,272.4,0.906008422374725
1426,272.6,1.73629653453827
1427,272.8,3.4587140083313
1428,273.0,5.39248085021973
1429,273.2,5.01475763320923
1430,273.3,1.29945540428162
1431,273.4,1.64669716358185
1432,273.7,1.53627896308899
1433,273.8,1.27398097515106
1434,274.0,2.96837663650513
1435,274.1,1.60760712623596
1436,274.3,2.65767741203308
1437,274.5,2.03364372253418
1438,274.7,2.31254386901855
1439,274.9,3.6228039264679
1440,275.0,2.31236815452576
1441,275.2,3.60180950164795
1442,275.3,2.17436742782593
1443,275.6,1.42840826511383
1444,275.8,1.77863669395447
1445,275.9,1.05648279190063
1446,276.1,2.46398448944092
1447,276.2,2.08986306190491
1448,276.4,1.56148982048035
1449,276.7,1.97268092632294
1450,276.9,2.99929714202881
1451,277.1,3.23137736320496
1452,277.2,1.51212227344513
1453,277.4,2.12886500358582
1454,277.6,1.26431834697723
1455,277.8,1.4982430934906
1456,278.0,1.97847855091095
1457,278.2,2.35672879219055
1458,278.3,0.967410385608673
1459,278.5,1.56570625305176
1460,278.7,2.25896000862122
1461,278.8,2.31842947006226
1462,279.0,6.6234188079834
1463,279.2,7.5436577796936
1464,279.3,3.47434997558594
1465,279.6,1.21205198764801
1466,279.8,2.32888269424438
1467,280.0,4.06421279907227
1468,280.1,2.91496849060059
1469,280.3,0.978829920291901
1470,280.5,0.377547442913055
1471,280.7,2.48884391784668
1472,280.9,32.9142646789551
1473,281.0,216.519241333008
1474,281.1,1347.63806152344
1475,281.3,10.5215215682983
1476,281.5,0.433678835630417
1477,281.7,1.86199927330017
1478,281.9,27.6482791900635
1479,282.1,365.591094970703
1480,282.2,75.8891448974609
1481,282.4,2.72698521614075
1482,282.7,2.75720310211182
1483,282.9,28.7414798736572
1484,283.1,252.550857543945
1485,283.2,56.6154251098633
1486,283.3,10.5898628234863
1487,283.6,1.28399503231049
1488,283.8,5.35760736465454
1489,284.0,31.5028114318848
1490,284.1,40.5173034667969
1491,284.3,6.4493145942688
1492,284.4,3.2095046043396
1493,284.6,1.30639493465424
1494,284.8,10.370080947876
1495,284.9,15.9703969955444
1496,285.1,49.1025123596191
1497,285.2,24.4581871032715
1498,285.4,1.93754386901855
1499,285.6,1.7924280166626
1500,285.8,4.36779689788818
1501,285.9,4.62359428405762
1502,286.1,10.7101192474365
1503,286.2,7.41479253768921
1504,286.4,2.28118419647217
1505,286.7,2.51027750968933
1506,286.9,7.97443771362305
1507,287.1,12.4522132873535
1508,287.2,5.65583276748657
1509,287.3,5.38369655609131
1510,287.5,0.761770904064178
1511,287.7,1.64696061611176
1512,287.9,3.0424280166626
1513,288.1,4.01844692230225
1514,288.2,3.27248764038086
1515,288.4,1.03302884101868
1516,288.6,2.04471182823181
1517,288.8,7.5440092086792
1518,288.9,7.32159185409546
1519,289.1,17.129919052124
1520,289.2,9.22654628753662
1521,289.5,1.9580991268158
1522,289.7,1.94580113887787
1523,289.9,4.06157779693604
1524,290.0,2.66303586959839
1525,290.1,4.52881240844727
1526,290.3,2.38457489013672
1527,290.5,0.746749818325043
1528,290.7,1.86806046962738
1529,290.8,1.49490511417389
1530,291.0,3.76879835128784
1531,291.2,4.10242462158203
1532,291.3,1.37385809421539
1533,291.5,1.49569571018219
1534,291.7,1.17173230648041
1535,291.9,1.96943080425262
1536,292.1,2.18780755996704
1537,292.3,2.13729786872864
1538,292.5,1.7507027387619
1539,292.7,3.7906711101532
1540,292.9,12.5788822174072
1541,293.1,17.3114891052246
1542,293.2,7.43877363204956
1543,293.4,0.956869304180145
1544,293.6,1.62789881229401
1545,293.8,2.85558676719666
1546,293.9,2.33248424530029
1547,294.1,5.04119825363159
1548,294.2,3.61885094642639
1549,294.5,1.4592410326004
1550,294.6,0.985945165157318
1551,294.8,6.42401599884033
1552,294.9,9.17744159698486
1553,295.1,28.9343814849854
1554,295.2,18.5980319976807
1555,295.4,3.18789529800415
1556,295.7,1.94053053855896
1557,295.9,5.74051284790039
1558,296.1,9.08529472351074
1559,296.2,4.45730829238892
1560,296.3,4.44878768920898
1561,296.5,1.12157416343689
1562,296.7,3.92919898033142
1563,296.9,11.3662157058716
1564,297.0,7.47338390350342
1565,297.1,13.7451686859131
1566,297.3,4.7562370300293
1567,297.6,1.52872455120087
1568,297.7,1.24139142036438
1569,297.9,3.6651439666748
1570,298.1,4.618323802948
1571,298.2,1.88764929771423
1572,298.3,2.25544619560242
1573,298.6,1.92067813873291
1574,298.7,2.04567813873291
1575,298.9,13.7897930145264
1576,299.1,26.8744735717773
1577,299.2,11.4796209335327
1578,299.3,7.68464517593384
1579,299.5,0.863229095935822
1580,299.7,1.68930077552795
1581,299.9,4.82642316818237
1582,300.0,4.16338729858398
1583,300.1,7.84460639953613
1584,300.3,2.26308846473694
1585,300.4,2.01686573028564
1586,300.7,2.00439214706421
1587,300.9,4.2590479850769
1588,301.0,2.91927266120911
1589,301.2,5.41760349273682
1590,301.3,2.86445879936218
1591,301.5,0.677442014217377
1592,301.7,1.35444486141205
1593,301.8,0.875790596008301
1594,302.0,2.30015802383423
1595,302.2,2.42919898033142
1596,302.3,0.978215038776398
1597,302.4,1.32598388195038
1598,302.7,1.35874915122986
1599,302.9,2.35514760017395
1600,303.0,1.38000702857971
1601,303.2,2.79778647422791
1602,303.3,2.12552714347839
1603,303.6,1.14581871032715
1604,303.7,0.744026720523834
1605,303.9,1.71714687347412
1606,304.1,1.95238935947418
1607,304.2,1.93183410167694
1608,304.4,0.778285324573517
1609,304.6,1.51133167743683
1610,304.8,1.67586088180542
1611,304.9,1.17296206951141
1612,305.1,2.22803926467896
1613,305.2,1.94132113456726
1614,305.4,0.842586100101471
1615,305.6,0.996661961078644
1616,305.7,0.61726987361908
1617,305.9,1.73243153095245
1618,306.0,0.96635627746582
1619,306.2,2.04251575469971
1620,306.3,0.827037930488586
1621,306.5,1.31254386901855
1622,306.7,1.54884052276611
1623,306.8,1.22522842884064
1624,307.0,3.40978574752808
1625,307.2,3.10251235961914
1626,307.3,1.1226282119751
1627,307.4,1.59680247306824
1628,307.7,1.26616299152374
1629,307.8,0.884223461151123
1630,307.9,1.97540402412415
1631,308.2,1.84706604480743
1632,308.4,1.62034440040588
1633,308.6,1.34592413902283
1634,308.8,2.28487348556519
1635,309.0,3.64116311073303
1636,309.1,1.66163039207458
1637,309.3,2.7506148815155
1638,309.4,1.2912859916687
1639,309.7,1.34372806549072
1640,309.9,2.01291275024414
1641,310.1,2.44747018814087
1642,310.2,1.84891080856323
1643,310.4,0.643095552921295
1644,310.6,1.65390026569366
1645,310.8,3.86358046531677
1646,311.0,7.13352060317993
1647,311.1,3.10857343673706
1648,311.2,4.7161808013916
1649,311.4,0.916110336780548
1650,311.6,1.33705198764801
1651,311.8,2.11498594284058
1652,311.9,3.21661972999573
1653,312.2,2.92489457130432
1654,312.4,1.92928671836853
1655,312.6,1.55876672267914
1656,312.8,3.62649321556091
1657,312.9,3.2501757144928
1658,313.1,7.3793044090271
1659,313.2,5.38562917709351
1660,313.4,1.59891080856323
1661,313.7,1.53548836708069
1662,313.8,0.973822891712189
1663,314.0,3.10382986068726
1664,314.2,2.4559907913208
1665,314.3,1.88633167743683
1666,314.5,0.680428683757782
1667,314.7,1.44949054718018
1668,314.9,2.09469437599182
1669,315.0,1.26080465316772
1670,315.2,2.2897047996521
1671,315.4,1.72777581214905
1672,315.5,0.619202375411987
1673,315.7,1.16206955909729
1674,315.9,1.31228041648865
1675,316.1,1.89081168174744
1676,316.3,1.5407589673996
1677,316.5,1.30613136291504
1678,316.7,1.30296909809113
1679,316.8,0.779075920581818
1680,317.0,1.45098388195038
1681,317.1,0.722944498062134
1682,317.2,1.52117002010345
1683,317.5,1.07036185264587
1684,317.7,1.14494025707245
1685,317.9,1.4599437713623
1686,318.0,0.745959222316742
1687,318.2,1.47294449806213
1688,318.3,0.636770904064178
1689,318.4,1.32264578342438
1690,318.7,1.19878780841827
1691,318.9,1.71688330173492
1692,319.1,1.62622976303101
1693,319.3,1.7522839307785
1694,319.4,1.34232258796692
1695,319.7,1.31711173057556
1696,319.8,0.61331695318222
1697,320.0,1.41426563262939
1698,320.2,1.48770201206207
1699,320.3,0.637561500072479
1700,320.4,1.2890899181366
1701,320.7,1.34012651443481
1702,320.8,0.66338723897934
1703,321.0,1.80068516731262
1704,321.2,1.64968371391296
1705,321.3,0.757905840873718
1706,321.5,1.4140899181366
1707,321.7,1.19826066493988
1708,321.8,0.643974006175995
1709,322.0,1.39089953899384
1710,322.2,1.6288651227951
1711,322.4,1.33002460002899
1712,322.6,1.63633167743683
1713,322.7,1.27371752262115
1714,322.9,4.68894958496094
1715,323.0,2.68613839149475
1716,323.1,5.13475036621094
1717,323.3,2.57396340370178
1718,323.5,0.634486973285675
1719,323.7,1.3296731710434
1720,323.9,2.48822903633118
1721,324.0,1.56623327732086
1722,324.1,2.61384391784668
1723,324.3,1.65776526927948
1724,324.6,2.09504556655884
1725,324.7,3.07001042366028
1726,324.9,17.8973999023438
1727,325.1,29.6400203704834
1728,325.2,11.698787689209
1729,325.4,1.85040402412415
1730,325.6,0.977073073387146
1731,325.8,4.81772661209106
1732,325.9,4.05788803100586
1733,326.1,9.85031604766846
1734,326.2,3.43499660491943
1735,326.3,2.96758604049683
1736,326.6,2.81965923309326
1737,326.7,3.67709064483643
1738,326.9,34.793571472168
1739,327.1,72.7690582275391
1740,327.2,22.797435760498
1741,327.4,2.39643359184265
1742,327.6,1.19764578342438
1743,327.8,7.52380514144897
1744,328.0,19.7613315582275
1745,328.1,16.6526699066162
1746,328.3,4.28355598449707
1747,328.6,2.12526345252991
1748,328.8,7.06632137298584
1749,329.0,13.6088371276855
1750,329.1,12.5774774551392
1751,329.3,2.8313422203064
1752,329.4,1.86858749389648
1753,329.6,0.767305016517639
1754,329.8,2.9606466293335
1755,329.9,2.07686233520508
1756,330.1,4.02266359329224
1757,330.2,2.52178502082825
1758,330.5,1.44984185695648
1759,330.7,1.92331337928772
1760,330.8,1.39669716358185
1761,331.0,4.07352447509766
1762,331.1,2.13685870170593
1763,331.2,3.01950097084045
1764,331.4,0.815267026424408
1765,331.6,1.18350315093994
1766,331.8,1.62789881229401
1767,332.0,1.99376320838928
1768,332.2,1.58757901191711
1769,332.3,1.45520031452179
1770,332.6,1.15978562831879
1771,332.8,1.87798666954041
1772,332.9,0.900123000144958
1773,333.1,1.84135627746582
1774,333.3,1.5859979391098
1775,333.5,1.2069571018219
1776,333.7,1.10980319976807
1777,333.8,0.717322528362274
1778,334.0,1.5445362329483
1779,334.2,1.52301478385925
1780,334.4,1.65231907367706
1781,334.6,1.29699575901031
1782,334.8,1.76018977165222
1783,335.0,1.93508434295654
1784,335.1,0.781623303890228
1785,335.2,1.52521085739136
1786,335.4,1.07001054286957
1787,335.6,0.438949406147003
1788,335.8,1.38018274307251
1789,336.0,1.40196764469147
1790,336.2,1.4990336894989
1791,336.3,0.623418807983398
1792,336.5,1.11235070228577
1793,336.7,1.19659173488617
1794,336.9,1.83002460002899
1795,337.1,2
1796,337.3,1.60453271865845
1797,337.5,1.16936051845551
1798,337.6,0.611384391784668
1799,337.8,1.26440620422363
1800,337.9,0.652406871318817
1801,338.1,1.53742098808289
1802,338.3,1.36445891857147
1803,338.4,0.62543922662735
1804,338.6,1.71047079563141
1805,338.7,1.37166202068329
1806,338.9,6.83863306045532
1807,339.1,10.7622976303101
1808,339.2,6.625
1809,339.4,1.06069922447205
1810,339.6,1.47988402843475
1811,339.7,1.04927968978882
1812,339.9,3.30015802383423
1813,340.0,2.32949757575989
1814,340.1,4.14458894729614
1815,340.3,2.19492268562317
1816,340.6,2.02890014648438
1817,340.8,12.6196413040161
1818,341.0,93.0731735229492
1819,341.1,117.000267028809
1820,341.3,7.9968376159668
1821,341.4,3.09961342811584
1822,341.6,0.997364699840546
1823,341.8,8.27310276031494
1824,341.9,13.1921119689941
1825,342.1,43.6258773803711
1826,342.2,19.0148448944092
1827,342.4,3.40477871894836
1828,342.7,3.90846800804138
1829,342.8,5.96960639953613
1830,343.0,27.2696762084961
1831,343.1,29.3360862731934
1832,343.3,7.08362627029419
1833,343.5,0.807273387908936
1834,343.7,2.16830635070801
1835,343.9,5.94624042510986
1836,344.1,8.19026660919189
1837,344.2,5.8403902053833
1838,344.4,2.25641250610352
1839,344.7,3.18587493896484
1840,344.9,9.18938827514648
1841,345.1,12.9993848800659
1842,345.2,8.63457489013672
1843,345.4,1.14696061611176
1844,345.6,1.584592461586
1845,345.7,1.02863669395447
1846,345.9,3.27494740486145
1847,346.0,2.38290572166443
1848,346.2,4.56157779693604
1849,346.3,1.40328526496887
1850,346.4,1.89300775527954
1851,346.7,1.79831337928772
1852,346.9,2.99877023696899
1853,347.0,2.03627896308899
1854,347.2,3.70265293121338
1855,347.3,1.92963814735413
1856,347.6,1.25975048542023
1857,347.8,1.14107513427734
1858,348.0,1.70045673847198
1859,348.1,0.914529144763947
1860,348.2,1.74016165733337
1861,348.5,1.11691844463348
1862,348.6,0.760628938674927
1863,348.8,2.78698182106018
1864,348.9,1.68438160419464
1865,349.1,4.02231216430664
1866,349.2,2.47768807411194
1867,349.4,0.717146873474121
1868,349.6,1.10830986499786
1869,349.8,1.47338366508484
1870,350.0,1.9161981344223
1871,350.1,1.93947649002075
1872,350.4,1.40829229354858
1873,350.6,1.13905477523804
1874,350.8,1.85479617118835
1875,351.0,2.12447285652161
1876,351.2,2.19861197471619
1877,351.3,0.762297987937927
1878,351.5,1.35145819187164
1879,351.6,0.587403357028961
1880,351.8,1.28856289386749
1881,351.9,0.666110336780548
1882,352.1,1.46275472640991
1883,352.3,1.39959597587585
1884,352.4,0.645467340946198
1885,352.6,1.1665495634079
1886,352.7,0.808503150939941
1887,352.9,2.27793383598328
1888,353.1,3.47022128105164
1889,353.2,2.76669001579285
1890,353.4,1.4582747220993
1891,353.6,1.27837312221527
1892,353.9,1.7946240901947
1893,354.1,2.18640208244324
1894,354.2,1.65477859973907
1895,354.5,1.0444483757019
1896,354.7,3.19544982910156
1897,354.9,26.5755443572998
1898,355.1,199.014587402344
1899,355.2,64.9960479736328
1900,355.3,16.5097503662109
1901,355.5,2.13316941261292
1902,355.8,6.42823266983032
1903,355.9,14.464599609375
1904,356.1,62.074577331543
1905,356.2,34.694221496582
1906,356.4,4.57264566421509
1907,356.6,0.941584706306458
1908,356.8,6.00834512710571
1909,357.0,31.8725395202637
1910,357.1,46.1508255004883
1911,357.3,12.4835729598999
1912,357.5,1.6272839307785
1913,357.8,3.41848206520081
1914,358.0,10.1838541030884
1915,358.2,11.1507377624512
1916,358.3,4.76396703720093
1917,358.5,0.832835555076599
1918,358.7,2.64177799224854
1919,358.8,3.06816577911377
1920,359.0,14.9793567657471
1921,359.2,17.4191856384277
1922,359.3,5.01537227630615
1923,359.4,3.18728041648865
1924,359.7,1.49349963665009
1925,359.9,3.97777581214905
1926,360.1,5.67445516586304
1927,360.2,2.65337324142456
1928,360.3,3.37543916702271
1929,360.5,1.31447649002075
1930,360.8,1.9553759098053
1931,360.9,1.72505271434784
1932,361.1,4.28715753555298
1933,361.3,3.75632476806641
1934,361.4,1.03680598735809
1935,361.6,1.27002811431885
1936,361.8,1.56825363636017
1937,361.9,0.916461706161499
1938,362.1,2.02204847335815
1939,362.2,0.80042165517807
1940,362.4,1.65548133850098
1941,362.6,1.39748775959015
1942,362.8,2.36788463592529
1943,363.0,3.70247721672058
1944,363.2,3.89476466178894
1945,363.3,2.03417086601257
1946,363.6,1.11841177940369
1947,363.8,1.51256144046783
1948,363.9,0.883872091770172
1949,364.1,2.11401963233948
1950,364.3,1.85330283641815
1951,364.4,1.2489458322525
1952,364.7,1.07080113887787
1953,364.9,1.7083625793457
1954,365.1,1.80498945713043
1955,365.3,1.7491215467453
1956,365.5,1.19378077983856
1957,365.6,0.380446255207062
1958,365.8,1.2084504365921
1959,366.0,1.30665850639343
1960,366.1,0.746398448944092
1961,366.3,1.37385809421539
1962,366.4,0.554111003875732
1963,366.6,1.38615596294403
1964,366.8,2.86437106132507
1965,367.0,4.21644401550293
1966,367.2,4.00975036621094
1967,367.3,2.11603999137878
1968,367.6,1.01054108142853
1969,367.8,1.83652496337891
1970,367.9,1.0836261510849
1971,368.1,2.2085382938385
1972,368.2,1.74745261669159
1973,368.4,0.642305016517639
1974,368.6,1.44044268131256
1975,368.8,3.72830295562744
1976,368.9,3.93095564842224
1977,369.1,10.8150033950806
1978,369.2,8.65284633636475
1979,369.4,2.85505962371826
1980,369.7,1.67498242855072
1981,369.9,3.10874915122986
1982,370.0,2.02626490592957
1983,370.2,4.38193941116333
1984,370.3,1.72241747379303
1985,370.4,2.1208713054657
1986,370.7,1.83819401264191
1987,370.8,1.94088196754456
1988,371.0,5.59636354446411
1989,371.2,5.71372079849243
1990,371.3,1.96468722820282
1991,371.4,1.82264578342438
1992,371.6,0.583977520465851
1993,371.8,1.80744910240173
1994,372.0,2.26405477523804
1995,372.2,2.51739287376404
1996,372.3,1.8748242855072
1997,372.6,1.35409343242645
1998,372.8,3.2501757144928
1999,372.9,3.5371572971344
2000,373.1,9.41444110870361
2001,373.2,4.25325012207031
2002,373.3,4.39942026138306
2003,373.5,0.821416020393372
2004,373.7,1.60839772224426
2005,373.8,1.10031628608704
2006,374.0,3.39010882377625
2007,374.2,3.24718904495239
2008,374.3,2.46653199195862
2009,374.5,1.23049890995026
2010,374.8,1.53557622432709
2011,374.9,1.07519328594208
2012,375.1,2.7099437713623
2013,375.2,2.43710470199585
2014,375.4,1.2484188079834
2015,375.7,1.2080112695694
2016,375.8,0.63316935300827
2017,376.0,1.46741044521332
2018,376.2,1.7935699224472
2019,376.3,0.64652144908905
2020,376.5,1.05894231796265
2021,376.7,1.17357695102692
2022,376.9,1.4156711101532
2023,377.1,1.71644413471222
2024,377.3,1.61744558811188
2025,377.5,1.02090656757355
2026,377.6,0.471978217363358
2027,377.8,1.35093116760254
2028,377.9,0.560611367225647
2029,378.1,1.26089251041412
2030,378.3,1.39854180812836
2031,378.5,1.13650739192963
2032,378.7,1.17805695533752
2033,378.8,0.568165838718414
2034,379.0,1.34530925750732
2035,379.2,1.43982779979706
2036,379.4,1.22487699985504
2037,379.6,1.10400557518005
2038,379.7,0.55903023481369
2039,379.9,1.23199224472046
2040,380.1,1.19237530231476
2041,380.2,0.427090644836426
2042,380.3,1.20151090621948
2043,380.6,0.970572710037231
2044,380.8,1.32308506965637
2045,380.9,0.829058349132538
2046,381.1,1.74710118770599
2047,381.3,1.65592062473297
2048,381.4,1.08090305328369
2049,381.7,0.946328163146973
2050,381.8,0.545502483844757
2051,382.0,1.4150562286377
2052,382.2,1.23656010627747
2053,382.4,1.03487348556519
2054,382.6,1.43078005313873
2055,382.8,2.52679204940796
2056,383.0,3.43728041648865
2057,383.1,1.53821158409119
2058,383.2,2.62095928192139
2059,383.4,0.755007028579712
2060,383.6,1.16681301593781
2061,383.7,0.786103308200836
2062,383.9,1.89353477954865
2063,384.0,1.07817995548248
2064,384.2,1.98243153095245
2065,384.3,1.29778635501862
2066,384.6,1.71960651874542
2067,384.8,4.01475763320923
2068,385.0,7.7016863822937
2069,385.1,7.32449054718018
2070,385.3,1.90513002872467
2071,385.4,1.42638790607452
2072,385.7,1.78540050983429
2073,385.9,3.15592050552368
2074,386.0,1.81201684474945
2075,386.2,3.40732598304749
2076,386.3,1.01739287376404
2077,386.5,1.72030925750732
2078,386.7,2.72619462013245
2079,386.9,7.73164081573486
2080,387.0,5.81430053710938
2081,387.1,10.8691148757935
2082,387.3,3.12043213844299
2083,387.4,1.96266686916351
2084,387.7,1.76651442050934
2085,387.9,3.55490159988403
2086,388.1,4.51546049118042
2087,388.2,1.86841177940369
2088,388.3,2.7066056728363
2089,388.6,1.43569922447205
2090,388.8,2.26669001579285
2091,388.9,1.70256495475769
2092,389.1,3.57071328163147
2093,389.2,2.80217838287354
2094,389.4,1.19281446933746
2095,389.6,0.471363306045532
2096,389.8,1.24525654315948
2097,389.9,0.779075920581818
2098,390.0,2.0047435760498
2099,390.2,1.46117353439331
2100,390.5,1.32677447795868
2101,390.6,0.508081495761871
2102,390.8,1.28768444061279
2103,391.0,1.44413208961487
2104,391.2,1.25825715065002
2105,391.4,1.28645467758179
2106,391.6,0.946416020393372
2107,391.7,0.440091341733932
2108,391.9,1.06377375125885
2109,392.0,0.780832767486572
2110,392.2,1.22531628608704
2111,392.3,0.523453950881958
2112,392.5,1.07905828952789
2113,392.6,0.59996485710144
2114,392.8,1.09539699554443
2115,393.0,1.4203268289566
2116,393.2,1.17647576332092
2117,393.3,1.09741747379303
2118,393.6,1.04699575901031
2119,393.7,0.374824315309525
2120,393.9,1.19044268131256
2121,394.0,0.636858761310577
2122,394.1,1.2484188079834
2123,394.4,1.19448351860046
2124,394.5,0.448875606060028
2125,394.7,0.973647236824036
2126,394.9,1.11902666091919
2127,395.0,0.528724551200867
2128,395.2,1.07738935947418
2129,395.4,1.13852775096893
2130,395.5,0.47224172949791
2131,395.7,0.957835555076599
2132,395.8,1.03118407726288
2133,396.1,1.11797261238098
2134,396.2,0.49332395195961
2135,396.4,1.05428671836853
2136,396.6,1.084592461586
2137,396.7,0.663914263248444
2138,396.9,1.42875969409943
2139,397.1,1.71468722820282
2140,397.2,1.56412506103516
2141,397.5,1.08959949016571
2142,397.7,1.01273715496063
2143,397.9,1.08485591411591
2144,398.1,1.2514933347702
2145,398.2,0.6452916264534
2146,398.4,1.18253684043884
2147,398.6,1.56579411029816
2148,398.8,4.2991042137146
2149,398.9,3.95414614677429
2150,399.1,8.37587833404541
2151,399.2,6.457923412323
2152,399.4,1.52257549762726
2153,399.7,1.69887566566467
2154,399.9,3.24868226051331
2155,400.1,3.94114542007446
2156,400.2,3.09161972999573
2157,400.5,1.61252629756927
2158,400.7,4.85303926467896
2159,400.9,21.9082050323486
2160,401.1,43.1267585754395
2161,401.2,21.2457828521729
2162,401.4,1.68543565273285
2163,401.6,2.33959937095642
2164,401.7,1.88167607784271
2165,401.9,10.4988584518433
2166,402.0,7.28759670257568
2167,402.1,14.6991395950317
2168,402.3,3.48357343673706
2169,402.4,2.65135288238525
2170,402.6,1.1253514289856
2171,402.8,5.1222767829895
2172,403.0,10.2721366882324
2173,403.1,10.9134750366211
2174,403.3,2.84276175498962
2175,403.4,2.10031628608704
2176,403.7,1.63483834266663
2177,403.9,3.38677096366882
2178,404.1,3.88668298721313
2179,404.2,1.55375969409943
2180,404.3,1.91224527359009
2181,404.5,0.54998242855072
2182,404.7,1.74306046962738
2183,404.9,3.10734367370605
2184,405.1,3.94632816314697
2185,405.2,1.54989457130432
2186,405.3,1.80586791038513
2187,405.5,0.455727338790894
2188,405.7,1.17419183254242
2189,405.9,1.64116299152374
2190,406.1,1.86358046531677
2191,406.2,0.872540414333344
2192,406.4,1.53004217147827
2193,406.5,0.671644389629364
2194,406.7,1.15820455551147
2195,406.9,1.75404071807861
2196,407.1,1.76835906505585
2197,407.2,1.31799018383026
2198,407.5,1.0030745267868
2199,407.7,0.964160203933716
2200,407.8,0.686314105987549
2201,408.0,1.19132113456726
2202,408.2,1.21416020393372
2203,408.3,0.586349248886108
2204,408.5,1.15521788597107
2205,408.6,0.640460312366486
2206,408.8,1.49815535545349
2207,408.9,1.43648982048035
2208,409.2,1.45072031021118
2209,409.3,0.658468008041382
2210,409.4,1.15513002872467
2211,409.6,0.479971885681152
2212,409.8,1.02854883670807
2213,409.9,0.703092038631439
2214,410.1,1.10760712623596
2215,410.3,1.23770201206207
2216,410.4,0.539704859256744
2217,410.6,0.956869304180145
2218,410.8,1.06175339221954
2219,411.0,1.30560433864594
2220,411.2,1.20361912250519
2221,411.4,1.04506325721741
2222,411.5,0.465477854013443
2223,411.6,0.906974673271179
2224,411.9,1.01730501651764
2225,412.0,0.471187621355057
2226,412.2,1.09829580783844
2227,412.4,1.10137033462524
2228,412.6,1.10795855522156
2229,412.7,0.653109610080719
2230,412.9,2.31307101249695
2231,413.0,1.59486997127533
2232,413.2,2.85497188568115
2233,413.3,2.0021960735321
2234,413.6,1.04541456699371
2235,413.8,1.34144413471222
2236,413.9,1.75518274307251
2237,414.1,1.9992972612381
2238,414.3,0.86252635717392
2239,414.5,1.26897394657135
2240,414.7,2.54515099525452
2241,414.9,17.000789642334
2242,415.1,73.8139495849609
2243,415.2,34.9801483154297
2244,415.3,18.3483829498291
2245,415.5,2.10128259658813
2246,415.8,3.97118759155273
2247,416.0,22.059907913208
2248,416.1,30.7699394226074
2249,416.3,10.5995254516602
2250,416.5,1.13237881660461
2251,416.7,2.63176393508911
2252,416.9,10.2369995117188
2253,417.1,21.1502113342285
2254,417.2,17.1407241821289
2255,417.4,2.82027411460876
2256,417.5,1.60989105701447
2257,417.8,2.35409355163574
2258,417.9,2.27380537986755
2259,418.1,6.61560106277466
2260,418.3,5.57167959213257
2261,418.4,2.1696240901947
2262,418.7,1.52160930633545
2263,418.8,1.40565705299377
2264,419.0,4.63984537124634
2265,419.2,5.13975763320923
2266,419.3,2.16681313514709
2267,419.4,1.97408640384674
2268,419.7,1.05490159988403
2269,419.9,1.81561839580536
2270,420.0,0.904778659343719
2271,420.2,2.21503853797913
2272,420.3,0.894676744937897
2273,420.4,1.30156362056732
2274,420.7,1.22417426109314
2275,420.9,1.71626842021942
2276,421.1,1.77292692661285
2277,421.2,1.99797964096069
2278,421.5,1.12860155105591
2279,421.6,0.893534779548645
2280,421.9,1.19975399971008
2281,422.0,0.550245940685272
2282,422.1,1.38229095935822
2283,422.3,1.11577653884888
2284,422.5,0.41681307554245
2285,422.7,1.00676393508911
2286,422.9,1.35180950164795
2287,423.1,1.56078708171844
2288,423.3,1.31904423236847
2289,423.5,0.924104034900665
2290,423.7,1.01906180381775
2291,423.8,0.538738608360291
2292,424.0,0.98708713054657
2293,424.1,0.54954320192337
2294,424.3,1.09056568145752
2295,424.5,1.05551648139954
2296,424.6,0.353742092847824
2297,424.8,1.06473994255066
2298,425.0,1.14028465747833
2299,425.1,1.30156362056732
2300,425.4,0.924718916416168
2301,425.6,0.932624757289886
2302,425.8,1.20599091053009
2303,426.0,1.1264054775238
2304,426.2,1.27485942840576
2305,426.4,1.16154253482819
2306,426.5,0.442814469337463
2307,426.7,1.37965559959412
2308,426.9,1.4157589673996
2309,427.1,1.77459597587585
2310,427.3,1.63501405715942
2311,427.4,0.97066056728363
2312,427.7,0.942550957202911
2313,427.9,1.23322200775146
2314,428.1,1.25799369812012
2315,428.2,1.31658470630646
2316,428.5,1.21820104122162
2317,428.7,2.63554120063782
2318,428.9,14.458625793457
2319,429.1,40.9189224243164
2320,429.2,29.8604183197021
2321,429.4,4.61112070083618
2322,429.7,2.31579399108887
2323,429.9,7.5074667930603
2324,430.1,17.0774765014648
2325,430.2,13.8418836593628
2326,430.4,3.64037251472473
2327,430.7,2.25149321556091
2328,430.9,6.96433591842651
2329,431.1,14.4794445037842
2330,431.2,6.78996849060059
2331,431.3,7.01045322418213
2332,431.5,1.64423751831055
2333,431.7,0.771697103977203
2334,431.9,3.18482089042664
2335,432.0,2.39977169036865
2336,432.2,5.20142316818237
2337,432.3,2.07264590263367
2338,432.4,2.03540062904358
2339,432.6,0.752108216285706
2340,432.8,2.36498594284058
2341,433.0,5.7409520149231
2342,433.2,6.90319728851318
2343,433.3,4.40486669540405
2344,433.5,0.886419534683228
2345,433.7,1.28548836708069
2346,433.9,2.20001745223999
2347,434.0,1.4159346818924
2348,434.2,2.94553756713867
2349,434.3,2.29971885681152
2350,434.5,1.14564299583435
2351,434.8,1.32703793048859
2352,435.0,2.01001405715942
2353,435.2,2.07290935516357
2354,435.4,1.67173230648041
2355,435.5,0.578531265258789
2356,435.7,1.1242972612381
2357,435.8,0.659346461296082
2358,436.0,1.49226987361908
2359,436.1,0.710382997989655
2360,436.3,1.30586791038513
2361,436.5,1.01660227775574
2362,436.6,0.527933955192566
2363,436.8,1.14371049404144
2364,436.9,0.852336585521698
2365,437.1,1.69255089759827
2366,437.3,1.54822552204132
2367,437.4,0.578794777393341
2368,437.6,0.848032355308533
2369,437.7,0.99226987361908
2370,437.9,0.543130695819855
2371,438.1,1.31034791469574
2372,438.3,1.27266335487366
2373,438.5,1.13193953037262
2374,438.7,0.842849612236023
2375,438.9,1.09583628177643
2376,439.1,1.2914617061615
2377,439.3,1.21328175067902
2378,439.4,1.10356640815735
2379,439.7,0.958977520465851
2380,439.9,1.11243855953217
2381,440.1,0.933766663074493
2382,440.2,1.10224878787994
2383,440.5,0.960734367370605
2384,440.7,1.13835203647614
2385,440.9,1.4172523021698
2386,441.1,1.56535494327545
2387,441.3,1.27424454689026
2388,441.5,1.03364372253418
2389,441.6,0.555692195892334
2390,441.8,1.04374563694
2391,442.0,1.22619462013245
2392,442.2,1.14089953899384
2393,442.4,1.13369643688202
2394,442.6,0.92586088180542
2395,442.8,1.47162687778473
2396,442.9,0.782501757144928
2397,443.0,1.84943783283234
2398,443.3,1.88641953468323
2399,443.4,0.677090644836426
2400,443.5,0.962315559387207
2401,443.8,1.30657064914703
2402,443.9,0.552705526351929
2403,444.1,1.46820104122162
2404,444.2,1.31851720809937
2405,444.5,1.00553405284882
2406,444.6,0.61296558380127
2407,444.8,1.63694655895233
2408,444.9,1.2485066652298
2409,445.1,2.98866820335388
2410,445.2,1.36551296710968
2411,445.3,1.82440268993378
2412,445.6,1.23893177509308
2413,445.8,1.24270904064178
2414,446.0,1.75527060031891
2415,446.1,0.853302896022797
2416,446.2,1.45133519172668
2417,446.5,1.19518625736237
2418,446.7,1.43244910240173
2419,446.9,2.48418831825256
2420,447.0,1.50685167312622
2421,447.2,3.06386160850525
2422,447.3,1.03627896308899
2423,447.4,1.37131059169769
2424,447.7,0.914880514144897
2425,447.9,1.4568692445755
2426,448.0,1.81974697113037
2427,448.3,1.5843288898468
2428,448.4,0.527758240699768
2429,448.6,1.05015814304352
2430,448.8,1.10356640815735
2431,449.0,1.50412857532501
2432,449.1,0.746925532817841
2433,449.3,1.24060082435608
2434,449.4,0.560172200202942
2435,449.6,0.940618395805359
2436,449.8,0.938246667385101
2437,449.9,0.565530598163605
2438,450.1,1.15899503231049
2439,450.3,1.09504568576813
2440,450.5,1.19720661640167
2441,450.7,0.90820449590683
2442,450.9,1.15319752693176
2443,451.1,1.13562893867493
2444,451.3,1.07695007324219
2445,451.5,0.882642328739166
2446,451.7,0.929550230503082
2447,451.9,0.92884749174118
2448,452.1,1.08775472640991
2449,452.3,1.0823085308075
2450,452.4,0.48515459895134
2451,452.6,0.853215038776398
2452,452.8,0.835295140743256
2453,452.9,0.521433591842651
2454,453.0,1.00852072238922
2455,453.3,1.30621922016144
2456,453.4,1.02512300014496
2457,453.6,0.358046382665634
2458,453.8,0.991742789745331
2459,453.9,0.459416717290878
2460,454.0,1.06386160850525
2461,454.3,0.952828526496887
2462,454.5,1.01739287376404
2463,454.7,0.918482065200806
2464,454.9,1.0836261510849
2465,455.1,1.1264054775238
2466,455.3,1.17111730575562
2467,455.5,1.0001757144928
2468,455.7,0.9383345246315
2469,455.9,1.03636682033539
2470,456.0,0.534697830677032
2471,456.1,0.834855914115906
2472,456.3,0.524859428405762
2473,456.5,0.88791286945343
2474,456.6,0.531799018383026
2475,456.8,1.15223121643066
2476,457.0,1.32053756713867
2477,457.1,0.692550957202911
2478,457.3,1.17059028148651
2479,457.4,0.533116638660431
2480,457.6,0.994290232658386
2481,457.8,0.89177793264389
2482,457.9,0.502283930778503
2483,458.1,1.19465911388397
2484,458.3,0.946328163146973
2485,458.5,1.0836261510849
2486,458.7,1.60145819187164
2487,458.9,3.10971546173096
2488,459.1,3.43332743644714
2489,459.2,2.60093116760254
2490,459.5,1.14239287376404
2491,459.6,0.538738608360291
2492,459.8,1.59706604480743
2493,460.0,1.97812724113464
2494,460.2,1.78698170185089
2495,460.3,1.52178502082825
2496,460.6,1.78706955909729
2497,460.8,5.1588191986084
2498,460.9,5.32001066207886
2499,461.1,13.239634513855
2500,461.2,9.68552398681641
2501,461.4,2.78188681602478
2502,461.7,2.06377363204956
2503,461.9,4.32914638519287
2504,462.0,3.03777241706848
2505,462.2,5.79725933074951
2506,462.3,3.16892123222351
2507,462.6,1.59153199195862
2508,462.8,2.64862966537476
2509,463.0,4.03250169754028
2510,463.2,3.94272661209106
2511,463.3,2.6661102771759
2512,463.6,1.27670419216156
2513,463.8,1.43859803676605
2514,463.9,0.880358397960663
2515,464.1,1.90240693092346
2516,464.2,0.873155295848846
2517,464.4,1.32247018814087
2518,464.6,1.0438334941864
2519,464.8,1.52125787734985
2520,464.9,0.831517934799194
2521,465.1,1.76098036766052
2522,465.2,1.46679544448853
2523,465.5,1.04831337928772
2524,465.7,1.0411102771759
2525,465.9,1.27064299583435
2526,466.1,1.07615947723389
2527,466.2,1.05402314662933
2528,466.5,0.843552350997925
2529,466.7,0.990600824356079
2530,466.9,1.11322903633118
2531,467.0,0.647224187850952
2532,467.2,1.14608216285706
2533,467.3,0.89915668964386
2534,467.5,0.357255786657333
2535,467.7,1.01897394657135
2536,467.9,0.864810287952423
2537,468.0,0.420590311288834
2538,468.2,1.08617353439331
2539,468.3,0.519237518310547
2540,468.5,1.03583979606628
2541,468.7,1.00281095504761
2542,468.9,1.0852073431015
2543,469.0,0.548049867153168
2544,469.2,1.16936051845551
2545,469.3,0.479532688856125
2546,469.5,0.880534112453461
2547,469.7,0.828706979751587
2548,469.8,0.399683773517609
2549,470.0,1.1264054775238
2550,470.1,0.906623303890228
2551,470.4,0.981553077697754
2552,470.5,0.374472945928574
2553,470.7,0.99569571018219
2554,470.8,0.449490517377853
2555,471.0,1.04963111877441
2556,471.1,1.1647926568985
2557,471.4,0.930428683757782
2558,471.5,0.640108942985535
2559,471.8,0.818692922592163
2560,472.0,0.960910022258759
2561,472.2,0.946064651012421
2562,472.4,0.992006301879883
2563,472.6,0.936841189861298
2564,472.8,1.68657767772675
2565,472.9,1.18921291828156
2566,473.1,2.37456083297729
2567,473.3,2.05305695533752
2568,473.4,0.775650024414063
2569,473.6,0.954585373401642
2570,473.7,0.494905143976212
2571,473.9,1.40829229354858
2572,474.0,0.82976108789444
2573,474.2,1.53294098377228
2574,474.3,0.764406204223633
2575,474.5,1.13193953037262
2576,474.7,2.25975060462952
2577,474.8,3.31702399253845
2578,475.0,19.6311492919922
2579,475.2,33.1960639953613
2580,475.3,15.4592409133911
2581,475.5,2.59961342811584
2582,475.7,1.13413560390472
2583,475.9,5.91769170761108
2584,476.1,13.8285312652588
2585,476.2,12.9396524429321
2586,476.4,3.13808846473694
2587,476.5,2.36033034324646
2588,476.8,2.76414275169373
2589,477.0,7.13527774810791
2590,477.2,9.19017887115479
2591,477.3,5.58116674423218
2592,477.5,0.921995759010315
2593,477.7,1.22751224040985
2594,477.9,2.19492268562317
2595,478.0,1.82528114318848
2596,478.2,3.08345055580139
2597,478.3,2.28030562400818
2598,478.5,0.59917426109314
2599,478.7,1.28408288955688
2600,478.8,1.04321849346161
2601,479.0,2.19826078414917
2602,479.1,1.4586261510849
2603,479.3,2.4186577796936
2604,479.4,1.4584504365921
2605,479.7,1.06860506534576
2606,479.9,1.22426211833954
2607,480.1,1.36138439178467
2608,480.3,1.37174987792969
2609,480.5,1.07897043228149
2610,480.7,0.903109610080719
2611,480.8,0.533380210399628
2612,481.0,1.11533737182617
2613,481.2,1.09926211833954
2614,481.4,1.1288651227951
2615,481.5,0.933942377567291
2616,481.8,0.924806773662567
2617,482.0,1.07589602470398
2618,482.1,1.14520382881165
2619,482.3,0.447118759155273
2620,482.5,1.03399503231049
2621,482.6,1.01317644119263
2622,482.9,1.05806398391724
2623,483.1,0.960558652877808
2624,483.2,1.00544619560242
2625,483.5,1.0022839307785
2626,483.7,1.01352775096893
2627,483.9,0.933854520320892
2628,484.0,0.587666928768158
2629,484.2,1.06157767772675
2630,484.3,0.867094159126282
2631,484.6,0.920151114463806
2632,484.8,0.885014057159424
2633,485.0,0.898453950881958
2634,485.2,1.02503514289856
2635,485.4,0.954409718513489
2636,485.5,0.866215765476227
2637,485.7,1.01800775527954
2638,485.9,0.4476458132267
2639,486.1,1.04963111877441
2640,486.2,0.447382301092148
2641,486.4,0.968903720378876
2642,486.6,0.866040050983429
2643,486.7,0.501493334770203
2644,486.9,1.18341529369354
2645,487.1,1.3735066652298
2646,487.3,1.40697467327118
2647,487.4,0.858309924602509
2648,487.7,1.03074491024017
2649,487.8,0.528197467327118
2650,488.0,1.30841529369354
2651,488.2,1.32484185695648
2652,488.3,0.618587493896484
2653,488.4,1.15881943702698
2654,488.7,1.94176042079926
2655,488.9,9.07062530517578
2656,489.1,32.1414260864258
2657,489.2,30.3221187591553
2658,489.4,5.08898448944092
2659,489.5,2.42076587677002
2660,489.7,1.1632993221283
2661,489.9,6.14652156829834
2662,490.0,7.14230489730835
2663,490.2,17.8646354675293
2664,490.3,10.1611032485962
2665,490.5,1.40144062042236
2666,490.7,1.79840123653412
2667,490.9,5.30428647994995
2668,491.0,5.21240329742432
2669,491.2,12.8274774551392
2670,491.3,4.45142316818237
2671,491.4,3.79884052276611
2672,491.7,1.35611379146576
2673,491.8,0.998067438602448
2674,492.0,3.74376320838928
2675,492.2,4.13343286514282
2676,492.3,3.22470140457153
2677,492.5,0.736033022403717
2678,492.7,1.37702035903931
2679,492.8,0.875702738761902
2680,493.0,3.05384755134583
2681,493.2,3.46530222892761
2682,493.3,1.45186221599579
2683,493.4,1.92796909809113
2684,493.7,1.11296558380127
2685,493.9,1.47522842884064
2686,494.0,0.827477157115936
2687,494.2,1.8759663105011
2688,494.4,1.32536888122559
2689,494.5,0.575632452964783
2690,494.7,0.920590281486511
2691,494.8,0.465038657188416
2692,495.0,1.56807804107666
2693,495.1,1.31017220020294
2694,495.3,0.67067813873291
2695,495.5,1.0805516242981
2696,495.7,0.851018965244293
2697,495.8,0.35426914691925
2698,496.0,1.04910397529602
2699,496.2,1.13150036334991
2700,496.3,0.475931137800217
2701,496.5,0.974525630474091
2702,496.7,0.94219958782196
2703,496.9,1.00781798362732
2704,497.0,0.531008422374725
2705,497.2,1.19281446933746
2706,497.3,1.07536888122559
2707,497.5,1.12095928192139
2708,497.8,0.879655659198761
2709,498.0,0.994026720523834
2710,498.2,1.13053405284882
2711,498.4,1.04550242424011
2712,498.6,0.891250848770142
2713,498.8,0.944044291973114
2714,499.0,0.951071679592133
2715,499.2,1.09636330604553
2716,499.3,0.462666898965836
2717,499.4,0.994114518165588
2718,499.7,0.991742789745331
2719,499.9,1.03847503662109
2720,500.0,0.984100520610809
2721,500.3,1.02898800373077
2722,500.5,0.942023873329163
2723,500.7,1.06570625305176
2724,500.9,0.897136330604553
2725,501.0,0.509223461151123
2726,501.2,1.22294449806213
2727,501.3,0.378250181674957
2728,501.4,1.03100848197937
2729,501.7,0.898981034755707
2730,501.9,1.15398800373077
2731,502.0,0.48278284072876
2732,502.2,1.25755441188812
2733,502.3,0.910488426685333
2734,502.5,0.465565711259842
2735,502.7,1.59021437168121
2736,502.9,3.81535482406616
2737,503.0,3.2519326210022
2738,503.2,8.35224914550781
2739,503.3,4.86349248886108
2740,503.5,1.72373509407043
2741,503.7,0.658819377422333
2742,503.9,2.7096803188324
2743,504.0,1.82905828952789
2744,504.2,3.80859088897705
2745,504.3,3.08880877494812
2746,504.5,1.18218553066254
2747,504.7,0.640723824501038
2748,504.9,2.14977169036865
2749,505.0,1.67867183685303
2750,505.2,3.54717135429382
2751,505.3,1.55130004882813
2752,505.4,1.70072031021118
2753,505.7,0.898717522621155
2754,505.8,0.729971885681152
2755,506.0,1.67946243286133
2756,506.1,2.00737881660461
2757,506.3,1.48717498779297
2758,506.5,1.06948351860046
2759,506.8,1.62245261669159
2760,506.9,1.46249127388
2761,507.1,3.14502811431885
2762,507.3,3.49244546890259
2763,507.4,1.89450109004974
2764,507.7,1.02002811431885
2765,507.9,1.62772309780121
2766,508.1,1.68622624874115
2767,508.2,0.908555865287781
2768,508.4,1.65196764469147
2769,508.5,0.997716069221497
2770,508.7,0.501141965389252
2771,508.9,1.28373157978058
2772,509.1,1.49508082866669
2773,509.3,1.52081871032715
2774,509.4,1.13439917564392
2775,509.7,0.94096976518631
2776,509.8,0.428671807050705
2777,510.0,1.05173933506012
2778,510.2,0.984364032745361
2779,510.4,0.917076587677002
2780,510.5,0.765899479389191
2781,510.8,0.930077314376831
2782,511.0,0.99657416343689
2783,511.2,0.918657779693604
2784,511.4,1.07238233089447
2785,511.5,0.439564287662506
2786,511.7,0.829936742782593
2787,511.8,0.408468037843704
2788,512.0,0.951510906219482
2789,512.1,0.489283204078674
2790,512.3,1.0414617061615
2791,512.5,0.729093492031097
2792,512.6,0.511243879795074
2793,512.8,0.757993698120117
2794,513.0,0.989107489585876
2795,513.2,0.941584706306458
2796,513.4,0.987350642681122
2797,513.6,0.851106822490692
2798,513.8,0.803671836853027
2799,514.0,0.871310591697693
2800,514.2,0.96161276102066
2801,514.3,0.371574133634567
2802,514.5,0.902933955192566
2803,514.7,0.928671836853027
2804,514.8,0.528373181819916
2805,515.0,1.07940971851349
2806,515.2,1.04541456699371
2807,515.4,1.09592413902283
2808,515.6,0.854971885681152
2809,515.8,0.684293746948242
2810,515.9,0.44957834482193
2811,516.1,0.974789202213287
2812,516.2,0.938861548900604
2813,516.4,0.416198164224625
2814,516.6,0.997364699840546
2815,516.8,0.88404780626297
2816,516.9,1.11849963665009
2817,517.1,0.687368214130402
2818,517.3,0.936401963233948
2819,517.5,0.816145479679108
2820,517.6,0.62157416343689
2821,517.8,0.878601551055908
2822,517.9,0.488756150007248
2823,518.1,1.09003865718842
2824,518.2,0.558942377567291
2825,518.3,0.86639142036438
2826,518.6,0.914792716503143
2827,518.8,1.3772839307785
2828,519.0,1.68973994255066
2829,519.2,1.79690790176392
2830,519.4,1.25983834266663
2831,519.6,0.876581192016602
2832,519.8,1.05481374263763
2833,520.0,1.2102073431015
2834,520.1,1.20291638374329
2835,520.3,0.649332404136658
2836,520.4,1.10804641246796
2837,520.7,1.20151090621948
2838,520.9,2.19896340370178
2839,521.0,1.30542862415314
2840,521.2,2.61103296279907
2841,521.3,2.02231192588806
2842,521.6,0.970836281776428
2843,521.7,0.502547442913055
2844,521.9,1.38993322849274
2845,522.1,1.95159876346588
2846,522.3,1.5828355550766
2847,522.5,1.12210118770599
2848,522.6,0.351106822490692
2849,522.8,1.17410397529602
2850,523.0,1.61366832256317
2851,523.2,1.31632113456726
2852,523.4,1.15170419216156
2853,523.6,1.00500702857971
2854,523.8,1.04251575469971
2855,524.0,1.02863669395447
2856,524.2,1.21301829814911
2857,524.3,0.953794777393341
2858,524.6,0.963633179664612
2859,524.7,0.800773024559021
2860,525.0,0.911718189716339
2861,525.1,0.45432186126709
2862,525.3,0.999736487865448
2863,525.5,0.94571328163147
2864,525.6,0.927969098091125
2865,525.9,1.00439214706421
2866,526.0,0.413562893867493
2867,526.2,0.911718189716339
2868,526.4,0.900650024414063
2869,526.6,0.871398448944092
2870,526.8,1.00922346115112
2871,527.0,0.804813802242279
2872,527.2,0.834680259227753
2873,527.4,0.880007028579712
2874,527.6,0.692375242710114
2875,527.8,0.816145479679108
2876,528.0,0.943956434726715
2877,528.2,1.01712930202484
2878,528.4,0.76291286945343
2879,528.6,0.99139142036438
2880,528.7,0.365864366292953
2881,528.9,0.706693589687347
2882,529.1,0.961964190006256
2883,529.3,0.93789529800415
2884,529.4,0.740073800086975
2885,529.7,0.738580465316772
2886,529.8,0.363668292760849
2887,530.0,0.997452557086945
2888,530.1,0.449051290750504
2889,530.3,0.965477883815765
2890,530.5,0.697557985782623
2891,530.6,0.307273358106613
2892,530.8,0.911191165447235
2893,530.9,0.47540408372879
2894,531.1,1.03601551055908
2895,531.2,0.4476458132267
2896,531.4,0.83749121427536
2897,531.6,0.771784961223602
2898,531.8,0.772751212120056
2899,531.9,0.422434985637665
2900,532.1,1.0436577796936
2901,532.3,0.975667595863342
2902,532.5,0.842322528362274
2903,532.7,1.02485942840576
2904,532.9,1.51062893867493
2905,533.0,0.845309197902679
2906,533.2,1.99490511417389
2907,533.4,1.44360506534576
2908,533.6,0.896345734596252
2909,533.7,0.393622636795044
2910,533.9,1.24226987361908
2911,534.1,1.57124030590057
2912,534.2,0.505621910095215
2913,534.4,1.17102956771851
2914,534.6,1.46451163291931
2915,534.8,3.26054120063782
2916,535.0,7.28320455551147
2917,535.1,8.20932865142822
2918,535.3,4.68332767486572
2919,535.6,1.71196413040161
2920,535.8,2.19694304466248
2921,536.0,3.79901623725891
2922,536.2,4.76932525634766
2923,536.3,2.13334512710571
2924,536.4,1.90469074249268
2925,536.7,1.34197115898132
2926,536.8,1.05323255062103
2927,537.0,3.20317983627319
2928,537.2,3.29892826080322
2929,537.3,2.29330635070801
2930,537.6,1.2060786485672
2931,537.8,1.56878077983856
2932,538.0,1.76537239551544
2933,538.2,1.67515814304352
2934,538.3,0.773629665374756
2935,538.4,1.19158470630646
2936,538.6,0.437368243932724
2937,538.8,1.18886160850525
2938,539.0,1.28004217147827
2939,539.1,1.4161102771759
2940,539.3,1.14283204078674
2941,539.6,0.84996485710144
2942,539.7,0.411806046962738
2943,539.9,0.69219958782196
2944,540.1,0.926124393939972
2945,540.3,1.11472237110138
2946,540.5,0.769676744937897
2947,540.7,0.852775812149048
2948,540.9,1.02108216285706
2949,541.0,0.608924806118011
2950,541.2,0.941321134567261
2951,541.3,0.503513693809509
2952,541.4,0.897136330604553
2953,541.6,0.448348551988602
2954,541.8,0.788738608360291
2955,541.9,0.382115244865417
2956,542.1,0.901879847049713
2957,542.3,0.843903720378876
2958,542.5,0.776528477668762
2959,542.7,0.736120879650116
2960,542.9,0.916725218296051
2961,543.1,0.838896691799164
2962,543.2,0.835382997989655
2963,543.5,0.784961342811584
2964,543.6,0.333801835775375
2965,543.8,0.735154628753662
2966,543.9,0.765811681747437
2967,544.2,0.793130695819855
2968,544.4,0.835822224617004
2969,544.6,0.810259997844696
2970,544.8,0.702389299869537
2971,545.0,0.764318346977234
2972,545.1,0.468640208244324
2973,545.3,0.794711887836456
2974,545.4,0.404954314231873
2975,545.6,0.863492608070374
2976,545.8,0.788650751113892
2977,545.9,0.801300048828125
2978,546.1,0.741479277610779
2979,546.4,0.814300775527954
2980,546.5,0.481465220451355
2981,546.7,0.888000726699829
2982,546.9,1.01010191440582
2983,547.0,0.560611367225647
2984,547.2,1.37702035903931
2985,547.3,1.20379483699799
2986,547.5,0.382115244865417
2987,547.7,0.824226975440979
2988,547.9,0.893271267414093
2989,548.1,0.953531265258789
2990,548.2,0.58318692445755
2991,548.3,1.10119462013245
2992,548.6,1.07572031021118
2993,548.7,0.994378089904785
2994,548.9,5.84144401550293
2995,549.1,16.2904071807861
2996,549.3,17.9992980957031
2997,549.4,5.31359815597534
2998,549.5,2.76967668533325
2999,549.8,2.29813766479492
3000,549.9,2.51695370674133
#"+ Scan (rt: 5.001-55.028 min, 8146 scans) BARLEYSTRAW_450_231106.D "
#Point,X(Thompsons),Y(Counts)
0,10.2,4.36029958724976
1,10.4,3.629634141922
2,10.6,3.65897369384766
3,10.8,4.72280883789063
4,10.9,2.08519530296326
5,11.1,4.36422777175903
6,11.2,2.18413949012756
7,11.4,4.43862009048462
8,11.6,3.88595628738403
9,11.8,4.6982569694519
10,12.0,24.8086185455322
11,12.1,51.7005882263184
12,12.3,10.9871101379395
13,12.4,7.30677652359009
14,12.7,5.59440231323242
15,12.9,9.77068519592285
16,13.1,17.7703170776367
17,13.2,8.3665599822998
18,13.4,0.054628036916256
19,14.2,8686.76171875
20,14.9,6.21961688995361
21,15.1,115.293273925781
22,15.2,118.614532470703
23,15.4,3.18585801124573
24,16.2,3766.5146484375
25,17.2,6847.13525390625
26,18.2,28777.5859375
27,18.9,4.24944734573364
28,19.1,47.2584075927734
29,19.2,36.9194679260254
30,19.4,4.54763078689575
31,19.6,0.155536457896233
32,19.9,4.384605884552
33,20.1,323.43701171875
34,20.2,134.727233886719
35,20.4,0.213356241583824
36,20.6,0.320157140493393
37,20.8,1.95065057277679
38,21.0,3.13650870323181
39,21.2,3.60078573226929
40,21.3,1.62005889415741
41,21.5,3.39283084869385
42,21.7,3.27522706985474
43,21.8,2.6532039642334
44,22.0,11.88951587677
45,22.2,14.8488826751709
46,22.3,8.13208961486816
47,22.5,1.75484895706177
48,22.7,2.99484419822693
49,22.9,3.85244297981262
50,23.1,3.25865459442139
51,23.3,3.68659472465515
52,23.5,3.79265904426575
53,23.7,3.91750550270081
54,23.9,5.33820295333862
55,24.1,7.78234720230103
56,24.2,6.45003700256348
57,24.4,2.55045413970947
58,24.6,3.49950885772705
59,24.7,2.14583849906921
60,24.9,8.97102832794189
61,25.0,8.89160346984863
62,25.2,18.8303470611572
63,25.3,7.70108032226563
64,25.4,6.92744922637939
65,25.7,3.16511178016663
66,25.8,2.80837225914001
67,26.0,44.4765510559082
68,26.2,122.190032958984
69,26.3,32.5283584594727
70,26.4,16.1852436065674
71,26.6,1.8585809469223
72,26.8,0.212619692087173
73,27.0,0.360299527645111
74,28.1,338559.375
75,29.0,13.3917255401611
76,29.1,2909.40014648438
77,29.8,0.570341289043427
78,30.0,50.0381774902344
79,30.1,102.970657348633
80,30.3,16.277681350708
81,30.4,7.10986995697021
82,30.6,1.74920201301575
83,30.8,5.23889017105103
84,30.9,7.66265630722046
85,31.1,0.424502819776535
86,32.1,73277.0859375
87,33.0,27.4712734222412
88,33.1,43.694206237793
89,33.3,9.51902770996094
90,33.4,3.52577948570251
91,33.7,0.493370980024338
92,33.9,17.2440452575684
93,34.1,267.069244384766
94,34.2,83.8860778808594
95,34.4,0.819052278995514
96,34.7,1.28590714931488
97,34.9,10.1832799911499
98,35.1,21.1258277893066
99,35.2,12.1527128219604
100,35.4,2.68389391899109
101,35.7,1.25214827060699
102,35.8,3.79462313652039
103,36.0,102.895652770996
104,36.1,128.91357421875
105,36.3,7.55057716369629
106,36.6,1.15197646617889
107,36.8,5.34826898574829
108,37.0,24.3725757598877
109,37.1,16.9603481292725
110,37.2,21.0271301269531
111,37.4,4.39896869659424
112,37.7,2.93162298202515
113,37.9,25.2245273590088
114,38.0,44.3037071228027
115,38.1,87.2844314575195
116,38.3,11.687331199646
117,38.4,3.77571821212769
118,38.7,1.43174564838409
119,38.9,12.5534000396729
120,39.1,157.035720825195
121,39.2,74.2353286743164
122,40.1,11116.908203125
123,40.8,0.937638103961945
124,41.0,68.3641052246094
125,41.1,271.256317138672
126,41.3,23.3493747711182
127,41.6,0.881536960601807
128,41.8,3.59108757972717
129,42.0,68.7316436767578
130,42.1,164.417266845703
131,42.3,22.1020126342773
132,42.5,1.34323596954346
133,42.7,0.539037585258484
134,42.9,10.691014289856
135,43.1,338.393920898438
136,43.2,186.912475585938
137,43.4,0.589123487472534
138,44.0,170.958023071289
139,44.1,7168.22119140625
140,44.8,1.29486858844757
141,45.0,107.186225891113
142,45.1,221.540512084961
143,45.3,11.7348394393921
144,45.6,1.29720103740692
145,45.8,6.25202560424805
146,46.0,34.3713493347168
147,46.1,40.7332420349121
148,46.3,6.79302740097046
149,46.4,3.84716415405273
150,46.7,3.29229068756104
151,46.9,25.3785915374756
152,47.0,32.0673942565918
153,47.1,53.1665840148926
154,47.3,7.22010803222656
155,47.4,2.83022332191467
156,47.7,3.09329724311829
157,47.9,24.8790817260742
158,48.1,97.4086685180664
159,48.2,22.6149024963379
160,48.4,1.70132577419281
161,48.6,1.8545298576355
162,48.8,5.6144118309021
163,49.0,19.2445373535156
164,49.1,20.7120056152344
165,49.3,7.11944532394409
166,49.5,0.938742935657501
167,49.7,2.42830848693848
168,49.9,22.2720355987549
169,50.1,101.219367980957
170,50.2,50.7899589538574
171,50.4,2.41725993156433
172,50.5,1.680211186409
173,50.8,5.66498899459839
174,51.0,65.9853897094727
175,51.1,121.975326538086
176,51.3,17.8859558105469
177,51.5,2.16204261779785
178,51.8,6.31807041168213
179,52.0,41.0394058227539
180,52.1,34.2582855224609
181,52.2,39.3488845825195
182,52.4,3.26749324798584
183,52.5,2.46108508110046
184,52.8,6.36115884780884
185,53.0,39.6350364685059
186,53.1,59.3954086303711
187,53.3,16.0328998565674
188,53.5,1.16118335723877
189,53.7,2.70660448074341
190,53.9,15.7753496170044
191,54.1,44.7185134887695
192,54.2,32.3294868469238
193,54.4,3.62546038627625
194,54.5,1.66621649265289
195,54.7,1.03388166427612
196,54.9,16.5514354705811
197,55.1,148.794876098633
198,55.2,94.0076141357422
199,55.4,3.8638596534729
200,55.7,1.51694083213806
201,55.9,15.0590476989746
202,56.1,76.8104553222656
203,56.2,38.1204261779785
204,56.3,22.9721336364746
205,56.6,2.14473366737366
206,56.8,3.77559542655945
207,57.0,45.5935440063477
208,57.2,120.304443359375
209,57.3,24.2509212493896
210,57.4,8.14743423461914
211,57.6,1.58249449729919
212,57.8,6.30051565170288
213,58.0,22.9850234985352
214,58.2,32.1943283081055
215,58.3,12.1020135879517
216,58.5,1.34802353382111
217,58.7,2.68045663833618
218,58.9,14.565185546875
219,59.1,43.3207702636719
220,59.2,26.4025287628174
221,59.4,2.74392342567444
222,59.6,2.45813894271851
223,59.8,6.7438006401062
224,60.0,55.4411964416504
225,60.1,76.9927597045898
226,60.3,12.2618465423584
227,60.5,0.942425727844238
228,60.7,2.6485390663147
229,60.9,12.643383026123
230,61.1,36.1616744995117
231,61.2,13.6110973358154
232,61.3,7.76994848251343
233,61.5,0.997053742408752
234,61.7,2.44451260566711
235,61.9,13.9502820968628
236,62.1,30.0645713806152
237,62.2,12.6444883346558
238,62.3,8.48318195343018
239,62.6,2.23201560974121
240,62.7,1.82433092594147
241,62.9,20.7908172607422
242,63.1,75.9609603881836
243,63.2,41.4468460083008
244,63.4,4.0905966758728
245,63.7,4.17321395874023
246,63.9,46.2167930603027
247,64.1,239.580413818359
248,64.2,32.7894668579102
249,64.4,2.47851705551147
250,64.7,1.99091577529907
251,64.9,18.9895648956299
252,65.1,97.9092788696289
253,65.2,55.2224388122559
254,65.4,2.60680079460144
255,65.5,2.34753251075745
256,65.8,8.34532260894775
257,66.0,45.4176292419434
258,66.1,70.8544082641602
259,66.3,13.9766759872437
260,66.5,1.08212614059448
261,66.7,2.08507251739502
262,66.9,19.6598339080811
263,67.1,75.2744903564453
264,67.2,48.9274482727051
265,67.4,5.12914323806763
266,67.7,2.47409772872925
267,67.9,17.1939601898193
268,68.0,22.2559547424316
269,68.2,47.9312553405762
270,68.3,11.555609703064
271,68.4,4.82997798919678
272,68.6,0.835624873638153
273,68.8,6.55757427215576
274,69.0,55.433708190918
275,69.1,91.347412109375
276,69.3,23.4436531066895
277,69.5,3.36201810836792
278,69.8,6.15455436706543
279,70.0,35.5579414367676
280,70.2,61.5840911865234
281,70.3,21.2764549255371
282,70.5,1.77191257476807
283,70.7,2.98084950447083
284,70.9,15.4139451980591
285,71.1,52.60888671875
286,71.2,28.3494968414307
287,71.3,20.5783214569092
288,71.5,2.65357232093811
289,71.8,4.61514854431152
290,72.0,15.2498159408569
291,72.1,9.63773632049561
292,72.2,14.0851955413818
293,72.4,2.54284310340881
294,72.7,1.20144855976105
295,72.9,19.3445854187012
296,73.1,327.683410644531
297,73.2,129.294372558594
298,73.4,2.3715934753418
299,73.7,1.77854156494141
300,73.9,21.9807262420654
301,74.1,68.2573013305664
302,74.2,39.250431060791
303,74.4,3.82936406135559
304,74.7,2.48023581504822
305,74.9,27.1473121643066
306,75.1,113.544929504395
307,75.2,49.1464538574219
308,75.4,3.51068019866943
309,75.6,0.792658984661102
310,75.8,8.11748123168945
311,76.0,52.1575012207031
312,76.1,72.7155685424805
313,76.3,13.7057447433472
314,76.5,1.41897869110107
315,76.8,4.9544563293457
316,77.0,109.81941986084
317,77.1,207.739624023438
318,77.3,18.6826667785645
319,77.5,0.792045176029205
320,77.7,0.782469928264618
321,77.9,25.4287986755371
322,78.1,190.847534179688
323,78.2,92.8566131591797
324,78.4,3.17763328552246
325,78.6,0.378222435712814
326,78.8,3.91922426223755
327,79.0,167.310333251953
328,79.1,261.162170410156
329,79.3,9.434814453125
330,79.6,0.490424752235413
331,79.8,6.35342502593994
332,80.0,34.2398719787598
333,80.2,40.1808242797852
334,80.3,12.1889266967773
335,80.5,1.37773144245148
336,80.7,1.25214827060699
337,80.9,42.4076843261719
338,81.1,240.029098510742
339,81.2,75.3598098754883
340,81.4,2.18082499504089
341,81.6,0.817210912704468
342,81.8,9.60434532165527
343,82.0,44.8480224609375
344,82.1,55.0499649047852
345,82.3,18.8342742919922
346,82.6,3.99619436264038
347,82.8,11.0149765014648
348,83.0,53.9690628051758
349,83.1,68.3717193603516
350,83.3,18.1415424346924
351,83.5,1.56935918331146
352,83.7,2.75570821762085
353,83.9,16.2933959960938
354,84.0,17.5637130737305
355,84.1,37.2377853393555
356,84.3,8.54063320159912
357,84.5,0.613798201084137
358,84.8,4.6795973777771
359,85.0,392.737548828125
360,85.1,342.185485839844
361,85.3,1.19027745723724
362,85.6,0.353424996137619
363,85.8,8.7298059463501
364,86.0,33.6015205383301
365,86.1,33.400074005127
366,86.3,8.95187854766846
367,86.6,2.31696534156799
368,86.8,10.0263929367065
369,86.9,16.9755706787109
370,87.1,54.2695808410645
371,87.2,26.4907932281494
372,87.4,2.92794013023376
373,87.6,3.27399945259094
374,87.8,7.80518054962158
375,87.9,8.30886363983154
376,88.1,21.2093048095703
377,88.2,11.8772401809692
378,88.4,3.17075872421265
379,88.6,1.54247486591339
380,88.8,9.55070018768311
381,89.0,52.6513633728027
382,89.1,55.6164970397949
383,89.3,11.2277193069458
384,89.6,3.02234220504761
385,89.8,6.84176301956177
386,90.0,17.5117855072021
387,90.1,19.6708812713623
388,90.3,6.89675903320313
389,90.5,1.74060893058777
390,90.7,1.30959975719452
391,90.9,24.0015964508057
392,91.1,410.136016845703
393,91.2,169.892959594727
394,91.4,2.29707837104797
395,91.6,1.06211638450623
396,91.8,4.96096229553223
397,92.0,40.9276962280273
398,92.1,137.477661132813
399,92.2,89.2575531005859
400,92.4,4.58973741531372
401,92.7,2.57291913032532
402,92.9,15.5983304977417
403,93.1,45.9284324645996
404,93.2,31.4555606842041
405,93.4,3.66989922523499
406,93.6,2.64964389801025
407,93.8,7.18585824966431
408,94.0,62.7848014831543
409,94.1,156.044799804688
410,94.3,10.8859567642212
411,94.4,5.07770681381226
412,94.6,1.11944508552551
413,94.8,7.13478994369507
414,95.0,39.3611602783203
415,95.2,55.0586776733398
416,95.3,15.1195678710938
417,95.6,2.61023807525635
418,95.8,9.91762828826904
419,96.0,136.086059570313
420,96.1,361.146697998047
421,96.3,19.808126449585
422,96.6,4.36275482177734
423,96.8,19.3060398101807
424,96.9,20.481954574585
425,97.1,57.1500129699707
426,97.2,39.4656257629395
427,97.4,7.51657247543335
428,97.6,2.05438256263733
429,97.8,8.52148246765137
430,98.0,25.1586055755615
431,98.2,34.4300270080566
432,98.3,13.0483675003052
433,98.5,2.49852681159973
434,98.8,6.10864210128784
435,98.9,7.29229068756104
436,99.1,26.0862998962402
437,99.2,19.0432109832764
438,99.4,3.24048614501953
439,99.6,2.2732629776001
440,99.8,4.38976192474365
441,100.0,9.8881664276123
442,100.2,11.1993618011475
443,100.3,5.18192958831787
444,100.5,0.885465264320374
445,100.7,2.97839426994324
446,100.8,3.58789587020874
447,101.0,14.1055736541748
448,101.2,13.4425487518311
449,101.3,5.57942533493042
450,101.6,2.61158847808838
451,101.8,9.74232769012451
452,101.9,14.5777072906494
453,102.1,39.6080284118652
454,102.2,21.6435050964355
455,102.4,2.28185606002808
456,102.5,1.8728209733963
457,102.7,1.32813656330109
458,102.9,29.8758907318115
459,103.1,179.103118896484
460,103.2,62.9618225097656
461,103.4,2.75865459442139
462,103.6,2.03866934776306
463,103.7,2.54345679283142
464,103.9,28.5673942565918
465,104.1,91.2328720092773
466,104.2,46.1561508178711
467,104.4,3.40179228782654
468,104.6,1.03830099105835
469,104.8,9.24515056610107
470,105.0,76.392951965332
471,105.1,113.880798339844
472,105.3,16.558801651001
473,105.5,1.78738033771515
474,105.8,5.97814893722534
475,106.0,33.7555847167969
476,106.1,37.1744422912598
477,106.2,39.9857597351074
478,106.4,3.95654320716858
479,106.7,3.1190767288208
480,106.9,17.4143142700195
481,107.1,50.8110733032227
482,107.2,32.795482635498
483,107.4,4.4301495552063
484,107.6,1.09857594966888
485,107.8,5.71949434280396
486,107.9,8.67677402496338
487,108.1,33.0191497802734
488,108.2,16.0014724731445
489,108.3,10.707218170166
490,108.6,2.77755951881409
491,108.8,5.30346202850342
492,109.0,18.9280624389648
493,109.2,25.2080783843994
494,109.3,11.310827255249
495,109.5,1.45948934555054
496,109.7,3.21384739875793
497,109.9,11.0297079086304
498,110.1,23.1347904205322
499,110.2,16.7775592803955
500,110.4,4.29155397415161
501,110.7,3.19874787330627
502,110.9,10.2483425140381
503,111.0,9.79265880584717
504,111.2,20.9955806732178
505,111.3,10.7258777618408
506,111.5,2.78676652908325
507,111.8,5.73017454147339
508,112.0,17.1383495330811
509,112.1,10.8535480499268
510,112.2,14.6648664474487
511,112.4,3.05401420593262
512,112.6,2.5328996181488
513,112.8,6.07917976379395
514,113.0,15.0677633285522
515,113.1,8.74785137176514
516,113.2,12.9495458602905
517,113.4,2.60545063018799
518,113.5,2.17051315307617
519,113.7,1.40486133098602
520,113.9,5.72538661956787
521,114.1,9.06923675537109
522,114.3,6.87048864364624
523,114.4,2.80751299858093
524,114.7,2.9981586933136
525,114.9,28.6698989868164
526,115.0,45.2936401367188
527,115.1,83.9944763183594
528,115.3,14.8919715881348
529,115.5,0.926958024501801
530,115.7,2.24465990066528
531,115.9,13.9526147842407
532,116.1,27.2865219116211
533,116.2,18.0208683013916
534,116.4,2.55438256263733
535,116.5,2.32997798919678
536,116.8,8.37196159362793
537,117.0,38.7577934265137
538,117.1,50.6819305419922
539,117.3,12.9690647125244
540,117.6,2.29511427879333
541,117.8,7.10594177246094
542,117.9,10.5211143493652
543,118.1,33.8677864074707
544,118.2,23.0417385101318
545,118.4,3.50847029685974
546,118.6,1.24453723430634
547,118.8,8.90191459655762
548,119.0,71.3401641845703
549,119.1,81.8103332519531
550,119.3,13.264178276062
551,119.5,1.11134302616119
552,119.7,2.83267855644226
553,119.8,4.73201560974121
554,120.0,22.5233249664307
555,120.1,15.3124237060547
556,120.2,19.8650875091553
557,120.4,4.0766019821167
558,120.6,1.19752025604248
559,120.8,7.86877012252808
560,121.0,25.7180213928223
561,121.1,27.6361408233643
562,121.3,6.84188556671143
563,121.4,3.83353781700134
564,121.6,1.03940582275391
565,121.8,7.79106330871582
566,122.0,25.9686965942383
567,122.1,16.6260738372803
568,122.2,21.3100910186768
569,122.4,3.47593903541565
570,122.7,2.76786160469055
571,122.9,9.41738319396973
572,123.0,7.68438482284546
573,123.2,17.1811923980713
574,123.3,5.00810194015503
575,123.4,3.46943283081055
576,123.6,1.07525169849396
577,123.8,4.33194208145142
578,124.0,10.1897859573364
579,124.1,6.73962688446045
580,124.2,9.230788230896
581,124.4,2.10127663612366
582,124.6,2.53056716918945
583,124.8,6.64411973953247
584,124.9,6.46096229553223
585,125.1,21.446231842041
586,125.2,9.45924377441406
587,125.3,8.59096527099609
588,125.5,3.6485390663147
589,125.8,7.97716665267944
590,126.0,18.7064819335938
591,126.1,21.6284065246582
592,126.3,6.63110733032227
593,126.4,4.72440481185913
594,126.7,4.38607883453369
595,126.9,13.3534250259399
596,127.1,24.4048614501953
597,127.2,16.7482204437256
598,127.4,3.69420576095581
599,127.7,2.8185613155365
600,127.9,16.0190277099609
601,128.1,101.07169342041
602,128.2,41.7380294799805
603,128.3,12.4139451980591
604,128.5,1.12030446529388
605,128.7,3.83722066879272
606,128.9,20.6734600067139
607,129.1,45.4143142700195
608,129.2,29.0552425384521
609,129.4,4.00601530075073
610,129.7,2.70341277122498
611,129.9,9.54419326782227
612,130.0,8.41271781921387
613,130.2,18.073902130127
614,130.3,8.00294589996338
615,130.6,2.28541612625122
616,130.8,8.37920475006104
617,130.9,11.8305921554565
618,131.1,38.1897850036621
619,131.2,24.9173831939697
620,131.4,2.72059917449951
621,131.6,2.03400444984436
622,131.7,2.27215814590454
623,131.9,17.5964889526367
624,132.0,14.7781734466553
625,132.1,27.5503311157227
626,132.3,8.49091625213623
627,132.6,2.12460112571716
628,132.8,10.0155906677246
629,133.0,148.656646728516
630,133.1,223.162536621094
631,133.3,9.42008304595947
632,133.4,4.49828147888184
633,133.7,3.95605206489563
634,133.9,21.5023326873779
635,134.1,46.1530799865723
636,134.2,22.0286026000977
637,134.4,2.50417375564575
638,134.6,2.39123487472534
639,134.8,9.76957988739014
640,135.0,47.9434089660645
641,135.1,53.7808723449707
642,135.3,13.4690647125244
643,135.5,1.91038548946381
644,135.8,5.34998750686646
645,136.0,12.2608642578125
646,136.2,14.4507732391357
647,136.3,6.67419576644897
648,136.6,2.6342990398407
649,136.8,10.3411493301392
650,137.0,35.7703170776367
651,137.1,38.3722076416016
652,137.3,9.30211162567139
653,137.6,1.96366310119629
654,137.8,4.11036109924316
655,138.0,9.71568870544434
656,138.1,6.00319194793701
657,138.2,9.29314994812012
658,138.4,2.95114159584045
659,138.6,1.0772157907486
660,138.8,9.33808040618896
661,139.0,42.706111907959
662,139.1,28.2320156097412
663,139.2,28.0027008056641
664,139.4,2.28958988189697
665,139.6,1.82690894603729
666,139.8,5.07746124267578
667,140.0,12.1908912658691
668,140.2,13.6172351837158
669,140.3,4.35710763931274
670,140.4,3.09710288047791
671,140.6,1.21163761615753
672,140.8,7.4150505065918
673,141.0,30.4477043151855
674,141.2,51.2559547424316
675,141.3,10.3923397064209
676,141.5,1.06702673435211
677,141.7,2.81598329544067
678,141.9,11.7681074142456
679,142.1,39.6037330627441
680,142.2,26.2903270721436
681,142.4,3.56150269508362
682,142.7,2.55683779716492
683,142.8,3.26135516166687
684,143.0,14.3749074935913
685,143.1,17.8122997283936
686,143.3,4.73876762390137
687,143.4,3.30935430526733
688,143.7,2.34740972518921
689,143.8,2.88558793067932
690,144.0,10.8080043792725
691,144.1,11.5917015075684
692,144.3,6.15615034103394
693,144.6,2.29290437698364
694,144.8,6.06800889968872
695,145.0,18.6388416290283
696,145.1,21.3121776580811
697,145.3,9.0083475112915
698,145.6,2.2143383026123
699,145.8,6.45359706878662
700,145.9,5.98796939849854
701,146.1,15.3901300430298
702,146.2,10.4327278137207
703,146.4,2.5328996181488
704,146.6,1.19776582717896
705,146.8,12.3590717315674
706,147.0,96.3715896606445
707,147.1,87.0330200195313
708,147.3,11.2010803222656
709,147.4,3.87134790420532
710,147.7,3.71053266525269
711,147.9,16.6081504821777
712,148.1,29.0396518707275
713,148.2,9.99938583374023
714,148.3,7.83451986312866
715,148.6,2.62202310562134
716,148.8,9.57095527648926
717,149.0,41.0751304626465
718,149.1,39.6529579162598
719,149.3,9.55303192138672
720,149.6,2.5424747467041
721,149.8,4.74085426330566
722,150.0,12.7280874252319
723,150.2,14.017186164856
724,150.3,5.5341272354126
725,150.5,1.13859558105469
726,150.7,2.89553165435791
727,150.9,13.0958757400513
728,151.1,23.2542343139648
729,151.2,15.2731399536133
730,151.4,3.16965389251709
731,151.6,0.898109495639801
732,151.8,4.9990177154541
733,152.0,18.4442672729492
734,152.2,24.5880184173584
735,152.3,8.87294387817383
736,152.6,2.63442182540894
737,152.8,7.80984544754028
738,153.0,24.9922657012939
739,153.2,31.5260257720947
740,153.3,9.7743673324585
741,153.6,1.90989446640015
742,153.8,5.55904722213745
743,153.9,8.01448535919189
744,154.1,28.7915534973145
745,154.2,19.9477043151855
746,154.4,3.76405596733093
747,154.7,4.08421325683594
748,154.9,18.0519275665283
749,155.1,37.0308113098145
750,155.2,22.3291187286377
751,155.4,2.40314269065857
752,155.6,2.46329498291016
753,155.7,1.63000249862671
754,155.9,8.70451736450195
755,156.0,6.85796689987183
756,156.2,16.8918495178223
757,156.3,6.90301990509033
758,156.6,2.01080274581909
759,156.8,4.35281133651733
760,157.0,10.3483915328979
761,157.2,11.2194938659668
762,157.3,5.72072172164917
763,157.5,1.14817082881927
764,157.7,2.30235695838928
765,157.9,5.40191507339478
766,158.0,4.37233018875122
767,158.2,8.87294387817383
768,158.3,2.91431379318237
769,158.4,2.78050565719604
770,158.7,5.29941082000732
771,158.9,20.6280384063721
772,159.1,32.607536315918
773,159.2,16.8541622161865
774,159.4,2.38448309898376
775,159.6,0.911367535591125
776,159.8,3.52504301071167
777,160.0,8.36435031890869
778,160.1,10.3162288665771
779,160.3,4.19653797149658
780,160.6,2.1901547908783
781,160.8,10.287748336792
782,161.0,43.2585334777832
783,161.1,26.4507732391357
784,161.3,3.03744173049927
785,161.4,2.13417625427246
786,161.7,3.17554616928101
787,161.9,12.4095258712769
788,162.1,15.6753005981445
789,162.2,9.00847053527832
790,162.4,1.73569846153259
791,162.6,2.81942057609558
792,162.8,16.6297569274902
793,163.0,99.2991638183594
794,163.1,52.8751525878906
795,163.3,7.32519006729126
796,163.6,2.35084700584412
797,163.7,2.70328998565674
798,163.9,12.9458627700806
799,164.0,9.84667301177979
800,164.1,15.53977394104
801,164.3,4.68205261230469
802,164.5,1.07942545413971
803,164.7,4.21421575546265
804,164.9,24.6188316345215
805,165.1,53.6730918884277
806,165.2,21.6602020263672
807,165.4,2.26872086524963
808,165.6,1.88534247875214
809,165.8,4.92155647277832
810,166.0,14.9497909545898
811,166.2,16.906702041626
812,166.3,5.934814453125
813,166.6,2.1901547908783
814,166.8,5.14694309234619
815,167.0,12.5257797241211
816,167.2,13.2477293014526
817,167.3,3.67407321929932
818,167.4,2.67787861824036
819,167.7,2.50392842292786
820,167.9,7.39639091491699
821,168.1,18.5616245269775
822,168.2,7.92769479751587
823,168.3,6.76319646835327
824,168.6,2.01902770996094
825,168.8,3.49840402603149
826,169.0,8.14743423461914
827,169.1,5.25902271270752
828,169.2,8.15762329101563
829,169.4,1.60495948791504
830,169.5,1.88534247875214
831,169.8,3.24122262001038
832,170.0,6.95040512084961
833,170.2,8.81144142150879
834,170.3,2.75975942611694
835,170.4,2.39602255821228
836,170.7,2.41590976715088
837,170.8,1.86606919765472
838,171.0,6.47311544418335
839,171.2,7.12816095352173
840,171.3,2.84790086746216
841,171.4,2.66056966781616
842,171.7,1.91652345657349
843,171.8,1.72992885112762
844,172.0,5.29928779602051
845,172.2,5.29143142700195
846,172.3,3.22244048118591
847,172.5,0.93076354265213
848,172.7,2.02492022514343
849,172.8,1.82457649707794
850,173.0,5.21323347091675
851,173.2,6.20991897583008
852,173.3,3.20353555679321
853,173.5,1.7555855512619
854,173.7,1.20206236839294
855,173.9,4.22857856750488
856,174.1,5.87957286834717
857,174.2,4.58310842514038
858,174.4,1.32236683368683
859,174.6,2.08630013465881
860,174.8,4.43100929260254
861,175.0,9.55941581726074
862,175.2,10.4233980178833
863,175.3,4.08200359344482
864,175.5,1.0040510892868
865,175.7,2.88448309898376
866,175.8,5.0735330581665
867,176.0,27.5099430084229
868,176.1,12.7412223815918
869,176.2,10.5457897186279
870,176.4,1.36778783798218
871,176.6,1.85244286060333
872,176.8,8.3384485244751
873,177.0,109.811561584473
874,177.1,72.0751266479492
875,177.3,5.01681804656982
876,177.5,0.81070464849472
877,177.7,3.02872586250305
878,177.9,20.0411243438721
879,178.0,23.3889026641846
880,178.1,37.0683784484863
881,178.3,5.028480052948
882,178.4,2.81770205497742
883,178.7,3.84593677520752
884,178.9,20.7930278778076
885,179.1,44.5123977661133
886,179.2,18.2817325592041
887,179.4,3.0452983379364
888,179.7,2.94058442115784
889,179.9,9.97016906738281
890,180.1,17.7534980773926
891,180.2,12.1678123474121
892,180.4,2.79597353935242
893,180.7,2.96501350402832
894,180.9,10.8553895950317
895,181.1,18.1641292572021
896,181.2,12.3000249862671
897,181.4,2.41836476325989
898,181.6,0.868892729282379
899,181.8,3.97115159034729
900,182.0,9.26209163665771
901,182.2,12.2904491424561
902,182.3,4.29008102416992
903,182.4,2.88939356803894
904,182.7,2.07770681381226
905,182.9,4.3706111907959
906,183.0,2.96574997901917
907,183.2,6.79671001434326
908,183.3,3.70022106170654
909,183.5,0.922784209251404
910,183.7,1.91910135746002
911,183.9,3.88595628738403
912,184.1,5.20267629623413
913,184.2,4.34704160690308
914,184.4,2.33218765258789
915,184.6,1.1625337600708
916,184.8,3.60066294670105
917,185.0,6.3167200088501
918,185.2,7.09378814697266
919,185.3,3.44500374794006
920,185.5,0.652344703674316
921,185.7,1.99116134643555
922,185.9,3.5276210308075
923,186.1,4.84691858291626
924,186.2,3.5387921333313
925,186.4,2.17922902107239
926,186.7,2.37613558769226
927,186.9,5.62619686126709
928,187.0,3.14632940292358
929,187.2,6.02921676635742
930,187.3,2.02369260787964
931,187.4,2.16768956184387
932,187.7,1.9264669418335
933,187.9,3.19408297538757
934,188.1,4.39172601699829
935,188.2,3.94549465179443
936,188.4,1.11342990398407
937,188.6,1.84016692638397
938,188.8,6.00994348526001
939,189.0,20.5495948791504
940,189.1,11.9614534378052
941,189.2,11.7110242843628
942,189.4,2.67272281646729
943,189.6,0.911858558654785
944,189.8,3.69911623001099
945,190.0,10.0769701004028
946,190.1,8.47557067871094
947,190.3,2.05008602142334
948,190.4,2.27068495750427
949,190.7,3.9547016620636
950,190.9,27.7112693786621
951,191.1,461.399719238281
952,191.2,22.5915794372559
953,191.4,2.44917750358582
954,191.7,2.56579923629761
955,191.9,18.3774852752686
956,192.1,94.6788635253906
957,192.2,13.8118095397949
958,192.3,6.30198860168457
959,192.6,2.3250675201416
960,192.8,12.1629018783569
961,192.9,32.4825668334961
962,193.1,254.285415649414
963,193.2,35.4907913208008
964,193.4,2.38841152191162
965,193.7,2.81622886657715
966,193.9,20.3976192474365
967,194.1,42.5716934204102
968,194.2,12.795973777771
969,194.3,6.75460338592529
970,194.5,0.908175766468048
971,194.7,3.60999274253845
972,194.9,16.1518535614014
973,195.1,28.080530166626
974,195.2,14.4852685928345
975,195.4,1.70648169517517
976,195.6,1.6966609954834
977,195.8,3.41271781921387
978,196.0,7.76319646835327
979,196.1,4.71814393997192
980,196.2,6.82543563842773
981,196.4,1.26712501049042
982,196.6,2.05794262886047
983,196.8,4.98023557662964
984,196.9,6.17309093475342
985,197.1,32.9599800109863
986,197.2,16.9090347290039
987,197.3,7.22931480407715
988,197.6,1.49300265312195
989,197.8,2.7360668182373
990,198.0,6.74527359008789
991,198.2,8.53351306915283
992,198.3,4.1097469329834
993,198.6,1.8374662399292
994,198.8,2.91897869110107
995,198.9,2.35072422027588
996,199.1,5.72219514846802
997,199.2,4.41247224807739
998,199.4,1.3138964176178
999,199.6,1.57561993598938
1000,199.7,1.19175052642822
1001,199.9,5.04370260238647
1002,200.0,3.29302716255188
1003,200.1,6.22931480407715
1004,200.3,3.40056467056274
1005,200.6,2.0046648979187
1006,200.8,3.5077338218689
1007,201.0,5.93972492218018
1008,201.2,5.44647693634033
1009,201.3,3.03474092483521
1010,201.5,0.782101631164551
1011,201.7,2.0139946937561
1012,201.8,1.66707587242126
1013,202.0,6.51031160354614
1014,202.1,4.12828397750854
1015,202.2,6.89651346206665
1016,202.4,1.48121774196625
1017,202.6,1.92241585254669
1018,202.8,5.09047365188599
1019,203.0,12.7582864761353
1020,203.1,12.1929779052734
1021,203.3,4.94537210464478
1022,203.6,1.64853918552399
1023,203.8,3.06285285949707
1024,203.9,3.01915049552917
1025,204.1,7.09513854980469
1026,204.2,4.64424276351929
1027,204.5,2.14694333076477
1028,204.7,2.95826172828674
1029,204.9,10.5680084228516
1030,205.1,17.9219245910645
1031,205.2,6.79143142700195
1032,205.3,5.1935920715332
1033,205.5,1.72133564949036
1034,205.8,3.68647193908691
1035,206.0,7.60692358016968
1036,206.1,6.62251424789429
1037,206.3,1.9993861913681
1038,206.6,0.879327297210693
1039,206.8,7.50724267959595
1040,207.0,195.304321289063
1041,207.1,4899.77197265625
1042,207.3,7.97790336608887
1043,207.6,0.728701174259186
1044,207.8,7.92462539672852
1045,208.0,106.861770629883
1046,208.1,978.707824707031
1047,208.3,7.63503551483154
1048,208.4,2.50454211235046
1049,208.6,0.791922390460968
1050,208.8,9.15443134307861
1051,209.0,118.992881774902
1052,209.1,561.697509765625
1053,209.3,7.90449285507202
1054,209.6,1.25963664054871
1055,209.8,5.22477293014526
1056,210.0,41.8007621765137
1057,210.1,49.8605461120605
1058,210.2,20.7507972717285
1059,210.4,2.50110483169556
1060,210.7,4.09292888641357
1061,210.9,22.9458637237549
1062,211.1,53.0737800598145
1063,211.2,17.1029949188232
1064,211.3,7.65553665161133
1065,211.5,1.38914799690247
1066,211.8,3.96685481071472
1067,212.0,11.3066539764404
1068,212.2,14.7552175521851
1069,212.3,5.64522457122803
1070,212.5,0.925362169742584
1071,212.7,3.1408052444458
1072,212.8,4.39049863815308
1073,213.0,16.6597099304199
1074,213.1,17.6772651672363
1075,213.3,7.3167200088501
1076,213.6,1.37736308574677
1077,213.7,1.03940582275391
1078,213.9,3.93812918663025
1079,214.1,4.61870861053467
1080,214.2,2.34360432624817
1081,214.3,3.21470665931702
1082,214.6,2.39712738990784
1083,214.8,9.795973777771
1084,215.0,23.8438491821289
1085,215.1,22.8267860412598
1086,215.3,4.71519756317139
1087,215.4,2.66118335723877
1088,215.7,2.34225392341614
1089,215.9,5.6330714225769
1090,216.1,7.77289485931396
1091,216.2,5.72182655334473
1092,216.4,1.87932729721069
1093,216.6,0.826295137405396
1094,216.8,4.32838201522827
1095,217.0,7.54677152633667
1096,217.2,7.725754737854
1097,217.3,3.40989446640015
1098,217.6,2.07709312438965
1099,217.8,3.94340777397156
1100,217.9,3.42253875732422
1101,218.1,7.30812644958496
1102,218.2,3.43285036087036
1103,218.3,3.45531558990479
1104,218.6,2.06972742080688
1105,218.8,5.61637592315674
1106,219.0,10.9128408432007
1107,219.2,8.98674201965332
1108,219.3,3.60471391677856
1109,219.6,2.1671986579895
1110,219.8,4.99545812606812
1111,220.0,8.98919677734375
1112,220.1,8.38313293457031
1113,220.3,2.82359433174133
1114,220.6,2.09035110473633
1115,220.7,2.16597104072571
1116,220.9,17.6464519500732
1117,221.1,52.3963890075684
1118,221.2,34.5815124511719
1119,221.4,3.89626812934875
1120,221.7,2.27719116210938
1121,221.8,2.78124237060547
1122,222.0,12.5681314468384
1123,222.1,13.7744903564453
1124,222.3,6.86656045913696
1125,222.6,2.6690399646759
1126,222.8,6.79339551925659
1127,223.0,16.993616104126
1128,223.1,16.4182415008545
1129,223.3,3.58507251739502
1130,223.4,2.59157872200012
1131,223.7,2.03989696502686
1132,223.8,1.66609382629395
1133,224.0,5.73275232315063
1134,224.2,5.46010303497314
1135,224.3,1.870365858078
1136,224.4,2.09501600265503
1137,224.7,3.53584575653076
1138,224.9,12.9279403686523
1139,225.1,22.1155166625977
1140,225.2,14.2731399536133
1141,225.4,2.66302490234375
1142,225.7,1.84814631938934
1143,225.9,4.48821496963501
1144,226.1,6.31843852996826
1145,226.2,6.12791538238525
1146,226.4,1.3297324180603
1147,226.6,1.46255826950073
1148,226.8,3.11122012138367
1149,227.0,6.3204026222229
1150,227.2,6.94942283630371
1151,227.3,3.92069721221924
1152,227.5,1.72465014457703
1153,227.8,2.11293888092041
1154,228.0,3.93162298202515
1155,228.1,2.2496931552887
1156,228.2,4.4109992980957
1157,228.4,1.84299039840698
1158,228.6,0.756567656993866
1159,228.8,3.33771181106567
1160,228.9,2.85649394989014
1161,229.1,5.85538911819458
1162,229.2,5.1107292175293
1163,229.4,2.08261728286743
1164,229.6,0.817210912704468
1165,229.8,2.65455436706543
1166,230.0,4.6919960975647
1167,230.2,5.07230520248413
1168,230.3,3.2326295375824
1169,230.6,1.76970291137695
1170,230.8,2.60250425338745
1171,231.0,4.59648895263672
1172,231.1,2.6473114490509
1173,231.2,3.51755452156067
1174,231.4,1.99165236949921
1175,231.6,0.719248712062836
1176,231.8,1.91885590553284
1177,232.0,3.16412973403931
1178,232.2,3.26540637016296
1179,232.3,1.6095016002655
1180,232.4,1.7273508310318
1181,232.7,2.92180204391479
1182,232.9,7.09477043151855
1183,233.1,10.0019645690918
1184,233.2,6.46918725967407
1185,233.4,1.13736808300018
1186,233.6,1.64767980575562
1187,233.8,2.78320646286011
1188,234.0,4.04628038406372
1189,234.1,2.01141667366028
1190,234.3,3.47839426994324
1191,234.5,2.18340301513672
1192,234.7,3.13675427436829
1193,234.9,8.1076602935791
1194,235.1,9.93002700805664
1195,235.2,4.73262929916382
1196,235.4,1.65774607658386
1197,235.7,1.82555854320526
1198,235.9,4.01841402053833
1199,236.1,5.10189056396484
1200,236.2,3.2685980796814
1201,236.4,1.75472629070282
1202,236.7,2.97986745834351
1203,236.9,6.79327297210693
1204,237.1,8.3374662399292
1205,237.2,3.27314019203186
1206,237.3,2.97078323364258
1207,237.6,1.69101405143738
1208,237.7,0.97164249420166
1209,237.9,2.87466239929199
1210,238.0,3.90829849243164
1211,238.2,1.42769455909729
1212,238.4,2.0623619556427
1213,238.5,0.683525681495667
1214,238.7,1.79523694515228
1215,238.9,3.54861283302307
1216,239.1,4.30849504470825
1217,239.2,1.70144855976105
1218,239.3,2.62067270278931
1219,239.6,1.43039524555206
1220,239.7,0.794132113456726
1221,239.9,2.05794262886047
1222,240.1,2.87147068977356
1223,240.3,2.11330723762512
1224,240.4,1.80174314975739
1225,240.7,1.56334400177002
1226,240.9,2.39430403709412
1227,241.1,3.04910373687744
1228,241.2,1.42769455909729
1229,241.3,2.09685730934143
1230,241.5,0.640314280986786
1231,241.7,1.57242822647095
1232,241.9,2.04861283302307
1233,242.1,2.4488091468811
1234,242.3,2.44021606445313
1235,242.5,1.34642767906189
1236,242.6,0.689786374568939
1237,242.8,2.19089126586914
1238,242.9,1.44340777397156
1239,243.1,2.86508727073669
1240,243.2,2.7438006401062
1241,243.5,1.79302728176117
1242,243.6,0.637613534927368
1243,243.8,2.05917024612427
1244,243.9,1.45543825626373
1245,244.1,3.25018405914307
1246,244.3,3.26258277893066
1247,244.4,1.5983304977417
1248,244.6,0.638963937759399
1249,244.8,2.0300760269165
1250,244.9,1.41333174705505
1251,245.1,3.18070220947266
1252,245.2,1.51804566383362
1253,245.4,1.98637366294861
1254,245.6,1.57242822647095
1255,245.8,2.1954333782196
1256,246.0,3.07218265533447
1257,246.2,2.99054741859436
1258,246.4,2.09992623329163
1259,246.6,1.39835500717163
1260,246.8,2.10643267631531
1261,247.0,2.71851205825806
1262,247.2,3.2986741065979
1263,247.3,1.96795976161957
1264,247.6,1.84630489349365
1265,247.8,3.26295113563538
1266,248.0,4.27203512191772
1267,248.1,4.46108531951904
1268,248.3,2.17972016334534
1269,248.6,2.18831324577332
1270,248.8,8.30309391021729
1271,249.0,42.6649894714355
1272,249.1,25.777681350708
1273,249.3,2.09280633926392
1274,249.4,1.94340777397156
1275,249.7,3.629634141922
1276,249.9,11.5860548019409
1277,250.1,15.9652585983276
1278,250.2,6.28676652908325
1279,250.5,1.83120548725128
1280,250.7,4.07868909835815
1281,250.9,18.052417755127
1282,251.1,31.7089366912842
1283,251.2,8.73164749145508
1284,251.5,1.8427449464798
1285,251.6,1.24011790752411
1286,251.8,6.13528108596802
1287,251.9,5.19518804550171
1288,252.1,11.4896879196167
1289,252.2,5.5046648979187
1290,252.4,0.92487108707428
1291,252.6,1.98453223705292
1292,252.8,6.61306142807007
1293,253.0,13.3876752853394
1294,253.1,11.5277433395386
1295,253.3,3.69874787330627
1296,253.6,1.59084212779999
1297,253.8,2.91934680938721
1298,254.0,4.23152446746826
1299,254.1,2.18671751022339
1300,254.2,3.15344953536987
1301,254.5,1.52258777618408
1302,254.7,2.0747606754303
1303,254.9,4.38632440567017
1304,255.1,4.59194707870483
1305,255.3,3.58630013465881
1306,255.4,1.37331199645996
1307,255.7,1.53866922855377
1308,255.9,2.17198634147644
1309,256.1,2.6765284538269
1310,256.2,2.36962938308716
1311,256.5,1.70243060588837
1312,256.6,0.679965615272522
1313,256.8,2.11428928375244
1314,256.9,1.45126438140869
1315,257.1,2.76479244232178
1316,257.2,1.39835500717163
1317,257.3,1.74011790752411
1318,257.6,1.34139454364777
1319,257.8,1.67333662509918
1320,257.9,1.09710288047791
1321,258.1,2.08568620681763
1322,258.2,1.20746374130249
1323,258.3,1.96660935878754
1324,258.5,0.700098216533661
1325,258.7,1.46415424346924
1326,258.8,0.899091601371765
1327,259.0,2.60201334953308
1328,259.2,2.87527632713318
1329,259.3,1.00245523452759
1330,259.5,1.82298064231873
1331,259.6,0.603363633155823
1332,259.8,1.54137003421783
1333,259.9,0.831328272819519
1334,260.1,2.25509452819824
1335,260.2,0.856248438358307
1336,260.4,1.99324822425842
1337,260.6,1.8039528131485
1338,260.7,0.875644505023956
1339,260.9,1.99116134643555
1340,261.0,1.41848754882813
1341,261.2,2.4233980178833
1342,261.3,0.95863002538681
1343,261.5,1.45482444763184
1344,261.7,1.48465502262115
1345,261.8,0.76393324136734
1346,262.0,2.10802841186523
1347,262.2,1.81426465511322
1348,262.3,1.40351092815399
1349,262.6,1.52467465400696
1350,262.8,2.2996563911438
1351,263.0,3.18377113342285
1352,263.2,2.80051565170288
1353,263.3,1.71397006511688
1354,263.6,1.50392830371857
1355,263.8,1.82261228561401
1356,264.0,2.29474592208862
1357,264.2,1.93898844718933
1358,264.3,1.68524432182312
1359,264.6,1.90400195121765
1360,264.7,2.53191757202148
1361,264.9,14.812668800354
1362,265.1,57.4486846923828
1363,265.2,13.6466979980469
1364,265.4,1.72857844829559
1365,265.6,0.948318183422089
1366,265.8,3.84372687339783
1367,266.0,12.4802360534668
1368,266.1,11.0432109832764
1369,266.3,1.74109995365143
1370,266.4,2.03179478645325
1371,266.7,5.60495948791504
1372,266.9,37.5369491577148
1373,267.1,127.361038208008
1374,267.2,24.4969310760498
1375,267.4,2.36840176582336
1376,267.7,3.48661923408508
1377,267.8,5.18389415740967
1378,268.0,24.7839431762695
1379,268.1,20.9580154418945
1380,268.3,3.34421801567078
1381,268.4,2.11036086082458
1382,268.6,1.01841390132904
1383,268.8,8.25006103515625
1384,268.9,9.24060916900635
1385,269.1,25.3069000244141
1386,269.2,11.0098209381104
1387,269.4,2.1737048625946
1388,269.7,2.21458387374878
1389,269.9,5.10348653793335
1390,270.1,6.91824197769165
1391,270.2,5.30297088623047
1392,270.5,2.70746374130249
1393,270.7,3.95617485046387
1394,270.8,3.98846054077148
1395,271.0,13.5536460876465
1396,271.1,12.0087156295776
1397,271.3,3.87122511863708
1398,271.5,0.74171370267868
1399,271.7,1.97299289703369
1400,271.9,3.80235695838928
1401,272.1,4.49337100982666
1402,272.2,1.80468940734863
1403,272.3,2.20402646064758
1404,272.5,0.691013991832733
1405,272.7,2.27854156494141
1406,272.8,1.9227842092514
1407,273.0,5.07218265533447
1408,273.1,4.32936429977417
1409,273.3,1.19052290916443
1410,273.5,1.62312793731689
1411,273.7,1.46538174152374
1412,273.8,1.09906697273254
1413,274.0,2.21409273147583
1414,274.2,2.51338076591492
1415,274.3,0.986987471580505
1416,274.5,1.83636140823364
1417,274.7,2.21126937866211
1418,274.9,3.44549465179443
1419,275.0,2.29830598831177
1420,275.2,3.47544813156128
1421,275.3,2.06592202186584
1422,275.6,1.38693833351135
1423,275.7,1.64817082881927
1424,276.0,2.02320146560669
1425,276.1,1.21838939189911
1426,276.2,1.92487108707428
1427,276.4,1.47422051429749
1428,276.7,1.91652345657349
1429,276.8,1.29634177684784
1430,277.0,2.78345203399658
1431,277.2,2.97544813156128
1432,277.4,1.93260490894318
1433,277.5,0.577215790748596
1434,277.7,1.21716177463531
1435,277.9,1.71298801898956
1436,278.1,1.88767492771149
1437,278.3,1.98711025714874
1438,278.5,1.37294375896454
1439,278.6,0.878713488578796
1440,278.8,2.65885090827942
1441,279.0,3.77449059486389
1442,279.1,2.21126937866211
1443,279.2,3.20991897583008
1444,279.4,1.54087901115417
1445,279.7,1.35121536254883
1446,279.9,2.07390141487122
1447,280.1,2.54775357246399
1448,280.3,1.67603731155396
1449,280.4,0.444021612405777
1450,280.6,1.28234720230103
1451,280.8,11.2875032424927
1452,281.0,159.818313598633
1453,281.1,931.579650878906
1454,281.3,12.7248954772949
1455,281.5,0.56334400177002
1456,281.7,2.37404870986938
1457,281.9,24.8936901092529
1458,282.0,54.9545783996582
1459,282.1,237.277557373047
1460,282.3,7.62730169296265
1461,282.4,3.13147568702698
1462,282.7,3.35182905197144
1463,282.9,22.8821506500244
1464,283.0,44.1687927246094
1465,283.1,153.251419067383
1466,283.3,10.462926864624
1467,283.6,1.55254113674164
1468,283.8,4.27608633041382
1469,284.0,18.8889026641846
1470,284.1,26.9051074981689
1471,284.3,4.80260229110718
1472,284.6,2.31451010704041
1473,284.8,9.0621166229248
1474,285.0,27.115026473999
1475,285.1,28.9296588897705
1476,285.3,5.53204011917114
1477,285.4,2.43223667144775
1478,285.7,2.19089126586914
1479,285.9,5.75030708312988
1480,286.0,3.84888291358948
1481,286.2,7.23312044143677
1482,286.3,3.31119561195374
1483,286.5,1.58384478092194
1484,286.7,1.50736558437347
1485,286.9,5.56616735458374
1486,287.1,7.98612833023071
1487,287.2,6.78578424453735
1488,287.4,1.78271543979645
1489,287.7,1.52958512306213
1490,287.8,1.10704636573792
1491,288.0,2.52209663391113
1492,288.2,2.94782710075378
1493,288.3,1.20292162895203
1494,288.5,1.70046651363373
1495,288.7,3.24441432952881
1496,288.8,3.39774131774902
1497,289.0,10.9555606842041
1498,289.1,5.92155647277832
1499,289.2,6.51890516281128
1500,289.5,1.70611345767975
1501,289.6,0.77952367067337
1502,289.8,2.34372687339783
1503,290.0,3.59894418716431
1504,290.1,2.11502575874329
1505,290.3,2.62828373908997
1506,290.5,1.60115396976471
1507,290.6,0.700712025165558
1508,290.8,2.14375162124634
1509,290.9,1.36778783798218
1510,291.1,3.20230793952942
1511,291.3,2.57390141487122
1512,291.4,0.779155433177948
1513,291.5,1.21888041496277
1514,291.8,1.48858332633972
1515,292.0,1.82212126255035
1516,292.2,1.79511415958405
1517,292.4,1.62214589118958
1518,292.5,0.84949666261673
1519,292.7,3.78148794174194
1520,292.8,5.65639591217041
1521,293.0,18.2458877563477
1522,293.1,9.16744422912598
1523,293.2,7.08924627304077
1524,293.5,1.65934205055237
1525,293.7,1.98674190044403
1526,293.9,4.13208913803101
1527,294.1,5.10815143585205
1528,294.2,2.39454936981201
1529,294.3,1.87085688114166
1530,294.5,0.796341776847839
1531,294.7,2.87134790420532
1532,294.9,8.60189056396484
1533,295.0,6.49975442886353
1534,295.2,12.2738771438599
1535,295.3,5.15700960159302
1536,295.5,0.84642767906189
1537,295.7,1.81905233860016
1538,295.8,1.50380551815033
1539,296.0,4.24871110916138
1540,296.2,4.37969541549683
1541,296.3,2.4317455291748
1542,296.5,0.878222465515137
1543,296.7,3.92744898796082
1544,296.9,8.85317993164063
1545,297.1,10.6334400177002
1546,297.2,5.97508001327515
1547,297.4,1.63884115219116
1548,297.6,0.666216552257538
1549,297.8,2.41554141044617
1550,298.0,3.27645468711853
1551,298.1,1.67112696170807
1552,298.2,2.46574997901917
1553,298.5,1.43862020969391
1554,298.7,2.60618710517883
1555,298.8,2.91652345657349
1556,299.0,10.4188556671143
1557,299.1,5.59538412094116
1558,299.2,8.34004402160645
1559,299.4,2.14424252510071
1560,299.7,1.39970541000366
1561,299.9,2.790940284729
1562,300.1,4.2183895111084
1563,300.3,2.89467215538025
1564,300.4,1.01043462753296
1565,300.6,1.40203785896301
1566,300.8,2.26540637016296
1567,300.9,1.40044188499451
1568,301.1,3.13749074935913
1569,301.2,2.61183404922485
1570,301.4,1.22894668579102
1571,301.7,1.25570833683014
1572,301.8,0.745028257369995
1573,302.0,1.77719128131866
1574,302.2,1.87601280212402
1575,302.4,1.52246499061584
1576,302.6,1.02025532722473
1577,302.7,0.710532784461975
1578,302.9,1.94353055953979
1579,303.1,2.34790086746216
1580,303.2,1.03793275356293
1581,303.4,1.85133802890778
1582,303.5,0.392094284296036
1583,303.7,1.3262951374054
1584,303.9,1.50675177574158
1585,304.1,1.61330711841583
1586,304.3,1.60581874847412
1587,304.5,1.38472867012024
1588,304.7,1.50883865356445
1589,304.9,1.84605944156647
1590,305.1,1.81365084648132
1591,305.2,0.957893431186676
1592,305.4,1.60397744178772
1593,305.6,0.826786160469055
1594,305.8,1.22968327999115
1595,306.0,1.76258289813995
1596,306.2,1.92818558216095
1597,306.4,1.29339551925659
1598,306.6,1.38129138946533
1599,306.8,1.63871836662292
1600,307.0,2.76810693740845
1601,307.2,2.42266154289246
1602,307.4,1.86140441894531
1603,307.6,1.21654796600342
1604,307.8,1.05524182319641
1605,307.9,1.71446108818054
1606,308.1,0.844954550266266
1607,308.3,1.66854894161224
1608,308.4,0.744782686233521
1609,308.6,1.20414924621582
1610,308.8,1.73397982120514
1611,308.9,1.3740485906601
1612,309.1,2.28197884559631
1613,309.3,2.00969791412354
1614,309.4,0.551068007946014
1615,309.6,1.09292900562286
1616,309.8,1.44500362873077
1617,309.9,0.854652583599091
1618,310.1,2.05622386932373
1619,310.2,0.984655022621155
1620,310.4,1.02344703674316
1621,310.6,1.25804078578949
1622,310.8,2.53854656219482
1623,310.9,1.94451260566711
1624,311.1,3.43837475776672
1625,311.2,2.73459362983704
1626,311.5,1.25128901004791
1627,311.7,1.34912836551666
1628,311.8,0.796832799911499
1629,311.9,2.03277683258057
1630,312.2,2.08274006843567
1631,312.4,1.42769455909729
1632,312.6,1.25178003311157
1633,312.8,2.15406322479248
1634,313.0,3.06297564506531
1635,313.2,3.223299741745
1636,313.3,1.85894918441772
1637,313.5,0.527375400066376
1638,313.7,1.32678616046906
1639,313.9,1.6861035823822
1640,314.1,1.61600780487061
1641,314.2,0.774613320827484
1642,314.3,1.34974217414856
1643,314.5,0.617112696170807
1644,314.7,1.3250675201416
1645,314.9,1.6259514093399
1646,315.1,1.78111958503723
1647,315.2,1.49116134643555
1648,315.5,1.37453961372375
1649,315.7,1.07230544090271
1650,315.8,0.597839415073395
1651,316.0,1.50785660743713
1652,316.2,1.51976430416107
1653,316.3,0.639823198318481
1654,316.5,1.33120548725128
1655,316.6,0.527620911598206
1656,316.8,1.44807267189026
1657,316.9,0.516572535037994
1658,317.1,1.37294375896454
1659,317.2,1.41063094139099
1660,317.5,0.941566407680511
1661,317.7,1.18426215648651
1662,317.9,1.43591952323914
1663,318.0,0.658728182315826
1664,318.2,1.47937643527985
1665,318.4,1.18794500827789
1666,318.6,1.08335375785828
1667,318.7,0.683893918991089
1668,318.9,1.63785910606384
1669,319.0,0.703658223152161
1670,319.2,1.70243060588837
1671,319.3,0.77645468711853
1672,319.5,1.25546276569366
1673,319.7,1.36643755435944
1674,319.8,0.581021368503571
1675,320.0,1.14375150203705
1676,320.1,0.559906721115112
1677,320.3,1.32997786998749
1678,320.5,1.29167687892914
1679,320.6,0.514362871646881
1680,320.8,1.17186343669891
1681,321.0,1.5725508928299
1682,321.2,1.43370974063873
1683,321.4,1.27657747268677
1684,321.5,0.573041975498199
1685,321.7,1.17886078357697
1686,321.9,1.32457649707794
1687,322.0,0.675669014453888
1688,322.2,1.35109257698059
1689,322.4,1.25435793399811
1690,322.6,1.4835501909256
1691,322.8,2.10974717140198
1692,323.0,3.66376137733459
1693,323.1,3.47471141815186
1694,323.3,1.9227842092514
1695,323.5,0.600417375564575
1696,323.7,1.11220228672028
1697,323.8,0.898232281208038
1698,324.0,2.22612333297729
1699,324.1,1.94340777397156
1700,324.3,1.33562481403351
1701,324.5,0.650012254714966
1702,324.7,3.52086925506592
1703,324.9,11.2172842025757
1704,325.1,19.0887546539307
1705,325.2,7.25104331970215
1706,325.4,1.42830836772919
1707,325.7,2.30996799468994
1708,325.9,4.47078323364258
1709,326.1,6.34765529632568
1710,326.2,3.51546764373779
1711,326.5,1.90486133098602
1712,326.6,1.86496436595917
1713,326.8,10.8471641540527
1714,327.0,30.5944023132324
1715,327.1,22.4343242645264
1716,327.3,3.77117609977722
1717,327.4,2.24748349189758
1718,327.6,0.999140679836273
1719,327.8,4.95494699478149
1720,327.9,4.63847303390503
1721,328.1,9.30162048339844
1722,328.2,4.72636890411377
1723,328.4,0.893935680389404
1724,328.6,1.75079798698425
1725,328.8,4.76675653457642
1726,329.0,7.06383514404297
1727,329.1,6.27203512191772
1728,329.3,2.50540137290955
1729,329.6,1.26933467388153
1730,329.7,1.10446846485138
1731,329.9,2.63994598388672
1732,330.0,1.12546038627625
1733,330.1,2.06358957290649
1734,330.3,0.863859534263611
1735,330.5,1.26466977596283
1736,330.7,1.74036335945129
1737,330.9,3.11097478866577
1738,331.1,3.5452983379364
1739,331.3,2.61171126365662
1740,331.4,0.741222679615021
1741,331.6,1.10274982452393
1742,331.8,1.56223917007446
1743,332.0,1.9481954574585
1744,332.2,1.44316232204437
1745,332.4,1.36594653129578
1746,332.5,0.561748087406158
1747,332.7,1.46219003200531
1748,332.9,1.80788111686707
1749,333.1,1.69837951660156
1750,333.2,0.748956561088562
1751,333.4,1.26552903652191
1752,333.5,0.562116384506226
1753,333.7,1.13380801677704
1754,333.8,0.728578448295593
1755,334.0,1.3945494890213
1756,334.1,0.648293614387512
1757,334.3,1.5806530714035
1758,334.4,0.550208687782288
1759,334.6,1.21900320053101
1760,334.8,1.50343728065491
1761,335.0,1.70537686347961
1762,335.2,1.58396756649017
1763,335.3,1.0471396446228
1764,335.5,0.498281359672546
1765,335.7,0.942794024944305
1766,335.9,1.57770681381226
1767,336.1,1.08200347423553
1768,336.3,1.29941070079803
1769,336.5,1.1259514093399
1770,336.6,0.480235695838928
1771,336.8,1.3421311378479
1772,337.0,1.42376625537872
1773,337.1,1.53952860832214
1774,337.3,1.10839676856995
1775,337.6,1.22305428981781
1776,337.8,1.1820524930954
1777,337.9,0.562852919101715
1778,338.1,1.43260490894318
1779,338.3,1.16412961483002
1780,338.5,1.32727718353271
1781,338.6,0.72612327337265
1782,338.8,2.42167925834656
1783,338.9,2.47078323364258
1784,339.1,6.78762578964233
1785,339.2,3.83857107162476
1786,339.4,1.49423027038574
1787,339.7,1.62067270278931
1788,339.9,2.24232745170593
1789,340.1,2.93137741088867
1790,340.3,2.18757677078247
1791,340.5,1.54112446308136
1792,340.7,5.45433330535889
1793,340.8,8.81131839752197
1794,341.0,57.4097709655762
1795,341.1,43.0893707275391
1796,341.2,23.4680824279785
1797,341.4,3.24343228340149
1798,341.7,3.04554390907288
1799,341.9,11.7827157974243
1800,342.1,24.961576461792
1801,342.2,10.048490524292
1802,342.4,2.29314994812012
1803,342.7,3.19506502151489
1804,342.9,10.0478763580322
1805,343.0,8.91566371917725
1806,343.1,15.5256567001343
1807,343.3,4.23668050765991
1808,343.6,1.41971516609192
1809,343.7,1.11195683479309
1810,343.9,3.44966864585876
1811,344.1,4.80628538131714
1812,344.2,3.56015229225159
1813,344.5,1.72035360336304
1814,344.6,1.16093790531158
1815,344.8,4.54382514953613
1816,345.0,8.29462337493896
1817,345.1,7.97372961044312
1818,345.3,2.20672726631165
1819,345.5,1.49742209911346
1820,345.7,1.65308129787445
1821,345.9,2.69555616378784
1822,346.0,1.73177015781403
1823,346.2,3.38644742965698
1824,346.4,1.97299289703369
1825,346.6,1.59538424015045
1826,346.8,2.04443907737732
1827,347.0,2.8939356803894
1828,347.2,2.97495698928833
1829,347.3,1.6166216135025
1830,347.5,0.579302728176117
1831,347.6,1.04934942722321
1832,347.8,0.647066056728363
1833,348.0,1.56101155281067
1834,348.2,1.54247486591339
1835,348.3,0.646697759628296
1836,348.5,1.03277683258057
1837,348.7,2.17247724533081
1838,348.8,1.65160810947418
1839,349.0,3.91087651252747
1840,349.1,3.75386691093445
1841,349.3,1.66425240039825
1842,349.6,1.11981344223022
1843,349.8,1.50392830371857
1844,350.0,1.90707099437714
1845,350.1,1.90559780597687
1846,350.4,1.34876012802124
1847,350.6,1.23496198654175
1848,350.8,1.9357967376709
1849,351.0,2.19727468490601
1850,351.1,1.12484657764435
1851,351.2,1.72072184085846
1852,351.5,1.27559542655945
1853,351.6,0.645838439464569
1854,351.8,1.25411248207092
1855,352.0,1.31352806091309
1856,352.1,0.702553391456604
1857,352.3,1.20390379428864
1858,352.5,1.09722566604614
1859,352.6,0.640068769454956
1860,352.8,1.38227355480194
1861,353.0,2.10655546188354
1862,353.2,2.37760853767395
1863,353.3,1.44095265865326
1864,353.6,1.19040024280548
1865,353.7,0.53191751241684
1866,353.9,1.35563468933105
1867,354.0,0.809477031230927
1868,354.2,1.48539161682129
1869,354.3,0.577461302280426
1870,354.5,1.20390379428864
1871,354.6,1.11613059043884
1872,354.8,9.73925876617432
1873,355.0,50.1606941223145
1874,355.1,112.312301635742
1875,355.3,12.3679103851318
1876,355.4,4.5595383644104
1877,355.7,2.61232495307922
1878,355.9,11.7861528396606
1879,356.0,12.6219005584717
1880,356.1,37.4998779296875
1881,356.3,8.63724517822266
1882,356.5,1.115394115448
1883,356.7,2.59157872200012
1884,356.9,9.31291389465332
1885,357.1,26.2547264099121
1886,357.2,15.48011302948
1887,357.4,3.01804566383362
1888,357.7,1.5890007019043
1889,357.8,1.46685492992401
1890,358.0,5.72219514846802
1891,358.1,5.62607431411743
1892,358.3,2.91443657875061
1893,358.5,0.64203292131424
1894,358.7,2.23115634918213
1895,358.9,6.02136039733887
1896,359.1,10.0630989074707
1897,359.2,7.44930028915405
1898,359.4,2.02332425117493
1899,359.7,1.31512403488159
1900,359.9,3.08826422691345
1901,360.0,1.56727230548859
1902,360.2,3.60839676856995
1903,360.3,2.37466239929199
1904,360.5,1.2326295375824
1905,360.8,1.77240359783173
1906,361.0,2.50036835670471
1907,361.1,1.37736308574677
1908,361.3,2.53744173049927
1909,361.4,1.29806041717529
1910,361.7,1.46304929256439
1911,361.8,0.8456911444664
1912,362.0,1.59783947467804
1913,362.1,0.891726016998291
1914,362.3,1.36656022071838
1915,362.5,1.29486858844757
1916,362.7,1.57967102527618
1917,362.9,3.04664874076843
1918,363.1,3.39884614944458
1919,363.2,2.68352556228638
1920,363.4,0.714092791080475
1921,363.6,1.17505526542664
1922,363.8,1.31880676746368
1923,364.0,1.69629263877869
1924,364.2,1.7856616973877
1925,364.3,1.36913824081421
1926,364.5,0.997913062572479
1927,364.8,1.25914561748505
1928,365.0,1.60213601589203
1929,365.2,1.54308867454529
1930,365.3,1.35268843173981
1931,365.5,0.970169425010681
1932,365.8,1.01129388809204
1933,366.0,1.27338576316833
1934,366.2,1.33439719676971
1935,366.4,1.22305428981781
1936,366.5,0.583599328994751
1937,366.7,1.82408547401428
1938,366.8,1.76074147224426
1939,367.0,3.76540637016296
1940,367.1,3.80100655555725
1941,367.3,1.75754976272583
1942,367.6,0.979990184307098
1943,367.8,1.71875762939453
1944,368.0,2.0328996181488
1945,368.2,1.87908172607422
1946,368.3,0.747728943824768
1947,368.5,1.29486858844757
1948,368.6,0.746133089065552
1949,368.8,2.40842127799988
1950,369.0,4.6444878578186
1951,369.1,2.66695308685303
1952,369.3,3.90878963470459
1953,369.4,1.81536948680878
1954,369.7,1.53609132766724
1955,369.9,2.09452486038208
1956,370.1,2.48784685134888
1957,370.2,1.02320158481598
1958,370.4,1.98440957069397
1959,370.5,1.35133802890778
1960,370.8,1.81610608100891
1961,371.0,2.47115159034729
1962,371.2,2.43972492218018
1963,371.3,1.81991159915924
1964,371.5,0.510925590991974
1965,371.7,1.06567645072937
1966,371.9,1.44438993930817
1967,372.1,1.45973479747772
1968,372.2,0.820279896259308
1969,372.4,1.37564444541931
1970,372.6,1.11883127689362
1971,372.8,1.79474592208862
1972,373.0,3.45089626312256
1973,373.1,3.16228818893433
1974,373.3,2.39945983886719
1975,373.5,0.641541838645935
1976,373.7,1.27780508995056
1977,373.9,1.64019155502319
1978,374.1,1.75570833683014
1979,374.2,0.633930742740631
1980,374.3,1.25178003311157
1981,374.5,0.607660174369812
1982,374.7,1.02393817901611
1983,374.8,0.58765035867691
1984,375.0,1.29327273368835
1985,375.2,1.67210900783539
1986,375.4,1.16412961483002
1987,375.6,0.915295839309692
1988,375.8,1.23115634918213
1989,376.0,1.11527132987976
1990,376.1,0.731279134750366
1991,376.2,1.28308367729187
1992,376.5,1.03142642974854
1993,376.6,0.449054747819901
1994,376.8,1.17358207702637
1995,377.0,1.26921188831329
1996,377.2,1.18352568149567
1997,377.3,0.663884103298187
1998,377.5,0.917751014232635
1999,377.6,0.520378112792969
2000,377.7,1.28602993488312
2001,378.0,1.12828385829926
2002,378.1,0.545789361000061
2003,378.3,1.21605694293976
2004,378.4,1.18156147003174
2005,378.6,1.09391117095947
2006,378.9,1.03768718242645
2007,379.1,1.16793513298035
2008,379.3,1.1001718044281
2009,379.4,0.516204297542572
2010,379.6,1.11981344223022
2011,379.7,0.518291175365448
2012,379.9,1.13528108596802
2013,380.0,0.588386952877045
2014,380.1,0.932727694511414
2015,380.3,1.11637616157532
2016,380.6,0.862018167972565
2017,380.8,1.19739747047424
2018,381.0,1.37208449840546
2019,381.2,1.39565432071686
2020,381.3,1.09562981128693
2021,381.6,0.931254625320435
2022,381.7,0.501964151859283
2023,381.9,1.21937143802643
2024,382.0,0.667075872421265
2025,382.2,0.96550452709198
2026,382.4,0.8898845911026
2027,382.6,1.28210163116455
2028,382.7,0.87429416179657
2029,382.9,2.26344227790833
2030,383.1,2.43800640106201
2031,383.2,1.79351830482483
2032,383.4,1.16118335723877
2033,383.7,1.30665361881256
2034,383.9,1.50257790088654
2035,384.1,1.69862508773804
2036,384.2,0.785661697387695
2037,384.3,1.1383501291275
2038,384.5,0.477780491113663
2039,384.7,1.92032897472382
2040,384.9,3.3827645778656
2041,385.0,2.03326797485352
2042,385.1,3.26565194129944
2043,385.3,1.74367785453796
2044,385.5,0.50896143913269
2045,385.7,1.37589001655579
2046,385.8,1.02442920207977
2047,386.0,2.11600780487061
2048,386.1,1.88227355480194
2049,386.4,1.36754238605499
2050,386.6,1.44733607769012
2051,386.7,1.0477534532547
2052,386.9,2.94132089614868
2053,387.1,3.72072172164917
2054,387.3,2.62951135635376
2055,387.4,1.21139204502106
2056,387.7,1.1060643196106
2057,387.9,1.68843603134155
2058,388.1,2.01632714271545
2059,388.3,1.56150257587433
2060,388.4,1.36115884780884
2061,388.6,0.705622375011444
2062,388.8,1.44451260566711
2063,389.0,2.05634665489197
2064,389.2,1.81991159915924
2065,389.3,1.29990184307098
2066,389.5,0.458016216754913
2067,389.7,0.977535009384155
2068,389.9,1.07463788986206
2069,390.0,0.839675903320313
2070,390.2,1.34311318397522
2071,390.4,1.12374174594879
2072,390.5,1.12079548835754
2073,390.8,1.12104105949402
2074,390.9,1.19629263877869
2075,391.2,1.12361896038055
2076,391.4,1.19334638118744
2077,391.6,0.907193720340729
2078,391.7,0.433587044477463
2079,391.9,1.05045425891876
2080,392.0,1.29278171062469
2081,392.2,0.5812668800354
2082,392.4,0.931868374347687
2083,392.5,0.571691632270813
2084,392.7,1.08580899238586
2085,392.9,1.11625337600708
2086,393.0,0.916646182537079
2087,393.3,1.36201822757721
2088,393.4,0.441689163446426
2089,393.6,1.05119073390961
2090,393.8,0.944267153739929
2091,394.0,1.22109007835388
2092,394.1,1.13356244564056
2093,394.4,1.27228093147278
2094,394.6,0.88325560092926
2095,394.8,1.0229560136795
2096,394.9,0.572919249534607
2097,395.1,1.02050089836121
2098,395.3,0.971888065338135
2099,395.4,0.66351580619812
2100,395.6,0.844709038734436
2101,395.8,0.965627312660217
2102,396.0,0.935305655002594
2103,396.2,1.04799902439117
2104,396.3,1.00797939300537
2105,396.6,1.05205011367798
2106,396.8,1.1820524930954
2107,396.9,0.456665843725204
2108,397.1,1.53891479969025
2109,397.2,1.13417625427246
2110,397.5,1.04922664165497
2111,397.6,0.425975948572159
2112,397.8,0.98772406578064
2113,397.9,0.501841366291046
2114,398.1,1.01632702350616
2115,398.3,1.04799902439117
2116,398.5,1.15467715263367
2117,398.6,0.812668800354004
2118,398.8,2.41725993156433
2119,399.0,4.89123487472534
2120,399.2,4.06935930252075
2121,399.3,1.95887553691864
2122,399.6,1.19346916675568
2123,399.8,1.71188318729401
2124,400.0,2.39761853218079
2125,400.2,2.41173577308655
2126,400.3,0.820648193359375
2127,400.5,1.40301990509033
2128,400.7,4.41959238052368
2129,400.9,11.9959487915039
2130,401.1,17.8169651031494
2131,401.2,5.99705362319946
2132,401.3,4.3762583732605
2133,401.5,0.805794239044189
2134,401.7,2.38571071624756
2135,401.8,2.74109983444214
2136,402.0,6.19911623001099
2137,402.1,3.25398969650269
2138,402.2,4.04259777069092
2139,402.4,1.74957036972046
2140,402.7,2.24601030349731
2141,402.8,2.06248474121094
2142,403.0,4.97888517379761
2143,403.1,4.98084926605225
2144,403.3,1.43076360225677
2145,403.4,1.42511665821075
2146,403.7,1.26356494426727
2147,403.9,2.33685255050659
2148,404.1,2.34053516387939
2149,404.2,1.83636140823364
2150,404.4,1.14411985874176
2151,404.7,1.4876012802124
2152,404.8,1.00957524776459
2153,405.0,3.17235445976257
2154,405.2,2.90265154838562
2155,405.3,1.59354281425476
2156,405.6,0.947458863258362
2157,405.8,1.33525657653809
2158,405.9,0.742818534374237
2159,406.0,1.62828385829926
2160,406.2,1.42671251296997
2161,406.4,0.773017406463623
2162,406.6,1.10274982452393
2163,406.8,1.49963176250458
2164,407.0,1.36533272266388
2165,407.1,1.5006138086319
2166,407.4,1.01718640327454
2167,407.6,0.963049352169037
2168,407.7,0.40301987528801
2169,407.9,1.3650871515274
2170,408.0,0.514362871646881
2171,408.2,1.11097466945648
2172,408.4,1.0601521730423
2173,408.5,0.450527876615524
2174,408.7,1.40044188499451
2175,408.8,0.649766743183136
2176,408.9,1.33513379096985
2177,409.2,1.43407809734344
2178,409.3,0.625214815139771
2179,409.5,1.00024557113647
2180,409.7,1.04235208034515
2181,409.9,1.08470416069031
2182,410.1,1.14731156826019
2183,410.3,1.17701935768127
2184,410.4,0.571814358234406
2185,410.5,0.866191983222961
2186,410.7,0.531303703784943
2187,410.9,1.20746374130249
2188,411.1,1.1743186712265
2189,411.3,1.07328748703003
2190,411.5,0.812914311885834
2191,411.6,0.715688705444336
2192,411.9,0.983795702457428
2193,412.1,0.970660448074341
2194,412.2,0.403388172388077
2195,412.4,0.955315470695496
2196,412.6,0.917382776737213
2197,412.7,0.559538424015045
2198,412.9,1.5735330581665
2199,413.1,1.86680579185486
2200,413.2,1.61576235294342
2201,413.4,1.13147556781769
2202,413.7,0.949791312217712
2203,413.9,1.42069733142853
2204,414.1,1.41787385940552
2205,414.3,1.39160323143005
2206,414.5,1.14473366737366
2207,414.6,0.84262216091156
2208,414.8,5.78713464736938
2209,415.0,17.1989936828613
2210,415.1,23.2466239929199
2211,415.3,5.83095979690552
2212,415.4,3.33218765258789
2213,415.7,2.04615759849548
2214,415.9,5.27584075927734
2215,416.1,9.66142845153809
2216,416.2,6.77670001983643
2217,416.4,2.07549715042114
2218,416.7,1.88411486148834
2219,416.9,4.85023307800293
2220,417.0,3.54296588897705
2221,417.2,7.40756177902222
2222,417.3,3.978271484375
2223,417.5,0.865209937095642
2224,417.7,0.984409511089325
2225,417.8,0.95322859287262
2226,418.0,2.43407797813416
2227,418.2,2.4562976360321
2228,418.3,1.87306654453278
2229,418.5,1.1795973777771
2230,418.8,1.55561006069183
2231,418.9,1.19273257255554
2232,419.1,2.46452236175537
2233,419.2,1.50859320163727
2234,419.3,2.0707094669342
2235,419.5,0.50589245557785
2236,419.7,0.950527846813202
2237,419.8,0.537687182426453
2238,420.0,1.49361646175385
2239,420.2,1.52160573005676
2240,420.3,0.640314280986786
2241,420.4,1.15934205055237
2242,420.7,1.0123987197876
2243,420.9,1.40559780597687
2244,421.0,1.24048614501953
2245,421.2,1.46697771549225
2246,421.4,1.02000987529755
2247,421.6,0.488951623439789
2248,421.8,0.85207462310791
2249,421.9,1.05131351947784
2250,422.2,1.19936168193817
2251,422.3,0.991775095462799
2252,422.6,0.845568358898163
2253,422.8,1.17603731155396
2254,423.0,1.43653321266174
2255,423.2,1.22600054740906
2256,423.3,0.625951409339905
2257,423.5,0.887552201747894
2258,423.6,0.580407559871674
2259,423.8,1.04038786888123
2260,424.0,0.990670263767242
2261,424.2,1.05266392230988
2262,424.3,0.397618472576141
2263,424.5,0.958384454250336
2264,424.7,0.864473342895508
2265,424.9,0.941811919212341
2266,425.1,1.23213851451874
2267,425.2,0.986373662948608
2268,425.4,0.508224904537201
2269,425.6,1.03744173049927
2270,425.8,1.19015467166901
2271,425.9,0.459489315748215
2272,426.1,1.18070220947266
2273,426.3,1.29192245006561
2274,426.4,0.92388904094696
2275,426.7,1.2360668182373
2276,426.9,1.11146569252014
2277,427.1,1.40081024169922
2278,427.2,1.34912836551666
2279,427.4,0.512030422687531
2280,427.6,0.671004176139832
2281,427.7,0.561748087406158
2282,427.9,1.13687694072723
2283,428.1,0.969432830810547
2284,428.2,0.789221704006195
2285,428.4,1.02872574329376
2286,428.6,1.53547751903534
2287,428.7,1.28246986865997
2288,428.9,7.95740222930908
2289,429.1,21.2396259307861
2290,429.2,15.5799169540405
2291,429.4,3.29314994812012
2292,429.7,1.6861035823822
2293,429.9,3.93874287605286
2294,430.1,9.02811241149902
2295,430.2,7.51301240921021
2296,430.4,1.33206486701965
2297,430.5,1.48588263988495
2298,430.8,2.3939356803894
2299,431.0,5.3582124710083
2300,431.2,7.19162797927856
2301,431.3,3.62337350845337
2302,431.5,1.28553891181946
2303,431.8,1.38092315196991
2304,432.0,2.26160073280334
2305,432.1,1.36484169960022
2306,432.3,2.87282109260559
2307,432.4,0.716302454471588
2308,432.6,1.18278908729553
2309,432.8,1.64338326454163
2310,432.9,1.39062118530273
2311,433.1,3.10176777839661
2312,433.2,1.44586300849915
2313,433.3,2.36201810836792
2314,433.5,0.671863496303558
2315,433.7,1.13859558105469
2316,433.9,1.564817070961
2317,434.0,0.676896631717682
2318,434.2,1.68904983997345
2319,434.3,1.46219003200531
2320,434.6,0.937638103961945
2321,434.8,1.14792537689209
2322,435.0,1.45384240150452
2323,435.2,1.26172351837158
2324,435.3,1.27031672000885
2325,435.6,1.08372211456299
2326,435.8,1.20635890960693
2327,436.0,1.22501838207245
2328,436.2,1.15983307361603
2329,436.4,0.988828897476196
2330,436.5,0.407807499170303
2331,436.7,0.966609358787537
2332,436.9,1.32838201522827
2333,437.0,0.769457399845123
2334,437.2,1.46206724643707
2335,437.3,1.20451760292053
2336,437.5,0.383378356695175
2337,437.7,0.955192744731903
2338,437.9,0.867542326450348
2339,438.0,0.480235695838928
2340,438.2,1.26160073280334
2341,438.4,1.0617481470108
2342,438.6,0.915909647941589
2343,438.8,0.969801127910614
2344,439.0,1.10778295993805
2345,439.2,1.27007114887238
2346,439.3,0.450527876615524
2347,439.4,1.04198384284973
2348,439.6,0.509698033332825
2349,439.8,0.972992897033691
2350,439.9,1.01939606666565
2351,440.2,1.15590476989746
2352,440.3,0.755953848361969
2353,440.5,0.503191769123077
2354,440.7,1.21667075157166
2355,440.8,0.543211400508881
2356,441.0,1.41983795166016
2357,441.1,0.614412009716034
2358,441.3,1.1814386844635
2359,441.5,0.915050327777863
2360,441.7,1.1147803068161
2361,441.9,1.03253126144409
2362,442.0,0.508102118968964
2363,442.2,1.08936905860901
2364,442.3,0.553891479969025
2365,442.5,0.932727694511414
2366,442.7,0.990301966667175
2367,442.9,1.27166712284088
2368,443.0,0.655045449733734
2369,443.2,1.31045913696289
2370,443.3,1.20991897583008
2371,443.5,0.546525895595551
2372,443.7,0.876135528087616
2373,443.9,1.17677390575409
2374,444.1,1.22391355037689
2375,444.2,0.58151239156723
2376,444.4,1.04308867454529
2377,444.5,0.433464288711548
2378,444.7,1.07034122943878
2379,444.9,1.187331199646
2380,445.1,1.42511665821075
2381,445.3,1.34102630615234
2382,445.5,1.04443895816803
2383,445.6,0.568622648715973
2384,445.8,0.881536960601807
2385,446.0,1.25374412536621
2386,446.2,1.22219491004944
2387,446.3,0.428062856197357
2388,446.5,0.926098704338074
2389,446.7,1.13650870323181
2390,446.8,1.32285785675049
2391,447.0,0.739135801792145
2392,447.2,1.4305180311203
2393,447.4,1.17039036750793
2394,447.5,0.806899070739746
2395,447.8,0.844340801239014
2396,448.0,1.23029708862305
2397,448.2,0.962803840637207
2398,448.3,0.989197134971619
2399,448.5,0.448318183422089
2400,448.7,0.888902544975281
2401,448.9,1.08679103851318
2402,449.0,0.455315500497818
2403,449.1,0.949545800685883
2404,449.4,0.999631702899933
2405,449.6,0.954333424568176
2406,449.7,0.433341503143311
2407,449.9,1.02774369716644
2408,450.0,0.557205975055695
2409,450.2,0.983427464962006
2410,450.4,1.04382514953613
2411,450.5,1.11109745502472
2412,450.8,0.988215088844299
2413,451.0,0.977289438247681
2414,451.2,0.998281359672546
2415,451.3,0.733120560646057
2416,451.6,0.944144368171692
2417,451.7,0.445126444101334
2418,451.8,0.946354031562805
2419,452.1,1.04357969760895
2420,452.3,0.989197134971619
2421,452.4,0.476307392120361
2422,452.6,0.781242311000824
2423,452.7,0.832924127578735
2424,452.9,0.489933699369431
2425,453.0,0.92204761505127
2426,453.3,1.2633193731308
2427,453.5,0.855266392230988
2428,453.7,0.831696510314941
2429,453.8,0.934569120407104
2430,454.0,0.945003688335419
2431,454.2,0.869506478309631
2432,454.5,0.917382776737213
2433,454.7,0.830346167087555
2434,454.8,0.974220454692841
2435,455.0,0.522464990615845
2436,455.2,1.1538177728653
2437,455.3,0.494230300188065
2438,455.5,0.948809206485748
2439,455.7,0.917873799800873
2440,455.8,0.447090595960617
2441,456.0,0.959980368614197
2442,456.1,0.811072945594788
2443,456.3,0.880554854869843
2444,456.6,1.04419350624084
2445,456.8,1.05610120296478
2446,456.9,0.554996311664581
2447,457.1,1.12852931022644
2448,457.2,0.437638103961945
2449,457.4,0.875153422355652
2450,457.6,0.947213351726532
2451,457.7,0.438251912593842
2452,457.9,0.866314768791199
2453,458.0,0.511662185192108
2454,458.2,0.85514360666275
2455,458.4,1.0700957775116
2456,458.5,0.497913092374802
2457,458.7,1.24478268623352
2458,458.9,1.91198134422302
2459,459.0,1.02848029136658
2460,459.1,1.8368524312973
2461,459.3,1.12877488136292
2462,459.6,0.894426703453064
2463,459.7,0.568499863147736
2464,459.9,1.46083962917328
2465,460.1,1.39013016223907
2466,460.3,1.26233732700348
2467,460.5,1.15222191810608
2468,460.7,1.97237908840179
2469,460.9,3.90682554244995
2470,461.0,2.30358457565308
2471,461.2,4.43383264541626
2472,461.3,2.28357481956482
2473,461.6,1.28836238384247
2474,461.8,1.79413211345673
2475,461.9,1.18659460544586
2476,462.1,2.44438982009888
2477,462.2,1.81242322921753
2478,462.5,1.15087163448334
2479,462.6,0.452737540006638
2480,462.8,1.75288486480713
2481,463.0,2.15062618255615
2482,463.2,1.93751537799835
2483,463.3,0.872329950332642
2484,463.4,1.16007852554321
2485,463.6,1.0853179693222
2486,463.9,1.15344953536987
2487,464.0,0.660692393779755
2488,464.2,1.07230544090271
2489,464.3,0.4593665599823
2490,464.5,1.06346678733826
2491,464.7,1.07095503807068
2492,464.8,0.728701174259186
2493,465.0,1.31193220615387
2494,465.2,1.4516327381134
2495,465.4,0.768107056617737
2496,465.5,0.350847035646439
2497,465.7,1.06493985652924
2498,465.9,1.20365822315216
2499,466.0,0.428676664829254
2500,466.2,1.13466727733612
2501,466.4,0.865087151527405
2502,466.6,0.85796707868576
2503,466.8,1.02737534046173
2504,466.9,0.544930040836334
2505,467.0,1.11367547512054
2506,467.2,1.04861283302307
2507,467.4,0.592069745063782
2508,467.7,1.07230544090271
2509,467.8,0.772771894931793
2510,468.1,0.976184606552124
2511,468.3,0.96219003200531
2512,468.5,0.897004663944244
2513,468.6,0.493370980024338
2514,468.8,0.901055753231049
2515,468.9,0.512153208255768
2516,469.1,1.02909398078918
2517,469.2,0.52553403377533
2518,469.4,0.91848760843277
2519,469.5,0.369015455245972
2520,469.7,0.807512879371643
2521,469.9,0.977412223815918
2522,470.0,1.11993610858917
2523,470.2,0.306899100542068
2524,470.3,0.99103856086731
2525,470.6,0.81168669462204
2526,470.8,0.876503825187683
2527,471.0,0.904984056949615
2528,471.1,1.04738521575928
2529,471.3,0.428185611963272
2530,471.5,0.781365096569061
2531,471.7,0.659341990947723
2532,471.9,0.91848760843277
2533,472.0,0.879572808742523
2534,472.3,1.01534497737885
2535,472.5,0.788116872310638
2536,472.7,0.9593665599823
2537,472.9,1.40461575984955
2538,473.1,1.18966364860535
2539,473.3,1.10569608211517
2540,473.4,0.904247462749481
2541,473.7,0.958507239818573
2542,473.8,0.522342264652252
2543,474.0,1.02430641651154
2544,474.2,1.07770681381226
2545,474.3,0.497053772211075
2546,474.5,0.988092303276062
2547,474.7,1.69715201854706
2548,474.8,2.08212614059448
2549,475.0,6.29069471359253
2550,475.2,7.88030958175659
2551,475.3,4.88571071624756
2552,475.5,1.12153208255768
2553,475.7,1.26847529411316
2554,475.8,1.19580161571503
2555,476.0,3.32248950004578
2556,476.1,2.32371711730957
2557,476.3,3.07709312438965
2558,476.4,1.01915049552917
2559,476.6,1.53670513629913
2560,476.8,1.51313531398773
2561,477.0,2.64276957511902
2562,477.2,2.77927827835083
2563,477.3,0.933095991611481
2564,477.4,1.52541124820709
2565,477.7,0.880309343338013
2566,477.8,0.686840176582336
2567,478.0,1.50159585475922
2568,478.1,0.764301478862762
2569,478.3,1.31144118309021
2570,478.5,0.963172137737274
2571,478.7,0.999017894268036
2572,478.9,1.45298302173615
2573,479.1,1.75853180885315
2574,479.2,0.909526169300079
2575,479.3,1.45138716697693
2576,479.6,1.03449547290802
2577,479.8,1.00687456130981
2578,479.9,0.546034872531891
2579,480.0,1.1284065246582
2580,480.2,0.571814358234406
2581,480.3,1.10250425338745
2582,480.5,0.452369272708893
2583,480.7,0.81733363866806
2584,480.8,0.484655052423477
2585,481.0,1.03449547290802
2586,481.1,0.475939124822617
2587,481.3,1.05880188941956
2588,481.5,0.974711537361145
2589,481.6,0.368769943714142
2590,481.8,0.830468952655792
2591,482.0,1.08556342124939
2592,482.1,0.992634415626526
2593,482.3,0.386938363313675
2594,482.5,1.03486371040344
2595,482.6,0.981095016002655
2596,482.9,0.980235695838928
2597,483.1,0.897004663944244
2598,483.2,0.987846791744232
2599,483.4,0.859194695949554
2600,483.7,0.988215088844299
2601,483.9,0.860054016113281
2602,484.0,1.04947209358215
2603,484.3,0.950527846813202
2604,484.5,0.745150983333588
2605,484.6,0.944021582603455
2606,484.8,0.390498399734497
2607,485.0,0.873803079128265
2608,485.1,1.04222929477692
2609,485.3,0.459489315748215
2610,485.5,0.876994848251343
2611,485.6,0.337466239929199
2612,485.7,0.988337814807892
2613,486.0,0.907070934772491
2614,486.2,0.998772382736206
2615,486.4,0.949177503585815
2616,486.6,0.711760401725769
2617,486.7,0.458384484052658
2618,486.9,0.987232983112335
2619,487.1,1.05131351947784
2620,487.3,1.12754726409912
2621,487.4,0.458629995584488
2622,487.6,0.726245999336243
2623,487.8,0.97139698266983
2624,488.0,1.08544075489044
2625,488.2,1.00932967662811
2626,488.4,1.07930266857147
2627,488.6,1.23312056064606
2628,488.8,2.40768480300903
2629,489.0,6.36054515838623
2630,489.2,8.3944263458252
2631,489.3,5.62140941619873
2632,489.6,1.66204273700714
2633,489.8,1.65050327777863
2634,490.0,3.69776582717896
2635,490.2,4.53019905090332
2636,490.3,2.964031457901
2637,490.5,1.21053278446198
2638,490.8,1.79179966449738
2639,491.0,3.0437023639679
2640,491.2,3.51755452156067
2641,491.3,2.37527632713318
2642,491.6,1.29044926166534
2643,491.8,1.00810217857361
2644,492.0,1.5465259552002
2645,492.1,1.54308867454529
2646,492.3,0.675423502922058
2647,492.5,1.03744173049927
2648,492.6,0.53191751241684
2649,492.8,1.06800878047943
2650,493.0,1.57107782363892
2651,493.2,1.81708812713623
2652,493.4,1.52835750579834
2653,493.6,0.87760865688324
2654,493.7,0.559292912483215
2655,493.9,1.11735820770264
2656,494.0,0.493125468492508
2657,494.2,1.17100417613983
2658,494.4,0.931868374347687
2659,494.5,0.538423776626587
2660,494.7,0.823226094245911
2661,494.9,1.05941569805145
2662,495.0,0.95887553691864
2663,495.2,0.530935406684875
2664,495.4,0.945371985435486
2665,495.6,0.832555830478668
2666,495.8,0.811563968658447
2667,495.9,0.793395519256592
2668,496.2,0.940707087516785
2669,496.4,0.828013777732849
2670,496.5,0.830223441123962
2671,496.7,0.831450998783112
2672,497.0,1.08089864253998
2673,497.2,1.04431617259979
2674,497.3,0.482322603464127
2675,497.5,1.11207950115204
2676,497.7,0.868647217750549
2677,497.8,0.35907194018364
2678,498.0,0.892830848693848
2679,498.2,1.09157872200012
2680,498.3,0.53474098443985
2681,498.4,0.996562719345093
2682,498.7,0.837343454360962
2683,498.9,0.96243554353714
2684,499.1,0.92413455247879
2685,499.3,0.917137265205383
2686,499.4,0.934937417507172
2687,499.7,0.933464288711548
2688,499.9,0.947213351726532
2689,500.1,0.886938393115997
2690,500.3,1.12226855754852
2691,500.5,0.924993872642517
2692,500.6,0.54087895154953
2693,500.8,0.918119311332703
2694,501.0,0.965872824192047
2695,501.2,1.10630989074707
2696,501.3,0.340166956186295
2697,501.4,0.976675689220428
2698,501.7,0.877240359783173
2699,501.8,0.538792073726654
2700,501.9,1.08138966560364
2701,502.2,1.17358207702637
2702,502.4,0.774367809295654
2703,502.5,0.392217040061951
2704,502.7,1.28124237060547
2705,502.9,1.98698747158051
2706,503.1,4.34041261672974
2707,503.2,3.69887065887451
2708,503.4,1.71126937866211
2709,503.7,0.950405120849609
2710,503.9,1.84691870212555
2711,504.1,2.38853430747986
2712,504.3,2.17812418937683
2713,504.4,1.46378588676453
2714,504.7,0.896881878376007
2715,504.8,0.534127175807953
2716,505.0,2.01730918884277
2717,505.2,1.88116872310638
2718,505.4,1.66744410991669
2719,505.5,0.382273495197296
2720,505.6,0.832555830478668
2721,505.9,1.24736070632935
2722,506.1,1.60839676856995
2723,506.3,1.34188556671143
2724,506.5,0.996562719345093
2725,506.7,0.930395305156708
2726,506.9,1.57058680057526
2727,507.1,1.69248712062836
2728,507.2,1.05536460876465
2729,507.3,1.50576972961426
2730,507.5,0.886079072952271
2731,507.8,0.943407833576202
2732,508.0,1.34176278114319
2733,508.2,0.987969577312469
2734,508.3,0.611465752124786
2735,508.5,0.95887553691864
2736,508.7,0.718021094799042
2737,508.8,0.521605670452118
2738,509.0,1.15492260456085
2739,509.2,0.839921414852142
2740,509.4,0.993125438690186
2741,509.5,0.452123731374741
2742,509.7,0.861895382404327
2743,509.9,0.87736314535141
2744,510.0,0.349742203950882
2745,510.2,0.798551440238953
2746,510.3,0.397618472576141
2747,510.5,0.838080048561096
2748,510.6,0.323348879814148
2749,510.7,0.918978631496429
2750,510.9,0.42720353603363
2751,511.0,0.762337327003479
2752,511.3,0.847164273262024
2753,511.5,0.969801127910614
2754,511.7,0.812423288822174
2755,511.8,0.331082731485367
2756,511.9,0.763564944267273
2757,512.2,0.868033409118652
2758,512.3,0.814755737781525
2759,512.6,0.876012742519379
2760,512.8,0.738030910491943
2761,513.0,0.947213351726532
2762,513.2,0.868278920650482
2763,513.4,0.988828897476196
2764,513.5,0.373557567596436
2765,513.7,0.865087151527405
2766,513.8,0.419224172830582
2767,514.0,0.780505776405334
2768,514.2,0.900810241699219
2769,514.4,0.80174320936203
2770,514.6,0.888288736343384
2771,514.8,0.955192744731903
2772,515.0,0.947949886322021
2773,515.1,0.472992867231369
2774,515.3,0.944021582603455
2775,515.5,0.983795702457428
2776,515.7,0.680579423904419
2777,515.9,0.774858832359314
2778,516.1,0.8898845911026
2779,516.2,0.848023593425751
2780,516.5,0.862386465072632
2781,516.6,0.48686471581459
2782,516.8,0.856862246990204
2783,516.9,0.903879225254059
2784,517.1,0.854161560535431
2785,517.3,0.905843377113342
2786,517.6,0.902528822422028
2787,517.8,0.857107758522034
2788,518.0,0.858826398849487
2789,518.1,0.530198872089386
2790,518.3,1.04075622558594
2791,518.4,0.335256576538086
2792,518.6,0.830468952655792
2793,518.7,0.476552903652191
2794,518.9,1.15295851230621
2795,519.1,1.27940094470978
2796,519.3,1.115394115448
2797,519.4,0.849987745285034
2798,519.7,0.9558065533638
2799,519.9,0.904738545417786
2800,520.1,1.0158360004425
2801,520.3,0.897004663944244
2802,520.4,0.901178479194641
2803,520.6,0.410508215427399
2804,520.8,1.17579174041748
2805,521.0,1.23778545856476
2806,521.2,1.21286523342133
2807,521.4,1.21568870544434
2808,521.6,0.77105325460434
2809,521.8,0.916768968105316
2810,521.9,0.457402408123016
2811,522.1,1.26295113563538
2812,522.2,0.5441934466362
2813,522.4,0.952737510204315
2814,522.5,0.816474318504333
2815,522.7,0.485759884119034
2816,522.9,1.05475080013275
2817,523.0,1.01915049552917
2818,523.2,0.478517055511475
2819,523.4,0.868156135082245
2820,523.6,0.918610334396362
2821,523.8,1.10851955413818
2822,523.9,0.402651607990265
2823,524.1,1.02504301071167
2824,524.3,0.900932967662811
2825,524.5,0.909526169300079
2826,524.7,0.924993872642517
2827,524.9,0.750552415847778
2828,525.1,0.79585075378418
2829,525.3,0.852197408676147
2830,525.5,0.888534247875214
2831,525.6,0.929167687892914
2832,525.9,1.03891479969025
2833,526.0,0.400687456130981
2834,526.2,0.84900563955307
2835,526.4,0.95605206489563
2836,526.6,0.856985032558441
2837,526.8,0.946476817131042
2838,526.9,0.411367535591125
2839,527.1,0.730788111686707
2840,527.3,0.742941319942474
2841,527.4,0.791922390460968
2842,527.6,0.309477031230927
2843,527.7,0.768229782581329
2844,528.0,0.935305655002594
2845,528.1,0.528725743293762
2846,528.3,0.780628502368927
2847,528.5,0.862140953540802
2848,528.6,0.792413473129272
2849,528.8,0.330468952655792
2850,529.0,0.815001249313354
2851,529.2,0.856494009494781
2852,529.4,0.91541862487793
2853,529.6,0.678124248981476
2854,529.7,0.260864228010178
2855,529.9,0.806776344776154
2856,530.0,0.510557353496552
2857,530.2,0.883869409561157
2858,530.4,0.753866910934448
2859,530.5,0.675423502922058
2860,530.7,0.839430391788483
2861,530.9,0.44058433175087
2862,531.1,0.930886328220367
2863,531.3,0.782469928264618
2864,531.4,0.740117847919464
2865,531.6,0.624601006507874
2866,531.9,0.931254625320435
2867,532.1,0.988215088844299
2868,532.3,0.85514360666275
2869,532.5,0.764424264431
2870,532.7,0.875398993492126
2871,532.9,1.06199359893799
2872,533.1,1.26221454143524
2873,533.3,1.14534735679626
2874,533.4,0.500122785568237
2875,533.6,0.765283584594727
2876,533.7,0.336852431297302
2877,533.8,1.02553403377533
2878,534.1,1.20304441452026
2879,534.2,0.426958024501801
2880,534.3,0.897372961044312
2881,534.6,1.17665112018585
2882,534.8,1.8827645778656
2883,535.0,2.82113909721375
2884,535.1,1.72035360336304
2885,535.2,2.39491772651672
2886,535.4,1.23790812492371
2887,535.7,1.22894668579102
2888,535.9,1.58077585697174
2889,536.1,1.80739009380341
2890,536.3,1.89626812934875
2891,536.5,1.14387428760529
2892,536.6,0.385956287384033
2893,536.8,1.28296101093292
2894,537.0,1.74245023727417
2895,537.1,0.833537936210632
2896,537.3,1.6678124666214
2897,537.5,0.963294863700867
2898,537.7,1.06052052974701
2899,537.8,1.15455436706543
2900,538.1,1.17579174041748
2901,538.3,1.1395777463913
2902,538.5,0.909157872200012
2903,538.6,0.419346928596497
2904,538.8,1.06444883346558
2905,538.9,0.525656759738922
2906,539.1,1.09673464298248
2907,539.2,0.451387196779251
2908,539.3,0.994966864585876
2909,539.6,0.753375887870789
2910,539.7,0.64841639995575
2911,540.0,0.79585075378418
2912,540.1,0.410262703895569
2913,540.3,0.967468678951263
2914,540.4,0.366069227457047
2915,540.6,0.652221977710724
2916,540.8,0.808494985103607
2917,541.0,1.21679353713989
2918,541.2,0.936410486698151
2919,541.4,0.9593665599823
2920,541.6,0.826295137405396
2921,541.8,0.812668800354004
2922,541.9,0.390498399734497
2923,542.1,0.926958024501801
2924,542.3,0.887429416179657
2925,542.4,0.320279896259308
2926,542.5,0.696906447410583
2927,542.7,0.443039536476135
2928,542.9,0.860545039176941
2929,543.1,0.87760865688324
2930,543.2,0.844709038734436
2931,543.4,0.715197622776031
2932,543.7,0.730297088623047
2933,543.9,0.80481219291687
2934,544.1,0.617112696170807
2935,544.3,0.881905257701874
2936,544.4,0.306776344776154
2937,544.6,0.852688431739807
2938,544.8,0.672354519367218
2939,545.0,0.757795214653015
2940,545.1,0.453474104404449
2941,545.3,0.736557841300964
2942,545.5,0.831819295883179
2943,545.6,0.34851461648941
2944,545.8,0.807267367839813
2945,545.9,0.84593665599823
2946,546.1,0.460839688777924
2947,546.3,0.688190519809723
2948,546.4,0.381905227899551
2949,546.6,0.939970552921295
2950,546.8,0.718266606330872
2951,546.9,0.84593665599823
2952,547.2,0.943162262439728
2953,547.4,0.939233958721161
2954,547.5,0.338325560092926
2955,547.7,0.781242311000824
2956,547.9,0.753989696502686
2957,548.1,0.893199145793915
2958,548.2,0.429781496524811
2959,548.3,0.936410486698151
2960,548.6,0.951264441013336
2961,548.8,1.64436531066895
2962,549.0,3.48379564285278
2963,549.2,4.09562969207764
2964,549.3,1.86373674869537
2965,549.4,2.48661923408508
2966,549.7,0.915909647941589
2967,549.9,1.67358207702637
