#"+ Scan (rt: 0.088-69.529 min, 11307 scans) BARLEYSTRAW_20231018.D "
#Point,X(Thompsons),Y(Counts)
0,10.2,4.47475004196167
1,10.4,4.41744041442871
2,10.6,4.37012481689453
3,10.8,4.69045734405518
4,10.9,2.3082160949707
5,11.1,4.8955512046814
6,11.2,2.28177237510681
7,11.4,4.86362409591675
8,11.5,3.17228269577026
9,11.8,3.52657651901245
10,12.0,29.9363231658936
11,12.2,382.787384033203
12,12.3,19.8431053161621
13,12.6,3.36331486701965
14,12.8,5.30529737472534
15,12.9,5.76713562011719
16,13.1,56.9716987609863
17,13.2,142.887054443359
18,13.4,0.109401255846024
19,14.2,10894.2080078125
20,15.0,15.2508182525635
21,15.2,1970.53491210938
22,15.3,41.8412475585938
23,16.2,7026.11572265625
24,17.2,19405.953125
25,18.2,83056.4453125
26,19.0,26.0466079711914
27,19.2,322.550994873047
28,19.3,18.0214920043945
29,19.5,1.26974439620972
30,19.8,0.47758024930954
31,20.0,64.6813507080078
32,20.1,485.807556152344
33,20.3,10.2380828857422
34,20.6,0.226762175559998
35,20.8,2.35942339897156
36,21.0,4.84513998031616
37,21.2,4.92739009857178
38,21.3,2.14345097541809
39,21.5,3.78057837486267
40,21.7,3.49208450317383
41,21.9,9.58397483825684
42,22.1,78.7813720703125
43,22.2,27.0807456970215
44,22.3,9.33961296081543
45,22.5,1.95330321788788
46,22.7,2.98063135147095
47,22.9,3.79870867729187
48,23.0,1.64579463005066
49,23.2,3.78526568412781
50,23.4,3.96418142318726
51,23.6,3.24215078353882
52,23.8,4.49951362609863
53,23.9,5.63199806213379
54,24.1,58.9597587585449
55,24.2,45.0293617248535
56,24.4,4.40390920639038
57,24.7,2.5508975982666
58,24.9,9.82904434204102
59,25.1,172.767837524414
60,25.2,197.330505371094
61,25.4,5.56814384460449
62,25.6,0.56310248374939
63,25.9,3.05660200119019
64,26.1,521.743896484375
65,26.2,1224.57897949219
66,26.4,4.83328914642334
67,26.6,0.0336959399282932
68,27.2,2372.79833984375
69,27.3,0.804015219211578
70,28.1,358452.5
71,29.0,2.1608738899231
72,29.1,11740.408203125
73,29.9,5.55823802947998
74,30.1,1289.6845703125
75,30.2,481.397369384766
76,30.4,2.44308829307556
77,30.7,0.95516049861908
78,30.8,1.02538251876831
79,31.0,9.9200496673584
80,31.1,3618.95385742188
81,31.3,2.21818351745605
82,32.1,94111.21875
83,32.9,7.27735042572021
84,33.1,163.199081420898
85,33.2,93.0292739868164
86,33.4,3.63456273078918
87,33.6,0.5567347407341
88,33.9,13.5359516143799
89,34.1,409.80615234375
90,34.2,107.863975524902
91,34.5,0.566905438899994
92,34.7,1.1254974603653
93,34.9,21.2192440032959
94,35.1,76.9099655151367
95,35.2,27.904483795166
96,35.4,1.77456438541412
97,35.7,0.169098794460297
98,35.9,14.566198348999
99,36.1,506.935974121094
100,36.2,85.6612701416016
101,36.5,0.209516227245331
102,36.6,0.0741133838891983
103,36.8,3.23472189903259
104,37.0,63.4915542602539
105,37.1,619.091430664063
106,37.3,14.8745908737183
107,37.5,0.634120464324951
108,37.7,0.202971607446671
109,37.9,10.2094278335571
110,38.1,928.956237792969
111,38.2,336.251708984375
112,38.4,0.993897557258606
113,38.6,0.0196338556706905
114,38.9,0.628018021583557
115,39.1,3143.60986328125
116,39.2,1612.81506347656
117,39.4,0.0828690156340599
118,40.1,9495.7080078125
119,40.2,3.296541929245
120,41.0,18.1403560638428
121,41.2,5028.22802734375
122,41.3,5.33156442642212
123,41.7,0.0334306173026562
124,41.9,1.89900064468384
125,42.1,3226.90893554688
126,42.2,1058.33447265625
127,42.4,0.391881138086319
128,42.6,0.0177765991538763
129,43.0,16.9299545288086
130,43.1,15934.7490234375
131,43.3,12.9922170639038
132,44.0,10.8816661834717
133,44.1,36789.33203125
134,44.9,6.85699129104614
135,45.1,4271.1826171875
136,45.2,234.9990234375
137,45.4,0.0489077568054199
138,45.6,0.160962238907814
139,45.8,5.13628721237183
140,46.0,97.6626892089844
141,46.1,463.617492675781
142,46.3,12.7574071884155
143,46.6,1.15742456912994
144,46.8,5.26258087158203
145,47.0,126.584503173828
146,47.1,272.332611083984
147,47.3,9.90165424346924
148,47.5,1.23410272598267
149,47.7,1.56000709533691
150,47.9,36.2901725769043
151,48.1,922.9296875
152,48.2,39.5180854797363
153,48.4,1.99292469024658
154,48.7,2.29742646217346
155,48.9,19.3309459686279
156,49.1,230.66471862793
157,49.2,49.9765625
158,49.3,13.098876953125
159,49.5,0.875121593475342
160,49.8,2.3702130317688
161,50.0,109.596977233887
162,50.1,1058.65637207031
163,50.2,214.505706787109
164,50.4,1.15167593955994
165,50.7,0.25683206319809
166,50.9,9.05377197265625
167,51.1,1183.62390136719
168,51.2,362.925079345703
169,51.4,0.716635704040527
170,51.7,0.474838584661484
171,51.9,11.4329175949097
172,52.1,732.093688964844
173,52.2,246.390289306641
174,52.4,2.03316521644592
175,52.7,0.366321742534637
176,52.9,7.67506837844849
177,53.1,1599.029296875
178,53.2,478.844177246094
179,53.4,0.787565231323242
180,53.6,0.360749989748001
181,53.8,1.01450431346893
182,54.0,75.4414978027344
183,54.1,1327.95983886719
184,54.3,18.3022022247314
185,54.5,0.110550984740257
186,54.7,0.0497921630740166
187,54.9,0.147430792450905
188,55.1,3672.88305664063
189,55.2,1091.84533691406
190,55.8,0.373485445976257
191,56.0,56.2463073730469
192,56.1,2096.84716796875
193,56.3,23.2586002349854
194,56.5,0.268506228923798
195,56.7,0.171575129032135
196,57.0,31.7451133728027
197,57.1,3559.84643554688
198,57.3,22.8916606903076
199,57.5,0.0583709217607975
200,57.7,0.46263375878334
201,57.9,17.716724395752
202,58.1,1797.53125
203,58.2,257.688781738281
204,58.3,21.0737590789795
205,58.5,1.9205801486969
206,58.8,5.17254781723022
207,59.0,95.5832672119141
208,59.1,521.58837890625
209,59.3,19.8233833312988
210,59.5,0.625541687011719
211,59.7,0.447421938180923
212,59.9,14.9089946746826
213,60.1,2748.27124023438
214,60.2,173.489074707031
215,60.4,0.437693476676941
216,60.7,0.594764292240143
217,60.9,23.8699035644531
218,61.1,360.194488525391
219,61.2,103.348808288574
220,61.4,2.41478729248047
221,61.6,0.457681089639664
222,61.8,4.65764570236206
223,62.0,104.713096618652
224,62.1,325.379486083984
225,62.3,14.9433975219727
226,62.5,0.824621915817261
227,62.8,2.37304329872131
228,63.0,115.451667785645
229,63.1,765.132934570313
230,63.3,13.9651546478271
231,63.5,0.751304507255554
232,63.7,0.915273725986481
233,63.9,40.8782157897949
234,64.0,2217.99243164063
235,64.2,103.051208496094
236,64.4,1.23180329799652
237,64.6,0.10374104231596
238,64.8,2.36243033409119
239,65.0,105.381446838379
240,65.1,902.459777832031
241,65.2,334.110626220703
242,65.4,1.65340054035187
243,65.6,0.368974983692169
244,65.8,3.96418142318726
245,65.9,16.3669414520264
246,66.1,745.153442382813
247,66.2,215.117630004883
248,66.3,16.1177139282227
249,66.5,0.340143263339996
250,66.7,0.2713363468647
251,66.9,5.6404881477356
252,67.0,66.9171295166016
253,67.1,1952.96667480469
254,67.3,14.1522951126099
255,67.5,0.303705662488937
256,67.7,0.218271866440773
257,67.9,8.68736171722412
258,68.1,1168.3369140625
259,68.2,378.948364257813
260,68.4,1.90527987480164
261,68.7,0.410719037055969
262,68.9,3.3065357208252
263,69.0,63.7129211425781
264,69.1,2473.63989257813
265,69.3,17.8098526000977
266,69.4,0.980012357234955
267,69.7,0.417352080345154
268,69.9,11.5861854553223
269,70.1,994.721252441406
270,70.2,521.497009277344
271,70.4,3.30352878570557
272,70.6,0.413902878761292
273,70.9,5.74095678329468
274,71.1,827.160095214844
275,71.2,575.359130859375
276,71.4,1.68576991558075
277,71.6,0.415671706199646
278,71.8,3.81383204460144
279,72.0,83.2049179077148
280,72.1,545.170227050781
281,72.3,22.25559425354
282,72.5,0.617670476436615
283,72.8,0.175024315714836
284,72.9,3.16193509101868
285,73.1,1922.93627929688
286,73.2,477.259490966797
287,73.4,0.111170068383217
288,73.6,0.096312016248703
289,73.7,0.0726098865270615
290,73.9,20.1052436828613
291,74.1,950.314575195313
292,74.2,154.187759399414
293,74.4,0.942336618900299
294,74.5,0.590430676937103
295,74.8,1.75298488140106
296,75.0,171.544525146484
297,75.1,520.571838378906
298,75.3,12.1160345077515
299,75.6,0.91854602098465
300,75.8,6.81109046936035
301,76.0,178.728042602539
302,76.1,340.058715820313
303,76.3,21.6755104064941
304,76.5,0.680374979972839
305,76.8,0.244273453950882
306,77.0,146.094451904297
307,77.1,2343.69018554688
308,77.3,4.26744508743286
309,77.7,0.0977270752191544
310,77.9,8.58910369873047
311,78.1,983.067626953125
312,78.2,312.425567626953
313,78.4,0.635977685451508
314,78.5,0.0813655257225037
315,78.8,0.059874415397644
316,79.0,197.056686401367
317,79.1,2491.140625
318,79.3,0.283894926309586
319,79.8,2.32731938362122
320,80.0,125.807464599609
321,80.1,621.611206054688
322,80.3,21.338550567627
323,80.5,0.0636773705482483
324,80.8,0.328203767538071
325,81.0,160.166793823242
326,81.1,2086.2783203125
327,81.3,3.63836550712585
328,81.8,2.26036977767944
329,82.0,119.245338439941
330,82.1,923.3779296875
331,82.2,399.214996337891
332,82.4,3.52728390693665
333,82.6,0.919076681137085
334,82.9,10.8217029571533
335,83.1,844.048583984375
336,83.2,513.860900878906
337,83.4,1.24922609329224
338,83.7,0.826036989688873
339,83.9,13.9407444000244
340,84.1,940.028381347656
341,84.2,355.283721923828
342,84.4,3.30742025375366
343,84.6,0.249933674931526
344,84.8,1.06836473941803
345,85.0,220.620941162109
346,85.1,1048.24877929688
347,85.2,291.075805664063
348,85.4,0.0734058544039726
349,85.6,0.12664720416069
350,85.8,4.24480390548706
351,86.0,118.078887939453
352,86.1,689.660888671875
353,86.3,13.1275320053101
354,86.4,2.94322109222412
355,86.6,0.601485788822174
356,86.8,5.29300451278687
357,87.0,131.940383911133
358,87.1,228.096054077148
359,87.2,119.740516662598
360,87.4,2.4052357673645
361,87.6,2.33510208129883
362,87.7,2.84567093849182
363,87.9,33.5736274719238
364,88.0,51.850269317627
365,88.1,142.706115722656
366,88.3,20.6257190704346
367,88.5,2.5148138999939
368,88.8,7.7184042930603
369,89.0,150.097732543945
370,89.1,330.438232421875
371,89.2,145.286285400391
372,89.4,2.43459796905518
373,89.6,2.43371367454529
374,89.8,11.409481048584
375,89.9,21.5906066894531
376,90.1,178.892196655273
377,90.2,61.4826202392578
378,90.3,18.7651901245117
379,90.5,0.630759716033936
380,90.8,0.579375624656677
381,91.0,108.596885681152
382,91.1,2456.61767578125
383,91.3,9.33651733398438
384,91.6,0.107190236449242
385,91.8,2.89652419090271
386,92.0,107.23454284668
387,92.1,669.613403320313
388,92.3,20.3901119232178
389,92.5,1.06420803070068
390,92.8,3.54399919509888
391,93.0,106.225257873535
392,93.1,678.821350097656
393,93.3,20.2954807281494
394,93.4,2.70858764648438
395,93.7,1.41425669193268
396,93.9,19.7279567718506
397,94.1,946.756958007813
398,94.2,239.22004699707
399,94.4,3.49526834487915
400,94.5,2.23180341720581
401,94.8,3.89404797554016
402,95.0,116.236755371094
403,95.1,1652.60205078125
404,95.2,394.794891357422
405,95.4,2.22517013549805
406,95.5,0.656938195228577
407,95.8,1.75528430938721
408,96.0,211.486602783203
409,96.1,1789.13452148438
410,96.2,355.068542480469
411,96.4,3.02653217315674
412,96.7,2.78844952583313
413,96.9,37.6960296630859
414,97.1,760.536376953125
415,97.2,475.959655761719
416,97.4,2.4409658908844
417,97.7,0.679844319820404
418,97.9,15.0338726043701
419,98.1,1193.14111328125
420,98.2,284.578491210938
421,98.4,1.34447681903839
422,98.5,0.677987098693848
423,98.7,0.887768626213074
424,98.9,20.4494552612305
425,99.1,320.064483642578
426,99.2,158.096572875977
427,99.4,3.67029285430908
428,99.6,2.24816489219666
429,99.8,7.44786405563354
430,100.0,76.3866653442383
431,100.1,142.521530151367
432,100.2,82.274169921875
433,100.4,3.96568489074707
434,100.6,3.22402048110962
435,100.8,9.6852388381958
436,101.0,90.7363586425781
437,101.1,162.960205078125
438,101.3,21.112850189209
439,101.5,1.49836385250092
440,101.7,3.56425213813782
441,101.9,33.7685508728027
442,102.1,293.652252197266
443,102.2,95.435661315918
444,102.4,2.96320867538452
445,102.5,1.79304850101471
446,102.8,6.92659425735474
447,103.0,156.019989013672
448,103.1,577.099853515625
449,103.3,14.3473072052002
450,103.6,1.71849298477173
451,103.7,1.59175729751587
452,103.9,30.5009288787842
453,104.1,453.80029296875
454,104.2,131.936935424805
455,104.4,4.07066440582275
456,104.7,1.08746790885925
457,104.9,19.4245166778564
458,105.1,891.169921875
459,105.2,310.948364257813
460,105.4,1.04537010192871
461,105.6,1.20226407051086
462,105.8,5.44432640075684
463,105.9,19.1368179321289
464,106.1,337.583892822266
465,106.2,185.610595703125
466,106.4,5.56540203094482
467,106.6,0.745821177959442
468,106.8,4.88582277297974
469,107.0,111.738655090332
470,107.1,1294.90576171875
471,107.3,18.518705368042
472,107.4,3.64101886749268
473,107.7,2.31228446960449
474,107.9,22.7379493713379
475,108.1,639.418212890625
476,108.2,202.284332275391
477,108.4,4.26956748962402
478,108.6,0.757053136825562
479,108.8,3.90899443626404
480,109.0,106.902008056641
481,109.1,1011.97180175781
482,109.3,24.9892978668213
483,109.5,1.69134163856506
484,109.8,4.69143009185791
485,110.0,114.26001739502
486,110.1,1237.87622070313
487,110.3,16.4644908905029
488,110.4,3.39674544334412
489,110.6,0.684973895549774
490,110.8,3.37472367286682
491,111.0,98.7103576660156
492,111.1,326.704254150391
493,111.2,283.17138671875
494,111.4,4.54081535339355
495,111.7,2.017422914505
496,111.9,21.4566192626953
497,112.1,678.795593261719
498,112.2,161.616165161133
499,112.4,4.91730785369873
500,112.6,1.33749008178711
501,112.8,7.1170072555542
502,112.9,18.4625453948975
503,113.1,184.396041870117
504,113.2,106.359603881836
505,113.4,4.62483406066895
506,113.6,3.24383115768433
507,113.7,2.00212264060974
508,113.9,27.1180686950684
509,114.0,67.1304473876953
510,114.1,310.525085449219
511,114.3,17.3461570739746
512,114.5,1.18758296966553
513,114.8,2.77412223815918
514,115.0,164.359161376953
515,115.1,940.085021972656
516,115.3,10.5619525909424
517,115.4,0.734412312507629
518,115.7,1.47209692001343
519,115.9,25.088529586792
520,116.1,298.858489990234
521,116.2,120.65348815918
522,116.4,3.43787026405334
523,116.6,0.698682248592377
524,116.8,4.84611320495605
525,117.0,118.443000793457
526,117.1,376.599273681641
527,117.2,218.06526184082
528,117.4,1.66091799736023
529,117.6,1.44246923923492
530,117.8,7.12903499603271
531,118.0,96.3640213012695
532,118.1,212.209335327148
533,118.2,137.341293334961
534,118.4,4.09587001800537
535,118.6,0.709737360477448
536,118.8,5.14309740066528
537,119.0,156.919692993164
538,119.1,725.492431640625
539,119.3,16.3293533325195
540,119.4,2.76607418060303
541,119.7,2.43265223503113
542,119.8,5.57008934020996
543,120.0,102.644111633301
544,120.1,662.090637207031
545,120.2,187.507202148438
546,120.4,3.82126116752625
547,120.7,1.75245428085327
548,120.9,22.1961612701416
549,121.0,108.829574584961
550,121.1,798.532775878906
551,121.3,18.1461925506592
552,121.5,0.483417361974716
553,121.7,1.61165654659271
554,121.9,20.3594226837158
555,122.1,653.65966796875
556,122.2,201.03581237793
557,122.4,3.0218448638916
558,122.7,1.99345541000366
559,122.9,18.443265914917
560,123.1,578.892456054688
561,123.2,227.627838134766
562,123.4,3.529052734375
563,123.7,1.92535603046417
564,123.9,17.5244541168213
565,124.1,787.344848632813
566,124.2,207.027328491211
567,124.4,3.85389590263367
568,124.7,2.37180519104004
569,124.9,25.2328643798828
570,125.1,289.031921386719
571,125.2,137.615188598633
572,125.3,31.2107543945313
573,125.6,3.92588663101196
574,125.8,9.43787002563477
575,126.0,112.881309509277
576,126.1,318.990539550781
577,126.2,151.076583862305
578,126.4,5.16794919967651
579,126.7,4.04483938217163
580,126.8,7.9344654083252
581,127.0,115.959762573242
582,127.1,289.602447509766
583,127.3,21.839656829834
584,127.5,2.05660200119019
585,127.7,1.52976036071777
586,127.9,22.8377113342285
587,128.1,479.236236572266
588,128.2,191.109497070313
589,128.4,2.62837171554565
590,128.5,1.60228180885315
591,128.8,4.02892017364502
592,129.0,117.34651184082
593,129.1,591.921630859375
594,129.3,19.6649856567383
595,129.4,2.08516836166382
596,129.6,0.583001673221588
597,129.8,5.40638542175293
598,130.0,81.5909576416016
599,130.1,165.528350830078
600,130.2,124.689483642578
601,130.4,3.25276374816895
602,130.5,1.95339167118073
603,130.8,5.52171230316162
604,131.0,127.107719421387
605,131.1,643.528503417969
606,131.3,16.2473697662354
607,131.5,0.649155378341675
608,131.7,2.63473963737488
609,131.8,5.40868473052979
610,132.0,101.869552612305
611,132.1,361.16015625
612,132.3,19.5641632080078
613,132.5,1.10206067562103
614,132.8,2.48244452476501
615,133.0,272.726531982422
616,133.1,854.529296875
617,133.3,9.01928043365479
618,133.5,0.82665604352951
619,133.7,2.00168037414551
620,133.9,37.1721038818359
621,134.1,374.009826660156
622,134.2,159.045013427734
623,134.4,2.49049258232117
624,134.5,1.27876532077789
625,134.8,3.16034317016602
626,135.0,150.302108764648
627,135.1,1074.73718261719
628,135.3,14.8806934356689
629,135.4,1.47368884086609
630,135.7,1.35906958580017
631,135.9,22.8918361663818
632,136.1,435.864074707031
633,136.2,171.066772460938
634,136.3,20.3060054779053
635,136.5,0.652427673339844
636,136.7,1.12081015110016
637,136.9,23.0729637145996
638,137.0,155.12858581543
639,137.1,783.306091308594
640,137.3,11.9356155395508
641,137.5,0.222782343626022
642,137.7,1.01078975200653
643,137.9,21.931812286377
644,138.1,391.136383056641
645,138.2,171.159729003906
646,138.4,3.73343944549561
647,138.7,1.42044746875763
648,138.9,29.4743957519531
649,139.1,417.484832763672
650,139.2,141.593887329102
651,139.4,2.15017247200012
652,139.7,1.75501906871796
653,139.9,25.5780487060547
654,140.0,56.4161148071289
655,140.1,209.837539672852
656,140.3,21.0048637390137
657,140.4,5.02175664901733
658,140.7,2.69257974624634
659,140.8,4.78694629669189
660,141.0,96.2445373535156
661,141.1,363.310791015625
662,141.3,22.1613159179688
663,141.5,1.12930047512054
664,141.7,2.76687002182007
665,141.8,6.23640203475952
666,142.0,108.656585693359
667,142.1,114.028121948242
668,142.2,111.296279907227
669,142.4,4.62226915359497
670,142.7,2.59326076507568
671,142.8,4.71787405014038
672,143.0,72.4836807250977
673,143.2,247.109405517578
674,143.3,23.8948440551758
675,143.6,2.51675963401794
676,143.8,5.82754039764404
677,144.0,76.9896545410156
678,144.1,257.676940917969
679,144.3,20.917839050293
680,144.5,1.21013534069061
681,144.7,2.41717529296875
682,144.9,19.8561954498291
683,145.0,79.2114639282227
684,145.1,516.121337890625
685,145.3,19.8355007171631
686,145.6,1.75908732414246
687,145.8,6.13416481018066
688,145.9,15.9763860702515
689,146.1,269.431762695313
690,146.2,122.034225463867
691,146.3,19.3948001861572
692,146.5,1.08525693416595
693,146.7,0.715662837028503
694,146.9,26.0979042053223
695,147.1,809.587890625
696,147.2,231.909255981445
697,147.4,1.30290973186493
698,147.6,0.388431936502457
699,147.8,5.6310248374939
700,148.0,113.380645751953
701,148.1,275.910064697266
702,148.2,155.263900756836
703,148.4,3.59653306007385
704,148.7,2.13549137115479
705,148.9,33.7779235839844
706,149.1,556.608215332031
707,149.2,154.935882568359
708,149.4,2.12027955055237
709,149.7,2.06721496582031
710,149.9,22.8934288024902
711,150.1,796.474426269531
712,150.2,159.164672851563
713,150.4,3.87627124786377
714,150.7,2.29459619522095
715,150.9,26.8333778381348
716,151.1,497.224029541016
717,151.2,143.311752319336
718,151.3,17.1141777038574
719,151.5,1.31219601631165
720,151.8,5.03909063339233
721,152.0,102.024406433105
722,152.1,524.081359863281
723,152.3,17.7454681396484
724,152.4,2.98523044586182
725,152.7,1.93358099460602
726,152.9,26.5233039855957
727,153.1,288.052368164063
728,153.2,137.102142333984
729,153.4,2.47271609306335
730,153.7,1.73485445976257
731,153.8,5.10082244873047
732,154.0,83.0955123901367
733,154.1,337.912445068359
734,154.3,26.1002922058105
735,154.5,1.07146012783051
736,154.7,3.57928705215454
737,154.9,28.2819499969482
738,155.1,232.491989135742
739,155.2,128.900421142578
740,155.4,3.93596887588501
741,155.7,3.47589993476868
742,155.9,22.2032375335693
743,156.1,129.340057373047
744,156.2,86.3589782714844
745,156.4,5.56540203094482
746,156.6,1.23507559299469
747,156.8,6.98991775512695
748,157.0,74.1735229492188
749,157.1,145.836471557617
750,157.2,132.165390014648
751,157.4,4.26762199401855
752,157.6,0.672680616378784
753,157.8,5.42310094833374
754,158.0,64.8598251342773
755,158.1,224.351287841797
756,158.3,21.4081535339355
757,158.6,2.12673568725586
758,158.8,8.37711143493652
759,159.0,113.191917419434
760,159.1,356.014068603516
761,159.3,16.3068008422852
762,159.6,1.14928805828094
763,159.8,6.18820190429688
764,160.0,69.0372314453125
765,160.1,254.43115234375
766,160.3,20.4924373626709
767,160.6,2.34898734092712
768,160.8,10.6309366226196
769,161.0,122.088088989258
770,161.1,321.412750244141
771,161.3,15.7974710464478
772,161.6,1.88882994651794
773,161.7,2.2269389629364
774,161.9,25.4781112670898
775,162.0,66.7212371826172
776,162.1,315.80126953125
777,162.3,18.3277606964111
778,162.5,2.3300609588623
779,162.8,14.0161848068237
780,163.0,178.093658447266
781,163.1,312.225341796875
782,163.3,13.1197490692139
783,163.4,3.21208095550537
784,163.7,3.72353410720825
785,163.9,28.4682941436768
786,164.1,250.214294433594
787,164.2,123.88166809082
788,164.4,4.11019706726074
789,164.7,2.67683744430542
790,164.9,34.7459106445313
791,165.0,98.9778900146484
792,165.1,417.753692626953
793,165.3,18.6938171386719
794,165.6,1.42283546924591
795,165.8,6.98010063171387
796,166.0,81.2424163818359
797,166.1,241.087020874023
798,166.3,21.2050933837891
799,166.5,1.1131157875061
800,166.7,3.00990533828735
801,166.9,22.3740158081055
802,167.1,184.607498168945
803,167.2,104.146369934082
804,167.4,3.33572125434875
805,167.6,1.83426201343536
806,167.8,6.22021770477295
807,168.0,54.821174621582
808,168.1,91.6283721923828
809,168.2,89.0758819580078
810,168.4,5.53391695022583
811,168.7,2.68630051612854
812,168.8,4.24188566207886
813,169.0,52.826301574707
814,169.2,145.812240600586
815,169.3,18.6884231567383
816,169.4,4.88458490371704
817,169.7,2.84089493751526
818,169.9,17.1573352813721
819,170.1,107.224464416504
820,170.2,59.5032272338867
821,170.3,20.256477355957
822,170.5,2.43583631515503
823,170.8,5.03820657730103
824,170.9,14.0122928619385
825,171.1,159.397537231445
826,171.2,118.89493560791
827,171.4,4.66958522796631
828,171.7,2.16741847991943
829,171.9,16.19775390625
830,172.0,40.507740020752
831,172.1,170.284957885742
832,172.3,21.9360580444336
833,172.5,1.33342182636261
834,172.7,2.52861070632935
835,172.8,3.51808619499207
836,173.0,59.9764747619629
837,173.1,200.274078369141
838,173.3,18.2043857574463
839,173.4,4.60466957092285
840,173.7,2.53002572059631
841,173.9,16.2682399749756
842,174.1,199.482879638672
843,174.2,97.1108169555664
844,174.4,3.89325189590454
845,174.7,2.75678777694702
846,174.9,21.1601657867432
847,175.1,160.463424682617
848,175.2,100.220924377441
849,175.4,2.86733889579773
850,175.5,2.03581857681274
851,175.7,1.8687539100647
852,175.9,30.5164051055908
853,176.1,211.003890991211
854,176.2,103.042366027832
855,176.4,3.82594847679138
856,176.7,2.40567779541016
857,176.9,48.3014068603516
858,177.1,333.126922607422
859,177.2,99.1986389160156
860,177.4,1.74626338481903
861,177.6,1.68913066387177
862,177.8,8.67666053771973
863,178.0,97.2931823730469
864,178.1,292.897155761719
865,178.3,15.6625099182129
866,178.4,3.2545325756073
867,178.6,0.925886631011963
868,178.8,9.52268505096436
869,179.0,121.251258850098
870,179.1,249.28840637207
871,179.3,16.552490234375
872,179.4,2.85831785202026
873,179.6,0.65994518995285
874,179.8,6.33280277252197
875,180.0,63.5258674621582
876,180.1,276.583526611328
877,180.3,20.2197761535645
878,180.4,5.03971004486084
879,180.6,0.89219069480896
880,180.8,7.66587066650391
881,181.0,67.7305221557617
882,181.1,166.994430541992
883,181.2,105.419654846191
884,181.4,3.56602096557617
885,181.7,2.27310514450073
886,181.9,17.4548511505127
887,182.1,146.355621337891
888,182.2,92.3649063110352
889,182.4,3.83576536178589
890,182.6,2.40019464492798
891,182.8,5.69072246551514
892,183.0,45.0631484985352
893,183.2,122.580528259277
894,183.3,21.9957542419434
895,183.5,2.32891130447388
896,183.7,1.47342360019684
897,183.9,14.578314781189
898,184.1,90.1007308959961
899,184.2,64.6772766113281
900,184.4,4.57539558410645
901,184.7,3.08012723922729
902,184.9,16.1024150848389
903,185.0,41.088264465332
904,185.2,172.197570800781
905,185.3,31.3006992340088
906,185.6,2.31900596618652
907,185.8,5.61298322677612
908,186.0,50.3785247802734
909,186.1,141.06819152832
910,186.3,20.5735378265381
911,186.5,2.45352435112
912,186.7,1.69028031826019
913,186.9,17.9496765136719
914,187.1,109.158042907715
915,187.2,53.4183235168457
916,187.3,19.2511711120605
917,187.5,1.21402668952942
918,187.7,2.1827187538147
919,187.9,14.1334571838379
920,188.1,106.991683959961
921,188.2,73.3063583374023
922,188.4,4.61731672286987
923,188.7,2.93481922149658
924,188.9,25.0383834838867
925,189.1,160.241790771484
926,189.2,100.280975341797
927,189.4,3.50340485572815
928,189.7,2.3820641040802
929,189.9,20.2590427398682
930,190.0,42.3778190612793
931,190.1,150.612899780273
932,190.3,19.2811527252197
933,190.6,1.4470682144165
934,190.7,1.43406736850739
935,190.9,34.1522941589355
936,191.1,744.271850585938
937,191.2,111.66471862793
938,191.4,2.2708055973053
939,191.6,0.523746371269226
940,191.8,7.26213836669922
941,192.0,124.343147277832
942,192.1,158.919967651367
943,192.2,108.15087890625
944,192.4,2.43256378173828
945,192.6,1.49208450317383
946,192.7,1.26090037822723
947,192.9,38.7305221557617
948,193.1,830.882385253906
949,193.2,108.065711975098
950,193.3,11.3815336227417
951,193.5,0.27195543050766
952,193.7,1.78252410888672
953,193.9,35.0291862487793
954,194.1,244.703628540039
955,194.2,123.611656188965
956,194.4,2.82073044776917
957,194.6,2.11355805397034
958,194.8,8.94693565368652
959,194.9,26.7206153869629
960,195.1,187.15397644043
961,195.2,97.4393768310547
962,195.4,2.78836131095886
963,195.7,2.08145403862
964,195.9,17.724063873291
965,196.1,116.735122680664
966,196.2,66.0501480102539
967,196.3,22.2402935028076
968,196.5,2.85133099555969
969,196.8,8.22207450866699
970,197.0,59.2073059082031
971,197.2,142.126831054688
972,197.3,21.3945350646973
973,197.6,2.29256224632263
974,197.8,5.42177391052246
975,198.0,40.3397903442383
976,198.2,105.125671386719
977,198.3,20.2945957183838
978,198.5,1.32360482215881
979,198.7,2.78181648254395
980,198.8,3.89449024200439
981,199.0,43.4845657348633
982,199.1,55.7217636108398
983,199.2,67.8900680541992
984,199.4,4.49349975585938
985,199.7,3.02777051925659
986,199.9,17.6153717041016
987,200.1,95.2895584106445
988,200.2,67.0165405273438
989,200.4,6.25444412231445
990,200.6,1.84823560714722
991,200.8,8.12081050872803
992,200.9,12.93004322052
993,201.1,80.5630111694336
994,201.2,39.0618209838867
995,201.3,17.8012733459473
996,201.5,2.29866456985474
997,201.8,5.38427543640137
998,201.9,11.6951446533203
999,202.1,108.471923828125
1000,202.2,81.0277709960938
1001,202.4,4.35960006713867
1002,202.6,1.16246569156647
1003,202.8,8.02042961120605
1004,203.0,56.0790672302246
1005,203.2,117.059341430664
1006,203.3,20.3251075744629
1007,203.5,2.27054047584534
1008,203.8,5.46272230148315
1009,203.9,11.5091533660889
1010,204.1,87.3620758056641
1011,204.2,47.5394020080566
1012,204.3,19.6725044250488
1013,204.5,1.14194750785828
1014,204.7,3.15185284614563
1015,204.9,25.7328205108643
1016,205.1,119.021575927734
1017,205.2,76.8316116333008
1018,205.4,4.8611478805542
1019,205.6,1.18024230003357
1020,205.8,6.73397016525269
1021,206.0,44.7263641357422
1022,206.1,87.2610778808594
1023,206.3,13.0960464477539
1024,206.4,2.49862909317017
1025,206.7,0.475988328456879
1026,206.9,20.4448566436768
1027,207.1,6661.71630859375
1028,207.2,116.538780212402
1029,207.4,0.247545763850212
1030,207.6,0.113469533622265
1031,207.8,4.32351636886597
1032,208.0,181.973297119141
1033,208.1,1389.30297851563
1034,208.3,14.9942512512207
1035,208.4,2.39807200431824
1036,208.6,0.447864145040512
1037,208.8,5.99089050292969
1038,209.0,200.956756591797
1039,209.1,876.64208984375
1040,209.3,14.5817632675171
1041,209.6,0.829839944839478
1042,209.8,5.66569375991821
1043,210.0,88.722297668457
1044,210.1,118.256393432617
1045,210.2,93.1415023803711
1046,210.4,4.81409740447998
1047,210.7,2.96656942367554
1048,210.9,37.088264465332
1049,211.1,249.142120361328
1050,211.2,100.404350280762
1051,211.4,2.80215787887573
1052,211.6,0.647740364074707
1053,211.8,6.45423173904419
1054,212.0,50.7225608825684
1055,212.2,108.853897094727
1056,212.3,16.4504280090332
1057,212.4,4.86388969421387
1058,212.7,2.97355628013611
1059,212.8,5.99761199951172
1060,213.0,69.6756896972656
1061,213.1,90.8059616088867
1062,213.2,105.035202026367
1063,213.4,3.27045202255249
1064,213.6,1.84434425830841
1065,213.8,5.27911901473999
1066,214.0,39.9622344970703
1067,214.1,44.2013778686523
1068,214.2,57.4950904846191
1069,214.4,3.64933228492737
1070,214.6,2.86937284469604
1071,214.8,12.6715307235718
1072,215.0,91.5371017456055
1073,215.1,145.066329956055
1074,215.3,14.9734678268433
1075,215.4,3.58441662788391
1076,215.6,0.889006793498993
1077,215.8,7.21818351745605
1078,216.0,48.8691062927246
1079,216.2,103.885025024414
1080,216.3,18.7298126220703
1081,216.6,2.22649693489075
1082,216.7,2.13425302505493
1083,216.9,19.1298313140869
1084,217.0,25.7011585235596
1085,217.2,78.6698532104492
1086,217.3,19.1558322906494
1087,217.5,1.22287082672119
1088,217.7,2.74484825134277
1089,217.9,16.1100196838379
1090,218.0,25.2213668823242
1091,218.2,81.0363464355469
1092,218.3,16.7213230133057
1093,218.4,4.93234300613403
1094,218.6,1.22313606739044
1095,218.8,8.91766166687012
1096,219.0,42.0131759643555
1097,219.2,80.7101821899414
1098,219.3,17.3238697052002
1099,219.4,5.60051298141479
1100,219.7,3.36729454994202
1101,219.9,17.498363494873
1102,220.0,26.7085876464844
1103,220.2,83.6174926757813
1104,220.3,19.7860622406006
1105,220.5,1.17325556278229
1106,220.7,2.71247887611389
1107,220.9,17.4875736236572
1108,221.1,255.754837036133
1109,221.2,146.023620605469
1110,221.4,5.2358717918396
1111,221.6,0.863712728023529
1112,221.8,5.25594758987427
1113,222.0,52.621826171875
1114,222.1,64.5642547607422
1115,222.2,79.2650604248047
1116,222.4,6.7954363822937
1117,222.7,4.32121706008911
1118,222.8,7.27054023742676
1119,223.0,77.5048217773438
1120,223.1,76.6821441650391
1121,223.2,72.5216217041016
1122,223.4,3.40037155151367
1123,223.6,1.92128765583038
1124,223.7,1.74316799640656
1125,223.9,16.736888885498
1126,224.0,25.9788627624512
1127,224.2,76.8631820678711
1128,224.3,17.3064479827881
1129,224.4,6.21765279769897
1130,224.6,1.22844254970551
1131,224.8,7.99009466171265
1132,225.0,76.3442993164063
1133,225.1,142.319000244141
1134,225.3,22.2899971008301
1135,225.5,1.85937917232513
1136,225.7,1.41301846504211
1137,225.9,17.6758651733398
1138,226.1,80.8408966064453
1139,226.2,64.73291015625
1140,226.4,3.98938703536987
1141,226.5,2.45476245880127
1142,226.8,4.9192533493042
1143,226.9,11.7299900054932
1144,227.1,82.5417861938477
1145,227.2,57.7147789001465
1146,227.3,38.6771926879883
1147,227.6,3.08463788032532
1148,227.7,1.28380644321442
1149,227.9,11.3385515213013
1150,228.1,58.7919006347656
1151,228.2,59.3495178222656
1152,228.4,7.44742202758789
1153,228.7,3.29804539680481
1154,228.8,4.8048996925354
1155,229.0,35.7533378601074
1156,229.1,37.365966796875
1157,229.2,48.5864524841309
1158,229.4,6.27938461303711
1159,229.6,1.17750060558319
1160,229.8,5.79649782180786
1161,229.9,12.0465202331543
1162,230.1,64.9170455932617
1163,230.2,55.2228698730469
1164,230.4,4.72662973403931
1165,230.6,3.68223214149475
1166,230.8,6.0655345916748
1167,231.0,28.6339435577393
1168,231.1,27.549747467041
1169,231.2,42.2299461364746
1170,231.4,6.25170230865479
1171,231.6,1.14778459072113
1172,231.8,4.9143009185791
1173,232.0,27.7836742401123
1174,232.2,56.3175010681152
1175,232.3,19.6853275299072
1176,232.5,1.76784288883209
1177,232.7,4.35570907592773
1178,232.8,6.72592210769653
1179,233.0,41.1395606994629
1180,233.2,63.7379493713379
1181,233.3,19.6277523040771
1182,233.6,2.80215787887573
1183,233.8,6.00937461853027
1184,234.0,29.8879451751709
1185,234.2,57.8699913024902
1186,234.3,20.7831439971924
1187,234.6,3.45255160331726
1188,234.8,9.70186614990234
1189,235.0,39.7129211425781
1190,235.1,57.8531875610352
1191,235.3,16.9158039093018
1192,235.5,1.65817630290985
1193,235.7,3.27814626693726
1194,235.9,13.6931991577148
1195,236.1,44.7297248840332
1196,236.2,40.167064666748
1197,236.4,5.14575052261353
1198,236.6,3.68674278259277
1199,236.8,9.63650798797607
1200,236.9,13.9961090087891
1201,237.1,59.6227111816406
1202,237.2,42.4059448242188
1203,237.4,6.84266376495361
1204,237.7,4.43884325027466
1205,237.9,14.6084728240967
1206,238.0,16.7655429840088
1207,238.2,48.4183235168457
1208,238.3,18.5097732543945
1209,238.5,3.64588308334351
1210,238.7,2.04404354095459
1211,238.9,14.8737945556641
1212,239.0,20.5544357299805
1213,239.2,56.2769966125488
1214,239.3,22.1227550506592
1215,239.5,3.1725480556488
1216,239.8,4.68833446502686
1217,239.9,7.32590436935425
1218,240.1,38.1979293823242
1219,240.2,36.4072685241699
1220,240.4,6.51861667633057
1221,240.7,2.77695226669312
1222,240.8,3.29627656936646
1223,241.0,22.5606269836426
1224,241.2,48.2469253540039
1225,241.3,21.4338912963867
1226,241.5,3.23870158195496
1227,241.8,4.5727424621582
1228,242.0,23.2265853881836
1229,242.1,21.5753955841064
1230,242.2,34.3768463134766
1231,242.4,5.94711256027222
1232,242.7,2.74723625183105
1233,242.9,9.92482566833496
1234,243.1,31.1899700164795
1235,243.2,43.0305137634277
1236,243.4,4.24851846694946
1237,243.5,2.53259038925171
1238,243.8,4.55859184265137
1239,244.0,21.6461486816406
1240,244.1,23.1230220794678
1241,244.2,38.1203689575195
1242,244.4,5.21623754501343
1243,244.7,2.40443968772888
1244,244.9,10.2121696472168
1245,245.1,27.580436706543
1246,245.2,17.0089321136475
1247,245.3,16.7379493713379
1248,245.5,3.26231527328491
1249,245.7,1.41876709461212
1250,245.9,10.8416910171509
1251,246.1,34.260368347168
1252,246.2,33.0459899902344
1253,246.4,4.63677358627319
1254,246.5,3.32687711715698
1255,246.8,5.08844089508057
1256,246.9,7.2645263671875
1257,247.1,29.6667556762695
1258,247.2,27.8677806854248
1259,247.4,6.69903612136841
1260,247.7,3.27124786376953
1261,247.8,4.39232349395752
1262,248.0,23.4270801544189
1263,248.2,39.3192710876465
1264,248.3,11.3937387466431
1265,248.4,6.25276374816895
1266,248.7,4.92049169540405
1267,248.9,38.2113723754883
1268,249.0,72.5548782348633
1269,249.1,98.3244018554688
1270,249.3,12.9391527175903
1271,249.6,3.23003458976746
1272,249.8,10.6808176040649
1273,250.0,48.2341041564941
1274,250.1,59.8813133239746
1275,250.3,18.3557090759277
1276,250.6,4.38445234298706
1277,250.8,14.9249134063721
1278,251.0,101.005836486816
1279,251.1,95.0434265136719
1280,251.3,9.70752620697021
1281,251.4,4.25532865524292
1282,251.6,1.59927475452423
1283,251.8,10.7218532562256
1284,252.0,45.2170333862305
1285,252.1,56.2097816467285
1286,252.3,12.1270895004272
1287,252.4,6.79490566253662
1288,252.7,5.10719013214111
1289,252.9,33.1081619262695
1290,253.1,98.7046966552734
1291,253.2,47.0858764648438
1292,253.4,3.96886873245239
1293,253.6,2.82311844825745
1294,253.7,2.11691880226135
1295,253.9,15.6184663772583
1296,254.1,42.7296371459961
1297,254.2,22.436544418335
1298,254.3,18.2773494720459
1299,254.6,3.23118424415588
1300,254.7,2.32413554191589
1301,254.9,15.6579990386963
1302,255.1,40.1315994262695
1303,255.2,22.3888740539551
1304,255.3,18.5652256011963
1305,255.5,2.72609877586365
1306,255.8,4.80003547668457
1307,256.0,20.324047088623
1308,256.1,18.440523147583
1309,256.3,48.1572494506836
1310,256.4,6.22711610794067
1311,256.5,3.32926511764526
1312,256.7,1.93791460990906
1313,256.9,9.39188098907471
1314,257.1,24.5619525909424
1315,257.3,26.8718490600586
1316,257.4,4.54479503631592
1317,257.5,2.77553725242615
1318,257.7,1.3857786655426
1319,257.9,9.15441799163818
1320,258.1,24.3119316101074
1321,258.2,27.9635620117188
1322,258.4,4.58538961410522
1323,258.5,3.01078987121582
1324,258.8,4.26434946060181
1325,259.0,15.049614906311
1326,259.2,23.4218616485596
1327,259.3,8.42159748077393
1328,259.4,6.59591388702393
1329,259.7,2.62306547164917
1330,259.9,7.95489501953125
1331,260.1,23.7383918762207
1332,260.2,14.0657997131348
1333,260.3,16.9632091522217
1334,260.5,2.96400451660156
1335,260.8,4.17219400405884
1336,261.0,12.8639783859253
1337,261.2,22.7951717376709
1338,261.3,13.5531969070435
1339,261.5,2.926682472229
1340,261.8,3.9405677318573
1341,261.9,5.13053846359253
1342,262.1,21.8967018127441
1343,262.2,13.3795881271362
1344,262.3,13.8799858093262
1345,262.6,3.54187679290771
1346,262.7,1.55019009113312
1347,262.9,9.15910530090332
1348,263.1,24.0292739868164
1349,263.2,21.3794994354248
1350,263.4,3.84160256385803
1351,263.5,2.96214723587036
1352,263.8,4.10842847824097
1353,263.9,5.68152475357056
1354,264.1,22.6904563903809
1355,264.2,13.1430969238281
1356,264.3,14.1837797164917
1357,264.6,3.63111352920532
1358,264.8,10.4725389480591
1359,265.0,84.8114471435547
1360,265.1,123.493408203125
1361,265.3,12.6233310699463
1362,265.6,2.41248774528503
1363,265.8,7.67869472503662
1364,266.0,35.9248237609863
1365,266.1,48.8355903625488
1366,266.3,15.1393823623657
1367,266.6,3.56911659240723
1368,266.8,15.6258955001831
1369,267.0,296.167053222656
1370,267.1,324.117004394531
1371,267.3,10.2524099349976
1372,267.6,2.30370569229126
1373,267.8,13.7444944381714
1374,268.0,91.1928024291992
1375,268.1,103.029983520508
1376,268.3,12.4100112915039
1377,268.4,5.2770848274231
1378,268.6,1.77589106559753
1379,268.8,14.090386390686
1380,269.0,79.8532791137695
1381,269.1,101.268592834473
1382,269.3,11.5669937133789
1383,269.4,4.50579309463501
1384,269.6,1.19439280033112
1385,269.8,5.26028108596802
1386,270.0,27.6151065826416
1387,270.2,79.4696197509766
1388,270.3,36.0248527526855
1389,270.4,23.7107982635498
1390,270.7,8.66878890991211
1391,270.9,26.7087650299072
1392,271.1,65.2409133911133
1393,271.2,42.5753974914551
1394,271.4,7.90342283248901
1395,271.7,4.27947282791138
1396,271.9,12.86008644104
1397,272.1,35.0183944702148
1398,272.2,31.0577526092529
1399,272.4,6.42363119125366
1400,272.7,3.79464054107666
1401,272.8,4.18510675430298
1402,273.0,18.5969753265381
1403,273.2,26.1659145355225
1404,273.3,13.1507911682129
1405,273.5,2.06854152679443
1406,273.7,2.83868408203125
1407,273.8,2.86822319030762
1408,274.0,13.3308572769165
1409,274.1,11.5919342041016
1410,274.2,20.8621215820313
1411,274.4,7.61722803115845
1412,274.7,4.24471569061279
1413,274.9,10.6074113845825
1414,275.1,19.0201644897461
1415,275.2,17.5848598480225
1416,275.4,4.31148862838745
1417,275.5,2.924471616745
1418,275.8,4.35730075836182
1419,275.9,5.32961893081665
1420,276.1,17.3512859344482
1421,276.3,18.0524444580078
1422,276.4,6.27540445327759
1423,276.7,3.13089227676392
1424,276.8,2.60263562202454
1425,277.0,11.991774559021
1426,277.2,15.8878574371338
1427,277.3,9.65366554260254
1428,277.5,1.69691336154938
1429,277.7,2.53984260559082
1430,277.9,6.24241638183594
1431,278.1,14.7126560211182
1432,278.3,20.2654991149902
1433,278.4,9.10188388824463
1434,278.7,3.96152830123901
1435,278.8,3.40558934211731
1436,279.0,16.8616790771484
1437,279.1,12.0053949356079
1438,279.2,19.7348537445068
1439,279.4,5.71716642379761
1440,279.7,2.58282470703125
1441,279.9,8.10922431945801
1442,280.0,8.94401741027832
1443,280.1,17.7935791015625
1444,280.3,7.06456184387207
1445,280.6,1.50296270847321
1446,280.8,6.38418674468994
1447,281.0,212.971084594727
1448,281.1,2091.46508789063
1449,281.3,9.73282051086426
1450,281.4,1.08782172203064
1451,281.7,1.51640582084656
1452,281.8,5.23472166061401
1453,282.0,140.6982421875
1454,282.1,542.507934570313
1455,282.3,15.2855749130249
1456,282.6,2.09799242019653
1457,282.8,8.4252233505249
1458,283.0,129.923416137695
1459,283.1,385.341369628906
1460,283.3,14.4741306304932
1461,283.6,1.92341029644012
1462,283.8,6.3671178817749
1463,284.0,49.3154678344727
1464,284.1,52.3089218139648
1465,284.2,46.4728927612305
1466,284.4,5.89166021347046
1467,284.7,5.13964796066284
1468,284.9,35.6286354064941
1469,285.0,56.133544921875
1470,285.1,117.106658935547
1471,285.3,16.5990085601807
1472,285.5,1.17856192588806
1473,285.7,3.19925713539124
1474,285.9,17.2300338745117
1475,286.1,40.3736610412598
1476,286.2,30.4506053924561
1477,286.4,3.91456627845764
1478,286.5,3.34527277946472
1479,286.7,2.47952604293823
1480,286.9,18.1119651794434
1481,287.0,18.8638019561768
1482,287.2,45.117359161377
1483,287.3,16.6535778045654
1484,287.5,2.86698508262634
1485,287.8,4.68249750137329
1486,288.0,13.9632081985474
1487,288.2,20.5276374816895
1488,288.3,12.8070220947266
1489,288.5,2.6917839050293
1490,288.7,5.93322706222534
1491,288.9,24.7643051147461
1492,289.0,24.9923934936523
1493,289.1,45.2366676330566
1494,289.3,10.6120100021362
1495,289.5,1.61484038829803
1496,289.7,3.5522243976593
1497,289.9,10.0672149658203
1498,290.1,20.8055191040039
1499,290.2,16.6814365386963
1500,290.4,3.58698153495789
1501,290.5,3.37490057945251
1502,290.8,5.25683212280273
1503,290.9,5.09418964385986
1504,291.1,14.9798355102539
1505,291.2,12.0292739868164
1506,291.4,3.84310603141785
1507,291.7,2.18395686149597
1508,291.8,2.03422665596008
1509,292.0,8.172194480896
1510,292.1,6.60705757141113
1511,292.2,12.1115236282349
1512,292.4,3.70796847343445
1513,292.6,3.67498016357422
1514,292.7,2.94189429283142
1515,292.9,14.8377113342285
1516,293.1,25.9176616668701
1517,293.2,9.52144718170166
1518,293.3,8.57698726654053
1519,293.6,2.53232502937317
1520,293.7,1.50543916225433
1521,293.9,7.32758474349976
1522,294.1,13.3112230300903
1523,294.2,12.986291885376
1524,294.4,3.27107095718384
1525,294.6,3.05297613143921
1526,294.8,7.64915561676025
1527,295.0,34.802864074707
1528,295.1,50.4213333129883
1529,295.3,15.1490230560303
1530,295.5,2.38286018371582
1531,295.7,1.49022734165192
1532,295.9,9.57698726654053
1533,296.0,10.1008224487305
1534,296.2,27.0506763458252
1535,296.3,12.9663038253784
1536,296.6,4.39692211151123
1537,296.7,3.05315279960632
1538,296.9,17.2073936462402
1539,297.1,32.0682754516602
1540,297.2,13.1259393692017
1541,297.3,10.9222602844238
1542,297.5,1.44485712051392
1543,297.7,3.02042984962463
1544,297.8,3.34996008872986
1545,298.0,12.7909259796143
1546,298.1,8.89254474639893
1547,298.2,15.8069334030151
1548,298.4,4.71866989135742
1549,298.7,3.64393734931946
1550,298.8,4.84770488739014
1551,299.0,33.5167579650879
1552,299.1,47.9249153137207
1553,299.3,9.54187679290771
1554,299.4,4.98310804367065
1555,299.7,2.56336784362793
1556,299.8,3.13195371627808
1557,300.0,16.1097545623779
1558,300.2,23.5031394958496
1559,300.3,11.4272575378418
1560,300.5,1.68391263484955
1561,300.7,2.77509498596191
1562,300.8,2.92314505577087
1563,301.0,12.7408685684204
1564,301.1,7.88776874542236
1565,301.2,13.7696113586426
1566,301.4,3.16591501235962
1567,301.5,2.8010082244873
1568,301.8,3.12222528457642
1569,302.0,8.34376907348633
1570,302.2,12.9892101287842
1571,302.3,9.4606876373291
1572,302.5,3.27788090705872
1573,302.7,1.39586102962494
1574,302.9,5.42248153686523
1575,303.0,4.29804563522339
1576,303.2,10.2668256759644
1577,303.3,4.32272052764893
1578,303.4,4.19147443771362
1579,303.7,2.28787469863892
1580,303.8,1.75979483127594
1581,304.0,6.63907337188721
1582,304.2,9.7260103225708
1583,304.3,7.18431043624878
1584,304.5,2.94304418563843
1585,304.8,2.81029438972473
1586,305.0,5.68665409088135
1587,305.2,8.25347137451172
1588,305.3,5.42699193954468
1589,305.5,2.25143718719482
1590,305.8,2.53577423095703
1591,306.0,6.25267553329468
1592,306.1,4.19359683990479
1593,306.3,8.44671440124512
1594,306.4,2.36906337738037
1595,306.5,3.16211199760437
1596,306.7,1.46484482288361
1597,306.9,5.83850717544556
1598,307.0,4.15167617797852
1599,307.2,9.32599258422852
1600,307.3,3.68037509918213
1601,307.4,3.30927753448486
1602,307.6,0.826832950115204
1603,307.8,2.75095081329346
1604,308.0,6.32493162155151
1605,308.2,8.54691791534424
1606,308.3,4.07305192947388
1607,308.4,4.62748718261719
1608,308.7,2.52410006523132
1609,308.9,6.80419206619263
1610,309.1,11.2077474594116
1611,309.2,5.00132656097412
1612,309.3,5.96400451660156
1613,309.5,2.10321044921875
1614,309.8,3.26744484901428
1615,310.0,7.24100112915039
1616,310.2,10.7093839645386
1617,310.3,7.1913857460022
1618,310.6,2.8387725353241
1619,310.7,2.49960207939148
1620,310.9,11.5663747787476
1621,311.1,20.812593460083
1622,311.2,13.3725128173828
1623,311.4,2.54417610168457
1624,311.6,2.04581236839294
1625,311.8,3.87008047103882
1626,312.0,9.72954845428467
1627,312.2,12.8222341537476
1628,312.3,6.53595113754272
1629,312.5,1.66100645065308
1630,312.7,3.88025116920471
1631,312.9,12.1974000930786
1632,313.0,10.651985168457
1633,313.1,20.8622970581055
1634,313.3,7.29574584960938
1635,313.6,2.04881930351257
1636,313.7,1.39488816261292
1637,313.9,5.78809595108032
1638,314.0,5.19067811965942
1639,314.2,11.8048114776611
1640,314.3,7.49332284927368
1641,314.6,2.57645702362061
1642,314.8,3.31944823265076
1643,315.0,7.03458023071289
1644,315.1,4.47934913635254
1645,315.2,7.22605466842651
1646,315.4,3.22021746635437
1647,315.6,0.934023141860962
1648,315.8,2.7217652797699
1649,316.0,5.40567779541016
1650,316.1,4.02104902267456
1651,316.3,8.09746170043945
1652,316.4,3.98151588439941
1653,316.7,2.36809062957764
1654,316.9,3.44485712051392
1655,317.1,5.00344896316528
1656,317.3,5.52710723876953
1657,317.4,3.02051830291748
1658,317.7,1.73653483390808
1659,317.9,3.29371190071106
1660,318.1,5.82992839813232
1661,318.2,3.15998935699463
1662,318.3,4.90306901931763
1663,318.5,1.53842747211456
1664,318.7,1.75784909725189
1665,318.9,2.88653039932251
1666,319.1,4.61430978775024
1667,319.3,4.5490403175354
1668,319.4,1.77031922340393
1669,319.5,1.958167552948
1670,319.8,1.98505353927612
1671,320.0,4.18360328674316
1672,320.2,6.07977342605591
1673,320.4,5.12700080871582
1674,320.5,1.40612006187439
1675,320.7,1.86963832378387
1676,320.9,3.06597685813904
1677,321.1,4.96082067489624
1678,321.3,5.01706886291504
1679,321.4,1.5527548789978
1680,321.5,1.71937739849091
1681,321.7,0.84328293800354
1682,321.9,3.19961094856262
1683,322.1,5.2132306098938
1684,322.2,3.07517457008362
1685,322.3,4.75112771987915
1686,322.6,2.65225076675415
1687,322.8,4.93066263198853
1688,323.0,13.1017951965332
1689,323.1,15.7376842498779
1690,323.3,5.48297500610352
1691,323.6,2.15547895431519
1692,323.7,1.17564344406128
1693,323.9,5.03528785705566
1694,324.0,4.8572564125061
1695,324.2,9.23507595062256
1696,324.3,4.99283647537231
1697,324.5,1.76872730255127
1698,324.7,6.75678777694702
1699,324.9,33.4554710388184
1700,325.0,42.2501106262207
1701,325.1,61.0997619628906
1702,325.3,7.76978874206543
1703,325.6,2.27292823791504
1704,325.8,8.28645992279053
1705,326.0,25.1979312896729
1706,326.1,14.8134784698486
1707,326.2,12.8882989883423
1708,326.4,3.3539400100708
1709,326.7,7.10665941238403
1710,326.9,57.2593078613281
1711,327.1,203.441848754883
1712,327.2,38.2580718994141
1713,327.4,2.1630847454071
1714,327.7,4.89785099029541
1715,327.8,8.87671375274658
1716,328.0,48.4455642700195
1717,328.1,46.1297416687012
1718,328.3,8.79331398010254
1719,328.5,1.47413110733032
1720,328.7,5.46838235855103
1721,328.9,24.989917755127
1722,329.0,21.8646850585938
1723,329.1,34.1964263916016
1724,329.3,7.33819770812988
1725,329.6,2.39727592468262
1726,329.8,5.55576181411743
1727,329.9,4.84062957763672
1728,330.1,12.725567817688
1729,330.2,9.40665054321289
1730,330.4,3.93720698356628
1731,330.7,4.40841960906982
1732,330.9,8.77031898498535
1733,331.1,13.1843109130859
1734,331.2,8.31573390960693
1735,331.4,2.73680019378662
1736,331.7,2.09657740592957
1737,331.8,1.62616074085236
1738,332.0,5.45122480392456
1739,332.2,6.6071457862854
1740,332.3,4.27867698669434
1741,332.6,2.46617150306702
1742,332.8,3.08923673629761
1743,333.0,5.04934978485107
1744,333.2,5.38613271713257
1745,333.3,3.48509764671326
1746,333.6,1.75086224079132
1747,333.8,2.08622980117798
1748,334.0,4.02927398681641
1749,334.2,5.37543106079102
1750,334.3,4.19686937332153
1751,334.6,2.58936953544617
1752,334.7,1.1249668598175
1753,334.9,3.39895629882813
1754,335.1,4.56734752655029
1755,335.2,4.24206256866455
1756,335.4,2.40461659431458
1757,335.7,1.63146722316742
1758,335.9,2.59502959251404
1759,336.1,4.63022899627686
1760,336.2,2.89829301834106
1761,336.4,3.80454587936401
1762,336.5,1.02635538578033
1763,336.7,1.82736361026764
1764,336.8,1.46033430099487
1765,337.0,4.14760780334473
1766,337.2,5.03298854827881
1767,337.3,2.03484559059143
1768,337.5,2.26709127426147
1769,337.7,1.78225874900818
1770,337.9,2.75723004341125
1771,338.1,4.25302886962891
1772,338.2,2.32846903800964
1773,338.3,3.62368440628052
1774,338.5,1.28787481784821
1775,338.7,3.3282036781311
1776,338.9,10.1934204101563
1777,339.1,23.4305305480957
1778,339.2,12.3265237808228
1779,339.4,3.09861159324646
1780,339.6,0.869372963905334
1781,339.8,3.67498016357422
1782,340.0,9.3641996383667
1783,340.1,10.4631643295288
1784,340.3,2.43397903442383
1785,340.5,2.27938437461853
1786,340.7,5.27593517303467
1787,340.9,45.667552947998
1788,341.1,350.774658203125
1789,341.2,67.6296081542969
1790,341.3,12.1160345077515
1791,341.5,0.836915194988251
1792,341.7,3.8272750377655
1793,341.9,27.9274787902832
1794,342.1,108.305740356445
1795,342.2,29.5113639831543
1796,342.3,13.168568611145
1797,342.6,2.95038461685181
1798,342.7,3.00283002853394
1799,342.9,27.5493946075439
1800,343.0,37.4120445251465
1801,343.1,72.5373687744141
1802,343.3,8.62430381774902
1803,343.4,3.56151056289673
1804,343.7,2.991863489151
1805,343.9,10.5539932250977
1806,344.1,23.0841064453125
1807,344.2,14.1475191116333
1808,344.4,4.32696580886841
1809,344.6,1.83213937282562
1810,344.8,10.4747505187988
1811,345.0,32.0725212097168
1812,345.1,34.0858764648438
1813,345.3,10.0302467346191
1814,345.5,1.1149730682373
1815,345.7,2.79437518119812
1816,345.9,7.94286727905273
1817,346.1,13.5036706924438
1818,346.2,10.2563896179199
1819,346.4,2.08322286605835
1820,346.6,2.44361901283264
1821,346.7,1.76368618011475
1822,346.9,6.69311046600342
1823,347.1,11.0636777877808
1824,347.2,7.69983196258545
1825,347.4,2.92358708381653
1826,347.6,0.701512336730957
1827,347.8,2.37260103225708
1828,348.0,4.21491098403931
1829,348.1,2.64614844322205
1830,348.3,4.99902725219727
1831,348.5,2.97293710708618
1832,348.7,3.5859203338623
1833,348.9,8.12249088287354
1834,349.1,10.9229679107666
1835,349.2,3.90642952919006
1836,349.3,3.69249129295349
1837,349.6,1.74343323707581
1838,349.8,3.00866723060608
1839,350.0,4.92119932174683
1840,350.1,2.80666851997375
1841,350.3,4.92049169540405
1842,350.4,2.76094460487366
1843,350.7,2.2826566696167
1844,350.9,3.83903765678406
1845,351.1,5.13973665237427
1846,351.3,4.54055023193359
1847,351.4,2.45246315002441
1848,351.6,0.765278160572052
1849,351.8,1.97842049598694
1850,351.9,1.65914916992188
1851,352.1,4.25090646743774
1852,352.3,4.016273021698
1853,352.5,2.82541799545288
1854,352.7,2.38383293151855
1855,352.9,4.69257974624634
1856,353.1,6.34766054153442
1857,353.3,5.38277196884155
1858,353.4,2.33094549179077
1859,353.6,0.793932974338531
1860,353.8,2.34934115409851
1861,353.9,1.84045279026031
1862,354.1,4.90581035614014
1863,354.2,4.06137800216675
1864,354.5,1.89581680297852
1865,354.7,3.72716021537781
1866,354.8,6.11939525604248
1867,355.0,97.2460403442383
1868,355.1,429.045288085938
1869,355.3,20.0221977233887
1870,355.6,1.54329180717468
1871,355.8,6.82639074325562
1872,356.0,54.7135391235352
1873,356.1,137.060668945313
1874,356.3,13.520562171936
1875,356.4,4.98072004318237
1876,356.7,3.09047484397888
1877,356.9,20.4012565612793
1878,357.1,97.1022338867188
1879,357.2,33.7667808532715
1880,357.3,15.8534536361694
1881,357.6,1.9700186252594
1882,357.8,4.41222238540649
1883,357.9,5.67383050918579
1884,358.1,24.6250991821289
1885,358.2,18.3317413330078
1886,358.4,4.12523221969604
1887,358.7,3.65012812614441
1888,358.9,13.4563541412354
1889,359.1,38.9358787536621
1890,359.2,24.7400722503662
1891,359.4,3.01600790023804
1892,359.5,2.09339356422424
1893,359.8,3.7554612159729
1894,360.0,9.34836864471436
1895,360.2,13.2891130447388
1896,360.3,7.21614933013916
1897,360.6,1.97196424007416
1898,360.8,3.57159280776978
1899,361.0,7.58636236190796
1900,361.2,10.5988321304321
1901,361.3,5.15291404724121
1902,361.5,0.953745484352112
1903,361.7,1.72450697422028
1904,361.9,3.0042450428009
1905,362.0,2.30750870704651
1906,362.2,5.66870069503784
1907,362.3,4.69098806381226
1908,362.5,1.31537985801697
1909,362.7,3.12249040603638
1910,362.8,2.64650225639343
1911,363.0,9.81595516204834
1912,363.2,10.7989740371704
1913,363.3,5.48297500610352
1914,363.5,2.26426100730896
1915,363.8,2.58344388008118
1916,363.9,2.15892815589905
1917,364.1,5.54815578460693
1918,364.2,2.86716198921204
1919,364.3,4.72636413574219
1920,364.5,1.41452193260193
1921,364.7,1.99699306488037
1922,364.8,1.20810115337372
1923,365.0,3.81002926826477
1924,365.2,4.78712320327759
1925,365.3,3.52215433120728
1926,365.5,1.96780753135681
1927,365.8,1.79313695430756
1928,365.9,1.52657639980316
1929,366.1,3.59785962104797
1930,366.2,2.17590880393982
1931,366.4,3.77199959754944
1932,366.6,2.63986921310425
1933,366.8,4.24807643890381
1934,367.0,7.57194662094116
1935,367.1,4.46289920806885
1936,367.2,7.08764505386353
1937,367.4,2.51923584938049
1938,367.5,2.04103660583496
1939,367.8,2.60511183738708
1940,367.9,1.78181660175323
1941,368.1,4.47103548049927
1942,368.2,4.22561264038086
1943,368.4,2.73511981964111
1944,368.7,2.85265755653381
1945,368.8,3.29238533973694
1946,369.0,12.728928565979
1947,369.2,18.2660293579102
1948,369.3,6.03714513778687
1949,369.4,4.04616594314575
1950,369.6,1.01476955413818
1951,369.8,2.41098427772522
1952,369.9,2.36862111091614
1953,370.1,7.62686824798584
1954,370.3,7.10294485092163
1955,370.4,3.41071891784668
1956,370.6,1.12107539176941
1957,370.8,5.03785276412964
1958,370.9,4.69806337356567
1959,371.1,12.5186166763306
1960,371.2,9.22463989257813
1961,371.4,1.96117448806763
1962,371.5,1.95056164264679
1963,371.8,2.5285222530365
1964,372.0,4.74361038208008
1965,372.2,6.00663328170776
1966,372.3,2.33978962898254
1967,372.4,2.72494912147522
1968,372.7,2.85822939872742
1969,372.9,7.63385534286499
1970,373.1,14.5706195831299
1971,373.2,7.49915981292725
1972,373.3,7.48483228683472
1973,373.5,1.03528785705566
1974,373.7,1.75882196426392
1975,373.8,1.57769525051117
1976,374.0,5.49199628829956
1977,374.2,7.84089517593384
1978,374.3,3.2445387840271
1979,374.4,3.71239066123962
1980,374.7,2.14973020553589
1981,374.9,3.08472633361816
1982,375.1,5.29928350448608
1983,375.3,4.93703031539917
1984,375.4,2.67391872406006
1985,375.7,1.31537985801697
1986,375.9,2.35376310348511
1987,376.1,3.47996807098389
1988,376.3,5.82754039764404
1989,376.4,4.73255491256714
1990,376.6,0.913239598274231
1991,376.8,1.86035203933716
1992,376.9,1.26647210121155
1993,377.1,3.41416811943054
1994,377.3,3.94198274612427
1995,377.4,2.72945952415466
1996,377.7,1.45847702026367
1997,377.9,1.9563102722168
1998,378.1,3.30352878570557
1999,378.3,4.93588066101074
2000,378.4,4.46564054489136
2001,378.6,1.74679398536682
2002,378.8,1.06270456314087
2003,379.0,2.47306966781616
2004,379.2,3.33925890922546
2005,379.3,2.00318384170532
2006,379.4,3.97877430915833
2007,379.7,1.49765634536743
2008,379.8,0.697532474994659
2009,380.0,2.288405418396
2010,380.2,4.09259748458862
2011,380.3,2.4614839553833
2012,380.4,4.52807998657227
2013,380.7,2.06809949874878
2014,380.8,1.10913598537445
2015,381.0,3.28124165534973
2016,381.2,3.85531091690063
2017,381.4,6.17546653747559
2018,381.5,2.55240106582642
2019,381.7,0.779870867729187
2020,381.9,1.90306890010834
2021,382.1,3.03422665596008
2022,382.2,2.17175197601318
2023,382.4,6.60670375823975
2024,382.5,2.29946041107178
2025,382.7,3.39294242858887
2026,382.8,2.6504819393158
2027,383.0,7.68930768966675
2028,383.2,8.52339267730713
2029,383.3,5.13274955749512
2030,383.5,1.32015562057495
2031,383.7,2.20359063148499
2032,383.8,1.38091444969177
2033,384.0,4.24595403671265
2034,384.2,4.7004508972168
2035,384.4,3.39975237846375
2036,384.5,1.44468033313751
2037,384.7,4.59043073654175
2038,384.9,13.0483770370483
2039,385.1,21.7980899810791
2040,385.2,11.4634294509888
2041,385.4,2.93994879722595
2042,385.7,2.67949056625366
2043,385.8,2.43291759490967
2044,386.0,8.20880889892578
2045,386.2,7.70832204818726
2046,386.3,3.96205878257751
2047,386.5,1.23339521884918
2048,386.7,4.05607128143311
2049,386.8,5.27655458450317
2050,387.0,24.2758464813232
2051,387.1,26.2892017364502
2052,387.3,5.51985502243042
2053,387.4,2.9724063873291
2054,387.7,2.41009998321533
2055,387.9,6.95471811294556
2056,388.1,11.3689746856689
2057,388.2,9.32325077056885
2058,388.4,1.92606353759766
2059,388.5,2.51790928840637
2060,388.8,4.11453104019165
2061,389.0,7.37932252883911
2062,389.2,7.96329689025879
2063,389.3,4.12249040603638
2064,389.6,1.60122048854828
2065,389.8,2.0037145614624
2066,390.0,3.30848145484924
2067,390.1,2.21278858184814
2068,390.3,4.22189807891846
2069,390.5,3.19306635856628
2070,390.7,1.99177503585815
2071,390.9,2.49058103561401
2072,391.0,1.76775443553925
2073,391.2,3.54284954071045
2074,391.4,2.38604402542114
2075,391.5,0.887945532798767
2076,391.7,1.66861236095428
2077,391.9,1.84752810001373
2078,392.1,2.92827463150024
2079,392.3,3.72627568244934
2080,392.5,4.28318738937378
2081,392.6,1.14468908309937
2082,392.8,1.64623689651489
2083,393.0,2.09029793739319
2084,393.1,1.08543384075165
2085,393.3,2.98310780525208
2086,393.4,1.51516759395599
2087,393.5,2.33156442642212
2088,393.8,1.22614312171936
2089,394.0,1.77253031730652
2090,394.2,3.34235429763794
2091,394.3,3.50579285621643
2092,394.4,9.58176326751709
2093,394.6,1.53214824199677
2094,394.8,1.54780220985413
2095,394.9,0.73237818479538
2096,395.1,2.1769700050354
2097,395.3,2.90050411224365
2098,395.4,4.25523996353149
2099,395.6,1.72468388080597
2100,395.9,1.57106220722198
2101,396.1,2.31971335411072
2102,396.3,4.32104015350342
2103,396.4,13.9477310180664
2104,396.6,1.16724157333374
2105,396.8,2.19545412063599
2106,397.0,2.89546298980713
2107,397.2,3.38400983810425
2108,397.4,4.8668966293335
2109,397.5,2.18041920661926
2110,397.6,2.19094371795654
2111,397.9,1.92420625686646
2112,398.1,2.55125141143799
2113,398.3,2.88803386688232
2114,398.4,2.34863352775574
2115,398.6,3.52436542510986
2116,398.8,6.75554943084717
2117,399.0,18.6749801635742
2118,399.1,18.3924999237061
2119,399.3,4.37985324859619
2120,399.4,3.26090025901794
2121,399.7,2.21278858184814
2122,399.9,5.63323593139648
2123,400.1,9.41593742370605
2124,400.2,5.93251991271973
2125,400.5,2.23613691329956
2126,400.7,6.0105242729187
2127,400.9,37.0640296936035
2128,401.0,55.6611824035645
2129,401.1,91.1533584594727
2130,401.3,10.9307508468628
2131,401.5,1.19598484039307
2132,401.7,4.03617238998413
2133,401.8,6.51322174072266
2134,402.0,32.6326179504395
2135,402.1,35.4353942871094
2136,402.3,8.18466472625732
2137,402.6,3.12841606140137
2138,402.8,8.5727424621582
2139,403.0,26.399133682251
2140,403.1,26.522066116333
2141,403.3,5.16414594650269
2142,403.4,2.88423109054565
2143,403.6,0.982488751411438
2144,403.8,4.06084728240967
2145,403.9,3.68355894088745
2146,404.1,8.85283470153809
2147,404.2,6.11373472213745
2148,404.4,2.41045379638672
2149,404.7,3.0951623916626
2150,404.9,6.84903144836426
2151,405.0,4.63500499725342
2152,405.1,11.4582118988037
2153,405.3,2.6140444278717
2154,405.4,2.06456184387207
2155,405.7,1.85141944885254
2156,405.9,3.06783413887024
2157,406.1,4.31387615203857
2158,406.2,2.51180672645569
2159,406.3,2.49818706512451
2160,406.6,1.9305739402771
2161,406.8,2.51958966255188
2162,407.0,3.28159546852112
2163,407.2,4.35234832763672
2164,407.3,1.54567968845367
2165,407.4,2.04696202278137
2166,407.7,1.63305914402008
2167,407.9,1.82453346252441
2168,408.1,2.78128600120544
2169,408.2,1.66560542583466
2170,408.4,2.49226140975952
2171,408.5,1.25470948219299
2172,408.7,2.19607329368591
2173,408.8,1.24975681304932
2174,409.0,2.73167061805725
2175,409.2,2.80666851997375
2176,409.3,1.99239408969879
2177,409.5,1.45069420337677
2178,409.7,0.638984680175781
2179,409.9,1.57645702362061
2180,410.1,2.1430971622467
2181,410.3,2.50756168365479
2182,410.5,2.33554434776306
2183,410.7,1.72052705287933
2184,410.8,0.712213695049286
2185,411.0,1.9701954126358
2186,411.2,2.04501628875732
2187,411.4,1.64137256145477
2188,411.5,1.44697976112366
2189,411.8,1.35314404964447
2190,411.9,0.722472786903381
2191,412.1,1.75298488140106
2192,412.2,0.974882841110229
2193,412.4,1.99433982372284
2194,412.6,1.58724689483643
2195,412.8,2.57689929008484
2196,412.9,2.09480857849121
2197,413.1,5.06765699386597
2198,413.2,2.47678422927856
2199,413.3,3.14813828468323
2200,413.6,1.51720178127289
2201,413.8,1.70425403118134
2202,414.0,2.79012989997864
2203,414.2,3.33492517471313
2204,414.3,1.20739364624023
2205,414.5,1.39550721645355
2206,414.7,2.79322552680969
2207,414.9,16.6708240509033
2208,415.1,151.400909423828
2209,415.2,101.237022399902
2210,415.4,3.17918109893799
2211,415.6,1.68603515625
2212,415.7,1.39948701858521
2213,415.9,13.5078268051147
2214,416.1,60.8714065551758
2215,416.2,45.3737525939941
2216,416.4,4.958167552948
2217,416.7,2.88679575920105
2218,416.9,14.1404438018799
2219,417.0,19.0331649780273
2220,417.1,47.4677619934082
2221,417.3,15.1251440048218
2222,417.5,1.32749629020691
2223,417.7,2.04032897949219
2224,417.9,6.08684873580933
2225,418.1,13.989917755127
2226,418.2,11.5583267211914
2227,418.4,3.49058103561401
2228,418.7,2.20686292648315
2229,418.9,6.74590969085693
2230,419.0,5.61899709701538
2231,419.2,11.1217832565308
2232,419.3,5.62465715408325
2233,419.5,1.71743166446686
2234,419.7,0.748474419116974
2235,419.9,2.7811975479126
2236,420.0,2.01821875572205
2237,420.2,4.41885566711426
2238,420.3,2.96586179733276
2239,420.5,0.93800300359726
2240,420.7,1.59432208538055
2241,420.8,1.16432297229767
2242,421.0,4.31414175033569
2243,421.1,5.21438026428223
2244,421.3,3.59626770019531
2245,421.5,1.23038828372955
2246,421.8,1.40718138217926
2247,421.9,0.981604337692261
2248,422.1,2.50030946731567
2249,422.2,1.56787824630737
2250,422.4,2.2245512008667
2251,422.6,1.55248963832855
2252,422.7,0.879985868930817
2253,422.9,2.78632712364197
2254,423.0,1.71194839477539
2255,423.2,3.38029527664185
2256,423.3,1.23710978031158
2257,423.4,1.70690727233887
2258,423.7,1.24073576927185
2259,423.8,0.761032998561859
2260,424.0,2.1031219959259
2261,424.2,2.11506152153015
2262,424.3,1.1412398815155
2263,424.4,1.29981422424316
2264,424.7,1.37286639213562
2265,424.9,1.71672415733337
2266,425.1,2.16662240028381
2267,425.3,1.78836119174957
2268,425.4,1.21995222568512
2269,425.7,1.12762010097504
2270,425.9,1.41390287876129
2271,426.0,0.643937408924103
2272,426.2,1.76978862285614
2273,426.4,1.41275310516357
2274,426.5,0.693110466003418
2275,426.7,1.5566463470459
2276,426.9,2.42124342918396
2277,427.0,1.31882905960083
2278,427.1,2.88555765151978
2279,427.3,1.97461748123169
2280,427.5,1.25462102890015
2281,427.8,1.1810382604599
2282,428.0,2.09277439117432
2283,428.1,1.09489691257477
2284,428.3,1.96692311763763
2285,428.4,0.837534248828888
2286,428.6,1.58981156349182
2287,428.7,1.80666840076447
2288,428.9,14.9761209487915
2289,429.1,67.4203567504883
2290,429.2,61.9834632873535
2291,429.4,4.97116851806641
2292,429.7,2.05713272094727
2293,429.9,9.34270763397217
2294,430.1,32.5728302001953
2295,430.2,24.3050327301025
2296,430.4,4.9648003578186
2297,430.7,2.68895363807678
2298,430.9,8.80507659912109
2299,431.1,24.9652423858643
2300,431.2,16.6258068084717
2301,431.3,9.87361812591553
2302,431.6,1.91704249382019
2303,431.8,2.67480325698853
2304,432.0,6.13814449310303
2305,432.2,10.4206247329712
2306,432.3,4.75846815109253
2307,432.5,0.827275156974792
2308,432.7,1.79764747619629
2309,432.9,5.40045976638794
2310,433.0,4.89979648590088
2311,433.2,11.6971788406372
2312,433.3,3.71672415733337
2313,433.4,2.97682857513428
2314,433.6,0.591403543949127
2315,433.8,1.75793755054474
2316,433.9,1.61466348171234
2317,434.1,4.75944089889526
2318,434.2,2.09180164337158
2319,434.3,3.34934115409851
2320,434.5,1.44857168197632
2321,434.7,0.636066138744354
2322,434.9,2.27929592132568
2323,435.0,1.58689308166504
2324,435.2,3.71530914306641
2325,435.3,1.50269746780396
2326,435.4,1.72141146659851
2327,435.7,1.0416556596756
2328,435.9,1.46157252788544
2329,436.1,2.04333591461182
2330,436.3,1.96577346324921
2331,436.5,1.37366235256195
2332,436.6,0.650570452213287
2333,436.8,1.61926245689392
2334,437.0,2.62253475189209
2335,437.2,3.12974262237549
2336,437.4,2.34916424751282
2337,437.5,1.14964187145233
2338,437.8,1.37773060798645
2339,437.9,0.849385321140289
2340,438.1,2.01521182060242
2341,438.2,0.801715731620789
2342,438.4,1.72371101379395
2343,438.6,1.42601931095123
2344,438.8,1.2663836479187
2345,438.9,0.759352624416351
2346,439.1,1.94366323947906
2347,439.3,1.75307333469391
2348,439.4,1.34774923324585
2349,439.7,1.0477579832077
2350,439.9,1.37092065811157
2351,440.0,0.751923561096191
2352,440.2,1.62792956829071
2353,440.3,0.679932773113251
2354,440.5,1.22729277610779
2355,440.7,1.51446008682251
2356,440.9,2.15857434272766
2357,441.1,2.92217206954956
2358,441.2,1.26311135292053
2359,441.3,1.84620141983032
2360,441.6,1.04952681064606
2361,441.8,1.15158748626709
2362,442.0,1.70681881904602
2363,442.2,1.92066860198975
2364,442.4,1.56743609905243
2365,442.5,0.707880079746246
2366,442.7,1.54223048686981
2367,442.9,2.43848943710327
2368,443.0,1.60272395610809
2369,443.2,3.16043162345886
2370,443.3,2.107013463974
2371,443.5,0.598036587238312
2372,443.7,1.20730519294739
2373,443.9,1.81949234008789
2374,444.1,2.29946041107178
2375,444.2,2.12876987457275
2376,444.5,1.8707879781723
2377,444.7,2.29512691497803
2378,444.9,3.86831164360046
2379,445.1,5.28504467010498
2380,445.2,4.76032543182373
2381,445.4,1.96577346324921
2382,445.6,0.690545678138733
2383,445.8,1.78040146827698
2384,446.0,2.96099758148193
2385,446.1,1.5646059513092
2386,446.3,2.89900064468384
2387,446.4,0.969399511814117
2388,446.6,1.58804285526276
2389,446.7,1.27788090705872
2390,446.9,4.22791194915771
2391,447.1,5.38135671615601
2392,447.2,2.59865570068359
2393,447.3,3.12001419067383
2394,447.5,0.622534692287445
2395,447.7,1.52993714809418
2396,447.8,1.09896528720856
2397,448.0,2.71592807769775
2398,448.2,2.61828947067261
2399,448.3,1.27690815925598
2400,448.5,1.73343944549561
2401,448.6,0.619704604148865
2402,448.8,1.6143981218338
2403,449.0,2.02688598632813
2404,449.2,2.5585036277771
2405,449.3,1.55894577503204
2406,449.6,1.08171927928925
2407,449.7,0.585920214653015
2408,449.9,1.21004688739777
2409,450.0,0.799593150615692
2410,450.2,1.47625362873077
2411,450.4,1.42619621753693
2412,450.6,1.18961703777313
2413,450.8,1.30529761314392
2414,451.0,1.30441319942474
2415,451.1,0.766870081424713
2416,451.3,1.41867864131927
2417,451.4,0.677367985248566
2418,451.6,0.978862643241882
2419,451.8,0.957459986209869
2420,452.0,1.44901382923126
2421,452.1,0.7037233710289
2422,452.2,1.42159724235535
2423,452.4,0.697797834873199
2424,452.6,1.13434159755707
2425,452.7,0.52135843038559
2426,452.9,1.05465638637543
2427,453.0,0.627664268016815
2428,453.2,1.38224112987518
2429,453.3,0.673034429550171
2430,453.5,1.05651366710663
2431,453.7,1.13443005084991
2432,453.9,1.04952681064606
2433,454.1,1.41178035736084
2434,454.2,0.677014231681824
2435,454.4,1.29273903369904
2436,454.6,1.18669855594635
2437,454.7,1.22534716129303
2438,454.9,0.617758929729462
2439,455.1,1.44423806667328
2440,455.3,1.31378793716431
2441,455.4,1.34881043434143
2442,455.7,1.09065175056458
2443,455.8,0.578668057918549
2444,456.0,1.27337050437927
2445,456.2,1.2106659412384
2446,456.4,1.26496863365173
2447,456.6,1.14813828468323
2448,456.7,0.703281164169312
2449,456.9,1.86556994915009
2450,457.0,1.17175197601318
2451,457.2,2.1932430267334
2452,457.3,1.38905107975006
2453,457.6,1.1769700050354
2454,457.8,1.27054035663605
2455,457.9,1.78783059120178
2456,458.1,0.790837526321411
2457,458.3,1.59405672550201
2458,458.5,1.23259925842285
2459,458.6,0.81666225194931
2460,458.8,3.82594847679138
2461,458.9,3.57636857032776
2462,459.1,7.91730785369873
2463,459.2,5.71389389038086
2464,459.4,1.81082510948181
2465,459.6,0.692137598991394
2466,459.8,2.4159369468689
2467,460.0,4.01406192779541
2468,460.2,3.73503136634827
2469,460.3,2.14990711212158
2470,460.5,0.962058901786804
2471,460.7,4.36092662811279
2472,460.9,15.9805431365967
2473,461.1,34.2002296447754
2474,461.2,22.969575881958
2475,461.4,3.85796403884888
2476,461.7,2.49261522293091
2477,461.9,8.27735042572021
2478,462.1,14.3966569900513
2479,462.2,10.9324312210083
2480,462.4,1.89705491065979
2481,462.6,2.22092509269714
2482,462.7,1.56177592277527
2483,462.9,6.90174245834351
2484,463.0,4.80941009521484
2485,463.2,9.87538719177246
2486,463.3,4.95268440246582
2487,463.5,0.778898000717163
2488,463.7,1.57504200935364
2489,463.9,2.99071383476257
2490,464.1,3.76200580596924
2491,464.2,3.20792436599731
2492,464.5,1.58229410648346
2493,464.7,1.6240382194519
2494,464.9,2.60953402519226
2495,465.1,3.03024673461914
2496,465.2,1.36729454994202
2497,465.4,1.75059700012207
2498,465.5,0.495887517929077
2499,465.7,1.0096400976181
2500,465.9,1.48474395275116
2501,466.1,1.83939146995544
2502,466.2,1.54736006259918
2503,466.4,1.19005930423737
2504,466.7,0.897674024105072
2505,466.9,1.52949500083923
2506,467.0,0.709560453891754
2507,467.1,1.50543916225433
2508,467.4,1.23259925842285
2509,467.6,0.969753265380859
2510,467.8,1.13266122341156
2511,468.0,1.2306535243988
2512,468.1,0.547360062599182
2513,468.3,1.24055898189545
2514,468.5,1.15565574169159
2515,468.7,0.883611917495728
2516,468.9,1.1414167881012
2517,469.1,1.31644117832184
2518,469.2,0.598036587238312
2519,469.4,1.17900419235229
2520,469.6,1.01538872718811
2521,469.7,0.445741564035416
2522,469.9,1.29459631443024
2523,470.1,1.17635095119476
2524,470.2,0.591757297515869
2525,470.4,1.1012647151947
2526,470.5,0.520031809806824
2527,470.6,1.16485357284546
2528,470.9,1.3935614824295
2529,471.1,1.46369504928589
2530,471.3,1.39037764072418
2531,471.4,0.655965328216553
2532,471.6,1.01494646072388
2533,471.8,1.14787304401398
2534,472.0,1.39701068401337
2535,472.2,1.30352878570557
2536,472.4,1.28752100467682
2537,472.6,1.19510042667389
2538,472.8,2.2471034526825
2539,473.0,3.96718835830688
2540,473.2,4.45325899124146
2541,473.3,2.94587421417236
2542,473.6,1.29583442211151
2543,473.8,1.48828160762787
2544,474.0,2.60626149177551
2545,474.2,2.70566916465759
2546,474.3,1.70230829715729
2547,474.6,1.50561594963074
2548,474.8,4.49005031585693
2549,475.0,31.0162734985352
2550,475.2,85.7373275756836
2551,475.3,28.7016887664795
2552,475.5,1.44989824295044
2553,475.7,2.11629962921143
2554,475.9,8.4120454788208
2555,476.1,29.5027866363525
2556,476.2,31.2976036071777
2557,476.4,7.23489856719971
2558,476.7,2.52993726730347
2559,476.9,7.36419916152954
2560,477.1,20.5190582275391
2561,477.2,10.8640661239624
2562,477.3,12.2099580764771
2563,477.5,1.31821000576019
2564,477.7,1.58742368221283
2565,477.9,3.76970028877258
2566,478.1,6.94896984100342
2567,478.3,6.45723867416382
2568,478.4,3.37879180908203
2569,478.7,1.76094460487366
2570,478.9,3.18050765991211
2571,479.1,5.19757652282715
2572,479.2,5.7974705696106
2573,479.4,2.01220488548279
2574,479.7,1.12470149993896
2575,479.9,1.75581502914429
2576,480.1,2.75493049621582
2577,480.2,2.32095170021057
2578,480.4,0.647917211055756
2579,480.6,1.10020339488983
2580,480.7,0.493499606847763
2581,480.9,1.56204116344452
2582,481.1,2.21225786209106
2583,481.3,1.92509067058563
2584,481.4,1.03343057632446
2585,481.7,0.989475548267365
2586,481.8,0.621650278568268
2587,482.0,1.41257631778717
2588,482.1,0.691518545150757
2589,482.3,1.3082160949707
2590,482.5,1.23622536659241
2591,482.6,0.475280791521072
2592,482.8,1.35491287708282
2593,483.0,1.49464929103851
2594,483.2,1.58450520038605
2595,483.3,1.29760324954987
2596,483.6,1.14973020553589
2597,483.8,1.07101798057556
2598,484.0,1.28115332126617
2599,484.2,1.48615896701813
2600,484.3,1.14796149730682
2601,484.5,0.444503396749496
2602,484.7,0.922525882720947
2603,484.9,1.43893158435822
2604,485.1,1.30467855930328
2605,485.3,1.29477310180664
2606,485.5,0.976651608943939
2607,485.7,0.78694611787796
2608,485.9,1.19120895862579
2609,486.1,1.14893424510956
2610,486.3,1.29265058040619
2611,486.5,1.22649681568146
2612,486.6,0.749358832836151
2613,486.8,1.63244009017944
2614,487.0,2.01105499267578
2615,487.2,2.52436542510986
2616,487.4,1.76589727401733
2617,487.6,1.24303531646729
2618,487.7,0.528875946998596
2619,487.9,1.50013267993927
2620,488.1,1.65348899364471
2621,488.3,1.72017335891724
2622,488.5,1.51755547523499
2623,488.7,1.83664989471436
2624,488.8,2.37666940689087
2625,489.0,25.5164947509766
2626,489.1,38.6530456542969
2627,489.2,71.6290817260742
2628,489.4,7.16228866577148
2629,489.7,2.02308297157288
2630,489.8,1.80772972106934
2631,490.0,18.3308563232422
2632,490.2,39.3390808105469
2633,490.3,18.0007953643799
2634,490.5,2.41850185394287
2635,490.8,3.38843202590942
2636,491.0,14.7272481918335
2637,491.2,26.2025299072266
2638,491.3,10.3052978515625
2639,491.4,5.50358200073242
2640,491.6,0.830724358558655
2641,491.8,2.2106659412384
2642,492.0,6.12125253677368
2643,492.2,8.58963489532471
2644,492.3,6.35261344909668
2645,492.5,0.993720710277557
2646,492.7,1.83090126514435
2647,492.9,3.2702751159668
2648,493.1,5.70451927185059
2649,493.3,6.14327430725098
2650,493.4,1.72105777263641
2651,493.5,1.54576814174652
2652,493.8,1.4711240530014
2653,494.0,2.33085703849792
2654,494.1,1.43963921070099
2655,494.3,2.74024939537048
2656,494.4,1.59281861782074
2657,494.7,1.26602983474731
2658,494.9,1.8208190202713
2659,495.1,2.28990888595581
2660,495.3,2.47324657440186
2661,495.4,1.67232692241669
2662,495.7,1.033695936203
2663,495.9,1.37348544597626
2664,496.0,0.675333857536316
2665,496.2,1.58556652069092
2666,496.3,1.39524185657501
2667,496.5,0.53161758184433
2668,496.7,1.08905982971191
2669,496.9,1.67533385753632
2670,497.1,1.75227737426758
2671,497.3,2.00132656097412
2672,497.4,1.44600689411163
2673,497.6,0.563456237316132
2674,497.8,1.12461304664612
2675,498.0,1.40673923492432
2676,498.2,1.52772617340088
2677,498.4,1.33492529392242
2678,498.5,0.401698052883148
2679,498.7,0.883965671062469
2680,498.8,0.495356857776642
2681,499.0,1.38100290298462
2682,499.1,0.609003245830536
2683,499.3,1.36959409713745
2684,499.5,1.09303975105286
2685,499.7,1.21323072910309
2686,499.8,0.744936764240265
2687,500.0,1.51056861877441
2688,500.2,1.43123733997345
2689,500.3,0.493057399988174
2690,500.5,1.04121339321136
2691,500.7,1.21597242355347
2692,500.8,0.547094702720642
2693,501.0,1.39904487133026
2694,501.2,1.66118335723877
2695,501.3,0.72008490562439
2696,501.4,1.28115332126617
2697,501.7,1.0657114982605
2698,501.9,1.56089150905609
2699,502.1,1.56115674972534
2700,502.3,1.17307865619659
2701,502.5,1.17900419235229
2702,502.7,1.7077032327652
2703,502.9,5.10329866409302
2704,503.1,12.0045108795166
2705,503.2,14.9609088897705
2706,503.4,3.39603781700134
2707,503.7,1.50473153591156
2708,503.8,1.29123556613922
2709,504.0,4.12947750091553
2710,504.2,8.44653797149658
2711,504.3,4.46581745147705
2712,504.5,1.77005398273468
2713,504.7,0.824710369110107
2714,504.9,3.3839213848114
2715,505.0,2.51392936706543
2716,505.2,6.85371875762939
2717,505.3,4.09321641921997
2718,505.5,1.47749185562134
2719,505.7,0.738215267658234
2720,505.9,1.92562127113342
2721,506.0,1.25939679145813
2722,506.2,3.37719988822937
2723,506.4,2.17184042930603
2724,506.6,1.42345452308655
2725,506.8,1.65879547595978
2726,507.0,4.03794097900391
2727,507.1,2.60068988800049
2728,507.3,4.644202709198
2729,507.4,2.24489259719849
2730,507.7,1.22649681568146
2731,507.9,1.80728757381439
2732,508.0,1.23507559299469
2733,508.2,2.86592388153076
2734,508.3,2.33607506752014
2735,508.6,1.23852479457855
2736,508.7,0.596621572971344
2737,508.9,1.57345008850098
2738,509.0,1.03696823120117
2739,509.2,2.01653838157654
2740,509.4,1.57406914234161
2741,509.5,0.475899875164032
2742,509.7,1.11612272262573
2743,509.9,1.26151943206787
2744,510.1,1.22968077659607
2745,510.3,1.44866013526917
2746,510.4,1.08189618587494
2747,510.7,1.04333603382111
2748,510.9,1.27911913394928
2749,511.0,0.84735119342804
2750,511.2,1.5149906873703
2751,511.3,0.654108047485352
2752,511.4,1.16379237174988
2753,511.6,0.409923046827316
2754,511.8,1.02520561218262
2755,511.9,0.464933216571808
2756,512.1,1.19598484039307
2757,512.2,0.622004091739655
2758,512.4,1.24391973018646
2759,512.6,1.03051209449768
2760,512.8,1.11780309677124
2761,513.0,1.17714691162109
2762,513.2,1.2943309545517
2763,513.4,1.09781551361084
2764,513.6,0.932696580886841
2765,513.8,1.03077733516693
2766,514.0,1.00689840316772
2767,514.2,1.05501019954681
2768,514.4,1.09100556373596
2769,514.6,0.900504112243652
2770,514.7,0.585566461086273
2771,514.8,1.43344831466675
2772,515.1,1.62527632713318
2773,515.3,1.59016537666321
2774,515.5,1.17042541503906
2775,515.7,1.09188997745514
2776,515.9,1.11806845664978
2777,516.1,1.10453701019287
2778,516.2,1.11391174793243
2779,516.5,1.04820024967194
2780,516.6,0.530202507972717
2781,516.8,1.23198020458221
2782,517.0,1.42301225662231
2783,517.2,1.90713715553284
2784,517.4,1.16927564144135
2785,517.5,0.650039792060852
2786,517.7,1.12195980548859
2787,517.9,1.19775354862213
2788,518.0,0.639250040054321
2789,518.2,1.42451584339142
2790,518.4,1.13672947883606
2791,518.6,1.06907224655151
2792,518.8,1.87202620506287
2793,519.0,3.00221109390259
2794,519.2,3.15379858016968
2795,519.3,2.06862998008728
2796,519.5,0.737419307231903
2797,519.7,1.33359861373901
2798,519.9,1.73565053939819
2799,520.0,1.129035115242
2800,520.2,2.04174399375916
2801,520.3,1.55974173545837
2802,520.6,1.39497661590576
2803,520.7,0.909259736537933
2804,520.9,3.53197145462036
2805,521.1,5.10957813262939
2806,521.2,3.94649338722229
2807,521.4,1.18625628948212
2808,521.6,1.33510220050812
2809,521.7,0.724241614341736
2810,521.9,2.07561683654785
2811,522.1,2.66516327857971
2812,522.3,2.32440090179443
2813,522.5,1.31511449813843
2814,522.6,0.727602362632751
2815,522.8,1.5607146024704
2816,523.0,1.95905196666718
2817,523.2,2.15733623504639
2818,523.3,1.47218537330627
2819,523.6,1.11010873317719
2820,523.8,1.03051209449768
2821,523.9,0.763155579566956
2822,524.1,1.34332716464996
2823,524.3,1.33607494831085
2824,524.5,1.09100556373596
2825,524.6,0.459538340568542
2826,524.8,1.03281152248383
2827,525.0,1.34509599208832
2828,525.2,1.35349786281586
2829,525.4,1.05324137210846
2830,525.5,0.526311159133911
2831,525.7,1.06013977527618
2832,525.9,1.13876354694366
2833,526.1,0.940302491188049
2834,526.2,1.05359506607056
2835,526.5,1.03343057632446
2836,526.6,0.893605709075928
2837,526.8,0.592287957668304
2838,527.0,1.15026092529297
2839,527.1,0.522861957550049
2840,527.3,0.991598129272461
2841,527.5,0.908463776111603
2842,527.7,0.872203052043915
2843,527.8,0.531882882118225
2844,528.0,1.01025915145874
2845,528.1,0.470328122377396
2846,528.3,0.904041767120361
2847,528.5,0.90704870223999
2848,528.7,0.788361191749573
2849,528.8,0.921995222568512
2850,529.0,0.505085349082947
2851,529.2,1.28186082839966
2852,529.4,1.04139029979706
2853,529.6,0.950826942920685
2854,529.7,0.480145037174225
2855,529.9,0.828424870967865
2856,530.1,0.862297713756561
2857,530.3,0.902715146541595
2858,530.5,0.999380886554718
2859,530.6,0.503228068351746
2860,530.7,1.06597685813904
2861,531.0,1.16564965248108
2862,531.2,1.18554878234863
2863,531.4,1.19200491905212
2864,531.5,0.857964098453522
2865,531.8,0.977005422115326
2866,532.0,0.956929326057434
2867,532.2,1.15167593955994
2868,532.4,1.12063324451447
2869,532.6,1.11992573738098
2870,532.8,1.92234897613525
2871,533.0,2.79817819595337
2872,533.1,1.81843101978302
2873,533.2,2.9618821144104
2874,533.4,1.4533474445343
2875,533.6,0.593791484832764
2876,533.8,1.30768549442291
2877,533.9,0.834438860416412
2878,534.1,2.11152386665344
2879,534.3,1.8926328420639
2880,534.5,1.44043517112732
2881,534.7,2.67710256576538
2882,534.8,3.31449556350708
2883,535.0,14.1117887496948
2884,535.2,19.6626873016357
2885,535.3,10.0833110809326
2886,535.5,1.30786240100861
2887,535.7,2.2606348991394
2888,535.9,5.38569021224976
2889,536.0,4.51375246047974
2890,536.2,10.2727518081665
2891,536.3,6.22207498550415
2892,536.6,1.91491997241974
2893,536.8,2.73246669769287
2894,537.0,5.85531091690063
2895,537.2,6.82975149154663
2896,537.3,4.14628124237061
2897,537.6,1.44379591941833
2898,537.8,1.66569375991821
2899,538.0,2.4690899848938
2900,538.2,2.77376842498779
2901,538.3,1.21641457080841
2902,538.4,1.45591223239899
2903,538.6,0.500044226646423
2904,538.8,1.61784732341766
2905,538.9,0.882108449935913
2906,539.1,2.07676649093628
2907,539.2,1.01724600791931
2908,539.4,1.574422955513
2909,539.6,0.96258956193924
2910,539.8,1.11506152153015
2911,540.0,1.32537364959717
2912,540.1,0.679755926132202
2913,540.3,1.23719823360443
2914,540.4,0.551693618297577
2915,540.5,1.02697443962097
2916,540.8,1.07146012783051
2917,541.0,1.25320601463318
2918,541.1,0.746617138385773
2919,541.3,0.974352180957794
2920,541.4,1.06801092624664
2921,541.6,0.400283008813858
2922,541.8,0.92597508430481
2923,542.0,1.03307688236237
2924,542.1,0.563986897468567
2925,542.3,1.05474483966827
2926,542.4,0.453701257705688
2927,542.6,0.998761832714081
2928,542.8,0.958698153495789
2929,542.9,0.431060403585434
2930,543.1,1.01662683486938
2931,543.2,0.513752520084381
2932,543.4,0.943840086460114
2933,543.6,0.821880280971527
2934,543.8,0.955602705478668
2935,543.9,0.464225709438324
2936,544.0,0.957813739776611
2937,544.3,0.917131006717682
2938,544.4,0.523304164409637
2939,544.6,0.767223834991455
2940,544.8,0.731493771076202
2941,544.9,0.257716447114944
2942,545.1,0.952684164047241
2943,545.2,0.53444766998291
2944,545.4,0.886530458927155
2945,545.6,0.941186904907227
2946,545.8,0.717343211174011
2947,546.0,0.965861856937408
2948,546.2,0.996550798416138
2949,546.4,0.910586357116699
2950,546.6,0.885469198226929
2951,546.8,1.26196157932281
2952,547.0,1.669762134552
2953,547.2,2.10825157165527
2954,547.4,1.50181305408478
2955,547.6,0.861678600311279
2956,547.7,0.649597585201263
2957,547.9,1.03997528553009
2958,548.0,1.48668968677521
2959,548.3,1.36570262908936
2960,548.5,1.24940299987793
2961,548.7,1.61926245689392
2962,548.9,6.35217142105103
2963,549.1,33.436897277832
2964,549.2,53.0857009887695
2965,549.4,12.7981777191162
2966,549.7,1.92951273918152
2967,549.9,4.67091178894043
#"+ Scan (rt: 4.989-54.960 min, 8137 scans) BARLEYSTRAW_20231018.D "
#Point,X(Thompsons),Y(Counts)
0,10.2,4.27897262573242
1,10.3,2.09204864501953
2,10.5,4.31965112686157
3,10.7,4.26778888702393
4,10.9,4.44881391525269
5,11.1,4.52795886993408
6,11.3,4.17979621887207
7,11.4,4.54270601272583
8,11.6,1.35615086555481
9,11.8,3.93560290336609
10,12.0,31.1165046691895
11,12.2,103.054321289063
12,12.3,18.6958332061768
13,12.5,1.91938066482544
14,12.7,3.57502770423889
15,12.9,9.99778747558594
16,13.1,39.3737258911133
17,13.2,30.4386138916016
18,13.4,0.152021631598473
19,14.2,9055.126953125
20,14.9,1.24222683906555
21,15.1,252.855850219727
22,15.2,511.175506591797
23,15.4,2.84453725814819
24,16.2,4748.7626953125
25,17.2,9976.68359375
26,18.2,42194.4296875
27,19.0,27.9600582122803
28,19.2,93.5703582763672
29,19.3,19.0421524047852
30,19.5,1.26975548267365
31,19.7,0.0970873758196831
32,19.9,3.78345823287964
33,20.1,301.281311035156
34,20.2,136.586212158203
35,20.4,0.263487786054611
36,20.6,0.306624054908752
37,20.8,2.39252805709839
38,21.0,3.74794149398804
39,21.2,3.85953044891357
40,21.4,3.48101258277893
41,21.6,3.33894562721252
42,21.7,2.18409729003906
43,21.9,8.99287223815918
44,22.1,21.7456073760986
45,22.2,9.17377376556396
46,22.3,8.61312484741211
47,22.5,3.60673475265503
48,22.8,3.30428910255432
49,22.9,1.86579823493958
50,23.1,3.51640653610229
51,23.2,1.74142801761627
52,23.4,3.75814175605774
53,23.6,3.27467131614685
54,23.7,1.72385394573212
55,23.9,8.88779640197754
56,24.1,24.1255989074707
57,24.2,18.8129539489746
58,24.4,4.5302939414978
59,24.6,1.24493050575256
60,24.8,4.22170352935791
61,25.0,35.0856590270996
62,25.1,131.261032104492
63,25.3,22.8290519714355
64,25.5,1.60919260978699
65,25.8,0.762320280075073
66,26.0,31.9547748565674
67,26.2,989.320983886719
68,26.3,28.3539390563965
69,26.5,0.793904364109039
70,27.2,807.296447753906
71,27.3,1.1172422170639
72,28.1,315193.84375
73,29.0,0.693130135536194
74,29.1,5977.81494140625
75,29.8,0.338331073522568
76,30.0,48.6294708251953
77,30.1,603.662902832031
78,30.3,18.5280818939209
79,30.5,0.74941623210907
80,30.8,1.11834824085236
81,31.0,10.272705078125
82,31.2,832.252319335938
83,31.3,3.08234000205994
84,32.1,81767.7421875
85,33.0,46.6262741088867
86,33.1,125.276268005371
87,33.3,17.4462337493896
88,33.5,1.11441564559937
89,33.8,1.05849826335907
90,33.9,12.5607719421387
91,34.1,333.368927001953
92,34.2,96.52685546875
93,34.5,0.557576477527618
94,34.7,1.20548117160797
95,34.9,22.3167018890381
96,35.1,69.1901168823242
97,35.2,20.5779762268066
98,35.3,8.73331737518311
99,35.5,0.252058506011963
100,35.8,0.52451765537262
101,36.0,180.608825683594
102,36.1,408.905242919922
103,36.3,2.72213339805603
104,36.6,0.163205116987228
105,36.8,2.67961168289185
106,37.0,68.8648147583008
107,37.1,476.154357910156
108,37.3,15.6493797302246
109,37.5,0.492810606956482
110,37.8,0.614354193210602
111,38.0,90.1581649780273
112,38.1,1046.75720214844
113,38.3,7.53643846511841
114,38.5,0.170824632048607
115,38.8,0.121420674026012
116,39.0,22.7146377563477
117,39.1,4231.61083984375
118,39.3,11.9799680709839
119,40.1,8189.2373046875
120,40.2,4.58080387115479
121,41.0,12.5531520843506
122,41.2,4068.80200195313
123,41.3,4.70222425460815
124,42.0,43.3555374145508
125,42.1,2759.6220703125
126,42.3,10.5852279663086
127,42.5,0.0378517881035805
128,43.0,12.09241771698
129,43.1,6668.43603515625
130,43.3,6.61619758605957
131,44.0,12.8394985198975
132,44.1,10786.7392578125
133,44.8,0.185572072863579
134,45.0,118.671989440918
135,45.1,1530.91906738281
136,45.3,2.83224773406982
137,45.6,0.223669663071632
138,45.8,5.42128562927246
139,46.0,100.236694335938
140,46.1,238.13801574707
141,46.3,13.9941005706787
142,46.5,0.556593358516693
143,46.7,1.71451389789581
144,46.9,31.7102127075195
145,47.1,203.063171386719
146,47.2,67.546516418457
147,47.4,2.285977602005
148,47.7,2.43037962913513
149,47.9,38.16357421875
150,48.1,167.422760009766
151,48.2,41.3275146484375
152,48.4,2.4497971534729
153,48.7,2.29138493537903
154,48.9,19.8230304718018
155,49.1,161.233016967773
156,49.2,65.674201965332
157,49.4,2.56986594200134
158,49.6,0.253287464380264
159,49.8,1.86334025859833
160,50.0,108.293106079102
161,50.1,1002.06793212891
162,50.3,9.99729633331299
163,50.5,0.460243344306946
164,50.8,0.581295311450958
165,51.0,86.0205230712891
166,51.1,1573.89892578125
167,51.3,8.39338779449463
168,51.6,0.171070411801338
169,51.8,1.3916677236557
170,52.0,88.2906494140625
171,52.1,828.282165527344
172,52.3,17.8233985900879
173,52.5,0.414526224136353
174,52.8,0.591741442680359
175,53.0,72.0893478393555
176,53.1,1970.01147460938
177,53.3,6.86764144897461
178,53.6,0.232886806130409
179,53.8,0.561509132385254
180,54.0,79.4399642944336
181,54.1,1350.08142089844
182,54.3,16.4698295593262
183,55.0,22.2312889099121
184,55.1,4437.8271484375
185,55.3,4.26569986343384
186,55.8,0.253656148910522
187,56.0,53.6991539001465
188,56.1,1664.51293945313
189,56.3,21.3750762939453
190,56.5,0.0877473279833794
191,56.7,0.117119334638119
192,57.0,27.9213466644287
193,57.1,3231.77978515625
194,57.3,20.1043376922607
195,57.6,0.137642860412598
196,57.8,3.09856224060059
197,58.0,109.564338684082
198,58.1,951.3798828125
199,58.3,21.8925895690918
200,58.5,1.81848347187042
201,58.8,5.6536808013916
202,59.0,97.7608489990234
203,59.1,484.716613769531
204,59.3,21.471549987793
205,59.5,0.931178569793701
206,59.8,1.29163086414337
207,60.0,162.600341796875
208,60.1,957.350524902344
209,60.3,6.29445743560791
210,60.5,0.298144280910492
211,60.7,0.419810742139816
212,60.9,24.2851181030273
213,61.1,311.178192138672
214,61.2,107.220108032227
215,61.4,1.9303183555603
216,61.5,1.0355167388916
217,61.8,4.06636333465576
218,62.0,114.757530212402
219,62.1,347.026184082031
220,62.3,16.1372737884521
221,62.5,0.565318942070007
222,62.7,0.198107406497002
223,62.9,13.1135549545288
224,63.1,803.656372070313
225,63.2,234.64421081543
226,63.4,1.50178194046021
227,63.7,0.724099814891815
228,63.9,38.2080612182617
229,64.1,683.5810546875
230,64.2,129.335754394531
231,64.4,1.50018429756165
232,64.7,0.317193061113358
233,64.9,8.51874160766602
234,65.1,1035.01208496094
235,65.2,404.59912109375
236,65.4,0.902912616729736
237,65.7,0.670640289783478
238,65.9,16.4800300598145
239,66.1,652.024719238281
240,66.2,278.205352783203
241,66.4,1.56101763248444
242,66.7,0.131129413843155
243,66.8,0.123141206800938
244,67.0,65.5847396850586
245,67.1,1890.34680175781
246,67.3,11.0554256439209
247,67.5,0.168981194496155
248,67.8,0.409364640712738
249,68.0,96.6594543457031
250,68.1,1506.31726074219
251,68.3,16.1632041931152
252,68.5,0.364999383687973
253,68.8,0.127934128046036
254,69.0,59.0827102661133
255,69.1,2821.03564453125
256,69.3,14.4257097244263
257,69.6,0.0829544067382813
258,69.8,1.52525496482849
259,70.0,89.4221420288086
260,70.1,1266.11010742188
261,70.3,30.622465133667
262,70.5,0.789603054523468
263,70.8,0.643111705780029
264,71.0,74.8818969726563
265,71.1,1602.47399902344
266,71.3,24.7612133026123
267,71.5,0.066240631043911
268,71.7,0.735160350799561
269,71.9,20.4334526062012
270,72.1,287.914459228516
271,72.2,141.496871948242
272,72.4,4.24751138687134
273,72.6,0.143173158168793
274,72.8,0.100159764289856
275,73.0,130.873046875
276,73.1,1780.15075683594
277,73.3,4.38896417617798
278,73.5,0.0838146731257439
279,73.7,0.171684890985489
280,73.9,20.7748546600342
281,74.1,527.551452636719
282,74.2,152.829299926758
283,74.4,0.756052613258362
284,74.5,0.711318671703339
285,74.7,0.364753603935242
286,74.9,24.1511611938477
287,75.1,467.161987304688
288,75.2,147.313751220703
289,75.4,1.27024698257446
290,75.6,1.27639174461365
291,75.8,6.26188993453979
292,76.0,138.24235534668
293,76.1,391.708984375
294,76.3,23.1568145751953
295,76.5,0.680840611457825
296,76.7,0.16406537592411
297,77.0,130.946914672852
298,77.1,2491.66674804688
299,77.3,3.55524158477783
300,77.7,0.106919012963772
301,77.9,8.43332958221436
302,78.1,887.349731445313
303,78.2,344.679992675781
304,78.4,0.731104850769043
305,78.5,0.113063782453537
306,79.0,156.466751098633
307,79.1,2381.67236328125
308,79.3,0.157920613884926
309,79.7,0.114169843494892
310,79.9,14.3583631515503
311,80.1,521.648620605469
312,80.2,240.770553588867
313,80.4,1.31645572185516
314,80.8,0.31866779923439
315,81.0,116.112205505371
316,81.1,2267.18701171875
317,81.3,3.95772409439087
318,81.8,1.67432713508606
319,82.0,117.380363464355
320,82.1,1436.5888671875
321,82.3,27.8562126159668
322,82.4,3.68415880203247
323,82.6,0.424972355365753
324,82.8,0.952193677425385
325,83.0,108.459014892578
326,83.1,1492.02307128906
327,83.3,21.2354679107666
328,83.6,0.171316206455231
329,83.8,2.14636850357056
330,84.0,119.949241638184
331,84.1,1215.54321289063
332,84.3,26.4413166046143
333,84.5,0.645938277244568
334,84.7,0.140223667025566
335,84.9,9.41870498657227
336,85.1,1484.81323242188
337,85.2,357.482971191406
338,85.6,0.111466139554977
339,85.8,3.48691153526306
340,86.0,130.608947753906
341,86.1,521.591979980469
342,86.3,14.5541353225708
343,86.4,2.72188758850098
344,86.6,0.53557825088501
345,86.8,4.94727802276611
346,87.0,138.897506713867
347,87.1,373.437255859375
348,87.3,16.436279296875
349,87.5,0.712301850318909
350,87.7,3.60870099067688
351,87.9,34.426570892334
352,88.1,136.826721191406
353,88.2,68.5341033935547
354,88.4,5.74978494644165
355,88.7,1.93179309368134
356,88.9,30.2561149597168
357,89.1,538.006408691406
358,89.2,174.061447143555
359,89.4,3.11023712158203
360,89.7,3.32112574577332
361,89.9,32.2031478881836
362,90.0,63.527099609375
363,90.1,239.581787109375
364,90.3,21.7145137786865
365,90.5,0.665478706359863
366,90.7,0.0876244306564331
367,90.9,3.11834836006165
368,91.1,2151.51489257813
369,91.2,654.8359375
370,91.5,0.0750890970230103
371,91.7,0.357134073972702
372,91.9,16.5911273956299
373,92.1,496.350372314453
374,92.2,215.22883605957
375,92.4,2.11613607406616
376,92.6,0.249231904745102
377,92.8,2.67813682556152
378,93.0,114.550941467285
379,93.1,844.966064453125
380,93.3,21.7754707336426
381,93.5,0.933759391307831
382,93.8,2.29470324516296
383,94.0,136.815292358398
384,94.1,1273.88623046875
385,94.3,30.3352584838867
386,94.5,1.78886568546295
387,94.8,2.80103230476379
388,95.0,128.968902587891
389,95.1,2681.6640625
390,95.3,13.6826839447021
391,95.5,0.458399891853333
392,95.8,1.78554749488831
393,96.0,170.555358886719
394,96.1,2501.359375
395,96.3,17.7932891845703
396,96.5,0.944942831993103
397,96.7,0.42853632569313
398,96.9,21.5870704650879
399,97.1,940.575744628906
400,97.2,595.960571289063
401,97.4,1.64188277721405
402,97.6,0.215066984295845
403,97.8,1.50374829769135
404,98.0,132.960174560547
405,98.1,1701.43933105469
406,98.3,21.3474254608154
407,98.6,0.659825503826141
408,98.8,3.93634009361267
409,99.0,110.29753112793
410,99.1,492.198486328125
411,99.3,27.7807540893555
412,99.6,1.57256972789764
413,99.8,6.78763675689697
414,99.9,23.0482978820801
415,100.1,231.75260925293
416,100.2,97.3095703125
417,100.4,5.82364511489868
418,100.7,3.45102620124817
419,100.9,35.4953918457031
420,101.1,205.160263061523
421,101.2,92.3581161499023
422,101.4,5.5835075378418
423,101.7,3.40334272384644
424,101.9,33.7333183288574
425,102.1,315.975433349609
426,102.2,117.824012756348
427,102.4,4.06451988220215
428,102.6,0.564950227737427
429,102.8,4.58817768096924
430,103.0,155.632293701172
431,103.1,734.395324707031
432,103.3,15.4420547485352
433,103.6,1.40616929531097
434,103.8,5.59813213348389
435,104.0,131.199340820313
436,104.1,619.931945800781
437,104.3,22.0988082885742
438,104.5,1.23337841033936
439,104.8,1.55266070365906
440,105.0,145.828689575195
441,105.1,1402.59680175781
442,105.3,10.9488754272461
443,105.4,0.758633375167847
444,105.7,1.24591374397278
445,105.9,22.264102935791
446,106.0,97.5189895629883
447,106.1,554.292602539063
448,106.3,31.4093647003174
449,106.5,1.29224526882172
450,106.7,1.29691529273987
451,106.9,12.7763299942017
452,107.1,1520.02734375
453,107.2,351.814422607422
454,107.4,2.77964854240417
455,107.7,1.41526365280151
456,107.9,20.4767112731934
457,108.1,854.935974121094
458,108.2,258.430389404297
459,108.4,3.29949617385864
460,108.6,0.441563218832016
461,108.8,1.58375322818756
462,109.0,123.908073425293
463,109.1,1366.12841796875
464,109.3,25.3976898193359
465,109.5,0.933759391307831
466,109.8,2.62271118164063
467,110.0,131.777069091797
468,110.1,1674.68579101563
469,110.3,16.8101272583008
470,110.5,0.455204606056213
471,110.7,0.967924296855927
472,110.9,12.6131248474121
473,111.1,528.273803710938
474,111.2,360.174255371094
475,111.4,2.9662036895752
476,111.5,1.26987838745117
477,111.7,0.576625287532806
478,111.9,20.9856204986572
479,112.1,907.081604003906
480,112.2,194.751266479492
481,112.4,4.04583978652954
482,112.7,2.84539747238159
483,112.9,24.8578090667725
484,113.1,235.448440551758
485,113.2,131.981567382813
486,113.4,5.94776964187622
487,113.7,3.2402606010437
488,113.9,31.0900821685791
489,114.1,429.861633300781
490,114.2,94.8261032104492
491,114.4,3.22342395782471
492,114.6,0.336487650871277
493,114.8,1.76109135150909
494,115.0,167.488021850586
495,115.1,1195.70849609375
496,115.3,10.1013889312744
497,115.6,0.294826090335846
498,115.8,4.28548622131348
499,116.0,120.566299438477
500,116.1,278.683532714844
501,116.2,146.454956054688
502,116.4,2.23952317237854
503,116.5,1.24824869632721
504,116.8,3.60353946685791
505,117.0,123.918273925781
506,117.1,743.01513671875
507,117.3,19.153865814209
508,117.5,0.482978999614716
509,117.7,1.90217530727386
510,117.9,26.4469699859619
511,118.0,89.5883026123047
512,118.1,431.39990234375
513,118.3,24.2675437927246
514,118.5,1.7233624458313
515,118.7,0.68379008769989
516,118.9,21.0089721679688
517,119.1,767.980834960938
518,119.2,300.496734619141
519,119.4,2.73749542236328
520,119.6,0.773626625537872
521,119.8,5.63438606262207
522,120.0,120.304779052734
523,120.1,1123.28173828125
524,120.3,24.4821186065674
525,120.5,0.696939885616302
526,120.7,0.892835199832916
527,120.9,16.2551307678223
528,121.1,883.484802246094
529,121.2,313.371276855469
530,121.4,1.46638810634613
531,121.6,1.11822533607483
532,121.8,2.99741911888123
533,121.9,14.5166521072388
534,122.1,872.088500976563
535,122.2,257.67138671875
536,122.4,2.02199816703796
537,122.7,1.23890864849091
538,122.9,13.2793416976929
539,123.1,770.56640625
540,123.2,296.127563476563
541,123.4,2.21949124336243
542,123.6,1.07054197788239
543,123.8,3.76563835144043
544,123.9,12.8194665908813
545,124.1,1068.0908203125
546,124.2,250.47868347168
547,124.3,21.7050514221191
548,124.6,1.52795875072479
549,124.8,5.11134338378906
550,125.0,106.894927978516
551,125.1,277.994964599609
552,125.2,205.065872192383
553,125.4,5.35565948486328
554,125.7,3.03146123886108
555,125.9,25.5779762268066
556,126.1,545.416259765625
557,126.2,191.030731201172
558,126.4,3.8112325668335
559,126.7,2.86469221115112
560,126.9,26.814058303833
561,127.1,334.76416015625
562,127.2,162.946914672852
563,127.4,2.43296051025391
564,127.5,1.49379372596741
565,127.8,4.102126121521
566,128.0,129.634994506836
567,128.1,735.600219726563
568,128.3,18.8092670440674
569,128.5,1.13432466983795
570,128.8,3.06120181083679
571,129.0,117.754089355469
572,129.1,718.401489257813
573,129.3,18.6434803009033
574,129.4,1.75556099414825
575,129.6,0.543935120105743
576,129.8,4.68882894515991
577,130.0,93.5873184204102
578,130.1,350.373962402344
579,130.3,22.3228454589844
580,130.5,1.82511985301971
581,130.8,4.02507066726685
582,131.0,136.898239135742
583,131.1,836.208190917969
584,131.3,16.1617298126221
585,131.6,1.09045100212097
586,131.7,1.26852643489838
587,131.9,24.6906719207764
588,132.0,93.325798034668
589,132.1,472.394012451172
590,132.3,21.7503986358643
591,132.5,1.35664248466492
592,132.7,0.277989417314529
593,132.9,20.2065868377686
594,133.1,848.758117675781
595,133.2,235.28450012207
596,133.5,0.871574282646179
597,133.7,1.70517385005951
598,133.9,29.4451274871826
599,134.1,453.418823242188
600,134.2,194.01806640625
601,134.4,2.23780274391174
602,134.5,1.27651464939117
603,134.8,3.43984270095825
604,135.0,141.503997802734
605,135.1,1292.25939941406
606,135.3,16.7382335662842
607,135.4,1.44254636764526
608,135.7,1.32038831710815
609,135.9,20.1461219787598
610,136.1,560.954406738281
611,136.2,237.738967895508
612,136.4,3.00921726226807
613,136.7,1.15189874172211
614,136.9,19.5023956298828
615,137.1,818.805847167969
616,137.2,241.55744934082
617,137.4,1.07951331138611
618,137.7,0.88140594959259
619,137.9,18.882511138916
620,138.1,506.561401367188
621,138.2,216.545043945313
622,138.4,2.81430506706238
623,138.6,1.08025074005127
624,138.8,4.11011409759521
625,139.0,129.58952331543
626,139.1,443.398803710938
627,139.3,20.8649387359619
628,139.5,1.15374219417572
629,139.8,5.80988073348999
630,139.9,19.45778465271
631,140.1,232.815902709961
632,140.2,122.675926208496
633,140.4,3.38662886619568
634,140.5,2.18938183784485
635,140.7,1.44819962978363
636,140.9,19.4531154632568
637,141.0,85.7314758300781
638,141.1,464.953796386719
639,141.3,22.8762435913086
640,141.6,1.63168239593506
641,141.8,6.34730243682861
642,142.0,83.5708465576172
643,142.2,263.717712402344
644,142.3,24.8634624481201
645,142.5,1.13137519359589
646,142.7,1.98291754722595
647,142.9,18.3654918670654
648,143.1,238.345581054688
649,143.2,142.945190429688
650,143.3,25.6465530395508
651,143.6,1.95551180839539
652,143.8,4.53225994110107
653,144.0,92.200439453125
654,144.1,338.026184082031
655,144.3,21.8469944000244
656,144.6,1.64642989635468
657,144.8,4.21727895736694
658,145.0,104.136535644531
659,145.1,673.114807128906
660,145.3,19.4131736755371
661,145.5,0.525869488716125
662,145.7,1.63905620574951
663,145.9,19.5980091094971
664,146.1,351.951690673828
665,146.2,179.520950317383
666,146.4,3.58866906166077
667,146.6,0.450411707162857
668,146.8,4.13063764572144
669,147.0,170.070541381836
670,147.1,863.569152832031
671,147.3,14.5493421554565
672,147.6,0.837778031826019
673,147.8,5.58461332321167
674,148.0,116.234359741211
675,148.1,506.282897949219
676,148.3,23.0511245727539
677,148.5,0.796116530895233
678,148.7,2.08356881141663
679,148.9,28.6809635162354
680,149.1,640.878479003906
681,149.2,177.708618164063
682,149.4,2.14747452735901
683,149.7,1.65921103954315
684,149.9,20.8202037811279
685,150.0,88.0848007202148
686,150.1,1170.66455078125
687,150.3,23.0721397399902
688,150.5,0.821924567222595
689,150.7,2.09954524040222
690,150.9,22.3599605560303
691,151.1,619.593322753906
692,151.2,192.629837036133
693,151.4,1.41526365280151
694,151.5,1.05837535858154
695,151.8,3.49367094039917
696,151.9,14.2252674102783
697,152.1,568.515563964844
698,152.2,210.992385864258
699,152.3,19.3152275085449
700,152.6,1.17844414710999
701,152.8,4.39768934249878
702,153.0,107.958953857422
703,153.1,387.803741455078
704,153.3,17.8624801635742
705,153.5,0.507435142993927
706,153.7,1.58166396617889
707,153.9,21.9701366424561
708,154.1,375.933380126953
709,154.2,137.324325561523
710,154.4,4.05493402481079
711,154.6,2.28388833999634
712,154.8,7.01659107208252
713,155.0,95.6707611083984
714,155.1,321.717712402344
715,155.3,23.483470916748
716,155.6,2.02814316749573
717,155.8,7.92146968841553
718,156.0,64.3484115600586
719,156.1,200.463073730469
720,156.3,23.0238418579102
721,156.6,2.59837770462036
722,156.7,1.40248250961304
723,156.9,18.1337108612061
724,157.1,251.238906860352
725,157.2,163.749176025391
726,157.4,3.79771423339844
727,157.6,0.660685777664185
728,157.8,4.79623937606812
729,157.9,15.587194442749
730,158.1,234.678131103516
731,158.2,137.712921142578
732,158.4,3.04645442962646
733,158.6,1.73233377933502
734,158.8,6.447585105896
735,159.0,107.290893554688
736,159.1,277.482604980469
737,159.2,181.016830444336
738,159.4,1.52636110782623
739,159.6,0.969644844532013
740,159.7,1.47953796386719
741,159.9,18.7441310882568
742,160.0,65.4982147216797
743,160.1,335.169708251953
744,160.3,23.2025318145752
745,160.5,0.960427701473236
746,160.7,2.73085904121399
747,160.9,31.1997051239014
748,161.1,360.156311035156
749,161.2,164.668792724609
750,161.4,2.8610053062439
751,161.7,2.40788984298706
752,161.9,23.4463558197021
753,162.0,79.5683898925781
754,162.1,419.022857666016
755,162.3,20.1196994781494
756,162.5,1.31043386459351
757,162.7,3.13420176506042
758,162.9,48.100772857666
759,163.1,392.662780761719
760,163.2,127.130760192871
761,163.4,3.67850565910339
762,163.6,1.0905739068985
763,163.8,8.41169929504395
764,164.0,95.7459716796875
765,164.1,384.329620361328
766,164.3,18.9612884521484
767,164.4,3.87771916389465
768,164.6,0.780877470970154
769,164.8,7.17660093307495
770,165.0,125.395233154297
771,165.1,523.916564941406
772,165.3,20.6087017059326
773,165.5,0.449797213077545
774,165.7,1.69091808795929
775,165.9,23.1388721466064
776,166.1,260.268890380859
777,166.2,122.993728637695
778,166.3,22.9407634735107
779,166.5,0.862480044364929
780,166.7,2.19269990921021
781,166.9,20.6772766113281
782,167.1,232.467987060547
783,167.2,112.133094787598
784,167.3,21.8846015930176
785,167.5,0.758141815662384
786,167.7,2.46995210647583
787,167.8,4.12707376480103
788,168.0,65.3641357421875
789,168.1,119.495513916016
790,168.2,112.401496887207
791,168.4,4.35922336578369
792,168.6,1.95489740371704
793,168.8,5.13997793197632
794,168.9,13.7538404464722
795,169.1,148.572326660156
796,169.2,107.520706176758
797,169.4,4.55794525146484
798,169.6,1.09143424034119
799,169.8,5.61693477630615
800,170.0,56.9536666870117
801,170.2,168.604400634766
802,170.3,19.5837535858154
803,170.4,4.44303798675537
804,170.7,2.16087007522583
805,170.9,17.0297412872314
806,171.1,186.446228027344
807,171.2,136.147598266602
808,171.4,3.27135300636292
809,171.6,0.853139996528625
810,171.8,4.54098558425903
811,172.0,62.5159149169922
812,172.1,123.306991577148
813,172.2,115.674942016602
814,172.4,4.84429168701172
815,172.7,1.94113314151764
816,172.9,17.7177085876465
817,173.1,208.374099731445
818,173.2,130.251693725586
819,173.4,3.8791937828064
820,173.7,2.18348288536072
821,173.9,16.5862102508545
822,174.1,261.809631347656
823,174.2,124.25439453125
824,174.4,2.37606000900269
825,174.5,1.47597396373749
826,174.8,5.13579940795898
827,175.0,74.9515762329102
828,175.1,244.146484375
829,175.3,19.3884716033936
830,175.4,3.80213832855225
831,175.7,2.21568155288696
832,175.9,26.4710578918457
833,176.1,255.148696899414
834,176.2,129.977386474609
835,176.4,4.22723340988159
836,176.7,2.43677020072937
837,176.9,35.4598731994629
838,177.1,307.50927734375
839,177.2,123.232025146484
840,177.4,3.21113443374634
841,177.7,2.09032821655273
842,177.9,24.9537906646729
843,178.1,310.76513671875
844,178.2,139.371765136719
845,178.3,19.676908493042
846,178.6,1.80791449546814
847,178.8,8.5350866317749
848,179.0,113.723236083984
849,179.1,284.667449951172
850,179.3,22.0444889068604
851,179.5,1.66523289680481
852,179.7,1.44463562965393
853,179.9,21.2203521728516
854,180.1,288.146362304688
855,180.2,148.535705566406
856,180.4,3.60022115707397
857,180.5,1.96608090400696
858,180.8,6.36463069915771
859,181.0,74.7532272338867
860,181.1,217.203887939453
861,181.2,130.1279296875
862,181.4,3.2988817691803
863,181.7,1.90377283096313
864,181.9,17.1507930755615
865,182.1,185.560409545898
866,182.2,115.651962280273
867,182.4,4.71119594573975
868,182.6,0.902298152446747
869,182.8,4.80250692367554
870,183.0,51.2776222229004
871,183.2,156.035522460938
872,183.3,24.7265567779541
873,183.6,2.18286848068237
874,183.8,4.8831262588501
875,184.0,49.9198722839355
876,184.2,137.919998168945
877,184.3,18.5242710113525
878,184.4,4.13543081283569
879,184.7,2.63020777702332
880,184.9,15.3394374847412
881,185.0,45.4203033447266
882,185.2,201.565689086914
883,185.3,29.7986965179443
884,185.6,2.17918157577515
885,185.8,5.01364135742188
886,186.0,58.3694229125977
887,186.1,180.93424987793
888,186.3,22.0538272857666
889,186.5,1.46306991577148
890,186.7,2.31657862663269
891,186.9,17.6202526092529
892,187.1,136.896270751953
893,187.2,68.0293731689453
894,187.3,22.2864685058594
895,187.5,1.82450532913208
896,187.8,4.29077053070068
897,188.0,56.2885589599609
898,188.1,169.911148071289
899,188.3,23.2794647216797
900,188.5,1.88116014003754
901,188.8,6.07975912094116
902,189.0,79.0208892822266
903,189.1,219.399047851563
904,189.3,26.5121059417725
905,189.5,0.79328989982605
906,189.7,2.13813447952271
907,189.9,19.805456161499
908,190.0,49.8705902099609
909,190.1,191.756423950195
910,190.3,21.3824501037598
911,190.4,3.61115884780884
912,190.7,2.41882753372192
913,190.9,33.6541709899902
914,191.1,542.127197265625
915,191.2,138.29850769043
916,191.4,2.93572568893433
917,191.7,2.07926750183105
918,191.9,29.2626266479492
919,192.1,239.602676391602
920,192.2,121.694976806641
921,192.4,3.58203268051147
922,192.7,2.28524017333984
923,192.9,46.4191970825195
924,193.1,590.628479003906
925,193.2,107.848350524902
926,193.3,14.9416246414185
927,193.6,0.915693759918213
928,193.8,8.1437873840332
929,194.0,103.507926940918
930,194.1,273.227600097656
931,194.3,24.5827693939209
932,194.6,2.17696928977966
933,194.8,8.9888162612915
934,194.9,24.6614227294922
935,195.1,182.821929931641
936,195.2,87.216667175293
937,195.3,22.4215316772461
938,195.5,1.36598253250122
939,195.8,5.66511011123657
940,196.0,50.0454711914063
941,196.1,104.645446777344
942,196.2,104.251197814941
943,196.4,5.32493543624878
944,196.7,3.00737380981445
945,196.9,19.2755317687988
946,197.1,136.559417724609
947,197.2,98.8248748779297
948,197.4,4.32935953140259
949,197.6,1.0484207868576
950,197.8,5.08209419250488
951,198.0,46.3547973632813
952,198.2,133.808776855469
953,198.3,23.0041790008545
954,198.5,1.30588674545288
955,198.7,2.36708855628967
956,198.9,15.5645818710327
957,199.1,105.761581420898
958,199.2,80.9745635986328
959,199.4,4.08983659744263
960,199.6,0.895416021347046
961,199.8,5.56802272796631
962,199.9,12.6379499435425
963,200.1,115.81713104248
964,200.2,79.6298370361328
965,200.4,5.12228107452393
966,200.6,1.3592232465744
967,200.8,5.99139738082886
968,201.0,48.1521453857422
969,201.1,111.298515319824
970,201.3,20.1662769317627
971,201.5,2.0523533821106
972,201.8,4.35270977020264
973,202.0,54.4609794616699
974,202.1,93.8750152587891
975,202.2,101.41796875
976,202.4,3.79709959030151
977,202.7,2.48175001144409
978,202.9,21.0479297637939
979,203.1,116.862968444824
980,203.2,82.728645324707
981,203.4,5.41796731948853
982,203.6,1.00208926200867
983,203.8,4.93744611740112
984,204.0,49.1412086486816
985,204.2,130.015365600586
986,204.3,22.6987838745117
987,204.5,1.17070174217224
988,204.7,2.81786894798279
989,204.8,5.4450044631958
990,205.0,62.6652336120605
991,205.2,138.072875976563
992,205.3,22.1777076721191
993,205.4,5.52304267883301
994,205.7,2.98734188079834
995,205.9,16.4277992248535
996,206.1,96.3518524169922
997,206.2,70.4319763183594
998,206.4,3.42644715309143
999,206.6,0.168858304619789
1000,206.8,2.60034418106079
1001,207.0,218.950714111328
1002,207.1,4214.30224609375
1003,207.3,6.84552049636841
1004,207.5,0.0514931790530682
1005,207.7,1.01474750041962
1006,207.9,24.9295806884766
1007,208.1,962.043640136719
1008,208.2,141.966201782227
1009,208.4,3.15939545631409
1010,208.7,2.39117622375488
1011,208.9,29.6669540405273
1012,209.1,673.890747070313
1013,209.2,95.7994384765625
1014,209.3,19.241735458374
1015,209.5,0.42915078997612
1016,209.7,1.82131004333496
1017,209.9,21.2862243652344
1018,210.1,170.502029418945
1019,210.2,97.3270263671875
1020,210.4,5.40309715270996
1021,210.7,3.25390195846558
1022,210.9,32.8129539489746
1023,211.1,211.276519775391
1024,211.2,105.230056762695
1025,211.4,2.69927501678467
1026,211.6,1.34570479393005
1027,211.8,5.69669389724731
1028,212.0,51.6670761108398
1029,212.2,124.440208435059
1030,212.3,21.0855350494385
1031,212.6,2.77571582794189
1032,212.7,1.71377658843994
1033,212.9,22.114538192749
1034,213.1,144.102249145508
1035,213.2,114.322479248047
1036,213.4,3.16504859924316
1037,213.6,1.6518372297287
1038,213.8,4.7194299697876
1039,214.0,43.6573677062988
1040,214.2,105.274299621582
1041,214.3,20.7737503051758
1042,214.6,2.50608325004578
1043,214.8,10.6574907302856
1044,215.0,84.0416641235352
1045,215.1,157.117248535156
1046,215.3,17.4807662963867
1047,215.4,3.69128680229187
1048,215.7,2.56249237060547
1049,215.9,18.8141822814941
1050,216.1,104.453605651855
1051,216.2,76.6872329711914
1052,216.4,4.33058881759644
1053,216.7,2.90659952163696
1054,216.9,17.6605625152588
1055,217.1,73.6340179443359
1056,217.2,62.3532028198242
1057,217.4,4.50374841690063
1058,217.6,2.61877846717834
1059,217.7,1.33734786510468
1060,217.9,15.9378147125244
1061,218.1,81.6798553466797
1062,218.2,67.3874893188477
1063,218.4,3.87735033035278
1064,218.6,2.52869606018066
1065,218.7,2.4222686290741
1066,218.9,18.1404685974121
1067,219.0,28.1018810272217
1068,219.2,91.3919143676758
1069,219.3,23.9981575012207
1070,219.5,1.55413544178009
1071,219.7,3.06427431106567
1072,219.9,16.8388843536377
1073,220.1,77.7985763549805
1074,220.2,71.1607437133789
1075,220.4,5.97763299942017
1076,220.6,1.49870955944061
1077,220.8,6.46552801132202
1078,221.0,61.3895797729492
1079,221.2,190.795379638672
1080,221.3,29.1802883148193
1081,221.5,1.60083568096161
1082,221.7,2.45299243927002
1083,221.9,16.8103733062744
1084,222.1,88.7887420654297
1085,222.2,77.3119049072266
1086,222.4,7.22268629074097
1087,222.7,4.72569751739502
1088,222.9,25.973331451416
1089,223.1,109.166893005371
1090,223.2,52.7708015441895
1091,223.3,22.7274188995361
1092,223.5,1.0484207868576
1093,223.7,2.86432337760925
1094,223.9,15.0817251205444
1095,224.1,73.1039657592773
1096,224.2,60.845890045166
1097,224.4,6.82118701934814
1098,224.6,1.236696600914
1099,224.8,8.07508945465088
1100,225.0,57.1568145751953
1101,225.1,123.716728210449
1102,225.3,20.4693374633789
1103,225.4,5.61546039581299
1104,225.7,2.03625416755676
1105,225.9,15.1484575271606
1106,226.1,87.0292510986328
1107,226.2,50.3124008178711
1108,226.3,27.0106925964355
1109,226.6,2.38662886619568
1110,226.8,4.83974456787109
1111,227.0,37.8666572570801
1112,227.2,104.668426513672
1113,227.3,26.93044090271
1114,227.4,7.91839742660522
1115,227.7,2.32677888870239
1116,227.9,11.5407400131226
1117,228.1,67.7045593261719
1118,228.2,46.6238174438477
1119,228.3,28.4109630584717
1120,228.5,1.67567896842957
1121,228.7,2.96694111824036
1122,228.8,4.25168991088867
1123,229.0,36.562614440918
1124,229.2,78.6471710205078
1125,229.3,21.655647277832
1126,229.5,2.96927618980408
1127,229.8,5.17955017089844
1128,229.9,11.6077175140381
1129,230.1,72.8356857299805
1130,230.2,63.0360069274902
1131,230.4,5.72459125518799
1132,230.6,1.50006139278412
1133,230.8,4.78382682800293
1134,231.0,29.5167751312256
1135,231.2,62.1531295776367
1136,231.3,22.6882152557373
1137,231.5,1.53176844120026
1138,231.7,2.36352467536926
1139,231.9,12.8320016860962
1140,232.1,55.3149795532227
1141,232.2,52.3846626281738
1142,232.4,7.54405784606934
1143,232.7,4.11023712158203
1144,232.9,18.6067352294922
1145,233.0,26.4029731750488
1146,233.2,67.1195755004883
1147,233.3,16.5966567993164
1148,233.4,7.21297788619995
1149,233.6,1.37704312801361
1150,233.8,5.69657135009766
1151,234.0,31.6533126831055
1152,234.1,33.7990646362305
1153,234.2,53.0487899780273
1154,234.4,7.22182607650757
1155,234.7,4.12301826477051
1156,234.9,18.9746837615967
1157,235.1,55.9297027587891
1158,235.2,43.1072883605957
1159,235.4,6.9155707359314
1160,235.7,2.91126942634583
1161,235.9,12.8791942596436
1162,236.1,50.9977874755859
1163,236.2,30.3479175567627
1164,236.3,23.2502155303955
1165,236.5,2.07398295402527
1166,236.7,4.29716110229492
1167,236.9,17.8559665679932
1168,237.1,59.4357872009277
1169,237.2,43.5927238464355
1170,237.4,6.19183969497681
1171,237.7,3.09868502616882
1172,237.9,12.9427309036255
1173,238.1,46.7360191345215
1174,238.2,28.5784683227539
1175,238.3,21.1738967895508
1176,238.5,2.06157064437866
1177,238.7,3.18925905227661
1178,238.8,3.75986242294312
1179,239.0,31.4522552490234
1180,239.2,61.9230690002441
1181,239.3,24.2548847198486
1182,239.5,3.33108019828796
1183,239.8,4.29900455474854
1184,240.0,26.3394374847412
1185,240.1,26.3358726501465
1186,240.2,43.9022979736328
1187,240.4,6.82143306732178
1188,240.7,2.68010330200195
1189,240.9,11.0216293334961
1190,241.1,41.1391181945801
1191,241.2,40.4447593688965
1192,241.4,5.8570728302002
1193,241.5,2.7748556137085
1194,241.7,1.28315103054047
1195,241.9,11.5232887268066
1196,242.1,44.7379875183105
1197,242.2,25.0843067169189
1198,242.3,19.9234352111816
1199,242.5,1.33206343650818
1200,242.7,2.75261163711548
1201,242.8,2.90635371208191
1202,243.0,22.668550491333
1203,243.1,20.1340789794922
1204,243.2,53.7991905212402
1205,243.4,6.28032445907593
1206,243.7,2.27934122085571
1207,243.8,2.93228459358215
1208,244.0,24.3755683898926
1209,244.2,56.000862121582
1210,244.3,21.6850185394287
1211,244.5,1.31141698360443
1212,244.7,2.47560524940491
1213,244.9,10.2353448867798
1214,245.1,31.2900333404541
1215,245.2,20.0612010955811
1216,245.3,19.2035140991211
1217,245.5,2.02113795280457
1218,245.7,2.71353077888489
1219,245.9,11.2037601470947
1220,246.1,40.1013870239258
1221,246.2,40.1490707397461
1222,246.4,7.40174531936646
1223,246.6,1.23116624355316
1224,246.8,4.63745832443237
1225,247.0,19.5095252990723
1226,247.2,37.7400779724121
1227,247.3,17.9219608306885
1228,247.5,2.30158543586731
1229,247.7,3.11257219314575
1230,247.8,4.0696816444397
1231,248.0,24.5674076080322
1232,248.2,45.7574043273926
1233,248.3,13.6732206344604
1234,248.4,7.28696060180664
1235,248.6,1.74327147006989
1236,248.8,10.9542827606201
1237,249.0,72.163818359375
1238,249.1,59.2210884094238
1239,249.2,40.1785659790039
1240,249.4,4.27786636352539
1241,249.5,3.6465528011322
1242,249.8,8.31620979309082
1243,250.0,43.2199821472168
1244,250.1,60.1192092895508
1245,250.3,21.4462337493896
1246,250.6,5.14010095596313
1247,250.8,13.4937934875488
1248,251.0,85.2580795288086
1249,251.1,51.728401184082
1250,251.2,38.8418350219727
1251,251.4,5.00872564315796
1252,251.7,4.63536930084229
1253,251.9,20.3828201293945
1254,252.1,58.5853500366211
1255,252.2,37.989429473877
1256,252.4,7.87624454498291
1257,252.6,1.98586702346802
1258,252.8,11.5798206329346
1259,253.0,50.937198638916
1260,253.1,71.454833984375
1261,253.3,18.6601943969727
1262,253.6,3.08479785919189
1263,253.8,5.83335399627686
1264,254.0,27.0745983123779
1265,254.2,47.5434417724609
1266,254.3,20.1709480285645
1267,254.6,3.08774733543396
1268,254.8,6.16701507568359
1269,255.0,25.7792797088623
1270,255.2,44.7534713745117
1271,255.3,20.9144649505615
1272,255.5,1.76662158966064
1273,255.7,2.78812837600708
1274,255.9,9.4346809387207
1275,256.1,35.682559967041
1276,256.3,59.6350021362305
1277,256.4,7.1683669090271
1278,256.5,3.48064398765564
1279,256.8,4.92294454574585
1280,257.0,17.6229572296143
1281,257.2,31.487771987915
1282,257.3,20.0902061462402
1283,257.5,3.01880288124084
1284,257.8,4.17868995666504
1285,258.0,18.1868019104004
1286,258.2,36.8042259216309
1287,258.3,19.0317077636719
1288,258.5,1.93216168880463
1289,258.7,2.89406418800354
1290,258.9,8.49735736846924
1291,259.0,10.1724224090576
1292,259.2,26.6128787994385
1293,259.3,9.87784194946289
1294,259.4,7.79660797119141
1295,259.7,2.64937949180603
1296,259.9,8.22661876678467
1297,260.1,27.808406829834
1298,260.2,16.6589660644531
1299,260.3,20.1370277404785
1300,260.5,2.17844414710999
1301,260.7,2.54676175117493
1302,260.9,8.38245010375977
1303,261.1,20.2062187194824
1304,261.2,13.4772033691406
1305,261.3,15.5585594177246
1306,261.5,3.28831267356873
1307,261.8,3.84613490104675
1308,262.0,16.4273071289063
1309,262.1,13.9909057617188
1310,262.2,26.8655529022217
1311,262.4,7.45925998687744
1312,262.7,3.13567662239075
1313,262.9,8.0804967880249
1314,263.1,24.0207691192627
1315,263.2,22.5815410614014
1316,263.4,6.33292388916016
1317,263.7,2.34349274635315
1318,263.9,8.64765930175781
1319,264.1,25.4797840118408
1320,264.2,26.7980823516846
1321,264.4,8.30576419830322
1322,264.7,4.84011316299438
1323,264.9,22.7651462554932
1324,265.0,40.0045471191406
1325,265.1,93.5669174194336
1326,265.3,14.4978494644165
1327,265.5,1.33267784118652
1328,265.7,3.08750152587891
1329,265.9,13.4779405593872
1330,266.1,45.5375442504883
1331,266.2,29.6745719909668
1332,266.4,5.25562238693237
1333,266.6,4.60587453842163
1334,266.7,3.91065502166748
1335,266.9,62.3620491027832
1336,267.1,459.270111083984
1337,267.2,56.5924797058105
1338,267.4,3.40801286697388
1339,267.7,4.38920974731445
1340,267.9,33.3137512207031
1341,268.1,127.33821105957
1342,268.2,40.4816284179688
1343,268.4,3.76612997055054
1344,268.6,3.87218880653381
1345,268.7,3.66535568237305
1346,268.9,32.1153984069824
1347,269.1,104.234237670898
1348,269.2,38.4194412231445
1349,269.4,4.89381837844849
1350,269.7,3.07029628753662
1351,269.9,11.7409362792969
1352,270.1,49.2906494140625
1353,270.2,60.9907836914063
1354,270.4,11.9052476882935
1355,270.5,7.50055313110352
1356,270.8,13.8936958312988
1357,271.0,45.1179809570313
1358,271.1,31.2358360290527
1359,271.2,37.1125717163086
1360,271.4,4.94260787963867
1361,271.5,3.45004296302795
1362,271.7,2.57183241844177
1363,271.9,12.4998159408569
1364,272.1,36.9031600952148
1365,272.2,34.4139099121094
1366,272.4,6.85608959197998
1367,272.7,3.77657604217529
1368,272.9,11.1050758361816
1369,273.1,25.2568511962891
1370,273.2,12.6088237762451
1371,273.3,14.4810123443604
1372,273.5,3.33095741271973
1373,273.8,3.86837911605835
1374,274.0,13.7710456848145
1375,274.2,25.4566802978516
1376,274.3,10.1963872909546
1377,274.4,8.51505470275879
1378,274.7,4.01757383346558
1379,274.9,10.6453237533569
1380,275.0,9.25082969665527
1381,275.2,22.2019176483154
1382,275.3,13.3756914138794
1383,275.5,3.1896276473999
1384,275.8,4.06869840621948
1385,276.0,14.0251932144165
1386,276.1,10.0674695968628
1387,276.3,20.63942527771
1388,276.4,7.09475231170654
1389,276.7,3.27430248260498
1390,276.8,2.20978236198425
1391,277.0,11.8791942596436
1392,277.1,7.95600366592407
1393,277.2,14.7794027328491
1394,277.4,4.02568531036377
1395,277.5,3.12645936012268
1396,277.8,3.6141083240509
1397,277.9,4.29814434051514
1398,278.1,16.2713527679443
1399,278.3,24.3171939849854
1400,278.4,11.0002460479736
1401,278.7,3.52144527435303
1402,278.9,7.38257360458374
1403,279.1,17.7059116363525
1404,279.2,17.2547626495361
1405,279.4,4.13641405105591
1406,279.5,2.98279452323914
1407,279.7,1.3374707698822
1408,279.9,6.92933511734009
1409,280.0,8.42534065246582
1410,280.2,20.0658721923828
1411,280.3,9.42239189147949
1412,280.5,2.01265811920166
1413,280.8,8.36991500854492
1414,281.0,191.67236328125
1415,281.1,1428.68139648438
1416,281.3,13.7983283996582
1417,281.6,0.922575891017914
1418,281.8,7.93744611740112
1419,282.0,93.8977508544922
1420,282.1,392.98388671875
1421,282.3,19.019416809082
1422,282.5,1.40530908107758
1423,282.7,4.00442409515381
1424,282.8,7.62996196746826
1425,283.0,88.3782730102539
1426,283.1,266.276275634766
1427,283.3,17.0763187408447
1428,283.5,1.09401500225067
1429,283.7,3.20929098129272
1430,283.9,14.666953086853
1431,284.1,66.0197830200195
1432,284.2,35.600959777832
1433,284.4,4.44205474853516
1434,284.6,4.15656852722168
1435,284.8,13.1555852890015
1436,285.0,67.9916458129883
1437,285.1,98.9416275024414
1438,285.3,16.6196384429932
1439,285.5,1.50227355957031
1440,285.7,3.15386509895325
1441,285.9,14.6895666122437
1442,286.0,17.0175743103027
1443,286.2,39.8413429260254
1444,286.3,14.734299659729
1445,286.5,2.08111095428467
1446,286.7,3.89099168777466
1447,286.9,15.4107160568237
1448,287.1,35.8133201599121
1449,287.2,30.0090942382813
1450,287.4,6.76957130432129
1451,287.7,2.71094989776611
1452,287.8,3.02507066726685
1453,288.0,13.0129041671753
1454,288.2,21.1542339324951
1455,288.3,8.92626285552979
1456,288.4,7.58768606185913
1457,288.7,5.69288444519043
1458,288.9,19.8748931884766
1459,289.0,20.9209785461426
1460,289.1,40.1115875244141
1461,289.3,10.8934497833252
1462,289.5,2.84035897254944
1463,289.8,5.59198713302612
1464,290.0,15.1104831695557
1465,290.1,10.9088115692139
1466,290.2,16.6174259185791
1467,290.4,4.00725078582764
1468,290.5,3.81418204307556
1469,290.8,4.44574165344238
1470,291.0,10.7131624221802
1471,291.2,13.9298267364502
1472,291.3,4.71045827865601
1473,291.4,4.0519847869873
1474,291.7,2.20253157615662
1475,291.9,4.94014978408813
1476,292.0,4.7025933265686
1477,292.2,13.9077053070068
1478,292.3,5.70615720748901
1479,292.4,6.40592336654663
1480,292.6,1.75863337516785
1481,292.8,8.181884765625
1482,292.9,8.75826454162598
1483,293.1,24.3876113891602
1484,293.2,13.8047189712524
1485,293.4,4.04940414428711
1486,293.7,2.94076442718506
1487,293.9,7.09721040725708
1488,294.1,13.2629957199097
1489,294.2,13.2153129577637
1490,294.4,5.41280555725098
1491,294.6,1.45667934417725
1492,294.8,7.16750621795654
1493,295.0,22.2638568878174
1494,295.1,16.2113800048828
1495,295.2,22.5581912994385
1496,295.4,4.89123773574829
1497,295.7,2.516037940979
1498,295.8,2.95182490348816
1499,296.0,11.9708738327026
1500,296.2,20.8735408782959
1501,296.3,11.4012537002563
1502,296.6,4.39363384246826
1503,296.8,8.45729351043701
1504,297.0,19.4888782501221
1505,297.1,21.0233497619629
1506,297.3,6.42472648620605
1507,297.4,4.38994693756104
1508,297.6,1.21162593364716
1509,297.8,4.60919237136841
1510,298.0,10.9391670227051
1511,298.2,16.8777198791504
1512,298.3,9.16910362243652
1513,298.6,3.13752007484436
1514,298.8,5.78235244750977
1515,299.0,18.2269878387451
1516,299.2,26.5870704650879
1517,299.3,10.6225881576538
1518,299.5,1.45655643939972
1519,299.7,2.45434427261353
1520,299.8,2.51013898849487
1521,300.0,12.3646306991577
1522,300.2,17.8882884979248
1523,300.3,7.23620510101318
1524,300.4,5.18299150466919
1525,300.6,1.19011926651001
1526,300.8,3.70812344551086
1527,301.0,9.22022819519043
1528,301.1,5.93818378448486
1529,301.3,11.2228097915649
1530,301.4,3.21961402893066
1531,301.5,2.99532985687256
1532,301.8,2.75752735137939
1533,302.0,7.69116401672363
1534,302.2,12.9588298797607
1535,302.3,10.3932657241821
1536,302.5,2.17930436134338
1537,302.7,2.63119077682495
1538,302.9,4.62873315811157
1539,303.1,8.24062919616699
1540,303.2,4.68268394470215
1541,303.3,7.30490350723267
1542,303.5,1.30662405490875
1543,303.7,2.26471662521362
1544,303.9,4.27196741104126
1545,304.0,3.8205726146698
1546,304.2,9.33009719848633
1547,304.3,7.49072122573853
1548,304.5,1.85400021076202
1549,304.7,2.44144034385681
1550,304.8,1.14243578910828
1551,305.0,4.84269380569458
1552,305.2,7.70283889770508
1553,305.3,5.15902662277222
1554,305.5,1.26213586330414
1555,305.7,1.96903038024902
1556,305.9,3.82118725776672
1557,306.0,3.54627013206482
1558,306.2,8.66510963439941
1559,306.3,3.85375452041626
1560,306.4,4.56150913238525
1561,306.7,2.6883373260498
1562,306.9,4.89603042602539
1563,307.0,3.45004296302795
1564,307.2,7.90242099761963
1565,307.3,5.36991500854492
1566,307.5,1.99963128566742
1567,307.8,2.5089099407196
1568,307.9,2.31141710281372
1569,308.1,7.09942245483398
1570,308.2,4.19380617141724
1571,308.3,6.85694980621338
1572,308.5,3.00614476203918
1573,308.8,3.49526858329773
1574,309.0,6.84969902038574
1575,309.1,4.52820444107056
1576,309.2,7.39043855667114
1577,309.4,3.08737874031067
1578,309.7,1.73036742210388
1579,309.8,2.03281307220459
1580,310.0,6.68022632598877
1581,310.2,10.3417720794678
1582,310.3,7.50571441650391
1583,310.5,1.38847243785858
1584,310.7,3.44365239143372
1585,310.9,7.81516551971436
1586,311.1,13.6459379196167
1587,311.2,9.41686153411865
1588,311.4,3.16148447990417
1589,311.7,2.05640888214111
1590,311.9,5.56777667999268
1591,312.0,4.42706155776978
1592,312.2,11.4204254150391
1593,312.3,3.80213832855225
1594,312.4,4.0039324760437
1595,312.6,1.46306991577148
1596,312.8,4.56138610839844
1597,313.0,10.4994468688965
1598,313.1,6.61128187179565
1599,313.2,8.84601211547852
1600,313.4,2.00872564315796
1601,313.6,1.93044114112854
1602,313.8,2.79144644737244
1603,314.0,6.59579706192017
1604,314.2,9.79193782806396
1605,314.3,6.94776964187622
1606,314.6,2.7170946598053
1607,314.8,2.68673968315125
1608,314.9,2.38650608062744
1609,315.1,6.77743625640869
1610,315.2,6.52476358413696
1611,315.4,1.85707259178162
1612,315.5,2.12756538391113
1613,315.7,1.07484328746796
1614,315.9,3.69435906410217
1615,316.1,6.95096492767334
1616,316.2,4.52218246459961
1617,316.3,6.49010705947876
1618,316.5,1.53987956047058
1619,316.7,2.44426703453064
1620,316.8,1.44205486774445
1621,317.0,3.74794149398804
1622,317.2,5.21691036224365
1623,317.3,2.42718458175659
1624,317.4,3.01966333389282
1625,317.7,1.72434556484222
1626,317.8,1.30133950710297
1627,318.0,4.06906700134277
1628,318.2,6.26582288742065
1629,318.3,5.02703714370728
1630,318.5,1.57392156124115
1631,318.6,1.83962142467499
1632,318.9,2.59923815727234
1633,319.0,1.8761214017868
1634,319.2,4.17045593261719
1635,319.3,1.96829295158386
1636,319.4,2.89086890220642
1637,319.6,1.43922817707062
1638,319.9,2.75765013694763
1639,320.1,4.74105930328369
1640,320.3,5.45176362991333
1641,320.4,3.86764168739319
1642,320.6,1.11761093139648
1643,320.8,1.91815161705017
1644,321.0,3.45901441574097
1645,321.1,1.9564950466156
1646,321.3,4.4987096786499
1647,321.4,1.35627377033234
1648,321.5,1.62480032444
1649,321.8,2.11097455024719
1650,322.0,3.58264708518982
1651,322.2,5.82696342468262
1652,322.3,4.756667137146
1653,322.5,2.44512724876404
1654,322.7,1.32567286491394
1655,322.9,5.47351598739624
1656,323.1,14.8960304260254
1657,323.2,4.77608442306519
1658,323.3,4.39879560470581
1659,323.5,2.13973212242126
1660,323.8,2.54381227493286
1661,324.0,6.96558904647827
1662,324.1,3.71021270751953
1663,324.2,7.47904634475708
1664,324.5,3.36807179450989
1665,324.7,6.12584495544434
1666,324.8,8.93031787872314
1667,325.0,53.0243339538574
1668,325.1,49.3567657470703
1669,325.3,6.99901676177979
1670,325.6,2.10630464553833
1671,325.8,7.21740198135376
1672,326.0,21.0310916900635
1673,326.1,19.172176361084
1674,326.3,5.62344837188721
1675,326.6,3.83728647232056
1676,326.8,22.2097816467285
1677,327.0,113.960182189941
1678,327.1,50.7640419006348
1679,327.2,25.4269390106201
1680,327.4,1.51001596450806
1681,327.6,2.49084424972534
1682,327.7,3.72569751739502
1683,327.9,20.9868507385254
1684,328.1,38.6871070861816
1685,328.2,15.4992008209229
1686,328.4,3.7682192325592
1687,328.7,5.18348264694214
1688,328.9,20.0298633575439
1689,329.1,31.1172428131104
1690,329.2,12.8253660202026
1691,329.4,3.08811593055725
1692,329.6,1.07005035877228
1693,329.8,4.8844780921936
1694,330.0,8.18360614776611
1695,330.1,10.2373113632202
1696,330.3,5.68034887313843
1697,330.5,1.65847361087799
1698,330.7,4.24480772018433
1699,330.9,7.80004930496216
1700,331.0,5.43308353424072
1701,331.1,11.3855228424072
1702,331.3,4.46368455886841
1703,331.6,1.86284875869751
1704,331.8,2.52648401260376
1705,332.0,4.89639902114868
1706,332.2,6.42706155776978
1707,332.3,4.01536178588867
1708,332.6,2.43431234359741
1709,332.7,1.47695708274841
1710,332.9,3.94309949874878
1711,333.1,4.98070526123047
1712,333.2,4.37630558013916
1713,333.4,1.38626027107239
1714,333.6,1.68686246871948
1715,333.8,1.80054068565369
1716,333.9,1.39007008075714
1717,334.1,4.44193172454834
1718,334.3,4.60833215713501
1719,334.4,1.7646552324295
1720,334.6,2.37040686607361
1721,334.8,2.41698408126831
1722,335.0,3.65048551559448
1723,335.2,4.31657838821411
1724,335.3,2.88116002082825
1725,335.6,1.77055430412292
1726,335.8,1.72029006481171
1727,335.9,1.17623198032379
1728,336.1,4.33783960342407
1729,336.2,4.43455839157104
1730,336.4,2.70308470726013
1731,336.7,1.92220723628998
1732,336.9,2.45323824882507
1733,337.1,3.98230314254761
1734,337.3,3.818852186203
1735,337.4,1.2100282907486
1736,337.5,1.84306252002716
1737,337.8,1.71340787410736
1738,338.0,3.30871319770813
1739,338.1,1.98721885681152
1740,338.3,4.0705418586731
1741,338.4,1.64286589622498
1742,338.6,2.41157674789429
1743,338.7,1.67518746852875
1744,338.9,6.62701225280762
1745,339.1,17.4069061279297
1746,339.2,7.92712306976318
1747,339.4,1.7850558757782
1748,339.6,1.74241125583649
1749,339.7,1.17438864707947
1750,339.9,4.4458646774292
1751,340.1,9.41624641418457
1752,340.2,6.20621871948242
1753,340.5,2.53742170333862
1754,340.7,6.776207447052
1755,340.8,12.626766204834
1756,341.0,128.24690246582
1757,341.1,161.54541015625
1758,341.2,48.6845283508301
1759,341.4,3.57195520401001
1760,341.6,1.33464419841766
1761,341.8,9.6190242767334
1762,342.0,45.9149551391602
1763,342.1,68.1704559326172
1764,342.3,10.1587810516357
1765,342.5,1.51099908351898
1766,342.7,4.7247142791748
1767,342.9,19.3720035552979
1768,343.1,63.1630821228027
1769,343.2,22.1539878845215
1770,343.4,2.21199464797974
1771,343.6,2.17180776596069
1772,343.7,1.69878327846527
1773,343.9,7.66658496856689
1774,344.0,7.703453540802
1775,344.1,15.3765516281128
1776,344.3,6.67703104019165
1777,344.6,3.08074235916138
1778,344.8,9.61410808563232
1779,345.0,27.3889636993408
1780,345.1,16.0067596435547
1781,345.2,16.8611278533936
1782,345.4,3.30330586433411
1783,345.7,2.7242226600647
1784,345.8,2.86862468719482
1785,346.0,9.96239376068115
1786,346.2,11.2156810760498
1787,346.3,3.32739329338074
1788,346.4,3.00233507156372
1789,346.6,1.11687350273132
1790,346.8,3.82757782936096
1791,347.0,8.44426727294922
1792,347.1,8.47486782073975
1793,347.3,4.25980091094971
1794,347.5,1.79820573329926
1795,347.8,2.13887190818787
1796,347.9,1.59800910949707
1797,348.1,4.14735174179077
1798,348.3,4.54553270339966
1799,348.5,2.5874400138855
1800,348.7,3.82438254356384
1801,348.8,3.7242226600647
1802,349.0,11.9799680709839
1803,349.1,5.44168615341187
1804,349.2,6.36389350891113
1805,349.4,2.023104429245
1806,349.7,2.13260412216187
1807,349.9,3.74364018440247
1808,350.1,5.44930553436279
1809,350.3,4.48801755905151
1810,350.4,1.57146370410919
1811,350.5,2.22072005271912
1812,350.8,3.14145255088806
1813,351.0,4.03760576248169
1814,351.1,4.47511386871338
1815,351.3,2.10839366912842
1816,351.4,2.35885453224182
1817,351.7,1.75371754169464
1818,351.9,2.14673709869385
1819,352.1,3.51788139343262
1820,352.3,3.58952927589417
1821,352.5,2.82327628135681
1822,352.6,1.11982297897339
1823,352.8,2.7255744934082
1824,353.0,4.22588157653809
1825,353.2,4.65896511077881
1826,353.3,1.77350378036499
1827,353.4,2.03428792953491
1828,353.6,0.762934744358063
1829,353.8,1.93326783180237
1830,354.0,3.10003685951233
1831,354.1,2.0696816444397
1832,354.2,3.47560524940491
1833,354.5,2.16492557525635
1834,354.7,4.85080480575562
1835,354.8,7.94383668899536
1836,355.0,69.5884246826172
1837,355.1,258.18359375
1838,355.2,83.4008865356445
1839,355.4,4.52427196502686
1840,355.7,3.17131614685059
1841,355.8,5.10581302642822
1842,356.0,31.7877597808838
1843,356.1,111.463562011719
1844,356.3,9.84367656707764
1845,356.4,4.94826126098633
1846,356.7,3.26901817321777
1847,356.8,4.59788608551025
1848,357.0,26.6809635162354
1849,357.1,75.9360961914063
1850,357.3,11.4797840118408
1851,357.6,1.88226616382599
1852,357.7,1.30232274532318
1853,357.9,5.41145372390747
1854,358.0,6.21580457687378
1855,358.1,21.2087993621826
1856,358.3,5.78407287597656
1857,358.5,2.67076325416565
1858,358.8,6.17844390869141
1859,359.0,16.8048419952393
1860,359.1,30.3304653167725
1861,359.3,5.43726205825806
1862,359.4,3.45311546325684
1863,359.7,1.84355413913727
1864,359.8,2.07029628753662
1865,360.0,6.92601680755615
1866,360.1,5.88533878326416
1867,360.2,8.43431282043457
1868,360.4,3.2926139831543
1869,360.7,1.97271716594696
1870,360.9,4.36696577072144
1871,361.0,2.92122411727905
1872,361.1,9.23903179168701
1873,361.3,3.89111471176147
1874,361.5,0.841710686683655
1875,361.7,1.55978858470917
1876,361.9,2.3525869846344
1877,362.1,4.31362915039063
1878,362.3,5.11380100250244
1879,362.4,3.4586455821991
1880,362.6,1.21150302886963
1881,362.8,4.16246795654297
1882,363.0,9.22993755340576
1883,363.1,5.10888528823853
1884,363.2,8.20363807678223
1885,363.4,3.21605014801025
1886,363.6,1.02224409580231
1887,363.8,2.48482251167297
1888,364.0,4.53865051269531
1889,364.2,5.23964595794678
1890,364.4,4.7935357093811
1891,364.5,1.56802260875702
1892,364.7,1.97357749938965
1893,364.9,2.62590646743774
1894,365.1,3.76133704185486
1895,365.3,4.14735174179077
1896,365.4,2.73196506500244
1897,365.6,1.55069434642792
1898,365.8,0.919134795665741
1899,366.0,2.64114546775818
1900,366.1,1.6083322763443
1901,366.3,3.39400267601013
1902,366.4,1.58190977573395
1903,366.6,2.51972460746765
1904,366.7,1.6407767534256
1905,366.9,5.57969760894775
1906,367.0,3.61816382408142
1907,367.2,7.52906465530396
1908,367.4,5.22158050537109
1909,367.5,2.11023712158203
1910,367.8,2.50079870223999
1911,368.0,3.41686129570007
1912,368.2,4.04239892959595
1913,368.3,1.404940366745
1914,368.4,2.59837770462036
1915,368.7,2.53225994110107
1916,368.8,2.43173170089722
1917,369.0,6.07902193069458
1918,369.2,9.3351354598999
1919,369.3,5.68882894515991
1920,369.5,1.03883492946625
1921,369.7,1.79734539985657
1922,369.8,1.04878950119019
1923,370.0,3.09880781173706
1924,370.2,4.94371366500854
1925,370.3,3.59309339523315
1926,370.5,2.27479410171509
1927,370.7,1.40260541439056
1928,370.9,4.11380100250244
1929,371.1,5.76096820831299
1930,371.2,4.87452363967896
1931,371.4,2.59346199035645
1932,371.7,1.39400267601013
1933,371.9,2.47769451141357
1934,372.1,3.41821312904358
1935,372.2,1.84638071060181
1936,372.4,3.08111095428467
1937,372.6,2.36622834205627
1938,372.7,1.17770671844482
1939,372.9,3.63180541992188
1940,373.1,5.47806310653687
1941,373.2,3.3463191986084
1942,373.3,4.19896745681763
1943,373.5,0.877596139907837
1944,373.6,1.52341163158417
1945,373.9,2.33648753166199
1946,374.1,4.02568531036377
1947,374.3,5.43603277206421
1948,374.4,3.3534471988678
1949,374.7,2.00970864295959
1950,374.8,0.969399034976959
1951,375.0,2.51247382164001
1952,375.2,3.53914213180542
1953,375.4,3.19183969497681
1954,375.5,1.62725818157196
1955,375.7,0.681700885295868
1956,375.9,1.76588428020477
1957,376.0,1.21654176712036
1958,376.2,4.66597032546997
1959,376.4,6.73589754104614
1960,376.5,2.78739094734192
1961,376.7,1.52857315540314
1962,377.0,2.17033314704895
1963,377.1,1.5554872751236
1964,377.3,3.54663872718811
1965,377.4,2.9249107837677
1966,377.6,1.46073496341705
1967,377.8,0.925648272037506
1968,378.0,1.96694111824036
1969,378.2,3.61509156227112
1970,378.3,3.22772526741028
1971,378.4,4.93474245071411
1972,378.6,0.963868737220764
1973,378.8,1.57601082324982
1974,379.0,1.90487897396088
1975,379.2,3.11933135986328
1976,379.4,4.47302436828613
1977,379.5,2.6878457069397
1978,379.8,1.401007771492
1979,379.9,0.742411196231842
1980,380.1,2.39240503311157
1981,380.3,4.7770676612854
1982,380.4,5.1074104309082
1983,380.7,2.00344109535217
1984,380.9,2.19786167144775
1985,381.0,1.42435789108276
1986,381.2,3.28954148292542
1987,381.4,7.15042400360107
1988,381.5,2.71586585044861
1989,381.7,0.808406054973602
1990,381.9,1.71783208847046
1991,382.0,1.09512102603912
1992,382.2,3.73319411277771
1993,382.4,7.52156829833984
1994,382.5,4.25857210159302
1995,382.8,3.79808282852173
1996,382.9,2.49821805953979
1997,383.1,7.06046438217163
1998,383.3,5.54049396514893
1999,383.4,3.588791847229
2000,383.7,2.14464783668518
2001,383.9,2.79722261428833
2002,384.0,1.68846011161804
2003,384.1,3.91962647438049
2004,384.3,1.7082462310791
2005,384.5,2.7921838760376
2006,384.7,3.73761820793152
2007,384.8,3.64102244377136
2008,385.0,12.5391426086426
2009,385.1,9.63782691955566
2010,385.3,3.84711813926697
2011,385.6,2.03834342956543
2012,385.7,1.21826231479645
2013,385.9,4.45925998687744
2014,386.0,2.34595060348511
2015,386.2,4.99053716659546
2016,386.3,1.6567530632019
2017,386.5,1.99692761898041
2018,386.7,3.48052096366882
2019,386.9,7.73294830322266
2020,387.1,9.94383716583252
2021,387.2,7.26397943496704
2022,387.4,2.07693243026733
2023,387.6,0.866535604000092
2024,387.8,2.39719796180725
2025,388.0,4.43124008178711
2026,388.1,2.39301943778992
2027,388.2,4.78861999511719
2028,388.4,2.48408508300781
2029,388.7,2.27307367324829
2030,388.9,3.82450532913208
2031,389.0,2.14980959892273
2032,389.2,4.45766258239746
2033,389.3,2.47351598739624
2034,389.6,1.50878703594208
2035,389.8,1.67825984954834
2036,390.0,2.35676550865173
2037,390.1,1.72237920761108
2038,390.3,3.15042400360107
2039,390.5,2.58584237098694
2040,390.7,1.8805456161499
2041,390.9,2.09401488304138
2042,391.1,3.07607221603394
2043,391.2,2.40567779541016
2044,391.4,1.93154728412628
2045,391.7,1.53520953655243
2046,391.9,1.69743144512177
2047,392.1,2.89369535446167
2048,392.2,1.86370897293091
2049,392.4,4.66732215881348
2050,392.5,3.58977508544922
2051,392.7,0.715251326560974
2052,392.9,1.75838756561279
2053,393.1,2.10839366912842
2054,393.2,1.41956496238708
2055,393.4,3.26361060142517
2056,393.5,2.54295206069946
2057,393.7,1.10298633575439
2058,394.0,1.60353934764862
2059,394.2,3.47277855873108
2060,394.4,11.286714553833
2061,394.5,6.5839991569519
2062,394.8,1.43554139137268
2063,395.0,1.58903777599335
2064,395.2,2.20388340950012
2065,395.4,4.74302577972412
2066,395.5,3.05616331100464
2067,395.8,1.38994717597961
2068,396.0,1.61300230026245
2069,396.2,2.73282527923584
2070,396.3,3.09745597839355
2071,396.4,18.1235103607178
2072,396.6,1.17709231376648
2073,396.7,1.77547001838684
2074,396.9,0.983409106731415
2075,397.0,2.62873291969299
2076,397.2,1.41968786716461
2077,397.4,5.42951965332031
2078,397.5,2.64249730110168
2079,397.6,2.25058364868164
2080,397.9,1.62688946723938
2081,398.0,0.866658449172974
2082,398.2,2.48322486877441
2083,398.3,1.40014743804932
2084,398.4,4.67309808731079
2085,398.7,3.42583250999451
2086,398.9,7.56089448928833
2087,399.1,14.7564210891724
2088,399.2,4.65085411071777
2089,399.3,3.87673592567444
2090,399.5,0.934250950813293
2091,399.7,1.82008111476898
2092,399.8,1.59862351417542
2093,400.0,5.33538150787354
2094,400.1,3.36880922317505
2095,400.2,3.74388599395752
2096,400.5,2.01548480987549
2097,400.6,2.11490726470947
2098,400.8,14.9847612380981
2099,401.0,54.9304428100586
2100,401.1,50.0607109069824
2101,401.3,6.04178428649902
2102,401.4,3.13641381263733
2103,401.7,3.87243461608887
2104,401.9,12.5363159179688
2105,402.1,24.319896697998
2106,402.2,11.0567779541016
2107,402.4,2.5270984172821
2108,402.7,3.91520214080811
2109,402.9,11.4440212249756
2110,403.1,19.9531764984131
2111,403.2,6.01634502410889
2112,403.3,4.36598253250122
2113,403.6,1.6025562286377
2114,403.8,3.33316946029663
2115,403.9,2.50878691673279
2116,404.1,6.11527585983276
2117,404.2,4.16468000411987
2118,404.5,1.71660315990448
2119,404.6,1.17475724220276
2120,404.8,4.13198947906494
2121,405.0,7.42509508132935
2122,405.1,11.4274301528931
2123,405.3,1.92970383167267
2124,405.4,1.67457294464111
2125,405.7,1.81332182884216
2126,405.8,1.24591374397278
2127,406.0,3.90266680717468
2128,406.1,1.80373597145081
2129,406.2,3.6229567527771
2130,406.5,1.79808282852173
2131,406.6,0.954774498939514
2132,406.8,2.40752124786377
2133,406.9,1.42435789108276
2134,407.1,3.66191482543945
2135,407.2,2.01536202430725
2136,407.3,2.70898365974426
2137,407.6,1.58940637111664
2138,407.8,1.65318918228149
2139,408.0,2.17217636108398
2140,408.2,2.71992135047913
2141,408.3,1.23460733890533
2142,408.5,2.34828567504883
2143,408.6,1.07877600193024
2144,408.8,2.47351598739624
2145,409.0,2.82413673400879
2146,409.1,2.62369418144226
2147,409.4,1.95784687995911
2148,409.6,1.41010200977325
2149,409.8,1.32604157924652
2150,409.9,0.771291613578796
2151,410.1,1.80754578113556
2152,410.3,1.93818366527557
2153,410.5,1.5741673707962
2154,410.7,1.54000246524811
2155,410.9,1.56605625152588
2156,411.0,0.840235948562622
2157,411.2,1.74499201774597
2158,411.4,1.45471298694611
2159,411.5,1.31338334083557
2160,411.8,1.09450662136078
2161,412.0,1.3498831987381
2162,412.2,1.49870955944061
2163,412.3,0.750645220279694
2164,412.4,1.42755317687988
2165,412.7,1.75175130367279
2166,412.8,1.24259555339813
2167,413.0,2.84711813926697
2168,413.1,2.09180283546448
2169,413.3,2.68526482582092
2170,413.4,1.61165046691895
2171,413.7,1.40272831916809
2172,413.9,1.64962518215179
2173,414.1,2.43922829627991
2174,414.2,0.992994964122772
2175,414.3,1.6132481098175
2176,414.6,1.85326290130615
2177,414.7,2.39105319976807
2178,414.9,17.6338939666748
2179,415.1,70.4752349853516
2180,415.2,37.1511611938477
2181,415.4,4.15755176544189
2182,415.6,1.07189381122589
2183,415.8,4.74806451797485
2184,416.0,17.7182006835938
2185,416.1,26.7971000671387
2186,416.3,6.04842090606689
2187,416.4,3.64888787269592
2188,416.7,2.56273818016052
2189,416.8,3.2428412437439
2190,417.0,14.9519481658936
2191,417.1,20.7361431121826
2192,417.3,6.88116025924683
2193,417.5,1.93769204616547
2194,417.8,2.45975184440613
2195,418.0,5.4640531539917
2196,418.1,6.80766868591309
2197,418.3,3.65171432495117
2198,418.6,1.88361799716949
2199,418.7,0.951579213142395
2200,418.9,4.60796356201172
2201,419.1,7.09979104995728
2202,419.2,5.00614500045776
2203,419.4,1.25586831569672
2204,419.6,1.49281060695648
2205,419.8,1.55659329891205
2206,420.0,2.76342630386353
2207,420.2,2.97800183296204
2208,420.3,2.13702845573425
2209,420.5,1.46614229679108
2210,420.7,0.797468364238739
2211,420.9,2.64065384864807
2212,421.1,3.82868385314941
2213,421.3,3.52759003639221
2214,421.4,1.60452258586884
2215,421.7,1.11810255050659
2216,421.8,0.679734528064728
2217,422.0,1.8587931394577
2218,422.2,2.38183617591858
2219,422.4,1.93609440326691
2220,422.6,1.34435296058655
2221,422.8,2.10298633575439
2222,423.0,2.96878457069397
2223,423.2,3.12338709831238
2224,423.3,1.06574904918671
2225,423.5,1.4489369392395
2226,423.6,0.500307261943817
2227,423.8,1.48850929737091
2228,424.0,1.98771047592163
2229,424.1,0.969276130199432
2230,424.3,2.01757407188416
2231,424.4,0.775101363658905
2232,424.6,1.11515295505524
2233,424.7,0.635000586509705
2234,424.9,1.63450908660889
2235,425.1,1.9009462594986
2236,425.3,1.43640160560608
2237,425.4,1.13149809837341
2238,425.7,1.02187538146973
2239,425.8,0.649379372596741
2240,425.9,1.2708615064621
2241,426.2,1.4866658449173
2242,426.4,1.30121672153473
2243,426.5,0.655647039413452
2244,426.7,1.46466755867004
2245,426.9,2.00897145271301
2246,427.0,0.947154998779297
2247,427.1,2.34681081771851
2248,427.3,1.54688465595245
2249,427.5,0.619392871856689
2250,427.7,1.05653190612793
2251,427.9,1.42128551006317
2252,428.1,1.66130018234253
2253,428.3,1.67199218273163
2254,428.4,1.25869488716125
2255,428.7,2.66916561126709
2256,428.8,3.45028877258301
2257,429.0,18.7839508056641
2258,429.2,70.8745269775391
2259,429.3,11.6389331817627
2260,429.5,1.96952188014984
2261,429.8,2.95010447502136
2262,430.0,8.79710006713867
2263,430.1,29.5323829650879
2264,430.3,6.7748556137085
2265,430.5,2.18176221847534
2266,430.7,1.358363032341
2267,430.9,5.09229469299316
2268,431.1,14.5019044876099
2269,431.2,16.7146377563477
2270,431.4,2.54418087005615
2271,431.7,1.56519603729248
2272,431.9,2.49281072616577
2273,432.0,2.20425224304199
2274,432.2,7.2380485534668
2275,432.3,1.9529310464859
2276,432.4,1.66105449199677
2277,432.6,0.594690918922424
2278,432.8,2.34877729415894
2279,433.0,4.44402122497559
2280,433.2,6.67850542068481
2281,433.3,1.63733565807343
2282,433.4,1.69325304031372
2283,433.6,0.563352584838867
2284,433.8,1.39093029499054
2285,434.0,2.35381579399109
2286,434.1,3.05050992965698
2287,434.3,2.01769685745239
2288,434.6,1.02052354812622
2289,434.8,1.24185812473297
2290,435.0,1.9449428319931
2291,435.2,2.61963868141174
2292,435.3,1.50423991680145
2293,435.6,0.946171820163727
2294,435.8,1.16308224201202
2295,436.0,1.38036131858826
2296,436.2,1.45803117752075
2297,436.3,0.783089578151703
2298,436.5,1.20498955249786
2299,436.7,1.13567650318146
2300,436.8,0.946909189224243
2301,437.0,2.40051627159119
2302,437.1,1.27454841136932
2303,437.2,2.83507442474365
2304,437.4,0.993117868900299
2305,437.6,1.03858911991119
2306,437.8,1.3228462934494
2307,438.0,1.611896276474
2308,438.1,1.74093651771545
2309,438.3,1.51001596450806
2310,438.6,1.45459020137787
2311,438.7,0.547376155853271
2312,438.9,1.29630088806152
2313,439.1,1.73970746994019
2314,439.2,0.804596304893494
2315,439.4,1.57465898990631
2316,439.6,1.06562614440918
2317,439.8,0.976526975631714
2318,439.9,0.728401124477386
2319,440.1,1.25021505355835
2320,440.2,1.33341526985168
2321,440.5,1.07988202571869
2322,440.6,0.637458503246307
2323,440.8,1.7717832326889
2324,441.0,2.45028877258301
2325,441.2,2.17266798019409
2326,441.3,1.70234727859497
2327,441.5,0.943590998649597
2328,441.7,0.403342753648758
2329,441.9,1.41243696212769
2330,442.0,0.85080498456955
2331,442.2,1.54184591770172
2332,442.4,1.39203631877899
2333,442.6,1.17623198032379
2334,442.8,1.46110355854034
2335,443.0,2.10704183578491
2336,443.2,2.16689205169678
2337,443.3,1.50264227390289
2338,443.6,1.06722378730774
2339,443.8,1.37286472320557
2340,444.0,1.58203268051147
2341,444.1,0.787268042564392
2342,444.3,1.69534230232239
2343,444.5,1.65957975387573
2344,444.7,1.70283889770508
2345,444.9,2.15742897987366
2346,445.0,1.21469831466675
2347,445.2,2.68624806404114
2348,445.3,1.68108642101288
2349,445.6,1.30232274532318
2350,445.8,1.2744255065918
2351,445.9,1.82057273387909
2352,446.1,0.951210498809814
2353,446.2,1.52734422683716
2354,446.4,0.746589660644531
2355,446.6,1.16185331344604
2356,446.8,1.85522925853729
2357,447.0,2.38884115219116
2358,447.1,2.13149809837341
2359,447.3,0.960304796695709
2360,447.4,1.20191717147827
2361,447.7,1.21985995769501
2362,447.9,1.44783091545105
2363,448.1,1.50411701202393
2364,448.3,1.65601575374603
2365,448.5,1.26557695865631
2366,448.7,1.14821183681488
2367,448.9,1.27049279212952
2368,449.1,1.60685753822327
2369,449.2,1.54491829872131
2370,449.5,1.02629959583282
2371,449.6,0.591495633125305
2372,449.8,1.09598135948181
2373,449.9,0.541354298591614
2374,450.1,1.33218634128571
2375,450.3,1.16701483726501
2376,450.4,0.57330709695816
2377,450.6,1.08959078788757
2378,450.8,1.1802875995636
2379,450.9,0.552414894104004
2380,451.1,1.22944569587708
2381,451.2,0.645078063011169
2382,451.4,1.24665105342865
2383,451.6,0.851419448852539
2384,451.8,0.859653413295746
2385,451.9,0.537175834178925
2386,452.0,1.26434803009033
2387,452.2,0.72016716003418
2388,452.4,1.08516657352448
2389,452.6,1.04928112030029
2390,452.7,0.968293011188507
2391,452.9,0.410224884748459
2392,453.1,1.14599978923798
2393,453.3,1.27282786369324
2394,453.5,0.967309832572937
2395,453.7,1.12535333633423
2396,453.8,0.972840130329132
2397,454.1,1.2122403383255
2398,454.3,1.14759743213654
2399,454.5,1.2584490776062
2400,454.6,0.474867880344391
2401,454.7,1.12510752677917
2402,455.0,1.28327393531799
2403,455.1,0.667567908763885
2404,455.3,1.05259919166565
2405,455.4,0.759985268115997
2406,455.6,1.00688219070435
2407,455.7,0.510384678840637
2408,455.9,1.28204500675201
2409,456.1,0.937937796115875
2410,456.3,1.12633645534515
2411,456.5,1.1758633852005
2412,456.7,1.13076066970825
2413,456.9,1.51407158374786
2414,457.1,1.99926257133484
2415,457.3,1.44058001041412
2416,457.5,0.967064023017883
2417,457.7,1.14894926548004
2418,457.9,1.52992498874664
2419,458.0,0.666830539703369
2420,458.2,1.22170329093933
2421,458.3,1.151407122612
2422,458.5,0.538159012794495
2423,458.7,1.94469702243805
2424,458.9,4.31510400772095
2425,459.0,2.62393999099731
2426,459.2,4.92355918884277
2427,459.3,2.15140724182129
2428,459.6,1.06316828727722
2429,459.8,2.01855731010437
2430,460.0,2.87145137786865
2431,460.1,2.56273818016052
2432,460.3,0.902912616729736
2433,460.5,1.29568636417389
2434,460.7,3.82229328155518
2435,460.9,9.89050006866455
2436,461.1,14.3414030075073
2437,461.2,5.36745738983154
2438,461.3,5.14636850357056
2439,461.6,1.9196263551712
2440,461.8,3.37003803253174
2441,462.0,6.09684181213379
2442,462.2,5.22649621963501
2443,462.3,2.80361318588257
2444,462.6,1.63991641998291
2445,462.7,1.34078896045685
2446,462.9,4.46601963043213
2447,463.1,4.91520214080811
2448,463.2,1.89443278312683
2449,463.4,2.25525379180908
2450,463.6,1.23104333877563
2451,463.8,1.74585223197937
2452,463.9,1.37974679470062
2453,464.1,2.29359722137451
2454,464.2,1.89430999755859
2455,464.5,1.10605871677399
2456,464.7,1.43001103401184
2457,464.9,2.1439106464386
2458,465.0,1.13948631286621
2459,465.2,2.25660562515259
2460,465.4,1.36573672294617
2461,465.5,0.376551568508148
2462,465.7,0.939412534236908
2463,465.9,1.27983283996582
2464,466.0,0.863217413425446
2465,466.2,1.40162217617035
2466,466.4,1.27688336372375
2467,466.6,0.929703831672668
2468,466.8,0.983777821063995
2469,466.9,0.911023736000061
2470,467.1,1.46184098720551
2471,467.3,1.16615462303162
2472,467.4,0.969276130199432
2473,467.7,0.952070772647858
2474,467.8,0.66424971818924
2475,468.0,1.12117493152618
2476,468.2,1.04940390586853
2477,468.3,1.02986359596252
2478,468.5,0.900331795215607
2479,468.8,0.852402627468109
2480,469.0,1.20326900482178
2481,469.2,1.10802507400513
2482,469.4,0.993978142738342
2483,469.6,0.976404070854187
2484,469.8,1.085289478302
2485,470.0,1.26127564907074
2486,470.2,1.00294947624207
2487,470.4,0.960427701473236
2488,470.6,1.08049654960632
2489,470.7,0.492441922426224
2490,470.9,1.32026541233063
2491,471.0,0.628118455410004
2492,471.2,1.08160257339478
2493,471.4,1.09831631183624
2494,471.6,1.03096961975098
2495,471.7,0.548482239246368
2496,471.9,1.09512102603912
2497,472.0,1.13715124130249
2498,472.3,1.25611400604248
2499,472.4,1.07275414466858
2500,472.7,1.19810736179352
2501,472.8,0.896767854690552
2502,473.0,2.24173521995544
2503,473.2,2.52205967903137
2504,473.4,1.73909306526184
2505,473.6,0.95452868938446
2506,473.8,1.17905867099762
2507,473.9,0.852033913135529
2508,474.1,1.71549713611603
2509,474.3,1.49219608306885
2510,474.5,1.04153859615326
2511,474.6,0.969276130199432
2512,474.8,4.80717706680298
2513,475.0,16.8371639251709
2514,475.2,22.7864074707031
2515,475.3,7.34570503234863
2516,475.4,4.0718936920166
2517,475.7,1.93253040313721
2518,475.9,5.13297271728516
2519,476.1,9.70763206481934
2520,476.3,8.61165046691895
2521,476.4,3.4032199382782
2522,476.6,0.836917757987976
2523,476.8,2.70935225486755
2524,477.0,6.41673851013184
2525,477.1,7.41145372390747
2526,477.3,4.24787998199463
2527,477.5,1.33329236507416
2528,477.8,1.52746713161469
2529,477.9,1.19110238552094
2530,478.1,2.61472296714783
2531,478.3,2.6718692779541
2532,478.4,1.73012161254883
2533,478.7,1.42239153385162
2534,478.9,2.345458984375
2535,479.0,1.5315226316452
2536,479.2,4.60538291931152
2537,479.3,2.2766375541687
2538,479.6,0.970505118370056
2539,479.7,0.503748297691345
2540,479.9,1.53484082221985
2541,480.1,2.47363901138306
2542,480.3,1.7508909702301
2543,480.4,0.587808787822723
2544,480.6,0.921346962451935
2545,480.8,1.08369183540344
2546,481.0,1.7677276134491
2547,481.1,2.02543926239014
2548,481.3,0.892343640327454
2549,481.4,0.816148459911346
2550,481.7,0.94506573677063
2551,481.9,1.22084307670593
2552,482.1,1.18446600437164
2553,482.3,1.12006878852844
2554,482.4,0.571955263614655
2555,482.5,1.06919014453888
2556,482.8,1.30170822143555
2557,483.0,1.38761210441589
2558,483.2,1.50337958335876
2559,483.4,1.11109745502472
2560,483.6,1.10753345489502
2561,483.7,0.500430107116699
2562,483.9,1.09942233562469
2563,484.1,1.2317807674408
2564,484.3,1.30650115013123
2565,484.5,0.908074200153351
2566,484.7,0.799311757087708
2567,484.9,1.44942855834961
2568,485.1,1.18348288536072
2569,485.2,1.18397438526154
2570,485.5,0.937692046165466
2571,485.6,0.696571230888367
2572,485.9,1.11847114562988
2573,486.1,1.04092419147491
2574,486.2,0.536438465118408
2575,486.4,0.792921245098114
2576,486.5,0.560034394264221
2577,486.7,1.21531271934509
2578,486.8,0.536807179450989
2579,487.0,1.4040801525116
2580,487.1,1.06365978717804
2581,487.2,1.71353077888489
2582,487.4,0.648519098758698
2583,487.5,1.01278114318848
2584,487.8,1.11883985996246
2585,488.0,1.26238167285919
2586,488.1,0.685264825820923
2587,488.3,1.41821312904358
2588,488.5,1.23411571979523
2589,488.6,0.680963516235352
2590,488.8,3.37311053276062
2591,489.0,13.1832370758057
2592,489.1,13.0911884307861
2593,489.2,18.1474742889404
2594,489.4,3.45962882041931
2595,489.5,2.05124735832214
2596,489.8,2.34951448440552
2597,489.9,2.79415011405945
2598,490.1,10.898980140686
2599,490.2,5.67703104019165
2600,490.3,6.12854862213135
2601,490.5,1.7797714471817
2602,490.8,2.45938301086426
2603,491.0,5.69841480255127
2604,491.2,8.56064891815186
2605,491.3,4.46687984466553
2606,491.5,0.720904529094696
2607,491.7,1.28425705432892
2608,491.9,2.22022867202759
2609,492.0,1.40825855731964
2610,492.2,3.24886322021484
2611,492.3,2.756667137146
2612,492.5,0.691040933132172
2613,492.7,1.41071653366089
2614,492.8,1.08688700199127
2615,493.0,2.3867518901825
2616,493.2,3.1092541217804
2617,493.3,1.34558188915253
2618,493.4,1.37974679470062
2619,493.7,1.00380980968475
2620,493.9,1.55376672744751
2621,494.1,1.90315842628479
2622,494.3,1.75617551803589
2623,494.4,0.984392285346985
2624,494.6,0.647413074970245
2625,494.8,1.33280074596405
2626,495.0,1.40199089050293
2627,495.1,0.878579318523407
2628,495.3,1.75691282749176
2629,495.4,1.31940519809723
2630,495.7,1.01450169086456
2631,495.8,0.49072140455246
2632,495.9,1.25562250614166
2633,496.2,1.16222190856934
2634,496.4,1.19036495685577
2635,496.6,0.931915938854218
2636,496.8,1.14108395576477
2637,497.0,1.47535943984985
2638,497.1,0.829052448272705
2639,497.3,1.6589652299881
2640,497.5,1.39732086658478
2641,497.6,1.00614476203918
2642,497.8,0.635123491287231
2643,498.0,1.25107538700104
2644,498.2,1.27405679225922
2645,498.3,0.61128181219101
2646,498.4,0.95674079656601
2647,498.6,0.353201419115067
2648,498.8,0.712178945541382
2649,499.0,1.43197739124298
2650,499.2,1.11810255050659
2651,499.4,1.20179426670074
2652,499.6,0.987833380699158
2653,499.7,1.2717217206955
2654,500.0,1.41587805747986
2655,500.1,1.23497605323792
2656,500.3,0.917414307594299
2657,500.5,0.569620251655579
2658,500.7,1.0514931678772
2659,500.9,1.26238167285919
2660,501.1,1.16861248016357
2661,501.3,1.41403460502625
2662,501.4,1.15288186073303
2663,501.6,0.393265336751938
2664,501.8,1.1208062171936
2665,502.0,1.51173651218414
2666,502.1,1.05210769176483
2667,502.4,0.902298152446747
2668,502.6,0.990537047386169
2669,502.8,2.17340540885925
2670,503.0,4.45704793930054
2671,503.1,4.22477579116821
2672,503.2,11.9268770217896
2673,503.4,1.47449922561646
2674,503.5,1.16332805156708
2675,503.8,1.25205850601196
2676,504.0,2.62307977676392
2677,504.2,6.74929332733154
2678,504.3,2.86002206802368
2679,504.5,1.33034288883209
2680,504.8,1.75052225589752
2681,505.0,2.72803235054016
2682,505.2,5.12584495544434
2683,505.3,1.31240010261536
2684,505.4,1.7291384935379
2685,505.7,1.17893576622009
2686,505.9,1.3605751991272
2687,506.1,2.06820702552795
2688,506.2,1.56556475162506
2689,506.4,1.46589648723602
2690,506.5,0.626643717288971
2691,506.6,1.19368314743042
2692,506.8,0.70591127872467
2693,507.0,2.20965957641602
2694,507.2,3.01364135742188
2695,507.3,1.83630335330963
2696,507.6,1.15509402751923
2697,507.8,1.08455204963684
2698,508.0,1.43492686748505
2699,508.2,1.76699030399323
2700,508.3,1.50878703594208
2701,508.5,0.440334290266037
2702,508.7,1.07877600193024
2703,508.9,1.20351481437683
2704,509.1,1.4169842004776
2705,509.3,1.19196259975433
2706,509.4,0.83654910326004
2707,509.6,1.04375076293945
2708,509.9,1.06820690631866
2709,510.1,0.829421162605286
2710,510.2,1.13493919372559
2711,510.4,0.81344473361969
2712,510.7,1.03490233421326
2713,510.8,1.11699640750885
2714,511.0,1.3316947221756
2715,511.2,0.548236429691315
2716,511.4,1.06980454921722
2717,511.5,0.729138493537903
2718,511.8,0.959444522857666
2719,511.9,0.424972355365753
2720,512.1,1.00110602378845
2721,512.3,1.08061933517456
2722,512.5,0.994101047515869
2723,512.6,0.506452023983002
2724,512.8,1.04104709625244
2725,512.9,1.06734669208527
2726,513.2,1.1252304315567
2727,513.4,1.00135183334351
2728,513.6,0.91065502166748
2729,513.8,0.987095952033997
2730,514.0,1.01462459564209
2731,514.1,0.956372141838074
2732,514.4,0.9782475233078
2733,514.5,0.859407663345337
2734,514.7,0.47204127907753
2735,514.9,1.29199945926666
2736,515.1,1.56568765640259
2737,515.3,1.41759860515594
2738,515.5,1.07189381122589
2739,515.7,0.909794747829437
2740,515.8,0.394002705812454
2741,516.0,1.04817497730255
2742,516.1,0.49576011300087
2743,516.3,0.928351998329163
2744,516.5,0.95354551076889
2745,516.7,1.0181884765625
2746,516.9,1.39805829524994
2747,517.1,1.42251443862915
2748,517.2,1.27639174461365
2749,517.5,1.15927243232727
2750,517.7,1.11392402648926
2751,517.9,1.0977019071579
2752,518.1,1.27540862560272
2753,518.3,1.26004672050476
2754,518.4,0.442300587892532
2755,518.6,0.974191963672638
2756,518.8,1.51345705986023
2757,519.0,1.85867023468018
2758,519.2,1.66068577766418
2759,519.4,1.23817133903503
2760,519.5,0.5865797996521
2761,519.7,1.05431973934174
2762,519.8,0.635615110397339
2763,520.0,1.38417112827301
2764,520.1,0.655524134635925
2765,520.3,1.21629595756531
2766,520.5,1.03871202468872
2767,520.7,1.12682807445526
2768,520.9,1.64458644390106
2769,521.1,2.35676550865173
2770,521.2,1.8147965669632
2771,521.4,0.634631931781769
2772,521.6,1.01425588130951
2773,521.7,0.592724561691284
2774,521.9,1.43590998649597
2775,522.1,1.43148577213287
2776,522.3,1.12904024124146
2777,522.5,1.0102002620697
2778,522.6,0.601573050022125
2779,522.8,1.27454841136932
2780,522.9,0.596165657043457
2781,523.1,1.5248863697052
2782,523.3,1.14083814620972
2783,523.5,0.971488237380981
2784,523.7,1.05493426322937
2785,523.9,1.17107045650482
2786,524.1,1.03699147701263
2787,524.3,0.979968070983887
2788,524.5,0.946663379669189
2789,524.6,0.427430242300034
2790,524.8,0.90414160490036
2791,525.0,1.10421526432037
2792,525.2,0.919872164726257
2793,525.4,0.948261022567749
2794,525.6,1.0035640001297
2795,525.8,0.968661665916443
2796,525.9,0.98082834482193
2797,526.2,0.854123115539551
2798,526.4,0.860636591911316
2799,526.6,0.948506832122803
2800,526.7,0.367948889732361
2801,526.9,1.12596786022186
2802,527.0,0.506329119205475
2803,527.1,1.00786530971527
2804,527.4,0.984392285346985
2805,527.5,0.395723253488541
2806,527.7,0.846012055873871
2807,527.8,0.484576612710953
2808,528.0,1.0115522146225
2809,528.1,0.384539753198624
2810,528.3,0.832493543624878
2811,528.5,0.806808412075043
2812,528.7,0.865552425384521
2813,528.8,0.899225771427155
2814,529.1,1.11625909805298
2815,529.2,0.532874524593353
2816,529.4,0.987218856811523
2817,529.6,0.895907580852509
2818,529.8,0.840604662895203
2819,529.9,0.731104850769043
2820,530.2,0.843554139137268
2821,530.3,0.411208063364029
2822,530.5,0.850559175014496
2823,530.7,0.9460489153862
2824,530.9,0.9782475233078
2825,531.1,0.935848593711853
2826,531.2,0.459874659776688
2827,531.4,1.05481135845184
2828,531.5,0.838638305664063
2829,531.7,0.463807314634323
2830,531.9,0.74880176782608
2831,532.0,0.860636591911316
2832,532.3,1.07005035877228
2833,532.5,1.04153859615326
2834,532.6,0.5108762383461
2835,532.8,1.56322968006134
2836,533.0,1.76907956600189
2837,533.2,2.03711438179016
2838,533.3,1.21445250511169
2839,533.6,1.0666092634201
2840,533.8,1.13088357448578
2841,534.0,1.39142191410065
2842,534.1,1.59690308570862
2843,534.4,1.28745234012604
2844,534.5,0.570111811161041
2845,534.7,2.20081114768982
2846,534.9,5.26975536346436
2847,535.1,7.64815044403076
2848,535.2,6.04399633407593
2849,535.4,2.10482978820801
2850,535.7,1.6771537065506
2851,535.9,2.91938066482544
2852,536.1,4.46368455886841
2853,536.3,3.47105813026428
2854,536.4,1.70099544525146
2855,536.7,1.56691658496857
2856,536.9,2.5785915851593
2857,537.1,3.11896276473999
2858,537.2,3.09057402610779
2859,537.4,0.691286742687225
2860,537.6,1.00417840480804
2861,537.8,1.26422512531281
2862,537.9,0.793535709381104
2863,538.1,1.76944816112518
2864,538.2,0.665601551532745
2865,538.3,1.30072510242462
2866,538.6,0.865921080112457
2867,538.8,1.34754824638367
2868,539.0,1.3974437713623
2869,539.2,1.38183605670929
2870,539.3,0.541845917701721
2871,539.4,1.08025074005127
2872,539.7,0.902666807174683
2873,539.8,1.10999143123627
2874,540.1,1.25513088703156
2875,540.3,1.10495269298553
2876,540.5,0.977633059024811
2877,540.6,0.395723253488541
2878,540.8,1.05075585842133
2879,540.9,0.575642108917236
2880,541.1,1.28868138790131
2881,541.2,0.371021270751953
2882,541.4,0.940641522407532
2883,541.5,0.826348781585693
2884,541.7,0.883986711502075
2885,542.0,1.06009590625763
2886,542.1,0.545286953449249
2887,542.3,0.998279452323914
2888,542.5,0.970873773097992
2889,542.7,0.913604497909546
2890,542.8,0.814673721790314
2891,543.1,1.01106059551239
2892,543.3,0.899348676204681
2893,543.4,0.921346962451935
2894,543.6,0.344475865364075
2895,543.8,0.944819986820221
2896,544.0,0.995575785636902
2897,544.2,0.804964959621429
2898,544.4,1.00270366668701
2899,544.5,0.737495362758636
2900,544.8,0.716971874237061
2901,544.9,0.266683042049408
2902,545.1,1.04043257236481
2903,545.3,0.927737474441528
2904,545.5,0.867518723011017
2905,545.7,0.886567533016205
2906,545.8,0.270369917154312
2907,546.0,0.951210498809814
2908,546.2,0.983777821063995
2909,546.3,0.435295552015305
2910,546.5,0.8703453540802
2911,546.7,1.02162957191467
2912,546.8,0.483470559120178
2913,546.9,1.15189874172211
2914,547.2,1.29150795936584
2915,547.4,0.934128046035767
2916,547.5,0.688091456890106
2917,547.7,1.11662769317627
2918,548.0,1.03404200077057
2919,548.2,1.05911266803741
2920,548.4,0.89308100938797
2921,548.6,1.25033795833588
2922,548.8,2.42534112930298
2923,549.0,7.07201671600342
2924,549.1,5.46466779708862
2925,549.3,12.4005165100098
2926,549.4,5.02187538146973
2927,549.7,1.41182255744934
2928,549.9,2.6997663974762
