#"+ Scan (rt: 0.088-70.002 min, 11384 scans) BARLEYSTRAW_350_231106.D "
#Point,X(Thompsons),Y(Counts)
0,10.2,4.39836597442627
1,10.4,4.46758604049683
2,10.6,4.39230489730835
3,10.7,2.21486306190491
4,10.9,4.31210470199585
5,11.1,4.41479253768921
6,11.2,2.41356301307678
7,11.4,4.91329956054688
8,11.6,4.08872079849243
9,11.7,1.98111379146576
10,11.9,9.75386524200439
11,12.1,83.2499084472656
12,12.2,118.130531311035
13,12.4,4.24349975585938
14,12.5,4.88756132125854
15,12.8,6.88844013214111
16,13.0,16.8203620910645
17,13.1,19.6228923797607
18,13.2,28.7449932098389
19,13.4,0.0273190438747406
20,14.2,9279.0517578125
21,14.9,4.298752784729
22,15.1,167.511856079102
23,15.2,502.397399902344
24,15.4,3.70897746086121
25,16.2,4788.48193359375
26,16.3,0.345221370458603
27,17.2,9456.3349609375
28,18.2,39996.44921875
29,19.0,21.2697639465332
30,19.2,68.6722564697266
31,19.3,10.868236541748
32,19.4,4.6611909866333
33,19.7,0.284697830677032
34,19.9,4.46872806549072
35,20.1,366.248504638672
36,20.2,152.208190917969
37,20.4,0.294536203145981
38,20.7,0.732431471347809
39,20.9,3.02477169036865
40,21.1,3.55130004882813
41,21.3,3.77547430992126
42,21.5,3.63439917564392
43,21.6,1.84530925750732
44,21.8,5.04532670974731
45,22.0,15.5007905960083
46,22.1,54.0068511962891
47,22.3,7.84451866149902
48,22.5,3.31834149360657
49,22.8,3.44685530662537
50,23.0,3.9587140083313
51,23.2,3.42533373832703
52,23.3,1.9546731710434
53,23.5,3.75008773803711
54,23.7,4.05252981185913
55,23.9,6.4493145942688
56,24.0,4.85154581069946
57,24.1,22.0111560821533
58,24.3,6.55797624588013
59,24.5,3.90390014648438
60,24.8,5.67524576187134
61,25.0,20.1769142150879
62,25.1,37.0434837341309
63,25.2,46.3943252563477
64,25.4,7.13352060317993
65,25.7,2.30121231079102
66,25.9,9.99789142608643
67,26.1,235.831253051758
68,26.2,313.282592773438
69,26.4,13.2078351974487
70,26.6,0.898366153240204
71,26.8,0.150474354624748
72,27.2,458.810424804688
73,28.1,357121.3125
74,29.0,12.4060964584351
75,29.1,3743.69921875
76,29.9,11.5942554473877
77,30.1,176.020294189453
78,30.2,159.702209472656
79,30.3,20.9426383972168
80,30.5,1.7919887304306
81,30.7,3.06992268562317
82,30.8,2.67427968978882
83,31.0,10.7731027603149
84,31.1,91.8637542724609
85,32.1,76845.296875
86,33.0,31.2677440643311
87,33.1,53.9585380554199
88,33.3,13.1795501708984
89,33.5,1.14915668964386
90,33.7,0.423225581645966
91,33.9,17.5320625305176
92,34.1,300.900573730469
93,34.2,83.150032043457
94,34.5,0.623506665229797
95,34.6,0.179989457130432
96,34.8,4.94659185409546
97,35.0,21.0117702484131
98,35.1,22.0981197357178
99,35.3,6.56570625305176
100,35.5,1.10541105270386
101,35.8,3.72698521614075
102,36.0,116.284523010254
103,36.1,158.185348510742
104,36.3,7.07211875915527
105,36.5,0.944747030735016
106,36.8,5.4221715927124
107,37.0,41.8607711791992
108,37.1,128.951507568359
109,37.3,14.5228395462036
110,37.5,2.14107513427734
111,37.8,4.93833446502686
112,38.0,83.6875457763672
113,38.1,207.499740600586
114,38.2,99.3589248657227
115,38.4,2.18842244148254
116,38.5,1.07396340370178
117,38.8,1.6273717880249
118,39.0,58.3791275024414
119,39.1,1192.76147460938
120,39.3,11.0087842941284
121,40.1,12003.6767578125
122,40.9,5.55903005599976
123,41.1,901.832336425781
124,41.2,435.933868408203
125,41.4,1.18815886974335
126,41.5,0.353742092847824
127,41.7,0.302881240844727
128,41.9,11.7369117736816
129,42.1,563.286437988281
130,42.2,243.971984863281
131,42.4,2.0846803188324
132,42.5,0.990073800086975
133,42.7,0.2132817953825
134,42.9,6.08388948440552
135,43.1,1279.28173828125
136,43.2,499.322387695313
137,43.4,0.0519149675965309
138,44.1,23308.71484375
139,44.2,51.8596267700195
140,44.9,20.9091701507568
141,45.1,643.840637207031
142,45.2,96.1815719604492
143,45.4,1.26862263679504
144,45.7,2.01221013069153
145,45.8,5.83731555938721
146,46.0,50.4891967773438
147,46.1,120.498947143555
148,46.3,11.6618938446045
149,46.6,2.20590305328369
150,46.7,1.85716795921326
151,46.9,32.1425666809082
152,47.1,118.429374694824
153,47.2,40.8656883239746
154,47.4,2.56078696250916
155,47.6,0.911191165447235
156,47.8,9.35883712768555
157,47.9,19.9689922332764
158,48.1,441.312469482422
159,48.2,18.7215385437012
160,48.3,7.04093456268311
161,48.6,1.57580816745758
162,48.7,1.9599437713623
163,48.9,16.3294982910156
164,49.1,63.9035491943359
165,49.2,27.404426574707
166,49.4,3.15302181243896
167,49.6,0.696240365505219
168,49.8,4.43429374694824
169,50.0,97.1856079101563
170,50.1,371.316497802734
171,50.3,11.2929553985596
172,50.4,2.51229786872864
173,50.6,0.395467311143875
174,50.8,3.96820092201233
175,51.0,102.229354858398
176,51.1,516.3828125
177,51.3,16.2932186126709
178,51.5,0.976985216140747
179,51.7,1.14643359184265
180,51.9,18.9721546173096
181,52.1,227.343994140625
182,52.2,92.2943572998047
183,52.4,2.99165487289429
184,52.5,1.69509840011597
185,52.7,0.995520055294037
186,52.9,16.1286010742188
187,53.1,358.396087646484
188,53.2,136.145034790039
189,53.4,3.26466965675354
190,53.7,1.49551999568939
191,53.9,17.304988861084
192,54.1,212.745254516602
193,54.2,94.269416809082
194,54.4,2.7933943271637
195,54.5,1.46073436737061
196,54.7,0.482607156038284
197,54.9,11.9492273330688
198,55.1,547.641784667969
199,55.2,271.376586914063
200,55.4,2.26475763320923
201,55.7,0.776001393795013
202,55.9,13.1504745483398
203,56.1,278.036010742188
204,56.2,202.08415222168
205,56.4,4.65214347839355
206,56.7,1.33063948154449
207,56.9,11.4451866149902
208,57.0,50.518798828125
209,57.2,374.996734619141
210,57.3,45.6668128967285
211,57.6,6.34346437454224
212,57.8,12.6473121643066
213,58.0,53.6870155334473
214,58.1,200.852340698242
215,58.3,18.9393005371094
216,58.5,3.46714687347412
217,58.8,8.30929374694824
218,59.0,52.5643005371094
219,59.1,49.3764038085938
220,59.2,47.7619476318359
221,59.4,4.56579399108887
222,59.6,1.15688681602478
223,59.8,6.80103635787964
224,60.0,104.660133361816
225,60.1,224.366561889648
226,60.3,13.0177440643311
227,60.5,0.924016177654266
228,60.7,2.34214687347412
229,60.9,22.3277416229248
230,61.0,37.5982093811035
231,61.1,75.6551284790039
232,61.3,12.0488405227661
233,61.5,0.90908294916153
234,61.7,2.68315172195435
235,61.9,22.0636863708496
236,62.1,123.471893310547
237,62.2,37.5431289672852
238,62.3,12.32080078125
239,62.6,1.67638790607452
240,62.8,5.89054822921753
241,63.0,97.9303436279297
242,63.1,297.154327392578
243,63.3,15.4754915237427
244,63.5,2.30718541145325
245,63.8,11.8886156082153
246,64.0,832.122375488281
247,64.1,337.222686767578
248,64.3,12.6570625305176
249,64.6,1.457923412323
250,64.8,5.33081531524658
251,64.9,14.4740867614746
252,65.1,414.8505859375
253,65.2,131.871139526367
254,65.3,18.1654949188232
255,65.6,2.19413208961487
256,65.8,8.0589427947998
257,65.9,19.6452045440674
258,66.1,326.833465576172
259,66.2,107.663383483887
260,66.4,3.75544619560242
261,66.6,0.494378060102463
262,66.8,4.62789869308472
263,66.9,14.1870164871216
264,67.1,388.821228027344
265,67.2,192.320541381836
266,67.4,3.79998254776001
267,67.6,0.636419534683228
268,67.8,4.76669025421143
269,68.0,71.2458724975586
270,68.1,230.648803710938
271,68.3,23.6302700042725
272,68.5,1.99332392215729
273,68.8,4.53566408157349
274,69.0,84.2073059082031
275,69.1,304.915496826172
276,69.3,33.3219413757324
277,69.5,2.25368928909302
278,69.7,4.61709403991699
279,69.8,6.22039699554443
280,70.0,59.929988861084
281,70.1,233.585556030273
282,70.3,31.5780925750732
283,70.5,4.63817644119263
284,70.8,7.26519680023193
285,71.0,54.6573257446289
286,71.2,169.145812988281
287,71.3,29.6184997558594
288,71.5,1.80955731868744
289,71.7,3.28338027000427
290,71.9,16.3630542755127
291,72.1,80.2337493896484
292,72.2,36.6047973632813
293,72.4,3.45528817176819
294,72.5,1.80086088180542
295,72.7,0.643974006175995
296,72.9,16.4176044464111
297,73.0,97.1762084960938
298,73.1,801.695434570313
299,73.3,13.8054285049438
300,73.5,0.783380210399628
301,73.8,4.78829956054688
302,74.0,100.191581726074
303,74.1,188.416366577148
304,74.3,16.1956253051758
305,74.5,0.891514420509338
306,74.7,1.34548485279083
307,74.9,32.155216217041
308,75.1,213.247711181641
309,75.2,69.6730499267578
310,75.3,16.5496311187744
311,75.6,1.67410397529602
312,75.8,8.56851768493652
313,75.9,24.6337833404541
314,76.1,183.244552612305
315,76.2,72.6591720581055
316,76.4,3.26300072669983
317,76.5,1.60391783714294
318,76.8,2.59381580352783
319,77.0,150.00439453125
320,77.1,928.900756835938
321,77.3,11.2081871032715
322,77.6,0.39766338467598
323,77.8,3.14739990234375
324,78.0,123.338279724121
325,78.1,686.160827636719
326,78.3,20.7019500732422
327,78.5,0.548928320407867
328,78.8,1.34557271003723
329,79.0,212.559463500977
330,79.1,684.53125
331,79.2,215.477066040039
332,79.4,0.0556921996176243
333,79.6,0.229444831609726
334,79.8,6.34135627746582
335,80.0,75.6559219360352
336,80.1,200.151794433594
337,80.3,20.1071681976318
338,80.5,1.0435699224472
339,80.8,2.83977508544922
340,81.0,201.866744995117
341,81.1,497.683166503906
342,81.3,13.2088899612427
343,81.6,1.35523545742035
344,81.8,10.2953271865845
345,82.0,88.2631759643555
346,82.1,135.393264770508
347,82.2,111.830024719238
348,82.4,8.34320068359375
349,82.5,7.19747018814087
350,82.8,14.625527381897
351,83.0,90.1008453369141
352,83.1,171.051559448242
353,83.3,27.6101551055908
354,83.6,2.77687978744507
355,83.8,7.86243867874146
356,84.0,56.3301124572754
357,84.1,125.555778503418
358,84.3,19.1588191986084
359,84.5,0.586261391639709
360,84.7,0.256148993968964
361,84.9,61.5726470947266
362,85.1,820.962829589844
363,85.2,60.4951667785645
364,85.5,0.169360503554344
365,85.7,1.40758955478668
366,85.9,30.110330581665
367,86.1,87.4061813354492
368,86.2,44.2798652648926
369,86.4,3.36015462875366
370,86.7,4.22496509552002
371,86.9,36.9035491943359
372,87.0,46.6539001464844
373,87.1,82.5823059082031
374,87.3,15.2831163406372
375,87.6,3.80595564842224
376,87.8,11.4108400344849
377,88.0,35.870433807373
378,88.1,38.4837493896484
379,88.3,12.0266160964966
380,88.5,1.64836609363556
381,88.7,3.89871740341187
382,88.9,38.875
383,89.1,202.733047485352
384,89.2,80.6357192993164
385,89.4,5.79348230361938
386,89.7,4.60505962371826
387,89.8,6.5911808013916
388,90.0,45.7949752807617
389,90.1,109.660049438477
390,90.3,11.2507905960083
391,90.4,3.64441323280334
392,90.6,0.744378089904785
393,90.8,3.68912506103516
394,91.0,115.039619445801
395,91.1,1325.037109375
396,91.3,15.0396165847778
397,91.4,1.93736827373505
398,91.6,0.342673927545547
399,91.8,5.36849975585938
400,92.0,68.1777038574219
401,92.1,387.584228515625
402,92.3,22.4267387390137
403,92.5,2.09074139595032
404,92.8,7.03153562545776
405,93.0,66.6956253051758
406,93.1,98.6617202758789
407,93.2,89.4797973632813
408,93.4,5.48120164871216
409,93.7,3.28443431854248
410,93.9,23.8635807037354
411,94.1,679.433837890625
412,94.2,124.00764465332
413,94.4,9.44272708892822
414,94.7,6.44808483123779
415,94.9,26.5088729858398
416,95.1,229.700805664063
417,95.2,91.4255981445313
418,95.3,22.3264236450195
419,95.5,2.15196776390076
420,95.8,7.7110857963562
421,96.0,191.074493408203
422,96.1,355.777770996094
423,96.2,168.677352905273
424,96.4,4.59785652160645
425,96.6,4.26510906219482
426,96.7,6.27740669250488
427,96.9,47.1951866149902
428,97.0,51.7225036621094
429,97.2,137.849960327148
430,97.3,29.9257736206055
431,97.6,4.60224866867065
432,97.8,9.92269897460938
433,98.0,55.570011138916
434,98.1,53.4147911071777
435,98.2,62.6405487060547
436,98.4,6.3796558380127
437,98.6,1.31913208961487
438,98.8,7.37605428695679
439,99.0,32.6988754272461
440,99.2,47.1819229125977
441,99.3,15.2869815826416
442,99.6,2.63316941261292
443,99.8,7.21767377853394
444,99.9,9.7547435760498
445,100.1,27.7578182220459
446,100.2,20.1748065948486
447,100.4,2.92357683181763
448,100.5,2.85945177078247
449,100.8,9.00720310211182
450,101.0,32.2570266723633
451,101.1,20.9205894470215
452,101.2,26.5761604309082
453,101.4,2.99341177940369
454,101.6,3.61806035041809
455,101.7,3.12860155105591
456,101.9,30.1934299468994
457,102.0,46.6838531494141
458,102.1,93.4346466064453
459,102.3,14.5750179290771
460,102.6,2.84320092201233
461,102.8,9.75711536407471
462,102.9,27.562105178833
463,103.1,288.900665283203
464,103.2,95.7551803588867
465,103.4,3.97926926612854
466,103.6,1.15750169754028
467,103.8,9.47109985351563
468,104.0,89.5026321411133
469,104.1,217.635986328125
470,104.3,16.6868419647217
471,104.5,1.09522140026093
472,104.7,2.25562191009521
473,104.9,28.111385345459
474,105.1,440.101470947266
475,105.2,168.104797363281
476,105.3,15.6791114807129
477,105.6,1.80569219589233
478,105.8,7.18007707595825
479,106.0,56.5368041992188
480,106.1,248.221893310547
481,106.3,14.7605409622192
482,106.4,5.83916044235229
483,106.6,1.83731555938721
484,106.8,8.28733348846436
485,107.0,73.7352447509766
486,107.1,895.157165527344
487,107.3,19.1321144104004
488,107.5,1.79840123653412
489,107.7,3.68982791900635
490,107.8,5.01282501220703
491,108.0,61.3702583312988
492,108.1,565.70703125
493,108.3,18.1140193939209
494,108.5,1.28153550624847
495,108.7,2.91874551773071
496,108.9,19.0056228637695
497,109.0,43.685173034668
498,109.1,150.261337280273
499,109.3,20.4372806549072
500,109.6,2.73541808128357
501,109.8,7.55542850494385
502,110.0,57.1835021972656
503,110.1,132.628784179688
504,110.3,18.39573097229
505,110.5,1.54321849346161
506,110.7,3.68771958351135
507,110.8,5.51018953323364
508,111.0,36.8207130432129
509,111.1,32.192024230957
510,111.2,43.9869117736816
511,111.4,4.89968395233154
512,111.5,3.34812021255493
513,111.8,7.49429035186768
514,112.0,32.4907760620117
515,112.2,47.3654251098633
516,112.3,15.5347852706909
517,112.5,1.74156713485718
518,112.7,4.23541831970215
519,112.9,18.9480857849121
520,113.1,49.2083625793457
521,113.2,19.1336078643799
522,113.3,13.4812021255493
523,113.6,3.11735773086548
524,113.8,7.18438148498535
525,114.0,22.0814304351807
526,114.1,25.8468017578125
527,114.3,9.00298690795898
528,114.6,1.65890729427338
529,114.7,1.67788124084473
530,114.9,29.424280166626
531,115.1,453.9990234375
532,115.2,144.128067016602
533,115.4,2.10216093063354
534,115.6,1.13334500789642
535,115.8,7.21003150939941
536,115.9,16.046293258667
537,116.1,143.877456665039
538,116.2,59.6081352233887
539,116.4,3.82782864570618
540,116.6,0.867357671260834
541,116.8,7.63870334625244
542,116.9,18.2623863220215
543,117.1,225.505447387695
544,117.2,121.495697021484
545,117.4,4.0758957862854
546,117.7,2.68200993537903
547,117.9,21.7152137756348
548,118.0,38.9281463623047
549,118.1,139.452301025391
550,118.3,17.6195545196533
551,118.5,1.31930780410767
552,118.7,2.95405840873718
553,118.9,34.5556030273438
554,119.1,237.415313720703
555,119.2,92.9526519775391
556,119.3,19.3636684417725
557,119.6,2.14327120780945
558,119.8,7.47522830963135
559,119.9,16.0212574005127
560,120.1,125.59952545166
561,120.2,97.9037246704102
562,120.4,4.08195734024048
563,120.6,1.15600848197937
564,120.8,8.54567813873291
565,121.0,68.6006698608398
566,121.1,335.499298095703
567,121.3,16.7255802154541
568,121.6,2.06869292259216
569,121.8,7.43323945999146
570,122.0,61.3158836364746
571,122.1,366.040222167969
572,122.3,16.3608570098877
573,122.6,2.19035482406616
574,122.8,6.63343286514282
575,123.0,46.5741386413574
576,123.1,94.5072937011719
577,123.3,16.0917072296143
578,123.6,2.21644401550293
579,123.8,6.10857343673706
580,123.9,12.6568870544434
581,124.1,74.5909194946289
582,124.2,44.344165802002
583,124.4,3.66444134712219
584,124.6,2.75202035903931
585,124.7,2.76045322418213
586,124.9,21.0376853942871
587,125.1,44.3612098693848
588,125.2,31.9266510009766
589,125.4,4.39002084732056
590,125.6,4.61946582794189
591,125.8,11.1272840499878
592,126.0,40.6669883728027
593,126.1,55.8474159240723
594,126.3,15.9261245727539
595,126.5,1.74393880367279
596,126.7,5.06816577911377
597,126.9,24.4512481689453
598,127.1,106.859100341797
599,127.2,52.6945724487305
600,127.4,3.93455719947815
601,127.7,2.89037251472473
602,127.9,20.375789642334
603,128.1,244.016250610352
604,128.2,91.8876495361328
605,128.3,15.792778968811
606,128.5,1.164177775383
607,128.7,3.30525302886963
608,128.9,24.7985763549805
609,129.1,221.101013183594
610,129.2,112.213897705078
611,129.4,3.84970140457153
612,129.7,2.58072733879089
613,129.9,18.1402854919434
614,130.1,110.869117736816
615,130.2,72.5617523193359
616,130.4,3.15530562400818
617,130.6,2.31640911102295
618,130.8,7.89450120925903
619,131.0,88.4510726928711
620,131.1,316.992706298828
621,131.3,14.9877901077271
622,131.5,1.3332747220993
623,131.7,3.39318346977234
624,131.8,5.93587493896484
625,132.0,69.0957489013672
626,132.1,185.721542358398
627,132.3,14.8815879821777
628,132.5,0.841531991958618
629,132.7,2.03048133850098
630,132.9,37.4943771362305
631,133.0,175.875259399414
632,133.1,360.941925048828
633,133.3,14.3039350509644
634,133.6,2.15820455551147
635,133.8,11.1666374206543
636,134.0,76.6924667358398
637,134.1,82.9010009765625
638,134.2,78.3399505615234
639,134.4,4.58186912536621
640,134.7,2.22250533103943
641,134.9,30.9334144592285
642,135.0,71.701774597168
643,135.1,202.778717041016
644,135.3,21.2830295562744
645,135.5,0.915231883525848
646,135.7,2.28689384460449
647,135.8,4.93719244003296
648,136.0,43.5451507568359
649,136.2,131.848648071289
650,136.3,13.8872098922729
651,136.4,4.62587833404541
652,136.7,3.0381236076355
653,136.9,35.7196083068848
654,137.0,68.1690979003906
655,137.1,135.76106262207
656,137.3,15.5852069854736
657,137.5,1.06772661209106
658,137.7,2.86182355880737
659,137.8,4.81087493896484
660,138.0,36.143009185791
661,138.2,53.4862976074219
662,138.3,14.1921997070313
663,138.5,1.95968019962311
664,138.8,7.43815898895264
665,139.0,108.671028137207
666,139.1,175.246398925781
667,139.3,14.2348909378052
668,139.5,0.744026720523834
669,139.7,2.47391080856323
670,139.9,18.0817813873291
671,140.1,43.7091522216797
672,140.2,26.44993019104
673,140.4,3.3286190032959
674,140.6,2.22531628608704
675,140.7,2.03610324859619
676,140.9,21.977424621582
677,141.1,181.264938354492
678,141.2,92.4589767456055
679,141.4,4.22391080856323
680,141.7,3.38062191009521
681,141.9,20.4086437225342
682,142.1,111.689476013184
683,142.2,50.9170761108398
684,142.3,15.4755802154541
685,142.5,2.30217838287354
686,142.8,6.58968734741211
687,142.9,10.7899684906006
688,143.1,86.9391250610352
689,143.2,44.7239112854004
690,143.3,15.0296907424927
691,143.5,1.20361912250519
692,143.7,2.54392123222351
693,143.9,16.0081691741943
694,144.1,107.986030578613
695,144.2,65.1835021972656
696,144.4,3.74121570587158
697,144.7,2.7515811920166
698,144.9,19.0300426483154
699,145.1,246.028366088867
700,145.2,107.678321838379
701,145.4,3.84768104553223
702,145.7,2.94061851501465
703,145.9,16.0007019042969
704,146.0,39.0549011230469
705,146.1,200.201248168945
706,146.3,10.8323087692261
707,146.4,3.01748061180115
708,146.7,2.16057634353638
709,146.9,35.6502113342285
710,147.1,362.286468505859
711,147.2,97.5075531005859
712,147.3,16.0369815826416
713,147.6,1.25992619991302
714,147.8,8.21090984344482
715,148.0,66.8704299926758
716,148.1,135.16716003418
717,148.3,17.6082229614258
718,148.6,2.35971546173096
719,148.8,10.515811920166
720,148.9,24.807186126709
721,149.1,105.19702911377
722,149.2,50.7144241333008
723,149.4,2.84820795059204
724,149.6,2.26291275024414
725,149.8,7.82738924026489
726,150.0,39.2207489013672
727,150.1,63.5769500732422
728,150.3,12.5121221542358
729,150.4,4.29585361480713
730,150.7,4.01660203933716
731,150.9,24.3821144104004
732,151.1,74.9709243774414
733,151.2,42.9499282836914
734,151.4,4.2476282119751
735,151.6,0.834680259227753
736,151.8,6.88852787017822
737,152.0,63.3858909606934
738,152.1,133.828887939453
739,152.3,17.6712055206299
740,152.6,2.30015802383423
741,152.8,8.79418468475342
742,153.0,67.3893203735352
743,153.1,125.50895690918
744,153.3,14.0852947235107
745,153.5,0.889230489730835
746,153.7,2.65873146057129
747,153.9,21.8299369812012
748,154.1,94.6465225219727
749,154.2,55.2959403991699
750,154.4,5.07967329025269
751,154.6,1.60901260375977
752,154.8,10.3507556915283
753,155.0,64.2319030761719
754,155.1,135.383255004883
755,155.3,15.1923751831055
756,155.6,2.13492631912231
757,155.8,6.3793044090271
758,156.0,29.1875438690186
759,156.2,102.435699462891
760,156.3,12.8120164871216
761,156.6,2.4559907913208
762,156.8,6.0062370300293
763,156.9,11.5842409133911
764,157.1,91.3985443115234
765,157.2,42.5132637023926
766,157.3,15.6149864196777
767,157.6,1.8296731710434
768,157.8,5.60040426254272
769,158.0,36.9540596008301
770,158.2,116.467231750488
771,158.3,13.8022661209106
772,158.5,1.27951514720917
773,158.7,4.5432186126709
774,158.8,8.26546001434326
775,159.0,75.947380065918
776,159.1,170.00325012207
777,159.3,11.9620523452759
778,159.4,3.19703102111816
779,159.6,0.797522842884064
780,159.8,5.75149345397949
781,160.0,40.5555152893066
782,160.1,134.652587890625
783,160.3,15.7673931121826
784,160.6,2.20089602470398
785,160.8,12.5845041275024
786,161.0,75.1727828979492
787,161.1,111.862442016602
788,161.3,11.3029689788818
789,161.6,2.03232598304749
790,161.8,8.52468395233154
791,162.0,43.5384750366211
792,162.1,83.2873306274414
793,162.3,12.5697469711304
794,162.6,3.22557973861694
795,162.8,19.7333984375
796,163.0,117.582130432129
797,163.1,98.2728424072266
798,163.3,11.3042869567871
799,163.5,1.1232430934906
800,163.7,4.60382986068726
801,163.9,22.2021255493164
802,164.1,49.02099609375
803,164.2,19.9448356628418
804,164.3,11.7803936004639
805,164.5,1.13940620422363
806,164.7,4.17261075973511
807,164.9,33.0213470458984
808,165.1,183.008697509766
809,165.2,79.1042709350586
810,165.4,3.38764929771423
811,165.7,2.82308506965637
812,165.8,5.06693601608276
813,166.0,34.6371231079102
814,166.1,73.7485961914063
815,166.3,14.2441148757935
816,166.5,1.47329580783844
817,166.7,3.23682355880737
818,166.9,14.5955724716187
819,167.1,58.3865089416504
820,167.2,36.1563606262207
821,167.4,3.91013693809509
822,167.7,2.43042874336243
823,167.8,3.38466262817383
824,168.0,27.7332229614258
825,168.1,30.0166893005371
826,168.2,35.7793388366699
827,168.4,4.20739650726318
828,168.7,3.00816941261292
829,168.9,12.9992094039917
830,169.1,50.018798828125
831,169.2,38.2130165100098
832,169.4,3.9602952003479
833,169.6,1.01906180381775
834,169.8,4.53821134567261
835,170.0,23.8828182220459
836,170.1,35.5996131896973
837,170.2,42.7464866638184
838,170.4,3.26809549331665
839,170.6,2.36481022834778
840,170.7,1.73181653022766
841,170.9,12.790319442749
842,171.1,55.972770690918
843,171.2,40.0469970703125
844,171.4,4.22408628463745
845,171.7,2.55823969841003
846,171.9,11.5083446502686
847,172.0,21.5907421112061
848,172.2,71.078971862793
849,172.3,11.3353834152222
850,172.4,4.12631750106812
851,172.7,2.51010179519653
852,172.8,2.91057634353638
853,173.0,27.8143882751465
854,173.2,58.1472244262695
855,173.3,13.5303058624268
856,173.5,0.949841856956482
857,173.7,2.2535138130188
858,173.9,11.265811920166
859,174.1,61.4667091369629
860,174.2,44.9821662902832
861,174.4,2.24200630187988
862,174.6,2.1661102771759
863,174.8,7.1210470199585
864,175.0,31.4476451873779
865,175.2,52.4938507080078
866,175.3,12.1769151687622
867,175.6,2.35391783714294
868,175.8,10.4111032485962
869,176.0,50.0575370788574
870,176.1,74.5758056640625
871,176.3,13.0666723251343
872,176.6,1.99306046962738
873,176.8,12.0891599655151
874,177.0,126.103744506836
875,177.1,73.2063446044922
876,177.2,29.0213451385498
877,177.4,2.26238584518433
878,177.6,1.76431834697723
879,177.8,9.06719970703125
880,178.0,55.3797416687012
881,178.1,94.4772491455078
882,178.3,10.8283557891846
883,178.4,4.27020359039307
884,178.6,1.17630004882813
885,178.8,11.2246131896973
886,179.0,63.0341720581055
887,179.1,110.294357299805
888,179.3,13.7206602096558
889,179.5,0.855586767196655
890,179.7,3.16347503662109
891,179.9,14.8589248657227
892,180.1,57.2945365905762
893,180.2,44.1058502197266
894,180.4,4.11788463592529
895,180.7,3.19096970558167
896,180.9,17.4759311676025
897,181.1,85.1405487060547
898,181.2,37.7877731323242
899,181.3,12.1215744018555
900,181.5,0.784258604049683
901,181.7,2.1228039264679
902,181.9,11.7718725204468
903,182.1,63.1967658996582
904,182.2,44.3225593566895
905,182.4,2.90706253051758
906,182.6,2.29892826080322
907,182.8,4.3730673789978
908,183.0,24.5880184173584
909,183.2,42.4125099182129
910,183.3,11.2660751342773
911,183.5,0.898453950881958
912,183.7,2.4131236076355
913,183.9,10.4241914749146
914,184.0,15.3461875915527
915,184.2,48.277229309082
916,184.3,12.5635099411011
917,184.5,1.39678502082825
918,184.7,3.15108919143677
919,184.9,11.9017915725708
920,185.1,39.2514038085938
921,185.2,30.9424629211426
922,185.4,3.07712578773499
923,185.6,2.17858386039734
924,185.7,1.26677799224854
925,185.9,10.0180072784424
926,186.1,38.8829040527344
927,186.2,29.332483291626
928,186.4,2.65056228637695
929,186.6,2.33476805686951
930,186.8,5.23620891571045
931,187.0,22.7013359069824
932,187.1,32.4765472412109
933,187.3,7.81359815597534
934,187.4,3.85260009765625
935,187.7,2.27802181243896
936,187.9,9.45563983917236
937,188.0,13.1319398880005
938,188.2,35.6246490478516
939,188.3,11.5666723251343
940,188.6,2.34574842453003
941,188.7,2.23497891426086
942,188.9,22.0701866149902
943,189.0,28.6666374206543
944,189.1,66.0821304321289
945,189.3,14.22496509552
946,189.6,2.15679907798767
947,189.8,6.25360155105591
948,189.9,9.9661808013916
949,190.1,36.985595703125
950,190.2,25.3058681488037
951,190.4,2.60558676719666
952,190.6,1.78461003303528
953,190.7,2.0430428981781
954,190.9,39.6636505126953
955,191.1,512.750427246094
956,191.2,47.3483848571777
957,191.4,1.76308858394623
958,191.6,1.39599442481995
959,191.8,8.86182403564453
960,192.0,79.8070068359375
961,192.1,102.389846801758
962,192.3,12.1055870056152
963,192.5,1.31078708171844
964,192.7,3.31271958351135
965,192.9,41.3117523193359
966,193.1,451.059387207031
967,193.2,66.8658676147461
968,193.4,1.707923412323
969,193.6,1.38852775096893
970,193.8,8.94852447509766
971,194.0,67.0891571044922
972,194.1,104.994117736816
973,194.3,14.6966791152954
974,194.5,2.02951502799988
975,194.8,10.3731555938721
976,195.0,59.2843475341797
977,195.1,98.5494537353516
978,195.3,12.3954677581787
979,195.4,3.56438851356506
980,195.7,2.19026708602905
981,195.9,12.3643712997437
982,196.1,58.6603126525879
983,196.2,43.1039161682129
984,196.4,3.86797261238098
985,196.7,3.43271255493164
986,196.9,16.2058143615723
987,197.1,62.6337852478027
988,197.2,43.4641609191895
989,197.3,12.7411279678345
990,197.5,1.78425860404968
991,197.8,4.50966262817383
992,198.0,22.2385807037354
993,198.2,43.8735084533691
994,198.3,11.8396873474121
995,198.6,2.22531628608704
996,198.7,1.49727690219879
997,198.9,9.85444450378418
998,199.1,25.7667770385742
999,199.2,19.9768981933594
1000,199.4,3.42700290679932
1001,199.7,2.94606471061707
1002,199.9,12.3446063995361
1003,200.1,32.7141609191895
1004,200.2,24.741304397583
1005,200.4,4.86059379577637
1006,200.6,1.62710821628571
1007,200.8,6.14704847335815
1008,201.0,16.2005443572998
1009,201.1,10.7176742553711
1010,201.2,16.0694828033447
1011,201.4,3.46442365646362
1012,201.7,2.32817983627319
1013,201.9,11.7153024673462
1014,202.1,38.9154968261719
1015,202.2,19.0559558868408
1016,202.3,11.8286190032959
1017,202.5,1.36691844463348
1018,202.7,3.42436742782593
1019,202.9,15.3944129943848
1020,203.1,37.2940101623535
1021,203.2,22.7832050323486
1022,203.4,3.66479277610779
1023,203.6,1.15495431423187
1024,203.8,4.71161270141602
1025,204.0,15.8367881774902
1026,204.2,21.7798671722412
1027,204.3,6.11542510986328
1028,204.4,3.7055516242981
1029,204.7,3.94659161567688
1030,204.9,18.8294105529785
1031,205.0,22.0861740112305
1032,205.1,46.306396484375
1033,205.3,9.15811634063721
1034,205.4,4.18306398391724
1035,205.7,2.75043916702271
1036,205.9,11.5252103805542
1037,206.0,12.609715461731
1038,206.2,30.9856815338135
1039,206.3,6.5479621887207
1040,206.6,1.10207307338715
1041,206.7,0.908116638660431
1042,206.9,29.2633514404297
1043,207.1,5234.43212890625
1044,207.2,81.4825210571289
1045,207.4,1.04515111446381
1046,207.7,1.38668310642242
1047,207.9,23.0620174407959
1048,208.1,1070.01123046875
1049,208.2,90.4977188110352
1050,208.4,2.28566408157349
1051,208.6,1.52916371822357
1052,208.8,7.3667426109314
1053,208.9,21.6787605285645
1054,209.1,679.510864257813
1055,209.2,77.0278472900391
1056,209.4,2.61358046531677
1057,209.7,1.69597685337067
1058,209.9,22.1324672698975
1059,210.1,112.066673278809
1060,210.2,53.7835540771484
1061,210.4,3.45107173919678
1062,210.7,3.78944134712219
1063,210.9,34.4230499267578
1064,211.1,113.351020812988
1065,211.2,48.4407958984375
1066,211.4,3.22979617118835
1067,211.6,0.860769510269165
1068,211.8,6.39476442337036
1069,211.9,9.10426902770996
1070,212.1,40.9521255493164
1071,212.2,31.6357173919678
1072,212.4,3.65425157546997
1073,212.7,3.71416020393372
1074,212.9,20.702564239502
1075,213.1,56.4126853942871
1076,213.2,36.8352966308594
1077,213.4,3.0433943271637
1078,213.6,2.06500339508057
1079,213.8,4.66365051269531
1080,214.0,15.3533906936646
1081,214.2,22.389669418335
1082,214.3,9.62166213989258
1083,214.6,2.77723121643066
1084,214.8,12.3423223495483
1085,215.0,46.9448356628418
1086,215.1,58.2684478759766
1087,215.3,11.5924100875854
1088,215.6,1.86902666091919
1089,215.8,5.16250896453857
1090,216.0,18.8381061553955
1091,216.2,28.6030387878418
1092,216.3,9.06105041503906
1093,216.6,2.27933931350708
1094,216.7,2.045414686203
1095,216.9,11.1036539077759
1096,217.1,19.7687110900879
1097,217.2,15.1853475570679
1098,217.4,2.45317983627319
1099,217.6,2.27872443199158
1100,217.8,5.36630344390869
1101,218.0,15.3856287002563
1102,218.2,21.5322380065918
1103,218.3,7.99016141891479
1104,218.6,2.57018613815308
1105,218.7,2.47733664512634
1106,218.9,14.2647571563721
1107,219.0,13.7565002441406
1108,219.2,27.1271076202393
1109,219.3,9.43130683898926
1110,219.5,0.924191832542419
1111,219.7,3.56465220451355
1112,219.9,12.3315181732178
1113,220.1,28.487174987793
1114,220.2,19.2448177337646
1115,220.4,3.05375957489014
1116,220.7,2.31289529800415
1117,220.9,18.0175685882568
1118,221.1,163.731460571289
1119,221.2,65.4494018554688
1120,221.3,18.7678318023682
1121,221.6,1.77854883670807
1122,221.7,1.35813426971436
1123,221.9,16.1842060089111
1124,222.1,54.2825889587402
1125,222.2,38.3553237915039
1126,222.4,3.61920237541199
1127,222.6,3.07967329025269
1128,222.7,2.63764929771423
1129,222.9,22.6183242797852
1130,223.1,58.8420600891113
1131,223.2,31.9927978515625
1132,223.4,3.55885457992554
1133,223.7,2.65214323997498
1134,223.8,3.76914978027344
1135,224.0,20.1840305328369
1136,224.2,29.5852947235107
1137,224.3,11.3431129455566
1138,224.5,1.31122624874115
1139,224.7,3.47514057159424
1140,224.9,22.4294624328613
1141,225.1,66.7983169555664
1142,225.2,33.9437789916992
1143,225.4,3.69597673416138
1144,225.7,2.34812021255493
1145,225.9,12.1064653396606
1146,226.1,27.0280208587646
1147,226.2,21.5810794830322
1148,226.4,3.11208724975586
1149,226.5,2.32510542869568
1150,226.7,1.86419534683228
1151,226.9,10.6950101852417
1152,227.1,22.8498764038086
1153,227.2,12.0650911331177
1154,227.3,10.3649864196777
1155,227.5,1.4169887304306
1156,227.7,2.38580465316772
1157,227.9,7.85014057159424
1158,228.1,17.2100315093994
1159,228.3,14.7407760620117
1160,228.4,3.996661901474
1161,228.6,0.92805689573288
1162,228.8,5.26651430130005
1163,229.0,14.9473819732666
1164,229.2,19.6148109436035
1165,229.3,8.27178478240967
1166,229.5,1.1242094039917
1167,229.7,2.23840475082397
1168,229.9,8.62851333618164
1169,230.0,9.23260688781738
1170,230.2,23.3754386901855
1171,230.3,10.2495603561401
1172,230.6,2.45098376274109
1173,230.8,4.63018274307251
1174,231.0,11.5353126525879
1175,231.1,7.77977848052979
1176,231.2,12.0130882263184
1177,231.4,2.15126490592957
1178,231.5,2.2865424156189
1179,231.7,1.23462760448456
1180,231.9,5.96864032745361
1181,232.0,6.04251575469971
1182,232.2,16.8774604797363
1183,232.3,4.79682016372681
1184,232.4,3.28215026855469
1185,232.7,3.80876660346985
1186,232.9,13.3705196380615
1187,233.1,23.1532859802246
1188,233.2,10.2161808013916
1189,233.3,8.31061172485352
1190,233.5,1.07888269424438
1191,233.7,2.49297261238098
1192,233.9,7.45704507827759
1193,234.0,7.43280029296875
1194,234.2,18.3707828521729
1195,234.3,8.07510566711426
1196,234.6,2.64775133132935
1197,234.8,7.4540581703186
1198,235.0,20.7163562774658
1199,235.1,20.8620872497559
1200,235.3,4.96741056442261
1201,235.4,3.10312724113464
1202,235.6,1.02125787734985
1203,235.8,4.94922685623169
1204,235.9,5.32844352722168
1205,236.1,17.1458187103271
1206,236.2,14.2862787246704
1207,236.4,2.23585724830627
1208,236.6,2.33942365646362
1209,236.8,7.55859088897705
1210,237.0,18.2384052276611
1211,237.2,20.557975769043
1212,237.3,8.42577266693115
1213,237.6,2.71864008903503
1214,237.8,5.10224866867065
1215,237.9,4.59671449661255
1216,238.1,13.7095041275024
1217,238.2,12.1575021743774
1218,238.4,3.70238924026489
1219,238.7,3.04971885681152
1220,238.9,7.84161996841431
1221,239.0,6.54313087463379
1222,239.2,14.0010538101196
1223,239.3,6.70801115036011
1224,239.5,1.25729095935822
1225,239.7,1.87798666954041
1226,239.9,5.05885457992554
1227,240.1,9.125
1228,240.2,8.31983470916748
1229,240.4,1.97724878787994
1230,240.5,1.80674636363983
1231,240.8,3.46872806549072
1232,240.9,3.30200290679932
1233,241.1,9.0047435760498
1234,241.3,8.01844692230225
1235,241.4,1.95414614677429
1236,241.5,1.72399854660034
1237,241.8,2.88281798362732
1238,241.9,2.70607876777649
1239,242.1,8.7130184173584
1240,242.2,4.3718376159668
1241,242.3,5.48849248886108
1242,242.5,1.04866480827332
1243,242.7,1.65715038776398
1244,242.9,4.38966989517212
1245,243.1,8.3726282119751
1246,243.2,3.73480319976807
1247,243.3,4.59021425247192
1248,243.6,1.63694655895233
1249,243.8,3.1648805141449
1250,244.0,8.11902713775635
1251,244.2,11.2068691253662
1252,244.3,6.16461706161499
1253,244.5,0.957220673561096
1254,244.7,1.92067813873291
1255,244.9,4.65662336349487
1256,245.1,8.98770236968994
1257,245.2,7.80823945999146
1258,245.4,3.26045322418213
1259,245.6,0.935084342956543
1260,245.8,3.22180247306824
1261,245.9,3.52362966537476
1262,246.1,11.0820446014404
1263,246.2,10.2791633605957
1264,246.4,1.99042510986328
1265,246.5,2.09785676002502
1266,246.7,1.37912857532501
1267,246.9,5.97171449661255
1268,247.1,9.89388656616211
1269,247.2,8.34934997558594
1270,247.4,1.79664444923401
1271,247.6,2.06052350997925
1272,247.7,1.68367886543274
1273,247.9,7.70054483413696
1274,248.1,12.7647571563721
1275,248.2,5.96178865432739
1276,248.3,6.16892147064209
1277,248.6,2.75149321556091
1278,248.8,13.0924978256226
1279,248.9,24.6214866638184
1280,249.1,72.4202423095703
1281,249.2,17.3110504150391
1282,249.4,2.73515462875366
1283,249.7,4.49973630905151
1284,249.8,7.22522830963135
1285,250.0,27.9448356628418
1286,250.1,24.5950450897217
1287,250.3,7.55235433578491
1288,250.5,1.33538293838501
1289,250.7,4.94553756713867
1290,250.9,28.9815521240234
1291,251.0,29.7919883728027
1292,251.1,41.1057624816895
1293,251.3,5.02969074249268
1294,251.4,2.78056931495667
1295,251.7,4.60391759872437
1296,251.9,15.6942195892334
1297,252.1,23.2778453826904
1298,252.2,13.686577796936
1299,252.4,1.8313422203064
1300,252.6,2.84293746948242
1301,252.8,8.97944450378418
1302,253.0,31.9085559844971
1303,253.1,20.2966442108154
1304,253.2,18.0585041046143
1305,253.4,1.8352073431015
1306,253.6,2.06271958351135
1307,253.8,5.0082573890686
1308,254.0,10.7656364440918
1309,254.2,11.810962677002
1310,254.3,5.61656713485718
1311,254.6,2.29954314231873
1312,254.8,4.82194328308105
1313,255.0,11.7181129455566
1314,255.1,6.4209418296814
1315,255.2,9.30982112884521
1316,255.4,2.65723824501038
1317,255.6,0.885365426540375
1318,255.8,2.91206955909729
1319,256.0,6.34320116043091
1320,256.2,7.64458894729614
1321,256.3,2.89081168174744
1322,256.4,2.90486645698547
1323,256.7,2.35558676719666
1324,256.9,4.459153175354
1325,257.0,3.03390717506409
1326,257.2,6.21090984344482
1327,257.3,2.25983834266663
1328,257.4,2.51414275169373
1329,257.7,1.82159173488617
1330,257.9,3.96275472640991
1331,258.1,6.40451526641846
1332,258.2,3.40056228637695
1333,258.3,4.62359428405762
1334,258.5,1.86595225334167
1335,258.7,1.10382997989655
1336,258.9,3.6248242855072
1337,259.1,5.61085748672485
1338,259.2,2.92735409736633
1339,259.3,4.06386137008667
1340,259.6,1.72847855091095
1341,259.8,2.35813426971436
1342,260.0,5.10251235961914
1343,260.2,7.76528453826904
1344,260.3,4.91892147064209
1345,260.5,1.02503514289856
1346,260.7,1.78865075111389
1347,260.9,3.68429374694824
1348,261.0,2.59522128105164
1349,261.2,6.04664421081543
1350,261.3,2.37236475944519
1351,261.4,2.20827484130859
1352,261.7,1.84258604049683
1353,261.9,3.42507028579712
1354,262.0,2.79866480827332
1355,262.2,6.21881580352783
1356,262.3,2.91066408157349
1357,262.4,2.62877726554871
1358,262.7,2.37543916702271
1359,262.9,5.19861221313477
1360,263.1,7.25562191009521
1361,263.2,5.99543237686157
1362,263.4,2.57545685768127
1363,263.6,0.875790596008301
1364,263.8,2.39265632629395
1365,264.0,5.1635627746582
1366,264.1,3.0404953956604
1367,264.3,6.20186233520508
1368,264.4,2.63914275169373
1369,264.7,3.81649684906006
1370,264.8,6.72030925750732
1371,265.0,59.7849617004395
1372,265.1,65.2930450439453
1373,265.3,7.49077653884888
1374,265.6,1.65486645698547
1375,265.8,5.839599609375
1376,266.0,20.1557445526123
1377,266.1,20.5849437713623
1378,266.3,5.65065002441406
1379,266.6,2.39880537986755
1380,266.8,14.8359975814819
1381,266.9,40.6723480224609
1382,267.1,213.338363647461
1383,267.2,38.4797096252441
1384,267.4,2.20282864570618
1385,267.7,3.91101551055908
1386,267.9,25.7722244262695
1387,268.0,25.8041114807129
1388,268.1,38.241039276123
1389,268.3,7.40635967254639
1390,268.6,2.88756155967712
1391,268.8,10.9805870056152
1392,269.0,40.6401100158691
1393,269.1,39.9929733276367
1394,269.3,6.62904071807861
1395,269.4,3.02081871032715
1396,269.7,2.82027411460876
1397,269.9,7.61709403991699
1398,270.0,7.45335578918457
1399,270.2,16.9258613586426
1400,270.3,5.87201356887817
1401,270.4,5.1300950050354
1402,270.7,5.50597333908081
1403,270.9,16.3436393737793
1404,271.1,25.3601551055908
1405,271.2,15.0907411575317
1406,271.4,3.13483834266663
1407,271.7,2.69386863708496
1408,271.9,6.4080286026001
1409,272.1,8.72900581359863
1410,272.2,7.19378089904785
1411,272.4,2.80929374694824
1412,272.7,2.91400218009949
1413,272.9,5.79884052276611
1414,273.1,8.39977169036865
1415,273.2,5.9677619934082
1416,273.4,2.27854895591736
1417,273.7,1.98366129398346
1418,273.8,1.57036185264587
1419,274.0,5.03794813156128
1420,274.2,5.7936577796936
1421,274.3,4.54427289962769
1422,274.5,1.27731907367706
1423,274.7,2.8343288898468
1424,274.9,4.91760349273682
1425,275.1,5.60997915267944
1426,275.2,2.80270552635193
1427,275.3,3.29172515869141
1428,275.5,0.875614881515503
1429,275.7,1.85664093494415
1430,275.8,1.37772309780121
1431,276.0,4.05797624588013
1432,276.2,5.08309888839722
1433,276.3,1.86981725692749
1434,276.4,2.28856301307678
1435,276.7,2.09249830245972
1436,276.8,1.71978211402893
1437,277.0,4.66189384460449
1438,277.1,2.42436742782593
1439,277.2,4.32106447219849
1440,277.4,1.92331337928772
1441,277.7,1.60356640815735
1442,277.8,1.40908288955688
1443,278.0,3.54506325721741
1444,278.2,4.00676393508911
1445,278.4,3.07176733016968
1446,278.5,1.0445362329483
1447,278.7,2.38229084014893
1448,278.8,2.52995443344116
1449,279.0,8.03636646270752
1450,279.2,8.8663911819458
1451,279.3,2.95186233520508
1452,279.4,2.54848909378052
1453,279.7,1.75210821628571
1454,279.9,4.327476978302
1455,280.1,6.04216432571411
1456,280.2,2.15811657905579
1457,280.3,1.66751575469971
1458,280.5,0.464687287807465
1459,280.7,2.46653199195862
1460,280.9,35.2007217407227
1461,281.1,1408.44470214844
1462,281.2,130.47883605957
1463,281.4,2.01449394226074
1464,281.7,1.78786015510559
1465,281.9,26.6118240356445
1466,282.1,354.45361328125
1467,282.2,82.5497207641602
1468,282.4,3.07062554359436
1469,282.6,0.861823618412018
1470,282.8,8.59372806549072
1471,283.0,102.942024230957
1472,283.1,230.161285400391
1473,283.3,11.8991565704346
1474,283.6,1.2485945224762
1475,283.7,1.35409343242645
1476,283.9,16.0299549102783
1477,284.1,47.046558380127
1478,284.2,18.0910930633545
1479,284.3,9.56482791900635
1480,284.5,1.20124733448029
1481,284.7,5.06860494613647
1482,284.8,8.12131023406982
1483,285.0,44.1374740600586
1484,285.1,51.1836776733398
1485,285.3,10.8225584030151
1486,285.5,0.900474369525909
1487,285.7,2.52406883239746
1488,285.8,3.96336960792542
1489,286.0,12.2819747924805
1490,286.1,13.8810615539551
1491,286.3,6.43332767486572
1492,286.6,2.13861560821533
1493,286.8,6.17278623580933
1494,287.0,15.1204319000244
1495,287.1,9.36735725402832
1496,287.2,12.5190620422363
1497,287.4,2.94782161712646
1498,287.6,0.780305683612823
1499,287.8,2.86551308631897
1500,288.0,5.02828550338745
1501,288.1,3.3761420249939
1502,288.2,5.44992971420288
1503,288.5,2.52591347694397
1504,288.6,1.60163390636444
1505,288.8,8.89160251617432
1506,289.0,19.5874042510986
1507,289.1,18.9236640930176
1508,289.3,4.04963111877441
1509,289.4,2.1662859916687
1510,289.7,2.15917086601257
1511,289.9,5.42287397384644
1512,290.0,3.35971546173096
1513,290.2,6.74244546890259
1514,290.3,3.39371037483215
1515,290.5,0.910664081573486
1516,290.7,2.13668298721313
1517,290.9,4.01853466033936
1518,291.0,2.74437808990479
1519,291.1,5.09513330459595
1520,291.3,2.79348206520081
1521,291.6,1.5830991268158
1522,291.8,1.98155307769775
1523,292.0,2.89019680023193
1524,292.2,3.4580991268158
1525,292.3,1.37693250179291
1526,292.5,1.8757027387619
1527,292.7,4.19852447509766
1528,292.9,12.4778633117676
1529,293.0,8.94053077697754
1530,293.1,13.9170770645142
1531,293.3,3.53302884101868
1532,293.6,1.7078355550766
1533,293.7,1.21653199195862
1534,293.9,4.5495433807373
1535,294.0,3.00614905357361
1536,294.1,5.22004556655884
1537,294.3,2.87192559242249
1538,294.6,2.24437808990479
1539,294.7,1.9178671836853
1540,294.9,13.4358749389648
1541,295.0,14.7669534683228
1542,295.2,30.1195545196533
1543,295.3,9.97988414764404
1544,295.5,1.04664444923401
1545,295.7,1.81465208530426
1546,295.8,2.08380174636841
1547,296.0,9.11937808990479
1548,296.2,11.5825719833374
1549,296.3,3.75720310211182
1550,296.4,3.40082573890686
1551,296.6,1.55455029010773
1552,296.8,6.77810955047607
1553,297.0,14.8540935516357
1554,297.2,14.8056039810181
1555,297.3,5.58204507827759
1556,297.6,1.89019680023193
1557,297.7,1.21486294269562
1558,297.9,4.4559907913208
1559,298.1,6.12526369094849
1560,298.2,4.06983470916748
1561,298.4,1.14318346977234
1562,298.6,2.1275475025177
1563,298.7,1.9553759098053
1564,298.9,14.1426563262939
1565,299.0,14.612174987793
1566,299.1,27.7708187103271
1567,299.3,9.38650703430176
1568,299.6,1.56245613098145
1569,299.8,3.51950097084045
1570,300.0,8.98243141174316
1571,300.1,5.36560106277466
1572,300.2,7.96521425247192
1573,300.4,2.41303586959839
1574,300.7,2.17621231079102
1575,300.9,4.79541444778442
1576,301.1,7.36472225189209
1577,301.2,5.66874551773071
1578,301.4,1.4169887304306
1579,301.6,1.51177096366882
1580,301.8,1.79260361194611
1581,302.0,2.94501042366028
1582,302.2,3.60611391067505
1583,302.3,2.31228041648865
1584,302.6,1.50764226913452
1585,302.8,2.03768444061279
1586,303.0,3.45282864570618
1587,303.2,3.91198182106018
1588,303.3,2.28276538848877
1589,303.5,1.48190438747406
1590,303.8,1.82598388195038
1591,304.0,2.74183058738708
1592,304.1,1.53232610225677
1593,304.3,2.67419195175171
1594,304.4,1.85602605342865
1595,304.7,1.67208361625671
1596,304.9,2.35286355018616
1597,305.0,1.30244207382202
1598,305.2,2.52591347694397
1599,305.3,2.11226272583008
1600,305.6,1.41224527359009
1601,305.8,1.48208010196686
1602,306.0,2.50263524055481
1603,306.2,2.64063596725464
1604,306.3,2.2893533706665
1605,306.5,0.799016177654266
1606,306.7,1.9148805141449
1607,306.9,2.83731555938721
1608,307.1,3.95748424530029
1609,307.2,3.21899151802063
1610,307.4,1.67322552204132
1611,307.6,0.65082573890686
1612,307.8,1.79769849777222
1613,308.0,2.66444134712219
1614,308.2,2.97926926612854
1615,308.3,1.17998945713043
1616,308.5,1.73005974292755
1617,308.6,0.792603671550751
1618,308.8,2.75799369812012
1619,309.0,4.72083616256714
1620,309.2,4.54251575469971
1621,309.3,1.49183058738708
1622,309.4,1.75606119632721
1623,309.6,0.852073073387146
1624,309.8,1.76054108142853
1625,310.0,2.80797600746155
1626,310.2,2.7916374206543
1627,310.3,2.10910058021545
1628,310.5,0.842498242855072
1629,310.7,3.10637736320496
1630,310.9,6.76141977310181
1631,311.1,9.35128211975098
1632,311.2,5.54453611373901
1633,311.4,1.11138439178467
1634,311.6,1.77977859973907
1635,311.8,2.61384391784668
1636,312.0,3.80665850639343
1637,312.1,4.06842947006226
1638,312.3,2.51247358322144
1639,312.5,0.876932561397552
1640,312.7,2.96776175498962
1641,312.8,2.60093116760254
1642,313.0,8.84601211547852
1643,313.1,8.96661949157715
1644,313.3,3.65003514289856
1645,313.6,1.3743851184845
1646,313.8,2.37570285797119
1647,314.0,3.90416383743286
1648,314.1,1.92269849777222
1649,314.3,3.37868928909302
1650,314.5,1.91110324859619
1651,314.6,0.73401266336441
1652,314.8,2.11665487289429
1653,315.0,3.10268807411194
1654,315.1,3.30744910240173
1655,315.3,2.00070285797119
1656,315.6,1.26616299152374
1657,315.8,1.39669716358185
1658,316.0,2.00983834266663
1659,316.2,2.50052714347839
1660,316.3,1.28373157978058
1661,316.5,1.59012651443481
1662,316.7,1.44053053855896
1663,316.8,0.945010542869568
1664,317.0,1.75693953037262
1665,317.2,2.01098036766052
1666,317.4,1.58793044090271
1667,317.5,0.705463826656342
1668,317.7,1.2084504365921
1669,317.8,1.61823606491089
1670,318.1,1.94747018814087
1671,318.3,2.22153902053833
1672,318.5,1.47364723682404
1673,318.6,0.606377363204956
1674,318.8,1.4564300775528
1675,319.0,1.98998594284058
1676,319.2,1.8340653181076
1677,319.3,0.980938136577606
1678,319.4,1.30384755134583
1679,319.7,1.39169013500214
1680,319.9,1.4563422203064
1681,320.0,0.915319740772247
1682,320.2,1.82422697544098
1683,320.4,1.60049188137054
1684,320.6,1.38905477523804
1685,320.7,0.711524963378906
1686,320.9,1.77714335918427
1687,321.1,2.09768104553223
1688,321.3,1.90943431854248
1689,321.5,1.3337140083313
1690,321.7,1.10655307769775
1691,321.8,0.75342583656311
1692,322.0,1.84030222892761
1693,322.2,1.80402314662933
1694,322.3,1.91242098808289
1695,322.6,1.59680247306824
1696,322.8,3.77802181243896
1697,323.0,7.18499660491943
1698,323.2,6.47338390350342
1699,323.3,1.69061839580536
1700,323.4,1.75535833835602
1701,323.6,0.835646510124207
1702,323.8,2.25650024414063
1703,324.0,3.4580991268158
1704,324.1,1.69957840442657
1705,324.2,2.49393892288208
1706,324.5,1.90987348556519
1707,324.7,5.51379108428955
1708,324.8,7.51010179519653
1709,325.0,32.250789642334
1710,325.1,26.7542171478271
1711,325.3,4.11015462875366
1712,325.4,2.28373146057129
1713,325.7,3.06166553497314
1714,325.9,8.63070964813232
1715,326.1,12.5635099411011
1716,326.2,3.77002811431885
1717,326.3,3.37122273445129
1718,326.5,1.10734367370605
1719,326.7,5.99472951889038
1720,326.9,38.3991584777832
1721,327.1,92.5842437744141
1722,327.2,21.8111381530762
1723,327.3,6.72320795059204
1724,327.5,0.647663414478302
1725,327.7,4.10418128967285
1726,327.9,16.736120223999
1727,328.1,26.3549728393555
1728,328.2,12.1867532730103
1729,328.4,2.52099442481995
1730,328.7,3.93534779548645
1731,328.9,12.9987697601318
1732,329.1,19.2247009277344
1733,329.2,6.62447309494019
1734,329.3,4.57334852218628
1735,329.6,1.77029168605804
1736,329.7,1.14845395088196
1737,329.9,4.10585021972656
1738,330.1,5.00887203216553
1739,330.2,3.59100484848022
1740,330.5,1.70405828952789
1741,330.7,2.4577476978302
1742,330.9,4.38554096221924
1743,331.1,5.72259330749512
1744,331.2,2.01677799224854
1745,331.3,2.12877726554871
1746,331.6,1.34741747379303
1747,331.8,1.72487699985504
1748,332.0,2.41259670257568
1749,332.2,2.85022830963135
1750,332.3,0.882115244865417
1751,332.5,1.37702035903931
1752,332.7,1.2890899181366
1753,332.9,2.10277581214905
1754,333.0,1.05946946144104
1755,333.2,1.99578356742859
1756,333.3,1.67252278327942
1757,333.5,0.622189044952393
1758,333.7,1.34820806980133
1759,333.8,0.738668322563171
1760,334.0,1.75816941261292
1761,334.2,2.02942728996277
1762,334.4,1.51958894729614
1763,334.5,0.807185530662537
1764,334.7,1.47109973430634
1765,334.9,1.69720661640167
1766,335.0,0.918833434581757
1767,335.2,2.1235945224762
1768,335.3,1.4167252779007
1769,335.5,0.654515087604523
1770,335.7,1.20098388195038
1771,335.9,1.49332392215729
1772,336.1,1.77556216716766
1773,336.3,1.76677799224854
1774,336.4,0.67498242855072
1775,336.6,1.46767389774323
1776,336.7,0.745168685913086
1777,336.9,1.7054637670517
1778,337.0,1.06201684474945
1779,337.2,2.10743141174316
1780,337.3,1.00983834266663
1781,337.5,1.4147926568985
1782,337.7,1.22557973861694
1783,337.9,1.65627193450928
1784,338.1,1.65723824501038
1785,338.2,1.76493322849274
1786,338.4,1.31394934654236
1787,338.7,2.57413911819458
1788,338.8,3.21486306190491
1789,339.0,9.77046775817871
1790,339.1,6.10180950164795
1791,339.2,7.32580804824829
1792,339.4,1.77846097946167
1793,339.7,1.70019328594208
1794,339.8,1.61885106563568
1795,340.0,4.81113862991333
1796,340.1,5.19044256210327
1797,340.3,1.96354532241821
1798,340.6,1.78645467758179
1799,340.8,13.027494430542
1800,341.0,105.043395996094
1801,341.1,100.148979187012
1802,341.2,47.9670600891113
1803,341.4,3.04576587677002
1804,341.6,1.25193250179291
1805,341.8,8.94079399108887
1806,342.0,37.7882118225098
1807,342.1,44.3228225708008
1808,342.3,8.97030925750732
1809,342.6,2.42779350280762
1810,342.8,9.03338050842285
1811,343.0,32.7949752807617
1812,343.1,21.1167430877686
1813,343.2,20.2634391784668
1814,343.4,2.03206253051758
1815,343.6,1.93517220020294
1816,343.8,4.43411827087402
1817,344.0,8.59030246734619
1818,344.2,9.26387882232666
1819,344.3,4.35057973861694
1820,344.6,2.26062893867493
1821,344.8,6.7036190032959
1822,345.0,15.8331871032715
1823,345.1,15.8763179779053
1824,345.3,6.12684488296509
1825,345.6,1.79769849777222
1826,345.8,3.16338729858398
1827,346.0,5.74060106277466
1828,346.1,5.6717324256897
1829,346.3,2.70397043228149
1830,346.6,1.85137033462524
1831,346.8,2.75122976303101
1832,347.0,4.83046388626099
1833,347.1,4.75386524200439
1834,347.3,2.8287947177887
1835,347.5,0.745080828666687
1836,347.7,1.34741747379303
1837,347.9,2.08186936378479
1838,348.1,2.06061148643494
1839,348.2,2.01827120780945
1840,348.4,0.739107489585876
1841,348.6,1.79989457130432
1842,348.7,1.38193953037262
1843,348.9,4.00210809707642
1844,349.1,4.85154581069946
1845,349.2,1.87693250179291
1846,349.3,2.09750533103943
1847,349.5,0.555428683757782
1848,349.7,1.542076587677
1849,349.9,2.14432525634766
1850,350.1,2.49349975585938
1851,350.2,1.23489105701447
1852,350.4,1.74174284934998
1853,350.5,0.540407598018646
1854,350.7,1.60189735889435
1855,350.9,2.56430077552795
1856,351.0,1.39959597587585
1857,351.2,2.42779350280762
1858,351.3,1.68315184116364
1859,351.5,0.4797083735466
1860,351.7,1.35295152664185
1861,351.9,1.63281798362732
1862,352.1,1.95985591411591
1863,352.3,1.69843637943268
1864,352.5,1.33608567714691
1865,352.6,0.690179169178009
1866,352.8,2.15644764900208
1867,353.0,3.30815172195435
1868,353.2,3.45976805686951
1869,353.3,1.35857343673706
1870,353.4,1.60295152664185
1871,353.6,0.607167959213257
1872,353.8,1.59609973430634
1873,354.0,2.26168298721313
1874,354.1,1.20036888122559
1875,354.2,1.84996485710144
1876,354.4,1.20353126525879
1877,354.7,3.48673582077026
1878,354.9,28.1073436737061
1879,355.1,206.089782714844
1880,355.2,86.8698196411133
1881,355.4,2.52099442481995
1882,355.6,1.90706253051758
1883,355.7,1.5390020608902
1884,355.9,19.7182884216309
1885,356.1,66.2888259887695
1886,356.2,37.0266151428223
1887,356.4,4.3321328163147
1888,356.7,2.77125787734985
1889,356.9,16.3719253540039
1890,357.1,50.2343635559082
1891,357.2,31.0970668792725
1892,357.4,2.99490523338318
1893,357.6,1.63800072669983
1894,357.8,3.58222055435181
1895,358.0,10.8147401809692
1896,358.1,12.2106466293335
1897,358.3,3.98515462875366
1898,358.4,3.01510882377625
1899,358.7,3.02143359184265
1900,358.8,4.14239263534546
1901,359.0,16.7131061553955
1902,359.2,21.3164958953857
1903,359.3,6.51344013214111
1904,359.4,3.78548836708069
1905,359.6,0.818868577480316
1906,359.8,2.67858386039734
1907,360.0,5.79067134857178
1908,360.2,6.79190111160278
1909,360.3,3.83265995979309
1910,360.5,0.784258604049683
1911,360.7,1.81851720809937
1912,360.8,1.69659173488617
1913,361.0,4.83503150939941
1914,361.2,5.40776538848877
1915,361.3,3.04602956771851
1916,361.5,1.30314481258392
1917,361.8,1.61630356311798
1918,362.0,2.30463814735413
1919,362.1,1.07914614677429
1920,362.3,2.0404953956604
1921,362.5,1.45247721672058
1922,362.7,2.13009476661682
1923,362.9,3.94949054718018
1924,363.1,5.70888948440552
1925,363.2,4.07080125808716
1926,363.4,1.71503865718842
1927,363.6,0.548576951026917
1928,363.8,1.90969777107239
1929,363.9,0.938949406147003
1930,364.1,2.43692898750305
1931,364.2,1.27775824069977
1932,364.3,1.86542510986328
1933,364.6,1.15881943702698
1934,364.8,1.70256495475769
1935,364.9,0.935874938964844
1936,365.1,2.11463451385498
1937,365.2,1.90627193450928
1938,365.4,1.34144413471222
1939,365.6,0.57888263463974
1940,365.8,1.46995782852173
1941,366.0,1.62008082866669
1942,366.2,1.64906883239746
1943,366.3,1.2912859916687
1944,366.6,1.57747721672058
1945,366.8,2.98998594284058
1946,367.0,4.92796897888184
1947,367.2,4.85084342956543
1948,367.3,2.42313766479492
1949,367.6,1.33916020393372
1950,367.8,1.73093819618225
1951,368.0,2.28856301307678
1952,368.2,2.61964154243469
1953,368.4,1.64520382881165
1954,368.5,0.738580465316772
1955,368.7,2.25702738761902
1956,368.9,6.70976829528809
1957,369.1,10.9768972396851
1958,369.2,9.35567474365234
1959,369.4,2.66637396812439
1960,369.7,1.6669008731842
1961,369.9,3.2061665058136
1962,370.0,2.20388269424438
1963,370.1,4.60409355163574
1964,370.3,3.37333106994629
1965,370.5,0.939476430416107
1966,370.7,2.14002108573914
1967,370.9,5.28232622146606
1968,371.1,7.23058700561523
1969,371.2,5.80367183685303
1970,371.4,1.14520382881165
1971,371.6,1.4968376159668
1972,371.7,0.808503150939941
1973,371.9,2.46969437599182
1974,372.0,1.72979617118835
1975,372.2,3.00957489013672
1976,372.3,1.99437808990479
1977,372.5,0.802705526351929
1978,372.7,2.25579762458801
1979,372.9,6.30850315093994
1980,373.0,5.37060785293579
1981,373.2,9.85277557373047
1982,373.3,3.28601551055908
1983,373.4,2.27011585235596
1984,373.7,1.38879132270813
1985,373.9,2.96328186988831
1986,374.1,4.11665487289429
1987,374.2,3.51914978027344
1988,374.4,1.66277229785919
1989,374.7,1.38527762889862
1990,374.8,1.08160579204559
1991,375.0,2.76141953468323
1992,375.2,3.08204507827759
1993,375.3,2.16250872612
1994,375.6,1.1640899181366
1995,375.8,1.44307804107666
1996,376.0,1.74121570587158
1997,376.1,0.978829920291901
1998,376.3,1.9180428981781
1999,376.4,0.572382271289825
2000,376.5,1.13009488582611
2001,376.8,1.56790232658386
2002,377.0,1.7923401594162
2003,377.2,2.06394934654236
2004,377.3,0.801300048828125
2005,377.4,1.20300424098969
2006,377.7,1.2090653181076
2007,377.9,1.40346097946167
2008,378.1,1.60664093494415
2009,378.3,1.56614542007446
2010,378.5,1.28294098377228
2011,378.7,1.31192898750305
2012,378.8,0.585734367370605
2013,379.0,1.63492619991302
2014,379.2,1.66927266120911
2015,379.3,0.696679532527924
2016,379.4,1.37772309780121
2017,379.7,1.05911803245544
2018,379.9,1.19562542438507
2019,380.0,0.630973279476166
2020,380.2,1.63923048973083
2021,380.4,1.22004568576813
2022,380.6,1.32203090190887
2023,380.8,1.29515111446381
2024,381.0,1.96468722820282
2025,381.2,2.13800072669983
2026,381.3,1.62789881229401
2027,381.5,0.724262118339539
2028,381.7,1.07615947723389
2029,381.8,0.64959591627121
2030,382.0,1.3757027387619
2031,382.1,0.814037263393402
2032,382.3,1.55130004882813
2033,382.5,1.36278986930847
2034,382.7,1.90864372253418
2035,382.9,3.93868589401245
2036,383.1,3.89836621284485
2037,383.2,3.06535482406616
2038,383.4,0.836173593997955
2039,383.6,1.15574491024017
2040,383.7,0.734627544879913
2041,383.9,1.91163039207458
2042,384.1,2.32572031021118
2043,384.2,1.86937808990479
2044,384.5,1.36138439178467
2045,384.7,3.02336621284485
2046,384.8,3.23559379577637
2047,385.0,9.75764274597168
2048,385.1,9.15477848052979
2049,385.3,3.66347503662109
2050,385.6,1.44984185695648
2051,385.8,2.73664784431458
2052,386.0,4.0911808013916
2053,386.1,4.14581871032715
2054,386.3,2.20344352722168
2055,386.6,1.75983834266663
2056,386.8,6.30815172195435
2057,387.0,13.8244905471802
2058,387.1,13.6414270401001
2059,387.3,3.30938148498535
2060,387.4,2.22531628608704
2061,387.6,0.775298655033112
2062,387.8,2.85365414619446
2063,387.9,2.7541286945343
2064,388.1,5.86885118484497
2065,388.2,2.47083616256714
2066,388.3,2.78601551055908
2067,388.6,1.60514760017395
2068,388.7,1.05806398391724
2069,388.9,3.14889311790466
2070,389.1,4.05736112594604
2071,389.2,3.30112433433533
2072,389.5,1.41154253482819
2073,389.6,0.629392147064209
2074,389.8,1.62069571018219
2075,389.9,0.855498969554901
2076,390.1,1.81781446933746
2077,390.3,1.64204144477844
2078,390.5,1.21134924888611
2079,390.7,1.07914614677429
2080,390.8,0.731728732585907
2081,391.0,1.54418480396271
2082,391.2,1.74016165733337
2083,391.3,0.644149661064148
2084,391.5,1.24437808990479
2085,391.6,0.578794777393341
2086,391.8,1.05279338359833
2087,391.9,0.544711887836456
2088,392.1,1.3305516242981
2089,392.3,1.32387566566467
2090,392.4,1.21486294269562
2091,392.7,1.0006148815155
2092,392.9,1.30850315093994
2093,393.1,1.31895637512207
2094,393.2,1.26431834697723
2095,393.5,1.12798666954041
2096,393.6,0.428408294916153
2097,393.8,1.26853477954865
2098,394.0,1.21635627746582
2099,394.2,1.34671473503113
2100,394.4,1.12104713916779
2101,394.5,1.08090305328369
2102,394.8,1.23796558380127
2103,394.9,0.55384749174118
2104,395.1,1.36683058738708
2105,395.2,0.62543922662735
2106,395.4,1.06026005744934
2107,395.5,0.97417426109314
2108,395.8,1.01475751399994
2109,395.9,0.541549563407898
2110,396.1,1.27090656757355
2111,396.3,1.30709767341614
2112,396.5,1.24815535545349
2113,396.6,0.550333797931671
2114,396.8,1.56359803676605
2115,397.0,1.97232961654663
2116,397.2,1.96565353870392
2117,397.4,1.42875969409943
2118,397.5,0.614019691944122
2119,397.7,1.30806398391724
2120,397.9,1.27275121212006
2121,398.1,1.55288124084473
2122,398.2,1.39046025276184
2123,398.5,1.34970128536224
2124,398.6,0.931570649147034
2125,398.8,4.76150751113892
2126,398.9,4.94799709320068
2127,399.1,10.9645118713379
2128,399.2,7.05402326583862
2129,399.4,2.0455904006958
2130,399.7,1.83705198764801
2131,399.8,1.60128247737885
2132,400.0,4.36208724975586
2133,400.2,4.49051284790039
2134,400.3,2.5031623840332
2135,400.6,2.37684464454651
2136,400.8,11.1708536148071
2137,401.0,44.7229461669922
2138,401.1,45.7489471435547
2139,401.3,8.30938148498535
2140,401.5,1.04717147350311
2141,401.7,3.46872806549072
2142,401.9,11.8706083297729
2143,402.1,20.8013000488281
2144,402.2,11.6330814361572
2145,402.4,1.87868940830231
2146,402.6,2.21389675140381
2147,402.8,6.07914638519287
2148,403.0,13.4150562286377
2149,403.2,12.4671468734741
2150,403.3,4.76317644119263
2151,403.6,1.60198521614075
2152,403.8,2.83731555938721
2153,404.0,4.22970819473267
2154,404.2,4.35295152664185
2155,404.3,2.50878429412842
2156,404.5,0.757905840873718
2157,404.7,1.96047079563141
2158,404.9,3.80613136291504
2159,405.0,2.21328186988831
2160,405.2,4.88905477523804
2161,405.3,1.25843286514282
2162,405.5,1.28048133850098
2163,405.6,0.686489820480347
2164,405.8,1.60804641246796
2165,405.9,1.03583979606628
2166,406.1,2.2055516242981
2167,406.2,1.89564299583435
2168,406.5,1.19272661209106
2169,406.7,1.25834500789642
2170,406.8,0.714072406291962
2171,407.0,1.7905832529068
2172,407.2,2.17146873474121
2173,407.3,0.681482791900635
2174,407.5,1.36085736751556
2175,407.7,1.11779689788818
2176,407.8,0.670765995979309
2177,407.9,1.45968019962311
2178,408.2,1.38949406147003
2179,408.4,1.30007028579712
2180,408.5,0.511507391929626
2181,408.7,1.41338717937469
2182,408.9,1.59917426109314
2183,409.1,1.61604011058807
2184,409.3,1.55569219589233
2185,409.5,1.31983482837677
2186,409.7,1.21345746517181
2187,409.8,0.511156022548676
2188,410.0,1.28663039207458
2189,410.2,1.27775824069977
2190,410.4,1.33020031452179
2191,410.6,1.24077653884888
2192,410.7,0.558503150939941
2193,410.9,1.10426914691925
2194,411.0,0.520642995834351
2195,411.2,1.42182004451752
2196,411.3,1.23954677581787
2197,411.6,0.951774418354034
2198,411.8,0.997013330459595
2199,411.9,0.622979640960693
2200,412.1,1.23287069797516
2201,412.2,0.519149661064148
2202,412.4,0.952389299869537
2203,412.6,1.22593116760254
2204,412.8,2.13150024414063
2205,413.0,2.98673582077026
2206,413.2,3.0827476978302
2207,413.3,2.13668298721313
2208,413.5,0.716004908084869
2209,413.7,1.05244207382202
2210,413.9,1.65846800804138
2211,414.1,2.08046388626099
2212,414.2,1.05182707309723
2213,414.4,1.35822200775146
2214,414.6,1.29567813873291
2215,414.7,1.63861560821533
2216,414.9,16.0962753295898
2217,415.1,91.8262481689453
2218,415.2,67.8258972167969
2219,415.4,4.34891080856323
2220,415.7,2.253338098526
2221,415.9,12.2304992675781
2222,416.1,37.1177101135254
2223,416.2,18.7556228637695
2224,416.3,13.0267915725708
2225,416.6,2.22408652305603
2226,416.8,5.15829229354858
2227,416.9,7.77582550048828
2228,417.1,27.3228206634521
2229,417.2,20.0967140197754
2230,417.4,3.51967668533325
2231,417.7,1.60787069797516
2232,417.8,1.80780041217804
2233,418.0,6.69606447219849
2234,418.2,8.79515075683594
2235,418.3,3.36235070228577
2236,418.4,2.65846800804138
2237,418.7,1.83951163291931
2238,418.9,4.22048473358154
2239,419.0,3.13483834266663
2240,419.2,6.18974018096924
2241,419.3,2.50975060462952
2242,419.4,2.38870334625244
2243,419.6,0.483046382665634
2244,419.8,1.69176042079926
2245,420.0,2.55823969841003
2246,420.1,1.38167607784271
2247,420.3,2.378338098526
2248,420.4,1.4609979391098
2249,420.6,0.533380210399628
2250,420.8,1.68078005313873
2251,420.9,1.29936754703522
2252,421.1,2.62825012207031
2253,421.3,2.39678502082825
2254,421.4,0.845484912395477
2255,421.6,0.965653538703918
2256,421.8,1.14696061611176
2257,422.0,1.77714335918427
2258,422.2,1.56728744506836
2259,422.3,0.821416020393372
2260,422.5,1.165407538414
2261,422.7,1.12016868591309
2262,422.8,0.840741395950317
2263,423.0,1.81948351860046
2264,423.1,1.88422346115112
2265,423.3,0.92586088180542
2266,423.5,1.40846800804138
2267,423.6,0.915144085884094
2268,423.9,1.28004217147827
2269,424.0,0.645203769207001
2270,424.2,1.2911102771759
2271,424.4,1.06781446933746
2272,424.6,1.02081871032715
2273,424.7,1.08713984489441
2274,425.0,1.40592062473297
2275,425.2,1.39212930202484
2276,425.4,1.13483834266663
2277,425.6,1.00360155105591
2278,425.7,0.524508059024811
2279,425.9,1.0405832529068
2280,426.1,1.27828526496887
2281,426.3,1.19492268562317
2282,426.5,0.988492608070374
2283,426.7,1.28865075111389
2284,426.9,1.5838897228241
2285,427.0,0.842410385608673
2286,427.2,1.7514054775238
2287,427.3,1.39414966106415
2288,427.6,1.08608567714691
2289,427.7,0.494378060102463
2290,427.9,1.17840826511383
2291,428.0,0.800509512424469
2292,428.2,1.34715390205383
2293,428.3,1.20818698406219
2294,428.6,1.3322206735611
2295,428.8,5.97654581069946
2296,429.0,28.4459762573242
2297,429.1,50.7298851013184
2298,429.3,14.4888439178467
2299,429.5,2.02705550193787
2300,429.8,4.05244207382202
2301,430.0,13.8154430389404
2302,430.2,19.934118270874
2303,430.3,9.30393505096436
2304,430.5,2.01958894729614
2305,430.7,1.19272661209106
2306,430.9,7.22514057159424
2307,431.1,16.3023548126221
2308,431.2,8.42577266693115
2309,431.3,7.76168298721313
2310,431.5,0.901001393795013
2311,431.7,1.57659876346588
2312,431.8,1.45124733448029
2313,432.0,4.87956762313843
2314,432.2,5.3006854057312
2315,432.3,3.36806035041809
2316,432.5,0.736735761165619
2317,432.7,1.34065353870392
2318,432.8,1.53698170185089
2319,433.0,6.39441299438477
2320,433.2,7.7044095993042
2321,433.3,4.7865424156189
2322,433.5,0.89573085308075
2323,433.7,1.28645467758179
2324,433.9,2.26036548614502
2325,434.1,3.57308506965637
2326,434.3,2.91795492172241
2327,434.4,1.75509488582611
2328,434.7,1.1686577796936
2329,434.9,1.89511597156525
2330,435.0,1.20458543300629
2331,435.1,2.55815172195435
2332,435.3,1.12218904495239
2333,435.4,1.27319049835205
2334,435.7,1.08872103691101
2335,435.9,1.22434997558594
2336,436.1,1.48005974292755
2337,436.2,0.800685167312622
2338,436.4,1.24341177940369
2339,436.6,0.99613493680954
2340,436.8,1.29717147350311
2341,437.0,1.81447649002075
2342,437.2,1.81298315525055
2343,437.3,1.50816941261292
2344,437.5,0.54954320192337
2345,437.7,1.06403720378876
2346,437.9,1.2070449590683
2347,438.1,1.35866129398346
2348,438.2,1.31131410598755
2349,438.4,0.584855914115906
2350,438.6,1.0820449590683
2351,438.7,0.585119485855103
2352,438.9,1.17902314662933
2353,439.1,1.29436051845551
2354,439.3,1.26721715927124
2355,439.4,0.971890389919281
2356,439.7,0.923401236534119
2357,439.8,0.961788475513458
2358,440.1,1.22786366939545
2359,440.2,1.24174284934998
2360,440.4,0.522048473358154
2361,440.6,0.836261391639709
2362,440.8,1.43218553066254
2363,440.9,1.95397043228149
2364,441.1,1.97768795490265
2365,441.3,1.36814832687378
2366,441.6,1.0424280166626
2367,441.7,0.613756120204926
2368,441.9,1.18104362487793
2369,442.0,0.589599430561066
2370,442.2,1.17621219158173
2371,442.4,1.15135276317596
2372,442.5,0.493499636650085
2373,442.7,1.27125787734985
2374,442.9,2.00070285797119
2375,443.1,2.55455017089844
2376,443.3,2.06614542007446
2377,443.4,0.561929047107697
2378,443.6,0.880973279476166
2379,443.7,0.520028114318848
2380,443.9,1.32712578773499
2381,444.1,1.29664444923401
2382,444.2,0.855498969554901
2383,444.3,1.33801829814911
2384,444.6,1.05569219589233
2385,444.8,2.2077476978302
2386,445.0,3.04119825363159
2387,445.1,1.46310615539551
2388,445.3,3.0854709148407
2389,445.4,1.47013354301453
2390,445.7,1.33924806118011
2391,445.9,1.73251926898956
2392,446.0,1.12069571018219
2393,446.2,1.82273364067078
2394,446.3,0.942814469337463
2395,446.4,1.22224175930023
2396,446.7,1.51616299152374
2397,446.9,2.72540402412415
2398,447.1,3.35014057159424
2399,447.2,2.92173218727112
2400,447.4,1.38712227344513
2401,447.7,1.34601199626923
2402,447.8,0.818253695964813
2403,448.0,1.82422697544098
2404,448.2,1.88940620422363
2405,448.4,1.40838015079498
2406,448.6,1.05964505672455
2407,448.8,1.33160579204559
2408,448.9,0.682976126670837
2409,449.1,1.50544619560242
2410,449.3,1.65170419216156
2411,449.4,0.623418807983398
2412,449.6,1.02573788166046
2413,449.8,1.10216093063354
2414,450.0,1.13536536693573
2415,450.2,1.38176393508911
2416,450.4,1.07791638374329
2417,450.6,0.861296534538269
2418,450.8,1.22417426109314
2419,450.9,0.473647236824036
2420,451.1,1.2926914691925
2421,451.3,1.22312021255493
2422,451.5,1.04409694671631
2423,451.7,1.02336609363556
2424,451.9,1.10778284072876
2425,452.1,1.19878780841827
2426,452.3,1.13123679161072
2427,452.5,0.901440620422363
2428,452.6,0.484451860189438
2429,452.8,1.15855586528778
2430,452.9,0.503952920436859
2431,453.1,0.951335191726685
2432,453.3,1.08608567714691
2433,453.5,1.02117002010345
2434,453.7,0.90776526927948
2435,453.8,0.53408294916153
2436,454.0,0.966707646846771
2437,454.2,1.10883700847626
2438,454.4,1.10918831825256
2439,454.6,1.00491917133331
2440,454.8,0.927529871463776
2441,455.0,1.06570625305176
2442,455.2,1.01897394657135
2443,455.4,1.01168310642242
2444,455.5,1.01431834697723
2445,455.8,0.962666928768158
2446,455.9,0.498858034610748
2447,456.1,1.04708361625671
2448,456.2,0.560347855091095
2449,456.4,0.973647236824036
2450,456.6,0.952565014362335
2451,456.7,0.629479944705963
2452,456.9,1.28636682033539
2453,457.0,0.708538293838501
2454,457.2,1.47004568576813
2455,457.4,1.33731555938721
2456,457.6,0.931746304035187
2457,457.7,0.59961348772049
2458,457.9,1.1640899181366
2459,458.0,0.524068892002106
2460,458.2,1.23612082004547
2461,458.3,1.10523545742035
2462,458.6,1.10505974292755
2463,458.8,2.51835918426514
2464,458.9,1.74885809421539
2465,459.1,4.47531604766846
2466,459.2,1.73128950595856
2467,459.3,2.13150024414063
2468,459.5,0.492709070444107
2469,459.7,1.35874915122986
2470,459.9,2.17823266983032
2471,460.1,2.37368226051331
2472,460.2,1.93956434726715
2473,460.5,1.56649684906006
2474,460.7,3.13035845756531
2475,460.8,3.83151793479919
2476,461.0,14.3198347091675
2477,461.1,16.0317993164063
2478,461.3,4.8828182220459
2479,461.4,2.98989820480347
2480,461.7,2.1234188079834
2481,461.9,5.29040765762329
2482,462.1,7.37201356887817
2483,462.3,5.80542850494385
2484,462.4,2.6674280166626
2485,462.7,1.95476102828979
2486,462.9,4.17507028579712
2487,463.1,5.30402326583862
2488,463.2,2.57932186126709
2489,463.3,2.4942901134491
2490,463.5,0.733485579490662
2491,463.7,1.42436754703522
2492,463.9,1.7946240901947
2493,464.1,2.31640911102295
2494,464.2,1.1679550409317
2495,464.4,1.67067813873291
2496,464.6,0.996661961078644
2497,464.8,1.18982779979706
2498,465.0,1.60874915122986
2499,465.2,1.69492268562317
2500,465.4,1.23269498348236
2501,465.5,0.471011936664581
2502,465.7,1.00430428981781
2503,465.8,0.459768086671829
2504,466.0,1.11937808990479
2505,466.2,1.22487699985504
2506,466.3,0.575808167457581
2507,466.4,0.949666202068329
2508,466.6,0.605938136577606
2509,466.8,0.918042838573456
2510,467.0,1.18728041648865
2511,467.2,1.19782149791718
2512,467.3,0.43596276640892
2513,467.5,0.821240365505219
2514,467.7,0.835382997989655
2515,467.9,0.984803259372711
2516,468.1,0.920941650867462
2517,468.3,1.00922346115112
2518,468.4,0.476106822490692
2519,468.6,0.984364032745361
2520,468.8,1.04594171047211
2521,469.0,1.01783204078674
2522,469.2,0.974701344966888
2523,469.4,1.00658822059631
2524,469.6,0.915056228637695
2525,469.8,1.07870697975159
2526,470.0,0.840390026569366
2527,470.1,0.510628938674927
2528,470.2,0.984627544879913
2529,470.5,0.989371061325073
2530,470.7,1.11015462875366
2531,470.9,1.22760009765625
2532,471.1,1.13027060031891
2533,471.3,1.01194655895233
2534,471.5,0.976282477378845
2535,471.7,0.999648630619049
2536,471.9,0.992182016372681
2537,472.1,1.00693953037262
2538,472.3,1.06772661209106
2539,472.5,0.940442740917206
2540,472.6,0.468113154172897
2541,472.8,1.67928671836853
2542,473.0,2.58951163291931
2543,473.2,2.62825012207031
2544,473.3,2.09750533103943
2545,473.5,0.623858034610748
2546,473.7,1.04102253913879
2547,473.9,1.54023194313049
2548,474.1,1.82044970989227
2549,474.2,0.947118759155273
2550,474.3,1.57062542438507
2551,474.6,1.08845746517181
2552,474.8,4.73041105270386
2553,475.0,24.0679016113281
2554,475.2,41.086612701416
2555,475.3,14.8171119689941
2556,475.4,6.92348909378052
2557,475.6,0.982694983482361
2558,475.8,3.10286355018616
2559,476.0,12.1802530288696
2560,476.1,9.99104022979736
2561,476.2,17.9966621398926
2562,476.4,5.2531623840332
2563,476.6,0.80736118555069
2564,476.8,3.18517208099365
2565,477.0,8.70748424530029
2566,477.1,6.33204507827759
2567,477.2,10.6610155105591
2568,477.4,2.64028453826904
2569,477.5,1.98269498348236
2570,477.8,1.48963463306427
2571,478.0,3.61674284934998
2572,478.2,4.60180950164795
2573,478.3,2.92656350135803
2574,478.6,1.55867886543274
2575,478.8,1.57853126525879
2576,478.9,1.57861912250519
2577,479.1,3.31412506103516
2578,479.3,2.68341541290283
2579,479.4,0.990161657333374
2580,479.6,1.06517922878265
2581,479.8,1.25887215137482
2582,480.0,1.5014054775238
2583,480.1,0.931834161281586
2584,480.3,1.71714687347412
2585,480.4,0.690354883670807
2586,480.6,0.982958555221558
2587,480.8,1.15354883670807
2588,480.9,0.774859428405762
2589,481.1,1.31491565704346
2590,481.2,0.630709767341614
2591,481.3,1.10830986499786
2592,481.6,0.963633179664612
2593,481.8,0.919799745082855
2594,481.9,0.477160930633545
2595,482.1,0.876229822635651
2596,482.3,1.21644413471222
2597,482.5,1.06008434295654
2598,482.6,1.11885106563568
2599,482.9,1.19711875915527
2600,483.0,0.565794110298157
2601,483.2,1.16373860836029
2602,483.3,0.472066044807434
2603,483.5,1.00773012638092
2604,483.7,0.874912142753601
2605,483.8,0.464687287807465
2606,484.0,1.04690790176392
2607,484.2,1.04752278327942
2608,484.3,0.529602944850922
2609,484.5,0.961964190006256
2610,484.7,1.00860857963562
2611,484.9,1.0407589673996
2612,485.1,1.10734367370605
2613,485.3,1.08178150653839
2614,485.4,0.417779326438904
2615,485.6,1.00790584087372
2616,485.7,0.410312712192535
2617,485.9,1.04761064052582
2618,486.0,0.501054108142853
2619,486.2,0.964775145053864
2620,486.4,0.940881967544556
2621,486.5,0.482519328594208
2622,486.7,1.00448000431061
2623,486.8,0.605059742927551
2624,487.0,1.65267038345337
2625,487.2,1.69325363636017
2626,487.3,1.40047430992126
2627,487.5,0.498858034610748
2628,487.7,0.906271934509277
2629,487.9,1.17243504524231
2630,488.0,0.523981034755707
2631,488.2,1.41918480396271
2632,488.4,1.23805344104767
2633,488.5,0.547434985637665
2634,488.7,1.59522140026093
2635,488.9,9.31790256500244
2636,489.1,41.5569229125977
2637,489.2,39.8312530517578
2638,489.4,6.32932186126709
2639,489.7,1.76633870601654
2640,489.8,2.04330635070801
2641,490.0,13.7447290420532
2642,490.2,22.7557106018066
2643,490.3,13.7271604537964
2644,490.6,2.10813426971436
2645,490.7,1.00114190578461
2646,490.9,5.94044256210327
2647,491.0,6.47039699554443
2648,491.2,16.234188079834
2649,491.3,6.30279350280762
2650,491.4,4.88571691513062
2651,491.6,0.809820830821991
2652,491.8,1.5429550409317
2653,491.9,1.74560785293579
2654,492.1,5.125
2655,492.2,4.97751235961914
2656,492.4,1.59381592273712
2657,492.5,1.73225581645966
2658,492.8,1.78408288955688
2659,493.0,3.43113136291504
2660,493.2,4.08063936233521
2661,493.3,3.22470140457153
2662,493.5,1.43930077552795
2663,493.8,1.14494025707245
2664,494.0,1.65433943271637
2665,494.2,2.04488754272461
2666,494.3,1.0453268289566
2667,494.4,1.4580112695694
2668,494.7,1.02925157546997
2669,494.9,1.40899503231049
2670,495.1,1.98814129829407
2671,495.2,0.781974673271179
2672,495.4,1.51721715927124
2673,495.6,1.03425860404968
2674,495.8,0.967059016227722
2675,496.0,1.15284609794617
2676,496.2,1.0803759098053
2677,496.4,1.13369643688202
2678,496.6,0.908380210399628
2679,496.8,1.25202035903931
2680,496.9,0.613141238689423
2681,497.1,1.30094873905182
2682,497.3,1.20370697975159
2683,497.5,1.08090305328369
2684,497.7,0.970484912395477
2685,497.8,0.453004211187363
2686,498.0,1.07528114318848
2687,498.1,0.984627544879913
2688,498.3,0.519061863422394
2689,498.5,1.04506325721741
2690,498.7,0.975140571594238
2691,498.8,0.447557985782623
2692,499.0,0.974262118339539
2693,499.2,0.860769510269165
2694,499.3,0.878162324428558
2695,499.5,0.44615250825882
2696,499.7,0.901528477668762
2697,499.9,1.19966614246368
2698,500.0,0.452125787734985
2699,500.2,0.964511573314667
2700,500.3,0.84566056728363
2701,500.6,1.05130004882813
2702,500.8,1.01256144046783
2703,501.0,1.03689384460449
2704,501.2,1.11955380439758
2705,501.3,0.548313438892365
2706,501.5,0.933415293693542
2707,501.6,1.04629302024841
2708,501.8,0.589160203933716
2709,502.0,1.13018274307251
2710,502.2,0.990600824356079
2711,502.3,0.6047083735466
2712,502.5,1.14634573459625
2713,502.7,1.45089602470398
2714,502.9,4.19044256210327
2715,503.1,7.70256519317627
2716,503.2,8.26950073242188
2717,503.4,3.07897043228149
2718,503.6,0.649244546890259
2719,503.8,1.64125084877014
2720,504.0,3.55472588539124
2721,504.2,4.63571691513062
2722,504.3,3.09153199195862
2723,504.6,1.24068868160248
2724,504.7,0.778021812438965
2725,504.9,2.45414614677429
2726,505.1,3.54611730575562
2727,505.3,3.64731192588806
2728,505.4,1.71837663650513
2729,505.7,0.976546049118042
2730,505.9,1.49244558811188
2731,506.0,1.13923048973083
2732,506.1,1.84504568576813
2733,506.3,0.904515087604523
2734,506.4,1.13079762458801
2735,506.6,0.6039177775383
2736,506.8,1.52573788166046
2737,507.0,2.58907246589661
2738,507.2,4.040846824646
2739,507.3,3.0794095993042
2740,507.5,1.1659346818924
2741,507.8,1.24490511417389
2742,508.0,1.76089251041412
2743,508.2,2.22619462013245
2744,508.3,0.988580465316772
2745,508.4,1.40416371822357
2746,508.6,0.570801138877869
2747,508.8,1.09970128536224
2748,508.9,0.666988730430603
2749,509.1,1.40284609794617
2750,509.3,1.63483834266663
2751,509.4,1.36665499210358
2752,509.7,0.848032355308533
2753,509.9,0.846275448799133
2754,510.1,1.06719958782196
2755,510.3,1.05929374694824
2756,510.4,0.807097673416138
2757,510.7,0.822118759155273
2758,510.9,1.17805695533752
2759,511.0,0.527231216430664
2760,511.2,1.41268444061279
2761,511.4,0.973383724689484
2762,511.5,0.5219606757164
2763,511.7,0.961788475513458
2764,511.9,1.01177096366882
2765,512.0,0.476282507181168
2766,512.2,0.950895965099335
2767,512.4,1.10075545310974
2768,512.6,0.82115250825882
2769,512.8,1.07651090621948
2770,512.9,1.01888620853424
2771,513.1,0.595045685768127
2772,513.3,1.10892486572266
2773,513.4,0.829234004020691
2774,513.6,0.387649327516556
2775,513.8,0.838896691799164
2776,513.9,0.423401266336441
2777,514.1,0.868148267269135
2778,514.3,0.906008422374725
2779,514.5,0.943517208099365
2780,514.7,0.947118759155273
2781,514.9,1.040846824646
2782,515.1,1.2498242855072
2783,515.3,1.04559028148651
2784,515.5,0.903373181819916
2785,515.7,0.884926199913025
2786,515.9,0.919799745082855
2787,516.1,0.924718916416168
2788,516.2,0.942902326583862
2789,516.4,0.866567134857178
2790,516.7,0.988053381443024
2791,516.9,1.1235066652298
2792,517.1,1.21934294700623
2793,517.2,0.586437106132507
2794,517.3,0.968113124370575
2795,517.5,0.401089251041412
2796,517.7,0.817814469337463
2797,517.8,1.09636330604553
2798,518.0,0.529515087604523
2799,518.2,0.880885481834412
2800,518.4,0.924718916416168
2801,518.5,0.391338735818863
2802,518.7,1.2507027387619
2803,518.8,0.759838342666626
2804,519.0,2.0389142036438
2805,519.2,1.72795152664185
2806,519.3,1.5438334941864
2807,519.6,1.13536536693573
2808,519.8,1.2088897228241
2809,520.0,1.585822224617
2810,520.2,1.56702387332916
2811,520.3,1.24789178371429
2812,520.6,1.23058676719666
2813,520.8,1.76361560821533
2814,520.9,1.47391080856323
2815,521.1,3.06201696395874
2816,521.2,2.46661972999573
2817,521.4,1.41936051845551
2818,521.7,1.10453271865845
2819,521.8,0.910751938819885
2820,522.0,1.82861912250519
2821,522.1,1.06904423236847
2822,522.2,1.69325363636017
2823,522.4,1.06368589401245
2824,522.7,1.19984185695648
2825,522.9,1.29813778400421
2826,523.1,1.61604011058807
2827,523.3,1.51159524917603
2828,523.4,0.521872818470001
2829,523.6,0.739107489585876
2830,523.8,0.872716069221497
2831,524.0,1.0845046043396
2832,524.2,1.06043565273285
2833,524.3,0.646345734596252
2834,524.4,0.893271267414093
2835,524.6,0.484100490808487
2836,524.8,0.834768116474152
2837,524.9,0.95388263463974
2838,525.1,0.630973279476166
2839,525.2,1.03004217147827
2840,525.5,0.814915657043457
2841,525.7,0.697997212409973
2842,525.9,0.889142632484436
2843,526.1,0.935962736606598
2844,526.3,0.767568528652191
2845,526.5,0.909609973430634
2846,526.7,0.91163033246994
2847,526.8,0.448436409235001
2848,527.0,1.06008434295654
2849,527.1,0.361296564340591
2850,527.3,0.872716069221497
2851,527.5,0.756061136722565
2852,527.7,0.791637361049652
2853,527.9,0.986735761165619
2854,528.0,0.465741395950317
2855,528.2,0.881324648857117
2856,528.3,0.283731549978256
2857,528.4,0.806307077407837
2858,528.6,0.800245940685272
2859,528.9,0.901704132556915
2860,529.1,0.89098733663559
2861,529.3,0.842059016227722
2862,529.5,0.979005634784698
2863,529.7,0.776879847049713
2864,529.9,0.958450436592102
2865,530.1,0.854357004165649
2866,530.3,0.883959949016571
2867,530.4,0.369378060102463
2868,530.6,0.7710822224617
2869,530.7,0.443517208099365
2870,530.9,1.04927968978882
2871,531.0,0.401001393795013
2872,531.2,1.06157767772675
2873,531.3,0.476370334625244
2874,531.5,0.870080828666687
2875,531.7,0.727248787879944
2876,531.9,0.919975399971008
2877,532.1,0.989722430706024
2878,532.2,0.46679550409317
2879,532.4,1.08011245727539
2880,532.6,0.834855914115906
2881,532.8,1.38009488582611
2882,532.9,0.898541808128357
2883,533.1,2.02037954330444
2884,533.3,1.90688681602478
2885,533.5,1.24455380439758
2886,533.6,0.433063954114914
2887,533.8,1.06878077983856
2888,534.0,1.4167252779007
2889,534.2,1.40592062473297
2890,534.4,1.21793746948242
2891,534.5,0.570801138877869
2892,534.7,2.19149684906006
2893,534.9,5.93376684188843
2894,535.1,10.0311841964722
2895,535.2,5.01695346832275
2896,535.3,5.76317644119263
2897,535.5,1.70274066925049
2898,535.8,2.32334852218628
2899,536.0,4.62254047393799
2900,536.2,5.92129325866699
2901,536.3,3.50641250610352
2902,536.6,1.4169008731842
2903,536.8,2.04040765762329
2904,536.9,1.69219958782196
2905,537.1,3.97601890563965
2906,537.3,3.61858749389648
2907,537.4,1.8367006778717
2908,537.7,1.11358046531677
2909,537.9,1.6228039264679
2910,538.1,1.76572382450104
2911,538.2,1.68684113025665
2912,538.4,1.15310966968536
2913,538.6,0.544975399971008
2914,538.8,1.24464166164398
2915,539.0,1.29418480396271
2916,539.1,0.750087857246399
2917,539.2,1.30841529369354
2918,539.4,1.10172176361084
2919,539.7,0.766163051128387
2920,539.9,1.07730150222778
2921,540.1,1.10066759586334
2922,540.2,0.615073800086975
2923,540.4,0.929374575614929
2924,540.5,0.910400569438934
2925,540.7,0.410839766263962
2926,540.8,0.886419534683228
2927,541.0,0.409785658121109
2928,541.2,1.01818346977234
2929,541.4,0.879919171333313
2930,541.6,0.715653538703918
2931,541.7,0.360769510269165
2932,541.9,0.845836281776428
2933,542.0,1.07800424098969
2934,542.3,0.752371728420258
2935,542.5,0.798313438892365
2936,542.6,0.808766663074493
2937,542.9,0.811314105987549
2938,543.1,0.748945891857147
2939,543.2,1.01326417922974
2940,543.5,0.73278284072876
2941,543.6,0.433503150939941
2942,543.8,0.724525630474091
2943,544.0,0.777494728565216
2944,544.2,0.848647236824036
2945,544.3,0.378074496984482
2946,544.5,0.920765995979309
2947,544.7,1.02380537986755
2948,544.8,0.937543928623199
2949,545.0,0.463721007108688
2950,545.2,1.03663039207458
2951,545.4,0.82888263463974
2952,545.5,0.248682364821434
2953,545.7,0.860242426395416
2954,545.9,0.788562893867493
2955,546.1,0.814476430416107
2956,546.3,0.788650751113892
2957,546.5,0.883696436882019
2958,546.7,0.921293020248413
2959,546.9,1.35927617549896
2960,547.1,1.34241044521332
2961,547.3,1.57598388195038
2962,547.4,1.09566056728363
2963,547.6,0.920151114463806
2964,547.8,0.334065347909927
2965,548.0,1.01449406147003
2966,548.1,1.14283204078674
2967,548.4,1.02178502082825
2968,548.5,0.407326072454453
2969,548.7,1.6263176202774
2970,548.8,1.88018274307251
2971,549.0,12.4689912796021
2972,549.2,24.9348201751709
2973,549.3,18.667163848877
2974,549.5,2.52248764038086
2975,549.7,1.9599437713623
2976,549.9,4.43429374694824
#"+ Scan (rt: 5.001-55.028 min, 8146 scans) BARLEYSTRAW_350_231106.D "
#Point,X(Thompsons),Y(Counts)
0,10.2,4.13920927047729
1,10.4,4.29990196228027
2,10.5,2.12386441230774
3,10.7,4.35710763931274
4,10.9,4.04100179672241
5,11.1,4.13835000991821
6,11.3,4.89675903320313
7,11.5,4.68954086303711
8,11.6,1.94807267189026
9,11.8,4.95384216308594
10,12.0,24.2274742126465
11,12.2,50.7887306213379
12,12.3,15.7498159408569
13,12.5,2.95703411102295
14,12.7,4.86975193023682
15,12.9,10.8637371063232
16,13.1,19.7251415252686
17,13.2,9.24674701690674
18,13.4,0.0381782464683056
19,14.2,8887.1865234375
20,15.0,37.3949165344238
21,15.2,225.280014038086
22,15.3,37.2151985168457
23,15.5,0.062116377055645
24,16.2,3796.17236328125
25,17.2,6514.20458984375
26,18.2,27408.63671875
27,19.0,18.8928298950195
28,19.2,40.6497650146484
29,19.3,10.7624597549438
30,19.4,4.84163999557495
31,19.6,0.323717147111893
32,19.8,0.267861515283585
33,20.0,85.628532409668
34,20.1,385.855621337891
35,20.3,10.7591457366943
36,20.7,0.77363121509552
37,20.9,2.87736320495605
38,21.1,3.38718390464783
39,21.3,3.70918250083923
40,21.4,1.73987233638763
41,21.6,3.76589727401733
42,21.7,2.1190767288208
43,21.9,7.71924877166748
44,22.0,6.34618234634399
45,22.2,12.7327518463135
46,22.3,6.91517305374146
47,22.5,3.3715934753418
48,22.8,3.3467960357666
49,23.0,3.89712738990784
50,23.1,3.28271555900574
51,23.4,3.79290437698364
52,23.6,3.40915775299072
53,23.8,4.64829349517822
54,24.0,7.87085676193237
55,24.2,9.62128639221191
56,24.3,6.11551666259766
57,24.5,2.01669526100159
58,24.7,3.74883389472961
59,24.9,11.6835260391235
60,25.1,27.148416519165
61,25.2,24.5373191833496
62,25.4,6.98809242248535
63,25.7,2.37674927711487
64,25.8,2.03854656219482
65,26.0,49.5153465270996
66,26.2,215.967346191406
67,26.3,38.2124977111816
68,26.4,12.3734350204468
69,26.6,0.723913550376892
70,26.8,0.149889513850212
71,27.1,0.446845084428787
72,28.1,343388
73,29.0,11.269211769104
74,29.1,3187.6357421875
75,29.9,11.6600790023804
76,30.1,120.510437011719
77,30.2,69.3186874389648
78,30.4,6.13393068313599
79,30.7,3.10937881469727
80,30.9,6.73692607879639
81,31.0,9.20328998565674
82,32.1,75120.703125
83,33.0,28.8454456329346
84,33.1,47.1286506652832
85,33.3,13.0084705352783
86,33.5,1.01902770996094
87,33.7,0.823717176914215
88,33.9,18.1444873809814
89,34.1,276.175170898438
90,34.2,83.848762512207
91,34.5,0.655659198760986
92,34.7,1.13479006290436
93,34.9,12.0575742721558
94,35.1,23.5202560424805
95,35.2,9.230788230896
96,35.3,6.42217016220093
97,35.5,0.941075384616852
98,35.8,3.96194458007813
99,35.9,24.3729438781738
100,36.1,196.077087402344
101,36.2,49.9887046813965
102,36.4,0.835624873638153
103,36.5,1.05806529521942
104,36.7,1.38595628738403
105,36.9,16.0677623748779
106,37.1,81.1446075439453
107,37.2,45.098575592041
108,37.4,4.98084926605225
109,37.7,1.96194446086884
110,37.8,3.06481719017029
111,38.0,89.4490585327148
112,38.1,220.235580444336
113,38.3,17.005033493042
114,38.5,1.12619686126709
115,38.8,1.2803829908371
116,39.0,58.2267379760742
117,39.1,864.980834960938
118,39.3,14.3553895950317
119,40.1,11546.84375
120,40.8,0.241468206048012
121,41.0,61.6029968261719
122,41.1,733.389770507813
123,41.3,18.3714714050293
124,41.5,0.292658984661102
125,41.8,1.65750062465668
126,42.0,84.0023345947266
127,42.1,398.398834228516
128,42.3,19.9957027435303
129,42.5,0.705622375011444
130,42.8,0.793763816356659
131,43.0,78.8070220947266
132,43.1,1042.0634765625
133,43.3,20.1932239532471
134,44.0,187.664627075195
135,44.1,6118.3427734375
136,44.9,21.8695068359375
137,45.1,343.241333007813
138,45.2,96.2495727539063
139,45.4,1.00969803333282
140,45.6,1.06874537467957
141,45.8,7.76700210571289
142,46.0,40.9287986755371
143,46.1,50.618709564209
144,46.3,12.5766019821167
145,46.6,2.54087901115417
146,46.8,9.53289985656738
147,47.0,63.4519996643066
148,47.1,77.5916976928711
149,47.3,11.6436290740967
150,47.5,0.95629757642746
151,47.7,3.3328013420105
152,47.9,25.9402160644531
153,48.1,75.2453994750977
154,48.2,23.1675662994385
155,48.4,1.629634141922
156,48.6,1.66695308685303
157,48.8,6.91946983337402
158,49.0,31.9095268249512
159,49.1,41.1681823730469
160,49.3,10.5162038803101
161,49.5,1.49337100982666
162,49.8,4.19175052642822
163,50.0,103.745147705078
164,50.1,306.673583984375
165,50.3,13.0405111312866
166,50.5,0.898477792739868
167,50.7,0.839675903320313
168,50.9,17.4680824279785
169,51.1,450.434204101563
170,51.2,180.61735534668
171,51.4,1.87048852443695
172,51.6,0.215565919876099
173,51.8,5.14939832687378
174,52.0,82.1171112060547
175,52.1,205.137619018555
176,52.3,21.5687446594238
177,52.5,1.64792537689209
178,52.8,3.65921926498413
179,53.0,83.7106552124023
180,53.1,363.537322998047
181,53.3,18.1959247589111
182,53.5,1.28836238384247
183,53.8,4.38178253173828
184,54.0,72.9053497314453
185,54.1,192.23779296875
186,54.3,21.7886085510254
187,54.5,1.44807267189026
188,54.8,1.87539899349213
189,55.0,89.2144622802734
190,55.1,609.452758789063
191,55.3,19.2733860015869
192,55.6,0.463417619466782
193,55.8,2.72550940513611
194,56.0,63.5596618652344
195,56.1,264.23876953125
196,56.3,26.8125457763672
197,56.5,1.53731894493103
198,56.8,2.66167449951172
199,57.0,60.2872581481934
200,57.2,363.125946044922
201,57.3,52.3752746582031
202,57.6,8.07488346099854
203,57.8,15.3316965103149
204,58.0,58.9923896789551
205,58.1,49.8615264892578
206,58.2,55.9566650390625
207,58.4,7.43825197219849
208,58.7,4.2204761505127
209,58.9,22.5293388366699
210,59.1,77.7910614013672
211,59.2,47.2763328552246
212,59.4,5.158851146698
213,59.6,1.21237421035767
214,59.8,6.72244024276733
215,60.0,92.0696029663086
216,60.1,179.175170898438
217,60.3,13.600417137146
218,60.6,1.87245273590088
219,60.8,6.88730669021606
220,61.0,52.0669021606445
221,61.1,70.8574752807617
222,61.3,12.0439481735229
223,61.5,0.972870111465454
224,61.7,2.6200590133667
225,61.9,24.2461338043213
226,62.0,52.5277442932129
227,62.1,121.504417419434
228,62.3,13.9550695419312
229,62.6,1.62116372585297
230,62.7,1.1395777463913
231,62.9,22.9824447631836
232,63.1,325.112945556641
233,63.2,116.642524719238
234,63.4,3.68192982673645
235,63.7,2.8904983997345
236,63.9,47.4426727294922
237,64.1,267.869018554688
238,64.2,72.6527099609375
239,64.4,3.29290437698364
240,64.7,1.77645468711853
241,64.9,17.1147804260254
242,65.1,422.366058349609
243,65.2,170.287261962891
244,65.4,3.28738021850586
245,65.6,1.15639579296112
246,65.8,7.48907423019409
247,66.0,83.9272003173828
248,66.1,344.189666748047
249,66.3,18.3157386779785
250,66.5,1.35195183753967
251,66.8,3.86999750137329
252,67.0,84.0893707275391
253,67.1,410.578063964844
254,67.3,22.8853416442871
255,67.5,0.832064807415009
256,67.7,1.75828623771667
257,67.9,20.8304691314697
258,68.1,181.127670288086
259,68.2,98.3681564331055
260,68.4,4.40289735794067
261,68.6,0.579793751239777
262,68.8,3.38644742965698
263,69.0,90.1063079833984
264,69.1,312.335876464844
265,69.3,36.0589256286621
266,69.6,4.67198610305786
267,69.8,9.55266380310059
268,70.0,64.7751007080078
269,70.2,188.116500854492
270,70.3,27.7908172607422
271,70.4,10.7433099746704
272,70.6,2.14313769340515
273,70.8,7.91652345657349
274,71.0,59.8617744445801
275,71.2,187.995086669922
276,71.3,31.6540641784668
277,71.5,3.4317455291748
278,71.8,7.33660697937012
279,72.0,37.466609954834
280,72.2,49.6302490234375
281,72.3,15.5880184173584
282,72.5,2.27485871315002
283,72.7,0.836115896701813
284,72.9,20.7299289703369
285,73.1,422.119445800781
286,73.2,160.768478393555
287,73.4,1.29597353935242
288,73.5,0.964522480964661
289,73.8,5.69371461868286
290,74.0,102.041000366211
291,74.1,173.025161743164
292,74.3,14.747483253479
293,74.5,1.40424752235413
294,74.7,0.943285048007965
295,74.9,31.4177513122559
296,75.1,196.2177734375
297,75.2,79.8879241943359
298,75.4,2.76049590110779
299,75.5,1.97544813156128
300,75.8,8.76577472686768
301,76.0,101.330345153809
302,76.1,176.658233642578
303,76.3,22.9388656616211
304,76.5,1.13540387153625
305,76.7,1.51362633705139
306,76.8,1.9540878534317
307,77.0,147.271545410156
308,77.1,1017.95050048828
309,77.3,9.94831848144531
310,77.5,0.206849992275238
311,77.7,0.926221430301666
312,77.9,21.4576473236084
313,78.1,417.336608886719
314,78.2,180.547256469727
315,78.4,2.04124712944031
316,78.7,0.229314997792244
317,78.8,1.16548001766205
318,79.0,194.189056396484
319,79.1,845.021728515625
320,79.3,6.45212364196777
321,79.5,0.0364596135914326
322,79.7,0.865578174591064
323,79.9,26.0859317779541
324,80.0,60.696907043457
325,80.1,191.024795532227
326,80.3,22.2794017791748
327,80.5,1.17247724533081
328,80.8,3.15271306037903
329,81.0,181.299041748047
330,81.1,448.593658447266
331,81.3,16.8056716918945
332,81.6,1.53928303718567
333,81.8,9.9980354309082
334,82.0,94.3358688354492
335,82.1,212.069732666016
336,82.3,39.4108772277832
337,82.6,8.52528858184814
338,82.8,16.0697269439697
339,82.9,28.3434810638428
340,83.1,172.578689575195
341,83.2,108.192977905273
342,83.4,6.58740472793579
343,83.7,3.47532534599304
344,83.9,23.240608215332
345,84.1,115.99951171875
346,84.2,70.4835510253906
347,84.4,2.99189782142639
348,84.5,0.798183143138885
349,84.8,2.72096729278564
350,85.0,449.112579345703
351,85.1,511.955322265625
352,85.3,0.684876024723053
353,85.6,0.260618716478348
354,85.8,9.59071922302246
355,86.0,66.4059677124023
356,86.1,76.9005661010742
357,86.3,13.6527128219604
358,86.6,2.48244547843933
359,86.8,12.1516084671021
360,87.0,74.6135559082031
361,87.1,51.0040512084961
362,87.2,46.8164749145508
363,87.4,3.10986995697021
364,87.6,3.68352556228638
365,87.8,11.1113433837891
366,88.0,38.0578193664551
367,88.1,41.6609382629395
368,88.3,13.1495208740234
369,88.6,3.10029458999634
370,88.8,9.51559066772461
371,89.0,114.410263061523
372,89.1,223.927200317383
373,89.3,21.1518535614014
374,89.5,1.81770193576813
375,89.7,4.39209413528442
376,89.9,23.9777812957764
377,90.1,133.664245605469
378,90.2,63.0057678222656
379,90.4,3.92290687561035
380,90.6,0.668180704116821
381,90.8,2.88914799690247
382,91.0,122.737045288086
383,91.1,1253.65783691406
384,91.3,14.0531549453735
385,91.5,0.590842127799988
386,91.8,4.98453235626221
387,92.0,79.044807434082
388,92.1,217.192855834961
389,92.3,24.1468200683594
390,92.5,1.8163515329361
391,92.7,1.57169163227081
392,92.9,21.6361408233643
393,93.1,163.874908447266
394,93.2,101.791427612305
395,93.4,5.92548513412476
396,93.6,1.60974717140198
397,93.8,7.15074872970581
398,94.0,104.606185913086
399,94.1,941.443786621094
400,94.3,19.8573532104492
401,94.4,10.6660938262939
402,94.7,7.53768730163574
403,94.8,7.74036359786987
404,95.0,103.858947753906
405,95.1,313.462677001953
406,95.3,24.8987236022949
407,95.5,2.32175302505493
408,95.7,1.90989446640015
409,95.9,34.2358207702637
410,96.1,469.780151367188
411,96.2,155.689910888672
412,96.4,6.32862758636475
413,96.6,1.57439231872559
414,96.8,15.1821756362915
415,97.0,82.3919677734375
416,97.2,157.793640136719
417,97.3,24.7036590576172
418,97.4,8.49459838867188
419,97.7,4.65344953536987
420,97.9,28.026762008667
421,98.1,99.6888046264648
422,98.2,65.8912353515625
423,98.4,4.56899070739746
424,98.5,2.76577472686768
425,98.8,7.69445133209229
426,99.0,38.78271484375
427,99.2,57.2766990661621
428,99.3,13.5928058624268
429,99.4,5.52983045578003
430,99.6,1.20832312107086
431,99.8,7.70697259902954
432,100.0,26.5864219665527
433,100.1,29.3183155059814
434,100.3,11.4616985321045
435,100.5,2.84090352058411
436,100.7,2.81721091270447
437,100.9,21.933464050293
438,101.1,48.8094787597656
439,101.2,20.1625328063965
440,101.3,14.8711023330688
441,101.6,3.72624611854553
442,101.8,11.334888458252
443,102.0,81.5557327270508
444,102.1,117.294502258301
445,102.3,17.1033630371094
446,102.6,2.84090352058411
447,102.7,1.78394305706024
448,102.9,29.2359447479248
449,103.0,98.5599060058594
450,103.1,364.348876953125
451,103.3,14.4688186645508
452,103.4,3.64019155502319
453,103.7,2.81684255599976
454,103.8,6.13343954086304
455,104.0,105.013626098633
456,104.1,189.283935546875
457,104.2,108.130737304688
458,104.4,3.91124486923218
459,104.6,0.530444383621216
460,104.8,5.11625337600708
461,105.0,122.398719787598
462,105.1,694.362731933594
463,105.3,16.3886566162109
464,105.5,1.66891729831696
465,105.8,6.5455436706543
466,106.0,69.2728958129883
467,106.1,335.158355712891
468,106.3,21.4754486083984
469,106.6,3.69899344444275
470,106.8,7.45678853988647
471,107.0,88.8130340576172
472,107.1,1235.2666015625
473,107.3,20.9721336364746
474,107.5,3.23533010482788
475,107.8,7.14559316635132
476,108.0,76.3386917114258
477,108.1,779.269104003906
478,108.3,20.2156887054443
479,108.5,2.31156396865845
480,108.8,5.9819540977478
481,109.0,72.9489288330078
482,109.1,123.850845336914
483,109.2,95.9197158813477
484,109.4,4.32396268844604
485,109.6,2.6125705242157
486,109.8,7.55168199539185
487,109.9,17.5132579803467
488,110.1,151.644973754883
489,110.2,90.0682525634766
490,110.4,4.8064079284668
491,110.6,1.31819295883179
492,110.8,7.78958988189697
493,111.0,41.0619926452637
494,111.2,73.6586074829102
495,111.3,22.3434810638428
496,111.5,3.31438732147217
497,111.8,7.79302740097046
498,111.9,13.0165729522705
499,112.1,54.8374671936035
500,112.2,39.1818084716797
501,112.4,6.63319396972656
502,112.7,4.25975942611694
503,112.9,21.3319416046143
504,113.1,61.1201820373535
505,113.2,23.4807262420654
506,113.3,15.5796709060669
507,113.6,3.40559792518616
508,113.8,8.01325798034668
509,114.0,27.2974472045898
510,114.1,32.9259757995605
511,114.3,8.35182952880859
512,114.4,3.44033885002136
513,114.7,1.99447584152222
514,114.9,25.9114894866943
515,115.1,588.804931640625
516,115.2,180.90412902832
517,115.4,2.2704393863678
518,115.7,2.00368285179138
519,115.9,23.6092567443848
520,116.1,189.280746459961
521,116.2,75.8496170043945
522,116.4,4.13761377334595
523,116.6,0.722808718681335
524,116.8,6.20746374130249
525,117.0,88.6609344482422
526,117.1,351.176391601563
527,117.3,20.0322856903076
528,117.5,1.96022582054138
529,117.8,6.49152946472168
530,118.0,65.957649230957
531,118.1,110.623374938965
532,118.2,88.0058898925781
533,118.4,4.92217016220093
534,118.6,0.985882639884949
535,118.8,6.96231269836426
536,119.0,108.907806396484
537,119.1,185.370986938477
538,119.2,133.046768188477
539,119.4,4.01853656768799
540,119.7,3.07267379760742
541,119.9,23.3002700805664
542,120.1,162.569229125977
543,120.2,129.061508178711
544,120.4,3.30247974395752
545,120.6,1.80591702461243
546,120.8,7.51411724090576
547,120.9,18.5529098510742
548,121.1,365.064575195313
549,121.2,159.529098510742
550,121.4,3.00601530075073
551,121.6,1.93628776073456
552,121.8,7.02958488464355
553,122.0,74.0386657714844
554,122.1,500.092803955078
555,122.3,18.6548004150391
556,122.5,2.05696058273315
557,122.8,6.28455686569214
558,122.9,16.6350364685059
559,123.1,110.329856872559
560,123.2,68.5932998657227
561,123.4,3.66965389251709
562,123.6,2.36373686790466
563,123.7,1.53817820549011
564,123.9,20.3367290496826
565,124.1,97.7452774047852
566,124.2,57.6544303894043
567,124.4,4.21777582168579
568,124.6,2.25521731376648
569,124.8,8.54161548614502
570,125.0,34.0644493103027
571,125.2,46.5424766540527
572,125.3,16.5052795410156
573,125.5,2.19175052642822
574,125.7,4.74736070632935
575,125.9,24.0314273834229
576,126.1,68.958137512207
577,126.2,44.5696029663086
578,126.4,4.10741472244263
579,126.6,3.42965865135193
580,126.7,2.77387666702271
581,126.9,25.4445133209229
582,127.0,49.7387657165527
583,127.1,139.0009765625
584,127.3,14.7164249420166
585,127.4,3.90743923187256
586,127.7,2.42671251296997
587,127.9,21.2380313873291
588,128.1,327.205627441406
589,128.2,136.821014404297
590,128.4,3.48551440238953
591,128.7,2.64264678955078
592,128.9,24.1840171813965
593,129.0,65.9150466918945
594,129.1,343.890014648438
595,129.3,18.3912353515625
596,129.6,1.57930266857147
597,129.8,6.03204011917114
598,130.0,57.5812683105469
599,130.1,183.687454223633
600,130.3,15.1621656417847
601,130.4,4.48453235626221
602,130.6,0.794254839420319
603,130.8,6.42474842071533
604,131.0,101.52074432373
605,131.1,418.992156982422
606,131.3,13.4761848449707
607,131.4,3.08065319061279
608,131.6,0.874171376228333
609,131.8,7.53449535369873
610,132.0,81.3219985961914
611,132.1,242.87809753418
612,132.3,17.446231842041
613,132.5,1.79572796821594
614,132.8,7.70108032226563
615,133.0,169.354782104492
616,133.1,341.416412353516
617,133.3,17.3954086303711
618,133.5,2.29241347312927
619,133.8,9.1284065246582
620,134.0,79.4051055908203
621,134.1,173.881164550781
622,134.3,21.1300029754639
623,134.5,1.30567145347595
624,134.7,2.51203036308289
625,134.9,29.1643753051758
626,135.1,167.149398803711
627,135.2,79.3617706298828
628,135.3,24.0664138793945
629,135.6,1.91271793842316
630,135.8,6.39577722549438
631,136.0,47.0106811523438
632,136.2,167.636260986328
633,136.3,19.5867919921875
634,136.5,2.62460112571716
635,136.8,10.5451755523682
636,137.0,72.4222946166992
637,137.1,58.6061859130859
638,137.2,57.4414443969727
639,137.4,4.78811693191528
640,137.7,3.15713238716125
641,137.9,16.8545303344727
642,138.1,59.6140441894531
643,138.2,41.3206481933594
644,138.4,4.74146842956543
645,138.7,2.88693833351135
646,138.9,30.8490047454834
647,139.1,136.668670654297
648,139.2,65.480110168457
649,139.4,3.34949660301208
650,139.7,2.80346179008484
651,139.9,17.2851715087891
652,140.1,43.607292175293
653,140.2,17.9826908111572
654,140.3,12.1493988037109
655,140.6,2.10692358016968
656,140.8,6.22464990615845
657,141.0,69.4321136474609
658,141.1,286.028472900391
659,141.3,18.7283325195313
660,141.5,0.973361134529114
661,141.7,2.96820521354675
662,141.9,17.3668060302734
663,142.1,135.732879638672
664,142.2,83.3575973510742
665,142.4,4.6277928352356
666,142.7,2.61514854431152
667,142.9,16.2073402404785
668,143.1,111.650131225586
669,143.2,72.9280624389648
670,143.4,4.21544313430786
671,143.7,2.13503551483154
672,143.9,18.465259552002
673,144.1,144.428436279297
674,144.2,86.044319152832
675,144.4,3.76245999336243
676,144.6,0.64203292131424
677,144.8,6.22059917449951
678,144.9,13.2835750579834
679,145.1,324.845581054688
680,145.2,138.032653808594
681,145.4,2.7655291557312
682,145.6,1.71654796600342
683,145.7,1.716179728508
684,145.9,16.6906452178955
685,146.1,218.436172485352
686,146.2,117.628158569336
687,146.4,2.31352806091309
688,146.6,2.28026032447815
689,146.8,9.36913776397705
690,147.0,137.928314208984
691,147.1,250.397369384766
692,147.3,19.6972751617432
693,147.6,1.59857594966888
694,147.8,8.4129638671875
695,148.0,65.4716415405273
696,148.1,152.088516235352
697,148.3,17.9990177154541
698,148.6,2.10127663612366
699,148.8,9.67603778839111
700,149.0,62.653205871582
701,149.1,90.9138259887695
702,149.3,13.8567390441895
703,149.4,4.43334150314331
704,149.7,3.2438006401062
705,149.9,20.7127418518066
706,150.1,74.6144104003906
707,150.2,35.4355506896973
708,150.3,18.4463539123535
709,150.5,1.31880676746368
710,150.7,3.61355257034302
711,150.9,23.7945003509521
712,151.1,81.476921081543
713,151.2,48.0492248535156
714,151.4,4.33181953430176
715,151.6,0.71740734577179
716,151.8,6.31045913696289
717,152.0,76.2990417480469
718,152.1,106.805061340332
719,152.2,81.2883605957031
720,152.4,4.11367559432983
721,152.7,2.75669050216675
722,152.9,25.8242073059082
723,153.1,136.405838012695
724,153.2,62.1039772033691
725,153.3,15.3626317977905
726,153.6,1.57402408123016
727,153.8,6.21261978149414
728,154.0,46.7738761901855
729,154.1,111.125953674316
730,154.3,18.1318435668945
731,154.5,1.53805553913116
732,154.7,3.97593903541565
733,154.8,6.99054765701294
734,155.0,63.4398460388184
735,155.1,159.619812011719
736,155.3,16.530445098877
737,155.6,2.19604706764221
738,155.8,6.29941082000732
739,156.0,33.0354766845703
740,156.2,135.220230102539
741,156.3,14.6184635162354
742,156.6,2.34151721000671
743,156.7,1.55917012691498
744,156.9,16.4955806732178
745,157.1,117.729560852051
746,157.2,55.2819786071777
747,157.3,18.5316715240479
748,157.6,1.68438494205475
749,157.8,5.37969541549683
750,158.0,46.5729179382324
751,158.2,156.730422973633
752,158.3,16.4206981658936
753,158.5,1.1749324798584
754,158.7,3.87306642532349
755,158.9,25.4351825714111
756,159.1,183.482940673828
757,159.2,85.6216583251953
758,159.3,16.5364589691162
759,159.6,1.47814881801605
760,159.8,5.59968090057373
761,160.0,50.4594879150391
762,160.1,181.380187988281
763,160.3,19.599925994873
764,160.6,1.87895894050598
765,160.8,9.86385917663574
766,161.0,78.4524917602539
767,161.1,137.517303466797
768,161.3,13.1931009292603
769,161.6,1.85416150093079
770,161.8,7.63773632049561
771,161.9,15.2004661560059
772,162.1,97.3836212158203
773,162.2,46.3820266723633
774,162.3,14.7155656814575
775,162.6,3.30665349960327
776,162.8,16.4922657012939
777,163.0,111.436531066895
778,163.1,100.47728729248
779,163.3,11.0437021255493
780,163.4,3.6466977596283
781,163.6,1.26319670677185
782,163.8,10.4592437744141
783,163.9,15.6012763977051
784,164.1,56.2202301025391
785,164.2,35.2797698974609
786,164.4,4.52786636352539
787,164.7,3.07635641098022
788,164.9,29.3294868469238
789,165.1,224.942794799805
790,165.2,98.4977874755859
791,165.4,2.49582624435425
792,165.6,1.2903265953064
793,165.8,6.75067520141602
794,166.0,40.9135780334473
795,166.1,95.1522216796875
796,166.3,16.4709053039551
797,166.5,1.40535235404968
798,166.7,2.78320646286011
799,166.9,15.1782474517822
800,167.1,73.4497909545898
801,167.2,45.8571090698242
802,167.4,3.13810467720032
803,167.6,1.62877488136292
804,167.8,4.94500350952148
805,168.0,34.9950904846191
806,168.2,74.2732620239258
807,168.3,14.8116865158081
808,168.6,2.56935930252075
809,168.8,5.8234715461731
810,169.0,35.0408782958984
811,169.2,77.3037109375
812,169.3,12.493616104126
813,169.4,4.33169651031494
814,169.7,2.48023581504822
815,169.8,3.13957762718201
816,170.0,29.4596118927002
817,170.2,91.8177032470703
818,170.3,11.03977394104
819,170.4,4.92131090164185
820,170.7,2.49386191368103
821,170.9,13.5958757400513
822,171.1,69.9448776245117
823,171.2,49.9028968811035
824,171.4,2.95789337158203
825,171.5,2.15381789207458
826,171.8,5.06444883346558
827,171.9,9.75239372253418
828,172.1,80.110481262207
829,172.2,56.7078323364258
830,172.4,3.18463039398193
831,172.5,2.18904995918274
832,172.8,4.45924377441406
833,173.0,34.847900390625
834,173.1,40.6209182739258
835,173.2,49.7127418518066
836,173.4,3.86999750137329
837,173.7,2.32052540779114
838,173.9,13.1926097869873
839,174.1,82.3119354248047
840,174.2,45.7990417480469
841,174.3,16.0111713409424
842,174.6,2.11649894714355
843,174.8,6.60017204284668
844,175.0,34.9192237854004
845,175.1,35.7676162719727
846,175.2,40.0964889526367
847,175.4,4.60176753997803
848,175.7,3.06764054298401
849,175.9,24.1399459838867
850,176.1,88.9189758300781
851,176.2,51.838695526123
852,176.4,2.83120560646057
853,176.6,1.98747849464417
854,176.8,9.64620685577393
855,177.0,103.15062713623
856,177.1,62.128776550293
857,177.2,29.2943782806396
858,177.4,2.93469190597534
859,177.6,1.8650871515274
860,177.8,7.47508001327515
861,178.0,58.182788848877
862,178.1,65.0014724731445
863,178.2,63.501350402832
864,178.4,4.35256576538086
865,178.6,0.989933729171753
866,178.8,8.95998001098633
867,179.0,58.6755447387695
868,179.1,125.357719421387
869,179.3,15.9402160644531
870,179.5,0.914682030677795
871,179.7,2.93702435493469
872,179.8,4.30775833129883
873,180.0,33.6853675842285
874,180.1,47.9286766052246
875,180.2,55.8374671936035
876,180.4,4.37859058380127
877,180.7,2.75079798698425
878,180.9,17.9432849884033
879,181.0,36.9957046508789
880,181.1,120.398971557617
881,181.3,13.4937391281128
882,181.5,0.742695808410645
883,181.7,1.86815619468689
884,181.9,13.1940832138062
885,182.0,28.7178974151611
886,182.2,100.075622558594
887,182.3,15.0155906677246
888,182.5,1.06825435161591
889,182.7,2.34188556671143
890,182.8,3.0735330581665
891,183.0,30.0394058227539
892,183.2,54.8621406555176
893,183.3,10.7840662002563
894,183.4,3.74723792076111
895,183.6,1.03523206710815
896,183.8,4.88423776626587
897,184.0,28.0154685974121
898,184.2,63.3525657653809
899,184.3,15.6703901290894
900,184.6,2.48698759078979
901,184.8,5.65811443328857
902,185.0,28.6006622314453
903,185.1,26.8356246948242
904,185.2,37.6228828430176
905,185.4,2.97422051429749
906,185.5,1.94844090938568
907,185.8,4.38399219512939
908,185.9,8.18917274475098
909,186.1,50.4736061096191
910,186.2,26.3458137512207
911,186.3,14.5721826553345
912,186.6,2.28185606002808
913,186.8,5.39651346206665
914,187.0,27.324821472168
915,187.1,41.2892227172852
916,187.3,12.7823467254639
917,187.5,2.10164499282837
918,187.8,4.62165498733521
919,188.0,25.4823226928711
920,188.2,47.2603721618652
921,188.3,14.5270071029663
922,188.6,2.09035110473633
923,188.8,7.48158597946167
924,189.0,46.7922897338867
925,189.1,76.9048614501953
926,189.3,13.2715444564819
927,189.4,4.09415674209595
928,189.7,2.83145093917847
929,189.9,15.4971761703491
930,190.0,19.4558067321777
931,190.2,46.3493728637695
932,190.3,13.9407072067261
933,190.6,2.20513129234314
934,190.7,2.49545788764954
935,190.9,32.9523696899414
936,191.1,399.927947998047
937,191.2,49.9981575012207
938,191.4,3.33304691314697
939,191.7,2.55290937423706
940,191.9,21.8023567199707
941,192.0,48.9704132080078
942,192.1,93.1821746826172
943,192.3,10.276086807251
944,192.4,4.36840152740479
945,192.6,1.23778545856476
946,192.8,12.6594648361206
947,193.0,153.859802246094
948,193.1,146.517059326172
949,193.2,63.2386436462402
950,193.4,3.12312793731689
951,193.7,2.71532034873962
952,193.9,24.3520755767822
953,194.1,86.8860778808594
954,194.2,60.215934753418
955,194.4,4.18254375457764
956,194.7,3.57868885993958
957,194.9,22.5482444763184
958,195.1,94.4330978393555
959,195.2,60.4281845092773
960,195.4,3.08556342124939
961,195.6,1.8014976978302
962,195.7,1.05106806755066
963,195.9,12.588264465332
964,196.1,74.0650634765625
965,196.2,54.6446113586426
966,196.4,4.36643743515015
967,196.6,1.05745148658752
968,196.8,6.56064319610596
969,197.0,31.9491767883301
970,197.2,107.926956176758
971,197.3,14.033881187439
972,197.5,1.82298064231873
973,197.8,4.52725267410278
974,198.0,26.9607162475586
975,198.2,56.7235450744629
976,198.3,11.6238641738892
977,198.4,4.0548734664917
978,198.7,2.37134790420532
979,198.9,10.7558307647705
980,199.1,31.6441192626953
981,199.2,24.6333160400391
982,199.4,3.77633190155029
983,199.7,2.80493497848511
984,199.9,12.9221706390381
985,200.1,38.6485404968262
986,200.2,28.9560527801514
987,200.4,4.16241121292114
988,200.6,1.10287261009216
989,200.8,5.08335399627686
990,201.0,17.8970050811768
991,201.1,12.4781484603882
992,201.2,19.1396999359131
993,201.4,3.49594902992249
994,201.6,0.838571071624756
995,201.8,4.67345952987671
996,202.0,31.3383255004883
997,202.2,53.7812423706055
998,202.3,14.3528108596802
999,202.6,2.65737795829773
1000,202.8,6.30112934112549
1001,203.0,28.9939842224121
1002,203.1,38.4786415100098
1003,203.3,12.123987197876
1004,203.6,2.06052041053772
1005,203.8,4.70439481735229
1006,204.0,18.3795719146729
1007,204.2,26.3574752807617
1008,204.3,10.1395778656006
1009,204.5,1.21716177463531
1010,204.7,3.45826172828674
1011,204.8,4.40817594528198
1012,205.0,29.9152965545654
1013,205.2,44.9394798278809
1014,205.3,12.5144853591919
1015,205.5,1.98870611190796
1016,205.7,1.70071196556091
1017,205.9,10.1805791854858
1018,206.1,33.3815383911133
1019,206.2,26.571569442749
1020,206.4,2.55106806755066
1021,206.6,0.69469678401947
1022,206.8,6.57206010818481
1023,207.0,202.546524047852
1024,207.1,3834.35791015625
1025,207.3,10.6926097869873
1026,207.5,0.400810211896896
1027,207.7,1.75349867343903
1028,207.9,27.2461338043213
1029,208.1,827.310485839844
1030,208.2,71.2417144775391
1031,208.4,4.02491998672485
1032,208.7,3.25791788101196
1033,208.9,30.2027988433838
1034,209.1,530.990661621094
1035,209.2,63.0621147155762
1036,209.4,2.45236921310425
1037,209.5,1.5158360004425
1038,209.8,5.39270830154419
1039,210.0,52.3262939453125
1040,210.1,106.56371307373
1041,210.3,13.3853425979614
1042,210.4,3.69948434829712
1043,210.7,4.09747123718262
1044,210.9,29.9141902923584
1045,211.1,86.3726959228516
1046,211.2,45.7561988830566
1047,211.4,3.77915549278259
1048,211.7,2.57328748703003
1049,211.9,12.7153205871582
1050,212.1,44.2440452575684
1051,212.2,35.8660697937012
1052,212.4,2.76761603355408
1053,212.6,2.36975193023682
1054,212.7,2.29793763160706
1055,212.9,18.1707592010498
1056,213.0,23.2393817901611
1057,213.2,53.6172370910645
1058,213.3,14.4019145965576
1059,213.6,2.18131589889526
1060,213.7,1.29867422580719
1061,213.9,9.80751323699951
1062,214.1,23.5439472198486
1063,214.2,12.5260248184204
1064,214.3,11.1810703277588
1065,214.5,1.16707587242126
1066,214.7,4.33304691314697
1067,214.9,22.5871601104736
1068,215.1,62.4851455688477
1069,215.2,36.6706352233887
1070,215.4,2.63098454475403
1071,215.5,1.92229318618774
1072,215.8,4.66768980026245
1073,216.0,20.3782215118408
1074,216.2,34.0875282287598
1075,216.3,10.5256567001343
1076,216.6,2.26810693740845
1077,216.8,5.81009101867676
1078,216.9,6.38215065002441
1079,217.1,20.2338562011719
1080,217.2,10.6098699569702
1081,217.3,9.15173053741455
1082,217.6,2.2797691822052
1083,217.8,5.29130840301514
1084,218.0,16.9939842224121
1085,218.2,26.4215564727783
1086,218.3,9.28590679168701
1087,218.5,1.33574759960175
1088,218.7,3.36533260345459
1089,218.9,13.046648979187
1090,219.0,13.5542593002319
1091,219.2,28.4015464782715
1092,219.3,10.2014484405518
1093,219.5,0.8492511510849
1094,219.7,3.45261478424072
1095,219.9,11.8544073104858
1096,220.0,12.8124237060547
1097,220.1,35.0462799072266
1098,220.3,10.264178276062
1099,220.6,1.84348142147064
1100,220.7,1.97937643527985
1101,220.9,19.1243553161621
1102,221.1,67.0558547973633
1103,221.2,47.2355766296387
1104,221.4,3.85403871536255
1105,221.6,2.25042963027954
1106,221.7,1.59734833240509
1107,221.9,13.3114414215088
1108,222.1,38.4421806335449
1109,222.2,32.327766418457
1110,222.4,4.82862758636475
1111,222.7,4.15209913253784
1112,222.9,16.5351085662842
1113,223.1,35.4548263549805
1114,223.2,16.0335140228271
1115,223.3,12.2288236618042
1116,223.6,2.39651370048523
1117,223.8,5.04505300521851
1118,224.0,19.4857597351074
1119,224.2,32.9015464782715
1120,224.3,13.0808982849121
1121,224.5,1.25632214546204
1122,224.7,3.41738271713257
1123,224.9,16.4845314025879
1124,225.1,35.8177032470703
1125,225.2,24.7588996887207
1126,225.4,4.2314019203186
1127,225.6,0.949791312217712
1128,225.8,4.84446334838867
1129,226.0,18.4010562896729
1130,226.2,27.0634670257568
1131,226.3,9.03916072845459
1132,226.4,4.74551916122437
1133,226.7,2.81586050987244
1134,226.9,8.90645694732666
1135,227.0,9.03989696502686
1136,227.2,20.6885585784912
1137,227.3,9.22158145904541
1138,227.5,1.30468940734863
1139,227.7,2.41136765480042
1140,227.9,8.37552165985107
1141,228.0,8.51387214660645
1142,228.2,20.0778293609619
1143,228.3,10.3043212890625
1144,228.6,1.97937643527985
1145,228.8,4.91910123825073
1146,229.0,15.3367300033569
1147,229.2,21.4783935546875
1148,229.3,8.94389915466309
1149,229.5,2.08728218078613
1150,229.8,3.71789836883545
1151,230.0,15.6307392120361
1152,230.2,26.7164249420166
1153,230.3,10.939356803894
1154,230.5,1.1166216135025
1155,230.7,2.51374912261963
1156,230.9,7.29327297210693
1157,231.1,16.2328758239746
1158,231.2,13.7900810241699
1159,231.4,3.41124486923218
1160,231.7,2.24024057388306
1161,231.9,6.34618234634399
1162,232.1,18.2823467254639
1163,232.2,15.3249444961548
1164,232.4,3.51644968986511
1165,232.7,3.60545063018799
1166,232.9,12.2285785675049
1167,233.1,22.4690647125244
1168,233.2,16.9808502197266
1169,233.4,3.72992873191833
1170,233.6,1.07979381084442
1171,233.8,4.24073171615601
1172,234.0,13.0671491622925
1173,234.2,21.6222686767578
1174,234.3,9.24723815917969
1175,234.6,2.52933955192566
1176,234.8,6.25141191482544
1177,235.0,17.7323837280273
1178,235.1,20.1973972320557
1179,235.3,7.45777082443237
1180,235.5,1.17517805099487
1181,235.7,2.64841651916504
1182,235.8,3.28615260124207
1183,236.0,14.433464050293
1184,236.2,20.6725997924805
1185,236.3,9.33022308349609
1186,236.6,2.29081749916077
1187,236.8,6.1765284538269
1188,237.0,14.74294090271
1189,237.2,17.9210662841797
1190,237.3,5.28750324249268
1191,237.4,3.24490547180176
1192,237.6,1.0853179693222
1193,237.8,3.93346428871155
1194,238.0,10.6694078445435
1195,238.2,15.7850475311279
1196,238.3,8.33869361877441
1197,238.5,1.29339551925659
1198,238.7,2.64718890190125
1199,238.9,7.62521505355835
1200,239.0,6.65492248535156
1201,239.2,14.2549715042114
1202,239.3,7.01509952545166
1203,239.5,2.09599804878235
1204,239.7,1.05781984329224
1205,239.9,5.2277193069458
1206,240.1,10.0736560821533
1207,240.2,9.53289985656738
1208,240.4,3.34274482727051
1209,240.6,0.643383264541626
1210,240.8,3.30886316299438
1211,241.0,7.72010803222656
1212,241.1,4.7598819732666
1213,241.2,7.97986745834351
1214,241.4,3.07144618034363
1215,241.6,0.635035574436188
1216,241.8,2.87478518486023
1217,242.0,7.21519756317139
1218,242.2,11.1480484008789
1219,242.3,6.2515344619751
1220,242.5,1.49521231651306
1221,242.8,2.73373436927795
1222,243.0,7.27387666702271
1223,243.1,5.28836250305176
1224,243.2,7.63073921203613
1225,243.4,2.7419593334198
1226,243.7,1.92843115329742
1227,243.9,5.96624088287354
1228,244.1,12.7370491027832
1229,244.2,11.6818065643311
1230,244.4,2.22268605232239
1231,244.6,1.89651358127594
1232,244.8,2.64866185188293
1233,245.0,8.42106533050537
1234,245.2,10.4129638671875
1235,245.3,3.72992873191833
1236,245.4,3.61490297317505
1237,245.6,0.914682030677795
1238,245.8,3.18303465843201
1239,246.0,9.41443634033203
1240,246.2,14.6679353713989
1241,246.3,7.1076602935791
1242,246.5,1.3998281955719
1243,246.7,2.06935930252075
1244,246.9,5.67247724533081
1245,247.1,10.6269330978394
1246,247.2,4.76970291137695
1247,247.3,5.48882865905762
1248,247.5,0.95629757642746
1249,247.7,2.83132815361023
1250,247.9,7.88841152191162
1251,248.1,14.0105571746826
1252,248.2,11.6444883346558
1253,248.4,3.54947209358215
1254,248.7,4.38080024719238
1255,248.9,19.2843112945557
1256,249.0,48.3702430725098
1257,249.2,9.25546264648438
1258,249.3,6.18941831588745
1259,249.6,2.6473114490509
1260,249.8,8.19592475891113
1261,250.0,22.3407802581787
1262,250.1,21.825927734375
1263,250.3,7.73864459991455
1264,250.5,1.41799652576447
1265,250.7,4.05131340026855
1266,250.9,19.1077823638916
1267,251.1,35.8798179626465
1268,251.2,14.5398969650269
1269,251.4,1.86238646507263
1270,251.6,2.60422301292419
1271,251.8,7.4394793510437
1272,252.0,17.0202560424805
1273,252.1,17.3688926696777
1274,252.3,7.15160799026489
1275,252.5,1.38067758083344
1276,252.7,3.70611333847046
1277,252.9,12.0398969650269
1278,253.1,22.3625087738037
1279,253.2,11.8929538726807
1280,253.4,3.06641292572021
1281,253.7,2.32273507118225
1282,253.8,2.49202060699463
1283,254.0,7.89712762832642
1284,254.1,4.95138740539551
1285,254.2,8.021728515625
1286,254.4,1.96980118751526
1287,254.6,2.26368761062622
1288,254.8,3.93812918663025
1289,255.0,9.17910671234131
1290,255.2,9.9327278137207
1291,255.3,3.04051065444946
1292,255.4,2.60680079460144
1293,255.6,0.960962414741516
1294,255.8,2.78124237060547
1295,255.9,2.68696284294128
1296,256.1,7.58605432510376
1297,256.2,6.84912824630737
1298,256.4,3.00220966339111
1299,256.6,0.960471391677856
1300,256.8,2.97778058052063
1301,257.0,5.7391357421875
1302,257.1,3.26651120185852
1303,257.2,5.4488091468811
1304,257.4,1.67579174041748
1305,257.5,1.64338326454163
1306,257.8,2.63282585144043
1307,258.0,6.16842603683472
1308,258.2,8.00822448730469
1309,258.3,3.28075122833252
1310,258.4,3.02811193466187
1311,258.7,1.98539161682129
1312,258.9,3.82666349411011
1313,259.0,2.76970291137695
1314,259.2,6.29548263549805
1315,259.3,2.72256326675415
1316,259.4,2.43285036087036
1317,259.7,1.81770193576813
1318,259.9,3.87110233306885
1319,260.1,7.90228319168091
1320,260.2,7.68364858627319
1321,260.4,3.30714464187622
1322,260.7,1.81561505794525
1323,260.9,3.61944508552551
1324,261.1,6.03940582275391
1325,261.2,5.6237416267395
1326,261.4,1.3439724445343
1327,261.6,1.80947709083557
1328,261.8,2.31426477432251
1329,262.0,5.28283834457397
1330,262.2,7.2779278755188
1331,262.3,5.17039060592651
1332,262.6,2.13135290145874
1333,262.7,1.20635890960693
1334,262.9,4.30358457565308
1335,263.1,6.14976692199707
1336,263.2,3.0483672618866
1337,263.3,4.08605432510376
1338,263.6,1.92118835449219
1339,263.7,0.745273768901825
1340,263.9,3.65209913253784
1341,264.0,2.70488572120667
1342,264.2,7.11379814147949
1343,264.3,3.18057942390442
1344,264.4,3.12595129013062
1345,264.6,1.02099192142487
1346,264.8,7.59501600265503
1347,265.0,33.4819526672363
1348,265.1,38.1065559387207
1349,265.3,4.55536460876465
1350,265.4,2.67554616928101
1351,265.6,0.760127663612366
1352,265.8,4.3291187286377
1353,266.0,13.0232019424438
1354,266.1,14.5049104690552
1355,266.3,4.66940832138062
1356,266.6,2.76638841629028
1357,266.8,16.6985015869141
1358,267.0,100.767860412598
1359,267.1,91.8637390136719
1360,267.3,7.56592178344727
1361,267.6,2.0263934135437
1362,267.8,9.14657497406006
1363,267.9,12.0702180862427
1364,268.1,35.06494140625
1365,268.2,14.1112203598022
1366,268.4,1.66400682926178
1367,268.6,2.74871110916138
1368,268.7,3.27805066108704
1369,268.9,16.5406341552734
1370,269.1,31.5698509216309
1371,269.2,14.8809232711792
1372,269.4,1.84225392341614
1373,269.6,2.06493973731995
1374,269.8,4.12055015563965
1375,270.0,8.83390617370605
1376,270.2,12.212251663208
1377,270.3,6.41333150863647
1378,270.6,3.40572071075439
1379,270.7,2.92781734466553
1380,270.9,14.3260498046875
1381,271.0,10.0158357620239
1382,271.1,17.8850975036621
1383,271.3,4.09992647171021
1384,271.4,2.67431879043579
1385,271.6,1.09071934223175
1386,271.8,4.02737522125244
1387,272.0,7.16781234741211
1388,272.1,4.04566669464111
1389,272.2,6.85784435272217
1390,272.4,2.88251900672913
1391,272.7,2.98146319389343
1392,272.9,5.28185606002808
1393,273.1,8.0746374130249
1394,273.2,5.790940284729
1395,273.4,2.19359183311462
1396,273.7,1.80702185630798
1397,273.8,1.45764791965485
1398,274.0,4.79855155944824
1399,274.2,5.92364358901978
1400,274.3,4.5890007019043
1401,274.6,2.43898844718933
1402,274.7,1.40044188499451
1403,274.9,4.53793287277222
1404,275.0,2.82862758636475
1405,275.2,5.36631488800049
1406,275.3,3.24183654785156
1407,275.5,1.67701935768127
1408,275.8,2.39553165435791
1409,275.9,1.65062606334686
1410,276.1,4.88607883453369
1411,276.2,4.87208461761475
1412,276.4,1.3014976978302
1413,276.6,2.08077573776245
1414,276.8,2.67063593864441
1415,277.0,4.36152696609497
1416,277.1,2.45433330535889
1417,277.2,4.06297588348389
1418,277.4,1.21261966228485
1419,277.6,1.38558804988861
1420,277.7,0.949300289154053
1421,277.9,2.95801615715027
1422,278.1,3.93481469154358
1423,278.2,3.98379564285278
1424,278.4,2.44475817680359
1425,278.7,1.93886566162109
1426,278.9,3.9841639995575
1427,279.1,5.43518304824829
1428,279.2,4.60790586471558
1429,279.4,2.2050085067749
1430,279.7,1.5859317779541
1431,279.9,3.01509952545166
1432,280.1,4.25681304931641
1433,280.2,1.99914073944092
1434,280.3,2.02442908287048
1435,280.5,0.649398505687714
1436,280.7,3.4469678401947
1437,280.9,43.5989456176758
1438,281.1,804.472595214844
1439,281.2,90.3066558837891
1440,281.4,2.78234720230103
1441,281.7,2.25276207923889
1442,281.8,6.16989946365356
1443,282.0,63.693962097168
1444,282.1,199.33464050293
1445,282.3,12.2784185409546
1446,282.5,2.40645718574524
1447,282.7,2.60139942169189
1448,282.9,22.5400199890137
1449,283.1,139.633804321289
1450,283.2,40.9013023376465
1451,283.4,2.36729693412781
1452,283.6,1.53916037082672
1453,283.8,4.45065069198608
1454,284.0,17.2310333251953
1455,284.1,26.6643753051758
1456,284.3,4.16388416290283
1457,284.4,3.12460112571716
1458,284.7,4.94672250747681
1459,284.9,19.0325317382813
1460,285.0,16.7981834411621
1461,285.1,33.1232490539551
1462,285.3,8.62546062469482
1463,285.5,0.883869409561157
1464,285.7,2.24588751792908
1465,285.9,7.27498149871826
1466,286.1,9.99815845489502
1467,286.2,8.21753025054932
1468,286.4,2.8250675201416
1469,286.7,2.82261228561401
1470,286.9,7.99717664718628
1471,287.0,6.1956787109375
1472,287.2,11.6328258514404
1473,287.3,4.97225618362427
1474,287.5,0.824699223041534
1475,287.7,1.76307392120361
1476,287.9,3.27780508995056
1477,288.0,2.21532034873962
1478,288.2,5.39896869659424
1479,288.3,3.47299289703369
1480,288.6,2.46034860610962
1481,288.8,6.83992147445679
1482,289.0,13.568377494812
1483,289.1,13.1563959121704
1484,289.3,4.68475341796875
1485,289.6,1.53118097782135
1486,289.7,1.07390129566193
1487,289.9,4.31905221939087
1488,290.1,5.31254625320435
1489,290.2,4.79523706436157
1490,290.4,1.27142155170441
1491,290.6,1.79928803443909
1492,290.7,0.986250936985016
1493,290.9,3.43088626861572
1494,291.0,1.9841639995575
1495,291.1,3.94021606445313
1496,291.3,1.56874537467957
1497,291.5,1.77645468711853
1498,291.6,0.77363121509552
1499,291.8,1.86349129676819
1500,292.0,2.52393817901611
1501,292.2,3.05352330207825
1502,292.3,2.26000499725342
1503,292.6,2.57328748703003
1504,292.8,7.87662649154663
1505,293.0,17.8127918243408
1506,293.1,14.2172842025757
1507,293.3,2.02848029136658
1508,293.5,1.84949672222137
1509,293.7,2.08531785011292
1510,293.9,4.54272031784058
1511,294.0,3.09071946144104
1512,294.1,5.16032409667969
1513,294.3,2.64596128463745
1514,294.6,2.32027983665466
1515,294.7,1.72465014457703
1516,294.9,8.95126438140869
1517,295.1,13.5011053085327
1518,295.2,5.76356506347656
1519,295.3,5.46980094909668
1520,295.5,1.62607419490814
1521,295.7,0.879081785678864
1522,295.9,3.72035360336304
1523,296.1,5.72415924072266
1524,296.2,4.812668800354
1525,296.5,2.55929279327393
1526,296.7,3.70341277122498
1527,296.9,7.73753976821899
1528,297.1,9.48084926605225
1529,297.2,3.67689657211304
1530,297.3,3.58654546737671
1531,297.5,0.702676177024841
1532,297.7,1.94635403156281
1533,297.9,3.20169401168823
1534,298.1,4.39013004302979
1535,298.3,3.06592202186584
1536,298.4,1.05008590221405
1537,298.6,1.90179228782654
1538,298.8,4.28062868118286
1539,298.9,4.33672952651978
1540,299.1,11.4049844741821
1541,299.2,8.58973693847656
1542,299.4,2.63503551483154
1543,299.7,1.70451760292053
1544,299.9,3.47422051429749
1545,300.1,5.27645492553711
1546,300.3,4.65516805648804
1547,300.5,1.80321633815765
1548,300.7,1.79953348636627
1549,300.9,3.01632714271545
1550,301.0,2.03547763824463
1551,301.2,4.0263934135437
1552,301.3,2.7295606136322
1553,301.6,1.4022833108902
1554,301.8,1.58421313762665
1555,301.9,1.00356006622314
1556,302.1,2.66007852554321
1557,302.3,2.57868885993958
1558,302.5,1.64105081558228
1559,302.7,1.50847041606903
1560,302.9,2.22587776184082
1561,303.0,1.33979868888855
1562,303.2,3.32764554023743
1563,303.3,1.18315732479095
1564,303.5,1.61158847808838
1565,303.7,1.42008352279663
1566,303.8,0.902651607990265
1567,304.0,2.38632464408875
1568,304.2,2.5924379825592
1569,304.3,1.12926590442657
1570,304.4,1.82776820659637
1571,304.7,1.5406334400177
1572,304.9,2.10164499282837
1573,305.1,2.11232495307922
1574,305.3,2.1690399646759
1575,305.5,1.54173827171326
1576,305.7,1.34593665599823
1577,305.9,1.72919225692749
1578,306.1,2.41136765480042
1579,306.3,2.81770205497742
1580,306.5,1.64743435382843
1581,306.6,0.794009327888489
1582,306.8,1.92695796489716
1583,307.0,2.76528358459473
1584,307.1,3.07881164550781
1585,307.3,1.13122999668121
1586,307.5,1.66584825515747
1587,307.7,1.43665599822998
1588,307.9,2.10004901885986
1589,308.1,2.49766755104065
1590,308.3,2.27719116210938
1591,308.4,1.73324334621429
1592,308.7,1.79756939411163
1593,308.9,2.6501350402832
1594,309.0,1.69236433506012
1595,309.1,3.14068245887756
1596,309.4,2.3328013420105
1597,309.6,1.44659960269928
1598,309.8,1.47557079792023
1599,310.0,2.26516079902649
1600,310.2,2.15762329101563
1601,310.3,1.95691132545471
1602,310.6,1.7360668182373
1603,310.8,2.92401170730591
1604,311.0,4.65123987197876
1605,311.1,2.56960463523865
1606,311.2,3.0877730846405
1607,311.5,1.71163761615753
1608,311.6,0.753253102302551
1609,311.8,2.09612083435059
1610,312.0,2.52835750579834
1611,312.1,2.84691882133484
1612,312.3,1.27240359783173
1613,312.5,1.67812418937683
1614,312.7,2.24502825737
1615,312.9,3.39135766029358
1616,313.0,1.91112196445465
1617,313.2,3.78099679946899
1618,313.3,1.46869623661041
1619,313.4,1.50908422470093
1620,313.7,1.5006138086319
1621,313.9,1.98391842842102
1622,314.1,2.52136015892029
1623,314.3,2.38055491447449
1624,314.4,0.83955317735672
1625,314.6,1.57611095905304
1626,314.7,0.837589025497437
1627,314.9,1.96415424346924
1628,315.1,2.66498899459839
1629,315.2,1.91431379318237
1630,315.4,1.3328013420105
1631,315.7,1.23397982120514
1632,315.8,0.667444169521332
1633,316.0,1.93776082992554
1634,316.1,2.31512403488159
1635,316.3,2.10520505905151
1636,316.6,1.42794013023376
1637,316.8,1.68438494205475
1638,316.9,0.760864198207855
1639,317.1,1.65209913253784
1640,317.3,1.79450035095215
1641,317.5,1.46513628959656
1642,317.6,0.507979393005371
1643,317.8,1.51780009269714
1644,317.9,0.757426977157593
1645,318.1,1.9770439863205
1646,318.2,0.884728729724884
1647,318.3,1.88472867012024
1648,318.5,1.36680579185486
1649,318.8,1.29450035095215
1650,319.0,1.85735332965851
1651,319.2,1.40461575984955
1652,319.3,1.64178740978241
1653,319.5,0.628652095794678
1654,319.7,1.37134790420532
1655,319.9,1.30223417282104
1656,320.1,1.53240859508514
1657,320.2,0.897127449512482
1658,320.4,1.48011291027069
1659,320.5,0.781978905200958
1660,320.7,1.20856857299805
1661,320.8,0.662533760070801
1662,321.0,1.70193958282471
1663,321.1,1.62312793731689
1664,321.3,1.61330711841583
1665,321.5,0.612447798252106
1666,321.7,1.04922664165497
1667,321.8,0.680088400840759
1668,322.0,1.69052290916443
1669,322.1,1.49545788764954
1670,322.3,1.7679842710495
1671,322.6,1.40866684913635
1672,322.8,2.58286285400391
1673,323.0,4.5123987197876
1674,323.2,4.38386917114258
1675,323.4,2.13822746276855
1676,323.6,1.40019643306732
1677,323.7,0.818315744400024
1678,323.9,2.29118585586548
1679,324.1,2.45727968215942
1680,324.2,1.04038786888123
1681,324.4,1.83660697937012
1682,324.5,0.868033409118652
1683,324.7,4.40437030792236
1684,324.9,12.4211883544922
1685,325.0,22.6237411499023
1686,325.2,6.02013254165649
1687,325.3,3.74760627746582
1688,325.6,1.63208937644958
1689,325.8,3.81487846374512
1690,326.0,7.71777582168579
1691,326.1,6.57083225250244
1692,326.3,2.87539887428284
1693,326.6,3.1767737865448
1694,326.8,13.1901550292969
1695,327.0,38.3571090698242
1696,327.1,27.5435791015625
1697,327.3,5.54836750030518
1698,327.6,1.91259515285492
1699,327.8,6.3830099105835
1700,328.0,11.102258682251
1701,328.1,5.67431879043579
1702,328.2,5.87233018875122
1703,328.4,1.89405846595764
1704,328.6,1.36705136299133
1705,328.8,4.97397518157959
1706,329.0,9.7628288269043
1707,329.1,8.22538661956787
1708,329.3,1.83120548725128
1709,329.4,1.85440707206726
1710,329.7,1.63024795055389
1711,329.9,2.96489071846008
1712,330.0,1.75853180885315
1713,330.2,2.87822246551514
1714,330.3,1.97188806533813
1715,330.6,1.49901795387268
1716,330.8,3.0964891910553
1717,331.0,4.34409523010254
1718,331.1,4.36766529083252
1719,331.3,1.05561006069183
1720,331.4,1.37552177906036
1721,331.6,0.696292638778687
1722,331.8,1.71102380752563
1723,331.9,1.1507488489151
1724,332.1,2.45703411102295
1725,332.2,1.29179966449738
1726,332.3,1.35661673545837
1727,332.5,0.665480017662048
1728,332.7,1.2903265953064
1729,332.9,2.07561993598938
1730,333.1,1.89945983886719
1731,333.3,1.74920201301575
1732,333.5,1.35232019424438
1733,333.7,1.36680579185486
1734,333.9,1.33022344112396
1735,334.0,0.725877702236176
1736,334.1,1.74281859397888
1737,334.3,0.653449535369873
1738,334.5,1.47827160358429
1739,334.6,0.674564182758331
1740,334.8,1.58053028583527
1741,334.9,0.699975430965424
1742,335.1,1.92953598499298
1743,335.2,1.02492022514343
1744,335.3,1.24711513519287
1745,335.5,0.644365310668945
1746,335.7,1.08310830593109
1747,335.9,1.5241836309433
1748,336.1,1.65443158149719
1749,336.3,1.75190281867981
1750,336.4,0.594156622886658
1751,336.6,1.42364346981049
1752,336.7,0.644610822200775
1753,336.9,1.45101892948151
1754,337.1,1.75067520141602
1755,337.2,1.84237658977509
1756,337.5,1.20095753669739
1757,337.7,1.16486620903015
1758,337.8,0.574146807193756
1759,338.0,1.6671986579895
1760,338.2,1.5694819688797
1761,338.4,1.40130126476288
1762,338.5,0.520378112792969
1763,338.7,1.94070708751678
1764,338.9,4.27535009384155
1765,339.0,3.10618710517883
1766,339.1,6.10864210128784
1767,339.3,2.6671986579895
1768,339.5,0.554628014564514
1769,339.7,1.35195183753967
1770,339.8,0.982813656330109
1771,340.0,3.11453485488892
1772,340.2,3.35600304603577
1773,340.4,1.71544313430786
1774,340.6,2.15430879592896
1775,340.8,14.0200099945068
1776,341.0,63.8656997680664
1777,341.1,70.3934478759766
1778,341.3,7.15271282196045
1779,341.4,3.13208937644958
1780,341.6,1.38129138946533
1781,341.8,7.12975692749023
1782,342.0,21.1913814544678
1783,342.1,23.1885585784912
1784,342.3,5.66646194458008
1785,342.6,2.01939606666565
1786,342.8,6.71409273147583
1787,343.0,18.7579174041748
1788,343.1,18.2415904998779
1789,343.3,3.92548489570618
1790,343.4,2.34888291358948
1791,343.7,2.02013254165649
1792,343.9,4.52111482620239
1793,344.0,2.82457637786865
1794,344.1,5.0009822845459
1795,344.3,1.82752275466919
1796,344.4,1.84851455688477
1797,344.7,2.92634415626526
1798,344.9,8.96710014343262
1799,345.0,6.38841152191162
1800,345.1,10.7187576293945
1801,345.3,4.00331449508667
1802,345.5,0.812177777290344
1803,345.7,1.7726491689682
1804,345.9,4.00748825073242
1805,346.0,2.55033135414124
1806,346.1,4.8073902130127
1807,346.3,1.21372449398041
1808,346.5,1.67161798477173
1809,346.7,1.84839189052582
1810,346.9,3.43039536476135
1811,347.1,4.27559518814087
1812,347.3,3.21077823638916
1813,347.4,1.4671003818512
1814,347.7,1.38411486148834
1815,347.9,1.77498161792755
1816,348.1,1.73189294338226
1817,348.2,1.04824459552765
1818,348.4,1.31684267520905
1819,348.5,0.633071422576904
1820,348.7,2.62435555458069
1821,348.9,4.27780485153198
1822,349.0,2.84667325019836
1823,349.1,4.4885835647583
1824,349.3,2.09722566604614
1825,349.5,0.573901295661926
1826,349.7,1.53731894493103
1827,349.9,2.28296089172363
1828,350.1,2.42094278335571
1829,350.2,2.23962688446045
1830,350.4,1.35072433948517
1831,350.7,1.6178492307663
1832,350.8,1.15406334400177
1833,351.0,2.6985023021698
1834,351.1,1.09526145458221
1835,351.2,2.30972266197205
1836,351.4,0.99079304933548
1837,351.6,0.554382503032684
1838,351.8,1.48023569583893
1839,352.0,1.66044688224792
1840,352.2,1.63356244564056
1841,352.3,0.699116110801697
1842,352.5,1.13442182540894
1843,352.7,1.53805553913116
1844,352.9,2.04750800132751
1845,353.1,2.23103356361389
1846,353.2,1.07574272155762
1847,353.4,1.78983545303345
1848,353.5,0.593665599822998
1849,353.7,1.22072184085846
1850,353.9,1.47360670566559
1851,354.0,1.7496931552887
1852,354.2,1.55364596843719
1853,354.5,1.40486133098602
1854,354.7,4.37183904647827
1855,354.9,25.3931999206543
1856,355.1,109.578201293945
1857,355.2,50.5894927978516
1858,355.4,4.33402919769287
1859,355.7,2.66695308685303
1860,355.9,12.2447824478149
1861,356.1,37.3835029602051
1862,356.2,13.3051805496216
1863,356.3,8.93837451934814
1864,356.5,0.931991159915924
1865,356.7,2.33120560646057
1866,356.8,3.64019155502319
1867,357.0,17.5637130737305
1868,357.1,25.4760627746582
1869,357.3,8.43211364746094
1870,357.6,1.41357719898224
1871,357.8,2.51227593421936
1872,358.0,5.74613285064697
1873,358.1,6.43898868560791
1874,358.3,3.29928803443909
1875,358.6,1.9240118265152
1876,358.8,4.65394067764282
1877,359.0,10.1792287826538
1878,359.1,7.0465259552002
1879,359.2,8.92781734466553
1880,359.4,2.45764803886414
1881,359.6,0.667689681053162
1882,359.8,2.0672721862793
1883,360.0,3.83341526985168
1884,360.2,4.37441682815552
1885,360.3,2.6066780090332
1886,360.6,1.23839926719666
1887,360.8,2.26651120185852
1888,361.0,3.50233244895935
1889,361.1,1.7078320980072
1890,361.2,2.93591952323914
1891,361.4,0.883623838424683
1892,361.5,1.11342990398407
1893,361.8,1.35256564617157
1894,362.0,1.8898845911026
1895,362.2,1.74944758415222
1896,362.3,0.88018661737442
1897,362.4,1.41799652576447
1898,362.7,2.09219241142273
1899,362.9,3.37736320495605
1900,363.1,4.87012052536011
1901,363.2,3.74281859397888
1902,363.4,1.04677140712738
1903,363.6,1.06236183643341
1904,363.8,1.7438006401062
1905,364.0,2.02013254165649
1906,364.2,2.22882390022278
1907,364.3,1.67161798477173
1908,364.5,0.558556318283081
1909,364.7,1.34642767906189
1910,364.8,1.45482444763184
1911,365.1,1.69224154949188
1912,365.2,1.64718878269196
1913,365.5,1.29315006732941
1914,365.7,1.14976680278778
1915,365.8,1.34176278114319
1916,366.0,0.864964425563812
1917,366.2,1.55425977706909
1918,366.3,1.17787873744965
1919,366.6,1.60643255710602
1920,366.7,0.966118335723877
1921,366.9,3.97041487693787
1922,367.0,2.2639331817627
1923,367.1,4.53940582275391
1924,367.3,2.06555366516113
1925,367.6,1.22059905529022
1926,367.8,1.53461825847626
1927,368.0,2.07107782363892
1928,368.2,2.09477043151855
1929,368.3,0.705131351947784
1930,368.5,1.49459862709045
1931,368.7,1.80947709083557
1932,368.9,3.52835750579834
1933,369.1,4.11269330978394
1934,369.2,4.20795488357544
1935,369.4,1.19432854652405
1936,369.6,1.24085438251495
1937,369.8,1.52430641651154
1938,369.9,1.1259514093399
1939,370.1,2.40891242027283
1940,370.3,2.07021856307983
1941,370.5,1.55978393554688
1942,370.6,0.740363359451294
1943,370.8,2.13172101974487
1944,371.0,2.89221692085266
1945,371.1,1.54100167751312
1946,371.2,2.58163523674011
1947,371.4,1.45948934555054
1948,371.7,1.21139204502106
1949,371.9,1.62275958061218
1950,372.1,1.90535235404968
1951,372.2,0.815123975276947
1952,372.4,1.33869385719299
1953,372.6,1.49668550491333
1954,372.8,1.84360420703888
1955,373.0,3.61306166648865
1956,373.1,3.47164249420166
1957,373.3,2.34765529632568
1958,373.6,1.15565919876099
1959,373.8,1.41075372695923
1960,374.0,1.70108032226563
1961,374.2,2.42327523231506
1962,374.3,0.914927542209625
1963,374.5,1.24993860721588
1964,374.7,1.19248712062836
1965,374.9,1.50073659420013
1966,375.1,1.78738033771515
1967,375.2,1.65799164772034
1968,375.4,0.600540161132813
1969,375.6,1.13675427436829
1970,375.8,1.33267855644226
1971,376.0,1.38657009601593
1972,376.2,1.63687694072723
1973,376.3,1.35968577861786
1974,376.5,1.11834025382996
1975,376.8,1.43162286281586
1976,377.0,1.39786398410797
1977,377.2,1.62767004966736
1978,377.3,0.674195945262909
1979,377.5,1.06702673435211
1980,377.7,1.15565919876099
1981,377.8,0.644242584705353
1982,378.0,1.35342502593994
1983,378.2,1.28431129455566
1984,378.3,0.605818808078766
1985,378.5,1.19813406467438
1986,378.7,1.25128901004791
1987,378.9,1.09918975830078
1988,379.1,1.37380313873291
1989,379.2,0.711146593093872
1990,379.4,1.33169651031494
1991,379.6,1.09820771217346
1992,379.8,1.03633689880371
1993,380.0,1.13024795055389
1994,380.2,1.46967840194702
1995,380.4,1.11821758747101
1996,380.6,1.19211888313293
1997,380.8,1.00785660743713
1998,381.0,1.55966114997864
1999,381.1,1.69923889636993
2000,381.3,0.735207438468933
2001,381.5,1.1861035823822
2002,381.6,0.506997287273407
2003,381.8,1.22244048118591
2004,381.9,0.592192471027374
2005,382.1,1.23434817790985
2006,382.3,1.29707837104797
2007,382.5,1.08666825294495
2008,382.7,1.62018167972565
2009,382.9,2.79535961151123
2010,383.0,1.29560518264771
2011,383.2,2.45777058601379
2012,383.3,0.864473342895508
2013,383.4,1.32052540779114
2014,383.6,0.526761591434479
2015,383.8,1.29585075378418
2016,384.0,2.01927328109741
2017,384.2,1.85060155391693
2018,384.4,1.12386453151703
2019,384.5,0.624109983444214
2020,384.7,2.17161798477173
2021,384.9,4.32396268844604
2022,385.0,2.44500374794006
2023,385.2,4.0682544708252
2024,385.3,2.0282347202301
2025,385.6,1.29044926166534
2026,385.8,1.98981094360352
2027,385.9,1.24306404590607
2028,386.1,2.62202310562134
2029,386.2,1.00810217857361
2030,386.4,1.36668300628662
2031,386.6,1.46292662620544
2032,386.8,2.8657009601593
2033,387.0,4.51829099655151
2034,387.2,4.22906970977783
2035,387.3,2.34078073501587
2036,387.6,1.21973979473114
2037,387.8,1.76160073280334
2038,387.9,1.22845566272736
2039,388.1,2.2155659198761
2040,388.2,1.12730169296265
2041,388.3,1.58875524997711
2042,388.6,1.36766505241394
2043,388.7,0.811809480190277
2044,388.9,1.91554141044617
2045,389.1,2.13528108596802
2046,389.2,1.92978143692017
2047,389.5,1.13147556781769
2048,389.7,1.18242084980011
2049,389.9,1.37883627414703
2050,390.1,1.32690894603729
2051,390.3,1.2496931552887
2052,390.4,0.459857612848282
2053,390.5,1.0365823507309
2054,390.8,1.18782222270966
2055,391.0,1.38657009601593
2056,391.2,1.25607657432556
2057,391.3,0.510925590991974
2058,391.5,1.13172113895416
2059,391.6,0.676651120185852
2060,391.8,1.04677140712738
2061,391.9,0.351215332746506
2062,392.1,1.17836976051331
2063,392.3,1.26626563072205
2064,392.4,1.12889766693115
2065,392.6,0.539896905422211
2066,392.8,0.995335161685944
2067,393.0,1.16916275024414
2068,393.2,1.39700472354889
2069,393.3,0.360299527645111
2070,393.5,1.03940582275391
2071,393.6,0.417751044034958
2072,393.8,1.22133564949036
2073,393.9,0.536827862262726
2074,394.1,1.12914311885834
2075,394.2,1.03891479969025
2076,394.5,1.06641292572021
2077,394.7,1.0211147069931
2078,394.9,1.11809480190277
2079,395.1,1.33623862266541
2080,395.2,0.988828897476196
2081,395.5,0.97446596622467
2082,395.7,0.84311318397522
2083,395.9,1.02958512306213
2084,396.0,0.64485639333725
2085,396.2,1.25055241584778
2086,396.4,1.27485883235931
2087,396.5,0.596611857414246
2088,396.7,0.943898856639862
2089,396.9,1.40265166759491
2090,397.1,1.61797201633453
2091,397.2,0.876872062683105
2092,397.4,1.08666825294495
2093,397.6,1.03375887870789
2094,397.7,0.6507488489151
2095,397.9,1.01509940624237
2096,398.0,0.556714951992035
2097,398.2,1.35293400287628
2098,398.3,0.588018655776978
2099,398.4,1.11637616157532
2100,398.7,2.02393817901611
2101,398.9,3.86926102638245
2102,399.1,5.73901319503784
2103,399.2,2.00662899017334
2104,399.3,2.22612333297729
2105,399.5,0.650871574878693
2106,399.7,1.41419100761414
2107,399.9,2.31549215316772
2108,400.1,2.71912598609924
2109,400.2,1.21286523342133
2110,400.3,1.51509940624237
2111,400.6,2.24588751792908
2112,400.8,8.31598377227783
2113,401.0,20.8233489990234
2114,401.1,17.199239730835
2115,401.3,4.90596628189087
2116,401.5,0.874171376228333
2117,401.7,2.81598329544067
2118,401.9,6.29720115661621
2119,402.1,9.15381813049316
2120,402.2,2.7561993598938
2121,402.3,3.04407072067261
2122,402.6,1.59391117095947
2123,402.7,1.27056229114532
2124,402.9,5.92180204391479
2125,403.0,3.40866684913635
2126,403.2,5.60643243789673
2127,403.3,1.85158360004425
2128,403.4,1.37306654453278
2129,403.7,1.52614784240723
2130,403.9,2.41210412979126
2131,404.0,1.46439969539642
2132,404.1,2.60618710517883
2133,404.3,1.79830586910248
2134,404.6,1.33108270168304
2135,404.8,2.18156147003174
2136,405.0,3.03068995475769
2137,405.2,3.8911120891571
2138,405.3,1.02344703674316
2139,405.5,1.14264667034149
2140,405.7,1.2267370223999
2141,405.9,1.66646206378937
2142,406.0,0.975939095020294
2143,406.2,1.7962189912796
2144,406.4,1.24686968326569
2145,406.6,1.20414924621582
2146,406.8,1.20795488357544
2147,406.9,0.724527359008789
2148,407.1,2.10839676856995
2149,407.2,1.43849742412567
2150,407.4,1.3138964176178
2151,407.7,1.18512153625488
2152,407.9,1.35845816135406
2153,408.1,1.21568870544434
2154,408.2,1.12214589118958
2155,408.5,0.979008078575134
2156,408.7,1.52283334732056
2157,408.8,0.665725529193878
2158,408.9,1.68463051319122
2159,409.2,1.55450522899628
2160,409.3,0.544070720672607
2161,409.5,1.23447096347809
2162,409.6,0.50613796710968
2163,409.7,1.18745398521423
2164,410.0,1.19715201854706
2165,410.1,0.603854656219482
2166,410.3,1.29879701137543
2167,410.4,0.53830099105835
2168,410.6,1.04578936100006
2169,410.8,1.08114409446716
2170,411.0,1.04345691204071
2171,411.2,1.25853180885315
2172,411.3,0.990670263767242
2173,411.5,0.394795000553131
2174,411.7,0.859931230545044
2175,411.9,1.12693345546722
2176,412.1,1.0853179693222
2177,412.3,1.08887803554535
2178,412.5,1.03044438362122
2179,412.7,1.1578688621521
2180,412.9,1.63945496082306
2181,413.0,1.03928303718567
2182,413.2,1.75656759738922
2183,413.3,0.785784423351288
2184,413.5,1.27485883235931
2185,413.7,0.920206248760223
2186,413.9,1.06518530845642
2187,414.1,1.5741468667984
2188,414.2,1.36778783798218
2189,414.4,0.676528334617615
2190,414.6,1.4516327381134
2191,414.8,5.75435781478882
2192,415.0,20.8699970245361
2193,415.1,29.8254356384277
2194,415.3,7.16474342346191
2195,415.4,3.61588501930237
2196,415.7,2.03952860832214
2197,415.9,6.43997049331665
2198,416.0,5.24674701690674
2199,416.2,11.2411003112793
2200,416.3,5.13331699371338
2201,416.6,1.52136015892029
2202,416.8,3.54934930801392
2203,417.0,8.03437232971191
2204,417.2,8.77890968322754
2205,417.3,2.96218991279602
2206,417.4,1.97900807857513
2207,417.7,1.24760615825653
2208,417.9,2.51276707649231
2209,418.0,1.32383990287781
2210,418.2,3.41161298751831
2211,418.3,1.24601030349731
2212,418.4,1.58003926277161
2213,418.6,0.516572535037994
2214,418.8,1.96108520030975
2215,419.0,3.06015229225159
2216,419.1,1.36606919765472
2217,419.2,2.95015954971313
2218,419.4,1.6290203332901
2219,419.7,1.04149270057678
2220,419.8,0.638227343559265
2221,420.0,1.90326535701752
2222,420.1,0.944267153739929
2223,420.3,1.50736558437347
2224,420.5,1.14927566051483
2225,420.6,0.914804816246033
2226,420.8,0.857107758522034
2227,421.0,1.90964889526367
2228,421.1,1.02590227127075
2229,421.3,1.74601030349731
2230,421.4,1.12828385829926
2231,421.6,0.458261728286743
2232,421.8,1.06690394878387
2233,422.0,1.47323834896088
2234,422.1,0.765529096126556
2235,422.3,1.45077335834503
2236,422.5,1.08433592319489
2237,422.7,1.05917012691498
2238,422.9,1.61883127689362
2239,423.1,1.74772894382477
2240,423.3,1.54051065444946
2241,423.5,1.30321633815765
2242,423.6,0.943407833576202
2243,423.8,0.518659472465515
2244,424.0,1.24601030349731
2245,424.1,0.636263191699982
2246,424.3,0.919101417064667
2247,424.5,1.03007614612579
2248,424.7,1.08470416069031
2249,424.9,1.10766017436981
2250,425.0,0.588877975940704
2251,425.2,1.14276945590973
2252,425.3,0.54136997461319
2253,425.5,0.858089864253998
2254,425.6,0.492020636796951
2255,425.8,0.954210638999939
2256,426.0,0.938497424125671
2257,426.1,0.585563480854034
2258,426.3,1.08642280101776
2259,426.5,0.850478768348694
2260,426.7,1.27768230438232
2261,426.9,1.18598079681396
2262,427.1,1.15259027481079
2263,427.3,1.31315982341766
2264,427.4,0.453596860170364
2265,427.5,1.01841390132904
2266,427.7,0.487724035978317
2267,427.9,1.08200347423553
2268,428.1,1.19285535812378
2269,428.2,0.521851241588593
2270,428.4,1.05008590221405
2271,428.5,0.522342264652252
2272,428.7,2.39344453811646
2273,428.9,8.14583873748779
2274,429.1,24.2566909790039
2275,429.2,15.4636631011963
2276,429.4,3.37208437919617
2277,429.7,1.69592440128326
2278,429.8,1.35244286060333
2279,430.0,6.62165498733521
2280,430.2,10.3830099105835
2281,430.3,3.09980368614197
2282,430.4,2.40645718574524
2283,430.6,0.653695046901703
2284,430.8,2.31671977043152
2285,430.9,2.22698259353638
2286,431.1,7.71544313430786
2287,431.2,6.76147794723511
2288,431.4,2.00982069969177
2289,431.7,1.16339302062988
2290,431.8,0.84949666261673
2291,432.0,2.58568620681763
2292,432.1,1.59415662288666
2293,432.2,2.70611333847046
2294,432.4,0.66044682264328
2295,432.6,1.01841390132904
2296,432.8,1.64350605010986
2297,433.0,2.98035836219788
2298,433.2,3.32997798919678
2299,433.3,2.33992147445679
2300,433.5,0.712251424789429
2301,433.7,1.21777558326721
2302,433.9,1.49987721443176
2303,434.0,0.907070934772491
2304,434.1,1.99545788764954
2305,434.4,1.48661923408508
2306,434.5,0.491897851228714
2307,434.7,0.956788599491119
2308,434.8,1.36250925064087
2309,435.1,1.72710537910461
2310,435.2,0.708568632602692
2311,435.3,1.3092315196991
2312,435.5,0.321752995252609
2313,435.7,1.05057692527771
2314,435.9,1.14522469043732
2315,436.0,0.65148538351059
2316,436.2,1.17738771438599
2317,436.3,1.05131351947784
2318,436.6,0.92180210351944
2319,436.7,0.419469684362411
2320,436.9,1.47299289703369
2321,437.1,1.70169413089752
2322,437.3,1.36385953426361
2323,437.4,1.17787873744965
2324,437.7,0.917259991168976
2325,437.9,1.15209913253784
2326,438.1,1.18708562850952
2327,438.3,1.24097716808319
2328,438.5,0.942425727844238
2329,438.6,0.574392318725586
2330,438.8,1.04910385608673
2331,438.9,1.11846303939819
2332,439.1,0.618217527866364
2333,439.3,1.09685730934143
2334,439.5,0.938129127025604
2335,439.6,0.938251912593842
2336,439.8,0.932236671447754
2337,440.1,0.9629265666008
2338,440.3,1.22096729278564
2339,440.4,0.572428166866302
2340,440.6,0.734348118305206
2341,440.8,1.42008352279663
2342,440.9,1.63699972629547
2343,441.2,1.79842865467072
2344,441.3,0.62263685464859
2345,441.5,0.978517055511475
2346,441.7,1.17996561527252
2347,441.9,1.11527132987976
2348,442.0,0.462926596403122
2349,442.1,1.05045425891876
2350,442.4,1.10864222049713
2351,442.6,0.943653345108032
2352,442.7,0.637981832027435
2353,442.9,1.32838201522827
2354,443.1,1.60176777839661
2355,443.2,1.30886328220367
2356,443.5,0.838202774524689
2357,443.7,1.02835750579834
2358,443.9,1.14817082881927
2359,444.1,0.991897881031036
2360,444.2,0.597348392009735
2361,444.3,1.18487596511841
2362,444.5,0.975693583488464
2363,444.7,0.576970279216766
2364,444.9,1.47250187397003
2365,445.0,0.887797713279724
2366,445.2,1.63122999668121
2367,445.3,1.46489071846008
2368,445.5,0.441075384616852
2369,445.7,1.09280633926392
2370,445.8,0.520132601261139
2371,445.9,1.29941070079803
2372,446.1,0.609378814697266
2373,446.3,1.15222191810608
2374,446.5,1.10373187065125
2375,446.7,1.01387178897858
2376,446.9,1.31058192253113
2377,447.0,1.47066044807434
2378,447.3,1.53510928153992
2379,447.5,1.11797201633453
2380,447.6,1.19629263877869
2381,447.8,0.505033135414124
2382,447.9,1.14338326454163
2383,448.1,0.643137753009796
2384,448.2,1.31487846374512
2385,448.4,0.544930040836334
2386,448.6,0.936533272266388
2387,448.8,1.04407072067261
2388,449.0,1.05155909061432
2389,449.2,1.15835988521576
2390,449.3,1.21838939189911
2391,449.6,0.847655296325684
2392,449.7,0.413945496082306
2393,449.9,1.06874537467957
2394,450.0,0.532408535480499
2395,450.2,1.27584087848663
2396,450.3,0.494598567485809
2397,450.5,0.831573784351349
2398,450.7,0.944758176803589
2399,450.8,1.10851955413818
2400,451.1,1.03240859508514
2401,451.2,0.622759640216827
2402,451.4,1.13343977928162
2403,451.6,0.926221430301666
2404,451.8,1.129634141922
2405,452.0,1.05106806755066
2406,452.1,1.03498649597168
2407,452.3,0.964154183864594
2408,452.6,0.825190305709839
2409,452.8,1.14191019535065
2410,452.9,0.833169639110565
2411,453.1,0.457893431186676
2412,453.3,1.06064331531525
2413,453.5,0.993984758853912
2414,453.7,0.90928065776825
2415,453.9,0.926467001438141
2416,454.1,1.00343728065491
2417,454.2,0.621163785457611
2418,454.4,1.04210650920868
2419,454.5,0.380432099103928
2420,454.7,1.05340039730072
2421,454.9,0.897863984107971
2422,455.0,1.06800878047943
2423,455.3,0.937515318393707
2424,455.5,1.01227593421936
2425,455.6,0.794745862483978
2426,455.9,0.854407072067261
2427,456.0,0.441566407680511
2428,456.2,1.0117849111557
2429,456.4,0.741836488246918
2430,456.6,0.898846030235291
2431,456.7,0.5370734333992
2432,456.9,0.945985734462738
2433,457.1,1.09452497959137
2434,457.3,1.25742697715759
2435,457.4,0.522956073284149
2436,457.6,0.900196433067322
2437,457.7,0.526147782802582
2438,457.9,1.12398719787598
2439,458.0,0.491284072399139
2440,458.2,1.08359932899475
2441,458.3,0.913945496082306
2442,458.6,0.866191983222961
2443,458.7,0.763073921203613
2444,458.9,2.15946483612061
2445,459.1,2.35489821434021
2446,459.2,0.85821259021759
2447,459.4,1.22305428981781
2448,459.6,0.851706385612488
2449,459.8,1.40449297428131
2450,460.0,1.60213601589203
2451,460.2,1.44561743736267
2452,460.4,1.32678616046906
2453,460.5,0.604713976383209
2454,460.7,2.29744648933411
2455,460.9,4.40081024169922
2456,461.0,2.58924627304077
2457,461.1,5.51460838317871
2458,461.3,1.83169651031494
2459,461.4,1.64645218849182
2460,461.7,1.64166462421417
2461,461.8,1.10618710517883
2462,462.0,2.73238396644592
2463,462.2,2.44844102859497
2464,462.3,1.88436043262482
2465,462.6,1.31659710407257
2466,462.7,0.836606919765472
2467,462.9,2.02369260787964
2468,463.0,1.21740734577179
2469,463.2,2.26712489128113
2470,463.3,1.31487846374512
2471,463.6,1.1737048625946
2472,463.8,1.29842865467072
2473,464.0,1.31991159915924
2474,464.2,1.31131839752197
2475,464.4,1.16228818893433
2476,464.6,0.784188568592072
2477,464.8,1.02430641651154
2478,464.9,0.551804542541504
2479,465.1,1.49398481845856
2480,465.2,0.660815119743347
2481,465.4,1.12054991722107
2482,465.6,1.03854656219482
2483,465.8,0.850724279880524
2484,466.0,1.05511903762817
2485,466.2,0.997913062572479
2486,466.4,0.855020880699158
2487,466.5,0.400810211896896
2488,466.6,1.0294623374939
2489,466.9,1.04799902439117
2490,467.0,0.515590488910675
2491,467.2,1.20206236839294
2492,467.4,0.842744886875153
2493,467.6,0.81757915019989
2494,467.7,0.362386435270309
2495,467.9,0.88399213552475
2496,468.0,0.465872824192047
2497,468.2,0.979867398738861
2498,468.3,0.444389879703522
2499,468.5,0.896145343780518
2500,468.7,1.07795238494873
2501,468.9,0.939233958721161
2502,469.0,0.617972016334534
2503,469.1,1.01792287826538
2504,469.4,0.876258313655853
2505,469.6,0.925853192806244
2506,469.7,1.05376875400543
2507,470.0,0.813282608985901
2508,470.2,1.04689419269562
2509,470.3,0.383378356695175
2510,470.5,1.0595383644104
2511,470.7,1.05941569805145
2512,470.9,1.10729193687439
2513,471.1,1.00871598720551
2514,471.3,0.850355982780457
2515,471.5,0.900687456130981
2516,471.7,0.99668550491333
2517,471.8,0.397741228342056
2518,472.0,0.900564670562744
2519,472.2,0.949300289154053
2520,472.3,0.585931718349457
2521,472.5,0.887183904647827
2522,472.7,0.940952599048615
2523,472.8,0.580898582935333
2524,473.0,1.37552177906036
2525,473.2,1.40338814258575
2526,473.4,1.13884115219116
2527,473.5,0.484900563955307
2528,473.7,0.922293126583099
2529,473.9,1.07132339477539
2530,474.1,1.27927815914154
2531,474.2,0.623741686344147
2532,474.3,1.12926590442657
2533,474.6,0.911735832691193
2534,474.8,3.69506502151489
2535,475.0,8.5785665512085
2536,475.1,4.93248224258423
2537,475.3,8.45163249969482
2538,475.4,2.24355506896973
2539,475.5,1.59489321708679
2540,475.7,0.77363121509552
2541,475.9,2.77387666702271
2542,476.1,5.16707563400269
2543,476.3,4.04394817352295
2544,476.4,2.43567395210266
2545,476.7,1.4634176492691
2546,476.9,2.30518054962158
2547,477.1,3.79707837104797
2548,477.2,1.67616009712219
2549,477.3,2.49337100982666
2550,477.5,1.12852931022644
2551,477.8,0.942057430744171
2552,478.0,1.64583849906921
2553,478.1,0.931254625320435
2554,478.2,1.67517805099487
2555,478.5,1.1107292175293
2556,478.7,1.1466977596283
2557,478.9,1.68745398521423
2558,479.1,1.98784685134888
2559,479.3,1.57611095905304
2560,479.4,0.750552415847778
2561,479.6,0.930027008056641
2562,479.8,1.21200585365295
2563,480.0,1.14387428760529
2564,480.2,1.31782472133636
2565,480.3,0.665480017662048
2566,480.4,1.14227843284607
2567,480.6,0.445003688335419
2568,480.8,1.13073897361755
2569,480.9,0.65099436044693
2570,481.0,1.08433592319489
2571,481.2,0.450405120849609
2572,481.3,0.873680353164673
2573,481.5,0.422170400619507
2574,481.7,0.963172137737274
2575,481.9,0.893690168857574
2576,482.0,0.338939368724823
2577,482.2,0.937638103961945
2578,482.3,1.06457161903381
2579,482.5,0.468941807746887
2580,482.6,1.13479006290436
2581,482.8,0.519396007061005
2582,483.0,1.11465752124786
2583,483.2,0.998404145240784
2584,483.4,0.911367535591125
2585,483.5,0.519641518592834
2586,483.7,0.841517329216003
2587,483.8,0.413822740316391
2588,484.0,0.949423015117645
2589,484.2,0.913086175918579
2590,484.4,0.96550452709198
2591,484.5,0.872207224369049
2592,484.7,0.917014479637146
2593,484.9,1.10569608211517
2594,485.2,1.17210900783539
2595,485.3,0.844831824302673
2596,485.6,0.968696296215057
2597,485.7,0.397741228342056
2598,485.9,0.990424752235413
2599,486.0,0.494353055953979
2600,486.2,0.935182929039001
2601,486.4,0.870488584041595
2602,486.6,0.953474104404449
2603,486.8,0.917505502700806
2604,487.0,1.30788111686707
2605,487.2,1.22010803222656
2606,487.3,0.529830574989319
2607,487.5,1.115394115448
2608,487.7,0.775227129459381
2609,487.9,1.06972742080688
2610,488.1,1.00122761726379
2611,488.2,1.11981344223022
2612,488.5,0.982690870761871
2613,488.7,1.34753251075745
2614,488.9,4.70623636245728
2615,489.1,10.7908172607422
2616,489.3,9.47949886322021
2617,489.4,3.3669285774231
2618,489.7,1.40780746936798
2619,489.9,3.10581874847412
2620,490.1,5.46341753005981
2621,490.2,2.62460112571716
2622,490.3,4.12963438034058
2623,490.5,0.730665385723114
2624,490.7,1.20095753669739
2625,490.9,2.6966609954834
2626,491.0,1.8722071647644
2627,491.1,4.56395769119263
2628,491.3,1.69764304161072
2629,491.4,2.05597829818726
2630,491.6,0.454456180334091
2631,491.8,0.938742935657501
2632,491.9,0.80223423242569
2633,492.1,1.93407809734344
2634,492.2,1.90547502040863
2635,492.4,0.686471879482269
2636,492.5,1.17419588565826
2637,492.8,1.45850729942322
2638,493.0,1.76958012580872
2639,493.1,0.873066544532776
2640,493.3,1.687331199646
2641,493.5,1.27706849575043
2642,493.7,1.09599804878235
2643,493.9,1.14853918552399
2644,494.1,1.15271294116974
2645,494.2,0.554873585700989
2646,494.4,1.27485883235931
2647,494.5,0.472501844167709
2648,494.7,0.928431153297424
2649,494.8,0.583476543426514
2650,495.0,1.34335875511169
2651,495.1,1.22256326675415
2652,495.4,1.15639579296112
2653,495.6,0.864105105400085
2654,495.8,0.887429416179657
2655,496.0,1.00245523452759
2656,496.2,0.85158360004425
2657,496.4,1.0046648979187
2658,496.6,0.751534521579742
2659,496.8,1.17751038074493
2660,497.0,1.05340039730072
2661,497.1,0.561625361442566
2662,497.3,1.07647919654846
2663,497.4,0.990424752235413
2664,497.7,0.933341503143311
2665,497.9,0.911244809627533
2666,498.0,0.549226641654968
2667,498.1,0.896390855312347
2668,498.3,0.525165736675262
2669,498.5,1.0477534532547
2670,498.7,0.897495687007904
2671,498.8,0.319297820329666
2672,498.9,0.828136503696442
2673,499.2,0.903633713722229
2674,499.3,0.946354031562805
2675,499.6,0.859808504581451
2676,499.7,0.386201828718185
2677,499.9,1.11870861053467
2678,500.0,0.825558543205261
2679,500.3,1.01387178897858
2680,500.5,0.867910623550415
2681,500.6,0.509698033332825
2682,500.8,0.993125438690186
2683,501.0,0.859440207481384
2684,501.1,0.468450784683228
2685,501.3,0.880309343338013
2686,501.5,0.72354531288147
2687,501.6,0.989319920539856
2688,501.9,1.22415912151337
2689,502.1,0.871716201305389
2690,502.3,1.04885828495026
2691,502.5,0.998035848140717
2692,502.7,1.03928303718567
2693,502.9,2.33783459663391
2694,503.1,3.99803590774536
2695,503.2,4.24944734573364
2696,503.4,1.83672964572906
2697,503.7,0.960716903209686
2698,503.8,0.658114433288574
2699,504.0,2.0682544708252
2700,504.2,2.69997549057007
2701,504.3,0.833906233310699
2702,504.4,1.19739747047424
2703,504.7,1.03940582275391
2704,504.9,1.5294623374939
2705,505.1,2.00085926055908
2706,505.3,2.28541612625122
2707,505.4,1.18229806423187
2708,505.7,0.89270806312561
2709,505.8,0.925484895706177
2710,506.1,1.53940582275391
2711,506.3,1.21311068534851
2712,506.5,0.856985032558441
2713,506.6,0.527743697166443
2714,506.8,1.06493985652924
2715,507.0,1.18242084980011
2716,507.2,1.92536211013794
2717,507.3,0.937515318393707
2718,507.4,1.10164499282837
2719,507.7,0.832064807415009
2720,507.8,0.482322603464127
2721,508.0,1.0766019821167
2722,508.2,1.30677628517151
2723,508.4,1.12349617481232
2724,508.6,0.901055753231049
2725,508.8,0.896268129348755
2726,508.9,0.900073647499084
2727,509.2,0.922293126583099
2728,509.3,0.483059167861938
2729,509.5,1.09710288047791
2730,509.6,0.815492272377014
2731,509.8,0.364350587129593
2732,510.0,0.889270782470703
2733,510.2,0.769211888313293
2734,510.3,0.451387196779251
2735,510.5,0.769089102745056
2736,510.7,0.746992409229279
2737,510.9,1.04419350624084
2738,511.1,1.0694819688797
2739,511.2,0.634912848472595
2740,511.4,0.848269104957581
2741,511.6,0.989197134971619
2742,511.8,0.840903520584106
2743,511.9,1.01976430416107
2744,512.2,0.787503063678741
2745,512.3,0.447581648826599
2746,512.5,0.877731382846832
2747,512.7,0.852688431739807
2748,512.9,1.15553641319275
2749,513.1,0.993002712726593
2750,513.2,0.550208687782288
2751,513.4,0.972379088401794
2752,513.5,0.329364091157913
2753,513.7,0.780382990837097
2754,513.9,0.790694832801819
2755,514.0,0.851951897144318
2756,514.3,0.815860569477081
2757,514.5,0.917259991168976
2758,514.6,0.509084224700928
2759,514.8,0.873680353164673
2760,515.0,1.05646944046021
2761,515.1,0.917382776737213
2762,515.3,1.03253126144409
2763,515.6,0.879450023174286
2764,515.8,0.866560280323029
2765,516.0,0.868156135082245
2766,516.2,0.916155159473419
2767,516.4,0.881291449069977
2768,516.6,0.852688431739807
2769,516.7,0.46525901556015
2770,516.9,0.936410486698151
2771,517.1,0.982568144798279
2772,517.3,0.921924889087677
2773,517.4,0.311686724424362
2774,517.5,0.709059655666351
2775,517.8,1.10520505905151
2776,518.0,0.909648895263672
2777,518.2,0.915541350841522
2778,518.4,0.80788117647171
2779,518.5,0.381414204835892
2780,518.7,1.06899094581604
2781,518.9,1.17075860500336
2782,519.1,1.3033390045166
2783,519.3,1.02737534046173
2784,519.4,0.403756439685822
2785,519.6,0.966854870319366
2786,519.8,1.00122761726379
2787,520.0,1.21716177463531
2788,520.2,1.18242084980011
2789,520.4,0.999631702899933
2790,520.5,0.4779032766819
2791,520.7,0.878959000110626
2792,520.9,1.54173827171326
2793,521.0,0.755217313766479
2794,521.2,1.51902770996094
2795,521.4,0.891480505466461
2796,521.6,0.946599543094635
2797,521.8,1.04173827171326
2798,522.0,1.06739509105682
2799,522.2,1.14461088180542
2800,522.4,0.950036823749542
2801,522.6,0.709182441234589
2802,522.7,0.465750068426132
2803,522.9,0.958752751350403
2804,523.1,1.12693345546722
2805,523.2,0.530935406684875
2806,523.3,0.866805791854858
2807,523.5,0.61060643196106
2808,523.8,0.825435817241669
2809,524.0,0.88325560092926
2810,524.1,0.346673220396042
2811,524.3,1.17763316631317
2812,524.4,0.850233256816864
2813,524.7,0.854284286499023
2814,524.9,0.803093552589417
2815,525.1,1.0195187330246
2816,525.2,0.424257308244705
2817,525.4,0.821875751018524
2818,525.6,0.658605456352234
2819,525.8,0.816842615604401
2820,526.0,0.831573784351349
2821,526.2,0.758654534816742
2822,526.4,0.73864471912384
2823,526.5,0.754726231098175
2824,526.7,0.903265416622162
2825,527.0,1.00024557113647
2826,527.2,0.755094528198242
2827,527.3,0.404247492551804
2828,527.5,0.69162780046463
2829,527.7,0.739995062351227
2830,527.8,0.393812924623489
2831,528.0,0.956665873527527
2832,528.2,0.896390855312347
2833,528.4,0.716793537139893
2834,528.6,0.836361408233643
2835,528.7,0.29216793179512
2836,528.9,0.87147068977356
2837,529.0,0.4372698366642
2838,529.2,0.859931230545044
2839,529.4,0.814387440681458
2840,529.5,0.942916750907898
2841,529.8,0.862509191036224
2842,529.9,0.401546776294708
2843,530.1,0.703535497188568
2844,530.2,0.409648895263672
2845,530.4,0.76393324136734
2846,530.6,0.684139430522919
2847,530.8,0.871838927268982
2848,530.9,0.786521017551422
2849,531.1,0.894917726516724
2850,531.3,0.466363847255707
2851,531.5,0.815001249313354
2852,531.7,0.763687670230865
2853,531.9,0.822244048118591
2854,532.1,0.947949886322021
2855,532.2,0.311686724424362
2856,532.3,0.931868374347687
2857,532.6,0.818684041500092
2858,532.8,1.10459125041962
2859,533.0,1.22342252731323
2860,533.2,1.35403883457184
2861,533.3,0.592929065227509
2862,533.5,1.04075622558594
2863,533.7,0.75828629732132
2864,533.9,0.974834263324738
2865,534.0,0.549472153186798
2866,534.2,1.03989684581757
2867,534.4,0.971888065338135
2868,534.5,0.416400700807571
2869,534.7,1.44672226905823
2870,534.9,2.4252393245697
2871,535.0,1.97434318065643
2872,535.2,3.3750307559967
2873,535.3,2.11207962036133
2874,535.6,0.998895168304443
2875,535.8,1.38669288158417
2876,536.0,1.8380800485611
2877,536.1,1.00159585475922
2878,536.2,2.13196659088135
2879,536.4,0.625583112239838
2880,536.5,1.0117849111557
2881,536.8,1.14178740978241
2882,536.9,0.801865935325623
2883,537.1,1.81193220615387
2884,537.3,1.50085926055908
2885,537.4,0.721458375453949
2886,537.6,0.866191983222961
2887,537.8,0.890866696834564
2888,538.0,1.28811681270599
2889,538.2,1.11919963359833
2890,538.4,0.943407833576202
2891,538.6,0.850601494312286
2892,538.8,0.868524432182312
2893,539.0,1.00294625759125
2894,539.2,1.10373187065125
2895,539.3,0.432973235845566
2896,539.5,0.861895382404327
2897,539.7,0.76135528087616
2898,539.9,1.03056716918945
2899,540.0,0.38092315196991
2900,540.2,1.02725267410278
2901,540.4,0.757672488689423
2902,540.5,0.560888767242432
2903,540.7,0.694819569587708
2904,540.9,0.711392104625702
2905,541.1,0.795605182647705
2906,541.3,0.945371985435486
2907,541.4,0.369383752346039
2908,541.6,0.679720103740692
2909,541.8,0.72047632932663
2910,542.0,1.05450522899628
2911,542.1,0.733366072177887
2912,542.4,0.700098216533661
2913,542.6,0.80530321598053
2914,542.7,0.314755707979202
2915,542.9,0.826417863368988
2916,543.1,0.733611583709717
2917,543.3,1.01227593421936
2918,543.4,0.672722816467285
2919,543.6,0.763073921203613
2920,543.8,0.347778052091599
2921,544.0,0.721581161022186
2922,544.2,0.810581862926483
2923,544.4,0.733979880809784
2924,544.5,0.514976680278778
2925,544.7,1.06849992275238
2926,544.8,0.511662185192108
2927,545.0,0.765651881694794
2928,545.2,0.977166712284088
2929,545.4,0.722440481185913
2930,545.5,0.294868648052216
2931,545.6,0.825435817241669
2932,545.8,0.315615028142929
2933,546.0,0.880800366401672
2934,546.2,0.713110744953156
2935,546.3,0.435428440570831
2936,546.5,0.902160584926605
2937,546.7,0.856371223926544
2938,546.9,1.06690394878387
2939,547.1,0.889270782470703
2940,547.2,1.27461326122284
2941,547.4,0.412349611520767
2942,547.6,0.866437494754791
2943,547.8,0.664129614830017
2944,547.9,0.469310104846954
2945,548.1,0.992757201194763
2946,548.3,0.806776344776154
2947,548.4,0.794623136520386
2948,548.7,1.26442420482635
2949,548.9,2.88190531730652
2950,549.1,4.74171352386475
2951,549.2,3.1358950138092
2952,549.3,4.65897369384766
2953,549.5,1.5471396446228
2954,549.7,0.558556318283081
2955,549.9,2.02860307693481
