#"+ Scan (rt: 0.088-70.002 min, 11384 scans) BARLEYSTRAW_400_2_20231024.D "
#Point,X(Thompsons),Y(Counts)
0,10.2,4.4504566192627
1,10.4,4.73770189285278
2,10.6,4.29418468475342
3,10.8,4.40899515151978
4,11.0,4.64801454544067
5,11.2,4.61173582077026
6,11.3,2.40056228637695
7,11.5,3.9993851184845
8,11.6,1.75658822059631
9,11.8,4.81614542007446
10,12.0,28.0569229125977
11,12.1,72.2507019042969
12,12.2,61.4212913513184
13,12.4,4.51941299438477
14,12.6,4.06632137298584
15,12.8,6.60462045669556
16,13.0,15.4569568634033
17,13.2,24.3382816314697
18,13.3,2.87860155105591
19,14.2,7898.70263671875
20,14.9,5.35620164871216
21,15.1,153.055694580078
22,15.2,206.910659790039
23,15.4,2.5833625793457
24,16.1,4706.77587890625
25,16.3,0.336964160203934
26,17.1,10054.5986328125
27,18.2,42276.99609375
28,19.0,31.2305870056152
29,19.1,47.0707130432129
30,19.2,48.5709762573242
31,19.4,4.40934658050537
32,19.6,0.471011936664581
33,19.8,0.993851006031036
34,20.0,77.8868560791016
35,20.1,309.117095947266
36,20.3,12.0254745483398
37,20.6,0.676739275455475
38,20.8,2.26914978027344
39,21.0,3.68886160850525
40,21.1,1.6665495634079
41,21.3,3.86709427833557
42,21.5,3.44132113456726
43,21.7,3.37210130691528
44,21.9,8.10848522186279
45,22.1,34.2514915466309
46,22.2,20.0309200286865
47,22.4,4.34328889846802
48,22.7,3.31157755851746
49,22.9,3.61718201637268
50,23.1,3.51537251472473
51,23.3,3.82932186126709
52,23.5,3.63079762458801
53,23.7,3.58573436737061
54,23.8,2.51502108573914
55,24.0,8.71126174926758
56,24.1,11.7478914260864
57,24.3,3.52846097946167
58,24.4,4.33090305328369
59,24.6,1.61744558811188
60,24.8,5.49560785293579
61,25.0,16.2812728881836
62,25.1,31.3223819732666
63,25.3,11.5559558868408
64,25.5,3.32932186126709
65,25.8,4.24446582794189
66,26.0,49.4444847106934
67,26.1,192.893005371094
68,26.3,29.1423053741455
69,26.4,13.2315530776978
70,26.6,1.32115244865417
71,26.8,0.338721007108688
72,27.0,1.40609622001648
73,27.2,80.4300765991211
74,28.1,297069.28125
75,29.0,25.8381061553955
76,29.1,2696.36254882813
77,29.3,0.141338720917702
78,29.9,13.0765991210938
79,30.1,137.477066040039
80,30.2,68.7404251098633
81,30.4,4.68332767486572
82,30.5,3.94615244865417
83,30.7,2.11393189430237
84,30.9,8.04067134857178
85,31.0,5.7118763923645
86,31.2,1.64959597587585
87,32.1,79443.46875
88,32.9,7.84609985351563
89,33.1,52.339599609375
90,33.2,30.389669418335
91,33.4,3.26379132270813
92,33.6,0.346978217363358
93,33.8,1.32167959213257
94,34.0,132.083892822266
95,34.1,265.034881591797
96,34.3,8.1588191986084
97,34.5,0.169975399971008
98,34.7,1.65161633491516
99,34.9,12.0176563262939
100,35.1,23.1199932098389
101,35.2,9.00948715209961
102,35.3,6.19105768203735
103,35.5,1.1253514289856
104,35.7,0.828004240989685
105,35.9,30.3842239379883
106,36.1,179.930160522461
107,36.2,45.9757537841797
108,36.4,1.54576599597931
109,36.6,0.609364032745361
110,36.8,5.65144062042236
111,37.0,27.624210357666
112,37.1,42.0643005371094
113,37.3,10.9660930633545
114,37.5,1.4159346818924
115,37.7,2.65574479103088
116,37.9,24.1676044464111
117,38.1,119.546379089355
118,38.2,51.5334663391113
119,38.4,3.27064299583435
120,38.7,1.26308858394623
121,38.9,13.180516242981
122,39.0,58.8135986328125
123,39.1,302.760009765625
124,39.3,11.3365249633789
125,40.1,7000.05078125
126,40.2,0.517744183540344
127,40.8,0.983661293983459
128,41.0,71.8489990234375
129,41.1,416.548583984375
130,41.3,24.955638885498
131,41.5,0.372891783714294
132,41.7,0.817023873329163
133,41.9,16.6025123596191
134,42.1,200.959060668945
135,42.2,102.437805175781
136,42.4,4.207923412323
137,42.6,0.362438499927521
138,42.8,1.21363317966461
139,43.0,83.5158996582031
140,43.1,456.004028320313
141,43.3,19.0260009765625
142,44.1,16357.923828125
143,44.2,50.2218017578125
144,44.9,22.4700450897217
145,45.1,354.319305419922
146,45.2,75.0134429931641
147,45.4,1.88606822490692
148,45.7,2.05121231079102
149,45.9,17.112964630127
150,46.1,78.2578201293945
151,46.2,24.1801643371582
152,46.4,3.30165147781372
153,46.7,2.59513354301453
154,46.9,30.655481338501
155,47.1,95.7579956054688
156,47.2,32.5213470458984
157,47.4,2.35365414619446
158,47.7,3.1256148815155
159,47.9,26.9052181243896
160,48.1,427.655822753906
161,48.2,24.3222942352295
162,48.4,2.14133882522583
163,48.6,0.912596642971039
164,48.8,5.40398788452148
165,49.0,21.5921459197998
166,49.1,24.0045680999756
167,49.3,7.42129325866699
168,49.5,1.11033034324646
169,49.7,2.36050605773926
170,49.9,23.0889854431152
171,50.1,127.98673248291
172,50.2,49.1232414245605
173,50.4,2.44228744506836
174,50.5,1.95414614677429
175,50.7,1.39089953899384
176,50.9,23.7543048858643
177,51.1,122.454322814941
178,51.2,62.5121231079102
179,51.4,4.005446434021
180,51.6,0.846714675426483
181,51.8,6.17340135574341
182,52.0,43.069221496582
183,52.1,68.31640625
184,52.3,13.9630184173584
185,52.6,2.30121231079102
186,52.8,5.87842607498169
187,53.0,44.0876655578613
188,53.1,80.974967956543
189,53.3,16.1384391784668
190,53.6,1.78759658336639
191,53.8,5.54840135574341
192,54.0,33.340389251709
193,54.1,31.5467319488525
194,54.2,36.9395637512207
195,54.4,3.40952205657959
196,54.5,1.75210821628571
197,54.8,3.04357004165649
198,55.0,75.6127014160156
199,55.1,135.550857543945
200,55.2,114.631767272949
201,55.4,3.68552350997925
202,55.7,1.35470831394196
203,55.9,14.7732782363892
204,56.1,106.074226379395
205,56.2,58.364372253418
206,56.3,23.8382816314697
207,56.6,1.74639844894409
208,56.8,4.06061124801636
209,57.0,50.026439666748
210,57.1,63.0585899353027
211,57.2,78.5684280395508
212,57.4,6.43719244003296
213,57.5,3.13510179519653
214,57.8,5.99244546890259
215,58.0,25.6751575469971
216,58.1,52.2553596496582
217,58.3,12.0794973373413
218,58.6,2.52521085739136
219,58.8,6.53425884246826
220,59.0,35.8080635070801
221,59.1,50.7426223754883
222,59.3,13.4127721786499
223,59.5,1.1665495634079
224,59.7,2.82756495475769
225,59.8,5.3313422203064
226,60.0,74.7213668823242
227,60.1,90.7691497802734
228,60.3,11.8745603561401
229,60.5,1.0439213514328
230,60.7,2.91259670257568
231,60.9,17.3565521240234
232,61.1,39.8403015136719
233,61.2,22.6752452850342
234,61.4,2.02644062042236
235,61.5,2.15205550193787
236,61.8,6.31025981903076
237,62.0,22.5592060089111
238,62.1,15.1932535171509
239,62.2,18.4996490478516
240,62.4,3.18306398391724
241,62.7,2.94237518310547
242,62.9,23.0890731811523
243,63.0,29.9291114807129
244,63.1,61.4366645812988
245,63.3,9.89116287231445
246,63.4,3.72979617118835
247,63.7,2.98998594284058
248,63.9,49.4729461669922
249,64.0,967.203369140625
250,64.2,32.2991905212402
251,64.4,1.63703441619873
252,64.7,2.03601551055908
253,64.9,21.3833446502686
254,65.1,109.268005371094
255,65.2,42.752197265625
256,65.3,16.6023368835449
257,65.6,2.17252278327942
258,65.8,7.85216093063354
259,65.9,16.975492477417
260,66.1,129.784606933594
261,66.2,46.9812889099121
262,66.4,3.76405477523804
263,66.6,0.701950132846832
264,66.8,5.94193601608276
265,66.9,16.3236122131348
266,67.1,102.20581817627
267,67.2,66.0341720581055
268,67.4,3.7096803188324
269,67.6,2.07510542869568
270,67.7,1.61893880367279
271,67.9,17.3639316558838
272,68.1,58.1112976074219
273,68.2,36.6276359558105
274,68.4,3.79708361625671
275,68.5,2.75764226913452
276,68.8,6.26141977310181
277,69.0,57.2738914489746
278,69.1,56.487174987793
279,69.2,64.2613296508789
280,69.4,7.19711875915527
281,69.7,3.21732258796692
282,69.9,17.7471885681152
283,70.1,65.2914581298828
284,70.2,32.2336616516113
285,70.3,21.7716979980469
286,70.5,2.60989117622375
287,70.8,6.0463809967041
288,71.0,33.3255462646484
289,71.2,56.9532661437988
290,71.3,15.0874910354614
291,71.4,7.64757537841797
292,71.7,2.69755792617798
293,71.9,10.3329229354858
294,72.1,21.5649166107178
295,72.2,15.4094343185425
296,72.4,2.21213984489441
297,72.6,0.388439923524857
298,72.8,3.88905477523804
299,73.0,104.424980163574
300,73.1,648.466857910156
301,73.3,12.7940969467163
302,73.4,1.88773715496063
303,73.6,0.295151084661484
304,73.8,5.68692922592163
305,74.0,54.7978744506836
306,74.1,78.9858551025391
307,74.3,15.0641250610352
308,74.5,1.7944483757019
309,74.7,1.54804992675781
310,74.9,28.4186573028564
311,75.1,146.53645324707
312,75.2,60.7731018066406
313,75.4,2.73691153526306
314,75.6,1.06842935085297
315,75.8,8.07405090332031
316,76.0,59.1086616516113
317,76.1,39.3711357116699
318,76.2,35.094783782959
319,76.4,3.35505962371826
320,76.7,1.62043213844299
321,76.9,28.9038124084473
322,77.1,247.989547729492
323,77.2,99.6144561767578
324,77.4,1.7531623840332
325,77.6,0.392304986715317
326,77.8,3.63694667816162
327,78.0,101.708892822266
328,78.1,268.476196289063
329,78.3,20.9548492431641
330,78.5,0.835822224617004
331,78.7,0.776791989803314
332,78.9,35.1343994140625
333,79.1,400.682434082031
334,79.2,96.7579956054688
335,79.4,0.578267753124237
336,79.7,1.53671824932098
337,79.9,21.9772491455078
338,80.0,23.6587314605713
339,80.1,47.1362457275391
340,80.3,11.5861740112305
341,80.5,1.28838717937469
342,80.8,5.51616287231445
343,81.0,179.666458129883
344,81.1,249.695007324219
345,81.3,10.1136684417725
346,81.6,1.28759658336639
347,81.8,9.36489772796631
348,82.0,49.0433082580566
349,82.1,34.5153732299805
350,82.2,41.6336097717285
351,82.4,6.70467329025269
352,82.7,4.40144062042236
353,82.9,26.8972244262695
354,83.1,81.6380920410156
355,83.2,33.4192733764648
356,83.3,19.98313331604
357,83.6,2.58652496337891
358,83.8,6.49894571304321
359,84.0,27.2340126037598
360,84.1,20.0034255981445
361,84.2,25.8203620910645
362,84.4,2.71556568145752
363,84.7,1.03188681602478
364,84.9,71.0793228149414
365,85.1,546.209594726563
366,85.2,42.6567993164063
367,85.4,0.232607170939445
368,85.6,0.342059016227722
369,85.8,7.44984197616577
370,86.0,27.6840305328369
371,86.1,26.6080455780029
372,86.3,8.40012264251709
373,86.5,1.18007731437683
374,86.7,4.33037614822388
375,86.9,24.2673053741455
376,87.1,54.5750160217285
377,87.2,27.7530746459961
378,87.4,4.86305332183838
379,87.7,4.64406204223633
380,87.9,14.0533208847046
381,88.1,19.3309917449951
382,88.2,8.4174280166626
383,88.3,7.20897769927979
384,88.5,1.35365426540375
385,88.7,4.68025302886963
386,88.8,8.52565002441406
387,89.0,50.7699394226074
388,89.1,46.9869995117188
389,89.3,11.3595399856567
390,89.5,1.70186221599579
391,89.7,4.39432525634766
392,89.9,11.2193431854248
393,90.1,17.3590126037598
394,90.2,11.9566059112549
395,90.4,1.96372103691101
396,90.5,1.375
397,90.7,1.59636330604553
398,90.9,25.7886505126953
399,91.0,71.5661468505859
400,91.1,238.812454223633
401,91.3,21.5659694671631
402,91.6,1.18675339221954
403,91.8,5.86261415481567
404,92.0,39.104621887207
405,92.1,74.1693572998047
406,92.3,15.6016340255737
407,92.5,1.13466262817383
408,92.7,2.94694304466248
409,92.9,16.7111740112305
410,93.1,40.5488395690918
411,93.2,28.1576766967773
412,93.4,3.25650024414063
413,93.5,2.29910397529602
414,93.8,7.79611730575562
415,94.0,64.5827484130859
416,94.1,180.917694091797
417,94.2,73.9526519775391
418,94.4,2.9972767829895
419,94.6,2.0819571018219
420,94.8,7.13334512710571
421,94.9,13.5726461410522
422,95.1,60.4674110412598
423,95.2,38.7564125061035
424,95.4,4.06755113601685
425,95.6,2.21881580352783
426,95.8,10.0395288467407
427,96.0,167.368057250977
428,96.1,331.686920166016
429,96.3,24.5055332183838
430,96.6,6.04787397384644
431,96.8,25.189037322998
432,96.9,23.2066059112549
433,97.1,60.1616287231445
434,97.2,42.9465026855469
435,97.4,8.12886524200439
436,97.7,4.85593795776367
437,97.9,16.575719833374
438,98.1,33.3627891540527
439,98.2,28.0189743041992
440,98.4,4.36656713485718
441,98.6,2.91830635070801
442,98.8,5.0400562286377
443,99.0,13.1472244262695
444,99.1,9.04198837280273
445,99.2,14.1820096969604
446,99.4,4.67621231079102
447,99.7,3.0035138130188
448,99.9,6.56377363204956
449,100.1,9.59012603759766
450,100.2,7.44044256210327
451,100.4,2.49024939537048
452,100.6,1.11770904064178
453,100.8,5.5338191986084
454,101.0,12.2738933563232
455,101.2,12.7789001464844
456,101.3,5.50307464599609
457,101.6,2.70862603187561
458,101.8,9.59943771362305
459,102.0,27.7296199798584
460,102.1,26.9923572540283
461,102.3,5.86841201782227
462,102.4,2.94009137153625
463,102.7,3.47786355018616
464,102.9,37.1288642883301
465,103.1,138.908905029297
466,103.2,38.3339767456055
467,103.3,12.765811920166
468,103.6,2.49455380439758
469,103.8,11.3334503173828
470,104.0,50.7989273071289
471,104.1,36.685173034668
472,104.2,36.0261764526367
473,104.4,4.27266359329224
474,104.6,1.30349612236023
475,104.8,9.73190402984619
476,105.0,70.2965545654297
477,105.1,100.897666931152
478,105.3,16.5510368347168
479,105.5,0.984715402126312
480,105.7,2.71547794342041
481,105.8,4.61841201782227
482,106.0,28.0317115783691
483,106.1,24.2651958465576
484,106.2,28.4000358581543
485,106.4,4.15556907653809
486,106.7,2.84574842453003
487,106.9,17.1248245239258
488,107.0,25.1873683929443
489,107.1,56.5254745483398
490,107.3,10.1152496337891
491,107.4,4.33309888839722
492,107.6,0.957659900188446
493,107.8,5.69922685623169
494,108.0,24.7693252563477
495,108.1,37.4991226196289
496,108.3,10.8282680511475
497,108.5,2.74894595146179
498,108.8,5.89889335632324
499,108.9,7.88703441619873
500,109.1,23.8303756713867
501,109.2,17.8150043487549
502,109.4,3.45484900474548
503,109.6,2.93359088897705
504,109.8,5.84530925750732
505,110.0,17.7935695648193
506,110.1,12.2111740112305
507,110.2,18.5834503173828
508,110.4,4.78724527359009
509,110.6,1.18165850639343
510,110.8,5.59662675857544
511,110.9,6.95739650726318
512,111.1,22.6368579864502
513,111.2,17.3226451873779
514,111.4,5.29111051559448
515,111.7,3.3309907913208
516,111.9,9.67366504669189
517,112.1,17.7800426483154
518,112.2,8.20581531524658
519,112.3,8.68771934509277
520,112.5,1.53610324859619
521,112.7,3.06974697113037
522,112.8,3.4950807094574
523,113.0,13.1940441131592
524,113.2,14.5534086227417
525,113.3,6.56913232803345
526,113.5,2.09276175498962
527,113.8,3.39432525634766
528,114.0,6.82958555221558
529,114.1,3.99692559242249
530,114.2,5.8769326210022
531,114.4,1.27064299583435
532,114.6,2.11445879936218
533,114.8,10.9275302886963
534,115.0,67.8619079589844
535,115.1,81.5667572021484
536,115.3,12.0751934051514
537,115.4,3.56799006462097
538,115.6,0.790495455265045
539,115.8,5.7539529800415
540,116.0,19.640811920166
541,116.2,24.1759490966797
542,116.3,8.80428695678711
543,116.6,2.39590644836426
544,116.8,8.3034086227417
545,117.0,43.3031463623047
546,117.1,29.2312889099121
547,117.2,33.129566192627
548,117.4,4.37254047393799
549,117.6,1.07466614246368
550,117.8,7.01589965820313
551,118.0,25.440881729126
552,118.1,18.0982074737549
553,118.2,21.1022491455078
554,118.4,4.26203441619873
555,118.7,4.21161270141602
556,118.8,8.05709743499756
557,119.0,77.889404296875
558,119.1,80.4638977050781
559,119.3,12.6979970932007
560,119.6,1.78443431854248
561,119.8,6.12087154388428
562,120.0,22.0959243774414
563,120.1,14.7738056182861
564,120.2,20.0715045928955
565,120.4,4.28162336349487
566,120.6,1.15600848197937
567,120.8,7.74947309494019
568,121.0,28.1229801177979
569,121.1,19.081693649292
570,121.2,22.3942375183105
571,121.4,3.78338027000427
572,121.6,1.06140196323395
573,121.8,6.76967668533325
574,122.0,24.9857692718506
575,122.1,18.2255802154541
576,122.2,22.720573425293
577,122.4,2.73814129829407
578,122.6,2.07677435874939
579,122.7,1.82563245296478
580,122.9,9.54840087890625
581,123.1,16.0431308746338
582,123.2,11.8611211776733
583,123.4,2.32141613960266
584,123.6,2.39845395088196
585,123.7,1.49437808990479
586,123.9,6.6607518196106
587,124.0,5.45642995834351
588,124.2,11.3060436248779
589,124.3,6.16751575469971
590,124.6,2.56772661209106
591,124.8,8.25087833404541
592,124.9,9.6682186126709
593,125.1,22.458625793457
594,125.2,16.7953262329102
595,125.4,5.38070964813232
596,125.7,5.32484197616577
597,125.8,4.75447988510132
598,126.0,16.0216083526611
599,126.1,8.85602569580078
600,126.2,12.527494430542
601,126.4,4.72663402557373
602,126.7,4.81078720092773
603,126.9,13.5156364440918
604,127.0,9.69053077697754
605,127.2,17.3068332672119
606,127.3,7.23207998275757
607,127.5,2.5449755191803
608,127.8,7.07817983627319
609,128.0,29.7501754760742
610,128.2,39.643798828125
611,128.3,12.4269151687622
612,128.5,1.24051296710968
613,128.7,4.33195734024048
614,128.9,22.8205375671387
615,129.1,48.9304275512695
616,129.2,30.9765453338623
617,129.4,3.42463111877441
618,129.6,1.84680247306824
619,129.8,5.15969800949097
620,129.9,6.77740669250488
621,130.1,18.0786190032959
622,130.2,13.7406005859375
623,130.4,3.46213984489441
624,130.7,3.752108335495
625,130.9,20.9336795806885
626,131.1,46.1578521728516
627,131.2,18.1343994140625
628,131.3,11.2802181243896
629,131.5,2.32598376274109
630,131.8,7.92647552490234
631,132.0,27.105411529541
632,132.1,16.7052879333496
633,132.2,19.1498603820801
634,132.4,2.92955017089844
635,132.7,2.84618759155273
636,132.9,36.1227149963379
637,133.1,335.424468994141
638,133.2,53.8931846618652
639,133.4,3.37315535545349
640,133.6,1.27582573890686
641,133.8,11.8452215194702
642,134.0,42.7008094787598
643,134.1,24.5053577423096
644,134.2,23.7850494384766
645,134.4,4.10040426254272
646,134.7,3.7492094039917
647,134.9,25.6679553985596
648,135.0,46.7657241821289
649,135.1,94.3323059082031
650,135.3,13.3572559356689
651,135.5,1.01080465316772
652,135.7,2.63220310211182
653,135.9,10.307975769043
654,136.1,20.2751235961914
655,136.2,14.8439035415649
656,136.4,3.71495079994202
657,136.6,1.30472588539124
658,136.8,10.5485773086548
659,137.0,61.7783737182617
660,137.1,45.1310615539551
661,137.2,34.5847663879395
662,137.4,2.23585724830627
663,137.6,1.91110324859619
664,137.8,4.76792001724243
665,138.0,12.9331521987915
666,138.1,7.66496849060059
667,138.2,10.9028463363647
668,138.4,3.09416723251343
669,138.7,2.92032670974731
670,138.9,24.3299369812012
671,139.1,119.707221984863
672,139.2,32.9086418151855
673,139.3,9.07088851928711
674,139.6,1.68499648571014
675,139.8,5.17682695388794
676,139.9,6.69263887405396
677,140.1,18.7747707366943
678,140.2,12.8887910842896
679,140.4,3.03294086456299
680,140.7,3.34741735458374
681,140.9,15.1134052276611
682,141.1,35.2203979492188
683,141.2,14.3337135314941
684,141.3,9.93218517303467
685,141.5,1.26018977165222
686,141.7,3.14046025276184
687,141.8,3.90398812294006
688,142.0,20.7520198822021
689,142.1,13.1083097457886
690,142.2,14.1837663650513
691,142.4,2.1226282119751
692,142.6,2.34636330604553
693,142.8,5.76344013214111
694,143.0,14.0037775039673
695,143.1,7.93613862991333
696,143.2,12.7926034927368
697,143.4,2.32738924026489
698,143.6,2.06377363204956
699,143.8,4.12359428405762
700,144.0,10.0285491943359
701,144.2,11.8630533218384
702,144.3,3.97189044952393
703,144.4,3.04348206520081
704,144.6,1.19202387332916
705,144.8,7.04708385467529
706,145.0,24.3920421600342
707,145.1,15.123067855835
708,145.2,20.0287246704102
709,145.4,3.96117353439331
710,145.7,3.13281798362732
711,145.9,10.1516160964966
712,146.1,17.6758613586426
713,146.2,11.8215036392212
714,146.4,2.47268104553223
715,146.7,3.18517208099365
716,146.9,34.4317474365234
717,147.1,224.114196777344
718,147.2,51.1605758666992
719,147.3,12.0165147781372
720,147.6,1.56623327732086
721,147.8,7.77547454833984
722,148.0,33.152229309082
723,148.1,36.8230857849121
724,148.3,7.31535482406616
725,148.4,3.92603659629822
726,148.7,4.25456762313843
727,148.9,25.9838371276855
728,149.1,63.693603515625
729,149.2,30.1073436737061
730,149.4,3.288738489151
731,149.7,2.33793044090271
732,149.9,9.20511245727539
733,150.1,14.8984537124634
734,150.2,9.91400241851807
735,150.4,3.31957125663757
736,150.7,3.2926914691925
737,150.9,14.9775123596191
738,151.1,26.823787689209
739,151.2,16.397575378418
740,151.4,3.19334149360657
741,151.7,2.55156350135803
742,151.8,4.02890014648438
743,152.0,17.399507522583
744,152.2,20.6585559844971
745,152.3,6.04778623580933
746,152.4,3.61726975440979
747,152.6,1.26510894298553
748,152.8,8.98445224761963
749,153.0,30.9061832427979
750,153.1,34.7245254516602
751,153.3,9.42181968688965
752,153.6,1.96793746948242
753,153.8,6.83916044235229
754,154.0,25.8393363952637
755,154.2,32.9505462646484
756,154.3,10.9602947235107
757,154.6,3.19053053855896
758,154.8,10.279953956604
759,155.0,38.1288642883301
760,155.1,41.2926025390625
761,155.3,10.6212224960327
762,155.5,1.06711173057556
763,155.7,2.94272661209106
764,155.9,9.22628211975098
765,156.1,16.5550765991211
766,156.2,7.47645807266235
767,156.3,6.94764566421509
768,156.6,2.02073073387146
769,156.8,4.89230489730835
770,157.0,11.5979442596436
771,157.2,13.0048313140869
772,157.3,6.21275472640991
773,157.6,1.67015111446381
774,157.8,3.52319049835205
775,158.0,8.05200290679932
776,158.1,9.48322200775146
777,158.3,3.27380537986755
778,158.4,2.83406543731689
779,158.6,1.77942728996277
780,158.8,14.1359806060791
781,159.0,49.9055709838867
782,159.1,43.5188865661621
783,159.3,8.48278331756592
784,159.6,1.57861912250519
785,159.8,4.99367523193359
786,160.0,12.0744028091431
787,160.2,12.4056568145752
788,160.3,5.40653562545776
789,160.5,0.966531991958618
790,160.7,4.86964178085327
791,160.9,26.1336078643799
792,161.1,41.2791633605957
793,161.2,12.4894590377808
794,161.4,2.68464517593384
795,161.7,3.3692901134491
796,161.8,4.56219244003296
797,162.0,15.2767915725708
798,162.1,12.276177406311
799,162.3,3.12587833404541
800,162.5,2.59460639953613
801,162.7,6.2951512336731
802,162.9,48.565616607666
803,163.0,97.1810455322266
804,163.2,15.9814653396606
805,163.3,6.03294086456299
806,163.6,2.48208022117615
807,163.8,7.94615268707275
808,164.0,17.4289360046387
809,164.1,14.9364900588989
810,164.3,5.21398448944092
811,164.6,2.68798303604126
812,164.8,11.3787775039673
813,165.0,41.8694648742676
814,165.1,38.6028633117676
815,165.3,8.35418128967285
816,165.5,0.95001757144928
817,165.7,2.82668662071228
818,165.9,8.94984149932861
819,166.1,13.0339069366455
820,166.2,9.73076248168945
821,166.4,1.77758252620697
822,166.6,1.96108567714691
823,166.8,4.78408288955688
824,166.9,4.97698545455933
825,167.1,12.0731725692749
826,167.2,8.49964904785156
827,167.4,2.67436742782593
828,167.7,2.24051308631897
829,167.9,5.50957489013672
830,168.1,9.60435676574707
831,168.2,4.10602617263794
832,168.3,5.22716093063354
833,168.5,1.00922346115112
834,168.7,2.3735945224762
835,168.9,5.61999320983887
836,169.1,8.82326030731201
837,169.2,6.97355937957764
838,169.4,1.55156362056732
839,169.6,1.8732430934906
840,169.8,3.41189384460449
841,170.0,6.99850654602051
842,170.1,4.39344692230225
843,170.2,6.77898788452148
844,170.4,2.77336621284485
845,170.7,2.25755453109741
846,170.9,6.24429035186768
847,171.0,5.65284633636475
848,171.2,10.9526529312134
849,171.3,5.71477508544922
850,171.6,2.09530925750732
851,171.8,3.00913572311401
852,172.0,5.63641977310181
853,172.1,3.19299006462097
854,172.2,5.96714687347412
855,172.4,1.65425157546997
856,172.6,1.98093819618225
857,172.8,3.06069922447205
858,173.0,5.96099805831909
859,173.2,6.48234367370605
860,173.3,3.89362263679504
861,173.6,1.89529168605804
862,173.8,2.9182186126709
863,173.9,2.53285312652588
864,174.1,5.81930780410767
865,174.2,5.11999320983887
866,174.4,2.26554822921753
867,174.7,2.89274430274963
868,174.9,8.04339408874512
869,175.1,12.0388259887695
870,175.2,7.67111730575562
871,175.4,1.62948000431061
872,175.6,2.45159864425659
873,175.8,7.72391080856323
874,176.0,24.8210639953613
875,176.1,19.2179374694824
876,176.3,4.68060445785522
877,176.6,2.15135288238525
878,176.8,10.784083366394
879,176.9,31.9624042510986
880,177.0,138.723907470703
881,177.2,17.8641948699951
882,177.4,2.11068177223206
883,177.6,0.990161657333374
884,177.8,8.93218517303467
885,178.0,30.9645118713379
886,178.1,27.3477687835693
887,178.3,6.83380174636841
888,178.5,1.02617704868317
889,178.7,3.78759670257568
890,178.8,7.76203441619873
891,179.0,41.3790397644043
892,179.1,36.0971527099609
893,179.3,6.99060106277466
894,179.6,1.72768795490265
895,179.7,1.59864723682404
896,179.9,8.89713668823242
897,180.1,14.5360155105591
898,180.2,9.49648666381836
899,180.4,2.89362263679504
900,180.7,3.11779689788818
901,180.8,3.4156711101532
902,181.0,13.9399156570435
903,181.2,13.8806219100952
904,181.3,3.86814832687378
905,181.4,2.67050242424011
906,181.6,0.850316226482391
907,181.8,3.77644062042236
908,182.0,7.68886137008667
909,182.2,9.68051624298096
910,182.3,5.11656713485718
911,182.5,0.901264905929565
912,182.7,2.31140208244324
913,182.9,4.49244546890259
914,183.1,6.21090984344482
915,183.2,5.01888608932495
916,183.4,1.52336609363556
917,183.6,1.68622624874115
918,183.8,2.86797261238098
919,183.9,2.18675327301025
920,184.1,5.3333625793457
921,184.2,4.82194328308105
922,184.4,1.4178671836853
923,184.6,1.98295855522156
924,184.8,4.03952932357788
925,184.9,4.08063936233521
926,185.1,9.67911148071289
927,185.2,8.06895637512207
928,185.4,3.0849437713623
929,185.7,1.78461003303528
930,185.9,3.44562554359436
931,186.1,5.24156713485718
932,186.3,4.26414251327515
933,186.4,1.33968722820282
934,186.6,2.01721715927124
935,186.8,3.53663039207458
936,187.0,5.99912166595459
937,187.1,6.46951866149902
938,187.3,2.09934997558594
939,187.4,1.91979968547821
940,187.7,2.05964517593384
941,187.8,1.34609973430634
942,188.0,3.37368226051331
943,188.1,1.92937457561493
944,188.3,3.81465220451355
945,188.4,2.00281095504761
946,188.6,1.17138087749481
947,188.8,6.78127193450928
948,189.0,20.4923572540283
949,189.1,19.1719951629639
950,189.3,5.76958894729614
951,189.5,1.84557271003723
952,189.8,3.92146873474121
953,189.9,3.98524236679077
954,190.1,9.95695686340332
955,190.2,5.44729423522949
956,190.4,1.57413911819458
957,190.6,1.05173933506012
958,190.8,9.16944789886475
959,191.0,248.21354675293
960,191.1,261.023712158203
961,191.3,5.87789869308472
962,191.5,0.613492608070374
963,191.7,2.61656713485718
964,191.8,6.53355598449707
965,192.0,67.5005264282227
966,192.1,60.3982772827148
967,192.3,7.06509113311768
968,192.6,1.7486823797226
969,192.8,9.47680950164795
970,193.0,181.063064575195
971,193.1,252.431045532227
972,193.3,7.32132816314697
973,193.5,0.626844704151154
974,193.7,2.51888608932495
975,193.9,23.5570106506348
976,194.0,27.1165676116943
977,194.1,48.9277038574219
978,194.3,8.19044303894043
979,194.5,1.13387215137482
980,194.7,3.62456083297729
981,194.9,19.1308860778809
982,195.1,40.8253707885742
983,195.2,13.3126316070557
984,195.3,7.33432865142822
985,195.6,1.64827823638916
986,195.8,3.88123679161072
987,196.0,8.80463790893555
988,196.2,10.1395816802979
989,196.3,4.69395637512207
990,196.6,2.17515802383423
991,196.8,5.55332040786743
992,197.0,18.9814643859863
993,197.1,40.4811134338379
994,197.3,8.39046001434326
995,197.6,1.51405477523804
996,197.8,3.17410397529602
997,198.0,6.97259330749512
998,198.2,8.93218517303467
999,198.3,4.41189384460449
1000,198.5,0.983397722244263
1001,198.7,2.20247721672058
1002,198.9,4.06061124801636
1003,199.0,2.96987009048462
1004,199.2,5.98638439178467
1005,199.3,2.00043916702271
1006,199.4,2.14248061180115
1007,199.6,0.886507391929626
1008,199.8,3.69773364067078
1009,200.0,6.40732622146606
1010,200.2,7.33107852935791
1011,200.3,2.81825375556946
1012,200.5,2.77986645698547
1013,200.6,1.43315184116364
1014,200.8,4.38369655609131
1015,201.0,5.86630344390869
1016,201.1,2.87543916702271
1017,201.2,4.91857004165649
1018,201.4,1.22918128967285
1019,201.6,1.76335203647614
1020,201.8,2.92630004882813
1021,202.0,4.64450120925903
1022,202.2,5.41988754272461
1023,202.3,3.49226975440979
1024,202.5,0.958450436592102
1025,202.7,3.31983494758606
1026,202.9,9.91417789459229
1027,203.1,14.5580635070801
1028,203.2,8.35242462158203
1029,203.4,2.21916723251343
1030,203.6,0.877723097801208
1031,203.8,3.31992268562317
1032,204.0,5.77503490447998
1033,204.2,5.52424478530884
1034,204.4,3.02283906936646
1035,204.6,2.08424115180969
1036,204.8,6.5007905960083
1037,205.0,20.6886863708496
1038,205.1,21.2012481689453
1039,205.3,6.08046388626099
1040,205.6,2.19140911102295
1041,205.7,1.74077653884888
1042,205.9,7.88518953323364
1043,206.0,9.48840522766113
1044,206.2,3.09926223754883
1045,206.5,0.82457834482193
1046,206.7,1.4599437713623
1047,206.8,4.53926563262939
1048,207.0,203.819747924805
1049,207.1,4833.96533203125
1050,207.3,6.63018274307251
1051,207.5,0.325720310211182
1052,207.7,1.42779338359833
1053,207.9,21.4553756713867
1054,208.1,985.380432128906
1055,208.2,70.97900390625
1056,208.3,8.589599609375
1057,208.6,1.39889323711395
1058,208.8,7.43982791900635
1059,209.0,162.208633422852
1060,209.1,463.817291259766
1061,209.2,62.7461357116699
1062,209.4,1.17331337928772
1063,209.5,1.10128247737885
1064,209.8,5.01300048828125
1065,210.0,50.043571472168
1066,210.1,62.0790596008301
1067,210.3,7.39924478530884
1068,210.6,2.39959597587585
1069,210.8,10.1971187591553
1070,211.0,54.4142646789551
1071,211.1,62.9300765991211
1072,211.3,8.68385410308838
1073,211.5,0.804111003875732
1074,211.7,2.65635991096497
1075,211.9,8.80332088470459
1076,212.1,17.6289520263672
1077,212.2,13.4243679046631
1078,212.4,2.72364711761475
1079,212.6,0.960031628608704
1080,212.8,6.50641250610352
1081,213.0,22.8360862731934
1082,213.1,15.4603834152222
1083,213.2,18.7189044952393
1084,213.4,2.2895290851593
1085,213.6,1.85409343242645
1086,213.8,2.97303223609924
1087,214.0,6.08327484130859
1088,214.1,3.43025302886963
1089,214.2,5.65758943557739
1090,214.4,2.50342583656311
1091,214.7,4.69483470916748
1092,214.9,18.6967678070068
1093,215.1,29.3579578399658
1094,215.2,15.2252283096313
1095,215.4,2.71995782852173
1096,215.7,2.38053417205811
1097,215.8,1.98603308200836
1098,216.0,7.3270378112793
1099,216.2,6.83670043945313
1100,216.3,3.09135627746582
1101,216.6,2.09934997558594
1102,216.8,4.6745433807373
1103,217.0,8.80050945281982
1104,217.1,4.67384052276611
1105,217.2,5.98910760879517
1106,217.4,1.84434294700623
1107,217.6,1.13106119632721
1108,217.8,4.01308870315552
1109,218.0,6.77389335632324
1110,218.1,3.63237881660461
1111,218.2,5.05525302886963
1112,218.4,1.30832743644714
1113,218.6,2.2077476978302
1114,218.8,6.49139165878296
1115,219.0,12.7825899124146
1116,219.1,6.56219244003296
1117,219.2,7.05252981185913
1118,219.4,1.39318346977234
1119,219.6,2.1683943271637
1120,219.7,1.84311318397522
1121,219.9,8.83125400543213
1122,220.1,11.7412157058716
1123,220.2,6.31280755996704
1124,220.4,1.74200630187988
1125,220.6,0.718728065490723
1126,220.8,5.59337663650513
1127,220.9,11.2055521011353
1128,221.1,132.472946166992
1129,221.2,69.3740310668945
1130,221.4,3.87192559242249
1131,221.7,1.94615244865417
1132,221.8,3.47461342811584
1133,222.0,22.8014755249023
1134,222.2,31.1864891052246
1135,222.3,10.069483757019
1136,222.6,2.7531623840332
1137,222.7,2.23462748527527
1138,222.9,16.9404430389404
1139,223.1,41.4989471435547
1140,223.2,19.9297256469727
1141,223.4,2.50430417060852
1142,223.7,2.23989820480347
1143,223.9,5.66857004165649
1144,224.1,9.42050266265869
1145,224.2,3.77380537986755
1146,224.3,4.02723121643066
1147,224.6,2.10795855522156
1148,224.8,7.49833106994629
1149,224.9,13.1567115783691
1150,225.1,48.6577644348145
1151,225.2,24.9902496337891
1152,225.4,3.0859100818634
1153,225.7,1.76994025707245
1154,225.9,6.51651430130005
1155,226.0,5.68016529083252
1156,226.2,10.9699583053589
1157,226.3,4.7476282119751
1158,226.6,1.85242450237274
1159,226.8,4.34284973144531
1160,226.9,4.32572031021118
1161,227.1,13.3359098434448
1162,227.3,11.717059135437
1163,227.4,2.52046728134155
1164,227.5,2.18719244003296
1165,227.7,0.982694983482361
1166,227.9,3.38756155967712
1167,228.0,2.38237881660461
1168,228.2,5.08169364929199
1169,228.3,1.96240341663361
1170,228.4,2.17313766479492
1171,228.7,2.25693964958191
1172,228.9,5.31298303604126
1173,229.1,7.07774066925049
1174,229.2,3.41022491455078
1175,229.3,3.78443431854248
1176,229.6,1.50448000431061
1177,229.7,1.07870697975159
1178,229.9,4.43525981903076
1179,230.1,5.74859428405762
1180,230.2,5.13545322418213
1181,230.4,1.79023194313049
1182,230.6,2.28496146202087
1183,230.8,3.01616311073303
1184,230.9,2.22241735458374
1185,231.1,5.11076927185059
1186,231.2,4.16672515869141
1187,231.4,1.25272309780121
1188,231.6,1.53171122074127
1189,231.8,2.252108335495
1190,232.0,3.13694667816162
1191,232.2,3.10251235961914
1192,232.3,2.53074479103088
1193,232.5,0.899771630764008
1194,232.7,3.7944483757019
1195,232.9,11.0747537612915
1196,233.1,15.4302530288696
1197,233.2,5.97821521759033
1198,233.3,4.69158458709717
1199,233.5,0.76721715927124
1200,233.7,2.24191856384277
1201,233.9,4.3302001953125
1202,234.1,5.86920261383057
1203,234.2,4.40688705444336
1204,234.5,2.21688342094421
1205,234.7,3.74464154243469
1206,234.9,10.2429723739624
1207,235.0,6.85242462158203
1208,235.1,10.6914968490601
1209,235.3,3.52108216285706
1210,235.6,1.70353126525879
1211,235.8,3.70282864570618
1212,236.0,5.26352787017822
1213,236.2,5.02301454544067
1214,236.3,2.81017208099365
1215,236.6,2.08749127388
1216,236.8,5.89704847335815
1217,237.0,10.4840126037598
1218,237.2,9.98093795776367
1219,237.3,4.47496509552002
1220,237.6,2.52670407295227
1221,237.7,1.62104713916779
1222,237.9,3.9139142036438
1223,238.0,2.18411803245544
1224,238.2,4.71389675140381
1225,238.3,2.68666553497314
1226,238.6,1.792076587677
1227,238.8,3.11463451385498
1228,239.0,5.18069219589233
1229,239.1,2.94114542007446
1230,239.2,4.10804653167725
1231,239.4,1.71802532672882
1232,239.6,0.80516517162323
1233,239.8,1.95080816745758
1234,240.0,2.61489820480347
1235,240.1,1.47039699554443
1236,240.3,2.41268444061279
1237,240.5,1.8352952003479
1238,240.6,0.747540414333344
1239,240.8,2.05850315093994
1240,241.0,3.33186936378479
1241,241.2,4.05990886688232
1242,241.3,3.31122636795044
1243,241.5,1.57071328163147
1244,241.8,1.53056919574738
1245,242.0,2.35655307769775
1246,242.2,2.73137736320496
1247,242.3,1.02257549762726
1248,242.4,1.70572733879089
1249,242.6,0.598471522331238
1250,242.8,1.99455380439758
1251,242.9,1.05534088611603
1252,243.1,2.49850678443909
1253,243.2,2.63817644119263
1254,243.4,1.89801478385925
1255,243.7,1.47197818756104
1256,243.8,0.960207283496857
1257,244.0,2.7535138130188
1258,244.1,1.60585033893585
1259,244.3,2.49674987792969
1260,244.5,1.7080991268158
1261,244.7,1.44773364067078
1262,244.8,1.06078708171844
1263,245.0,2.81658458709717
1264,245.2,3.00377726554871
1265,245.3,1.19369292259216
1266,245.5,1.74367535114288
1267,245.7,1.94641602039337
1268,245.9,2.84750533103943
1269,246.1,3.39696073532104
1270,246.3,3.06131410598755
1271,246.4,0.884311318397522
1272,246.6,1.55542862415314
1273,246.8,2.55841541290283
1274,247.0,3.64942026138306
1275,247.1,1.88554108142853
1276,247.3,2.8765811920166
1277,247.5,1.65829229354858
1278,247.7,2.36902666091919
1279,247.9,4.56772661209106
1280,248.0,2.62781095504761
1281,248.1,4.64028453826904
1282,248.3,2.22382283210754
1283,248.5,0.834768116474152
1284,248.7,5.10778284072876
1285,248.9,28.9263000488281
1286,249.0,31.0115070343018
1287,249.1,37.9537963867188
1288,249.3,3.7101194858551
1289,249.6,2.20476102828979
1290,249.8,8.31069946289063
1291,250.0,18.6286888122559
1292,250.1,15.8429374694824
1293,250.3,3.80771255493164
1294,250.5,1.16101551055908
1295,250.7,4.56280755996704
1296,250.9,23.6607513427734
1297,251.0,23.904691696167
1298,251.1,31.4820804595947
1299,251.3,4.86700630187988
1300,251.5,0.925597310066223
1301,251.7,3.92129302024841
1302,251.9,11.7462224960327
1303,252.1,14.6667251586914
1304,252.2,7.49631071090698
1305,252.5,2.01449394226074
1306,252.6,1.22347152233124
1307,252.8,7.85532331466675
1308,252.9,10.037859916687
1309,253.1,26.8920421600342
1310,253.2,11.9255971908569
1311,253.4,1.47215390205383
1312,253.6,1.8337140083313
1313,253.8,3.39722418785095
1314,254.0,6.68332767486572
1315,254.1,5.90249490737915
1316,254.3,3.10593819618225
1317,254.6,1.74525654315948
1318,254.8,3.85137033462524
1319,255.0,7.1285138130188
1320,255.1,6.75307464599609
1321,255.3,2.86375617980957
1322,255.6,1.43903720378876
1323,255.8,1.85057973861694
1324,255.9,1.44606471061707
1325,256.1,2.92867183685303
1326,256.3,2.52573776245117
1327,256.5,1.7936577796936
1328,256.7,1.90539348125458
1329,256.9,2.5849437713623
1330,257.0,1.59504568576813
1331,257.2,2.54901623725891
1332,257.3,2.15925860404968
1333,257.6,1.24464166164398
1334,257.8,1.60339069366455
1335,258.0,2.08828186988831
1336,258.1,1.05384755134583
1337,258.3,1.9196240901947
1338,258.4,0.871925532817841
1339,258.6,1.26800775527954
1340,258.7,0.759574830532074
1341,258.9,2.2468376159668
1342,259.1,2.51018977165222
1343,259.3,2.39274430274963
1344,259.4,1.67630004882813
1345,259.7,1.5398805141449
1346,259.9,1.90328526496887
1347,260.0,0.899508059024811
1348,260.2,2.44017910957336
1349,260.3,1.13475048542023
1350,260.4,1.70458543300629
1351,260.6,0.797347128391266
1352,260.8,1.84267389774323
1353,260.9,1.15609622001648
1354,261.1,2.52204847335815
1355,261.3,2.27696776390076
1356,261.5,1.7088897228241
1357,261.7,1.50693953037262
1358,261.9,1.85699224472046
1359,262.1,2.1699755191803
1360,262.3,2.06412506103516
1361,262.5,1.62948000431061
1362,262.6,0.800597310066223
1363,262.8,2.57264590263367
1364,263.0,3.93991565704346
1365,263.2,3.7490336894989
1366,263.3,2.14485239982605
1367,263.5,1.44931483268738
1368,263.8,1.90996134281158
1369,263.9,1.17963814735413
1370,264.1,2.45625448226929
1371,264.2,1.13756144046783
1372,264.3,1.59724175930023
1373,264.6,1.9132993221283
1374,264.8,9.82036209106445
1375,265.0,52.1965026855469
1376,265.1,54.3982772827148
1377,265.3,6.25764226913452
1378,265.5,0.572909355163574
1379,265.7,2.42542171478271
1380,265.8,3.50052714347839
1381,266.0,15.6213102340698
1382,266.1,15.6441497802734
1383,266.3,3.94641613960266
1384,266.6,2.01739287376404
1385,266.8,14.6141958236694
1386,267.0,120.740600585938
1387,267.1,107.945098876953
1388,267.3,7.50975036621094
1389,267.6,1.51598739624023
1390,267.8,9.45177459716797
1391,268.0,33.2736282348633
1392,268.1,30.2942733764648
1393,268.3,4.46547794342041
1394,268.4,2.81623339653015
1395,268.7,3.89406180381775
1396,268.9,19.1921119689941
1397,269.1,36.0121231079102
1398,269.2,12.6327304840088
1399,269.3,7.69000339508057
1400,269.5,0.725667595863342
1401,269.7,2.34478211402893
1402,269.9,6.17805671691895
1403,270.0,5.17849636077881
1404,270.2,12.6734895706177
1405,270.3,6.89564323425293
1406,270.5,1.78329229354858
1407,270.7,4.40917062759399
1408,270.9,11.5628070831299
1409,271.1,18.013614654541
1410,271.2,7.03127193450928
1411,271.3,5.88395977020264
1412,271.5,1.03689384460449
1413,271.7,2.2450807094574
1414,271.9,4.01361560821533
1415,272.1,4.92032670974731
1416,272.2,3.93104362487793
1417,272.4,1.72408640384674
1418,272.7,2.00913572311401
1419,272.9,4.02169704437256
1420,273.1,5.12412166595459
1421,273.2,1.9169008731842
1422,273.3,2.81922006607056
1423,273.5,0.866567134857178
1424,273.7,1.67375266551971
1425,273.9,2.24130368232727
1426,274.1,2.96582913398743
1427,274.3,2.45098376274109
1428,274.5,1.84926211833954
1429,274.7,2.00500702857971
1430,274.9,2.92796897888184
1431,275.1,3.99262118339539
1432,275.2,2.75360155105591
1433,275.4,1.55323255062103
1434,275.7,1.55235421657562
1435,275.9,1.96653199195862
1436,276.1,2.33898448944092
1437,276.2,2.03417086601257
1438,276.5,1.46222770214081
1439,276.7,1.7515811920166
1440,276.8,1.24745261669159
1441,277.0,3.34609985351563
1442,277.2,2.80780053138733
1443,277.3,1.07211875915527
1444,277.5,1.4588897228241
1445,277.7,1.3767569065094
1446,277.8,0.892919898033142
1447,278.0,2.03425860404968
1448,278.2,1.93271255493164
1449,278.4,1.77775824069977
1450,278.6,1.58239638805389
1451,278.8,3.51203441619873
1452,278.9,2.93367886543274
1453,279.1,7.48735046386719
1454,279.2,5.57853126525879
1455,279.4,1.27415668964386
1456,279.6,1.5431307554245
1457,279.8,2.45177435874939
1458,280.0,4.05832767486572
1459,280.1,3.17182016372681
1460,280.3,0.652846097946167
1461,280.5,0.878338038921356
1462,280.6,0.592498242855072
1463,280.8,7.7087140083313
1464,281.0,195.538040161133
1465,281.1,1200.23950195313
1466,281.3,11.7569398880005
1467,281.5,0.43947646021843
1468,281.7,1.6686577796936
1469,281.9,24.3622627258301
1470,282.1,307.485076904297
1471,282.2,80.9914779663086
1472,282.4,2.01036548614502
1473,282.6,1.72285664081573
1474,282.8,7.62702035903931
1475,283.0,90.7768783569336
1476,283.1,146.093551635742
1477,283.2,71.7221527099609
1478,283.4,3.02969074249268
1479,283.7,1.8318692445755
1480,283.9,13.7052001953125
1481,284.1,39.4046897888184
1482,284.2,21.6697998046875
1483,284.4,2.36770915985107
1484,284.6,2.57211875915527
1485,284.8,10.1174459457397
1486,285.0,36.3268623352051
1487,285.1,22.1127891540527
1488,285.2,24.3560256958008
1489,285.4,3.18965220451355
1490,285.7,2.3378427028656
1491,285.9,6.92085361480713
1492,286.1,10.0083446502686
1493,286.2,4.50298643112183
1494,286.3,4.78338003158569
1495,286.6,1.99226987361908
1496,286.8,4.55797624588013
1497,286.9,4.94949054718018
1498,287.1,12.6350135803223
1499,287.2,8.95212554931641
1500,287.4,2.50052714347839
1501,287.7,1.49455380439758
1502,287.9,2.75052714347839
1503,288.1,3.10488414764404
1504,288.3,3.39458894729614
1505,288.5,1.98717498779297
1506,288.7,3.65108919143677
1507,288.9,11.5108041763306
1508,289.1,14.6589069366455
1509,289.2,9.2437629699707
1510,289.4,1.53197467327118
1511,289.6,1.44334149360657
1512,289.8,3.00325012207031
1513,290.0,4.56447649002075
1514,290.2,4.24929714202881
1515,290.3,1.40723824501038
1516,290.4,1.89687275886536
1517,290.7,1.93174636363983
1518,290.9,3.34364008903503
1519,291.0,2.30683422088623
1520,291.2,3.60699224472046
1521,291.3,2.06087493896484
1522,291.6,1.42419183254242
1523,291.7,0.706342220306396
1524,291.9,1.77854883670807
1525,292.0,0.960734367370605
1526,292.2,2.19799709320068
1527,292.4,1.48155307769775
1528,292.5,0.805516541004181
1529,292.7,3.7099437713623
1530,292.8,4.42515802383423
1531,293.0,14.0850315093994
1532,293.1,12.5932006835938
1533,293.3,3.06403732299805
1534,293.6,1.56236827373505
1535,293.8,2.81702399253845
1536,293.9,2.32528114318848
1537,294.1,4.40785312652588
1538,294.2,3.5406711101532
1539,294.5,1.56228041648865
1540,294.7,2.74226975440979
1541,294.8,3.89687275886536
1542,295.0,20.4963111877441
1543,295.1,13.8248414993286
1544,295.2,18.4539699554443
1545,295.4,2.49218201637268
1546,295.6,1.86120867729187
1547,295.7,1.02538645267487
1548,295.9,5.33775472640991
1549,296.1,9.12227725982666
1550,296.2,7.50834512710571
1551,296.4,2.55481386184692
1552,296.7,3.01914978027344
1553,296.9,8.7138090133667
1554,297.1,13.5543746948242
1555,297.2,8.83028793334961
1556,297.4,1.5382993221283
1557,297.6,1.64801478385925
1558,297.8,2.40574479103088
1559,298.0,3.77275133132935
1560,298.1,2.21134924888611
1561,298.2,3.31228041648865
1562,298.5,1.81315886974335
1563,298.7,2.6202564239502
1564,298.9,12.6855239868164
1565,299.1,25.4798831939697
1566,299.2,11.4416723251343
1567,299.3,8.26791954040527
1568,299.6,1.67515814304352
1569,299.8,3.1240336894989
1570,300.0,6.95159864425659
1571,300.2,7.45256519317627
1572,300.3,3.60321497917175
1573,300.6,1.64968371391296
1574,300.8,2.56271958351135
1575,301.0,4.76291275024414
1576,301.2,5.41206979751587
1577,301.3,2.97373509407043
1578,301.6,1.39318346977234
1579,301.8,1.45976805686951
1580,302.0,1.90530574321747
1581,302.2,2.28399515151978
1582,302.4,1.98243153095245
1583,302.5,0.585119485855103
1584,302.7,1.63343286514282
1585,302.9,2.29831337928772
1586,303.1,2.77758264541626
1587,303.3,2.46477508544922
1588,303.4,0.794009149074554
1589,303.6,1.15961003303528
1590,303.8,1.33634924888611
1591,304.0,1.87297964096069
1592,304.2,1.91154253482819
1593,304.3,0.98014760017395
1594,304.5,1.44615244865417
1595,304.7,1.46890377998352
1596,304.9,1.87008082866669
1597,305.1,2.2501757144928
1598,305.2,1.08099091053009
1599,305.4,1.38290584087372
1600,305.6,1.32457840442657
1601,305.8,1.32721364498138
1602,306.0,1.64265632629395
1603,306.2,1.70142304897308
1604,306.4,1.50623679161072
1605,306.6,1.35918831825256
1606,306.8,2.03153538703918
1607,307.0,3.15776538848877
1608,307.2,3.10576248168945
1609,307.3,1.86885106563568
1610,307.6,1.22900557518005
1611,307.8,1.6248242855072
1612,308.0,1.96134924888611
1613,308.2,1.86094522476196
1614,308.3,1.50570976734161
1615,308.5,0.785049200057983
1616,308.7,1.7060786485672
1617,308.9,2.82492971420288
1618,309.0,1.60251224040985
1619,309.2,3.6650562286377
1620,309.3,1.09680247306824
1621,309.4,1.35953974723816
1622,309.7,1.39414966106415
1623,309.8,0.867182016372681
1624,310.0,2.08362603187561
1625,310.2,2.0027232170105
1626,310.3,0.856992244720459
1627,310.5,1.42498242855072
1628,310.7,2.46556568145752
1629,310.9,4.92225933074951
1630,311.1,6.81860494613647
1631,311.2,2.80033373832703
1632,311.3,2.69316577911377
1633,311.6,1.54980671405792
1634,311.7,0.975140571594238
1635,311.9,2.4972767829895
1636,312.0,2.76387906074524
1637,312.2,1.28056919574738
1638,312.3,1.92129302024841
1639,312.6,1.44966614246368
1640,312.7,1.46187627315521
1641,312.9,5.06500339508057
1642,313.1,7.28882646560669
1643,313.2,3.10576248168945
1644,313.3,3.34434294700623
1645,313.6,1.30270552635193
1646,313.8,2.09653902053833
1647,314.0,2.82431483268738
1648,314.2,2.97874212265015
1649,314.3,1.0409346818924
1650,314.4,1.57044970989227
1651,314.7,1.46653199195862
1652,314.9,2.07290935516357
1653,315.1,2.61182355880737
1654,315.2,1.18157064914703
1655,315.3,1.84276175498962
1656,315.5,0.743675351142883
1657,315.7,1.10532331466675
1658,315.8,0.619026720523834
1659,316.0,1.80841529369354
1660,316.2,1.80841529369354
1661,316.4,1.55270552635193
1662,316.6,1.3328355550766
1663,316.8,1.29752278327942
1664,317.0,1.73576951026917
1665,317.2,1.79655659198761
1666,317.4,1.27433240413666
1667,317.6,1.20036888122559
1668,317.7,0.664617002010345
1669,317.9,1.59847152233124
1670,318.1,1.6665495634079
1671,318.2,1.46758604049683
1672,318.5,1.36595225334167
1673,318.6,0.590829253196716
1674,318.8,1.26572382450104
1675,319.0,1.4594167470932
1676,319.2,1.55999648571014
1677,319.4,1.28408288955688
1678,319.5,1.21055865287781
1679,319.8,1.60330283641815
1680,319.9,0.652055501937866
1681,320.1,1.44509840011597
1682,320.2,0.699402689933777
1683,320.4,1.28566408157349
1684,320.5,0.5616654753685
1685,320.7,1.35804641246796
1686,320.8,0.710910022258759
1687,321.0,1.46758604049683
1688,321.2,1.71547782421112
1689,321.4,1.59170770645142
1690,321.6,1.13070976734161
1691,321.8,1.36999297142029
1692,322.0,1.27275121212006
1693,322.2,1.40144062042236
1694,322.4,1.47663390636444
1695,322.5,0.690003514289856
1696,322.7,2.19738221168518
1697,322.9,3.8748242855072
1698,323.1,6.24209403991699
1699,323.2,3.88211536407471
1700,323.4,0.854444861412048
1701,323.6,1.41900908946991
1702,323.8,2.07624745368958
1703,324.0,2.69703102111816
1704,324.1,2.70370697975159
1705,324.3,1.76774418354034
1706,324.6,2.31008434295654
1707,324.8,9.42550945281982
1708,324.9,10.2977867126465
1709,325.1,28.0650043487549
1710,325.2,7.84838390350342
1711,325.3,4.80252981185913
1712,325.6,1.73225581645966
1713,325.8,4.65618419647217
1714,326.0,8.89072418212891
1715,326.1,7.69457149505615
1716,326.3,1.74165499210358
1717,326.4,2.18227338790894
1718,326.7,5.07879495620728
1719,326.9,29.0353126525879
1720,327.1,70.1743698120117
1721,327.2,16.8568172454834
1722,327.3,7.15978574752808
1723,327.5,0.741479277610779
1724,327.7,3.58362603187561
1725,327.8,4.76062917709351
1726,328.0,16.7958545684814
1727,328.1,16.6391429901123
1728,328.3,3.34056568145752
1729,328.4,2.29023194313049
1730,328.6,1.2522839307785
1731,328.8,6.45774793624878
1732,329.0,12.8116655349731
1733,329.1,12.2135457992554
1734,329.3,3.8785138130188
1735,329.6,1.51098036766052
1736,329.7,0.996486306190491
1737,329.9,3.00860857963562
1738,330.0,1.96284258365631
1739,330.2,3.68710470199585
1740,330.3,2.06315875053406
1741,330.5,0.797874212265015
1742,330.7,1.95230150222778
1743,330.9,3.68323969841003
1744,331.1,3.81965923309326
1745,331.2,1.60716795921326
1746,331.3,1.93280041217804
1747,331.6,1.32203090190887
1748,331.7,0.611472249031067
1749,331.9,1.86665499210358
1750,332.1,1.93666553497314
1751,332.3,1.6677793264389
1752,332.5,1.21178841590881
1753,332.7,1.69228744506836
1754,332.9,1.70168662071228
1755,333.1,1.66927266120911
1756,333.2,0.858836948871613
1757,333.3,1.44219958782196
1758,333.6,1.31842935085297
1759,333.8,1.44808506965637
1760,334.0,1.5411102771759
1761,334.2,1.30955731868744
1762,334.4,1.20432186126709
1763,334.6,1.40469074249268
1764,334.8,1.58722770214081
1765,335.0,1.7929550409317
1766,335.2,1.710822224617
1767,335.3,1.29734718799591
1768,335.6,1.22048485279083
1769,335.8,1.37122273445129
1770,336.0,1.37622976303101
1771,336.2,1.36902666091919
1772,336.4,1.42340123653412
1773,336.5,0.604971885681152
1774,336.7,1.30894231796265
1775,336.9,1.65187978744507
1776,337.1,1.77503514289856
1777,337.3,1.76045322418213
1778,337.5,1.19070625305176
1779,337.7,1.27538645267487
1780,337.9,1.35523545742035
1781,338.0,0.629919171333313
1782,338.2,1.30595576763153
1783,338.3,1.2468376159668
1784,338.6,1.52169716358185
1785,338.7,1.34486997127533
1786,338.9,6.17445516586304
1787,339.0,4.46003150939941
1788,339.2,9.06658458709717
1789,339.3,3.93174624443054
1790,339.6,1.59978914260864
1791,339.7,0.888879120349884
1792,339.9,3.15504217147827
1793,340.1,4.54471206665039
1794,340.2,2.95177435874939
1795,340.5,1.38940620422363
1796,340.7,4.69685506820679
1797,340.9,32.9200630187988
1798,341.0,55.1011085510254
1799,341.1,112.512298583984
1800,341.3,11.3074493408203
1801,341.6,1.79655659198761
1802,341.8,7.68236112594604
1803,341.9,11.3678846359253
1804,342.1,38.9848899841309
1805,342.2,20.2260189056396
1806,342.4,3.71565365791321
1807,342.6,1.33476805686951
1808,342.8,7.35418128967285
1809,343.0,25.8374919891357
1810,343.1,28.054988861084
1811,343.3,8.13387203216553
1812,343.5,1.04374563694
1813,343.7,2.07492971420288
1814,343.9,5.29532670974731
1815,344.0,3.71521425247192
1816,344.2,7.32290935516357
1817,344.3,3.53698182106018
1818,344.5,0.831254363059998
1819,344.7,2.86683058738708
1820,344.9,8.4898099899292
1821,345.0,5.95651769638062
1822,345.1,11.3741216659546
1823,345.3,4.97189044952393
1824,345.6,1.75975048542023
1825,345.7,0.989283204078674
1826,345.9,3.58819389343262
1827,346.0,1.97760009765625
1828,346.2,3.7547435760498
1829,346.3,2.2873330116272
1830,346.5,0.758520722389221
1831,346.7,1.63141250610352
1832,346.9,2.92304992675781
1833,347.0,1.64757549762726
1834,347.2,3.35286355018616
1835,347.3,1.1661981344223
1836,347.4,1.52327823638916
1837,347.6,0.454585373401642
1838,347.8,1.33713984489441
1839,348.0,1.64924454689026
1840,348.2,1.62131059169769
1841,348.4,1.4553759098053
1842,348.6,1.5837140083313
1843,348.7,1.11419534683228
1844,348.9,3.21705913543701
1845,349.0,1.82247018814087
1846,349.2,3.72882986068726
1847,349.3,1.50764226913452
1848,349.5,0.68789529800415
1849,349.7,1.3318692445755
1850,349.9,1.66092765331268
1851,350.1,1.86893880367279
1852,350.3,1.55384755134583
1853,350.5,1.14081168174744
1854,350.7,1.63721013069153
1855,350.8,0.887649357318878
1856,351.0,2.12930417060852
1857,351.2,2.06623339653015
1858,351.3,1.51493322849274
1859,351.5,1.11384403705597
1860,351.8,1.2485066652298
1861,352.0,1.30850315093994
1862,352.2,1.3725403547287
1863,352.3,1.2927793264389
1864,352.6,1.15091359615326
1865,352.7,0.855498969554901
1866,352.9,2.55753684043884
1867,353.1,2.87297964096069
1868,353.2,2.8360857963562
1869,353.5,1.73884403705597
1870,353.7,1.57607161998749
1871,353.9,1.84346449375153
1872,354.1,1.92612433433533
1873,354.3,1.65635979175568
1874,354.5,1.17770552635193
1875,354.7,3.11349272727966
1876,354.9,22.7610683441162
1877,355.0,55.6232414245605
1878,355.1,182.910491943359
1879,355.3,18.5007019042969
1880,355.6,1.7945362329483
1881,355.8,5.59302520751953
1882,356.0,33.9272651672363
1883,356.1,56.1465225219727
1884,356.3,13.7822380065918
1885,356.6,2.24420237541199
1886,356.8,5.8290581703186
1887,357.0,27.4176044464111
1888,357.2,43.3076248168945
1889,357.3,12.4986820220947
1890,357.6,1.74534440040588
1891,357.8,2.9993851184845
1892,358.0,8.6406364440918
1893,358.1,11.3678846359253
1894,358.3,5.506676197052
1895,358.6,1.92313778400421
1896,358.7,1.4161981344223
1897,358.9,8.80015850067139
1898,359.0,7.70625448226929
1899,359.2,16.771520614624
1900,359.3,5.12833786010742
1901,359.4,3.41303586959839
1902,359.6,0.592849612236023
1903,359.8,2.14248061180115
1904,360.0,5.07308483123779
1905,360.2,5.40231895446777
1906,360.3,3.5825719833374
1907,360.6,1.54725933074951
1908,360.7,0.82932186126709
1909,360.9,2.95783567428589
1910,361.1,4.45511245727539
1911,361.2,1.65126490592957
1912,361.3,2.86164784431458
1913,361.6,1.20344340801239
1914,361.8,1.23102605342865
1915,362.0,1.83775472640991
1916,362.2,1.95221364498138
1917,362.4,1.59952569007874
1918,362.6,1.16444134712219
1919,362.7,0.869905114173889
1920,362.9,3.21820092201233
1921,363.1,3.64406180381775
1922,363.2,3.51335215568542
1923,363.4,1.32554459571838
1924,363.7,1.31904423236847
1925,363.9,1.57923400402069
1926,364.0,1.1239458322525
1927,364.1,2.04611730575562
1928,364.3,0.825281083583832
1929,364.5,1.23858046531677
1930,364.7,1.31008434295654
1931,364.8,0.843200981616974
1932,365.0,1.89467668533325
1933,365.2,1.81711173057556
1934,365.3,1.34118056297302
1935,365.6,1.13668310642242
1936,365.8,1.38097333908081
1937,365.9,0.651089251041412
1938,366.1,1.25878429412842
1939,366.2,1.4586261510849
1940,366.4,0.575105428695679
1941,366.6,1.460822224617
1942,366.8,2.41795492172241
1943,367.0,3.8764054775238
1944,367.1,4.46679544448853
1945,367.3,1.15003514289856
1946,367.4,1.48629653453827
1947,367.7,1.33099091053009
1948,367.9,1.80086088180542
1949,368.1,2.10672879219055
1950,368.3,1.81184113025665
1951,368.5,1.31034791469574
1952,368.7,1.6267569065094
1953,368.9,5.69219970703125
1954,369.1,9.4739990234375
1955,369.2,8.20476150512695
1956,369.4,2.0436577796936
1957,369.5,1.64353477954865
1958,369.8,2.19685530662537
1959,370.0,3.55744910240173
1960,370.2,3.96521425247192
1961,370.3,1.5833625793457
1962,370.4,2.22417426109314
1963,370.7,2.10154604911804
1964,370.9,4.201247215271
1965,371.1,5.71117353439331
1966,371.2,4.9178671836853
1967,371.4,2.10084319114685
1968,371.7,1.51879835128784
1969,371.8,1.01765632629395
1970,372.0,2.34899854660034
1971,372.2,2.64010882377625
1972,372.3,1.8304637670517
1973,372.6,1.31763875484467
1974,372.7,1.06245613098145
1975,372.9,4.96477508544922
1976,373.1,9.07932186126709
1977,373.2,7.50368928909302
1978,373.4,2.47074842453003
1979,373.7,1.48111379146576
1980,373.9,2.59759306907654
1981,374.0,1.99701333045959
1982,374.2,3.49701333045959
1983,374.3,2.56711173057556
1984,374.5,0.566145479679108
1985,374.7,1.15899503231049
1986,374.9,2.05982089042664
1987,375.0,1.33468019962311
1988,375.2,2.54708361625671
1989,375.3,1.10339069366455
1990,375.4,1.38009488582611
1991,375.7,1.2101194858551
1992,375.8,0.655569195747375
1993,376.0,1.49139142036438
1994,376.2,1.64054811000824
1995,376.3,0.756324648857117
1996,376.5,1.13299369812012
1997,376.7,1.19984185695648
1998,376.8,1.47751224040985
1999,377.1,1.50421643257141
2000,377.2,0.794009149074554
2001,377.3,1.57405126094818
2002,377.5,1.16215741634369
2003,377.8,1.2063422203064
2004,377.9,0.715214312076569
2005,378.1,1.38896691799164
2006,378.3,1.32651090621948
2007,378.5,1.07756495475769
2008,378.6,1.04848909378052
2009,378.8,0.676387906074524
2010,379.0,1.2497364282608
2011,379.1,0.693341553211212
2012,379.3,1.30498945713043
2013,379.4,1.1677793264389
2014,379.6,0.52582573890686
2015,379.8,1.25527060031891
2016,379.9,1.32431483268738
2017,380.1,1.22408640384674
2018,380.4,1.31236827373505
2019,380.6,1.05411100387573
2020,380.8,1.33880889415741
2021,380.9,0.791110336780548
2022,381.1,1.89125084877014
2023,381.3,1.7521960735321
2024,381.5,1.21178841590881
2025,381.7,1.09434294700623
2026,381.9,1.26291286945343
2027,382.0,0.735593795776367
2028,382.2,1.35128247737885
2029,382.3,0.625
2030,382.5,1.17990159988403
2031,382.7,1.54945540428162
2032,382.9,2.55086088180542
2033,383.0,1.74701333045959
2034,383.2,3.24411463737488
2035,383.3,1.74024951457977
2036,383.5,0.722768783569336
2037,383.7,1.29488754272461
2038,383.9,1.80121219158173
2039,384.1,1.87122273445129
2040,384.3,1.58678841590881
2041,384.5,1.36507380008698
2042,384.7,2.66698884963989
2043,384.9,5.95274066925049
2044,385.1,7.57238245010376
2045,385.2,5.23076248168945
2046,385.4,1.040846824646
2047,385.6,1.44404423236847
2048,385.7,0.960470855236053
2049,385.9,2.8392481803894
2050,386.1,3.25781798362732
2051,386.2,2.81008434295654
2052,386.5,1.71161282062531
2053,386.6,0.974262118339539
2054,386.8,4.54963111877441
2055,387.0,10.1029510498047
2056,387.1,5.68104362487793
2057,387.2,8.16804313659668
2058,387.4,2.20827484130859
2059,387.7,1.57572031021118
2060,387.9,3.42911100387573
2061,388.1,4.4241042137146
2062,388.2,1.85628950595856
2063,388.3,2.41619825363159
2064,388.6,1.3736823797226
2065,388.8,1.93042862415314
2066,388.9,1.72487699985504
2067,389.1,3.51967668533325
2068,389.2,1.59249830245972
2069,389.4,2.26282501220703
2070,389.5,0.681658446788788
2071,389.7,1.21635627746582
2072,389.9,1.77969074249268
2073,390.0,1.81886863708496
2074,390.3,1.61920237541199
2075,390.4,0.485857337713242
2076,390.6,1.1235066652298
2077,390.8,1.19140899181366
2078,391.0,1.69263875484467
2079,391.2,1.44184815883636
2080,391.3,1.17410397529602
2081,391.5,0.484627544879913
2082,391.7,1.05946946144104
2083,391.8,1.27134573459625
2084,392.1,1.11744558811188
2085,392.2,0.519501030445099
2086,392.3,1.14977157115936
2087,392.6,1.0818692445755
2088,392.8,1.01071679592133
2089,393.0,1.23533034324646
2090,393.2,1.11595225334167
2091,393.4,1.20449757575989
2092,393.6,0.925158143043518
2093,393.7,0.480411112308502
2094,393.9,0.979005634784698
2095,394.0,0.533907234668732
2096,394.2,1.11384403705597
2097,394.4,1.24727690219879
2098,394.6,0.944747030735016
2099,394.8,1.13290584087372
2100,395.0,1.18710470199585
2101,395.2,1.17182004451752
2102,395.3,0.592498242855072
2103,395.5,1.27239990234375
2104,395.7,0.989722430706024
2105,395.9,1.26484537124634
2106,396.1,1.2076598405838
2107,396.2,0.655042171478271
2108,396.4,1.18367886543274
2109,396.5,0.564827799797058
2110,396.7,1.23453974723816
2111,396.9,1.52582573890686
2112,397.1,1.82088899612427
2113,397.2,0.885804653167725
2114,397.4,1.65706253051758
2115,397.5,0.579058349132538
2116,397.7,1.16514408588409
2117,397.9,1.3337140083313
2118,398.1,1.32536888122559
2119,398.2,1.32914614677429
2120,398.4,0.473647236824036
2121,398.6,1.46495079994202
2122,398.7,1.42269849777222
2123,398.9,5.96679544448853
2124,399.1,8.59759330749512
2125,399.2,3.51923751831055
2126,399.3,3.59170770645142
2127,399.6,1.35918831825256
2128,399.8,2.34065365791321
2129,400.0,3.4628427028656
2130,400.2,3.39652132987976
2131,400.3,1.50781798362732
2132,400.5,1.7510541677475
2133,400.6,1.43684113025665
2134,400.8,9.26089286804199
2135,401.0,32.2781105041504
2136,401.1,36.1560974121094
2137,401.3,8.46890354156494
2138,401.6,1.99499297142029
2139,401.8,5.32914638519287
2140,401.9,5.85005283355713
2141,402.1,14.5353126525879
2142,402.2,5.98313426971436
2143,402.3,5.14221715927124
2144,402.5,0.879128575325012
2145,402.7,3.11603999137878
2146,402.9,7.39388608932495
2147,403.1,11.252459526062
2148,403.2,7.32870674133301
2149,403.4,1.51335203647614
2150,403.6,1.41013705730438
2151,403.8,2.33222055435181
2152,403.9,1.44140899181366
2153,404.1,3.84030222892761
2154,404.2,1.66127896308899
2155,404.3,2.04919195175171
2156,404.6,1.37087142467499
2157,404.7,1.11472237110138
2158,404.9,2.95959234237671
2159,405.0,1.86182355880737
2160,405.2,3.32721352577209
2161,405.3,2.11199927330017
2162,405.5,0.574929714202881
2163,405.7,1.58169364929199
2164,405.9,1.48181653022766
2165,406.1,1.55859100818634
2166,406.3,1.88325715065002
2167,406.5,1.17998945713043
2168,406.7,1.15135276317596
2169,406.8,0.835646510124207
2170,407.0,1.65337312221527
2171,407.2,1.68648982048035
2172,407.4,1.24209415912628
2173,407.5,0.559557259082794
2174,407.7,1.03346800804138
2175,407.9,1.30094873905182
2176,408.1,1.18517220020294
2177,408.3,1.18851017951965
2178,408.4,0.516426563262939
2179,408.6,1.11366832256317
2180,408.8,1.26563596725464
2181,409.0,1.54646873474121
2182,409.1,1.61437106132507
2183,409.4,1.07536888122559
2184,409.6,1.1250878572464
2185,409.7,0.570098400115967
2186,409.9,1.13141250610352
2187,410.1,1.28777229785919
2188,410.2,0.515021085739136
2189,410.4,1.12289178371429
2190,410.6,1.08661282062531
2191,410.8,1.30033385753632
2192,411.0,1.26291286945343
2193,411.2,1.30578005313873
2194,411.3,0.6672523021698
2195,411.5,1.06342232227325
2196,411.7,1.10857343673706
2197,411.9,1.12078356742859
2198,412.0,1.14221715927124
2199,412.2,1.06658470630646
2200,412.5,1.04884052276611
2201,412.7,1.40829229354858
2202,412.9,2.0868763923645
2203,413.1,2.83555865287781
2204,413.3,2.60760712623596
2205,413.4,1.54400908946991
2206,413.6,0.416022479534149
2207,413.8,1.39019680023193
2208,414.0,1.78601551055908
2209,414.2,1.85128247737885
2210,414.3,1.50966262817383
2211,414.5,0.703355610370636
2212,414.7,2.44992971420288
2213,414.9,15.2739810943604
2214,415.0,26.4010009765625
2215,415.2,72.554817199707
2216,415.3,19.0093994140625
2217,415.5,1.86955380439758
2218,415.8,3.75562191009521
2219,416.0,18.3580455780029
2220,416.2,28.1150741577148
2221,416.3,11.9318342208862
2222,416.5,1.34241044521332
2223,416.7,2.34882283210754
2224,416.8,2.65161633491516
2225,417.0,15.5593814849854
2226,417.1,10.1159524917603
2227,417.2,16.4972763061523
2228,417.4,4.01923751831055
2229,417.7,1.71047079563141
2230,417.9,3.41619825363159
2231,418.1,6.29260349273682
2232,418.2,2.98805332183838
2233,418.3,3.88185167312622
2234,418.6,1.40565705299377
2235,418.7,0.931394934654236
2236,418.9,3.58063960075378
2237,419.1,4.69738245010376
2238,419.2,4.36823606491089
2239,419.4,2.18280053138733
2240,419.7,1.23111379146576
2241,419.9,1.82088899612427
2242,420.0,1.1669008731842
2243,420.2,2.13931822776794
2244,420.3,0.927266359329224
2245,420.4,1.37078356742859
2246,420.7,1.36041808128357
2247,420.9,1.74464166164398
2248,421.1,2.15284609794617
2249,421.2,0.824841856956482
2250,421.3,1.57326066493988
2251,421.5,0.567023873329163
2252,421.7,1.02854883670807
2253,421.8,0.510980308055878
2254,422.0,1.35699224472046
2255,422.1,0.69096976518631
2256,422.3,1.21925508975983
2257,422.5,1.2938334941864
2258,422.6,0.502986669540405
2259,422.8,1.2522839307785
2260,423.0,1.72812724113464
2261,423.2,1.68429374694824
2262,423.4,1.2907589673996
2263,423.6,1.01906180381775
2264,423.8,1.08845746517181
2265,424.0,1.22470128536224
2266,424.1,0.507027387619019
2267,424.2,1.3342410326004
2268,424.4,0.637825012207031
2269,424.5,0.958538293838501
2270,424.8,1.17471885681152
2271,425.0,1.28821158409119
2272,425.2,1.0838018655777
2273,425.3,1.24060082435608
2274,425.6,0.864283204078674
2275,425.7,0.559557259082794
2276,425.9,1.17146873474121
2277,426.0,1.29181301593781
2278,426.3,1.0849437713623
2279,426.4,1.05138790607452
2280,426.7,1.23568165302277
2281,426.9,1.29479968547821
2282,427.0,1.06368589401245
2283,427.2,1.89783906936646
2284,427.4,1.35708010196686
2285,427.5,0.588106095790863
2286,427.7,1.12069571018219
2287,427.8,0.423752635717392
2288,428.0,1.37043213844299
2289,428.2,1.32800424098969
2290,428.4,1.19395637512207
2291,428.5,0.548401236534119
2292,428.7,2.14933228492737
2293,428.9,12.0186223983765
2294,429.1,34.4038124084473
2295,429.2,30.7940082550049
2296,429.4,5.09776878356934
2297,429.6,0.873858034610748
2298,429.8,3.42577290534973
2299,430.0,11.9192724227905
2300,430.1,16.2310256958008
2301,430.3,4.99824333190918
2302,430.4,3.60365414619446
2303,430.7,2.00562191009521
2304,430.9,6.1179723739624
2305,431.0,5.19053077697754
2306,431.2,13.92506980896
2307,431.3,7.09126853942871
2308,431.5,1.76616299152374
2309,431.8,2.00834512710571
2310,432.0,4.14274406433105
2311,432.2,4.52222394943237
2312,432.3,1.87956786155701
2313,432.4,1.94659173488617
2314,432.7,1.21591711044312
2315,432.9,3.64309549331665
2316,433.1,6.34961366653442
2317,433.2,5.70335578918457
2318,433.4,2.50149321556091
2319,433.6,0.547434985637665
2320,433.8,1.65442728996277
2321,434.0,2.49411463737488
2322,434.1,1.38703441619873
2323,434.3,2.71442365646362
2324,434.4,1.93218553066254
2325,434.6,0.572294473648071
2326,434.8,1.49481725692749
2327,434.9,0.900210797786713
2328,435.1,1.99534440040588
2329,435.3,2.09399151802063
2330,435.4,1.31096279621124
2331,435.7,1.19580113887787
2332,435.8,0.450544625520706
2333,436.0,1.37034440040588
2334,436.2,1.33028817176819
2335,436.4,1.17559731006622
2336,436.6,0.914792716503143
2337,436.8,1.23814129829407
2338,437.0,1.39581871032715
2339,437.2,1.5431307554245
2340,437.3,1.45124733448029
2341,437.6,1.07203090190887
2342,437.8,1.0859100818634
2343,438.0,1.1267569065094
2344,438.2,1.2461348772049
2345,438.4,1.15319752693176
2346,438.5,0.392656356096268
2347,438.6,1.07853126525879
2348,438.9,1.26036536693573
2349,439.1,1.20256495475769
2350,439.3,1.20748424530029
2351,439.5,0.95045679807663
2352,439.7,1.07897043228149
2353,439.9,1.040846824646
2354,440.1,1.26106822490692
2355,440.3,1.10751926898956
2356,440.4,1.09425508975983
2357,440.7,1.3757027387619
2358,440.8,0.648366153240204
2359,441.0,1.57449054718018
2360,441.1,0.960470855236053
2361,441.2,1.50588548183441
2362,441.4,0.555955708026886
2363,441.6,0.997891783714294
2364,441.7,0.508520722389221
2365,441.9,1.08476805686951
2366,442.0,0.653636693954468
2367,442.2,1.4592410326004
2368,442.3,0.619114518165588
2369,442.5,0.905217826366425
2370,442.7,1.03241395950317
2371,442.8,0.767919898033142
2372,443.0,1.69817292690277
2373,443.2,1.82264578342438
2374,443.3,1.35549890995026
2375,443.6,0.965302169322968
2376,443.8,1.1242094039917
2377,444.0,1.36999297142029
2378,444.2,1.35418128967285
2379,444.4,1.43648982048035
2380,444.6,1.16277229785919
2381,444.8,1.69281446933746
2382,444.9,1.31298315525055
2383,445.1,3.24367523193359
2384,445.3,2.60681653022766
2385,445.4,1.33248424530029
2386,445.6,0.570010542869568
2387,445.8,1.22487699985504
2388,446.0,1.60567462444305
2389,446.2,1.59293746948242
2390,446.4,1.34513354301453
2391,446.5,0.459153205156326
2392,446.7,1.46512651443481
2393,446.9,2.25623679161072
2394,447.1,3.1240336894989
2395,447.2,1.44360506534576
2396,447.3,2.14318346977234
2397,447.6,0.868411779403687
2398,447.8,1.38887917995453
2399,448.0,1.585822224617
2400,448.2,1.78821158409119
2401,448.4,1.50922346115112
2402,448.5,0.533116638660431
2403,448.7,1.13975751399994
2404,448.9,1.19747018814087
2405,449.0,0.789792716503143
2406,449.2,1.72241747379303
2407,449.3,1.17375266551971
2408,449.6,1.06623327732086
2409,449.7,0.485330283641815
2410,449.8,1.02977859973907
2411,450.1,1.10523545742035
2412,450.3,1.20678150653839
2413,450.4,1.06280744075775
2414,450.7,0.913211524486542
2415,450.9,1.01141953468323
2416,451.1,1.03786015510559
2417,451.3,0.987350642681122
2418,451.5,0.976370334625244
2419,451.6,0.437631756067276
2420,451.7,1.07782852649689
2421,451.9,0.547171473503113
2422,452.1,1.0002635717392
2423,452.2,0.431394934654236
2424,452.3,0.997013330459595
2425,452.5,0.48085030913353
2426,452.6,0.986560106277466
2427,452.9,0.938861548900604
2428,453.0,0.571767389774323
2429,453.2,1.05604362487793
2430,453.4,1.00043916702271
2431,453.5,0.361560076475143
2432,453.7,0.944132089614868
2433,453.9,0.898541808128357
2434,454.0,0.490425169467926
2435,454.2,1.07914614677429
2436,454.4,1.10101902484894
2437,454.5,0.390460282564163
2438,454.7,0.979971885681152
2439,454.8,1.01387917995453
2440,455.1,1.03926563262939
2441,455.2,1.29787421226501
2442,455.4,0.552617728710175
2443,455.6,0.89265638589859
2444,455.8,1.01923751831055
2445,456.0,1.06570625305176
2446,456.2,1.04901611804962
2447,456.3,0.456869304180145
2448,456.5,1.04427266120911
2449,456.7,1.06930780410767
2450,456.9,1.16760361194611
2451,457.1,1.34838366508484
2452,457.2,0.651704132556915
2453,457.3,1.43789529800415
2454,457.5,0.452037960290909
2455,457.7,1.02345395088196
2456,457.9,1.06043565273285
2457,458.1,1.14142656326294
2458,458.2,0.657940983772278
2459,458.4,1.10558676719666
2460,458.6,1.24244558811188
2461,458.8,2.02723121643066
2462,459.0,3.11718201637268
2463,459.1,1.83722770214081
2464,459.2,2.65504217147827
2465,459.4,1.36709415912628
2466,459.7,1.00272309780121
2467,459.8,0.861472249031067
2468,460.0,2.01827120780945
2469,460.1,0.976194679737091
2470,460.3,1.64731204509735
2471,460.4,0.659785687923431
2472,460.6,1.51835906505585
2473,460.7,1.58687627315521
2474,460.9,8.06860542297363
2475,461.1,12.6466093063354
2476,461.2,5.81351041793823
2477,461.3,5.84293746948242
2478,461.6,1.82317292690277
2479,461.8,2.54848909378052
2480,462.0,5.33362627029419
2481,462.2,5.47935676574707
2482,462.3,2.23945879936218
2483,462.4,1.80780041217804
2484,462.7,1.57387566566467
2485,462.9,3.17392826080322
2486,463.1,4.15521764755249
2487,463.2,2.15231895446777
2488,463.3,2.81825375556946
2489,463.6,1.18930077552795
2490,463.8,1.40187978744507
2491,463.9,2.15407586097717
2492,464.2,2.1238579750061
2493,464.3,0.651704132556915
2494,464.4,1.22074842453003
2495,464.7,1.09803235530853
2496,464.9,1.37008082866669
2497,465.1,1.74226987361908
2498,465.2,0.823524236679077
2499,465.4,1.34399151802063
2500,465.5,1.07774066925049
2501,465.8,1.2072206735611
2502,466.0,1.22303235530853
2503,466.1,0.558854520320892
2504,466.3,1.08810615539551
2505,466.5,0.952301502227783
2506,466.6,0.423928320407867
2507,466.8,1.14529168605804
2508,467.0,0.946416020393372
2509,467.2,0.981025993824005
2510,467.4,1.08784258365631
2511,467.5,0.427090644836426
2512,467.7,1.00711524486542
2513,467.8,0.582923412322998
2514,468.0,1.11006677150726
2515,468.1,0.560787081718445
2516,468.3,0.84135627746582
2517,468.5,1.04638087749481
2518,468.7,1.04181301593781
2519,468.9,0.855235397815704
2520,469.0,0.58749121427536
2521,469.2,0.972241759300232
2522,469.4,0.94694310426712
2523,469.6,0.998067438602448
2524,469.8,1.03056919574738
2525,469.9,0.511331677436829
2526,470.1,0.954058349132538
2527,470.2,1.09495782852173
2528,470.4,0.428320437669754
2529,470.6,0.933415293693542
2530,470.8,0.982255816459656
2531,471.0,0.994817316532135
2532,471.2,1.30762469768524
2533,471.3,0.451510906219482
2534,471.5,0.984627544879913
2535,471.7,0.882115244865417
2536,471.9,0.945186197757721
2537,472.1,1.10962760448456
2538,472.2,0.438861548900604
2539,472.4,0.981640875339508
2540,472.6,0.990073800086975
2541,472.8,1.47013354301453
2542,473.0,2.01589941978455
2543,473.2,2.67691493034363
2544,473.3,1.72637033462524
2545,473.5,0.673137724399567
2546,473.7,1.09337663650513
2547,473.9,1.34364020824432
2548,474.0,0.782677471637726
2549,474.2,1.71372103691101
2550,474.3,1.26985239982605
2551,474.5,0.54181307554245
2552,474.7,2.2110857963562
2553,474.9,8.43244934082031
2554,475.1,24.8540935516357
2555,475.2,26.5852947235107
2556,475.4,5.59284973144531
2557,475.5,3.27863669395447
2558,475.8,2.9178671836853
2559,475.9,2.92796897888184
2560,476.1,13.035400390625
2561,476.2,12.4193601608276
2562,476.4,4.72593116760254
2563,476.7,1.88290584087372
2564,476.9,4.31087493896484
2565,477.1,8.44193649291992
2566,477.3,8.39177799224854
2567,477.4,3.45880174636841
2568,477.7,1.47716093063354
2569,477.9,2.31403732299805
2570,478.1,3.10409355163574
2571,478.3,3.07870697975159
2572,478.4,2.00228381156921
2573,478.6,0.610681653022766
2574,478.8,1.5818692445755
2575,478.9,1.02626490592957
2576,479.1,2.45080804824829
2577,479.3,2.29471182823181
2578,479.4,1.40267038345337
2579,479.7,1.04963111877441
2580,479.9,1.34724175930023
2581,480.0,0.790671110153198
2582,480.2,1.54927968978882
2583,480.4,1.19255089759827
2584,480.6,0.969782173633575
2585,480.8,1.01431834697723
2586,481.0,1.2482430934906
2587,481.2,1.27002811431885
2588,481.3,1.0436577796936
2589,481.6,0.861823618412018
2590,481.7,0.982694983482361
2591,482.0,0.991127908229828
2592,482.2,1.40855586528778
2593,482.3,0.520203769207001
2594,482.4,0.942814469337463
2595,482.7,1.0859100818634
2596,482.8,0.497891783714294
2597,483.0,1.1232430934906
2598,483.2,1.13395988941193
2599,483.3,0.474086433649063
2600,483.5,0.923137724399567
2601,483.7,0.921907961368561
2602,483.9,1.05252981185913
2603,484.0,0.541988730430603
2604,484.2,1.06034791469574
2605,484.3,0.964248061180115
2606,484.6,0.992972612380981
2607,484.8,0.758959949016571
2608,485.0,1.08731555938721
2609,485.2,1.05841529369354
2610,485.3,0.402143359184265
2611,485.5,0.929989457130432
2612,485.7,1.06184113025665
2613,485.9,1.1264933347702
2614,486.0,0.409609973430634
2615,486.1,0.946064651012421
2616,486.4,0.991479277610779
2617,486.5,0.330288112163544
2618,486.7,0.971890389919281
2619,486.9,1.28162336349487
2620,487.0,0.731025993824005
2621,487.2,1.41602253913879
2622,487.3,0.679550230503082
2623,487.5,1.09346449375153
2624,487.7,1.03812372684479
2625,487.8,0.443692892789841
2626,488.0,1.22514057159424
2627,488.1,0.582220673561096
2628,488.3,1.09680247306824
2629,488.4,1.10286366939545
2630,488.7,1.57264578342438
2631,488.9,7.63431119918823
2632,489.1,27.043306350708
2633,489.2,29.8232612609863
2634,489.4,7.35558700561523
2635,489.7,1.97241747379303
2636,489.9,5.23576927185059
2637,490.1,13.719518661499
2638,490.2,7.61173582077026
2639,490.3,10.775562286377
2640,490.5,1.48155307769775
2641,490.7,2.01554822921753
2642,490.9,4.15873146057129
2643,491.1,9.52099418640137
2644,491.2,5.85207319259644
2645,491.3,7.68561124801636
2646,491.5,1.85031628608704
2647,491.8,1.51054108142853
2648,492.0,3.19817280769348
2649,492.2,4.38694667816162
2650,492.3,3.09627556800842
2651,492.5,0.978302896022797
2652,492.7,1.30569219589233
2653,492.8,0.86639142036438
2654,493.0,2.55516505241394
2655,493.2,3.55665850639343
2656,493.3,1.40258252620697
2657,493.4,1.89204144477844
2658,493.6,0.549367547035217
2659,493.7,1.08995079994202
2660,493.9,0.781184136867523
2661,494.1,1.62948000431061
2662,494.2,0.910927593708038
2663,494.3,1.57932186126709
2664,494.5,0.530393540859222
2665,494.6,0.986999273300171
2666,494.9,1.33916020393372
2667,495.1,1.30323255062103
2668,495.3,1.38132464885712
2669,495.4,1.39836609363556
2670,495.7,0.978829920291901
2671,495.8,0.545151114463806
2672,496.0,1.08854532241821
2673,496.1,0.601546049118042
2674,496.3,1.02925157546997
2675,496.4,0.513879120349884
2676,496.6,0.851282477378845
2677,496.8,1.1235945224762
2678,497.0,1.27758252620697
2679,497.2,1.15152847766876
2680,497.4,1.1255270242691
2681,497.5,0.54998242855072
2682,497.6,1.03408288955688
2683,497.9,0.926651418209076
2684,498.0,0.56210470199585
2685,498.2,0.957659900188446
2686,498.4,1.05349612236023
2687,498.6,0.885892510414124
2688,498.8,0.897136330604553
2689,499.0,0.973120152950287
2690,499.2,0.979005634784698
2691,499.4,0.855850338935852
2692,499.5,0.570186197757721
2693,499.7,1.07071328163147
2694,499.9,0.988843977451324
2695,500.1,1.07396340370178
2696,500.2,0.487438499927521
2697,500.4,1.06869292259216
2698,500.6,0.82071328163147
2699,500.8,1.05885457992554
2700,501.0,1.24244558811188
2701,501.2,1.24956083297729
2702,501.3,0.514230489730835
2703,501.4,0.953267753124237
2704,501.6,0.425070285797119
2705,501.8,1.09952569007874
2706,501.9,0.56983482837677
2707,502.1,1.03891432285309
2708,502.3,1.27977859973907
2709,502.4,0.988843977451324
2710,502.7,1.21345746517181
2711,502.9,3.28610324859619
2712,503.1,6.07361221313477
2713,503.3,6.44949054718018
2714,503.4,3.2506148815155
2715,503.7,1.16136682033539
2716,503.9,1.9177793264389
2717,504.1,3.44474697113037
2718,504.2,1.89441323280334
2719,504.3,2.89564299583435
2720,504.5,0.804813802242279
2721,504.7,1.13229095935822
2722,504.8,0.777494728565216
2723,505.0,2.77406883239746
2724,505.2,3.19448351860046
2725,505.3,1.46336960792542
2726,505.4,1.832923412323
2727,505.7,1.19703090190887
2728,505.8,0.735945165157318
2729,506.0,1.60479617118835
2730,506.2,1.78698170185089
2731,506.3,1.47522842884064
2732,506.5,0.522224187850952
2733,506.7,1.02872455120087
2734,506.9,2.02635288238525
2735,507.0,1.4165495634079
2736,507.2,3.33072733879089
2737,507.3,1.50693953037262
2738,507.4,2.04488754272461
2739,507.6,1.18086791038513
2740,507.8,0.512737154960632
2741,508.0,1.664177775383
2742,508.1,1.89142656326294
2743,508.4,1.83151793479919
2744,508.6,1.08986294269562
2745,508.8,1.06008434295654
2746,509.0,1.41189384460449
2747,509.2,1.61876320838928
2748,509.4,1.47013354301453
2749,509.5,0.989195346832275
2750,509.8,0.983924806118011
2751,510.0,0.93280041217804
2752,510.2,0.980586767196655
2753,510.4,1.16821849346161
2754,510.5,0.439564287662506
2755,510.7,0.881676018238068
2756,510.9,1.02854883670807
2757,511.0,0.675070285797119
2758,511.2,1.35541105270386
2759,511.3,1.01291286945343
2760,511.5,1.04436051845551
2761,511.8,0.926651418209076
2762,512.0,1.09548485279083
2763,512.1,0.571416020393372
2764,512.3,1.01440620422363
2765,512.5,0.898102581501007
2766,512.7,1.04594171047211
2767,512.9,0.977336585521698
2768,513.1,0.86296558380127
2769,513.2,0.869290232658386
2770,513.5,0.835295140743256
2771,513.7,0.973295867443085
2772,513.9,0.838808834552765
2773,514.1,1.13395988941193
2774,514.3,0.876141965389252
2775,514.4,0.800685167312622
2776,514.7,0.953706979751587
2777,514.9,1.06974697113037
2778,515.0,1.30560433864594
2779,515.2,1.11683058738708
2780,515.5,1.03847503662109
2781,515.7,0.854532659053802
2782,515.8,0.506939589977264
2783,516.0,0.95476108789444
2784,516.1,0.516250848770142
2785,516.2,0.846011936664581
2786,516.5,0.834416747093201
2787,516.6,0.357607156038284
2788,516.8,0.875966250896454
2789,517.0,0.990337312221527
2790,517.1,0.595924079418182
2791,517.3,1.06289529800415
2792,517.4,0.909961342811584
2793,517.6,0.570976793766022
2794,517.8,0.952301502227783
2795,517.9,0.540231883525848
2796,518.1,1.00491917133331
2797,518.2,1.00597333908081
2798,518.4,0.548840463161469
2799,518.6,1.13395988941193
2800,518.8,1.25448000431061
2801,519.0,1.72145116329193
2802,519.1,1.85892486572266
2803,519.3,1.46301829814911
2804,519.5,0.575895965099335
2805,519.7,0.940706253051758
2806,519.9,1.03206253051758
2807,520.1,1.46196413040161
2808,520.2,1.35339069366455
2809,520.5,1.01871049404144
2810,520.7,1.2510541677475
2811,520.9,2.20493674278259
2812,521.0,1.32563245296478
2813,521.2,2.56509137153625
2814,521.3,2.03469777107239
2815,521.5,0.641338706016541
2816,521.7,1.11340475082397
2817,521.9,1.44501054286957
2818,522.1,1.7492972612381
2819,522.3,1.60356640815735
2820,522.5,1.41900908946991
2821,522.7,1.07844340801239
2822,522.9,1.38580465316772
2823,523.1,1.51914966106415
2824,523.3,1.3757905960083
2825,523.5,1.17146873474121
2826,523.6,0.518271267414093
2827,523.8,0.99139142036438
2828,523.9,1.02468371391296
2829,524.1,0.492884755134583
2830,524.3,1.01888620853424
2831,524.4,0.423928320407867
2832,524.6,0.893007755279541
2833,524.8,1.0849437713623
2834,524.9,0.539441347122192
2835,525.1,1.08072733879089
2836,525.2,0.670941650867462
2837,525.4,0.927090644836426
2838,525.5,0.966531991958618
2839,525.8,1.08775472640991
2840,526.0,1.01405477523804
2841,526.2,0.972505271434784
2842,526.3,0.539002120494843
2843,526.5,0.996047079563141
2844,526.7,0.953794777393341
2845,526.8,0.450895994901657
2846,527.0,1.05024600028992
2847,527.2,0.904954314231873
2848,527.3,0.39414969086647
2849,527.4,0.933942377567291
2850,527.7,0.848735094070435
2851,527.8,0.510804653167725
2852,527.9,1.01317644119263
2853,528.2,0.886770904064178
2854,528.4,0.791988730430603
2855,528.6,0.795853853225708
2856,528.7,0.708362638950348
2857,529.0,0.82888263463974
2858,529.2,0.924016177654266
2859,529.4,0.943077981472015
2860,529.5,0.467937469482422
2861,529.7,0.822821497917175
2862,529.9,0.82888263463974
2863,530.1,0.937983155250549
2864,530.3,0.830375969409943
2865,530.5,0.888791263103485
2866,530.6,0.422962039709091
2867,530.8,0.949929714202881
2868,530.9,0.855411112308502
2869,531.1,0.471802532672882
2870,531.3,1.02310264110565
2871,531.5,0.814476430416107
2872,531.7,0.657062530517578
2873,531.9,0.887210130691528
2874,532.1,0.867445528507233
2875,532.3,0.982958555221558
2876,532.4,0.453531265258789
2877,532.6,1.04910397529602
2878,532.7,0.520028114318848
2879,532.9,1.59100496768951
2880,533.1,1.61147224903107
2881,533.2,1.63114893436432
2882,533.5,1.0840653181076
2883,533.6,0.464687287807465
2884,533.8,1.02160930633545
2885,534.0,1.23067462444305
2886,534.2,1.19421994686127
2887,534.4,1.16312372684479
2888,534.6,1.52767038345337
2889,534.8,2.79471182823181
2890,535.0,6.00737857818604
2891,535.2,8.0770378112793
2892,535.3,5.07053756713867
2893,535.5,1.45159876346588
2894,535.7,0.959416747093201
2895,535.9,2.85014057159424
2896,536.1,4.39274406433105
2897,536.2,2.05358386039734
2898,536.3,2.71477508544922
2899,536.6,1.42304992675781
2900,536.8,1.71732258796692
2901,536.9,1.51098036766052
2902,537.1,3.48049902915955
2903,537.2,1.60207307338715
2904,537.3,2.36445879936218
2905,537.6,1.09118056297302
2906,537.7,0.550333797931671
2907,537.9,1.29479968547821
2908,538.1,1.75404071807861
2909,538.3,1.52617704868317
2910,538.4,1.36744558811188
2911,538.7,0.983924806118011
2912,538.9,0.953706979751587
2913,539.0,0.813861548900604
2914,539.2,1.38598036766052
2915,539.3,0.779163718223572
2916,539.5,1.07888269424438
2917,539.6,0.362438499927521
2918,539.8,0.915319740772247
2919,540.0,0.957396328449249
2920,540.1,1.11164796352386
2921,540.4,0.926651418209076
2922,540.6,0.85822206735611
2923,540.8,0.999648630619049
2924,540.9,0.60945188999176
2925,541.1,0.830375969409943
2926,541.2,0.421293050050735
2927,541.4,0.942814469337463
2928,541.6,0.823875606060028
2929,541.8,1.02898800373077
2930,541.9,0.435084342956543
2931,542.1,0.915495455265045
2932,542.2,0.401001393795013
2933,542.4,0.920941650867462
2934,542.6,0.711173593997955
2935,542.8,0.945801138877869
2936,543.0,1.02582573890686
2937,543.2,0.896257877349854
2938,543.4,0.891075193881989
2939,543.6,1.02714335918427
2940,543.8,0.868236124515533
2941,543.9,0.302178502082825
2942,544.1,0.857519328594208
2943,544.3,0.927178502082825
2944,544.4,0.373418837785721
2945,544.5,0.8758784532547
2946,544.8,0.89959591627121
2947,545.0,0.954585373401642
2948,545.2,0.970924079418182
2949,545.4,0.811050593852997
2950,545.6,0.940091371536255
2951,545.8,0.912860155105591
2952,546.0,0.841004908084869
2953,546.2,0.856025993824005
2954,546.3,0.431131422519684
2955,546.5,0.828092038631439
2956,546.7,0.857694983482361
2957,546.8,0.394325375556946
2958,547.0,1.13404774665833
2959,547.2,1.59627544879913
2960,547.4,1.24183058738708
2961,547.6,0.923928320407867
2962,547.8,0.836173593997955
2963,548.0,1.01387917995453
2964,548.1,1.07027411460876
2965,548.4,1.10233664512634
2966,548.5,0.570098400115967
2967,548.7,1.32484185695648
2968,548.9,4.89564323425293
2969,549.1,13.5109806060791
2970,549.3,18.1289520263672
2971,549.4,8.09908676147461
2972,549.6,1.80771255493164
2973,549.9,3.41848206520081
#"+ Scan (rt: 5.001-55.028 min, 8146 scans) BARLEYSTRAW_400_2_20231024.D "
#Point,X(Thompsons),Y(Counts)
0,10.1,2.26282835006714
1,10.3,4.10753726959229
2,10.4,2.62079548835754
3,10.6,4.32936429977417
4,10.8,4.31303691864014
5,11.0,4.50208711624146
6,11.2,4.58556365966797
7,11.4,4.40915775299072
8,11.6,3.82298064231873
9,11.8,5.00331449508667
10,12.0,26.2358207702637
11,12.1,55.0342483520508
12,12.3,16.3067760467529
13,12.5,2.33857107162476
14,12.7,4.6076602935791
15,12.8,4.50883865356445
16,13.0,14.8261728286743
17,13.1,9.42266178131104
18,13.2,9.88951587677002
19,13.4,0.0794254839420319
20,14.2,7617.42041015625
21,14.8,0.0459121055901051
22,15.0,39.5513153076172
23,15.2,187.446838378906
24,15.3,30.8641052246094
25,15.5,0.0646943300962448
26,16.1,4137.97509765625
27,16.3,0.470905959606171
28,17.1,7435.18408203125
29,18.2,31127.3515625
30,19.0,30.0619945526123
31,19.2,65.5978393554688
32,19.3,16.9031429290771
33,19.5,1.28615272045135
34,19.8,1.26479256153107
35,20.0,78.0756225585938
36,20.1,273.554870605469
37,20.3,12.2153205871582
38,20.6,0.768475353717804
39,20.8,2.19801139831543
40,21.0,3.80542588233948
41,21.2,3.23741722106934
42,21.4,3.78897619247437
43,21.5,1.64375150203705
44,21.7,3.30395293235779
45,21.9,7.79560518264771
46,22.1,15.2608642578125
47,22.2,11.0561008453369
48,22.4,4.33697509765625
49,22.7,3.41320896148682
50,22.9,3.29977893829346
51,23.1,3.44733619689941
52,23.3,3.77289462089539
53,23.5,3.56137990951538
54,23.7,3.6597101688385
55,23.8,2.44488096237183
56,24.0,7.4394793510437
57,24.2,7.4829363822937
58,24.4,5.56592178344727
59,24.5,1.95396518707275
60,24.7,3.65209913253784
61,24.9,9.50589275360107
62,25.1,19.7228088378906
63,25.2,9.78406620025635
64,25.3,11.3064079284668
65,25.5,3.4311318397522
66,25.7,1.44966852664948
67,25.9,13.2848024368286
68,26.1,104.106307983398
69,26.2,89.9945983886719
70,26.4,13.9340782165527
71,26.6,1.42597591876984
72,26.8,0.433218747377396
73,27.0,1.47348392009735
74,27.1,0.147679835557938
75,28.1,287463.78125
76,29.0,26.4945983886719
77,29.1,2509.306640625
78,29.3,0.19752025604248
79,29.9,13.4333419799805
80,30.1,99.0603942871094
81,30.2,58.7953605651855
82,30.4,7.27473592758179
83,30.6,1.56702673435211
84,30.8,5.65099430084229
85,30.9,7.97974443435669
86,31.1,0.582126200199127
87,32.1,77516.3125
88,33.0,29.8359928131104
89,33.1,44.6343002319336
90,33.3,11.4836730957031
91,33.5,0.911981344223022
92,33.7,0.751043438911438
93,33.9,18.3065299987793
94,34.1,285.627807617188
95,34.2,81.5277404785156
96,34.4,0.631843864917755
97,34.7,1.67395043373108
98,34.9,11.3779773712158
99,35.1,21.3782215118408
100,35.2,8.51006603240967
101,35.3,5.96083974838257
102,35.5,1.11428916454315
103,35.8,4.6759147644043
104,36.0,106.516571044922
105,36.1,131.528106689453
106,36.3,7.07255077362061
107,36.6,1.23054254055023
108,36.8,5.78578424453735
109,37.0,26.6805801391602
110,37.1,18.1490306854248
111,37.2,23.4844093322754
112,37.4,3.85931754112244
113,37.7,2.74662399291992
114,37.8,5.1879448890686
115,38.0,65.3227386474609
116,38.1,95.2904510498047
117,38.3,14.9803581237793
118,38.5,1.6861035823822
119,38.8,2.76614284515381
120,39.0,70.3515853881836
121,39.1,232.973480224609
122,39.3,11.4861278533936
123,40.1,6738.89599609375
124,40.2,0.72354531288147
125,40.8,1.05671501159668
126,41.0,70.6227569580078
127,41.1,293.492523193359
128,41.3,25.8897609710693
129,41.5,0.801374912261963
130,41.7,0.486496448516846
131,41.9,16.2889766693115
132,42.1,158.290817260742
133,42.2,84.9203262329102
134,42.4,4.06383514404297
135,42.6,0.319175064563751
136,42.8,1.32126200199127
137,43.0,87.5427169799805
138,43.1,440.709442138672
139,43.3,19.3416404724121
140,44.1,6996.50390625
141,44.2,63.4597358703613
142,44.8,1.3868156671524
143,45.0,109.544563293457
144,45.1,212.563827514648
145,45.3,11.7215814590454
146,45.6,1.32236683368683
147,45.8,6.30370712280273
148,46.0,30.4598579406738
149,46.1,20.2959728240967
150,46.2,21.5019645690918
151,46.4,3.5623619556427
152,46.6,0.754726231098175
153,46.8,9.57574272155762
154,47.0,54.3928298950195
155,47.1,59.1478042602539
156,47.3,9.88841152191162
157,47.5,1.01865947246552
158,47.7,3.5955069065094
159,47.9,26.8731899261475
160,48.1,96.5715713500977
161,48.2,22.685489654541
162,48.4,1.52639329433441
163,48.6,1.72415912151337
164,48.8,5.17149543762207
165,49.0,17.1857357025146
166,49.1,9.72342300415039
167,49.2,13.4256076812744
168,49.4,3.20009827613831
169,49.7,2.56248474121094
170,49.9,22.6513633728027
171,50.1,98.1734619140625
172,50.2,49.4302711486816
173,50.4,2.53474092483521
174,50.5,1.89995086193085
175,50.8,6.19113683700562
176,51.0,66.783332824707
177,51.1,113.495460510254
178,51.3,17.3779773712158
179,51.5,2.0266387462616
180,51.8,6.26737070083618
181,52.0,39.1874542236328
182,52.1,57.2564430236816
183,52.3,14.2587776184082
184,52.6,2.46611833572388
185,52.8,5.80579423904419
186,53.0,43.772403717041
187,53.2,68.1680603027344
188,53.3,16.5416164398193
189,53.6,1.81438744068146
190,53.8,5.61318445205688
191,54.0,32.6372451782227
192,54.2,46.9410743713379
193,54.3,14.8805551528931
194,54.5,1.76528358459473
195,54.7,0.785784423351288
196,54.9,15.7395038604736
197,55.1,175.453720092773
198,55.2,104.005157470703
199,55.4,3.10545063018799
200,55.5,1.23434817790985
201,55.8,4.00945234298706
202,56.0,45.6910133361816
203,56.2,95.4729919433594
204,56.3,18.4032649993896
205,56.4,5.24944734573364
206,56.6,0.889761865139008
207,56.8,4.27535009384155
208,57.0,47.2461318969727
209,57.2,110.543701171875
210,57.3,29.4112453460693
211,57.5,3.40854406356812
212,57.8,6.31414175033569
213,58.0,23.1631469726563
214,58.1,16.9610843658447
215,58.2,21.9063339233398
216,58.4,4.80984544754028
217,58.7,2.77412223815918
218,58.9,15.4134540557861
219,59.1,43.455192565918
220,59.2,27.6805801391602
221,59.4,4.29695558547974
222,59.6,0.750920712947845
223,59.8,6.66093778610229
224,60.0,62.4678382873535
225,60.1,54.7366790771484
226,60.2,42.1155166625977
227,60.4,3.5387921333313
228,60.7,2.96795964241028
229,60.9,15.171986579895
230,61.0,16.2755947113037
231,61.1,30.0816345214844
232,61.3,6.16142892837524
233,61.4,3.38976192474365
234,61.6,0.903879225254059
235,61.8,6.13208913803101
236,62.0,22.6846313476563
237,62.1,27.762336730957
238,62.3,8.59133338928223
239,62.5,1.14055979251862
240,62.7,3.06935930252075
241,62.9,22.5899829864502
242,63.1,69.7643051147461
243,63.2,37.6616744995117
244,63.4,3.9035108089447
245,63.7,3.30788111686707
246,63.9,49.6972732543945
247,64.1,223.301498413086
248,64.2,35.108642578125
249,64.4,1.92266142368317
250,64.7,2.03056716918945
251,64.9,20.4178733825684
252,65.0,40.9754486083984
253,65.1,118.631477355957
254,65.3,16.8625087738037
255,65.6,1.87318933010101
256,65.8,7.22735071182251
257,66.0,54.204517364502
258,66.1,105.994354248047
259,66.3,14.290940284729
260,66.5,1.16535723209381
261,66.7,1.94279396533966
262,66.9,19.9767990112305
263,67.1,87.9614562988281
264,67.2,59.8990898132324
265,67.4,4.80812644958496
266,67.6,0.987478494644165
267,67.8,6.12668800354004
268,68.0,35.4826927185059
269,68.1,50.8555107116699
270,68.3,14.643383026123
271,68.5,1.55462801456451
272,68.7,2.52393817901611
273,68.9,21.8380794525146
274,69.1,92.9402160644531
275,69.2,61.6370010375977
276,69.4,6.85060167312622
277,69.6,1.14178740978241
278,69.8,5.9745888710022
279,70.0,38.664867401123
280,70.2,63.4733619689941
281,70.3,22.3323097229004
282,70.5,2.66363859176636
283,70.8,5.86459589004517
284,70.9,10.8887796401978
285,71.1,49.6166229248047
286,71.2,42.1881904602051
287,71.4,7.51485395431519
288,71.7,2.62079548835754
289,71.8,3.31610608100891
290,72.0,15.6092557907104
291,72.2,19.4055976867676
292,72.3,6.65799188613892
293,72.5,1.2555855512619
294,72.7,0.868769943714142
295,72.9,22.0056476593018
296,73.1,317.564819335938
297,73.2,126.690277099609
298,73.4,2.19371461868286
299,73.7,1.46525907516479
300,73.9,22.0713233947754
301,74.1,63.8596839904785
302,74.2,36.3583335876465
303,74.4,2.81782460212708
304,74.5,1.9764301776886
305,74.8,7.72796487808228
306,75.0,70.6384735107422
307,75.1,99.3158569335938
308,75.3,15.2159337997437
309,75.6,2.30014729499817
310,75.8,7.58507251739502
311,76.0,46.7250175476074
312,76.1,62.4157867431641
313,76.3,13.7566900253296
314,76.5,1.55376875400543
315,76.8,5.07267379760742
316,77.0,113.402282714844
317,77.1,214.849746704102
318,77.3,17.6508712768555
319,77.5,0.451141655445099
320,77.7,1.12938868999481
321,77.9,24.3424987792969
322,78.1,183.127426147461
323,78.2,94.2047653198242
324,78.4,2.23803091049194
325,78.5,1.44218015670776
326,78.8,4.39135789871216
327,79.0,171.016204833984
328,79.1,280.552429199219
329,79.3,10.0054016113281
330,79.4,0.667812407016754
331,79.6,0.357476055622101
332,79.8,7.028480052948
333,80.0,35.392463684082
334,80.1,40.2246513366699
335,80.3,8.50822448730469
336,80.4,3.73373436927795
337,80.6,0.545912086963654
338,80.8,6.5946478843689
339,81.0,146.353424072266
340,81.1,204.989196777344
341,81.3,12.0973482131958
342,81.6,1.47397494316101
343,81.8,9.08936882019043
344,82.0,43.2881164550781
345,82.2,55.6908912658691
346,82.3,17.387674331665
347,82.5,2.49717664718628
348,82.7,4.53179454803467
349,82.9,26.3997058868408
350,83.1,74.8427429199219
351,83.2,30.8812923431396
352,83.3,19.8620185852051
353,83.5,2.38006377220154
354,83.8,6.2267370223999
355,84.0,25.3895168304443
356,84.1,18.9696788787842
357,84.2,24.2807521820068
358,84.4,2.60274982452393
359,84.7,0.845568358898163
360,84.9,71.8169631958008
361,85.0,289.330963134766
362,85.1,294.375640869141
363,85.3,1.91787385940552
364,85.5,0.0947704389691353
365,85.7,1.88620185852051
366,85.9,17.0789337158203
367,86.0,16.3470420837402
368,86.1,27.0963668823242
369,86.3,6.22133541107178
370,86.4,3.1795973777771
371,86.6,1.45813894271851
372,86.8,8.68487644195557
373,87.0,38.6649894714355
374,87.1,39.6371231079102
375,87.3,6.90670251846313
376,87.4,4.34876012802124
377,87.6,1.45580649375916
378,87.8,6.86545562744141
379,88.0,15.8087406158447
380,88.2,15.96022605896
381,88.3,6.45028257369995
382,88.6,2.76908922195435
383,88.7,2.52811193466187
384,88.9,22.9863739013672
385,89.0,29.090841293335
386,89.1,42.2014503479004
387,89.3,10.7547264099121
388,89.6,2.61232495307922
389,89.8,6.95838451385498
390,90.0,15.7685985565186
391,90.2,17.3531799316406
392,90.3,6.73753976821899
393,90.6,1.35661673545837
394,90.8,6.54345703125
395,91.0,92.3628768920898
396,91.1,270.212249755859
397,91.3,19.055118560791
398,91.4,3.24453711509705
399,91.6,0.550454199314117
400,91.8,5.31500101089478
401,92.0,41.9349365234375
402,92.1,51.7733840942383
403,92.2,47.5656776428223
404,92.4,3.24993872642517
405,92.5,2.16498899459839
406,92.8,6.31954336166382
407,93.0,29.1561508178711
408,93.2,40.4515113830566
409,93.3,13.0914554595947
410,93.5,1.24220478534698
411,93.7,2.64534735679626
412,93.9,20.8244533538818
413,94.1,300.111083984375
414,94.2,89.6211624145508
415,94.4,3.91799664497375
416,94.7,2.74134540557861
417,94.9,19.3562488555908
418,95.1,68.3550186157227
419,95.2,42.553768157959
420,95.4,4.36471891403198
421,95.6,2.44095253944397
422,95.8,10.7012033462524
423,96.0,123.418243408203
424,96.1,205.488464355469
425,96.2,83.8297348022461
426,96.4,7.7872576713562
427,96.7,6.77743673324585
428,96.8,12.9236431121826
429,97.0,42.674934387207
430,97.2,50.6592178344727
431,97.3,20.1131839752197
432,97.5,4.25067520141602
433,97.8,7.76749324798584
434,98.0,22.5735321044922
435,98.2,29.9107532501221
436,98.3,12.9755706787109
437,98.6,2.83059167861938
438,98.8,4.88681554794312
439,99.0,13.1188316345215
440,99.2,17.1313533782959
441,99.3,9.18561267852783
442,99.5,2.81696534156799
443,99.8,4.00515604019165
444,100.0,8.39725017547607
445,100.2,8.93567371368408
446,100.3,4.81119585037231
447,100.6,1.89712738990784
448,100.8,5.3979868888855
449,101.0,11.4001960754395
450,101.2,12.3237171173096
451,101.3,5.48109483718872
452,101.5,1.12693345546722
453,101.7,4.24159097671509
454,101.9,17.6552906036377
455,102.1,32.0939102172852
456,102.2,16.8959007263184
457,102.4,3.07169151306152
458,102.7,3.2639331817627
459,102.9,31.6268100738525
460,103.1,150.980484008789
461,103.2,54.7037811279297
462,103.4,2.74858832359314
463,103.6,2.38165974617004
464,103.7,2.61048364639282
465,103.9,27.0057697296143
466,104.1,74.7564468383789
467,104.2,39.5952606201172
468,104.4,4.16020154953003
469,104.6,1.1702675819397
470,104.8,9.06002902984619
471,105.0,73.8005142211914
472,105.1,111.283203125
473,105.3,14.6849985122681
474,105.4,3.87024307250977
475,105.7,2.53204035758972
476,105.9,16.2095508575439
477,106.1,48.563591003418
478,106.2,32.9178733825684
479,106.4,4.13368511199951
480,106.7,2.5546281337738
481,106.9,17.0522956848145
482,107.1,68.368766784668
483,107.2,39.921558380127
484,107.4,4.30014753341675
485,107.6,0.907562017440796
486,107.8,5.34200811386108
487,108.0,28.5406341552734
488,108.1,25.36594581604
489,108.2,28.4386196136475
490,108.4,3.24134540557861
491,108.5,2.68045663833618
492,108.8,5.85723066329956
493,108.9,8.35943984985352
494,109.1,25.5699729919434
495,109.2,11.9484405517578
496,109.3,11.1124477386475
497,109.6,2.64743423461914
498,109.8,5.73618936538696
499,109.9,7.38853406906128
500,110.1,23.7656517028809
501,110.2,19.4145584106445
502,110.4,4.8467960357666
503,110.6,1.03670513629913
504,110.8,5.06064319610596
505,110.9,6.31230068206787
506,111.1,20.7483425140381
507,111.2,16.3776092529297
508,111.4,4.9311318397522
509,111.7,3.11600780487061
510,111.8,3.12742447853088
511,112.0,14.900074005127
512,112.1,9.15762329101563
513,112.2,13.9713973999023
514,112.4,4.34090328216553
515,112.7,2.80309343338013
516,112.9,9.33488845825195
517,113.0,7.19911623001099
518,113.2,14.9488096237183
519,113.3,6.80112934112549
520,113.5,1.13012516498566
521,113.7,2.30493497848511
522,113.9,5.51755475997925
523,114.0,4.00319194793701
524,114.2,7.72170400619507
525,114.3,4.20513153076172
526,114.6,2.18131589889526
527,114.8,10.2638101577759
528,115.0,63.358211517334
529,115.1,80.4833068847656
530,115.3,14.8652095794678
531,115.5,1.7320157289505
532,115.8,5.51976442337036
533,116.0,19.4867420196533
534,116.2,24.2801380157471
535,116.3,6.56395769119263
536,116.4,3.57819795608521
537,116.7,3.39614534378052
538,116.8,5.21654796600342
539,117.0,38.8588256835938
540,117.2,52.1500129699707
541,117.3,14.0763568878174
542,117.5,2.33550214767456
543,117.8,6.25828647613525
544,118.0,25.5655536651611
545,118.1,35.7717895507813
546,118.3,7.14019155502319
547,118.4,4.20549964904785
548,118.7,3.85661673545837
549,118.9,25.0660438537598
550,119.1,93.1261978149414
551,119.2,34.4904251098633
552,119.4,3.31843852996826
553,119.5,1.89307630062103
554,119.8,5.69764280319214
555,120.0,22.6478023529053
556,120.2,29.4075622558594
557,120.3,7.62693357467651
558,120.4,4.44353055953979
559,120.7,3.05732870101929
560,120.9,14.3423767089844
561,121.1,33.4411964416504
562,121.2,13.3763809204102
563,121.3,10.8057947158813
564,121.5,1.17198622226715
565,121.7,3.00122761726379
566,121.9,15.2771911621094
567,122.1,38.3411483764648
568,122.2,25.8204021453857
569,122.4,3.87061142921448
570,122.7,2.51276707649231
571,122.8,3.44598579406738
572,123.0,13.3502330780029
573,123.2,15.205867767334
574,123.3,7.58580875396729
575,123.6,2.26638841629028
576,123.7,1.45273756980896
577,123.9,6.774245262146
578,124.0,5.60876512527466
579,124.2,11.7633190155029
580,124.3,6.68941831588745
581,124.5,2.40621161460876
582,124.8,6.50147294998169
583,125.0,16.294132232666
584,125.2,16.5051555633545
585,125.3,8.5870361328125
586,125.6,3.1684262752533
587,125.7,2.83513379096985
588,125.9,11.3442182540894
589,126.1,16.093297958374
590,126.2,12.1147804260254
591,126.4,4.56948184967041
592,126.7,4.18021106719971
593,126.9,11.6975202560425
594,127.1,18.5192737579346
595,127.2,13.0854406356812
596,127.4,3.56837701797485
597,127.7,3.28860783576965
598,127.9,17.2091827392578
599,128.0,21.2631969451904
600,128.1,46.704761505127
601,128.3,13.0592927932739
602,128.5,1.16290199756622
603,128.7,4.22550964355469
604,128.9,20.0946483612061
605,129.1,44.4400939941406
606,129.2,29.2748584747314
607,129.4,4.26933479309082
608,129.7,2.41210412979126
609,129.9,10.3401670455933
610,130.1,18.6308612823486
611,130.2,9.4803581237793
612,130.3,7.84802341461182
613,130.6,2.13933229446411
614,130.8,8.26552867889404
615,131.0,32.3852195739746
616,131.1,22.4743423461914
617,131.2,26.0644493103027
618,131.4,4.15197658538818
619,131.7,2.89037561416626
620,131.9,14.8866930007935
621,132.1,30.4004421234131
622,132.2,19.2436771392822
623,132.4,3.31168675422668
624,132.6,1.11085200309753
625,132.8,10.0639581680298
626,133.0,123.921928405762
627,133.1,181.960845947266
628,133.3,12.3653326034546
629,133.6,2.38104581832886
630,133.8,9.41787338256836
631,134.0,33.9636650085449
632,134.1,34.5244293212891
633,134.3,9.49373912811279
634,134.6,2.77031660079956
635,134.8,9.45408821105957
636,135.0,43.7668800354004
637,135.1,30.4178733825684
638,135.2,32.3370971679688
639,135.4,3.23876738548279
640,135.6,2.3045666217804
641,135.8,4.52136039733887
642,136.0,12.3767490386963
643,136.2,14.9921436309814
644,136.3,6.98084926605225
645,136.5,1.28234720230103
646,136.7,4.90952634811401
647,136.9,21.7835750579834
648,137.1,41.8846054077148
649,137.2,23.2932720184326
650,137.4,3.77129888534546
651,137.6,0.950773358345032
652,137.8,4.33611583709717
653,138.0,9.72612285614014
654,138.2,10.7287015914917
655,138.3,3.62423276901245
656,138.4,3.14927577972412
657,138.7,3.52418375015259
658,138.9,19.6115894317627
659,139.1,49.6571311950684
660,139.2,25.6711273193359
661,139.4,3.55266380310059
662,139.7,2.22563219070435
663,139.9,8.02258777618408
664,140.1,12.7943773269653
665,140.2,9.1066780090332
666,140.4,1.70918238162994
667,140.6,2.40007376670837
668,140.8,6.96636390686035
669,141.0,26.0098209381104
670,141.1,34.882152557373
671,141.3,10.2883625030518
672,141.5,2.30493497848511
673,141.8,5.03265428543091
674,142.0,15.5003681182861
675,142.1,23.8095989227295
676,142.3,5.30162048339844
677,142.4,3.49263453483582
678,142.6,1.17296838760376
679,142.8,5.25804090499878
680,142.9,5.57120037078857
681,143.1,15.2185125350952
682,143.2,12.7806282043457
683,143.4,3.43223667144775
684,143.7,2.27854156494141
685,143.9,7.2561993598938
686,144.0,6.18671751022339
687,144.2,12.4855146408081
688,144.3,6.38706111907959
689,144.6,2.14817094802856
690,144.8,6.64706611633301
691,145.0,22.2731399536133
692,145.2,25.6473121643066
693,145.3,9.68757629394531
694,145.5,2.27780508995056
695,145.8,5.6795973777771
696,146.0,15.2245273590088
697,146.2,17.8896389007568
698,146.3,4.98146343231201
699,146.4,3.04222941398621
700,146.7,3.92217040061951
701,146.9,36.4631729125977
702,147.1,102.270439147949
703,147.2,39.5179214477539
704,147.4,2.83906221389771
705,147.6,1.80628526210785
706,147.8,7.57021856307983
707,148.0,22.2517795562744
708,148.1,12.0644483566284
709,148.2,14.9652585983276
710,148.4,3.72661423683167
711,148.7,4.13061618804932
712,148.9,20.7786636352539
713,149.0,20.3605442047119
714,149.1,38.7695808410645
715,149.3,9.59342002868652
716,149.5,1.2273508310318
717,149.7,2.34372687339783
718,149.9,8.08949184417725
719,150.1,12.7000980377197
720,150.2,5.0775842666626
721,150.3,5.69175052642822
722,150.5,2.14006876945496
723,150.8,6.21347904205322
724,151.0,17.1021366119385
725,151.2,18.7441692352295
726,151.3,7.58445882797241
727,151.5,0.93358701467514
728,151.7,2.55364584922791
729,151.9,10.1083965301514
730,152.1,18.7904491424561
731,152.2,15.2722806930542
732,152.4,3.39909148216248
733,152.6,1.18008840084076
734,152.8,7.81009101867676
735,152.9,11.208568572998
736,153.1,31.1011543273926
737,153.2,19.3558807373047
738,153.4,3.20525407791138
739,153.7,2.80493497848511
740,153.8,3.92241597175598
741,154.0,15.9752025604248
742,154.2,20.7533760070801
743,154.3,8.80370712280273
744,154.6,3.12681078910828
745,154.8,9.47201061248779
746,155.0,30.3908672332764
747,155.1,19.8968811035156
748,155.2,22.6054496765137
749,155.4,3.687331199646
750,155.7,2.80653071403503
751,155.9,8.72293186187744
752,156.1,15.9987726211548
753,156.2,7.43616485595703
754,156.3,6.91910123825073
755,156.5,0.875398993492126
756,156.7,2.6088879108429
757,156.9,7.07917976379395
758,157.1,12.2929048538208
759,157.2,9.12558269500732
760,157.4,2.10029458999634
761,157.6,1.64436531066895
762,157.7,1.48256814479828
763,157.9,5.51583576202393
764,158.1,9.730788230896
765,158.2,7.66511154174805
766,158.4,2.86300015449524
767,158.7,5.51252126693726
768,158.9,25.3040752410889
769,159.1,40.7203521728516
770,159.2,21.3072681427002
771,159.4,1.90842127799988
772,159.6,1.70979619026184
773,159.7,1.59599804878235
774,159.9,7.79044914245605
775,160.0,6.95175552368164
776,160.2,12.2785415649414
777,160.3,5.67763328552246
778,160.6,1.90473854541779
779,160.8,9.20488548278809
780,161.0,32.6649894714355
781,161.1,22.3884105682373
782,161.3,5.34593677520752
783,161.6,2.02295613288879
784,161.8,5.47127437591553
785,162.0,12.8674192428589
786,162.1,6.70697259902954
787,162.2,7.55450534820557
788,162.5,2.60851955413818
789,162.7,5.89528608322144
790,162.9,37.3973731994629
791,163.0,50.2052536010742
792,163.1,47.6493988037109
793,163.3,4.50147294998169
794,163.4,3.15578198432922
795,163.7,3.40964889526367
796,163.9,11.2063589096069
797,164.1,15.5472621917725
798,164.2,8.86766529083252
799,164.4,2.64178729057312
800,164.7,3.79314994812012
801,164.9,21.5685005187988
802,165.1,41.2987976074219
803,165.2,19.2399959564209
804,165.4,2.18364834785461
805,165.6,1.80370736122131
806,165.7,1.65123987197876
807,165.9,8.34053516387939
808,166.0,5.99938631057739
809,166.2,12.2913084030151
810,166.3,3.69690656661987
811,166.4,2.5093297958374
812,166.6,0.686594665050507
813,166.8,4.19543313980103
814,167.0,10.2352075576782
815,167.1,5.84041261672974
816,167.2,8.17480945587158
817,167.4,1.8610360622406
818,167.6,1.78431129455566
819,167.8,3.47753500938416
820,168.0,8.09550666809082
821,168.1,10.0139942169189
822,168.3,5.2401180267334
823,168.5,1.05401420593262
824,168.7,2.39651370048523
825,168.8,2.28971266746521
826,169.0,7.52811193466187
827,169.1,5.13000249862671
828,169.2,7.11944532394409
829,169.4,2.48183155059814
830,169.7,2.05990672111511
831,169.8,2.06985020637512
832,170.0,7.3892707824707
833,170.1,4.7515344619751
834,170.2,7.14988946914673
835,170.4,2.89884614944458
836,170.7,1.97667562961578
837,170.9,5.11686706542969
838,171.1,9.03842353820801
839,171.2,6.46034860610962
840,171.4,1.58335375785828
841,171.6,2.03093552589417
842,171.7,1.17088139057159
843,171.9,4.1284065246582
844,172.0,3.22845578193665
845,172.2,6.3120551109314
846,172.3,4.05143642425537
847,172.6,2.01853680610657
848,172.8,3.04873561859131
849,173.0,5.62251424789429
850,173.2,6.13270330429077
851,173.3,3.48514604568481
852,173.6,1.88718390464783
853,173.8,2.86115884780884
854,174.0,5.30027008056641
855,174.2,6.12312793731689
856,174.3,3.73643517494202
857,174.5,0.781365096569061
858,174.7,2.47532534599304
859,174.9,6.39970541000366
860,175.1,9.01117134094238
861,175.2,5.62631988525391
862,175.4,1.43481469154358
863,175.6,2.12177753448486
864,175.8,5.38816595077515
865,176.0,20.5158367156982
866,176.1,15.1965379714966
867,176.3,4.27105331420898
868,176.5,1.05941569805145
869,176.7,3.50822496414185
870,176.9,25.1851215362549
871,177.0,108.814384460449
872,177.2,13.0159587860107
873,177.4,2.42843103408813
874,177.6,0.966118335723877
875,177.8,7.18413925170898
876,178.0,25.8934440612793
877,178.1,24.1204280853271
878,178.3,6.27240371704102
879,178.5,0.974834263324738
880,178.7,3.28308367729187
881,178.9,18.4004421234131
882,179.1,34.9725036621094
883,179.2,15.6503801345825
884,179.4,2.86852431297302
885,179.7,2.33992147445679
886,179.9,8.32285785675049
887,180.1,13.6793518066406
888,180.2,8.79057216644287
889,180.4,1.89479494094849
890,180.6,2.00368285179138
891,180.8,5.00491046905518
892,181.0,12.787748336792
893,181.2,13.8609132766724
894,181.3,5.47753477096558
895,181.5,1.94365334510803
896,181.7,1.43432354927063
897,181.9,5.6966609954834
898,182.0,4.7816104888916
899,182.2,10.6611833572388
900,182.3,5.43260478973389
901,182.5,0.867665112018585
902,182.7,2.13798189163208
903,182.8,1.85084700584412
904,183.0,4.86459589004517
905,183.1,3.17358207702637
906,183.2,4.78615283966064
907,183.4,1.60152220726013
908,183.6,1.55573284626007
909,183.7,1.26454699039459
910,183.9,3.7013258934021
911,184.1,5.29609632492065
912,184.2,4.41419124603271
913,184.4,2.30125212669373
914,184.6,0.832433104515076
915,184.8,3.38877987861633
916,185.0,6.54480743408203
917,185.2,6.97667551040649
918,185.3,2.53105807304382
919,185.4,2.65087151527405
920,185.7,1.68352568149567
921,185.9,3.05929279327393
922,186.1,4.7996563911438
923,186.3,3.84004426002502
924,186.4,2.11883139610291
925,186.7,2.5595383644104
926,186.9,4.2199854850769
927,187.0,2.9953351020813
928,187.1,6.05696058273315
929,187.3,2.02872586250305
930,187.4,2.00441932678223
931,187.7,2.16412973403931
932,187.9,3.0058925151825
933,188.1,3.75325322151184
934,188.2,2.01178503036499
935,188.3,2.99840402603149
936,188.6,1.88865697383881
937,188.8,5.62963438034058
938,189.0,16.4335861206055
939,189.1,15.0149765014648
940,189.3,5.03695058822632
941,189.5,1.07746136188507
942,189.7,1.89810955524445
943,189.8,2.15934205055237
944,190.0,7.79413223266602
945,190.1,3.985759973526
946,190.2,5.21875762939453
947,190.4,1.19494235515594
948,190.6,2.14338326454163
949,190.8,10.563835144043
950,191.0,179.92610168457
951,191.1,178.123123168945
952,191.2,22.8091087341309
953,191.4,1.76160073280334
954,191.6,1.57647919654846
955,191.8,6.08629989624023
956,192.0,48.967960357666
957,192.1,30.4098949432373
958,192.2,15.4523696899414
959,192.4,1.5341272354126
960,192.6,2.08212614059448
961,192.7,3.16953110694885
962,192.9,35.5534019470215
963,193.1,199.071563720703
964,193.2,26.8534240722656
965,193.3,8.87503051757813
966,193.5,0.842499375343323
967,193.7,2.83697509765625
968,193.9,17.1630249023438
969,194.0,16.1276702880859
970,194.1,28.2246494293213
971,194.3,7.04566669464111
972,194.5,1.17996561527252
973,194.7,3.50294613838196
974,194.9,14.8920946121216
975,195.1,23.7809963226318
976,195.2,12.8893938064575
977,195.4,2.73410272598267
978,195.6,0.810336351394653
979,195.8,3.50147318840027
980,196.0,7.25104331970215
981,196.2,9.16707611083984
982,196.3,4.25300741195679
983,196.6,2.0093297958374
984,196.8,4.68450784683228
985,196.9,5.73103380203247
986,197.1,38.3633689880371
987,197.2,27.8961448669434
988,197.4,2.08765029907227
989,197.6,1.37601280212402
990,197.7,0.976552903652191
991,197.9,4.55217266082764
992,198.1,9.26331901550293
993,198.2,8.09747123718262
994,198.4,2.36398243904114
995,198.7,2.13073897361755
996,198.9,3.67922902107239
997,199.1,5.15651845932007
998,199.2,4.51129388809204
999,199.5,2.05757427215576
1000,199.6,0.723177015781403
1001,199.8,3.10753750801086
1002,199.9,2.13110733032227
1003,200.1,5.23496198654175
1004,200.2,4.57083225250244
1005,200.4,1.16732144355774
1006,200.6,1.86140441894531
1007,200.8,3.33820271492004
1008,201.0,4.5548734664917
1009,201.2,4.77043962478638
1010,201.3,1.65123987197876
1011,201.4,1.83415174484253
1012,201.6,0.829118609428406
1013,201.8,2.54910373687744
1014,202.0,4.23631238937378
1015,202.2,5.16953086853027
1016,202.3,3.38571071624756
1017,202.5,0.986619174480438
1018,202.7,2.7174072265625
1019,202.9,7.76331949234009
1020,203.0,5.41848754882813
1021,203.1,10.0310583114624
1022,203.3,3.68168425559998
1023,203.6,1.75263929367065
1024,203.8,3.04787635803223
1025,204.0,5.2701940536499
1026,204.2,4.9264669418335
1027,204.4,2.97004675865173
1028,204.6,1.94794988632202
1029,204.8,4.89651346206665
1030,205.0,13.1696538925171
1031,205.1,7.18008852005005
1032,205.2,8.83893966674805
1033,205.4,2.23127913475037
1034,205.7,2.63650870323181
1035,205.9,5.7013258934021
1036,206.1,6.88669300079346
1037,206.2,3.85403871536255
1038,206.5,1.11944508552551
1039,206.7,1.99668550491333
1040,206.9,38.3125457763672
1041,207.1,3640.90747070313
1042,207.2,82.1112213134766
1043,207.4,0.904124736785889
1044,207.6,0.883869409561157
1045,207.8,8.13528156280518
1046,208.0,100.281982421875
1047,208.1,692.217895507813
1048,208.3,10.6598329544067
1049,208.5,0.760495960712433
1050,208.7,3.23778533935547
1051,208.9,25.5030689239502
1052,209.1,453.170379638672
1053,209.2,39.4903030395508
1054,209.4,2.27228093147278
1055,209.6,0.574392318725586
1056,209.8,4.12460088729858
1057,210.0,34.8427467346191
1058,210.1,47.130615234375
1059,210.3,5.82224416732788
1060,210.5,1.12496936321259
1061,210.7,3.71200585365295
1062,210.9,22.8301010131836
1063,211.1,44.2709312438965
1064,211.2,16.4339561462402
1065,211.3,7.74060869216919
1066,211.6,1.75190281867981
1067,211.7,1.50932967662811
1068,211.9,6.97741222381592
1069,212.1,15.4996318817139
1070,212.2,12.5681314468384
1071,212.4,2.42769455909729
1072,212.6,0.858949184417725
1073,212.8,5.42843103408813
1074,213.0,15.9984045028687
1075,213.2,19.8909893035889
1076,213.3,7.27399969100952
1077,213.5,0.936164975166321
1078,213.7,2.01203036308289
1079,213.9,3.49852681159973
1080,214.1,5.37257528305054
1081,214.2,2.73312044143677
1082,214.3,3.45335125923157
1083,214.6,2.2438006401062
1084,214.7,2.81352806091309
1085,214.9,14.8847284317017
1086,215.1,21.7431869506836
1087,215.2,13.1292657852173
1088,215.4,2.78995823860168
1089,215.7,2.30972266197205
1090,215.9,4.49128389358521
1091,216.1,6.38411474227905
1092,216.2,3.00036835670471
1093,216.3,2.8504786491394
1094,216.5,0.97139698266983
1095,216.7,2.68303465843201
1096,216.8,2.12693357467651
1097,217.0,7.05524206161499
1098,217.1,6.77473592758179
1099,217.3,2.85514354705811
1100,217.6,1.8709796667099
1101,217.8,3.58580899238586
1102,218.0,6.29523706436157
1103,218.2,6.29572772979736
1104,218.3,3.17088150978088
1105,218.6,2.17112684249878
1106,218.8,5.44684505462646
1107,218.9,4.32789087295532
1108,219.1,10.1894178390503
1109,219.2,5.04996299743652
1110,219.4,2.0735330581665
1111,219.6,1.08396756649017
1112,219.8,5.00883865356445
1113,220.0,9.06788635253906
1114,220.1,8.21028709411621
1115,220.3,3.32199859619141
1116,220.5,0.671617984771729
1117,220.7,2.71396994590759
1118,220.9,15.6361408233643
1119,221.1,43.208812713623
1120,221.2,28.3244533538818
1121,221.4,4.79904270172119
1122,221.7,2.12865209579468
1123,221.9,7.49287986755371
1124,222.0,6.18008852005005
1125,222.2,12.2748584747314
1126,222.3,3.71986246109009
1127,222.4,3.08421301841736
1128,222.7,3.80947709083557
1129,222.8,4.0678858757019
1130,223.0,14.7704391479492
1131,223.1,14.5700960159302
1132,223.3,5.32433080673218
1133,223.6,1.40682542324066
1134,223.8,3.13491272926331
1135,224.0,4.77964639663696
1136,224.1,4.98551416397095
1137,224.3,2.04382514953613
1138,224.5,2.02221941947937
1139,224.6,0.995703399181366
1140,224.8,6.56641292572021
1141,224.9,7.22415924072266
1142,225.1,19.0913333892822
1143,225.2,8.93530559539795
1144,225.3,7.09121036529541
1145,225.5,0.944758176803589
1146,225.7,1.85637128353119
1147,225.9,4.06248474121094
1148,226.1,6.70230770111084
1149,226.2,4.33672952651978
1150,226.4,1.16572546958923
1151,226.6,1.7673704624176
1152,226.8,3.70721817016602
1153,227.0,6.09648895263672
1154,227.2,7.34728717803955
1155,227.3,4.85784435272217
1156,227.5,1.77436780929565
1157,227.8,2.3262951374054
1158,228.0,3.34961938858032
1159,228.2,3.92094278335571
1160,228.3,1.6448563337326
1161,228.4,1.88092315196991
1162,228.7,2.16351580619812
1163,228.9,4.37429428100586
1164,229.0,2.90621161460876
1165,229.2,5.60495948791504
1166,229.3,2.08224892616272
1167,229.4,1.83648419380188
1168,229.7,1.5983304977417
1169,229.9,3.60115385055542
1170,230.1,4.69285535812378
1171,230.2,4.0729193687439
1172,230.4,2.23827648162842
1173,230.7,2.12644243240356
1174,230.9,3.25705862045288
1175,231.0,2.19592428207397
1176,231.2,4.24772882461548
1177,231.3,1.43555116653442
1178,231.4,1.93837463855743
1179,231.7,1.4823225736618
1180,231.9,2.52037811279297
1181,232.1,2.8073902130127
1182,232.3,2.74183654785156
1183,232.5,1.88153696060181
1184,232.7,3.42376637458801
1185,232.9,9.2795238494873
1186,233.1,11.1039772033691
1187,233.2,7.19445133209229
1188,233.4,1.3439724445343
1189,233.6,1.74551928043365
1190,233.8,2.78124237060547
1191,234.0,4.51669549942017
1192,234.1,2.38828873634338
1193,234.2,3.78332924842834
1194,234.5,2.05106806755066
1195,234.7,3.08912348747253
1196,234.9,7.47274732589722
1197,235.0,5.19457387924194
1198,235.1,7.16265630722046
1199,235.3,1.97127425670624
1200,235.4,1.54861283302307
1201,235.7,2.3297324180603
1202,235.8,1.85133802890778
1203,236.0,4.17039060592651
1204,236.2,4.43726968765259
1205,236.3,2.44844102859497
1206,236.6,2.07561993598938
1207,236.8,4.49705362319946
1208,237.0,7.00724267959595
1209,237.1,6.07426977157593
1210,237.3,2.62472367286682
1211,237.6,1.72158110141754
1212,237.7,1.04394793510437
1213,237.9,2.62570595741272
1214,238.1,3.06788611412048
1215,238.2,1.54787623882294
1216,238.3,2.22072172164917
1217,238.6,1.53523206710815
1218,238.8,2.47385215759277
1219,239.0,3.67836976051331
1220,239.1,2.17554616928101
1221,239.2,3.07918000221252
1222,239.4,0.926221430301666
1223,239.6,1.50748836994171
1224,239.8,1.97004663944244
1225,240.0,2.13466739654541
1226,240.1,2.08494973182678
1227,240.3,1.98735570907593
1228,240.5,1.64117360115051
1229,240.8,2.04186105728149
1230,241.0,2.72415900230408
1231,241.2,2.89037561416626
1232,241.4,2.33464288711548
1233,241.5,1.41333174705505
1234,241.7,1.44279396533966
1235,241.9,1.06641292572021
1236,242.1,2.18696284294128
1237,242.2,2.13405346870422
1238,242.5,1.50392830371857
1239,242.6,0.671126961708069
1240,242.8,1.7149521112442
1241,242.9,0.962312817573547
1242,243.1,2.22870111465454
1243,243.3,2.43788361549377
1244,243.4,1.85944020748138
1245,243.6,0.624846577644348
1246,243.8,1.76921188831329
1247,244.0,2.92941331863403
1248,244.1,2.8467960357666
1249,244.3,1.19310092926025
1250,244.5,1.61109745502472
1251,244.7,1.42487108707428
1252,244.9,2.20108032226563
1253,245.0,1.21544313430786
1254,245.1,2.88141417503357
1255,245.3,2.05806541442871
1256,245.6,1.80689907073975
1257,245.7,0.932482182979584
1258,245.9,2.65123987197876
1259,246.1,3.23103356361389
1260,246.3,2.72133564949036
1261,246.4,1.6042228937149
1262,246.7,1.71458387374878
1263,246.9,2.30751299858093
1264,247.1,2.92548489570618
1265,247.3,2.21004176139832
1266,247.5,1.56653571128845
1267,247.7,2.22624611854553
1268,247.9,3.94709062576294
1269,248.1,4.58703660964966
1270,248.2,1.73987233638763
1271,248.3,2.1919960975647
1272,248.5,0.88067764043808
1273,248.7,4.2816104888916
1274,248.9,15.8713474273682
1275,249.1,37.5847053527832
1276,249.2,9.18008804321289
1277,249.5,2.10729193687439
1278,249.6,1.18450772762299
1279,249.8,6.16056966781616
1280,249.9,5.42867660522461
1281,250.1,14.7652835845947
1282,250.2,6.11293888092041
1283,250.5,2.057697057724
1284,250.6,1.15615022182465
1285,250.8,8.51325798034668
1286,251.0,24.7968330383301
1287,251.1,17.9251174926758
1288,251.3,3.7003436088562
1289,251.6,2.19788861274719
1290,251.8,5.58850955963135
1291,252.0,10.1570091247559
1292,252.1,5.05646944046021
1293,252.2,5.55659198760986
1294,252.4,0.98772406578064
1295,252.6,1.87539899349213
1296,252.8,5.4357967376709
1297,252.9,5.27129888534546
1298,253.1,12.8173332214355
1299,253.2,6.84925127029419
1300,253.4,1.19715201854706
1301,253.6,1.69653820991516
1302,253.7,1.11551678180695
1303,253.9,3.16020131111145
1304,254.0,2.3138964176178
1305,254.2,3.49116134643555
1306,254.3,2.08040761947632
1307,254.5,0.854529857635498
1308,254.7,1.90547502040863
1309,254.9,4.23582124710083
1310,255.1,4.94021606445313
1311,255.2,3.27166700363159
1312,255.4,1.42388904094696
1313,255.6,0.72661429643631
1314,255.8,1.60888779163361
1315,256.0,2.49766755104065
1316,256.2,2.18401670455933
1317,256.4,1.89504051208496
1318,256.5,0.745764791965485
1319,256.7,1.71789836883545
1320,256.9,2.31622886657715
1321,257.0,2.68008828163147
1322,257.3,2.20697283744812
1323,257.5,1.36680579185486
1324,257.7,1.43002700805664
1325,257.9,1.98219990730286
1326,258.0,0.91234964132309
1327,258.1,1.8939356803894
1328,258.3,0.92511659860611
1329,258.5,1.52798914909363
1330,258.6,0.617235481739044
1331,258.8,1.564817070961
1332,259.0,2.17554616928101
1333,259.1,1.23361158370972
1334,259.3,2.1029953956604
1335,259.4,0.937269806861877
1336,259.6,1.43444633483887
1337,259.7,0.800147294998169
1338,259.9,1.81561505794525
1339,260.1,2.10495948791504
1340,260.2,1.06935918331146
1341,260.4,1.97753500938416
1342,260.5,0.785047888755798
1343,260.7,1.65615022182465
1344,260.8,0.809968054294586
1345,261.0,2.2372944355011
1346,261.1,1.11969065666199
1347,261.3,1.97164249420166
1348,261.4,0.84949666261673
1349,261.6,1.66020131111145
1350,261.8,1.41689169406891
1351,262.0,2.00712013244629
1352,262.2,1.71065557003021
1353,262.3,1.86864721775055
1354,262.5,0.815860569477081
1355,262.7,1.76602017879486
1356,262.8,1.08151245117188
1357,263.0,2.8061625957489
1358,263.1,2.61784934997559
1359,263.3,0.966486632823944
1360,263.5,1.47618460655212
1361,263.7,1.37564444541931
1362,263.9,1.75276207923889
1363,264.1,2.06444883346558
1364,264.2,0.982690870761871
1365,264.3,1.52909398078918
1366,264.5,0.694082975387573
1367,264.7,3.15921926498413
1368,264.9,13.7644243240356
1369,265.0,21.0532779693604
1370,265.1,30.8979873657227
1371,265.3,4.74257326126099
1372,265.5,0.652221977710724
1373,265.7,2.0247974395752
1374,265.9,6.07856607437134
1375,266.0,5.55843353271484
1376,266.1,9.55757427215576
1377,266.3,2.86238646507263
1378,266.6,2.15038061141968
1379,266.8,14.6187086105347
1380,267.0,82.3618927001953
1381,267.1,65.9270782470703
1382,267.3,7.28246974945068
1383,267.5,0.76135528087616
1384,267.7,3.53535485267639
1385,267.8,4.49091577529907
1386,268.0,21.4112453460693
1387,268.1,19.1583595275879
1388,268.3,4.30444383621216
1389,268.5,0.867296814918518
1390,268.7,3.54112458229065
1391,268.8,5.41824197769165
1392,269.0,18.5820026397705
1393,269.1,17.3672962188721
1394,269.3,3.57316470146179
1395,269.4,2.18573522567749
1396,269.7,2.20709562301636
1397,269.9,4.80235719680786
1398,270.1,6.72661447525024
1399,270.2,6.29327297210693
1400,270.4,1.53523206710815
1401,270.6,2.88681554794312
1402,270.8,7.02185106277466
1403,271.0,12.1025047302246
1404,271.2,10.9229068756104
1405,271.3,4.1284065246582
1406,271.6,1.72808742523193
1407,271.8,2.79548239707947
1408,272.0,4.21826648712158
1409,272.2,3.63810467720032
1410,272.3,2.1060643196106
1411,272.5,0.699607193470001
1412,272.7,1.79916524887085
1413,272.9,3.51718640327454
1414,273.0,2.57279658317566
1415,273.1,3.69481945037842
1416,273.3,2.25890016555786
1417,273.5,1.57242822647095
1418,273.7,0.887920439243317
1419,273.9,1.96231281757355
1420,274.1,2.26037311553955
1421,274.2,1.11134302616119
1422,274.3,1.84691870212555
1423,274.5,1.66155171394348
1424,274.8,2.35563468933105
1425,275.0,3.15087151527405
1426,275.2,3.514240026474
1427,275.4,1.85477530956268
1428,275.5,0.65713232755661
1429,275.7,1.56579911708832
1430,275.8,0.824208199977875
1431,276.0,2.28197884559631
1432,276.1,0.944267153739929
1433,276.2,1.91149032115936
1434,276.4,0.73864471912384
1435,276.6,1.32187581062317
1436,276.8,2.19003200531006
1437,276.9,1.38558804988861
1438,277.0,2.99484419822693
1439,277.2,1.18548977375031
1440,277.3,1.68413949012756
1441,277.6,1.37613546848297
1442,277.8,1.54419350624084
1443,278.0,1.81401920318604
1444,278.1,0.708077609539032
1445,278.3,1.7326295375824
1446,278.4,1.43812918663025
1447,278.7,2.01190757751465
1448,278.8,1.43137741088867
1449,279.0,3.59771656990051
1450,279.2,3.56015229225159
1451,279.3,2.13528108596802
1452,279.5,0.72919225692749
1453,279.7,1.40743923187256
1454,279.8,0.911122024059296
1455,280.0,2.34630489349365
1456,280.1,1.06702673435211
1457,280.3,1.81819295883179
1458,280.5,1.07304203510284
1459,280.7,3.0387921333313
1460,280.8,7.58924627304077
1461,281.0,133.907928466797
1462,281.1,723.6337890625
1463,281.3,15.0288486480713
1464,281.5,0.614166438579559
1465,281.7,2.16768956184387
1466,281.9,22.0131359100342
1467,282.1,188.664367675781
1468,282.2,44.2158126831055
1469,282.4,3.2409770488739
1470,282.7,3.67272281646729
1471,282.9,22.5069980621338
1472,283.1,122.893692016602
1473,283.2,30.7407321929932
1474,283.3,11.7803831100464
1475,283.5,0.833415150642395
1476,283.7,1.95850729942322
1477,283.8,2.71335625648499
1478,284.0,15.6178493499756
1479,284.1,13.3201570510864
1480,284.2,12.1927328109741
1481,284.4,2.42781734466553
1482,284.7,3.9829363822937
1483,284.8,5.8260498046875
1484,285.0,23.3933219909668
1485,285.2,23.7371711730957
1486,285.3,5.2096734046936
1487,285.4,3.00073647499084
1488,285.7,2.29941082000732
1489,285.9,4.74907922744751
1490,286.0,3.20341277122498
1491,286.2,6.6247239112854
1492,286.3,2.24171376228333
1493,286.4,2.21679353713989
1494,286.7,2.17223167419434
1495,286.8,2.28431129455566
1496,287.0,6.91468191146851
1497,287.2,7.10434579849243
1498,287.3,4.13343954086304
1499,287.6,1.41369998455048
1500,287.8,1.75398969650269
1501,288.0,2.51681804656982
1502,288.2,2.65823721885681
1503,288.3,1.81880676746368
1504,288.6,2.08985996246338
1505,288.8,5.0993127822876
1506,289.0,9.72194957733154
1507,289.1,4.37294387817383
1508,289.2,6.97250175476074
1509,289.4,1.32163023948669
1510,289.6,1.35747611522675
1511,289.8,2.56383490562439
1512,289.9,1.79572796821594
1513,290.1,3.16449785232544
1514,290.2,2.73692607879639
1515,290.4,1.04554378986359
1516,290.6,1.53695070743561
1517,290.8,2.13479018211365
1518,290.9,1.21163761615753
1519,291.0,3.21446108818054
1520,291.3,2.05364584922791
1521,291.4,0.680333912372589
1522,291.6,1.3827645778656
1523,291.8,1.54456174373627
1524,291.9,0.769457399845123
1525,292.1,1.81033635139465
1526,292.2,1.43186843395233
1527,292.5,1.42708075046539
1528,292.7,3.77498149871826
1529,292.9,11.4715194702148
1530,293.0,7.94328498840332
1531,293.1,13.4781484603882
1532,293.3,1.77559542655945
1533,293.5,1.50429654121399
1534,293.7,2.02332425117493
1535,293.8,1.71004176139832
1536,294.0,4.64031410217285
1537,294.2,4.4016695022583
1538,294.3,1.2515344619751
1539,294.5,1.5241836309433
1540,294.7,2.5518045425415
1541,294.8,2.98846054077148
1542,295.0,9.14927577972412
1543,295.2,10.2882394790649
1544,295.3,4.55757427215576
1545,295.6,1.68254363536835
1546,295.8,2.43370985984802
1547,296.0,3.9047384262085
1548,296.2,4.08715915679932
1549,296.3,1.67972016334534
1550,296.5,1.92192482948303
1551,296.6,1.07291924953461
1552,296.8,4.31586074829102
1553,297.0,7.39823246002197
1554,297.1,3.72096729278564
1555,297.2,4.68843603134155
1556,297.4,0.947458863258362
1557,297.6,1.58421313762665
1558,297.8,1.90216052532196
1559,298.0,2.47225642204285
1560,298.1,2.58752751350403
1561,298.3,1.70820033550262
1562,298.6,1.63589489459991
1563,298.8,4.30861759185791
1564,299.0,7.96869611740112
1565,299.2,9.35281085968018
1566,299.3,3.17787861824036
1567,299.4,2.48514604568481
1568,299.7,1.5040510892868
1569,299.9,2.83243298530579
1570,300.1,3.6001718044281
1571,300.2,3.15651845932007
1572,300.4,1.34655046463013
1573,300.7,1.70157134532928
1574,300.8,1.05524182319641
1575,301.0,2.68229794502258
1576,301.2,2.84851455688477
1577,301.3,1.99717652797699
1578,301.5,0.522219479084015
1579,301.7,1.37834525108337
1580,301.9,1.32531309127808
1581,302.0,0.725509464740753
1582,302.2,1.70365822315216
1583,302.4,1.77633190155029
1584,302.6,1.22182667255402
1585,302.8,1.67075860500336
1586,302.9,1.09292900562286
1587,303.1,2.28026032447815
1588,303.3,2.00245523452759
1589,303.5,1.3138964176178
1590,303.6,0.530689895153046
1591,303.8,1.15909647941589
1592,303.9,0.779891967773438
1593,304.1,1.72550940513611
1594,304.3,1.69310092926025
1595,304.5,1.27841889858246
1596,304.7,1.36373674869537
1597,304.9,1.6408052444458
1598,305.1,1.82494473457336
1599,305.2,1.51288974285126
1600,305.5,1.31536948680878
1601,305.7,1.17886078357697
1602,305.9,1.16793513298035
1603,306.1,1.4122269153595
1604,306.3,1.5688681602478
1605,306.5,1.40977168083191
1606,306.7,1.32690894603729
1607,306.9,2.22833299636841
1608,307.1,2.70157122612
1609,307.2,1.1684262752533
1610,307.3,1.8033390045166
1611,307.6,1.26884365081787
1612,307.7,0.715443134307861
1613,307.9,1.63343977928162
1614,308.1,1.81070458889008
1615,308.3,1.60373187065125
1616,308.5,1.3185613155365
1617,308.6,0.651853680610657
1618,308.8,1.7496931552887
1619,309.0,2.06616735458374
1620,309.2,2.53142642974854
1621,309.3,1.48747849464417
1622,309.5,0.410876512527466
1623,309.7,1.38374662399292
1624,309.9,1.43714702129364
1625,310.1,1.72943770885468
1626,310.3,1.41259515285492
1627,310.4,1.25816357135773
1628,310.7,1.75313031673431
1629,310.8,1.3368524312973
1630,311.0,3.34974217414856
1631,311.1,1.52762091159821
1632,311.2,2.55855631828308
1633,311.4,0.756690382957458
1634,311.6,1.36840164661407
1635,311.8,1.81340539455414
1636,312.0,1.81892955303192
1637,312.1,0.695924401283264
1638,312.3,1.69003188610077
1639,312.4,1.24601030349731
1640,312.7,1.8138964176178
1641,312.8,1.18634915351868
1642,313.0,2.87527632713318
1643,313.2,2.79437756538391
1644,313.3,1.15259027481079
1645,313.4,1.42511665821075
1646,313.7,1.37822246551514
1647,313.8,0.858826398849487
1648,314.0,1.80788111686707
1649,314.2,1.72870123386383
1650,314.4,1.48956537246704
1651,314.5,0.590964913368225
1652,314.7,1.34335875511169
1653,314.8,0.76773875951767
1654,315.0,1.81561505794525
1655,315.2,1.70979619026184
1656,315.3,0.881414175033569
1657,315.5,1.4835501909256
1658,315.6,0.42720353603363
1659,315.8,1.15651857852936
1660,316.0,1.5294623374939
1661,316.2,1.54112446308136
1662,316.4,1.42094278335571
1663,316.6,1.23569846153259
1664,316.8,1.23410260677338
1665,316.9,1.46931004524231
1666,317.2,1.56211638450623
1667,317.3,0.599435329437256
1668,317.5,1.11404371261597
1669,317.7,1.2025533914566
1670,317.9,1.59354281425476
1671,318.0,0.740486145019531
1672,318.2,1.76344215869904
1673,318.4,1.18634915351868
1674,318.5,1.2844340801239
1675,318.8,1.0812668800354
1676,319.0,1.36889266967773
1677,319.1,1.36741960048676
1678,319.4,1.13908672332764
1679,319.5,0.70390373468399
1680,319.7,1.209059715271
1681,319.8,1.46501350402832
1682,320.1,1.35268843173981
1683,320.3,1.21937143802643
1684,320.5,1.17861521244049
1685,320.7,1.25816357135773
1686,320.8,1.22403633594513
1687,321.1,1.56334400177002
1688,321.3,1.35428428649902
1689,321.4,1.20439481735229
1690,321.7,1.24490547180176
1691,321.9,1.15357232093811
1692,322.1,1.22244048118591
1693,322.3,1.25767242908478
1694,322.4,1.31917500495911
1695,322.6,0.844095289707184
1696,322.8,2.07770681381226
1697,322.9,1.51988708972931
1698,323.1,4.39037561416626
1699,323.2,2.40547513961792
1700,323.5,1.23127913475037
1701,323.7,1.36606919765472
1702,323.9,1.92327523231506
1703,324.1,2.23545289039612
1704,324.3,1.89062118530273
1705,324.5,1.63724529743195
1706,324.6,1.12558305263519
1707,324.8,6.63503551483154
1708,325.0,15.3168430328369
1709,325.1,12.314019203186
1710,325.3,2.22624611854553
1711,325.4,1.50797939300537
1712,325.6,0.884974241256714
1713,325.8,3.49152970314026
1714,325.9,2.40019631385803
1715,326.0,6.01730918884277
1716,326.2,3.25656771659851
1717,326.5,1.90191507339478
1718,326.6,1.44635403156281
1719,326.8,10.7838201522827
1720,326.9,10.1744413375854
1721,327.1,28.382396697998
1722,327.2,10.9257307052612
1723,327.4,1.36840164661407
1724,327.6,1.74834275245667
1725,327.8,4.90670251846313
1726,328.0,8.28517055511475
1727,328.1,7.02320146560669
1728,328.3,2.74515104293823
1729,328.5,0.742573022842407
1730,328.7,3.04861283302307
1731,328.9,6.16768980026245
1732,329.1,6.60078573226929
1733,329.2,3.90289711952209
1734,329.4,1.39786398410797
1735,329.7,1.5058925151825
1736,329.9,2.13417625427246
1737,330.1,2.637122631073
1738,330.3,2.11772656440735
1739,330.5,1.42892217636108
1740,330.7,1.67751038074493
1741,330.9,3.04333424568176
1742,331.1,3.10004901885986
1743,331.2,2.27719116210938
1744,331.5,1.3868156671524
1745,331.7,1.2314019203186
1746,331.9,1.7360668182373
1747,332.0,1.56714951992035
1748,332.2,0.681193232536316
1749,332.3,1.2673704624176
1750,332.5,0.622514128684998
1751,332.7,1.69887065887451
1752,332.9,1.56506264209747
1753,333.0,1.50331449508667
1754,333.3,1.70979619026184
1755,333.5,1.25546276569366
1756,333.7,1.22452735900879
1757,333.9,1.29818320274353
1758,334.0,1.26749324798584
1759,334.3,1.08323109149933
1760,334.5,1.18328011035919
1761,334.7,1.38423764705658
1762,334.9,1.62091827392578
1763,335.0,0.952491998672485
1764,335.2,1.63663148880005
1765,335.3,0.696906447410583
1766,335.5,1.03400444984436
1767,335.7,1.22145843505859
1768,335.9,1.2267370223999
1769,336.1,1.35403883457184
1770,336.3,1.30186593532562
1771,336.5,1.3303462266922
1772,336.6,0.599803566932678
1773,336.8,1.33783447742462
1774,336.9,0.717161774635315
1775,337.1,1.49177515506744
1776,337.2,0.843235969543457
1777,337.4,1.3939356803894
1778,337.6,1.06273019313812
1779,337.8,1.26209187507629
1780,338.0,1.19764304161072
1781,338.2,1.3569849729538
1782,338.4,1.11797201633453
1783,338.6,1.17751038074493
1784,338.8,2.55757427215576
1785,339.0,5.01718616485596
1786,339.1,4.85882663726807
1787,339.3,1.5877730846405
1788,339.4,1.67996561527252
1789,339.7,1.46783697605133
1790,339.9,2.2409770488739
1791,340.1,2.78676652908325
1792,340.2,0.985759854316711
1793,340.3,1.35023319721222
1794,340.5,0.745396494865417
1795,340.7,5.19801139831543
1796,340.9,25.1338081359863
1797,341.0,29.6427688598633
1798,341.1,55.0259017944336
1799,341.3,8.9575252532959
1800,341.5,0.976552903652191
1801,341.7,2.81586050987244
1802,341.9,9.83832550048828
1803,342.1,20.5240612030029
1804,342.2,9.81978893280029
1805,342.4,2.79511427879333
1806,342.6,1.11171126365662
1807,342.8,5.15492248535156
1808,343.0,12.6231279373169
1809,343.1,14.8168430328369
1810,343.3,5.13221216201782
1811,343.5,1.46599555015564
1812,343.8,2.40682554244995
1813,343.9,1.87085688114166
1814,344.1,4.33083724975586
1815,344.2,3.16142892837524
1816,344.4,1.80726742744446
1817,344.7,2.44500374794006
1818,344.9,6.41308641433716
1819,345.1,8.29155445098877
1820,345.2,5.20009803771973
1821,345.4,1.80481219291687
1822,345.6,0.852933943271637
1823,345.8,2.13982319831848
1824,346.0,3.03265404701233
1825,346.2,2.61281609535217
1826,346.3,1.81622886657715
1827,346.5,0.785293400287628
1828,346.7,1.47999012470245
1829,346.9,2.33329248428345
1830,347.1,2.87196159362793
1831,347.3,2.05966114997864
1832,347.5,1.34716427326202
1833,347.7,0.986128151416779
1834,347.9,1.28738033771515
1835,348.0,1.45777070522308
1836,348.2,0.659833073616028
1837,348.4,1.12337338924408
1838,348.5,0.641664624214172
1839,348.7,2.04615759849548
1840,348.8,1.63245761394501
1841,349.0,3.59329724311829
1842,349.1,3.7921679019928
1843,349.3,1.45126438140869
1844,349.5,1.20721828937531
1845,349.7,0.778787136077881
1846,349.9,1.66621649265289
1847,350.0,0.894917726516724
1848,350.2,1.69874787330627
1849,350.4,1.30493497848511
1850,350.6,1.36410510540009
1851,350.7,0.823471665382385
1852,350.9,2.04505276679993
1853,351.1,2.03866934776306
1854,351.2,1.77657747268677
1855,351.5,1.21826660633087
1856,351.7,0.928185641765594
1857,351.9,1.27105331420898
1858,352.1,1.10520505905151
1859,352.3,1.34053528308868
1860,352.4,0.477289468050003
1861,352.6,1.17763316631317
1862,352.7,0.622514128684998
1863,352.9,1.60336363315582
1864,353.0,0.920697271823883
1865,353.2,1.94021606445313
1866,353.3,1.54014241695404
1867,353.6,1.64399707317352
1868,353.7,0.693960249423981
1869,353.9,1.290940284729
1870,354.1,1.38043212890625
1871,354.3,1.41087651252747
1872,354.4,0.663638591766357
1873,354.6,2.11809468269348
1874,354.8,8.434814453125
1875,355.0,40.609992980957
1876,355.1,96.8008804321289
1877,355.3,11.3688926696777
1878,355.4,4.46157646179199
1879,355.7,2.41676902770996
1880,355.9,10.1344213485718
1881,356.0,11.2186346054077
1882,356.1,30.7552165985107
1883,356.3,8.66744422912598
1884,356.6,2.14141917228699
1885,356.8,4.47078323364258
1886,357.0,12.5138721466064
1887,357.1,12.6867170333862
1888,357.2,14.5656766891479
1889,357.4,3.0313036441803
1890,357.7,1.62509202957153
1891,357.9,3.06150269508362
1892,358.1,6.14264678955078
1893,358.3,4.54971742630005
1894,358.4,1.67579174041748
1895,358.7,1.90240609645844
1896,358.8,2.45457887649536
1897,359.0,7.80493497848511
1898,359.2,8.6200590133667
1899,359.3,4.15443181991577
1900,359.5,0.853179454803467
1901,359.7,1.34593665599823
1902,359.8,0.985268831253052
1903,360.0,3.2438006401062
1904,360.2,3.18094778060913
1905,360.3,1.40559780597687
1906,360.4,1.73938131332397
1907,360.7,1.42916774749756
1908,360.8,1.06137979030609
1909,361.0,2.776700258255
1910,361.2,2.67014479637146
1911,361.3,1.06935918331146
1912,361.4,1.35944020748138
1913,361.6,1.06334400177002
1914,361.9,1.31217777729034
1915,362.1,1.65774607658386
1916,362.2,0.759145617485046
1917,362.4,1.36864721775055
1918,362.6,1.01387178897858
1919,362.8,2.14240121841431
1920,363.0,3.17935180664063
1921,363.2,3.30309343338013
1922,363.3,1.93591952323914
1923,363.5,0.552295625209808
1924,363.6,1.35526633262634
1925,363.9,1.62067270278931
1926,364.1,2.04296588897705
1927,364.3,1.43321871757507
1928,364.4,1.115394115448
1929,364.6,0.564939856529236
1930,364.8,1.41922414302826
1931,365.0,1.76184630393982
1932,365.1,1.60888779163361
1933,365.3,0.688681542873383
1934,365.5,1.06346678733826
1935,365.7,1.19175052642822
1936,365.8,0.720721840858459
1937,365.9,1.30162048339844
1938,366.2,1.35993123054504
1939,366.4,1.15529096126556
1940,366.5,0.566535711288452
1941,366.7,1.79486858844757
1942,366.9,3.20402646064758
1943,367.0,1.79499137401581
1944,367.1,4.10373210906982
1945,367.3,0.959980368614197
1946,367.4,1.34188556671143
1947,367.7,1.2608642578125
1948,367.9,1.63159835338593
1949,368.1,1.69948446750641
1950,368.3,1.75362145900726
1951,368.4,0.588509678840637
1952,368.6,1.20439481735229
1953,368.8,2.0688681602478
1954,369.0,3.57733845710754
1955,369.1,4.05561017990112
1956,369.3,2.47741222381592
1957,369.6,1.30407559871674
1958,369.8,1.74109995365143
1959,370.0,1.84262216091156
1960,370.2,2.11551690101624
1961,370.4,1.79020380973816
1962,370.6,1.51460838317871
1963,370.8,2.07500624656677
1964,371.0,2.40559792518616
1965,371.2,2.63785910606384
1966,371.4,1.60716915130615
1967,371.6,1.28799414634705
1968,371.7,0.639823198318481
1969,371.8,1.47336113452911
1970,372.1,1.5195187330246
1971,372.2,0.796464502811432
1972,372.3,1.18978643417358
1973,372.6,1.09464764595032
1974,372.8,1.82408547401428
1975,373.0,2.44610857963562
1976,373.2,3.42413449287415
1977,373.3,1.3368524312973
1978,373.4,1.39921438694
1979,373.7,1.28738033771515
1980,373.9,1.63122999668121
1981,374.1,2.02246499061584
1982,374.3,1.51755464076996
1983,374.4,1.26430153846741
1984,374.6,0.549226641654968
1985,374.8,1.10913336277008
1986,374.9,0.7679842710495
1987,375.1,1.56555366516113
1988,375.3,1.53744173049927
1989,375.4,0.573164761066437
1990,375.6,0.970046639442444
1991,375.8,1.22563219070435
1992,375.9,0.588632464408875
1993,376.1,1.32408547401428
1994,376.2,1.18192982673645
1995,376.4,0.505278646945953
1996,376.6,1.14178740978241
1997,376.8,1.30125212669373
1998,377.0,1.25214827060699
1999,377.2,1.15909647941589
2000,377.3,0.77080774307251
2001,377.5,1.08372211456299
2002,377.7,0.977657735347748
2003,377.8,0.593665599822998
2004,378.0,1.25595378875732
2005,378.1,0.571568846702576
2006,378.2,1.05462801456451
2007,378.5,0.975079774856567
2008,378.7,0.968205273151398
2009,378.8,1.14154183864594
2010,379.0,0.602136015892029
2011,379.2,1.23189294338226
2012,379.4,1.16633927822113
2013,379.6,0.941566407680511
2014,379.8,1.2242819070816
2015,379.9,1.18880426883698
2016,380.1,1.08789587020874
2017,380.4,1.27952373027802
2018,380.5,0.422784179449081
2019,380.7,1.14166462421417
2020,380.9,1.27534985542297
2021,381.0,1.45065057277679
2022,381.3,1.34667325019836
2023,381.5,1.05045425891876
2024,381.7,1.14105081558228
2025,381.9,1.21004176139832
2026,382.0,0.642155647277832
2027,382.2,1.15406334400177
2028,382.4,1.01411736011505
2029,382.6,1.21998524665833
2030,382.8,1.50122761726379
2031,383.0,2.17198634147644
2032,383.1,2.00613808631897
2033,383.3,1.33599317073822
2034,383.6,1.11858582496643
2035,383.8,1.34937393665314
2036,383.9,1.44156646728516
2037,384.1,1.29646456241608
2038,384.4,1.37466239929199
2039,384.5,0.512644231319427
2040,384.7,1.89663636684418
2041,384.9,3.22452735900879
2042,385.0,1.7509206533432
2043,385.1,3.21765279769897
2044,385.3,1.64706599712372
2045,385.5,0.472010791301727
2046,385.7,1.43088626861572
2047,385.9,1.71900320053101
2048,386.0,0.887552201747894
2049,386.2,1.79241347312927
2050,386.4,1.47311568260193
2051,386.6,1.36975204944611
2052,386.8,2.021728515625
2053,387.0,3.52332425117493
2054,387.1,3.34556841850281
2055,387.3,1.80247974395752
2056,387.6,1.03142642974854
2057,387.8,1.57954823970795
2058,388.0,1.96869623661041
2059,388.1,1.01129388809204
2060,388.3,1.71261966228485
2061,388.4,0.597102880477905
2062,388.6,1.1619199514389
2063,388.8,1.28676652908325
2064,389.0,1.96759140491486
2065,389.2,2.01264429092407
2066,389.3,0.734470903873444
2067,389.4,1.48097229003906
2068,389.7,1.07426953315735
2069,389.9,1.53191745281219
2070,390.1,1.28222441673279
2071,390.3,1.29106307029724
2072,390.4,0.395531535148621
2073,390.6,1.09587526321411
2074,390.8,1.06199359893799
2075,391.0,1.33206486701965
2076,391.1,0.674441456794739
2077,391.2,1.2444144487381
2078,391.5,0.973852217197418
2079,391.7,0.992143392562866
2080,391.9,1.15087163448334
2081,392.0,0.404493004083633
2082,392.1,1.14620673656464
2083,392.3,0.631721079349518
2084,392.5,0.722440481185913
2085,392.6,0.559292912483215
2086,392.8,0.964645206928253
2087,393.0,1.27461326122284
2088,393.2,0.894795000553131
2089,393.4,1.02185118198395
2090,393.6,0.940461575984955
2091,393.7,0.512767016887665
2092,393.9,0.863122999668121
2093,394.0,0.568745374679565
2094,394.2,1.04075622558594
2095,394.3,0.731401920318604
2096,394.4,1.03216302394867
2097,394.7,0.99693101644516
2098,394.9,1.19948446750641
2099,395.1,1.11257064342499
2100,395.3,1.01743185520172
2101,395.5,1.16867172718048
2102,395.7,1.08936905860901
2103,395.8,0.457770675420761
2104,396.0,1.23299777507782
2105,396.1,0.632457673549652
2106,396.2,1.24024057388306
2107,396.5,1.11809480190277
2108,396.7,1.05033147335052
2109,396.9,1.10410022735596
2110,397.1,1.41590964794159
2111,397.2,0.754235208034515
2112,397.4,1.40338814258575
2113,397.6,1.01546776294708
2114,397.7,0.604100167751312
2115,397.9,1.20746374130249
2116,398.1,1.15909647941589
2117,398.2,0.589123487472534
2118,398.4,0.868156135082245
2119,398.6,1.16167449951172
2120,398.7,1.00699734687805
2121,398.9,3.0859317779541
2122,399.0,1.93076360225677
2123,399.1,3.77105331420898
2124,399.3,1.99373924732208
2125,399.6,1.15516817569733
2126,399.8,1.63884115219116
2127,400.0,1.97016942501068
2128,400.2,2.10778307914734
2129,400.3,1.39958262443542
2130,400.5,0.695924401283264
2131,400.7,3.47692108154297
2132,400.8,4.12619686126709
2133,401.0,13.3815364837646
2134,401.1,14.1751775741577
2135,401.3,4.54149293899536
2136,401.6,1.44524919986725
2137,401.8,3.29106307029724
2138,402.0,5.36361408233643
2139,402.1,5.3882884979248
2140,402.3,2.47937631607056
2141,402.5,0.586300015449524
2142,402.7,2.42020630836487
2143,402.9,3.55622386932373
2144,403.1,5.30321645736694
2145,403.2,3.5918242931366
2146,403.4,1.42057454586029
2147,403.6,0.574392318725586
2148,403.8,1.63024795055389
2149,404.0,2.0831081867218
2150,404.2,2.02627062797546
2151,404.4,1.34434080123901
2152,404.6,1.28701198101044
2153,404.8,1.93334150314331
2154,405.0,2.85342502593994
2155,405.1,1.26466977596283
2156,405.3,2.37945008277893
2157,405.5,1.24465990066528
2158,405.6,0.769580185413361
2159,405.7,1.17198622226715
2160,406.0,1.45617485046387
2161,406.2,1.42020618915558
2162,406.3,0.821507513523102
2163,406.5,1.07684755325317
2164,406.7,1.14019155502319
2165,406.9,1.66523444652557
2166,407.1,1.38534247875214
2167,407.2,1.39688193798065
2168,407.4,0.571200609207153
2169,407.6,0.984041273593903
2170,407.7,0.566904008388519
2171,407.9,1.20414924621582
2172,408.0,0.505278646945953
2173,408.2,1.11085200309753
2174,408.3,0.464399695396423
2175,408.4,0.973115622997284
2176,408.7,1.38792049884796
2177,408.8,0.580162048339844
2178,409.0,1.46575009822845
2179,409.2,1.52860295772552
2180,409.4,1.01436293125153
2181,409.6,1.07549715042114
2182,409.8,1.14203286170959
2183,410.0,1.22059905529022
2184,410.1,1.12705624103546
2185,410.3,0.489933699369431
2186,410.5,1.19150507450104
2187,410.7,0.953596830368042
2188,410.9,1.20562243461609
2189,411.0,1.20635890960693
2190,411.2,0.73864471912384
2191,411.3,1.03584575653076
2192,411.6,1.13135278224945
2193,411.7,0.507979393005371
2194,411.9,1.07893443107605
2195,412.1,1.02897131443024
2196,412.2,0.573901295661926
2197,412.4,0.95863002538681
2198,412.6,0.997053742408752
2199,412.8,1.36152708530426
2200,413.0,1.70402646064758
2201,413.1,2.06015229225159
2202,413.3,0.727105319499969
2203,413.5,1.19211888313293
2204,413.7,0.974220454692841
2205,413.8,1.21151483058929
2206,414.1,1.4993861913681
2207,414.2,0.69752025604248
2208,414.3,1.25656759738922
2209,414.6,1.50294625759125
2210,414.8,5.22870111465454
2211,415.0,15.8496198654175
2212,415.1,19.2945003509521
2213,415.3,7.20586776733398
2214,415.5,1.55033147335052
2215,415.8,2.94021606445313
2216,416.0,6.72600030899048
2217,416.1,8.30088424682617
2218,416.3,2.63663148880005
2219,416.4,2.28652095794678
2220,416.7,1.5747606754303
2221,416.9,3.99803590774536
2222,417.0,3.52528858184814
2223,417.2,6.46464538574219
2224,417.3,2.50122761726379
2225,417.4,2.09734845161438
2226,417.6,0.61956787109375
2227,417.8,1.65099430084229
2228,417.9,1.04898107051849
2229,418.1,2.5558557510376
2230,418.3,2.48919725418091
2231,418.4,1.16707587242126
2232,418.7,1.2509206533432
2233,418.8,1.06641292572021
2234,419.0,2.1861035823822
2235,419.2,2.3452000617981
2236,419.3,1.03621411323547
2237,419.4,1.6389639377594
2238,419.6,0.591824233531952
2239,419.8,1.14890742301941
2240,420.0,1.48023569583893
2241,420.1,0.730665385723114
2242,420.3,1.18684017658234
2243,420.4,0.595507025718689
2244,420.6,1.16633927822113
2245,420.8,1.31622886657715
2246,421.0,1.54198384284973
2247,421.1,0.776945769786835
2248,421.3,1.31843852996826
2249,421.4,0.556837737560272
2250,421.5,0.944758176803589
2251,421.8,1.03523206710815
2252,422.0,1.20549964904785
2253,422.1,0.574637830257416
2254,422.3,1.13540387153625
2255,422.5,1.21838939189911
2256,422.6,0.493370980024338
2257,422.8,1.11981344223022
2258,422.9,0.751780033111572
2259,423.0,1.58175790309906
2260,423.3,1.36005401611328
2261,423.4,0.50638347864151
2262,423.6,1.01190769672394
2263,423.8,1.11588513851166
2264,423.9,0.608765065670013
2265,424.0,0.955069959163666
2266,424.2,0.708445847034454
2267,424.4,1.13601768016815
2268,424.5,0.530076086521149
2269,424.7,0.92180210351944
2270,424.9,1.11023819446564
2271,425.0,1.19555604457855
2272,425.2,0.523201584815979
2273,425.3,0.998158633708954
2274,425.6,0.89577704668045
2275,425.7,0.581389665603638
2276,425.9,1.09206974506378
2277,426.0,1.26994848251343
2278,426.3,0.996071696281433
2279,426.4,1.03142642974854
2280,426.7,1.20046651363373
2281,426.8,0.595015943050385
2282,427.0,1.37048852443695
2283,427.2,1.68598079681396
2284,427.3,0.58458137512207
2285,427.5,1.08691382408142
2286,427.7,1.07942545413971
2287,427.9,0.943653345108032
2288,428.1,1.13528108596802
2289,428.3,1.07918000221252
2290,428.5,1.06101155281067
2291,428.7,1.92315244674683
2292,428.8,2.02958512306213
2293,429.0,9.97876262664795
2294,429.1,9.94647693634033
2295,429.2,15.0534000396729
2296,429.4,3.54799890518188
2297,429.7,1.51915049552917
2298,429.9,3.66093778610229
2299,430.1,8.03265380859375
2300,430.2,5.95114183425903
2301,430.4,2.16056966781616
2302,430.7,1.45862996578217
2303,430.9,3.08102130889893
2304,431.1,5.68033409118652
2305,431.2,5.26466989517212
2306,431.4,1.85170638561249
2307,431.7,1.22956049442291
2308,431.9,1.79265892505646
2309,432.0,1.29081761837006
2310,432.2,2.38411498069763
2311,432.3,1.82690894603729
2312,432.5,0.597471177577972
2313,432.7,0.954333424568176
2314,432.9,1.94782710075378
2315,433.1,2.68328022956848
2316,433.3,2.21912598609924
2317,433.4,1.49067032337189
2318,433.6,0.494966864585876
2319,433.8,1.27056229114532
2320,433.9,0.728823959827423
2321,434.1,1.54222929477692
2322,434.2,0.810213625431061
2323,434.4,1.40891230106354
2324,434.6,1.15173089504242
2325,434.8,1.41603243350983
2326,435.0,1.25988209247589
2327,435.2,1.14252388477325
2328,435.4,1.22612321376801
2329,435.6,0.939479470252991
2330,435.7,0.646206736564636
2331,435.9,1.08494961261749
2332,436.0,0.579302728176117
2333,436.2,1.09882152080536
2334,436.4,0.897986769676208
2335,436.6,0.897618472576141
2336,436.8,1.13945496082306
2337,437.0,1.21630251407623
2338,437.1,1.40142405033112
2339,437.3,0.692978143692017
2340,437.5,1.0725508928299
2341,437.7,0.962312817573547
2342,437.9,1.01743185520172
2343,438.0,0.547262489795685
2344,438.2,1.13577210903168
2345,438.4,1.02651607990265
2346,438.6,0.916891753673553
2347,438.8,1.06137979030609
2348,439.0,1.15320408344269
2349,439.2,1.02602505683899
2350,439.3,0.846304953098297
2351,439.6,1.01620423793793
2352,439.7,0.432973235845566
2353,439.9,0.890007376670837
2354,440.1,1.27338576316833
2355,440.3,0.891726016998291
2356,440.4,1.10974717140198
2357,440.7,1.41946971416473
2358,440.9,1.3210164308548
2359,441.1,1.59882152080536
2360,441.2,0.72047632932663
2361,441.4,1.03019881248474
2362,441.5,0.409035116434097
2363,441.7,1.06469428539276
2364,441.9,0.980972230434418
2365,442.0,0.602381527423859
2366,442.2,1.38509702682495
2367,442.3,0.602013230323792
2368,442.5,0.919592440128326
2369,442.7,0.913945496082306
2370,442.8,0.660078585147858
2371,443.0,1.1166216135025
2372,443.1,0.628774881362915
2373,443.3,1.34078073501587
2374,443.5,0.868647217750549
2375,443.6,0.820525407791138
2376,443.9,1.12730169296265
2377,444.1,1.11023819446564
2378,444.3,1.06629025936127
2379,444.4,1.23483920097351
2380,444.6,0.508838713169098
2381,444.8,1.05610120296478
2382,445.0,1.61306166648865
2383,445.2,1.6466977596283
2384,445.3,1.33169651031494
2385,445.6,1.06076598167419
2386,445.8,0.99079304933548
2387,446.0,1.16081511974335
2388,446.2,1.02983057498932
2389,446.3,0.443039536476135
2390,446.4,1.01399457454681
2391,446.7,1.08507239818573
2392,446.9,1.44402158260345
2393,447.1,1.60508227348328
2394,447.3,1.46304929256439
2395,447.4,0.928553879261017
2396,447.7,0.868524432182312
2397,447.9,1.20181679725647
2398,448.1,1.06002950668335
2399,448.3,1.04038786888123
2400,448.5,1.09194695949554
2401,448.7,1.12067270278931
2402,448.9,0.893935680389404
2403,449.1,1.24355506896973
2404,449.2,1.10569608211517
2405,449.4,0.46808248758316
2406,449.6,1.11760377883911
2407,449.8,1.03118097782135
2408,449.9,0.417628288269043
2409,450.1,0.951755464076996
2410,450.2,0.404370248317719
2411,450.4,1.17812418937683
2412,450.6,0.928062856197357
2413,450.7,0.363859564065933
2414,450.9,0.958752751350403
2415,451.1,0.894303977489471
2416,451.3,0.909403383731842
2417,451.5,0.928431153297424
2418,451.6,0.445494711399078
2419,451.7,1.12803828716278
2420,451.9,0.462803840637207
2421,452.1,1
2422,452.3,0.879204511642456
2423,452.4,0.42438006401062
2424,452.6,0.916523456573486
2425,452.8,0.736680567264557
2426,453.0,1.07341027259827
2427,453.2,0.923275232315063
2428,453.4,0.936164975166321
2429,453.5,0.341762840747833
2430,453.7,1.0158360004425
2431,453.8,0.471519768238068
2432,454.0,0.95298308134079
2433,454.2,0.965872824192047
2434,454.3,0.510802865028381
2435,454.4,0.874416887760162
2436,454.6,0.398232251405716
2437,454.8,1.1538177728653
2438,455.0,0.797446608543396
2439,455.2,1.12104105949402
2440,455.4,0.983672976493835
2441,455.5,0.438251912593842
2442,455.7,1.00417387485504
2443,455.9,1.05585563182831
2444,456.1,1.01436293125153
2445,456.3,0.932973265647888
2446,456.5,1.05585563182831
2447,456.7,0.968941807746887
2448,456.9,0.97446596622467
2449,457.0,0.506629049777985
2450,457.2,1.12791550159454
2451,457.3,0.684507727622986
2452,457.4,1.0341272354126
2453,457.7,0.970905959606171
2454,457.9,0.953351318836212
2455,458.0,1.04456174373627
2456,458.2,0.623864471912384
2457,458.4,0.99386203289032
2458,458.6,1.1789835691452
2459,458.8,1.54149270057678
2460,459.0,1.71397006511688
2461,459.1,1.89098942279816
2462,459.4,1.22685980796814
2463,459.5,0.935673952102661
2464,459.7,0.533513367176056
2465,459.9,1.33967590332031
2466,460.0,0.723668038845062
2467,460.2,1.25398969650269
2468,460.4,0.941075384616852
2469,460.5,0.486987471580505
2470,460.7,1.84605944156647
2471,460.9,3.51203036308289
2472,461.1,4.15283584594727
2473,461.2,3.46820521354675
2474,461.4,1.46906459331512
2475,461.7,1.39062118530273
2476,461.9,1.74195921421051
2477,462.1,2.4327278137207
2478,462.3,2.05929279327393
2479,462.5,1.03498649597168
2480,462.7,1.18941807746887
2481,462.8,0.824330985546112
2482,463.0,2.06064319610596
2483,463.2,2.16928553581238
2484,463.3,1.52406084537506
2485,463.5,0.369997531175613
2486,463.6,1.29953348636627
2487,463.9,1.47900807857513
2488,464.1,1.51878225803375
2489,464.2,0.712251424789429
2490,464.4,0.960225880146027
2491,464.5,0.438620179891586
2492,464.7,1.06088876724243
2493,464.9,1.16425240039825
2494,465.0,0.665602743625641
2495,465.2,1.38374662399292
2496,465.3,0.5406334400177
2497,465.5,1.04308867454529
2498,465.7,0.964890718460083
2499,465.8,0.666830360889435
2500,466.0,1.06592190265656
2501,466.1,0.53474098443985
2502,466.3,1.02086913585663
2503,466.4,0.361281603574753
2504,466.6,0.934078097343445
2505,466.8,1.15504539012909
2506,467.0,0.806653559207916
2507,467.2,0.873066544532776
2508,467.3,1.02172839641571
2509,467.6,0.979867398738861
2510,467.8,1.02209675312042
2511,467.9,0.504664838314056
2512,468.1,0.956788599491119
2513,468.2,0.371716171503067
2514,468.4,0.915050327777863
2515,468.6,1.08998286724091
2516,468.7,0.930395305156708
2517,469.0,0.944267153739929
2518,469.2,0.950282335281372
2519,469.4,0.921679377555847
2520,469.6,1.02172839641571
2521,469.7,0.549103856086731
2522,469.9,1.14706599712372
2523,470.0,0.85514360666275
2524,470.2,1.07107782363892
2525,470.4,0.418855875730515
2526,470.6,0.885342478752136
2527,470.8,1.02553403377533
2528,471.0,0.935551166534424
2529,471.1,0.524551928043365
2530,471.2,1.03965139389038
2531,471.5,0.96550452709198
2532,471.7,0.922661423683167
2533,471.9,0.894181191921234
2534,472.1,0.950036823749542
2535,472.3,0.820893704891205
2536,472.4,0.581880688667297
2537,472.6,0.856616735458374
2538,472.8,0.959489345550537
2539,472.9,1.24404621124268
2540,473.1,0.56616747379303
2541,473.2,1.24073159694672
2542,473.5,1.03142642974854
2543,473.7,1.02123737335205
2544,473.9,0.974834263324738
2545,474.1,1.21397006511688
2546,474.2,1.15038061141968
2547,474.4,0.406457155942917
2548,474.6,1.25583112239838
2549,474.8,2.6495213508606
2550,475.0,5.33464288711548
2551,475.1,3.71274256706238
2552,475.2,6.01890516281128
2553,475.4,3.15651845932007
2554,475.7,1.51595878601074
2555,475.9,2.10557317733765
2556,476.0,1.76675665378571
2557,476.2,3.87945008277893
2558,476.3,2.39258527755737
2559,476.5,1.36496436595917
2560,476.8,1.48330473899841
2561,477.0,2.629634141922
2562,477.2,2.61281609535217
2563,477.3,2.26331949234009
2564,477.6,1.05855631828308
2565,477.8,1.28676652908325
2566,478.0,1.44488096237183
2567,478.2,1.47802603244781
2568,478.4,1.54861283302307
2569,478.5,0.588386952877045
2570,478.7,1.20328998565674
2571,478.8,0.548121750354767
2572,479.0,1.56960475444794
2573,479.2,1.65332674980164
2574,479.4,1.42695796489716
2575,479.6,0.908789575099945
2576,479.8,0.99975448846817
2577,479.9,0.696538150310516
2578,480.1,1.3045666217804
2579,480.2,0.61698991060257
2580,480.4,1.18463051319122
2581,480.5,0.450159579515457
2582,480.7,1.05119073390961
2583,480.8,0.410262703895569
2584,480.9,1.09292900562286
2585,481.2,1.13294863700867
2586,481.3,0.410630971193314
2587,481.5,0.77645468711853
2588,481.7,0.92438006401062
2589,481.9,0.893321871757507
2590,482.0,0.482445359230042
2591,482.2,1.28848516941071
2592,482.4,0.88092315196991
2593,482.5,0.382027983665466
2594,482.7,1.07844340801239
2595,482.8,0.467714220285416
2596,483.0,1.07304203510284
2597,483.2,1.09734833240509
2598,483.4,0.79916524887085
2599,483.6,0.966609358787537
2600,483.8,0.841885566711426
2601,484.0,1.06101155281067
2602,484.2,1.13294863700867
2603,484.3,0.567517817020416
2604,484.5,0.903879225254059
2605,484.6,0.503191769123077
2606,484.8,0.719494223594666
2607,485.0,0.982813656330109
2608,485.2,1.01190769672394
2609,485.3,0.311686724424362
2610,485.5,0.904247462749481
2611,485.7,0.930886328220367
2612,485.9,1.10986983776093
2613,486.1,0.938620209693909
2614,486.3,0.897618472576141
2615,486.4,0.511784911155701
2616,486.6,0.750675201416016
2617,486.8,0.876749336719513
2618,487.0,1.17296838760376
2619,487.2,0.984286785125732
2620,487.3,0.577093064785004
2621,487.4,1.04186105728149
2622,487.7,0.965872824192047
2623,487.9,0.985146105289459
2624,488.1,0.811318457126617
2625,488.2,0.524674713611603
2626,488.4,0.914436519145966
2627,488.6,1.01865947246552
2628,488.8,2.04468441009521
2629,489.0,5.57611083984375
2630,489.2,7.13110733032227
2631,489.3,5.40584325790405
2632,489.5,1.61907684803009
2633,489.8,1.99484407901764
2634,490.0,2.87404870986938
2635,490.1,2.20108032226563
2636,490.3,3.58175802230835
2637,490.4,2.12104105949402
2638,490.7,1.32789099216461
2639,490.9,1.85109257698059
2640,491.0,1.32457649707794
2641,491.2,2.94218015670776
2642,491.3,2.03204035758972
2643,491.5,0.580898582935333
2644,491.7,0.905720591545105
2645,491.8,0.586913824081421
2646,492.0,1.45642030239105
2647,492.2,1.70549964904785
2648,492.3,1.43346428871155
2649,492.6,1.03719615936279
2650,492.8,1.09710288047791
2651,493.0,1.19469678401947
2652,493.1,0.812668800354004
2653,493.2,1.73029708862305
2654,493.4,1.0483672618866
2655,493.7,1.03916037082672
2656,493.9,0.988460600376129
2657,494.0,0.497913092374802
2658,494.2,1.1789835691452
2659,494.3,0.617972016334534
2660,494.4,0.932359457015991
2661,494.7,0.947336137294769
2662,494.9,1.15590476989746
2663,495.0,0.494475811719894
2664,495.2,1.13724529743195
2665,495.4,1.151362657547
2666,495.5,1.00122761726379
2667,495.8,1.12239134311676
2668,495.9,0.945003688335419
2669,496.1,0.829118609428406
2670,496.4,0.830714464187622
2671,496.6,0.791308641433716
2672,496.7,0.469923883676529
2673,496.9,1.09980356693268
2674,497.0,0.630370736122131
2675,497.2,1.01878225803375
2676,497.4,1.05511903762817
2677,497.5,0.475448071956635
2678,497.7,1.08728206157684
2679,497.9,0.945003688335419
2680,498.1,1.03191745281219
2681,498.3,0.966241121292114
2682,498.4,0.839062094688416
2683,498.7,0.836606919765472
2684,498.9,0.901055753231049
2685,499.1,0.920697271823883
2686,499.3,0.7797691822052
2687,499.5,0.96194452047348
2688,499.6,0.408053040504456
2689,499.7,1.00932967662811
2690,500.0,1.09329736232758
2691,500.2,0.963172137737274
2692,500.3,0.405966132879257
2693,500.4,1.00576972961426
2694,500.7,0.810090839862823
2695,500.8,0.571691632270813
2696,501.0,1.01681804656982
2697,501.2,1.11686718463898
2698,501.4,0.850601494312286
2699,501.6,0.891971528530121
2700,501.8,1.03424990177155
2701,502.0,1.09182417392731
2702,502.2,1.16020131111145
2703,502.3,0.57230544090271
2704,502.4,1.05106806755066
2705,502.6,0.492388904094696
2706,502.8,1.34335875511169
2707,503.0,2.32580399513245
2708,503.2,3.78013753890991
2709,503.3,1.64645218849182
2710,503.4,1.94721341133118
2711,503.7,0.875644505023956
2712,503.9,1.21703898906708
2713,504.1,1.99324822425842
2714,504.2,1.05634665489197
2715,504.4,1.61772644519806
2716,504.5,1.1342990398407
2717,504.8,0.947827160358429
2718,505.0,1.84065794944763
2719,505.1,1.80432116985321
2720,505.3,1.59182417392731
2721,505.6,1.10336363315582
2722,505.8,1.19825685024261
2723,505.9,0.65050333738327
2724,506.1,1.19162774085999
2725,506.2,0.668426215648651
2726,506.3,1.17726492881775
2727,506.6,1.05978393554688
2728,506.7,0.457525163888931
2729,506.9,1.16670763492584
2730,507.0,0.657868921756744
2731,507.2,1.65062606334686
2732,507.4,1.33893930912018
2733,507.6,1.20586788654327
2734,507.8,0.719862520694733
2735,508.0,0.935182929039001
2736,508.2,1.13933217525482
2737,508.4,1.22759640216827
2738,508.5,0.558556318283081
2739,508.6,0.914436519145966
2740,508.9,0.816106081008911
2741,509.0,0.54370242357254
2742,509.2,1.15320408344269
2743,509.4,0.880554854869843
2744,509.6,1.02307879924774
2745,509.8,0.997913062572479
2746,510.0,0.794991433620453
2747,510.2,0.844095289707184
2748,510.4,1.08482694625854
2749,510.5,0.501595854759216
2750,510.7,0.784188568592072
2751,510.8,0.957770705223083
2752,511.1,1.10766017436981
2753,511.2,0.578566193580627
2754,511.3,0.832187592983246
2755,511.5,0.616867184638977
2756,511.7,0.935796737670898
2757,511.9,0.859685719013214
2758,512.0,0.51227593421936
2759,512.1,1.0006138086319
2760,512.4,0.867910623550415
2761,512.6,0.992143392562866
2762,512.8,1.00024557113647
2763,513.0,0.860667824745178
2764,513.2,0.821261942386627
2765,513.4,0.765651881694794
2766,513.6,0.758409023284912
2767,513.8,0.901055753231049
2768,513.9,0.439602255821228
2769,514.1,1.04873561859131
2770,514.2,0.840535223484039
2771,514.4,0.398232251405716
2772,514.6,0.742081999778748
2773,514.8,0.834274470806122
2774,515.0,1.50331449508667
2775,515.1,0.431745648384094
2776,515.2,0.92388904094696
2777,515.4,0.471519768238068
2778,515.6,0.95298308134079
2779,515.8,0.839921414852142
2780,515.9,0.423029720783234
2781,516.1,1.01546776294708
2782,516.2,0.747483432292938
2783,516.5,0.752025544643402
2784,516.7,0.897372961044312
2785,516.9,0.783697545528412
2786,517.1,1.07488334178925
2787,517.2,0.798060417175293
2788,517.4,0.799656271934509
2789,517.7,0.919592440128326
2790,517.9,0.907562017440796
2791,518.1,0.896145343780518
2792,518.2,0.509698033332825
2793,518.4,0.883378326892853
2794,518.6,1.06506264209747
2795,518.7,0.489810943603516
2796,518.9,1.10581874847412
2797,519.0,0.527498185634613
2798,519.1,1.31966614723206
2799,519.4,0.92180210351944
2800,519.6,0.837589025497437
2801,519.7,0.925362169742584
2802,520.0,0.84004420042038
2803,520.2,1.21814382076263
2804,520.4,0.811072945594788
2805,520.5,0.433095991611481
2806,520.7,0.944389879703522
2807,520.9,1.36005401611328
2808,521.1,1.36975204944611
2809,521.3,1.348637342453
2810,521.5,1.12042725086212
2811,521.6,0.503682792186737
2812,521.8,0.852688431739807
2813,521.9,1.1383501291275
2814,522.1,0.607414662837982
2815,522.3,1.0176774263382
2816,522.5,1.13773632049561
2817,522.7,0.949668526649475
2818,522.9,1.09968078136444
2819,523.0,1.01509940624237
2820,523.3,1.0735330581665
2821,523.5,1.0877730846405
2822,523.6,0.447581648826599
2823,523.8,0.798305928707123
2824,523.9,0.900196433067322
2825,524.2,0.999386191368103
2826,524.4,0.791676878929138
2827,524.6,0.868033409118652
2828,524.8,1.05401420593262
2829,525.0,1.09857594966888
2830,525.2,1.17677390575409
2831,525.3,0.452246487140656
2832,525.5,0.991161286830902
2833,525.6,0.339921444654465
2834,525.8,1.12693345546722
2835,526.0,0.859194695949554
2836,526.2,0.975325286388397
2837,526.4,0.910631000995636
2838,526.5,0.471397012472153
2839,526.7,0.93665599822998
2840,526.9,0.9629265666008
2841,527.1,0.823839902877808
2842,527.3,0.766142904758453
2843,527.4,0.429044932126999
2844,527.6,0.869506478309631
2845,527.7,0.428553879261017
2846,527.9,1.07746136188507
2847,528.1,0.813159823417664
2848,528.2,0.803461849689484
2849,528.5,0.76700222492218
2850,528.6,0.362754732370377
2851,528.7,0.750061392784119
2852,529.0,0.867051303386688
2853,529.1,0.327890992164612
2854,529.2,0.929290473461151
2855,529.4,1.01755464076996
2856,529.7,0.835256576538086
2857,529.8,0.327768236398697
2858,530.0,0.846059441566467
2859,530.1,0.795482456684113
2860,530.3,0.439479500055313
2861,530.5,0.864227831363678
2862,530.7,0.847041487693787
2863,530.9,0.946108520030975
2864,531.1,0.84949666261673
2865,531.2,0.432850480079651
2866,531.4,0.941689193248749
2867,531.6,0.740486145019531
2868,531.8,0.701325833797455
2869,531.9,0.479744672775269
2870,532.1,0.834028959274292
2871,532.3,0.853916049003601
2872,532.5,0.911367535591125
2873,532.7,0.972256302833557
2874,532.8,0.400564700365067
2875,532.9,1.36422789096832
2876,533.2,1.11465752124786
2877,533.3,0.51227593421936
2878,533.5,0.869997560977936
2879,533.7,0.797692120075226
2880,533.9,0.841026246547699
2881,534.0,0.445371955633163
2882,534.2,0.932727694511414
2883,534.4,1.01473116874695
2884,534.6,1.18426215648651
2885,534.7,0.611465752124786
2886,534.9,2.04357957839966
2887,535.0,1.11122024059296
2888,535.2,2.67554616928101
2889,535.3,1.24723792076111
2890,535.4,1.18819057941437
2891,535.6,0.376503795385361
2892,535.8,1.40977168083191
2893,536.0,1.64915299415588
2894,536.1,0.84004420042038
2895,536.2,1.75963664054871
2896,536.4,1.00945246219635
2897,536.7,1.06530809402466
2898,536.9,1.41848754882813
2899,537.1,1.57979381084442
2900,537.3,1.27780508995056
2901,537.4,1.03228580951691
2902,537.7,0.904615759849548
2903,537.9,1.03363609313965
2904,538.1,1.14890742301941
2905,538.3,1.01915049552917
2906,538.5,1.21998524665833
2907,538.6,0.411735832691193
2908,538.8,0.916891753673553
2909,539.0,1.05401420593262
2910,539.1,0.524429142475128
2911,539.3,1.06751775741577
2912,539.4,0.461085200309753
2913,539.5,0.877240359783173
2914,539.7,0.327890992164612
2915,539.8,0.903142631053925
2916,540.1,1.00638353824615
2917,540.3,0.800270080566406
2918,540.5,0.917382776737213
2919,540.7,0.884851455688477
2920,540.9,1.0335134267807
2921,541.0,0.338448315858841
2922,541.2,0.875398993492126
2923,541.4,0.873557567596436
2924,541.5,0.357353299856186
2925,541.7,1.02614784240723
2926,541.9,0.819666087627411
2927,542.1,0.948072671890259
2928,542.3,0.786275446414948
2929,542.5,0.776577472686768
2930,542.7,0.754112422466278
2931,542.8,0.947704374790192
2932,543.0,0.510189056396484
2933,543.2,0.850110471248627
2934,543.4,0.865700960159302
2935,543.6,0.935305655002594
2936,543.7,0.375276207923889
2937,543.8,0.801620423793793
2938,544.0,0.777682304382324
2939,544.3,0.879572808742523
2940,544.5,0.999017894268036
2941,544.7,0.653449535369873
2942,544.9,0.91848760843277
2943,545.0,0.512030422687531
2944,545.2,0.938251912593842
2945,545.4,0.856371223926544
2946,545.5,0.429658740758896
2947,545.7,0.888779759407043
2948,545.8,0.480481207370758
2949,546.0,0.791799664497375
2950,546.2,0.789712727069855
2951,546.4,0.84876012802124
2952,546.5,0.410139948129654
2953,546.7,0.754726231098175
2954,546.9,0.87429416179657
2955,547.0,0.407070964574814
2956,547.2,1.21593415737152
2957,547.3,0.494844108819962
2958,547.4,0.852565705776215
2959,547.6,0.766265630722046
2960,547.9,0.975939095020294
2961,548.0,0.402897119522095
2962,548.1,0.962067246437073
2963,548.4,0.950036823749542
2964,548.5,1.01374912261963
2965,548.7,0.602381527423859
2966,548.9,2.23950409889221
2967,549.1,3.19457411766052
2968,549.2,3.93321871757507
2969,549.4,2.52185130119324
2970,549.7,1.0065062046051
2971,549.9,1.69064569473267
