#"+ Scan (rt: 0.088-70.002 min, 11384 scans) BARLEYSTRAW_500_20231023.D "
#Point,X(Thompsons),Y(Counts)
0,10.2,4.85866117477417
1,10.4,4.86024236679077
2,10.6,4.74393892288208
3,10.8,5.08705186843872
4,11.0,4.74464178085327
5,11.2,4.8824667930603
6,11.4,5.00228404998779
7,11.5,4.10128259658813
8,11.7,1.71943080425262
9,11.9,10.8693780899048
10,12.1,86.8157958984375
11,12.2,51.2333106994629
12,12.4,6.61744546890259
13,12.7,4.78785991668701
14,12.9,10.3887910842896
15,13.0,9.57914638519287
16,13.2,20.2664260864258
17,13.3,2.72241735458374
18,14.2,7822.26904296875
19,15.0,41.171028137207
20,15.2,221.704849243164
21,15.3,33.740161895752
22,16.1,4577.8037109375
23,17.1,9846.5341796875
24,18.1,41225.48046875
25,19.0,29.3236122131348
26,19.1,75.4719772338867
27,19.3,16.6361560821533
28,19.5,1.51862263679504
29,19.8,1.23243153095245
30,20.0,81.8966064453125
31,20.1,285.672088623047
32,20.3,12.0076427459717
33,20.6,0.719606459140778
34,20.8,2.5469958782196
35,20.9,1.92225933074951
36,21.1,3.9960470199585
37,21.2,1.92410397529602
38,21.4,3.87631773948669
39,21.6,3.67612433433533
40,21.8,4.83388948440552
41,21.9,5.34750509262085
42,22.1,31.8215045928955
43,22.2,16.7861042022705
44,22.4,4.50122976303101
45,22.7,3.68675327301025
46,22.9,3.95528817176819
47,23.1,3.99631071090698
48,23.2,1.89458894729614
49,23.4,3.84153199195862
50,23.5,2.18350315093994
51,23.7,3.81491565704346
52,23.9,6.26625108718872
53,24.1,10.2310256958008
54,24.2,4.97391080856323
55,24.3,6.37245273590088
56,24.5,1.92902314662933
57,24.7,4.35655307769775
58,24.9,9.99147891998291
59,25.1,22.1507377624512
60,25.2,18.4667072296143
61,25.4,4.46635627746582
62,25.5,3.65794086456299
63,25.7,1.3336261510849
64,25.9,13.8465385437012
65,26.1,117.594345092773
66,26.2,92.6369476318359
67,26.4,13.6739282608032
68,26.6,1.23814129829407
69,26.9,1.33889675140381
70,27.0,0.88747364282608
71,28.1,295252.28125
72,29.0,29.0100135803223
73,29.1,2592.15112304688
74,29.9,14.0102777481079
75,30.1,120.131149291992
76,30.2,43.5896873474121
77,30.3,20.0563945770264
78,30.5,2.38843989372253
79,30.7,4.10628938674927
80,30.9,8.00298690795898
81,31.0,4.65952205657959
82,32.1,79648.5546875
83,33.0,32.7472763061523
84,33.1,28.0560436248779
85,33.2,29.3669185638428
86,33.4,3.75588536262512
87,33.6,0.253425866365433
88,33.8,1.65495431423187
89,34.0,132.243316650391
90,34.1,266.306579589844
91,34.3,8.01888656616211
92,34.4,0.760804653167725
93,34.6,0.300597339868546
94,34.8,5.24200630187988
95,35.0,22.4393005371094
96,35.1,22.3320446014404
97,35.3,6.75895977020264
98,35.5,1.52064299583435
99,35.8,4.17919874191284
100,36.0,113.65943145752
101,36.1,134.445709228516
102,36.3,7.03724527359009
103,36.5,0.474525660276413
104,36.7,2.21653199195862
105,36.9,14.6400213241577
106,37.1,40.3497886657715
107,37.2,23.5606117248535
108,37.4,2.81737518310547
109,37.5,2.43183422088623
110,37.8,6.97918128967285
111,38.0,71.1006698608398
112,38.1,101.113929748535
113,38.3,14.7792520523071
114,38.5,1.40469074249268
115,38.8,2.65881943702698
116,39.0,69.027229309082
117,39.1,241.159698486328
118,39.3,9.83599758148193
119,40.1,7051.13623046875
120,40.9,12.0136156082153
121,41.1,227.547088623047
122,41.2,109.274421691895
123,41.3,24.4494895935059
124,41.6,1.08828175067902
125,41.8,2.88185167312622
126,42.0,71.5843276977539
127,42.1,93.5810775756836
128,42.2,81.1572418212891
129,42.4,4.41321134567261
130,42.7,0.669975399971008
131,42.9,11.9059209823608
132,43.1,271.000091552734
133,43.2,130.984802246094
134,43.4,0.184996485710144
135,44.1,14876.4501953125
136,44.2,36.3417091369629
137,44.8,1.83099091053009
138,45.0,127.289176940918
139,45.1,257.984985351563
140,45.3,10.7586088180542
141,45.6,1.30806398391724
142,45.7,1.63404774665833
143,45.9,17.5163383483887
144,46.1,73.0382080078125
145,46.2,23.9918308258057
146,46.4,2.46503853797913
147,46.6,2.18789529800415
148,46.8,8.82501792907715
149,47.0,75.175422668457
150,47.1,50.952564239502
151,47.2,36.6564483642578
152,47.4,2.7118763923645
153,47.6,1.11964166164398
154,47.8,9.74631023406982
155,48.0,119.351547241211
156,48.1,359.971710205078
157,48.3,5.81069946289063
158,48.4,2.84847164154053
159,48.7,2.76458191871643
160,48.9,14.2673931121826
161,49.1,37.9222602844238
162,49.2,18.639669418335
163,49.4,1.91444134712219
164,49.5,2.02424454689026
165,49.8,6.619553565979
166,50.0,71.027229309082
167,50.1,99.687629699707
168,50.3,13.8453969955444
169,50.6,1.64792692661285
170,50.7,1.27969074249268
171,50.9,23.8783378601074
172,51.1,109.369468688965
173,51.2,55.1501235961914
174,51.4,2.88966965675354
175,51.6,1.84346449375153
176,51.8,6.69957828521729
177,52.0,40.9339408874512
178,52.1,54.6362457275391
179,52.3,15.1629476547241
180,52.5,1.20291638374329
181,52.7,2.5852952003479
182,52.9,19.0667610168457
183,53.1,61.773365020752
184,53.2,38.214599609375
185,53.4,3.25992631912231
186,53.6,2.22373509407043
187,53.7,1.51616299152374
188,53.9,14.7857522964478
189,54.1,44.3958168029785
190,54.2,19.2406005859375
191,54.3,14.4723291397095
192,54.5,1.58072733879089
193,54.8,3.88879132270813
194,55.0,74.4504547119141
195,55.1,104.03759765625
196,55.2,95.85400390625
197,55.4,4.21047067642212
198,55.7,1.6664617061615
199,55.9,16.1383514404297
200,56.1,77.4641571044922
201,56.2,53.928409576416
202,56.4,6.16716432571411
203,56.7,1.99297261238098
204,56.9,15.6547784805298
205,57.1,84.8175506591797
206,57.2,64.8720169067383
207,57.4,7.49270915985107
208,57.7,3.290846824646
209,57.9,12.5006151199341
210,58.1,32.0105400085449
211,58.2,21.3154430389404
212,58.4,4.51660203933716
213,58.7,3.12921643257141
214,58.8,4.64739990234375
215,59.0,33.5246849060059
216,59.1,24.656623840332
217,59.2,27.0023708343506
218,59.4,3.89669704437256
219,59.7,2.93253684043884
220,59.9,24.7714328765869
221,60.0,43.0665855407715
222,60.1,73.5346069335938
223,60.3,12.0702743530273
224,60.6,2.05173921585083
225,60.8,7.26765632629395
226,61.0,32.2054634094238
227,61.1,36.925422668457
228,61.3,9.06421279907227
229,61.6,2.11076951026917
230,61.8,6.0459418296814
231,62.0,23.6149864196777
232,62.1,27.9271793365479
233,62.3,6.30490159988403
234,62.4,3.19843649864197
235,62.7,3.07835555076599
236,62.9,21.4370174407959
237,63.1,67.5774765014648
238,63.2,24.0562191009521
239,63.3,10.7441148757935
240,63.5,1.06359803676605
241,63.7,3.41048836708069
242,63.9,52.5117721557617
243,64.0,1008.26135253906
244,64.2,30.7469253540039
245,64.4,1.63308155536652
246,64.6,0.609100520610809
247,64.8,6.20932865142822
248,65.0,60.7068710327148
249,65.1,103.110771179199
250,65.2,66.0262680053711
251,65.4,4.55780029296875
252,65.7,2.86516165733337
253,65.9,21.9658298492432
254,66.1,190.665237426758
255,66.2,67.8875579833984
256,66.4,3.56869292259216
257,66.6,0.817463099956512
258,66.8,6.32888269424438
259,67.0,49.8185157775879
260,67.1,82.9111022949219
261,67.3,15.1936931610107
262,67.4,5.0330286026001
263,67.6,0.990776538848877
264,67.8,6.65917062759399
265,68.0,36.0586776733398
266,68.1,26.3345928192139
267,68.2,31.7923393249512
268,68.4,5.66206979751587
269,68.7,3.22795152664185
270,68.9,21.5534076690674
271,69.1,82.9898986816406
272,69.2,53.832836151123
273,69.4,6.96872806549072
274,69.6,1.07440268993378
275,69.8,6.64142656326294
276,70.0,33.4862098693848
277,70.2,52.1101531982422
278,70.3,18.4953441619873
279,70.5,2.6271960735321
280,70.7,1.66426563262939
281,70.9,14.3624382019043
282,71.1,47.6651458740234
283,71.2,35.1373863220215
284,71.4,6.36560106277466
285,71.6,1.25860857963562
286,71.8,4.80560445785522
287,72.0,13.9657411575317
288,72.1,8.22874164581299
289,72.2,10.6479272842407
290,72.4,2.18912506103516
291,72.7,0.906271934509277
292,72.9,18.4628429412842
293,73.1,590.369384765625
294,73.2,176.802886962891
295,73.4,1.75685167312622
296,73.6,0.423840463161469
297,73.8,5.61085748672485
298,73.9,16.5977687835693
299,74.1,82.6126174926758
300,74.2,42.0230140686035
301,74.4,2.88114905357361
302,74.5,2.07466626167297
303,74.8,7.13466262817383
304,74.9,25.0750179290771
305,75.1,147.639938354492
306,75.2,57.6456413269043
307,75.4,2.06228041648865
308,75.6,1.64854180812836
309,75.8,8.28469753265381
310,76.0,60.2424468994141
311,76.1,35.338809967041
312,76.2,31.2390193939209
313,76.4,2.43605065345764
314,76.5,1.53285312652588
315,76.8,6.01220989227295
316,77.0,118.382293701172
317,77.1,196.993408203125
318,77.3,17.3836078643799
319,77.5,0.947118759155273
320,77.8,4.50483131408691
321,78.0,102.486206054688
322,78.1,230.709594726563
323,78.3,19.5942554473877
324,78.5,1.17796909809113
325,78.8,3.53926563262939
326,78.9,37.5688667297363
327,79.1,374.322113037109
328,79.2,82.4534454345703
329,79.4,0.723559379577637
330,79.7,2.03417086601257
331,79.9,20.8756141662598
332,80.1,45.5317993164063
333,80.2,25.2227687835693
334,80.4,3.24068880081177
335,80.7,1.59451866149902
336,80.9,45.0380363464355
337,81.1,309.545318603516
338,81.2,73.3473281860352
339,81.4,1.9188334941864
340,81.6,0.767480671405792
341,81.8,9.8466272354126
342,82.0,44.2262840270996
343,82.1,54.3282661437988
344,82.3,12.5167779922485
345,82.4,6.78592777252197
346,82.6,1.86331689357758
347,82.8,10.3899335861206
348,83.0,52.5695724487305
349,83.1,66.4717178344727
350,83.3,14.1175336837769
351,83.4,5.38378429412842
352,83.7,3.35874915122986
353,83.9,19.1221008300781
354,84.1,42.5799369812012
355,84.2,21.853214263916
356,84.4,2.47355937957764
357,84.7,0.975755453109741
358,84.9,78.5490188598633
359,85.1,474.425689697266
360,85.2,38.0650024414063
361,85.4,0.337052017450333
362,85.6,0.710295140743256
363,85.8,8.97426223754883
364,86.0,30.2283020019531
365,86.1,26.0923233032227
366,86.3,6.32422685623169
367,86.5,0.98708713054657
368,86.7,3.89564299583435
369,86.8,7.65425157546997
370,87.0,41.518009185791
371,87.1,41.1992263793945
372,87.3,10.9986820220947
373,87.6,3.43139505386353
374,87.7,3.23014760017395
375,87.9,14.041374206543
376,88.0,9.92155647277832
377,88.1,16.3634929656982
378,88.3,4.34293746948242
379,88.4,3.54927968978882
380,88.7,5.54611730575562
381,88.9,25.8826427459717
382,89.1,50.4658279418945
383,89.2,22.5614891052246
384,89.4,3.92814469337463
385,89.7,3.83204507827759
386,89.9,9.28487396240234
387,90.1,13.1797256469727
388,90.2,9.46011924743652
389,90.4,3.01581168174744
390,90.7,2.72285676002502
391,90.9,28.4006500244141
392,91.1,138.878341674805
393,91.2,71.9837493896484
394,91.4,4.16540765762329
395,91.7,2.28039360046387
396,91.9,16.5583267211914
397,92.1,41.9989471435547
398,92.2,29.5690441131592
399,92.4,4.8789529800415
400,92.7,3.10382986068726
401,92.9,16.8704319000244
402,93.1,38.0124740600586
403,93.2,14.9226102828979
404,93.3,10.3312540054321
405,93.5,1.10628950595856
406,93.7,2.81913208961487
407,93.9,21.522575378418
408,94.1,551.02685546875
409,94.2,92.5757217407227
410,94.4,3.70388269424438
411,94.7,2.41198182106018
412,94.9,18.6686573028564
413,95.0,28.8436393737793
414,95.1,66.4472961425781
415,95.3,13.6870164871216
416,95.6,2.24578356742859
417,95.7,2.31517910957336
418,95.9,41.3070106506348
419,96.0,127.331520080566
420,96.1,325.216278076172
421,96.3,23.331693649292
422,96.6,6.22601890563965
423,96.7,8.52617740631104
424,96.9,39.9303398132324
425,97.1,57.6105041503906
426,97.2,40.9120712280273
427,97.4,7.71161270141602
428,97.6,2.10031628608704
429,97.8,7.99516868591309
430,98.0,25.251932144165
431,98.1,17.5850315093994
432,98.2,24.1577644348145
433,98.4,5.85049200057983
434,98.6,1.13088548183441
435,98.8,5.5436577796936
436,99.0,13.5100135803223
437,99.2,16.2038822174072
438,99.3,7.71451139450073
439,99.6,2.31807804107666
440,99.8,4.17533397674561
441,100.0,8.00641250610352
442,100.2,7.60040426254272
443,100.3,2.63448691368103
444,100.4,2.79822564125061
445,100.6,1.35312724113464
446,100.8,5.43710470199585
447,101.0,11.2960290908813
448,101.2,11.0587663650513
449,101.3,5.35523557662964
450,101.5,1.04594171047211
451,101.7,4.04629325866699
452,101.9,17.8373146057129
453,102.1,26.7986640930176
454,102.2,14.3918657302856
455,102.4,2.76370334625244
456,102.7,3.91637396812439
457,102.9,36.8568153381348
458,103.1,125.052268981934
459,103.2,41.6490707397461
460,103.4,3.64862966537476
461,103.7,4.37447309494019
462,103.9,26.0464687347412
463,104.1,59.9322738647461
464,104.2,31.4575729370117
465,104.4,3.93815875053406
466,104.7,4.05823945999146
467,104.9,30.0768623352051
468,105.1,80.3068313598633
469,105.2,39.1865768432617
470,105.4,4.20590305328369
471,105.6,1.12051999568939
472,105.8,6.58204507827759
473,105.9,9.12526321411133
474,106.1,26.4184818267822
475,106.2,19.8549728393555
476,106.4,4.17384052276611
477,106.7,3.69263887405396
478,106.9,14.8202743530273
479,107.1,28.9252452850342
480,107.2,20.8865070343018
481,107.4,3.10005259513855
482,107.6,2.29822564125061
483,107.8,5.92726612091064
484,108.0,16.491039276123
485,108.1,9.25114154815674
486,108.2,13.7409524917603
487,108.4,4.16813087463379
488,108.6,1.27890026569366
489,108.8,5.70581531524658
490,108.9,6.74358749389648
491,109.1,19.0662326812744
492,109.2,15.2617712020874
493,109.4,4.23805332183838
494,109.7,3.34205913543701
495,109.9,11.2637033462524
496,110.1,20.1669883728027
497,110.2,14.7817993164063
498,110.4,2.50869631767273
499,110.6,2.67805695533752
500,110.8,6.29102230072021
501,110.9,7.20880174636841
502,111.1,20.0268802642822
503,111.2,17.0435695648193
504,111.4,4.71890354156494
505,111.7,3.68780755996704
506,111.9,9.38369655609131
507,112.1,16.6020736694336
508,112.2,12.5597333908081
509,112.4,4.19413232803345
510,112.7,3.07853126525879
511,112.9,7.9229621887207
512,113.1,14.4756679534912
513,113.2,10.0886335372925
514,113.4,2.80736112594604
515,113.7,2.43473291397095
516,113.9,4.76554822921753
517,114.0,3.30683422088623
518,114.2,6.40398788452148
519,114.3,2.03961706161499
520,114.4,2.28548836708069
521,114.7,3.73603296279907
522,114.8,7.63633155822754
523,115.0,58.4383354187012
524,115.1,62.0996131896973
525,115.3,12.0972414016724
526,115.5,1.98392486572266
527,115.8,5.9618763923645
528,116.0,17.914529800415
529,116.1,17.7688865661621
530,116.3,4.66496849060059
531,116.4,3.13677096366882
532,116.7,3.31394934654236
533,116.9,20.9435176849365
534,117.1,47.8596267700195
535,117.2,27.7051124572754
536,117.4,4.10910034179688
537,117.7,3.45704507827759
538,117.9,13.7941846847534
539,118.1,27.4860324859619
540,118.2,19.7897930145264
541,118.4,3.95353126525879
542,118.6,1.31157767772675
543,118.8,10.2299718856812
544,118.9,24.1455554962158
545,119.1,100.455024719238
546,119.2,30.9281444549561
547,119.4,3.32159161567688
548,119.7,2.7134575843811
549,119.8,4.39977169036865
550,120.0,18.5851192474365
551,120.1,10.6623334884644
552,120.2,14.2577304840088
553,120.4,3.540846824646
554,120.7,3.76721715927124
555,120.9,15.8802709579468
556,121.0,14.0957479476929
557,121.1,25.4566059112549
558,121.3,8.44009113311768
559,121.5,1.28548836708069
560,121.7,3.44246315956116
561,121.9,13.1153373718262
562,122.0,11.7565002441406
563,122.2,21.6994018554688
564,122.3,8.75614929199219
565,122.6,2.09451866149902
566,122.7,1.80815184116364
567,122.9,9.2562370300293
568,123.1,13.8035840988159
569,123.2,10.7420063018799
570,123.4,2.19667959213257
571,123.6,2.22803926467896
572,123.8,3.97303223609924
573,124.0,9.23058700561523
574,124.1,5.18596267700195
575,124.2,8.07791614532471
576,124.4,2.12060785293579
577,124.6,2.93280053138733
578,124.8,8.31430053710938
579,124.9,9.3702564239502
580,125.1,23.6376495361328
581,125.2,15.9017038345337
582,125.4,5.67243480682373
583,125.7,5.48322200775146
584,125.9,11.1724348068237
585,126.0,7.89819049835205
586,126.2,15.3749122619629
587,126.3,8.06201648712158
588,126.5,1.90082573890686
589,126.7,4.55367183685303
590,126.9,10.6879835128784
591,127.1,16.0781803131104
592,127.2,10.287859916687
593,127.4,3.4628427028656
594,127.6,1.2922523021698
595,127.8,7.29154968261719
596,128.0,22.9953441619873
597,128.2,25.6260547637939
598,128.3,7.17955017089844
599,128.4,4.43227338790894
600,128.7,4.51888608932495
601,128.9,21.4218196868896
602,129.0,20.5084323883057
603,129.1,37.9651260375977
604,129.3,11.0002632141113
605,129.6,2.06799006462097
606,129.7,1.53188681602478
607,129.9,9.16523170471191
608,130.1,13.8946771621704
609,130.2,10.9822559356689
610,130.4,1.97874212265015
611,130.6,2.63220310211182
612,130.8,9.69237518310547
613,131.0,30.2947998046875
614,131.1,29.6959762573242
615,131.3,8.57774066925049
616,131.5,1.17717850208282
617,131.7,3.64291977882385
618,131.9,16.2172355651855
619,132.1,26.6547794342041
620,132.2,13.8781623840332
621,132.4,2.62060785293579
622,132.7,3.29690790176392
623,132.9,40.7645835876465
624,133.1,335.557891845703
625,133.2,47.4238395690918
626,133.4,3.20423412322998
627,133.7,4.30780029296875
628,133.9,23.9667072296143
629,134.1,48.2810096740723
630,134.2,22.0825729370117
631,134.4,2.31939554214478
632,134.5,2.45203804969788
633,134.8,8.68016529083252
634,135.0,68.1062927246094
635,135.1,59.4530906677246
636,135.2,45.387825012207
637,135.4,2.76765632629395
638,135.5,2.08757901191711
639,135.8,5.6647047996521
640,136.0,15.744553565979
641,136.1,18.4736480712891
642,136.3,5.2048487663269
643,136.4,3.4147047996521
644,136.6,1.34724175930023
645,136.8,9.94878768920898
646,137.0,61.8626136779785
647,137.1,77.4079437255859
648,137.3,9.88764953613281
649,137.6,1.69219958782196
650,137.8,5.02055501937866
651,137.9,5.44474697113037
652,138.1,14.6466093063354
653,138.2,10.2548313140869
654,138.4,2.85558676719666
655,138.7,3.13457489013672
656,138.8,5.50298643112183
657,139.0,74.5908279418945
658,139.1,65.6369476318359
659,139.2,36.5794982910156
660,139.4,2.58397746086121
661,139.6,0.878777205944061
662,139.8,5.46293020248413
663,140.0,15.7566757202148
664,140.1,17.0451507568359
665,140.3,6.11902666091919
666,140.5,1.12868940830231
667,140.7,3.65539360046387
668,140.9,14.13343334198
669,141.1,22.4100494384766
670,141.2,16.1717319488525
671,141.4,3.79725933074951
672,141.7,3.02204847335815
673,141.9,9.7193431854248
674,142.1,15.3457479476929
675,142.2,9.22215366363525
676,142.4,1.91092765331268
677,142.6,2.06447649002075
678,142.8,5.11867523193359
679,143.0,12.1710290908813
680,143.2,11.8121929168701
681,143.3,5.67041444778442
682,143.5,1.07097685337067
683,143.7,2.61920237541199
684,143.9,5.94316577911377
685,144.1,8.98524284362793
686,144.2,4.21433591842651
687,144.3,4.43947649002075
688,144.5,1.04752278327942
689,144.7,3.59126853942871
690,144.9,12.719518661499
691,145.1,21.6855239868164
692,145.2,8.85778331756592
693,145.3,7.89819049835205
694,145.6,2.63685870170593
695,145.8,5.39344692230225
696,146.0,11.7836437225342
697,146.1,6.60848569869995
698,146.2,7.32817983627319
699,146.4,1.17225933074951
700,146.6,1.75614893436432
701,146.8,9.18543529510498
702,147.0,125.960029602051
703,147.1,137.767562866211
704,147.2,55.5674629211426
705,147.4,3.09126853942871
706,147.7,2.44088196754456
707,147.9,18.2283020019531
708,148.1,43.1545143127441
709,148.2,21.9269142150879
710,148.4,3.6200807094574
711,148.7,4.27591371536255
712,148.9,27.2963809967041
713,149.1,67.1919326782227
714,149.2,27.6661109924316
715,149.4,3.35049200057983
716,149.7,2.51528453826904
717,149.9,8.75834465026855
718,150.0,6.69580125808716
719,150.2,13.3323965072632
720,150.3,5.60303926467896
721,150.6,2.34574842453003
722,150.8,8.06447601318359
723,151.0,22.290319442749
724,151.1,25.6066417694092
725,151.3,5.51185894012451
726,151.4,3.28777241706848
727,151.6,1.00448000431061
728,151.8,5.49226999282837
729,152.0,15.7370872497559
730,152.2,18.552001953125
731,152.3,8.03056907653809
732,152.5,1.32993674278259
733,152.7,3.88211536407471
734,152.9,18.9906005859375
735,153.1,38.8194847106934
736,153.2,20.7681827545166
737,153.4,3.045414686203
738,153.7,3.02600145339966
739,153.9,15.0238056182861
740,154.1,32.8854522705078
741,154.2,21.8747367858887
742,154.4,2.77485942840576
743,154.6,3.11437106132507
744,154.7,2.88211536407471
745,154.9,22.8614730834961
746,155.0,21.0932006835938
747,155.1,38.0317993164063
748,155.3,9.71556568145752
749,155.5,1.30683410167694
750,155.7,3.21293044090271
751,155.9,7.6717324256897
752,156.1,11.5142307281494
753,156.2,8.87043190002441
754,156.4,3.03645467758179
755,156.7,3.03865075111389
756,156.9,7.91347503662109
757,157.0,5.54813766479492
758,157.2,11.0727338790894
759,157.3,5.26976442337036
760,157.6,2.05744910240173
761,157.8,3.85224866867065
762,158.0,7.29023170471191
763,158.1,3.92085385322571
764,158.2,6.06025981903076
765,158.4,1.5424280166626
766,158.6,2.92937445640564
767,158.8,13.7049369812012
768,159.0,48.7612457275391
769,159.1,24.4660053253174
770,159.2,19.4464168548584
771,159.4,2.28258967399597
772,159.7,2.73278284072876
773,159.9,7.547523021698
774,160.1,9.92875957489014
775,160.2,4.06755113601685
776,160.3,4.16365051269531
777,160.6,2.55490159988403
778,160.8,13.1528463363647
779,161.0,39.2651100158691
780,161.1,24.9018802642822
781,161.3,4.25606107711792
782,161.6,2.2030041217804
783,161.7,2.34434294700623
784,161.9,11.6392307281494
785,162.1,15.073787689209
786,162.2,4.80542850494385
787,162.3,4.07238245010376
788,162.6,3.26669001579285
789,162.8,18.3709583282471
790,163.0,88.7890014648438
791,163.1,39.6560096740723
792,163.2,19.5514755249023
793,163.4,2.89704847335815
794,163.7,4.20036888122559
795,163.9,12.5678148269653
796,164.1,16.7122268676758
797,164.2,5.67823266983032
798,164.3,4.5082573890686
799,164.5,1.13053405284882
800,164.7,5.08459234237671
801,164.9,24.6835918426514
802,165.1,43.9029350280762
803,165.2,10.9302530288696
804,165.3,7.41426563262939
805,165.5,0.864371061325073
806,165.7,2.83775472640991
807,165.9,7.85031604766846
808,166.1,11.6494197845459
809,166.2,8.25527095794678
810,166.4,2.67963814735413
811,166.7,2.92682719230652
812,166.9,7.73137760162354
813,167.1,10.8126316070557
814,167.2,7.34522151947021
815,167.4,2.57870697975159
816,167.6,1.01730501651764
817,167.8,3.57255792617798
818,168.0,7.18587493896484
819,168.2,7.51238584518433
820,168.3,2.65556931495667
821,168.4,2.81157755851746
822,168.7,2.40354895591736
823,168.8,2.54998254776001
824,169.0,7.19711875915527
825,169.1,3.77521085739136
826,169.2,6.21626853942871
827,169.4,2.80903029441833
828,169.7,2.33863306045532
829,169.9,4.56895637512207
830,170.1,6.31834173202515
831,170.2,5.56974697113037
832,170.4,2.6299192905426
833,170.7,2.30165147781372
834,170.9,6.41672515869141
835,171.0,5.05402326583862
836,171.1,10.5158996582031
837,171.3,5.68025302886963
838,171.6,2.11516165733337
839,171.8,2.9575719833374
840,172.0,5.49859428405762
841,172.2,5.63501405715942
842,172.3,2.29734706878662
843,172.4,2.4573085308075
844,172.7,2.26273727416992
845,172.8,1.89221715927124
846,173.0,5.4151439666748
847,173.2,6.22698545455933
848,173.3,3.50614905357361
849,173.6,1.89037239551544
850,173.8,2.95247721672058
851,174.0,4.38791275024414
852,174.2,4.67814493179321
853,174.3,1.86173582077026
854,174.4,2.21521425247192
855,174.7,3.0041286945343
856,174.9,8.30349636077881
857,175.0,6.61560106277466
858,175.1,10.3472414016724
859,175.3,3.9587140083313
860,175.6,2.17630004882813
861,175.8,8.97022151947021
862,176.0,22.8620872497559
863,176.1,18.7308502197266
864,176.3,4.26335191726685
865,176.5,0.998243153095245
866,176.7,3.4960470199585
867,176.9,41.8219413757324
868,177.0,135.939559936523
869,177.2,17.1983489990234
870,177.5,1.88949406147003
871,177.7,3.49349975585938
872,177.9,18.9472064971924
873,178.1,33.2945365905762
874,178.2,13.2377023696899
875,178.4,3.24209427833557
876,178.7,4.35488414764404
877,178.9,25.1912326812744
878,179.1,46.7055511474609
879,179.2,17.2204856872559
880,179.4,2.58538293838501
881,179.6,1.11314129829407
882,179.8,5.4186577796936
883,180.0,11.9253339767456
884,180.1,6.38334512710571
885,180.2,8.59012603759766
886,180.4,2.78381943702698
887,180.7,3.52169704437256
888,180.9,9.18007755279541
889,181.0,7.29769849777222
890,181.1,12.8610334396362
891,181.3,5.38966989517212
892,181.5,0.84486997127533
893,181.7,2.12473654747009
894,181.8,2.04963111877441
895,182.0,6.87745952606201
896,182.2,8.06087493896484
897,182.3,3.09258604049683
898,182.4,2.64467668533325
899,182.6,1.08020031452179
900,182.8,2.9642481803894
901,183.0,5.07993698120117
902,183.2,6.27881240844727
903,183.3,3.23515462875366
904,183.6,1.93385457992554
905,183.7,0.945361912250519
906,183.9,3.48392486572266
907,184.1,4.57932186126709
908,184.2,2.00975060462952
909,184.3,3.3333625793457
910,184.5,0.925597310066223
911,184.7,2.57589602470398
912,184.8,2.81588196754456
913,185.0,8.67129325866699
914,185.1,10.1495084762573
915,185.3,5.46872806549072
916,185.5,1.88018274307251
917,185.8,2.85655307769775
918,186.0,4.47162675857544
919,186.2,4.8789529800415
920,186.4,2.93903732299805
921,186.6,2.19457125663757
922,186.8,3.88800072669983
923,187.0,6.69149684906006
924,187.2,5.89889335632324
925,187.3,1.95326769351959
926,187.4,1.90820455551147
927,187.6,1.06192898750305
928,187.8,2.45607876777649
929,188.0,3.28671813011169
930,188.2,3.38360857963562
931,188.4,2.65934634208679
932,188.6,2.15416383743286
933,188.8,7.38536548614502
934,189.0,20.1292171478271
935,189.1,18.2897930145264
936,189.3,4.94465923309326
937,189.6,1.82247018814087
938,189.8,4.45388269424438
939,189.9,4.11972951889038
940,190.1,10.1264934539795
941,190.2,3.46784973144531
942,190.3,2.4553759098053
943,190.5,0.670765995979309
944,190.7,3.52433228492737
945,190.9,40.628776550293
946,191.1,457.462768554688
947,191.2,24.1254386901855
948,191.4,1.76695358753204
949,191.7,2.92515802383423
950,191.9,27.8233489990234
951,192.1,89.8841323852539
952,192.2,21.894588470459
953,192.4,2.53109622001648
954,192.7,3.91136693954468
955,192.9,40.0392646789551
956,193.1,369.788024902344
957,193.2,42.3064842224121
958,193.4,1.5845046043396
959,193.6,1.3320449590683
960,193.8,8.82730102539063
961,194.0,46.8381958007813
962,194.1,47.6319389343262
963,194.3,6.964599609375
964,194.6,2.21978211402893
965,194.8,8.69993019104004
966,195.0,35.194221496582
967,195.1,33.0689582824707
968,195.3,6.88492631912231
969,195.5,1.0411102771759
970,195.7,2.26256155967712
971,195.9,5.83907222747803
972,196.1,9.07431507110596
973,196.2,3.69966626167297
974,196.3,4.17076587677002
975,196.6,2.17744207382202
976,196.8,5.87983131408691
977,197.0,19.5763359069824
978,197.1,60.9408836364746
979,197.3,7.43605041503906
980,197.5,0.844694316387177
981,197.7,1.98436403274536
982,197.9,5.1619815826416
983,198.0,4.23199224472046
984,198.2,10.4615249633789
985,198.3,4.83248424530029
986,198.6,1.8735945224762
987,198.8,3.35760712623596
988,199.0,5.45730829238892
989,199.2,6.29866456985474
990,199.3,2.11770915985107
991,199.5,2.36015462875366
992,199.7,2.42155647277832
993,199.8,2.2134575843811
994,200.0,6.55744886398315
995,200.2,7.21582937240601
996,200.3,3.81500339508057
997,200.5,1.2484188079834
998,200.7,3.20036888122559
999,200.9,5.77143335342407
1000,201.1,6.83142995834351
1001,201.2,4.48831701278687
1002,201.4,1.41180598735809
1003,201.5,1.88088548183441
1004,201.8,2.77881240844727
1005,202.0,4.51238584518433
1006,202.1,2.43657755851746
1007,202.2,3.71661972999573
1008,202.4,2.30209064483643
1009,202.6,1.34232258796692
1010,202.8,5.98884391784668
1011,203.0,13.3953790664673
1012,203.1,12.798225402832
1013,203.3,2.7930428981781
1014,203.4,2.10321497917175
1015,203.7,2.42840838432312
1016,203.9,4.37675666809082
1017,204.0,2.82598376274109
1018,204.1,5.43420600891113
1019,204.3,2.01537251472473
1020,204.4,1.81473994255066
1021,204.7,3.2535138130188
1022,204.9,13.7266340255737
1023,205.1,26.150562286377
1024,205.2,9.10383033752441
1025,205.3,6.28829956054688
1026,205.6,1.917076587677
1027,205.8,4.86920261383057
1028,206.0,9.90592098236084
1029,206.1,6.12218904495239
1030,206.3,0.846714675426483
1031,206.4,0.761331677436829
1032,206.7,1.21196413040161
1033,206.9,30.2048492431641
1034,207.1,4942.89013671875
1035,207.2,66.5380325317383
1036,207.4,0.558415293693542
1037,207.7,1.20361912250519
1038,207.9,23.7215385437012
1039,208.1,994.383605957031
1040,208.2,58.0939025878906
1041,208.3,7.7468376159668
1042,208.5,0.697733640670776
1043,208.7,2.40565705299377
1044,208.9,26.6757736206055
1045,209.1,611.559448242188
1046,209.2,57.6777038574219
1047,209.4,1.17542159557343
1048,209.6,1.11366832256317
1049,209.8,5.87781095504761
1050,210.0,48.4857711791992
1051,210.1,63.8981018066406
1052,210.3,4.95563936233521
1053,210.4,2.54216432571411
1054,210.7,4.06781435012817
1055,210.9,29.3598041534424
1056,211.0,38.7835540771484
1057,211.1,61.7508773803711
1058,211.3,8.61858749389648
1059,211.6,1.57150387763977
1060,211.7,1.52933943271637
1061,211.9,9.24490547180176
1062,212.1,20.736120223999
1063,212.2,15.5870523452759
1064,212.4,3.01932525634766
1065,212.7,3.34566068649292
1066,212.9,14.3480319976807
1067,213.0,14.1172695159912
1068,213.2,28.5407581329346
1069,213.3,8.98998641967773
1070,213.6,2.01036548614502
1071,213.8,3.04611730575562
1072,214.0,6.0322380065918
1073,214.2,6.3360857963562
1074,214.3,2.24411463737488
1075,214.5,2.54761075973511
1076,214.7,5.12218904495239
1077,214.9,19.5695705413818
1078,215.1,30.7968196868896
1079,215.2,14.9307804107666
1080,215.4,2.30138802528381
1081,215.7,2.60277581214905
1082,215.8,2.69667959213257
1083,216.0,6.71969413757324
1084,216.1,3.54936742782593
1085,216.2,5.08836984634399
1086,216.4,1.06921994686127
1087,216.6,2.19061851501465
1088,216.8,5.42630004882813
1089,216.9,4.09732961654663
1090,217.1,8.89915657043457
1091,217.2,3.46328186988831
1092,217.3,3.18552350997925
1093,217.5,0.926739275455475
1094,217.7,2.99393892288208
1095,217.9,5.36972951889038
1096,218.1,7.10198545455933
1097,218.2,4.92524576187134
1098,218.5,2.22391080856323
1099,218.7,3.59311318397522
1100,218.8,3.77011585235596
1101,219.0,12.75
1102,219.1,11.3266868591309
1103,219.3,4.23945903778076
1104,219.6,2.38712239265442
1105,219.8,6.55762481689453
1106,220.0,11.2538652420044
1107,220.1,9.74349975585938
1108,220.3,3.3743851184845
1109,220.6,1.68578708171844
1110,220.8,6.52371740341187
1111,221.0,63.9707489013672
1112,221.1,97.7669525146484
1113,221.2,68.7059936523438
1114,221.4,2.54409694671631
1115,221.6,1.51387917995453
1116,221.7,1.52854883670807
1117,221.9,11.7286539077759
1118,222.1,33.0722961425781
1119,222.2,14.6712055206299
1120,222.3,10.0418128967285
1121,222.5,1.18306398391724
1122,222.7,3.75518274307251
1123,222.9,18.1026878356934
1124,223.1,42.0121231079102
1125,223.2,21.0340824127197
1126,223.4,2.64985942840576
1127,223.7,2.43807101249695
1128,223.9,6.33028793334961
1129,224.0,4.7947998046875
1130,224.2,8.45467281341553
1131,224.3,3.76844692230225
1132,224.6,2.03592753410339
1133,224.8,7.98067474365234
1134,225.0,41.5326766967773
1135,225.1,28.3457489013672
1136,225.2,25.734188079834
1137,225.4,2.96530222892761
1138,225.7,2.26159524917603
1139,225.9,7.72970819473267
1140,226.1,12.4567813873291
1141,226.2,8.36041831970215
1142,226.4,1.63580465316772
1143,226.6,1.81026005744934
1144,226.8,3.87702035903931
1145,227.0,11.4939384460449
1146,227.2,16.1017208099365
1147,227.3,5.20414638519287
1148,227.4,4.1312370300293
1149,227.6,0.968991577625275
1150,227.8,2.57809209823608
1151,228.0,4.61375617980957
1152,228.1,2.78496146202087
1153,228.2,4.96688318252563
1154,228.4,2.28056931495667
1155,228.7,2.33951163291931
1156,228.9,5.76194667816162
1157,229.1,7.40838003158569
1158,229.2,5.81878089904785
1159,229.4,2.19088196754456
1160,229.7,2.17752981185913
1161,229.8,2.05560445785522
1162,230.0,6.03557634353638
1163,230.2,5.75421667098999
1164,230.3,3.8722767829895
1165,230.5,1.17067813873291
1166,230.7,2.42577290534973
1167,230.9,4.17164421081543
1168,231.1,4.80780029296875
1169,231.2,4.34601211547852
1170,231.5,2.22373509407043
1171,231.7,1.65416371822357
1172,231.9,2.66092753410339
1173,232.1,3.47970843315125
1174,232.3,2.89845395088196
1175,232.4,1.0023717880249
1176,232.6,2.16777944564819
1177,232.8,7.55226612091064
1178,233.0,14.8171119689941
1179,233.1,13.3207130432129
1180,233.3,4.82273387908936
1181,233.5,0.759838342666626
1182,233.7,2.37218904495239
1183,233.9,4.30446243286133
1184,234.0,2.66988754272461
1185,234.2,5.28258943557739
1186,234.3,2.90952205657959
1187,234.6,2.49226975440979
1188,234.8,6.31069946289063
1189,234.9,6.35681676864624
1190,235.1,13.7183771133423
1191,235.2,6.92190790176392
1192,235.4,1.18807101249695
1193,235.6,1.86217498779297
1194,235.7,1.1647047996521
1195,235.9,5.09662675857544
1196,236.1,5.63150024414063
1197,236.2,3.89142656326294
1198,236.5,2.09926223754883
1199,236.7,3.34126853942871
1200,236.9,9.52960300445557
1201,237.0,5.96020746231079
1202,237.2,10.3389844894409
1203,237.3,4.67357683181763
1204,237.6,2.47593116760254
1205,237.8,3.5426037311554
1206,238.0,4.93113136291504
1207,238.2,4.79769849777222
1208,238.3,1.80323255062103
1209,238.5,2.07642316818237
1210,238.7,2.43148279190063
1211,238.9,4.75860834121704
1212,239.1,5.48260736465454
1213,239.2,4.04998254776001
1214,239.4,2.07431483268738
1215,239.7,1.85365426540375
1216,239.9,2.72707319259644
1217,240.1,2.75325012207031
1218,240.3,2.60725569725037
1219,240.5,1.9584504365921
1220,240.7,1.97689735889435
1221,240.8,1.34522140026093
1222,241.0,3.97066068649292
1223,241.2,3.94676733016968
1224,241.3,1.78724527359009
1225,241.4,2.01484537124634
1226,241.7,1.64072382450104
1227,241.8,0.873067438602448
1228,242.0,2.53092050552368
1229,242.1,1.2095046043396
1230,242.3,2.2541286945343
1231,242.4,1.85312724113464
1232,242.7,1.71117353439331
1233,242.8,1.13984537124634
1234,243.0,2.90881943702698
1235,243.2,3.06605768203735
1236,243.4,2.33713984489441
1237,243.6,1.72514057159424
1238,243.8,1.91259658336639
1239,244.0,2.85444474220276
1240,244.2,2.93060445785522
1241,244.3,2.01229786872864
1242,244.5,0.782413899898529
1243,244.7,1.79857695102692
1244,244.8,1.16040050983429
1245,245.0,2.58345055580139
1246,245.1,2.95159864425659
1247,245.4,1.92911100387573
1248,245.6,1.77960300445557
1249,245.7,0.917164444923401
1250,245.9,2.79831337928772
1251,246.1,3.10154604911804
1252,246.2,2.74912166595459
1253,246.4,1.80578005313873
1254,246.7,1.85277581214905
1255,246.9,3.4188334941864
1256,247.1,4.07009840011597
1257,247.3,2.87842583656311
1258,247.4,1.84855937957764
1259,247.7,2.80498957633972
1260,247.9,4.9107518196106
1261,248.1,5.61683082580566
1262,248.2,2.01686573028564
1263,248.3,2.24877023696899
1264,248.6,2.64810252189636
1265,248.8,12.7472772598267
1266,249.0,54.2302360534668
1267,249.1,38.4431648254395
1268,249.3,4.41874551773071
1269,249.6,2.21196413040161
1270,249.8,9.0401439666748
1271,250.0,20.6646175384521
1272,250.1,15.4442195892334
1273,250.3,3.90012288093567
1274,250.5,0.922874212265015
1275,250.7,4.40056228637695
1276,250.8,8.12939167022705
1277,251.0,41.3272132873535
1278,251.1,21.5766868591309
1279,251.2,13.9142656326294
1280,251.4,1.82984888553619
1281,251.7,4.06755113601685
1282,251.9,11.9685525894165
1283,252.0,8.29488754272461
1284,252.1,11.7666902542114
1285,252.3,2.57466626167297
1286,252.5,2.09952569007874
1287,252.6,1.35260009765625
1288,252.8,8.65671157836914
1289,252.9,10.9947290420532
1290,253.1,27.2514934539795
1291,253.2,12.2098560333252
1292,253.4,2.1234188079834
1293,253.6,0.94483482837677
1294,253.8,3.5015811920166
1295,254.0,7.00491905212402
1296,254.1,6.81649684906006
1297,254.3,2.12491226196289
1298,254.4,1.92823255062103
1299,254.7,2.42182016372681
1300,254.8,2.50245952606201
1301,255.0,7.10901260375977
1302,255.2,7.10049200057983
1303,255.3,2.36103296279907
1304,255.4,2.01581168174744
1305,255.7,1.75641250610352
1306,255.8,1.17507028579712
1307,256.0,2.89028453826904
1308,256.2,3.038738489151
1309,256.3,2.17867183685303
1310,256.5,0.880797624588013
1311,256.7,1.74578356742859
1312,256.9,2.90794086456299
1313,257.0,1.6256148815155
1314,257.2,3.54963111877441
1315,257.4,2.0876669883728
1316,257.5,0.858924806118011
1317,257.7,1.70572733879089
1318,257.9,2.0802001953125
1319,258.1,2.2521960735321
1320,258.2,2.15881943702698
1321,258.5,1.6263176202774
1322,258.7,1.94061839580536
1323,258.9,2.24385094642639
1324,259.1,2.71451163291931
1325,259.2,2.38747358322144
1326,259.4,0.875527083873749
1327,259.6,1.38598036766052
1328,259.7,0.840653538703918
1329,259.9,2.07712578773499
1330,260.1,2.52459597587585
1331,260.2,1.09460651874542
1332,260.4,2.31280755996704
1333,260.5,0.774771630764008
1334,260.7,1.71477508544922
1335,260.8,1.09293746948242
1336,261.0,2.39819049835205
1337,261.2,2.3700807094574
1338,261.3,1.10962760448456
1339,261.4,1.53856289386749
1340,261.7,1.78188681602478
1341,261.8,0.869114518165588
1342,262.0,2.24191856384277
1343,262.2,2.24877023696899
1344,262.3,1.77512300014496
1345,262.6,1.57405126094818
1346,262.7,1.22637033462524
1347,262.9,3.33819389343262
1348,263.0,1.9594167470932
1349,263.2,3.55885457992554
1350,263.3,2.19966626167297
1351,263.6,1.51326417922974
1352,263.7,0.881324648857117
1353,263.9,1.97118759155273
1354,264.1,2.53750872612
1355,264.2,2.16048836708069
1356,264.5,1.61059379577637
1357,264.7,4.11481046676636
1358,264.9,26.3134231567383
1359,265.1,74.1653213500977
1360,265.2,21.7886505126953
1361,265.5,1.93113136291504
1362,265.6,1.08819401264191
1363,265.8,5.47786378860474
1364,265.9,7.15038633346558
1365,266.1,18.380973815918
1366,266.2,9.09943771362305
1367,266.5,2.27266335487366
1368,266.6,1.42770552635193
1369,266.8,14.5460290908813
1370,267.0,132.913040161133
1371,267.1,109.873680114746
1372,267.3,6.68315172195435
1373,267.6,1.79769849777222
1374,267.8,10.5983839035034
1375,267.9,13.5687808990479
1376,268.1,39.6005783081055
1377,268.2,15.3876495361328
1378,268.4,2.68894934654236
1379,268.7,4.29980659484863
1380,268.9,19.9112796783447
1381,269.1,39.1219253540039
1382,269.2,17.8135986328125
1383,269.4,1.93262469768524
1384,269.6,1.72979617118835
1385,269.8,4.08151769638062
1386,270.0,9.92559719085693
1387,270.2,13.2991037368774
1388,270.3,4.67146873474121
1389,270.4,5.29919195175171
1390,270.6,2.13097333908081
1391,270.8,7.90047454833984
1392,271.0,16.3044624328613
1393,271.1,16.0376853942871
1394,271.3,5.99613475799561
1395,271.5,1.0835382938385
1396,271.7,2.32984900474548
1397,271.8,1.915846824646
1398,272.0,4.64098739624023
1399,272.2,4.86814832687378
1400,272.3,1.58968722820282
1401,272.5,1.90873157978058
1402,272.7,2.48691153526306
1403,272.9,4.76607513427734
1404,273.0,2.81535482406616
1405,273.2,5.11489820480347
1406,273.3,1.5823085308075
1407,273.4,1.84161984920502
1408,273.7,1.87174987792969
1409,273.8,1.24543213844299
1410,274.0,2.44342947006226
1411,274.2,2.85690450668335
1412,274.3,2.35637736320496
1413,274.6,1.7514054775238
1414,274.8,3.19826078414917
1415,275.0,4.1206955909729
1416,275.1,1.91356289386749
1417,275.2,3.01493334770203
1418,275.5,1.79348206520081
1419,275.7,1.55859100818634
1420,275.9,2.00052714347839
1421,276.1,2.42146873474121
1422,276.3,2.13448691368103
1423,276.5,1.59636330604553
1424,276.7,1.93183410167694
1425,276.8,1.45353126525879
1426,276.9,3.16602253913879
1427,277.2,3.05639505386353
1428,277.3,1.15363669395447
1429,277.5,1.64827823638916
1430,277.6,0.568517208099365
1431,277.8,1.8296731710434
1432,278.0,2.17463111877441
1433,278.2,2.01519680023193
1434,278.3,0.907150387763977
1435,278.5,1.59232258796692
1436,278.6,1.02037942409515
1437,278.8,3.76519680023193
1438,279.0,7.24191856384277
1439,279.2,7.31886863708496
1440,279.3,3.40996146202087
1441,279.5,0.78750878572464
1442,279.7,1.79734718799591
1443,279.9,3.34583616256714
1444,280.1,4.49622297286987
1445,280.2,2.1269326210022
1446,280.5,0.790144085884094
1447,280.7,2.71907949447632
1448,280.9,34.1459083557129
1449,281.1,1323.73571777344
1450,281.2,132.229965209961
1451,281.4,2.2857518196106
1452,281.6,0.476721704006195
1453,281.8,6.869553565979
1454,282.0,125.622802734375
1455,282.1,297.630798339844
1456,282.3,10.9096097946167
1457,282.5,0.914089977741241
1458,282.7,2.65583276748657
1459,282.9,27.3607692718506
1460,283.1,232.948257446289
1461,283.2,68.4916534423828
1462,283.4,2.87877726554871
1463,283.7,1.90794098377228
1464,283.9,15.3461875915527
1465,284.1,41.3301124572754
1466,284.2,22.3955554962158
1467,284.4,2.02705550193787
1468,284.6,2.84012651443481
1469,284.8,11.1669006347656
1470,285.0,38.4087333679199
1471,285.1,42.2250518798828
1472,285.3,9.52933979034424
1473,285.5,0.997364699840546
1474,285.7,2.47970843315125
1475,285.9,7.52160930633545
1476,286.1,11.2696771621704
1477,286.2,8.46345710754395
1478,286.4,1.34697818756104
1479,286.6,1.92647576332092
1480,286.8,4.85822200775146
1481,287.0,12.1340475082397
1482,287.2,12.1955375671387
1483,287.3,5.52969074249268
1484,287.6,1.38395988941193
1485,287.8,2.54058337211609
1486,288.0,3.67568516731262
1487,288.2,4.01045322418213
1488,288.3,2.72197818756104
1489,288.6,2.49850678443909
1490,288.8,7.58968734741211
1491,288.9,8.04769897460938
1492,289.1,17.7839069366455
1493,289.2,6.47461366653442
1494,289.3,4.66936063766479
1495,289.5,0.811138451099396
1496,289.7,2.0057098865509
1497,289.8,2.09627556800842
1498,290.0,4.98243141174316
1499,290.2,4.44782161712646
1500,290.3,2.71257901191711
1501,290.6,1.68868589401245
1502,290.8,3.18157052993774
1503,291.0,3.84776878356934
1504,291.2,4.34469413757324
1505,291.3,2.29655647277832
1506,291.6,1.43534791469574
1507,291.7,0.822294473648071
1508,291.9,1.91461706161499
1509,292.0,1.1246485710144
1510,292.1,1.83951163291931
1511,292.4,1.76484537124634
1512,292.6,2.17621231079102
1513,292.8,7.36366844177246
1514,293.0,14.0949583053589
1515,293.1,11.6184997558594
1516,293.3,2.44729447364807
1517,293.4,2.040846824646
1518,293.6,0.81763881444931
1519,293.8,3.03021788597107
1520,294.0,4.62825012207031
1521,294.2,4.13940620422363
1522,294.3,2.14573073387146
1523,294.6,1.74306046962738
1524,294.8,6.54576587677002
1525,295.0,23.6755981445313
1526,295.2,27.4624919891357
1527,295.3,6.93323945999146
1528,295.4,3.91321158409119
1529,295.6,0.640811681747437
1530,295.8,3.19422006607056
1531,295.9,3.44738221168518
1532,296.1,9.73304653167725
1533,296.2,4.5078182220459
1534,296.3,5.04769849777222
1535,296.5,1.01914966106415
1536,296.7,3.55885457992554
1537,296.9,9.7924280166626
1538,297.1,14.1029510498047
1539,297.2,5.91180610656738
1540,297.3,5.05920600891113
1541,297.5,1.07659876346588
1542,297.7,1.97478914260864
1543,297.8,1.53311669826508
1544,298.0,4.50342607498169
1545,298.2,4.00773000717163
1546,298.3,2.36270213127136
1547,298.6,1.7904953956604
1548,298.7,2.04277944564819
1549,298.9,14.1603126525879
1550,299.1,27.8202743530273
1551,299.2,11.549280166626
1552,299.3,8.02556228637695
1553,299.6,1.5003514289856
1554,299.8,3.32765293121338
1555,300.0,7.26115608215332
1556,300.2,7.61314105987549
1557,300.3,4.10523557662964
1558,300.5,0.791725218296051
1559,300.7,1.97101199626923
1560,300.9,4.17146873474121
1561,301.1,6.01370334625244
1562,301.2,2.78513693809509
1563,301.3,3.50456786155701
1564,301.6,1.46846449375153
1565,301.8,1.84302532672882
1566,302.0,2.34126853942871
1567,302.2,2.26458191871643
1568,302.3,2.12429714202881
1569,302.6,1.31412506103516
1570,302.8,2.15433931350708
1571,303.0,3.05665850639343
1572,303.2,2.78206253051758
1573,303.3,2.01695370674133
1574,303.6,1.58713984489441
1575,303.7,0.768095552921295
1576,303.9,1.99367535114288
1577,304.1,2.07422709465027
1578,304.3,1.92840826511383
1579,304.5,1.415407538414
1580,304.7,1.53944134712219
1581,304.9,2.05946946144104
1582,305.1,2.00983834266663
1583,305.2,1.90961003303528
1584,305.4,1.51352775096893
1585,305.7,1.43025302886963
1586,305.8,0.905217826366425
1587,306.0,1.93728041648865
1588,306.2,1.77450811862946
1589,306.3,1.53179895877838
1590,306.5,0.620607852935791
1591,306.7,1.82290935516357
1592,306.8,1.32071328163147
1593,307.0,3.43438148498535
1594,307.1,1.54031980037689
1595,307.3,3.17638802528381
1596,307.5,1.64985942840576
1597,307.6,0.734100520610809
1598,307.8,1.7530745267868
1599,308.0,1.97803938388824
1600,308.2,2.07774066925049
1601,308.4,1.37034440040588
1602,308.5,1.55674636363983
1603,308.8,2.51677799224854
1604,309.0,3.71082210540771
1605,309.2,3.39783906936646
1606,309.3,1.876669049263
1607,309.5,0.567111730575562
1608,309.7,1.52336609363556
1609,309.9,2.02898812294006
1610,310.1,2.086261510849
1611,310.2,1.06078708171844
1612,310.4,1.65231907367706
1613,310.5,0.919975399971008
1614,310.7,2.36577653884888
1615,310.9,5.65187978744507
1616,311.0,3.17638802528381
1617,311.2,6.51458168029785
1618,311.3,2.4972767829895
1619,311.6,1.6661102771759
1620,311.8,2.27907586097717
1621,311.9,1.61375617980957
1622,312.1,3.31131410598755
1623,312.2,2.98164081573486
1624,312.5,1.58151793479919
1625,312.7,2.2044095993042
1626,312.8,2.45476102828979
1627,313.0,6.94439554214478
1628,313.1,6.75149345397949
1629,313.3,3.3294095993042
1630,313.5,0.748418807983398
1631,313.7,1.67656362056732
1632,313.9,2.58828186988831
1633,314.0,1.57633519172668
1634,314.2,2.83661270141602
1635,314.3,1.77125787734985
1636,314.6,1.30367183685303
1637,314.8,2.15925860404968
1638,315.0,2.75535845756531
1639,315.1,2.68499660491943
1640,315.3,1.80604362487793
1641,315.6,1.27644062042236
1642,315.8,1.35646522045135
1643,316.0,1.95247721672058
1644,316.2,1.80806398391724
1645,316.3,0.832220673561096
1646,316.5,1.52301478385925
1647,316.7,1.39880537986755
1648,316.9,1.35479617118835
1649,317.1,1.68280041217804
1650,317.3,1.5414617061615
1651,317.4,0.782853126525879
1652,317.6,1.38817644119263
1653,317.7,0.688246667385101
1654,317.9,1.54638087749481
1655,318.0,0.859539687633514
1656,318.2,1.68763172626495
1657,318.4,1.57150387763977
1658,318.6,1.31026005744934
1659,318.7,0.71205198764801
1660,318.9,1.56324660778046
1661,319.0,0.630094885826111
1662,319.2,1.56140196323395
1663,319.3,0.833538293838501
1664,319.5,1.24455380439758
1665,319.6,0.646170079708099
1666,319.8,1.4169887304306
1667,319.9,0.66250878572464
1668,320.1,1.50342583656311
1669,320.2,1.59908640384674
1670,320.4,0.524947285652161
1671,320.6,1.38044619560242
1672,320.8,1.42788124084473
1673,321.0,1.78627896308899
1674,321.1,0.968991577625275
1675,321.3,1.66514408588409
1676,321.5,1.34715390205383
1677,321.7,1.25360155105591
1678,321.9,1.64133870601654
1679,322.1,1.52283906936646
1680,322.2,0.798137724399567
1681,322.3,1.63290584087372
1682,322.5,0.855762481689453
1683,322.7,2.39406180381775
1684,322.9,4.80323266983032
1685,323.0,3.082923412323
1686,323.2,5.76958894729614
1687,323.3,1.56974697113037
1688,323.4,1.44395637512207
1689,323.7,1.51862263679504
1690,323.9,2.52248764038086
1691,324.1,3.15785312652588
1692,324.2,1.38492619991302
1693,324.4,1.74376320838928
1694,324.5,0.846714675426483
1695,324.7,4.78267765045166
1696,324.9,17.9644241333008
1697,325.1,27.9410572052002
1698,325.2,11.8846626281738
1699,325.4,1.92928671836853
1700,325.6,1.10892486572266
1701,325.8,4.64432525634766
1702,326.0,8.87482452392578
1703,326.1,8.22232913970947
1704,326.3,2.8351194858551
1705,326.6,2.86656713485718
1706,326.8,14.7046728134155
1707,327.0,60.200984954834
1708,327.1,51.1596984863281
1709,327.3,6.66953611373901
1710,327.5,0.833450436592102
1711,327.7,2.92586088180542
1712,327.8,5.27872467041016
1713,328.0,18.9732074737549
1714,328.1,16.935173034668
1715,328.3,4.74472951889038
1716,328.6,2.36305332183838
1717,328.8,6.10857343673706
1718,329.0,13.8915147781372
1719,329.1,7.48629665374756
1720,329.2,7.95238924026489
1721,329.4,1.23664796352386
1722,329.6,1.63782501220703
1723,329.8,3.02881240844727
1724,329.9,1.87060785293579
1725,330.1,4.07554483413696
1726,330.2,2.97953271865845
1727,330.5,1.62948000431061
1728,330.7,2.14054822921753
1729,330.8,1.53680598735809
1730,331.0,4.4685525894165
1731,331.1,1.97294449806213
1732,331.2,2.84627556800842
1733,331.5,1.34627544879913
1734,331.7,1.64142656326294
1735,331.9,2.15091347694397
1736,332.1,2.19544982910156
1737,332.2,1.94975399971008
1738,332.5,1.26080465316772
1739,332.7,1.34539699554443
1740,332.8,0.918394207954407
1741,333.0,2.20186233520508
1742,333.2,2.0027232170105
1743,333.3,0.799191832542419
1744,333.5,1.56605768203735
1745,333.7,1.21354532241821
1746,333.9,1.48576951026917
1747,334.1,1.86191141605377
1748,334.3,1.34522140026093
1749,334.4,1.51018977165222
1750,334.7,1.42102956771851
1751,334.8,0.824226975440979
1752,334.9,1.73901963233948
1753,335.1,0.988404750823975
1754,335.3,1.72724878787994
1755,335.4,0.647751212120056
1756,335.6,1.13281798362732
1757,335.8,1.46872806549072
1758,335.9,0.737702012062073
1759,336.1,1.37385809421539
1760,336.2,0.764054834842682
1761,336.4,1.34249830245972
1762,336.6,1.35260009765625
1763,336.8,1.70317995548248
1764,336.9,0.964072406291962
1765,337.1,2.02424454689026
1766,337.3,1.75755441188812
1767,337.5,1.5023717880249
1768,337.7,1.10567462444305
1769,337.9,1.57598388195038
1770,338.1,1.52617704868317
1771,338.3,1.41171824932098
1772,338.5,1.62833797931671
1773,338.7,2.51546025276184
1774,338.8,2.48568177223206
1775,339.0,8.72329616546631
1776,339.1,5.18385457992554
1777,339.2,6.81957149505615
1778,339.4,2.11401963233948
1779,339.6,0.708538293838501
1780,339.8,2.75430417060852
1781,340.0,4.64423751831055
1782,340.1,2.5400562286377
1783,340.2,3.07167959213257
1784,340.4,0.677969098091125
1785,340.6,2.12034440040588
1786,340.8,12.9083805084229
1787,341.0,95.0921478271484
1788,341.1,109.555953979492
1789,341.3,10.7078351974487
1790,341.6,2.23699927330017
1791,341.8,8.10646533966064
1792,342.0,33.8890533447266
1793,342.1,36.5938148498535
1794,342.3,6.63422346115112
1795,342.4,3.64625787734985
1796,342.7,4.16874551773071
1797,342.8,5.5798487663269
1798,343.0,27.4609107971191
1799,343.1,29.508960723877
1800,343.3,7.74894571304321
1801,343.6,1.9149683713913
1802,343.8,3.67357683181763
1803,344.0,7.95238924026489
1804,344.2,7.27995443344116
1805,344.3,2.3287947177887
1806,344.4,2.28276538848877
1807,344.6,1.23901963233948
1808,344.8,5.41083955764771
1809,345.0,12.5739631652832
1810,345.1,11.8279161453247
1811,345.3,3.65794086456299
1812,345.4,2.30744910240173
1813,345.7,1.77784609794617
1814,345.9,3.58854532241821
1815,346.1,4.37087154388428
1816,346.2,3.52740693092346
1817,346.4,1.09820806980133
1818,346.6,1.49086439609528
1819,346.8,2.54857683181763
1820,347.0,3.24894595146179
1821,347.1,1.86551296710968
1822,347.2,2.99024939537048
1823,347.4,1.57519328594208
1824,347.6,0.611208736896515
1825,347.8,1.52977859973907
1826,348.0,1.92612433433533
1827,348.2,1.91900908946991
1828,348.4,1.56553053855896
1829,348.6,1.72839069366455
1830,348.8,2.62456083297729
1831,349.0,3.52046728134155
1832,349.1,1.96503865718842
1833,349.2,2.61876320838928
1834,349.4,0.824490487575531
1835,349.6,1.21240341663361
1836,349.8,1.77327823638916
1837,349.9,0.832572042942047
1838,350.1,1.90003514289856
1839,350.2,1.15556919574738
1840,350.4,1.63800072669983
1841,350.5,0.63273012638092
1842,350.7,1.59065353870392
1843,350.9,1.81315886974335
1844,351.1,2.15056228637695
1845,351.2,1.01256144046783
1846,351.4,1.55191493034363
1847,351.6,1.24033737182617
1848,351.7,0.590302169322968
1849,351.9,1.43613839149475
1850,352.0,0.896345734596252
1851,352.2,1.55349612236023
1852,352.3,0.65864372253418
1853,352.5,1.38940620422363
1854,352.6,0.692990183830261
1855,352.8,2.23251938819885
1856,353.0,3.01616311073303
1857,353.2,3.28320455551147
1858,353.4,2.39300775527954
1859,353.6,1.31377375125885
1860,353.7,0.737614214420319
1861,353.9,1.75404071807861
1862,354.1,2.09645104408264
1863,354.2,1.07405126094818
1864,354.4,1.38677096366882
1865,354.6,1.54427266120911
1866,354.8,8.24270915985107
1867,355.0,86.2413024902344
1868,355.1,190.204055786133
1869,355.3,14.8938865661621
1870,355.4,4.61120891571045
1871,355.7,2.53504920005798
1872,355.9,19.4821681976318
1873,356.0,26.4327125549316
1874,356.1,58.2052879333496
1875,356.3,13.0417251586914
1876,356.5,1.37754738330841
1877,356.7,2.88237881660461
1878,356.9,17.4532680511475
1879,357.1,44.9609985351563
1880,357.2,29.7644939422607
1881,357.4,3.9982430934906
1882,357.7,2.0800244808197
1883,357.8,2.34785676002502
1884,358.0,9.75729084014893
1885,358.2,11.5901260375977
1886,358.3,3.9555516242981
1887,358.4,2.86542510986328
1888,358.7,2.69676733016968
1889,358.8,3.62377023696899
1890,359.0,14.9476461410522
1891,359.2,17.1347503662109
1892,359.3,5.0385627746582
1893,359.4,3.33538293838501
1894,359.6,0.792955040931702
1895,359.8,2.4205904006958
1896,360.0,5.20423412322998
1897,360.2,5.64854192733765
1898,360.3,3.34337663650513
1899,360.6,1.4578355550766
1900,360.7,0.96205198764801
1901,360.9,3.42902326583862
1902,361.1,4.23796558380127
1903,361.2,2.04708361625671
1904,361.3,2.9606466293335
1905,361.5,1.34390377998352
1906,361.8,1.53531277179718
1907,361.9,0.927793383598328
1908,362.1,2.01115608215332
1909,362.2,0.948436379432678
1910,362.4,1.63905477523804
1911,362.6,1.61068165302277
1912,362.8,2.7044095993042
1913,362.9,1.81640899181366
1914,363.1,4.17638778686523
1915,363.2,3.39432525634766
1916,363.4,1.48295855522156
1917,363.7,1.31561839580536
1918,363.9,2.04427266120911
1919,364.1,2.35066771507263
1920,364.3,2.02582573890686
1921,364.4,0.785576224327087
1922,364.6,1.39028465747833
1923,364.8,1.68315184116364
1924,365.0,2.05235409736633
1925,365.2,1.792076587677
1926,365.3,0.785751938819885
1927,365.5,1.16444134712219
1928,365.7,1.09662687778473
1929,365.8,0.706869304180145
1930,366.0,1.41004920005798
1931,366.2,1.4993851184845
1932,366.4,1.25658822059631
1933,366.6,1.82255792617798
1934,366.8,2.76396703720093
1935,367.0,4.26589965820313
1936,367.2,3.75887203216553
1937,367.3,2.25632476806641
1938,367.6,1.25202035903931
1939,367.8,1.65952217578888
1940,368.0,2.40214323997498
1941,368.2,2.14195370674133
1942,368.4,1.60330283641815
1943,368.5,0.75430428981781
1944,368.7,2.07018613815308
1945,368.9,5.98005962371826
1946,369.1,10.6928148269653
1947,369.2,8.32536888122559
1948,369.4,2.8724524974823
1949,369.7,1.70405828952789
1950,369.8,1.14722418785095
1951,370.0,4.04901599884033
1952,370.1,2.27846097946167
1953,370.3,4.05209064483643
1954,370.4,2.03979277610779
1955,370.6,0.796995759010315
1956,370.8,2.94597673416138
1957,371.0,5.92419195175171
1958,371.2,5.59504556655884
1959,371.3,2.26343989372253
1960,371.4,2.10892486572266
1961,371.6,0.752459585666656
1962,371.8,1.97461354732513
1963,372.0,2.60901260375977
1964,372.2,2.77055525779724
1965,372.3,1.12034440040588
1966,372.4,1.4993851184845
1967,372.7,2.05367183685303
1968,372.9,6.29919195175171
1969,373.1,9.72496509552002
1970,373.2,4.31711196899414
1971,373.3,4.68666553497314
1972,373.6,1.41004920005798
1973,373.8,1.89950811862946
1974,374.0,3.54234004020691
1975,374.2,3.95107173919678
1976,374.3,2.6291286945343
1977,374.6,1.48954677581787
1978,374.8,1.7094167470932
1979,375.0,2.85418128967285
1980,375.2,3.03109622001648
1981,375.3,1.24095225334167
1982,375.4,1.52687978744507
1983,375.7,1.15231907367706
1984,375.9,1.53127193450928
1985,376.0,0.793921291828156
1986,376.2,1.86375617980957
1987,376.3,1.25799369812012
1988,376.5,0.6469606757164
1989,376.7,1.32413911819458
1990,376.9,1.89265632629395
1991,377.1,1.6260541677475
1992,377.2,0.903548836708069
1993,377.4,1.36683058738708
1994,377.6,1.15416371822357
1995,377.7,0.514581859111786
1996,377.9,1.30920588970184
1997,378.0,0.769149661064148
1998,378.2,1.41259658336639
1999,378.3,0.733134210109711
2000,378.5,1.17858397960663
2001,378.7,1.13606822490692
2002,378.9,1.47478914260864
2003,379.1,1.53399503231049
2004,379.3,1.28531277179718
2005,379.5,1.43113136291504
2006,379.7,1.05542862415314
2007,379.8,1.15574491024017
2008,380.1,1.50114190578461
2009,380.3,1.26862263679504
2010,380.4,1.34706604480743
2011,380.7,1.21995782852173
2012,380.8,0.746222794055939
2013,381.0,1.88966965675354
2014,381.1,1.05999648571014
2015,381.3,1.4583625793457
2016,381.4,0.703970491886139
2017,381.6,1.30147576332092
2018,381.8,1.38738584518433
2019,382.0,1.44694304466248
2020,382.1,1.50693953037262
2021,382.3,0.673049867153168
2022,382.5,1.34065353870392
2023,382.7,1.76282501220703
2024,382.8,1.36586439609528
2025,383.0,3.55156350135803
2026,383.2,3.52020382881165
2027,383.3,1.20335555076599
2028,383.5,1.34364020824432
2029,383.6,1.14186573028564
2030,383.9,1.876669049263
2031,384.1,1.91900908946991
2032,384.2,1.0820449590683
2033,384.3,1.5859100818634
2034,384.6,1.78381943702698
2035,384.8,4.48691129684448
2036,385.0,8.16365051269531
2037,385.1,7.35435676574707
2038,385.3,1.97452569007874
2039,385.4,1.75887215137482
2040,385.7,2.04567813873291
2041,385.9,3.05314469337463
2042,386.1,3.66953611373901
2043,386.3,2.94342947006226
2044,386.5,1.48489105701447
2045,386.7,2.69992971420288
2046,386.9,8.59917449951172
2047,387.1,12.3423223495483
2048,387.2,8.28865051269531
2049,387.4,2.10374212265015
2050,387.7,1.75676393508911
2051,387.8,1.68842232227325
2052,388.0,4.20502471923828
2053,388.1,2.16163039207458
2054,388.2,3.83898448944092
2055,388.4,1.71503865718842
2056,388.7,1.86507380008698
2057,388.8,1.40486645698547
2058,389.0,3.80490159988403
2059,389.2,3.59996485710144
2060,389.3,2.00808143615723
2061,389.6,1.2478039264679
2062,389.8,1.47531628608704
2063,389.9,1.65012300014496
2064,390.2,1.72874212265015
2065,390.3,1.52714335918427
2066,390.5,0.427178502082825
2067,390.7,1.22619462013245
2068,390.9,1.67252278327942
2069,391.0,0.622891783714294
2070,391.2,1.69676744937897
2071,391.4,1.38773715496063
2072,391.5,1.20660579204559
2073,391.8,1.21697115898132
2074,391.9,0.609715402126312
2075,392.1,1.40460300445557
2076,392.3,1.42234718799591
2077,392.5,1.35953974723816
2078,392.6,0.668306410312653
2079,392.8,1.21073436737061
2080,393.0,1.20247721672058
2081,393.1,0.605674624443054
2082,393.3,1.21486294269562
2083,393.5,1.15056216716766
2084,393.7,1.1640020608902
2085,393.8,0.646784961223602
2086,394.0,1.23427617549896
2087,394.1,0.475667595863342
2088,394.3,1.09214687347412
2089,394.5,1.14265632629395
2090,394.7,1.06333446502686
2091,394.9,1.16277229785919
2092,395.0,0.619641602039337
2093,395.2,1.26721715927124
2094,395.4,1.22004568576813
2095,395.6,1.1685699224472
2096,395.7,0.510541081428528
2097,395.8,1.19465911388397
2098,396.0,0.571767389774323
2099,396.2,1.23269498348236
2100,396.3,0.580551624298096
2101,396.5,1.11050593852997
2102,396.7,1.33063948154449
2103,396.8,0.782677471637726
2104,397.0,2.03619122505188
2105,397.1,2.02881240844727
2106,397.4,1.2919008731842
2107,397.6,1.23190438747406
2108,397.8,1.28250169754028
2109,397.9,0.621310591697693
2110,398.1,1.55288124084473
2111,398.2,0.788914263248444
2112,398.3,1.15425157546997
2113,398.5,0.731816589832306
2114,398.7,2.47803926467896
2115,398.8,2.81974697113037
2116,399.0,8.36191177368164
2117,399.1,7.86296558380127
2118,399.3,3.44167256355286
2119,399.6,1.53381943702698
2120,399.8,2.42823266983032
2121,399.9,1.79813778400421
2122,400.1,4.04884052276611
2123,400.2,2.86173582077026
2124,400.4,0.955463826656342
2125,400.6,2.62139844894409
2126,400.8,11.6647052764893
2127,401.0,35.5807266235352
2128,401.1,35.3047256469727
2129,401.3,8.59618759155273
2130,401.5,1.06342232227325
2131,401.7,2.96749830245972
2132,401.8,4.05498933792114
2133,402.0,14.7926912307739
2134,402.1,14.4217319488525
2135,402.3,5.42621231079102
2136,402.5,0.913562893867493
2137,402.7,3.15433931350708
2138,402.9,8.67384052276611
2139,403.1,10.7947998046875
2140,403.2,7.82220649719238
2141,403.4,2.1269326210022
2142,403.7,1.8313422203064
2143,403.8,1.3747364282608
2144,404.0,3.58520722389221
2145,404.2,3.92630004882813
2146,404.3,2.14502811431885
2147,404.5,0.609978914260864
2148,404.7,1.75755441188812
2149,404.9,3.16426563262939
2150,405.1,3.68965220451355
2151,405.2,2.9595046043396
2152,405.4,0.758520722389221
2153,405.6,1.39581871032715
2154,405.8,1.53944134712219
2155,406.0,1.75650036334991
2156,406.2,1.78856289386749
2157,406.3,1.56298315525055
2158,406.6,1.22162687778473
2159,406.8,1.58819401264191
2160,406.9,0.898717522621155
2161,407.1,1.9553759098053
2162,407.2,0.839335918426514
2163,407.3,1.40802884101868
2164,407.6,1.15108919143677
2165,407.8,1.2524596452713
2166,408.0,1.57695007324219
2167,408.2,1.2502635717392
2168,408.4,1.30209064483643
2169,408.6,1.18736827373505
2170,408.8,1.32730150222778
2171,409.0,1.6655832529068
2172,409.2,1.47478914260864
2173,409.4,1.38281798362732
2174,409.6,1.19202387332916
2175,409.8,1.04769849777222
2176,410.0,1.18271255493164
2177,410.2,1.08002460002899
2178,410.4,1.20089602470398
2179,410.5,0.576423048973083
2180,410.7,1.31368589401245
2181,410.8,1.23480319976807
2182,411.1,1.3764054775238
2183,411.3,1.34249830245972
2184,411.5,1.14274418354034
2185,411.6,0.580024600028992
2186,411.8,1.07659876346588
2187,411.9,1.05613136291504
2188,412.2,1.23445188999176
2189,412.4,1.21688330173492
2190,412.6,1.28592765331268
2191,412.8,1.87297964096069
2192,413.0,2.68332743644714
2193,413.2,2.89476466178894
2194,413.3,2.24016165733337
2195,413.5,0.482519328594208
2196,413.7,1.36235070228577
2197,413.8,0.833714008331299
2198,414.0,1.84759306907654
2199,414.1,1.0827476978302
2200,414.2,1.75913560390472
2201,414.5,1.11015462875366
2202,414.7,2.79875254631042
2203,414.8,4.22224187850952
2204,415.0,41.1632118225098
2205,415.2,79.4490509033203
2206,415.3,18.7220668792725
2207,415.5,1.97751224040985
2208,415.8,4.55033397674561
2209,415.9,8.21345710754395
2210,416.1,29.5242443084717
2211,416.2,13.5828351974487
2212,416.3,11.5381240844727
2213,416.6,2.22039699554443
2214,416.8,4.61112070083618
2215,417.0,16.1374740600586
2216,417.2,21.698787689209
2217,417.3,9.68789482116699
2218,417.5,1.03311669826508
2219,417.7,1.94650387763977
2220,417.9,3.85277581214905
2221,418.0,3.28153538703918
2222,418.2,6.41365051269531
2223,418.3,2.70959234237671
2224,418.4,2.44132113456726
2225,418.6,0.663123667240143
2226,418.8,2.53399515151978
2227,419.0,4.69826078414917
2228,419.2,5.86726999282837
2229,419.3,3.25632476806641
2230,419.5,0.782589614391327
2231,419.7,1.32580816745758
2232,419.9,1.7499121427536
2233,420.1,2.53012990951538
2234,420.3,2.17691493034363
2235,420.4,1.4582747220993
2236,420.7,1.42752981185913
2237,420.9,1.86287772655487
2238,421.0,1.0826598405838
2239,421.2,2.23190450668335
2240,421.3,1.07150387763977
2241,421.4,1.65530574321747
2242,421.6,0.52073085308075
2243,421.8,1.42173230648041
2244,422.0,1.54866480827332
2245,422.2,1.3741215467453
2246,422.3,0.781535506248474
2247,422.4,1.23330986499786
2248,422.6,1.2911981344223
2249,422.9,1.58090305328369
2250,423.0,1.01642656326294
2251,423.2,1.73155307769775
2252,423.3,0.718815863132477
2253,423.4,1.11050593852997
2254,423.7,1.07141602039337
2255,423.8,0.590653538703918
2256,424.0,1.47312021255493
2257,424.2,1.19009137153625
2258,424.4,1.2530745267868
2259,424.5,0.507817983627319
2260,424.7,1.19246315956116
2261,424.9,1.36683058738708
2262,425.1,1.15293395519257
2263,425.3,1.37043213844299
2264,425.5,1.11911451816559
2265,425.7,1.10330283641815
2266,425.9,1.08828175067902
2267,426.1,1.16971182823181
2268,426.3,1.11507380008698
2269,426.5,1.03575193881989
2270,426.7,1.34311318397522
2271,426.9,1.77784609794617
2272,427.1,2.04181313514709
2273,427.2,0.800158143043518
2274,427.4,1.52802181243896
2275,427.6,1.040407538414
2276,427.8,1.27802181243896
2277,427.9,0.679550230503082
2278,428.1,1.32071328163147
2279,428.2,0.676036536693573
2280,428.3,1.31851720809937
2281,428.5,0.481728732585907
2282,428.7,2.28162336349487
2283,428.9,13.8439912796021
2284,429.1,40.2382278442383
2285,429.2,18.8989810943604
2286,429.3,13.6201686859131
2287,429.5,1.08872103691101
2288,429.7,2.1686577796936
2289,429.9,7.49692535400391
2290,430.0,7.03610324859619
2291,430.2,17.8963451385498
2292,430.3,7.28838729858398
2293,430.5,1.14318346977234
2294,430.7,2.35426926612854
2295,430.9,7.29725933074951
2296,431.1,14.0730848312378
2297,431.2,12.1372976303101
2298,431.4,2.42182016372681
2299,431.5,1.67805695533752
2300,431.8,2.13887906074524
2301,432.0,3.90135288238525
2302,432.2,5.16725206375122
2303,432.3,1.99270904064178
2304,432.4,2.06403732299805
2305,432.7,1.77354180812836
2306,432.9,3.74437808990479
2307,433.0,3.38536548614502
2308,433.2,7.37763547897339
2309,433.3,5.07457828521729
2310,433.5,1.51888620853424
2311,433.8,1.64994728565216
2312,434.0,2.95212578773499
2313,434.2,2.99306035041809
2314,434.3,2.39133882522583
2315,434.6,1.25764226913452
2316,434.8,1.51932537555695
2317,435.0,2.29875254631042
2318,435.1,1.18534791469574
2319,435.3,2.15873146057129
2320,435.4,1.46820104122162
2321,435.7,1.01633870601654
2322,435.8,0.598998606204987
2323,436.0,1.11674284934998
2324,436.2,1.56105065345764
2325,436.3,0.757817983627319
2326,436.5,1.23901963233948
2327,436.6,0.541110336780548
2328,436.8,1.11621570587158
2329,437.0,1.60857343673706
2330,437.1,1.68236124515533
2331,437.4,1.42955029010773
2332,437.5,0.565618395805359
2333,437.7,1.10101902484894
2334,437.9,1.24639844894409
2335,438.1,1.27099442481995
2336,438.3,1.17392838001251
2337,438.5,1.14573085308075
2338,438.7,0.937631785869598
2339,438.8,0.668482065200806
2340,439.0,1.19219958782196
2341,439.2,1.32659876346588
2342,439.4,1.25799369812012
2343,439.6,1.0867006778717
2344,439.7,0.482870697975159
2345,439.9,1.16268444061279
2346,440.1,1.19448351860046
2347,440.2,0.483485579490662
2348,440.4,1.16830635070801
2349,440.6,1.0821328163147
2350,440.7,0.626141965389252
2351,440.9,1.51853477954865
2352,441.1,1.49323606491089
2353,441.2,0.906974673271179
2354,441.3,1.43016517162323
2355,441.5,0.588721036911011
2356,441.7,1.11437106132507
2357,441.9,1.48436403274536
2358,442.1,1.14687275886536
2359,442.2,0.604005634784698
2360,442.4,1.23708713054657
2361,442.6,1.11024248600006
2362,442.8,1.47935700416565
2363,442.9,1.01221013069153
2364,443.1,1.96679544448853
2365,443.3,1.69421994686127
2366,443.4,1.24218201637268
2367,443.7,1.29629302024841
2368,443.8,0.716971158981323
2369,444.0,1.34838366508484
2370,444.2,1.43438160419464
2371,444.3,0.833450436592102
2372,444.5,1.09574842453003
2373,444.7,1.28706955909729
2374,444.8,1.18341529369354
2375,445.0,2.96486306190491
2376,445.1,1.4154953956604
2377,445.3,2.80173921585083
2378,445.4,0.757642328739166
2379,445.6,1.25913560390472
2380,445.8,1.46995782852173
2381,446.0,2.0414617061615
2382,446.2,1.8757905960083
2383,446.4,1.54488754272461
2384,446.6,1.22303235530853
2385,446.8,2.13641953468323
2386,447.0,3.31078696250916
2387,447.2,3.11542510986328
2388,447.3,2.02758264541626
2389,447.6,1.06394934654236
2390,447.8,1.34188330173492
2391,448.0,1.76221013069153
2392,448.2,1.74666202068329
2393,448.3,1.49806749820709
2394,448.5,0.632817983627319
2395,448.7,1.26018977165222
2396,448.9,1.47505271434784
2397,449.1,1.54576599597931
2398,449.2,0.741040050983429
2399,449.3,1.17805695533752
2400,449.6,1.06693601608276
2401,449.7,0.593728065490723
2402,449.9,1.2475403547287
2403,450.0,0.533468008041382
2404,450.2,1.07747721672058
2405,450.3,0.582572042942047
2406,450.5,1.1246485710144
2407,450.6,0.600228369235992
2408,450.7,1.17875969409943
2409,451.0,1.25843286514282
2410,451.2,1.34926211833954
2411,451.3,0.59056568145752
2412,451.4,1.1661102771759
2413,451.6,0.52846097946167
2414,451.8,1.09645116329193
2415,452.0,1.04787421226501
2416,452.2,0.998594522476196
2417,452.4,1.22812724113464
2418,452.6,1.21653199195862
2419,452.8,1.10734367370605
2420,453.0,1.15820455551147
2421,453.2,1.26616299152374
2422,453.4,1.14731204509735
2423,453.6,1.02398097515106
2424,453.8,0.97540408372879
2425,454.0,1.1647926568985
2426,454.2,1.19316589832306
2427,454.4,0.984627544879913
2428,454.6,0.997452557086945
2429,454.8,1.17234718799591
2430,454.9,1.34934997558594
2431,455.2,1.15715038776398
2432,455.4,1.14862966537476
2433,455.5,0.520028114318848
2434,455.7,1.09197115898132
2435,455.9,1.07817995548248
2436,456.0,0.464511603116989
2437,456.2,1.1263176202774
2438,456.3,0.547698497772217
2439,456.5,0.999912142753601
2440,456.7,1.30384755134583
2441,456.8,0.572118759155273
2442,457.0,1.42463111877441
2443,457.2,1.48691141605377
2444,457.3,0.861208736896515
2445,457.5,1.02705550193787
2446,457.7,1.06825363636017
2447,457.8,0.714511573314667
2448,458.0,1.2503514289856
2449,458.2,1.21582925319672
2450,458.4,1.33002460002899
2451,458.6,1.50650036334991
2452,458.8,2.26651430130005
2453,458.9,1.49789178371429
2454,459.1,3.55147576332092
2455,459.2,2.57738924026489
2456,459.4,1.44887566566467
2457,459.6,0.599349975585938
2458,459.8,1.6242094039917
2459,460.0,2.28513693809509
2460,460.2,1.99349963665009
2461,460.3,1.51677799224854
2462,460.6,1.55964505672455
2463,460.8,5.40170431137085
2464,460.9,5.59065341949463
2465,461.1,13.6354532241821
2466,461.2,9.76660251617432
2467,461.4,2.8730673789978
2468,461.7,1.96732258796692
2469,461.8,1.97224175930023
2470,462.0,5.69650363922119
2471,462.2,5.74464178085327
2472,462.3,1.80033385753632
2473,462.4,2.09855937957764
2474,462.7,1.99112784862518
2475,462.9,3.50667595863342
2476,463.1,4.78258943557739
2477,463.3,3.3702564239502
2478,463.4,1.63571679592133
2479,463.7,1.4546731710434
2480,463.8,0.901440620422363
2481,464.0,2.46117353439331
2482,464.2,2.03065705299377
2483,464.4,1.30305695533752
2484,464.6,1.01739287376404
2485,464.8,1.50711524486542
2486,465.0,1.77635276317596
2487,465.1,1.16531980037689
2488,465.3,1.50790584087372
2489,465.4,0.4797083735466
2490,465.5,0.975140571594238
2491,465.8,1.29743504524231
2492,466.0,1.29857695102692
2493,466.1,1.27705550193787
2494,466.4,1.06456434726715
2495,466.5,0.545326769351959
2496,466.7,1.0834504365921
2497,466.9,1.19650387763977
2498,467.1,1.16382646560669
2499,467.2,0.537420928478241
2500,467.4,1.12315535545349
2501,467.5,0.54954320192337
2502,467.7,0.9366654753685
2503,467.9,1.00720310211182
2504,468.1,1.11428320407867
2505,468.2,0.53320449590683
2506,468.4,0.950544595718384
2507,468.6,0.904163718223572
2508,468.7,0.461085736751556
2509,468.9,1.09091711044312
2510,469.0,0.446328192949295
2511,469.2,1.2068692445755
2512,469.3,0.672434985637665
2513,469.5,0.945625424385071
2514,469.7,1.04892838001251
2515,469.9,1.02011597156525
2516,470.1,1.10057973861694
2517,470.2,0.556746304035187
2518,470.4,1.17094171047211
2519,470.6,1.10593819618225
2520,470.7,0.574666202068329
2521,470.9,1.00281095504761
2522,471.1,1.30121219158173
2523,471.3,1.03750872612
2524,471.5,1.04840123653412
2525,471.7,0.993323981761932
2526,471.8,1.12798666954041
2527,472.0,0.471187621355057
2528,472.2,1.07747721672058
2529,472.4,1.0810786485672
2530,472.5,0.461612790822983
2531,472.7,1.37087142467499
2532,472.8,0.781271934509277
2533,473.0,2.34504556655884
2534,473.2,2.59223461151123
2535,473.3,2.29567813873291
2536,473.6,1.20651793479919
2537,473.7,0.409258604049683
2538,473.9,1.42164444923401
2539,474.1,1.96187627315521
2540,474.3,1.57167959213257
2541,474.5,1.30094873905182
2542,474.7,2.24569582939148
2543,474.8,3.19272661209106
2544,475.0,19.853214263916
2545,475.2,32.3474159240723
2546,475.3,15.0366306304932
2547,475.5,1.87201333045959
2548,475.7,2.23998594284058
2549,475.9,5.80042171478271
2550,476.1,14.1080465316772
2551,476.2,12.7055521011353
2552,476.4,5.28197479248047
2553,476.7,2.02802181243896
2554,476.9,4.84179544448853
2555,477.1,9.34530925750732
2556,477.3,7.9567813873291
2557,477.4,3.72109985351563
2558,477.7,1.49455380439758
2559,477.9,2.58142995834351
2560,478.1,3.04330635070801
2561,478.3,3.07080101966858
2562,478.4,1.90583276748657
2563,478.7,1.27687978744507
2564,478.9,2.18719244003296
2565,479.0,1.31728744506836
2566,479.2,2.48910760879517
2567,479.4,2.18376660346985
2568,479.6,1.14142656326294
2569,479.7,1.18587493896484
2570,480.0,1.71565353870392
2571,480.2,1.55296909809113
2572,480.3,0.608046352863312
2573,480.5,1.13510191440582
2574,480.6,0.599437832832336
2575,480.8,1.01739287376404
2576,481.0,1.43253684043884
2577,481.2,1.30112433433533
2578,481.4,1.34364020824432
2579,481.5,0.321767389774323
2580,481.7,1.11542510986328
2581,481.9,1.12965559959412
2582,482.1,0.998945891857147
2583,482.2,0.604796230792999
2584,482.4,1.07984888553619
2585,482.6,1.19711875915527
2586,482.7,1.2076598405838
2587,482.9,0.536278963088989
2588,483.1,1.25931131839752
2589,483.2,0.546732246875763
2590,483.4,0.902406871318817
2591,483.6,1.06772661209106
2592,483.8,0.924279689788818
2593,484.0,1.16242098808289
2594,484.2,0.988756120204926
2595,484.4,1.00869643688202
2596,484.5,0.476809561252594
2597,484.7,1.16848206520081
2598,484.9,0.979444861412048
2599,485.0,0.545590281486511
2600,485.2,1.20300424098969
2601,485.3,0.63703441619873
2602,485.4,0.949929714202881
2603,485.6,0.494026690721512
2604,485.8,0.877898812294006
2605,485.9,1.10813426971436
2606,486.2,0.991040050983429
2607,486.3,0.522048473358154
2608,486.4,0.896433591842651
2609,486.7,1.11929023265839
2610,486.9,1.3345046043396
2611,487.1,1.4149683713913
2612,487.2,1.76098036766052
2613,487.4,0.61208713054657
2614,487.5,1.0390899181366
2615,487.8,1.2515811920166
2616,488.0,1.36990511417389
2617,488.1,0.602512300014496
2618,488.3,1.35813426971436
2619,488.4,1.12965559959412
2620,488.7,1.77090656757355
2621,488.9,9.35365390777588
2622,489.0,12.4827833175659
2623,489.2,35.1864013671875
2624,489.3,18.5981197357178
2625,489.5,1.89353477954865
2626,489.7,1.7890899181366
2627,489.9,6.63703441619873
2628,490.1,14.9103126525879
2629,490.2,8.5518274307251
2630,490.3,10.8035840988159
2631,490.5,2.46152496337891
2632,490.8,2.50957489013672
2633,490.9,3.32431483268738
2634,491.1,11.3236122131348
2635,491.2,11.0376844406128
2636,491.4,4.38694667816162
2637,491.7,1.29102253913879
2638,491.8,0.982958555221558
2639,492.0,3.50518274307251
2640,492.1,2.079585313797
2641,492.2,3.94307804107666
2642,492.4,2.25650024414063
2643,492.6,0.657413899898529
2644,492.8,1.55173933506012
2645,493.0,3.38018274307251
2646,493.2,3.68438148498535
2647,493.3,2.81491565704346
2648,493.5,0.858836948871613
2649,493.7,1.2506148815155
2650,493.9,1.42304992675781
2651,494.1,1.93613839149475
2652,494.3,2.01133179664612
2653,494.5,1.39880537986755
2654,494.7,1.09232258796692
2655,494.9,1.35330283641815
2656,495.0,1.39599442481995
2657,495.2,0.915671110153198
2658,495.3,1.3314300775528
2659,495.5,0.565354883670807
2660,495.7,0.884399175643921
2661,495.9,0.971363306045532
2662,496.1,1.11331689357758
2663,496.3,1.15934646129608
2664,496.5,1.09732961654663
2665,496.7,1.02178502082825
2666,496.8,0.53750878572464
2667,497.0,1.23708713054657
2668,497.2,1.36683058738708
2669,497.4,1.37245261669159
2670,497.5,0.544009149074554
2671,497.7,0.977424442768097
2672,497.8,0.543833434581757
2673,498.0,0.976106822490692
2674,498.2,1.02758252620697
2675,498.3,0.544975399971008
2676,498.5,0.991303563117981
2677,498.7,0.959855914115906
2678,498.8,1.06184113025665
2679,499.0,0.533292353153229
2680,499.2,0.996486306190491
2681,499.4,1.06465208530426
2682,499.6,1.07528114318848
2683,499.8,1.14441323280334
2684,499.9,0.588984549045563
2685,500.1,1.10962760448456
2686,500.2,0.445801138877869
2687,500.4,1.00939917564392
2688,500.6,0.986033022403717
2689,500.7,0.481113851070404
2690,500.9,1.08819401264191
2691,501.1,1.15635979175568
2692,501.3,1.15829229354858
2693,501.5,1.09759306907654
2694,501.6,0.484539717435837
2695,501.7,0.97461348772049
2696,502.0,1.20414614677429
2697,502.2,1.13518977165222
2698,502.4,1.08757901191711
2699,502.6,1.14309561252594
2700,502.8,2.41637396812439
2701,503.0,5.23014736175537
2702,503.2,7.51502084732056
2703,503.3,2.86718201637268
2704,503.4,2.96038293838501
2705,503.7,1.34899854660034
2706,503.8,1.03821158409119
2707,504.0,3.04409694671631
2708,504.2,3.75456786155701
2709,504.3,1.70458543300629
2710,504.4,2.25184464454651
2711,504.7,1.39529168605804
2712,504.9,2.17146873474121
2713,505.1,3.38571667671204
2714,505.2,1.52916371822357
2715,505.4,2.70168662071228
2716,505.5,1.20335555076599
2717,505.8,1.42612433433533
2718,506.0,1.65108919143677
2719,506.1,0.914880514144897
2720,506.3,1.9575719833374
2721,506.4,0.826862275600433
2722,506.5,1.28083276748657
2723,506.8,1.68973994255066
2724,507.0,2.69869995117188
2725,507.2,3.12631773948669
2726,507.3,2.66795492172241
2727,507.5,0.730762481689453
2728,507.7,1.05086088180542
2729,507.9,1.34934997558594
2730,508.0,0.737438499927521
2731,508.2,2.42366480827332
2732,508.3,1.90635979175568
2733,508.5,0.631148993968964
2734,508.7,1.10216093063354
2735,508.9,1.39511597156525
2736,509.1,1.60339069366455
2737,509.3,1.53557622432709
2738,509.4,0.734276175498962
2739,509.6,0.988931834697723
2740,509.7,0.480762481689453
2741,509.9,1.15346097946167
2742,510.1,1.09759306907654
2743,510.3,1.09715390205383
2744,510.5,1.06131410598755
2745,510.7,0.872364699840546
2746,510.9,1.05138790607452
2747,511.1,1.1671644449234
2748,511.2,0.613843977451324
2749,511.4,1.11788475513458
2750,511.5,0.471802532672882
2751,511.7,1.02512300014496
2752,511.8,0.913299381732941
2753,512.0,0.448436409235001
2754,512.2,1.14845395088196
2755,512.4,1.03654253482819
2756,512.6,0.885804653167725
2757,512.8,1.01879835128784
2758,512.9,0.466268450021744
2759,513.1,1.10260009765625
2760,513.2,0.423137724399567
2761,513.4,1.0422523021698
2762,513.6,0.944659173488617
2763,513.7,0.449314832687378
2764,513.9,1.01976454257965
2765,514.1,0.972241759300232
2766,514.3,0.945010542869568
2767,514.4,0.484891086816788
2768,514.6,0.989634573459625
2769,514.8,1.10936403274536
2770,515.0,1.06342232227325
2771,515.2,1.20353126525879
2772,515.4,1.20423400402069
2773,515.5,0.469430774450302
2774,515.7,1.13413560390472
2775,515.9,0.938246667385101
2776,516.1,0.97584331035614
2777,516.3,1.07449054718018
2778,516.5,1.25562191009521
2779,516.6,0.54875260591507
2780,516.8,1.13044619560242
2781,516.9,1.12868940830231
2782,517.1,0.570625424385071
2783,517.3,1.18587493896484
2784,517.5,1.02758252620697
2785,517.6,0.520642995834351
2786,517.8,1.07844340801239
2787,518.0,1.10207307338715
2788,518.1,0.4898981153965
2789,518.3,1.06816589832306
2790,518.5,0.884662687778473
2791,518.7,1.23735070228577
2792,518.9,1.69685518741608
2793,519.1,1.78241395950317
2794,519.2,0.868323981761932
2795,519.4,1.62227690219879
2796,519.6,1.06693601608276
2797,519.8,1.12693250179291
2798,520.0,1.35971534252167
2799,520.2,1.57387566566467
2800,520.3,1.19202387332916
2801,520.5,0.539792716503143
2802,520.7,1.37798666954041
2803,520.9,2.32308506965637
2804,521.0,1.4186577796936
2805,521.2,3.02626490592957
2806,521.4,2.14810252189636
2807,521.5,0.679813802242279
2808,521.7,1.05086088180542
2809,521.8,0.652670443058014
2810,522.0,1.80059731006622
2811,522.2,2.03627896308899
2812,522.3,1.44316589832306
2813,522.6,1.10400557518005
2814,522.8,1.39204144477844
2815,523.0,1.63905477523804
2816,523.1,1.59996485710144
2817,523.3,0.608749151229858
2818,523.4,1.18798315525055
2819,523.7,1.03794801235199
2820,523.8,0.531974673271179
2821,524.0,1.22189033031464
2822,524.1,0.535400569438934
2823,524.3,0.971714675426483
2824,524.5,0.894149661064148
2825,524.7,1.02257549762726
2826,524.8,0.572382271289825
2827,525.0,1.13106119632721
2828,525.2,1.03671824932098
2829,525.3,0.520467340946198
2830,525.5,1.00773012638092
2831,525.7,0.890284597873688
2832,525.9,0.998331010341644
2833,526.1,1.10655307769775
2834,526.3,0.928408265113831
2835,526.5,0.968640208244324
2836,526.7,0.932185530662537
2837,526.9,0.938949406147003
2838,527.1,0.916461706161499
2839,527.3,0.956254363059998
2840,527.5,0.910049200057983
2841,527.7,0.866215765476227
2842,527.9,1.01888620853424
2843,528.1,0.960382997989655
2844,528.3,0.956957161426544
2845,528.5,0.905832767486572
2846,528.7,0.873243153095245
2847,528.9,1.03583979606628
2848,529.0,0.461437106132507
2849,529.1,1.07413911819458
2850,529.4,0.979357004165649
2851,529.6,1.00729095935822
2852,529.8,0.787684440612793
2853,530.0,0.947206616401672
2854,530.2,1.01098036766052
2855,530.3,0.948436379432678
2856,530.5,0.458011239767075
2857,530.7,1.08160579204559
2858,530.9,1.11481022834778
2859,531.0,0.531008422374725
2860,531.2,1.27503514289856
2861,531.3,0.438949406147003
2862,531.5,0.869465887546539
2863,531.7,0.92111736536026
2864,531.9,0.999912142753601
2865,532.1,1.00333797931671
2866,532.3,1.04348206520081
2867,532.5,1.01326417922974
2868,532.7,1.35005271434784
2869,532.9,1.55384755134583
2870,533.0,0.933239638805389
2871,533.2,1.95739638805389
2872,533.3,0.719782173633575
2873,533.4,1.02907586097717
2874,533.6,0.965741395950317
2875,533.9,1.28935348987579
2876,534.1,1.55850315093994
2877,534.2,0.612702012062073
2878,534.4,1.18692898750305
2879,534.5,0.701335191726685
2880,534.7,2.06632113456726
2881,534.9,5.11849975585938
2882,535.1,8.24077606201172
2883,535.2,7.20888948440552
2884,535.4,1.90258252620697
2885,535.5,1.64450109004974
2886,535.7,0.813598036766052
2887,535.9,3.18561148643494
2888,536.1,4.41892147064209
2889,536.2,2.30692195892334
2890,536.3,3.22320795059204
2891,536.5,0.776177108287811
2892,536.7,1.48647224903107
2893,536.9,2.70256495475769
2894,537.1,3.39854192733765
2895,537.2,1.69395637512207
2896,537.3,2.62210130691528
2897,537.5,0.727775812149048
2898,537.6,1.09697818756104
2899,537.9,1.44000351428986
2900,538.0,0.924631059169769
2901,538.2,1.91391432285309
2902,538.4,1.48357343673706
2903,538.6,1.05121219158173
2904,538.8,1.08169364929199
2905,539.0,1.32484185695648
2906,539.2,1.46047079563141
2907,539.3,0.787596642971039
2908,539.5,1.06298315525055
2909,539.7,0.963018298149109
2910,539.9,0.846275448799133
2911,540.1,0.93403023481369
2912,540.3,1.17542159557343
2913,540.5,1.0406711101532
2914,540.6,0.438861548900604
2915,540.8,1.02951514720917
2916,540.9,0.479357004165649
2917,541.1,1.07721364498138
2918,541.3,1.09407937526703
2919,541.5,0.904251575469971
2920,541.6,0.991479277610779
2921,541.9,0.912157416343689
2922,542.1,0.830463826656342
2923,542.3,0.899332404136658
2924,542.5,0.870783567428589
2925,542.6,0.53663033246994
2926,542.8,1.13562893867493
2927,543.0,1.10049188137054
2928,543.1,0.461173564195633
2929,543.3,1.03610324859619
2930,543.5,0.858661293983459
2931,543.6,0.942902326583862
2932,543.9,0.878952920436859
2933,544.0,0.435084342956543
2934,544.2,0.927178502082825
2935,544.4,0.940091371536255
2936,544.5,0.47496485710144
2937,544.7,0.917427957057953
2938,544.9,0.946064651012421
2939,545.1,0.940267026424408
2940,545.2,0.914441347122192
2941,545.4,0.400825709104538
2942,545.6,0.870959222316742
2943,545.7,0.916022479534149
2944,545.9,0.492533385753632
2945,546.1,0.923225581645966
2946,546.3,0.954146146774292
2947,546.5,1.00895988941193
2948,546.7,1.13360857963562
2949,546.8,0.664617002010345
2950,547.0,1.43034088611603
2951,547.1,0.681043565273285
2952,547.2,1.52828526496887
2953,547.4,0.958362638950348
2954,547.7,1.03803586959839
2955,547.8,0.543394207954407
2956,548.0,1.27073085308075
2957,548.1,1.10093116760254
2958,548.4,1.0851194858551
2959,548.5,0.669975399971008
2960,548.7,1.51300072669983
2961,548.9,5.95607852935791
2962,549.1,15.7806568145752
2963,549.2,17.8351192474365
2964,549.4,8.33819389343262
2965,549.6,2.04796195030212
2966,549.9,3.60286355018616
#"+ Scan (rt: 5.001-55.028 min, 8146 scans) BARLEYSTRAW_500_20231023.D "
#Point,X(Thompsons),Y(Counts)
0,10.2,4.84237670898438
1,10.3,2.34446358680725
2,10.5,4.82101631164551
3,10.6,2.20464038848877
4,10.8,4.94438982009888
5,10.9,2.35379338264465
6,11.1,4.75865459442139
7,11.3,4.94033861160278
8,11.4,2.54087901115417
9,11.6,4.2571816444397
10,11.8,4.86152696609497
11,12.0,26.2290687561035
12,12.1,50.8875503540039
13,12.3,15.4731159210205
14,12.6,4.89896869659424
15,12.8,6.50859308242798
16,13.0,14.6512403488159
17,13.1,18.3470420837402
18,13.3,2.64105081558228
19,14.2,7557.83349609375
20,14.9,7.05892467498779
21,15.1,126.266876220703
22,15.2,110.810707092285
23,15.4,2.63356256484985
24,16.1,4077.05615234375
25,17.1,7085.9638671875
26,18.2,29516.2734375
27,19.0,26.7960968017578
28,19.1,58.8202781677246
29,19.3,16.1764049530029
30,19.5,1.58679103851318
31,19.8,1.35084700584412
32,20.0,83.3114395141602
33,20.1,248.040756225586
34,20.3,12.5716915130615
35,20.6,0.797692120075226
36,20.8,2.57267379760742
37,20.9,1.83550202846527
38,21.1,3.95826172828674
39,21.3,3.74699234962463
40,21.5,3.76221466064453
41,21.7,3.89172601699829
42,21.9,7.71900320053101
43,22.1,13.6260738372803
44,22.2,10.1976432800293
45,22.4,4.64682054519653
46,22.7,3.89614534378052
47,22.8,1.98796951770782
48,23.0,3.85575747489929
49,23.2,3.78296089172363
50,23.3,1.90928065776825
51,23.5,4.02369260787964
52,23.7,3.97962188720703
53,23.9,5.79376363754272
54,24.1,7.97557067871094
55,24.3,7.29818296432495
56,24.4,4.48698759078979
57,24.7,4.43039512634277
58,24.9,9.64203262329102
59,25.0,9.27866458892822
60,25.2,20.2446594238281
61,25.3,11.5368280410767
62,25.5,2.29229068756104
63,25.7,2.72931504249573
64,25.9,13.9621896743774
65,26.1,102.931007385254
66,26.2,57.6711273193359
67,26.3,38.1859817504883
68,26.5,4.99287986755371
69,26.8,1.51387178897858
70,27.0,1.615394115448
71,28.1,286160.78125
72,29.0,32.9755706787109
73,29.1,2458.37084960938
74,29.9,14.0089616775513
75,30.1,94.523078918457
76,30.2,56.4042472839355
77,30.4,7.07414674758911
78,30.7,4.40964889526367
79,30.9,8.19555568695068
80,31.0,4.6919960975647
81,32.1,77705.7734375
82,32.9,8.29278182983398
83,33.1,48.3353805541992
84,33.2,27.884729385376
85,33.4,3.67714214324951
86,33.7,0.666093766689301
87,33.9,19.4220485687256
88,34.1,286.955444335938
89,34.2,82.8355026245117
90,34.4,0.827890992164612
91,34.7,1.59562981128693
92,34.9,12.5584335327148
93,35.1,24.1492748260498
94,35.2,13.6233730316162
95,35.4,2.6814386844635
96,35.7,1.44033885002136
97,35.9,28.8906211853027
98,36.1,177.656890869141
99,36.2,43.5396499633789
100,36.4,1.45813894271851
101,36.7,2.15148544311523
102,36.8,3.99705386161804
103,37.0,30.0910873413086
104,37.1,37.3704872131348
105,37.3,10.9222927093506
106,37.5,2.44070720672607
107,37.8,7.05290937423706
108,38.0,69.4686965942383
109,38.1,102.241470336914
110,38.3,15.1193227767944
111,38.5,1.45371961593628
112,38.7,0.707463800907135
113,38.9,13.4984045028687
114,39.1,207.441314697266
115,39.2,100.57218170166
116,39.4,0.0615025795996189
117,40.1,6819.7802734375
118,40.9,14.0087156295776
119,41.1,188.496932983398
120,41.2,114.374786376953
121,41.4,3.15050339698792
122,41.6,1.21397006511688
123,41.9,19.0229568481445
124,42.1,135.16584777832
125,42.2,73.5610122680664
126,42.4,4.51890516281128
127,42.6,0.316106051206589
128,42.8,2.06211638450623
129,43.0,89.1026306152344
130,43.1,313.968200683594
131,43.3,16.3853416442871
132,44.1,6441.62158203125
133,44.2,47.2062377929688
134,44.8,2.31892943382263
135,45.0,100.363616943359
136,45.1,163.108764648438
137,45.3,11.8238401412964
138,45.5,0.706358969211578
139,45.7,2.55008602142334
140,45.9,16.7573051452637
141,46.1,37.7446594238281
142,46.2,20.3526878356934
143,46.4,3.77620911598206
144,46.6,1.13724529743195
145,46.8,9.18340301513672
146,47.0,60.4397239685059
147,47.1,65.3466720581055
148,47.3,10.5200099945068
149,47.6,2.47409772872925
150,47.8,9.97139739990234
151,47.9,19.8143882751465
152,48.1,89.9241333007813
153,48.2,23.9959487915039
154,48.4,1.98121774196625
155,48.6,2.11772656440735
156,48.8,5.66953086853027
157,49.0,21.0959987640381
158,49.1,24.7780513763428
159,49.3,7.31377363204956
160,49.5,2.0735330581665
161,49.7,1.72845566272736
162,49.9,22.4625587463379
163,50.1,96.6049575805664
164,50.2,33.9458618164063
165,50.3,14.3256816864014
166,50.5,1.00957524776459
167,50.7,2.15529084205627
168,50.9,23.4914073944092
169,51.1,104.330963134766
170,51.2,54.2338562011719
171,51.4,2.85023331642151
172,51.6,1.79818320274353
173,51.8,6.53179454803467
174,52.0,37.314266204834
175,52.1,48.0475082397461
176,52.3,14.5739011764526
177,52.5,1.25865459442139
178,52.7,2.43088626861572
179,52.9,19.2266139984131
180,53.1,60.3006401062012
181,53.2,35.5624847412109
182,53.4,4.12447834014893
183,53.7,2.65664124488831
184,53.9,14.4354286193848
185,54.1,40.8116874694824
186,54.2,28.5337581634521
187,54.4,4.2701940536499
188,54.7,1.54051065444946
189,54.9,19.2261238098145
190,55.1,154.926712036133
191,55.2,85.7571792602539
192,55.4,4.57525157928467
193,55.7,1.79499137401581
194,55.9,15.4867420196533
195,56.1,65.4506530761719
196,56.2,46.588508605957
197,56.4,6.14682054519653
198,56.6,0.943407833576202
199,56.8,4.94733619689941
200,57.0,42.2714233398438
201,57.1,44.740608215332
202,57.2,58.0672721862793
203,57.4,7.33660697937012
204,57.6,1.4398478269577
205,57.8,6.08237171173096
206,58.0,19.5052795410156
207,58.1,23.7221946716309
208,58.3,6.61244773864746
209,58.4,4.59673452377319
210,58.6,1.35268843173981
211,58.8,6.04591226577759
212,59.0,25.7229309082031
213,59.1,18.3955307006836
214,59.2,21.2856616973877
215,59.4,3.50122761726379
216,59.6,1.07709300518036
217,59.8,7.54357957839966
218,60.0,45.5160827636719
219,60.1,33.4313774108887
220,60.2,33.4324836730957
221,60.4,3.34790086746216
222,60.6,1.0806530714035
223,60.8,6.91185855865479
224,61.0,26.8423767089844
225,61.1,17.901424407959
226,61.2,19.5017185211182
227,61.4,2.12902045249939
228,61.6,2.15958762168884
229,61.8,5.81144142150879
230,62.0,23.6644973754883
231,62.1,29.8413944244385
232,62.3,8.34863758087158
233,62.6,1.86287748813629
234,62.8,7.187331199646
235,63.0,46.8035850524902
236,63.1,67.936653137207
237,63.3,11.1307392120361
238,63.5,1.07021856307983
239,63.7,4.05757427215576
240,63.9,53.6428909301758
241,64.0,209.242202758789
242,64.2,32.6190757751465
243,64.4,1.12975692749023
244,64.6,1.26196908950806
245,64.8,5.6501350402832
246,65.0,58.7994117736816
247,65.1,191.134170532227
248,65.3,15.3719615936279
249,65.6,1.89479494094849
250,65.8,6.84384965896606
251,65.9,13.5772161483765
252,66.1,192.887435913086
253,66.2,82.8326797485352
254,66.4,3.43726992607117
255,66.7,2.04554390907288
256,66.9,18.7945003509521
257,67.1,73.9230270385742
258,67.2,46.226490020752
259,67.4,5.37097978591919
260,67.7,2.60974717140198
261,67.9,17.12668800354
262,68.1,44.6017684936523
263,68.2,18.8281364440918
264,68.3,14.3993368148804
265,68.6,2.34556841850281
266,68.8,7.37331199645996
267,69.0,48.0898590087891
268,69.1,42.9198379516602
269,69.2,48.6908912658691
270,69.4,6.774245262146
271,69.6,0.931991159915924
272,69.8,6.28971290588379
273,70.0,31.2035350799561
274,70.1,23.6257057189941
275,70.2,35.010311126709
276,70.4,5.30935430526733
277,70.5,2.66486620903015
278,70.8,5.65897369384766
279,71.0,28.2183895111084
280,71.1,24.4140682220459
281,71.2,30.9537200927734
282,71.4,6.0729193687439
283,71.7,2.8421311378479
284,71.9,8.42106533050537
285,72.1,14.4704151153564
286,72.2,10.0128898620605
287,72.4,2.57918000221252
288,72.7,1.0977166891098
289,72.9,22.6861038208008
290,73.1,317.223052978516
291,73.2,119.374420166016
292,73.4,1.40326535701752
293,73.6,1.09501600265503
294,73.8,6.20893669128418
295,74.0,44.1345443725586
296,74.1,56.662166595459
297,74.3,12.3192977905273
298,74.5,2.41296339035034
299,74.8,8.02320194244385
300,75.0,72.7690887451172
301,75.1,96.1273040771484
302,75.3,12.0921926498413
303,75.4,3.43530559539795
304,75.6,0.890866696834564
305,75.8,7.7251410484314
306,76.0,43.4808502197266
307,76.1,55.6020126342773
308,76.3,9.3819055557251
309,76.4,3.66597104072571
310,76.6,0.644979119300842
311,76.8,6.50356006622314
312,77.0,106.989685058594
313,77.1,166.493621826172
314,77.3,18.5795478820801
315,77.5,1.18745398521423
316,77.8,5.65394067764282
317,78.0,89.6824188232422
318,78.1,172.469192504883
319,78.3,20.5144863128662
320,78.5,1.47851705551147
321,78.7,0.746746897697449
322,78.9,43.5529098510742
323,79.1,299.7373046875
324,79.2,77.9841613769531
325,79.4,0.901792287826538
326,79.7,2.14326047897339
327,79.9,18.3054256439209
328,80.1,38.6788597106934
329,80.2,14.7559537887573
330,80.3,10.2579183578491
331,80.5,1.57856619358063
332,80.8,8.82752227783203
333,81.0,147.920333862305
334,81.1,177.204879760742
335,81.3,10.7316474914551
336,81.4,2.28603005409241
337,81.7,3.03916025161743
338,81.9,21.9938621520996
339,82.0,22.4226608276367
340,82.1,45.5966110229492
341,82.3,15.6503801345825
342,82.6,3.92597603797913
343,82.8,10.2638101577759
344,83.0,46.5705871582031
345,83.1,30.8293647766113
346,83.2,38.0185356140137
347,83.4,5.31131839752197
348,83.6,1.20071196556091
349,83.8,7.14817094802856
350,84.0,27.1966609954834
351,84.1,29.1482944488525
352,84.3,8.56579875946045
353,84.5,0.88018661737442
354,84.8,9.00110530853271
355,85.0,327.327026367188
356,85.1,249.531799316406
357,85.3,1.91713726520538
358,85.6,0.498281359672546
359,85.8,8.23005199432373
360,86.0,27.2236671447754
361,86.1,24.3911113739014
362,86.3,4.41063117980957
363,86.4,2.59403395652771
364,86.7,4.01620435714722
365,86.9,21.2415904998779
366,87.0,19.7043952941895
367,87.1,31.2070960998535
368,87.3,6.53093528747559
369,87.4,4.00908422470093
370,87.7,4.1020131111145
371,87.9,11.1416645050049
372,88.0,7.6485390663147
373,88.1,13.5623617172241
374,88.3,5.75067520141602
375,88.5,1.31819295883179
376,88.7,4.74711513519287
377,88.9,20.2018165588379
378,89.1,39.0875282287598
379,89.2,18.2158107757568
380,89.4,2.00945258140564
381,89.6,2.77363133430481
382,89.8,5.44966840744019
383,90.0,11.1001720428467
384,90.2,11.0238151550293
385,90.3,3.55536460876465
386,90.4,3.14203286170959
387,90.7,2.81905221939087
388,90.9,28.0525417327881
389,91.1,127.244781494141
390,91.2,66.4558029174805
391,91.4,4.67701959609985
392,91.6,0.920328974723816
393,91.8,6.30616235733032
394,92.0,28.4508953094482
395,92.2,40.6560287475586
396,92.3,14.1816844940186
397,92.5,1.17210900783539
398,92.7,2.96550464630127
399,92.9,15.048490524292
400,93.1,34.947582244873
401,93.2,20.9387435913086
402,93.4,2.62509202957153
403,93.6,1.72759640216827
404,93.8,6.84249925613403
405,94.0,90.6248474121094
406,94.1,669.255615234375
407,94.2,114.119812011719
408,94.4,2.2714216709137
409,94.6,1.69616985321045
410,94.8,5.87969541549683
411,95.0,46.1156387329102
412,95.1,76.6918716430664
413,95.3,14.4155416488647
414,95.6,2.47532534599304
415,95.8,11.4926347732544
416,96.0,108.172355651855
417,96.1,256.264190673828
418,96.3,19.6678123474121
419,96.6,4.72845554351807
420,96.8,17.9831809997559
421,96.9,18.3718395233154
422,97.1,45.6358947753906
423,97.2,32.9021606445313
424,97.4,5.12067270278931
425,97.6,3.69788861274719
426,97.8,7.09427928924561
427,98.0,19.4669780731201
428,98.1,12.9990177154541
429,98.2,18.9432849884033
430,98.4,3.73410272598267
431,98.5,2.48195433616638
432,98.7,1.81303703784943
433,98.9,9.12398719787598
434,99.1,15.033881187439
435,99.2,12.4335870742798
436,99.4,2.15209913253784
437,99.6,2.42744898796082
438,99.8,3.84470915794373
439,100.0,7.55192708969116
440,100.2,7.20721817016602
441,100.3,4.23692607879639
442,100.6,2.49300265312195
443,100.8,5.02553415298462
444,101.0,9.73643493652344
445,101.2,9.44095230102539
446,101.3,2.71691632270813
447,101.4,2.9516327381134
448,101.7,3.673091173172
449,101.9,17.107292175293
450,102.1,25.3054256439209
451,102.2,9.31070423126221
452,102.3,6.45985746383667
453,102.6,2.03670501708984
454,102.8,9.29548263549805
455,103.0,82.7841873168945
456,103.1,103.822242736816
457,103.3,11.4431619644165
458,103.6,2.61318445205688
459,103.8,10.2945003509521
460,104.0,46.7140922546387
461,104.1,55.4357948303223
462,104.3,12.2665109634399
463,104.6,2.33857107162476
464,104.7,2.33599305152893
465,104.9,28.8341522216797
466,105.0,38.0894927978516
467,105.1,64.1867141723633
468,105.3,15.4497909545898
469,105.6,2.19629263877869
470,105.8,6.39098930358887
471,106.0,21.391357421875
472,106.1,14.2355756759644
473,106.2,20.3126678466797
474,106.4,3.95077347755432
475,106.6,1.24957036972046
476,106.8,7.31696557998657
477,107.0,21.1362628936768
478,107.2,27.2834510803223
479,107.3,11.1028728485107
480,107.6,2.11146569252014
481,107.8,5.62865209579468
482,108.0,15.2020626068115
483,108.1,8.65173053741455
484,108.2,13.1264419555664
485,108.4,3.9752025604248
486,108.7,3.19113683700562
487,108.9,10.2462558746338
488,109.1,18.6492748260498
489,109.2,14.9783945083618
490,109.4,4.33132839202881
491,109.7,2.94991397857666
492,109.9,10.8679103851318
493,110.1,19.0117855072021
494,110.2,8.51730918884277
495,110.3,8.06101131439209
496,110.5,1.22170388698578
497,110.7,3.17223167419434
498,110.9,9.26552867889404
499,111.1,16.9948444366455
500,111.2,13.922661781311
501,111.4,4.3364839553833
502,111.6,1.58200347423553
503,111.8,5.01559066772461
504,111.9,5.62828397750854
505,112.1,15.5357227325439
506,112.2,11.7144613265991
507,112.4,3.92462563514709
508,112.6,1.34434080123901
509,112.8,4.46808242797852
510,113.0,11.1270561218262
511,113.2,12.2798919677734
512,113.3,5.90338802337646
513,113.6,1.90510678291321
514,113.8,3.151362657547
515,114.0,6.09378814697266
516,114.2,6.356125831604
517,114.3,3.45568370819092
518,114.6,1.85624849796295
519,114.8,9.18168449401855
520,115.0,47.187084197998
521,115.1,51.2352066040039
522,115.3,11.7134790420532
523,115.5,1.22354531288147
524,115.7,2.27093052864075
525,115.9,10.2876262664795
526,116.0,8.82420825958252
527,116.2,15.4382514953613
528,116.3,4.37822246551514
529,116.4,3.07279658317566
530,116.7,3.0707094669342
531,116.9,17.5137481689453
532,117.1,40.7665100097656
533,117.2,24.5300769805908
534,117.4,2.77854156494141
535,117.6,2.27228093147278
536,117.8,6.09477043151855
537,117.9,8.12349605560303
538,118.1,26.2830829620361
539,118.2,19.6956787109375
540,118.4,3.88681554794312
541,118.7,3.75116610527039
542,118.9,23.9031429290771
543,119.1,79.9176254272461
544,119.2,26.2150745391846
545,119.4,3.76884365081787
546,119.7,2.65774607658386
547,119.8,3.99472141265869
548,120.0,16.6620426177979
549,120.2,17.0971031188965
550,120.3,6.4876012802124
551,120.6,2.5964891910553
552,120.8,7.18278932571411
553,120.9,7.46783685684204
554,121.1,21.9279403686523
555,121.2,14.4488096237183
556,121.4,3.52602505683899
557,121.7,3.36275482177734
558,121.9,12.601767539978
559,122.1,23.4736061096191
560,122.2,16.0367050170898
561,122.4,2.88706111907959
562,122.6,2.10201334953308
563,122.8,4.66265630722046
564,123.0,11.6190767288208
565,123.2,12.351583480835
566,123.3,6.34286785125732
567,123.6,2.32433104515076
568,123.7,1.3368524312973
569,123.9,6.3685245513916
570,124.1,9.72170352935791
571,124.2,4.41234970092773
572,124.3,5.35391616821289
573,124.6,2.44684505462646
574,124.8,6.7251410484314
575,124.9,7.12239122390747
576,125.1,17.1478023529053
577,125.2,11.8588266372681
578,125.4,3.08998274803162
579,125.6,3.49521231651306
580,125.8,6.615394115448
581,125.9,5.66940832138062
582,126.1,14.2785415649414
583,126.2,6.21176052093506
584,126.3,7.46955537796021
585,126.6,3.43481469154358
586,126.8,5.83169651031494
587,127.0,11.3870611190796
588,127.1,6.68119335174561
589,127.2,9.361159324646
590,127.4,2.02774357795715
591,127.6,2.36533260345459
592,127.7,2.17787861824036
593,127.9,13.8438501358032
594,128.1,27.7836971282959
595,128.2,19.7967109680176
596,128.4,4.30714464187622
597,128.6,1.435182929039
598,128.8,9.00982093811035
599,128.9,12.4436531066895
600,129.1,30.9399700164795
601,129.2,18.5929298400879
602,129.4,3.60520505905151
603,129.7,2.22636866569519
604,129.9,8.28873062133789
605,130.1,12.0465259552002
606,130.2,6.19420576095581
607,130.3,5.74306392669678
608,130.5,1.1054505109787
609,130.7,4.21777582168579
610,130.8,5.48931980133057
611,131.0,22.1671981811523
612,131.1,22.4419345855713
613,131.3,7.46255826950073
614,131.6,2.68855881690979
615,131.8,6.78774881362915
616,132.0,19.4587535858154
617,132.1,11.0712003707886
618,132.2,12.2554626464844
619,132.4,1.82813656330109
620,132.6,2.46943283081055
621,132.8,11.1834030151367
622,133.0,125.365699768066
623,133.1,160.874176025391
624,133.3,11.1469430923462
625,133.5,1.17419588565826
626,133.7,4.20120286941528
627,133.9,17.7110233306885
628,134.0,17.6849994659424
629,134.1,28.800760269165
630,134.3,8.05327796936035
631,134.5,2.72170400619507
632,134.8,9.40694808959961
633,135.0,43.5198860168457
634,135.1,49.7619705200195
635,135.3,11.7317705154419
636,135.5,1.50797939300537
637,135.7,2.85232019424438
638,135.9,8.0455436706543
639,136.1,12.7492017745972
640,136.2,9.49337100982666
641,136.4,3.10262703895569
642,136.7,4.77080774307251
643,136.9,21.3882884979248
644,137.1,40.7798919677734
645,137.2,22.8353786468506
646,137.4,2.4252393245697
647,137.6,1.84483182430267
648,137.8,4.00073671340942
649,137.9,3.49582624435425
650,138.1,9.60508251190186
651,138.2,4.2577953338623
652,138.3,4.89160346984863
653,138.6,2.49656271934509
654,138.8,8.1832799911499
655,139.0,36.9747123718262
656,139.1,38.5569610595703
657,139.3,8.76724815368652
658,139.6,2.06481719017029
659,139.8,4.59698009490967
660,139.9,4.51534509658813
661,140.1,11.3780994415283
662,140.2,7.63933229446411
663,140.4,2.93076348304749
664,140.7,3.5328996181488
665,140.8,4.22956037521362
666,141.0,17.4139461517334
667,141.2,17.3831329345703
668,141.3,5.78173351287842
669,141.4,3.66216540336609
670,141.7,2.69911623001099
671,141.9,7.24760627746582
672,142.1,11.099925994873
673,142.2,8.64866161346436
674,142.4,2.91505026817322
675,142.7,2.52835750579834
676,142.9,7.42929029464722
677,143.1,10.1421556472778
678,143.2,8.08224868774414
679,143.4,2.72145843505859
680,143.7,2.46378588676453
681,143.8,2.61784934997559
682,144.0,7.17075872421265
683,144.2,7.94218015670776
684,144.3,2.86840176582336
685,144.4,2.35489821434021
686,144.6,1.14092803001404
687,144.8,5.72538661956787
688,144.9,5.77289485931396
689,145.1,15.145224571228
690,145.2,11.0009822845459
691,145.4,2.1889271736145
692,145.6,2.3309600353241
693,145.8,4.92143392562866
694,146.0,9.87036609649658
695,146.1,9.84102630615234
696,146.3,2.55683779716492
697,146.4,2.23250675201416
698,146.7,3.54051065444946
699,146.9,36.2974472045898
700,147.1,101.747848510742
701,147.2,36.2476043701172
702,147.4,3.00699734687805
703,147.6,1.69862508773804
704,147.8,7.57206010818481
705,148.0,19.8179473876953
706,148.1,20.530689239502
707,148.3,6.96194458007813
708,148.6,2.47348380088806
709,148.8,9.77854156494141
710,149.0,36.6799659729004
711,149.1,21.8551445007324
712,149.2,19.8369750976563
713,149.4,3.46636390686035
714,149.7,2.39896893501282
715,149.9,7.56751775741577
716,150.1,10.9707832336426
717,150.2,8.04603481292725
718,150.4,2.64276957511902
719,150.7,3.39798665046692
720,150.9,11.3202800750732
721,151.1,19.5082244873047
722,151.2,12.5574512481689
723,151.4,3.35293388366699
724,151.6,1.00294625759125
725,151.8,4.70562219619751
726,152.0,12.7043943405151
727,152.2,14.7689666748047
728,152.3,7.17247724533081
729,152.5,1.25374412536621
730,152.7,3.54763078689575
731,152.9,14.7002210617065
732,153.1,28.6837711334229
733,153.2,17.8960227966309
734,153.4,2.01951885223389
735,153.6,1.97925364971161
736,153.8,5.9047384262085
737,154.0,15.8600540161133
738,154.1,8.85649394989014
739,154.2,14.2989196777344
740,154.4,3.86717414855957
741,154.6,1.723299741745
742,154.8,9.06862258911133
743,155.0,28.2440452575684
744,155.1,28.9948444366455
745,155.3,8.80395317077637
746,155.5,1.30910873413086
747,155.7,3.04934930801392
748,155.9,6.45568370819092
749,156.0,4.69027757644653
750,156.2,8.98514652252197
751,156.3,5.0207462310791
752,156.5,0.957647919654846
753,156.7,2.56088876724243
754,156.9,6.39295339584351
755,157.1,8.19936180114746
756,157.2,6.9813404083252
757,157.4,2.65111708641052
758,157.7,2.49054741859436
759,157.9,4.92855405807495
760,158.1,7.0403881072998
761,158.2,2.60815119743347
762,158.3,3.64313769340515
763,158.5,1.1985023021698
764,158.7,5.47201061248779
765,158.9,23.4979133605957
766,159.1,36.7126197814941
767,159.2,15.9426708221436
768,159.4,2.33918476104736
769,159.7,2.50392842292786
770,159.9,6.12656497955322
771,160.1,7.97778034210205
772,160.2,5.97508001327515
773,160.4,2.19445133209229
774,160.7,3.98870611190796
775,160.9,20.884973526001
776,161.0,15.6247234344482
777,161.1,18.7282104492188
778,161.3,3.86545538902283
779,161.6,2.06015229225159
780,161.8,5.46734571456909
781,162.0,11.7823467254639
782,162.1,10.3866930007935
783,162.3,3.57328748703003
784,162.5,1.08936905860901
785,162.7,6.31733369827271
786,162.9,37.4822006225586
787,163.0,76.5503311157227
788,163.2,12.6243553161621
789,163.3,5.84790086746216
790,163.5,1.35305666923523
791,163.7,3.83513379096985
792,163.9,10.382396697998
793,164.1,13.704026222229
794,164.2,4.62865209579468
795,164.3,4.15860557556152
796,164.6,2.15025782585144
797,164.8,8.95200061798096
798,164.9,12.2466239929199
799,165.1,34.1042213439941
800,165.2,13.518045425415
801,165.4,1.91173577308655
802,165.6,1.85612571239471
803,165.8,4.12312793731689
804,166.0,9.07034111022949
805,166.1,4.60274982452393
806,166.2,7.23852205276489
807,166.4,1.64362871646881
808,166.6,1.96034860610962
809,166.8,4.13896369934082
810,167.0,8.28124237060547
811,167.2,8.34741020202637
812,167.3,4.35305690765381
813,167.6,1.78050577640533
814,167.8,3.55781984329224
815,167.9,2.84876012802124
816,168.1,7.89884614944458
817,168.2,3.40842127799988
818,168.3,4.19813394546509
819,168.5,1.11171126365662
820,168.7,2.33893942832947
821,168.9,5.42597579956055
822,169.0,3.40584325790405
823,169.2,6.68045663833618
824,169.3,2.48686480522156
825,169.4,2.50417375564575
826,169.7,2.30174326896667
827,169.9,4.10581874847412
828,170.0,2.76773881912231
829,170.2,5.44966840744019
830,170.3,2.46574997901917
831,170.4,2.49300265312195
832,170.7,2.07414674758911
833,170.9,4.64301490783691
834,171.1,7.28787136077881
835,171.2,3.15467715263367
836,171.3,4.06629037857056
837,171.6,2.03019881248474
838,171.8,2.86373686790466
839,172.0,4.79842853546143
840,172.2,4.6662163734436
841,172.3,3.40952610969543
842,172.6,1.8328013420105
843,172.8,2.74883389472961
844,172.9,2.12116384506226
845,173.1,4.88890266418457
846,173.2,2.485759973526
847,173.3,3.02430629730225
848,173.5,1.0052787065506
849,173.7,1.82813656330109
850,173.9,3.46280384063721
851,174.1,4.25509452819824
852,174.2,2.20721817016602
853,174.3,2.91185855865479
854,174.5,0.971519768238068
855,174.7,2.55880188941956
856,174.9,6.08985996246338
857,175.0,4.52577972412109
858,175.2,6.87024307250977
859,175.3,3.4847776889801
860,175.6,1.9593665599823
861,175.7,1.85428428649902
862,175.9,12.7345933914185
863,176.1,17.8409042358398
864,176.2,7.42622137069702
865,176.4,2.42474842071533
866,176.6,1.14571571350098
867,176.8,8.73434829711914
868,177.0,78.0310592651367
869,177.1,48.9241333007813
870,177.3,4.94537210464478
871,177.6,1.97360670566559
872,177.8,6.64215564727783
873,178.0,23.2531299591064
874,178.1,20.0202560424805
875,178.3,5.7137246131897
876,178.6,2.27719116210938
877,178.8,9.18438529968262
878,179.0,27.5628528594971
879,179.1,16.0515594482422
880,179.2,12.7251415252686
881,179.4,1.75018417835236
882,179.6,2.06383490562439
883,179.8,4.71789836883545
884,180.0,9.66302490234375
885,180.1,5.2468695640564
886,180.2,7.67689657211304
887,180.4,2.61379814147949
888,180.7,3.22845578193665
889,180.9,8.04063320159912
890,181.1,13.4248714447021
891,181.2,8.51522254943848
892,181.4,2.71311068534851
893,181.7,1.97827160358429
894,181.9,5.24355506896973
895,182.0,3.6842622756958
896,182.2,8.1397008895874
897,182.3,4.47446584701538
898,182.6,2.23299789428711
899,182.8,2.72415900230408
900,182.9,1.95187819004059
901,183.1,5.06506252288818
902,183.2,2.50233244895935
903,183.3,2.81254601478577
904,183.5,1.92855393886566
905,183.8,2.06002950668335
906,184.0,3.66130614280701
907,184.2,3.50982069969177
908,184.4,2.96845078468323
909,184.5,0.812177777290344
910,184.7,2.2627055644989
911,184.9,5.44021606445313
912,185.1,6.65332698822021
913,185.2,5.2096734046936
914,185.4,2.47372937202454
915,185.7,1.90940344333649
916,185.9,2.95077347755432
917,186.1,4.06800889968872
918,186.2,3.38571071624756
919,186.4,1.13675427436829
920,186.6,2.05241847038269
921,186.8,3.6532039642334
922,187.0,5.88914823532104
923,187.2,4.94009351730347
924,187.3,2.87711763381958
925,187.6,1.82077097892761
926,187.8,2.25006127357483
927,188.0,2.89909148216248
928,188.2,3.30702185630798
929,188.3,2.47741222381592
930,188.6,1.91848754882813
931,188.8,5.71188306808472
932,189.0,15.3010063171387
933,189.1,7.09538412094116
934,189.2,8.32089328765869
935,189.4,1.26712501049042
936,189.6,1.62447822093964
937,189.8,3.67444133758545
938,190.0,6.83697509765625
939,190.1,6.68512153625488
940,190.3,2.43776082992554
941,190.5,0.830714464187622
942,190.7,4.32543563842773
943,190.9,32.8686485290527
944,191.1,315.307403564453
945,191.2,14.3838691711426
946,191.3,6.24073171615601
947,191.5,0.771544337272644
948,191.7,3.1954333782196
949,191.9,18.3424987792969
950,192.0,32.1096229553223
951,192.1,39.4230308532715
952,192.3,4.90252876281738
953,192.6,2.70746374130249
954,192.8,13.9236431121826
955,193.0,121.86287689209
956,193.1,120.060646057129
957,193.3,8.90351104736328
958,193.6,1.68880426883698
959,193.8,8.06088924407959
960,194.0,26.4542102813721
961,194.1,25.6789836883545
962,194.3,5.59501600265503
963,194.6,2.27154421806335
964,194.8,7.27399969100952
965,195.0,21.1198139190674
966,195.1,17.5499629974365
967,195.3,3.85281109809875
968,195.4,2.71347904205322
969,195.6,0.820157110691071
970,195.8,3.2608642578125
971,196.0,5.97557067871094
972,196.2,6.46660947799683
973,196.3,3.48981094360352
974,196.6,2.05192732810974
975,196.8,4.84507751464844
976,197.0,18.4538421630859
977,197.1,74.4175033569336
978,197.3,5.36201810836792
979,197.4,2.58605456352234
980,197.7,1.67358207702637
981,197.8,1.72501838207245
982,198.0,7.38792037963867
983,198.2,11.2902040481567
984,198.3,5.07120037078857
985,198.6,1.80272531509399
986,198.7,1.3545298576355
987,198.9,3.73508477210999
988,199.1,5.07206010818481
989,199.2,4.22415924072266
990,199.4,1.0759881734848
991,199.6,2.17996573448181
992,199.8,2.8452000617981
993,200.0,4.7701940536499
994,200.1,2.64313769340515
995,200.2,3.95998024940491
996,200.4,0.953842401504517
997,200.6,1.85023319721222
998,200.7,1.33709800243378
999,200.9,4.29744672775269
1000,201.0,5.33611583709717
1001,201.2,3.56530809402466
1002,201.4,2.3297324180603
1003,201.7,1.8021115064621
1004,201.9,3.28357481956482
1005,202.1,4.30714464187622
1006,202.2,3.44721341133118
1007,202.4,2.20586800575256
1008,202.7,2.87024307250977
1009,202.9,7.68647193908691
1010,203.1,10.5025777816772
1011,203.2,6.19003200531006
1012,203.4,1.19739747047424
1013,203.6,1.85170638561249
1014,203.8,2.88828873634338
1015,203.9,2.16683030128479
1016,204.1,4.3762583732605
1017,204.3,3.69346928596497
1018,204.4,1.76466977596283
1019,204.7,2.75104355812073
1020,204.9,8.85035610198975
1021,205.1,14.9386205673218
1022,205.2,8.89504051208496
1023,205.4,2.5387921333313
1024,205.7,2.17873811721802
1025,205.9,5.22686004638672
1026,206.1,6.3250675201416
1027,206.2,3.09612083435059
1028,206.4,1.02958512306213
1029,206.6,0.388902515172958
1030,206.8,6.70525407791138
1031,207.0,239.174682617188
1032,207.1,3275.4228515625
1033,207.3,8.35894870758057
1034,207.5,0.264547020196915
1035,207.7,1.65553641319275
1036,207.9,27.354284286499
1037,208.1,688.479248046875
1038,208.2,41.8370971679688
1039,208.4,2.00847029685974
1040,208.6,1.81892955303192
1041,208.8,9.63479042053223
1042,209.0,104.817581176758
1043,209.1,369.150390625
1044,209.3,9.12852954864502
1045,209.6,1.43702435493469
1046,209.8,4.80751276016235
1047,210.0,30.5844593048096
1048,210.1,46.2678604125977
1049,210.3,4.97029209136963
1050,210.5,0.834274470806122
1051,210.7,4.63859558105469
1052,210.9,22.6487846374512
1053,211.1,46.4015464782715
1054,211.2,20.6474342346191
1055,211.4,1.85379326343536
1056,211.6,1.60164499282837
1057,211.8,4.21544313430786
1058,212.0,12.421311378479
1059,212.1,11.2635650634766
1060,212.2,15.6342992782593
1061,212.4,2.06076598167419
1062,212.6,2.23778533935547
1063,212.7,1.84372699260712
1064,212.9,11.2738771438599
1065,213.1,20.5585556030273
1066,213.2,13.6762828826904
1067,213.4,3.44905471801758
1068,213.7,1.9522465467453
1069,213.9,3.65443158149719
1070,214.1,4.85845804214478
1071,214.3,4.06408071517944
1072,214.5,2.51411724090576
1073,214.7,4.26037311553955
1074,214.8,6.1635160446167
1075,215.0,20.4930019378662
1076,215.1,19.175422668457
1077,215.3,6.00159597396851
1078,215.6,1.80837225914001
1079,215.8,3.50969791412354
1080,215.9,2.48919725418091
1081,216.1,5.42082023620605
1082,216.2,4.52320146560669
1083,216.4,0.951264441013336
1084,216.6,1.94193470478058
1085,216.8,4.69138240814209
1086,217.0,6.38853406906128
1087,217.2,6.10913324356079
1088,217.3,3.08985996246338
1089,217.5,1.02234220504761
1090,217.7,2.8232262134552
1091,217.9,4.73962688446045
1092,218.0,3.20451760292053
1093,218.2,5.51571321487427
1094,218.3,2.8498649597168
1095,218.6,2.2531304359436
1096,218.8,4.95175552368164
1097,219.0,9.51080322265625
1098,219.1,7.99300289154053
1099,219.3,2.2949914932251
1100,219.5,1.61220228672028
1101,219.7,3.39688181877136
1102,219.9,7.58188056945801
1103,220.0,4.65455436706543
1104,220.1,7.77927827835083
1105,220.3,1.86312305927277
1106,220.4,2.13945484161377
1107,220.7,3.165602684021
1108,220.9,18.7857837677002
1109,221.1,48.5057678222656
1110,221.2,32.2683525085449
1111,221.4,3.81033635139465
1112,221.7,2.41210412979126
1113,221.9,7.69739770889282
1114,222.1,13.9996318817139
1115,222.2,5.80554866790771
1116,222.3,5.82433080673218
1117,222.6,2.48011302947998
1118,222.8,6.66388416290283
1119,223.0,14.8939352035522
1120,223.1,8.35293388366699
1121,223.2,10.4874782562256
1122,223.4,1.62386453151703
1123,223.6,1.62791550159454
1124,223.8,3.09084224700928
1125,224.0,4.60643243789673
1126,224.2,4.31733369827271
1127,224.3,2.73790812492371
1128,224.6,1.95973479747772
1129,224.8,6.43088626861572
1130,225.0,19.1503810882568
1131,225.1,11.6169900894165
1132,225.2,13.7735080718994
1133,225.4,2.78995823860168
1134,225.7,2.08188056945801
1135,225.9,4.70537710189819
1136,226.0,3.21630239486694
1137,226.2,5.94709062576294
1138,226.3,2.35096979141235
1139,226.4,2.05192732810974
1140,226.7,2.22538661956787
1141,226.8,1.79081761837006
1142,227.0,6.86410522460938
1143,227.1,4.14596128463745
1144,227.3,6.90191507339478
1145,227.4,1.90608882904053
1146,227.6,1.98367297649384
1147,227.8,2.22735095024109
1148,228.0,3.49975442886353
1149,228.2,4.2795238494873
1150,228.3,2.83979868888855
1151,228.5,0.874416887760162
1152,228.7,1.95126438140869
1153,228.9,4.67039060592651
1154,229.1,5.53289937973022
1155,229.2,4.58531808853149
1156,229.4,2.05045413970947
1157,229.7,1.90412473678589
1158,229.8,1.67751038074493
1159,230.0,4.46022605895996
1160,230.1,1.97532534599304
1161,230.2,3.66916275024414
1162,230.4,2.03081274032593
1163,230.7,2.05917024612427
1164,230.9,3.1436288356781
1165,231.1,3.90338826179504
1166,231.3,3.37269830703735
1167,231.5,1.88325560092926
1168,231.6,0.784188568592072
1169,231.8,1.8452000617981
1170,232.0,2.87453961372375
1171,232.1,2.81671977043152
1172,232.3,2.14559292793274
1173,232.6,2.08445858955383
1174,232.8,6.35772180557251
1175,233.0,11.2968330383301
1176,233.2,10.0764789581299
1177,233.3,3.86791062355042
1178,233.5,0.809722542762756
1179,233.7,2.13920950889587
1180,233.8,1.60986983776093
1181,234.0,3.88227343559265
1182,234.2,4.44807291030884
1183,234.3,2.50834774971008
1184,234.5,0.917628288269043
1185,234.7,3.29229068756104
1186,234.9,7.18450784683228
1187,235.1,9.5444393157959
1188,235.2,4.98563718795776
1189,235.5,1.87331199645996
1190,235.6,1.02037811279297
1191,235.8,2.56985020637512
1192,236.0,4.84998750686646
1193,236.2,4.05978393554688
1194,236.3,2.12717890739441
1195,236.6,2.09084224700928
1196,236.7,1.81303703784943
1197,236.9,6.28308391571045
1198,237.1,7.15222215652466
1199,237.2,4.4885835647583
1200,237.4,1.74245023727417
1201,237.7,1.97287011146545
1202,237.8,1.35723054409027
1203,238.0,3.68057942390442
1204,238.1,1.97299289703369
1205,238.3,2.88509702682495
1206,238.4,0.88681560754776
1207,238.6,1.76356494426727
1208,238.8,2.9035108089447
1209,238.9,1.97422051429749
1210,239.1,4.18463039398193
1211,239.2,1.61183404922485
1212,239.3,2.43334150314331
1213,239.6,1.66683030128479
1214,239.7,0.869015455245972
1215,239.9,2.32298064231873
1216,240.1,2.33513379096985
1217,240.3,2.129634141922
1218,240.4,0.806653559207916
1219,240.5,1.73533022403717
1220,240.7,1.09489321708679
1221,240.9,2.52185130119324
1222,241.1,2.77854156494141
1223,241.3,2.52430629730225
1224,241.4,1.66548001766205
1225,241.7,1.51509940624237
1226,241.8,0.751780033111572
1227,242.0,2.29204511642456
1228,242.2,1.93972504138947
1229,242.4,1.8185613155365
1230,242.5,0.84004420042038
1231,242.7,1.70930516719818
1232,242.9,2.21777558326721
1233,243.1,2.93039536476135
1234,243.3,2.56899094581604
1235,243.4,0.932482182979584
1236,243.6,1.60692369937897
1237,243.7,0.747237920761108
1238,243.9,2.31610608100891
1239,244.1,2.89184880256653
1240,244.2,1.27387678623199
1241,244.3,1.7568131685257
1242,244.6,1.67591452598572
1243,244.8,2.05561017990112
1244,245.0,2.32948684692383
1245,245.2,2.37232995033264
1246,245.4,1.76675665378571
1247,245.5,0.84900563955307
1248,245.7,1.78873062133789
1249,245.9,2.27093052864075
1250,246.1,2.76516079902649
1251,246.2,1.36889266967773
1252,246.4,2.07365584373474
1253,246.5,0.780137479305267
1254,246.7,1.62509202957153
1255,246.8,1.26552903652191
1256,247.0,2.76663398742676
1257,247.1,2.6312301158905
1258,247.4,1.8368524312973
1259,247.6,1.79351830482483
1260,247.8,3.36545538902283
1261,248.0,4.35232019424438
1262,248.1,3.85391592979431
1263,248.4,2.13785910606384
1264,248.6,2.81549215316772
1265,248.8,7.91296339035034
1266,249.0,33.6381034851074
1267,249.1,16.2522716522217
1268,249.2,9.01509952545166
1269,249.5,1.9634176492691
1270,249.7,3.61551690101624
1271,249.9,10.5023326873779
1272,250.1,14.9879693984985
1273,250.2,5.83169651031494
1274,250.5,2.0812668800354
1275,250.7,3.75214838981628
1276,250.9,15.0143632888794
1277,251.1,27.0084705352783
1278,251.2,5.68082475662231
1279,251.3,3.69285535812378
1280,251.5,0.587527632713318
1281,251.7,3.72538661956787
1282,251.9,8.30419826507568
1283,252.1,10.6943283081055
1284,252.2,5.1060643196106
1285,252.5,1.85047876834869
1286,252.7,3.30861783027649
1287,252.9,8.92487144470215
1288,253.0,6.51522207260132
1289,253.1,10.0530319213867
1290,253.3,3.18745398521423
1291,253.6,1.59194695949554
1292,253.8,2.485759973526
1293,253.9,2.35723042488098
1294,254.1,4.23925876617432
1295,254.3,2.862877368927
1296,254.5,1.69310092926025
1297,254.6,0.878836214542389
1298,254.8,2.97728943824768
1299,255.0,4.34041261672974
1300,255.1,2.53056716918945
1301,255.2,3.56849980354309
1302,255.4,1.05855631828308
1303,255.6,1.43309605121613
1304,255.8,2.13810467720032
1305,256.0,2.16523456573486
1306,256.2,2.27031660079956
1307,256.4,1.95114171504974
1308,256.6,1.83010065555573
1309,256.8,2.24159097671509
1310,257.0,2.56199359893799
1311,257.2,2.74024057388306
1312,257.4,1.82347166538239
1313,257.5,0.911122024059296
1314,257.7,1.65209913253784
1315,257.9,1.98269093036652
1316,258.1,1.91713726520538
1317,258.2,1.97802603244781
1318,258.5,1.70549964904785
1319,258.6,0.76110976934433
1320,258.8,1.79634177684784
1321,258.9,1.01595878601074
1322,259.1,2.20378088951111
1323,259.2,2.0424747467041
1324,259.5,1.4888288974762
1325,259.7,1.42118835449219
1326,259.9,1.971151471138
1327,260.0,1.00270068645477
1328,260.1,2.29057216644287
1329,260.4,2.15713238716125
1330,260.6,1.56813156604767
1331,260.8,1.80739009380341
1332,261.0,2.02283334732056
1333,261.2,1.90326535701752
1334,261.3,1.79818320274353
1335,261.5,0.646575033664703
1336,261.6,1.67873799800873
1337,261.8,0.844095289707184
1338,262.0,2.06714963912964
1339,262.2,1.85845816135406
1340,262.4,1.5654308795929
1341,262.5,0.66327029466629
1342,262.7,1.83869385719299
1343,262.9,2.53842377662659
1344,263.1,2.62595129013062
1345,263.3,2.13540387153625
1346,263.4,0.739013016223907
1347,263.6,1.35944020748138
1348,263.8,1.72575497627258
1349,264.0,1.83979868888855
1350,264.2,1.91971516609192
1351,264.4,1.64632952213287
1352,264.6,1.97078323364258
1353,264.8,7.7618465423584
1354,265.0,29.971643447876
1355,265.1,33.1414184570313
1356,265.3,4.44242572784424
1357,265.6,2.01853680610657
1358,265.7,1.44279396533966
1359,265.9,6.09968090057373
1360,266.0,10.8384485244751
1361,266.2,5.76638841629028
1362,266.4,0.995212376117706
1363,266.6,2.99398469924927
1364,266.8,15.7509202957153
1365,267.0,88.2575531005859
1366,267.1,62.6848754882813
1367,267.3,5.62607431411743
1368,267.4,2.15209913253784
1369,267.7,3.42106556892395
1370,267.9,13.9550695419312
1371,268.1,24.6853675842285
1372,268.2,6.41161298751831
1373,268.3,4.63933229446411
1374,268.6,1.94451260566711
1375,268.8,7.78958988189697
1376,269.0,20.5966110229492
1377,269.1,17.7123737335205
1378,269.3,4.78026008605957
1379,269.5,0.868647217750549
1380,269.7,2.28197884559631
1381,269.9,4.82273530960083
1382,270.1,6.89860057830811
1383,270.2,5.862877368927
1384,270.4,3.3439724445343
1385,270.7,4.4963173866272
1386,270.9,9.95838451385498
1387,271.1,12.8790817260742
1388,271.2,7.25362157821655
1389,271.4,2.32727718353271
1390,271.7,2.21151494979858
1391,271.9,3.6361403465271
1392,272.1,4.32420825958252
1393,272.2,1.85268843173981
1394,272.3,2.11109757423401
1395,272.6,1.82641792297363
1396,272.8,3.38841152191162
1397,273.0,4.45777082443237
1398,273.2,3.98134064674377
1399,273.3,1.290940284729
1400,273.4,1.87736308574677
1401,273.7,1.77031672000885
1402,273.9,1.73397982120514
1403,274.1,2.08200335502625
1404,274.2,1.14596116542816
1405,274.3,1.89528608322144
1406,274.6,1.57623374462128
1407,274.8,3.03400444984436
1408,275.0,3.62423276901245
1409,275.1,1.70832312107086
1410,275.2,2.68315744400024
1411,275.5,1.61502575874329
1412,275.7,1.49202060699463
1413,275.8,0.992879927158356
1414,276.0,1.96157622337341
1415,276.2,2.32764554023743
1416,276.3,1.94218015670776
1417,276.6,1.53609132766724
1418,276.7,0.907930254936218
1419,276.9,2.81242322921753
1420,277.1,2.53535485267639
1421,277.3,2.32433104515076
1422,277.4,0.776577472686768
1423,277.6,1.34360420703888
1424,277.8,1.61858582496643
1425,278.0,1.92757177352905
1426,278.2,1.90461575984955
1427,278.3,0.918364822864532
1428,278.5,1.49521231651306
1429,278.7,2.06260752677917
1430,278.8,1.50196421146393
1431,279.0,3.81279158592224
1432,279.2,3.49754476547241
1433,279.3,2.071937084198
1434,279.6,1.48391842842102
1435,279.8,1.99582612514496
1436,280.0,2.19089126586914
1437,280.2,2.44659948348999
1438,280.3,0.974220454692841
1439,280.5,1.06383502483368
1440,280.7,3.50859308242798
1441,280.8,8.99754524230957
1442,281.0,158.75178527832
1443,281.1,728.812438964844
1444,281.3,11.4305181503296
1445,281.4,2.99643993377686
1446,281.6,0.643628776073456
1447,281.8,8.19972991943359
1448,282.0,63.5249214172363
1449,282.1,152.904739379883
1450,282.2,44.7714233398438
1451,282.4,2.55622386932373
1452,282.5,1.96697771549225
1453,282.8,9.40657997131348
1454,283.0,57.672477722168
1455,283.1,116.876014709473
1456,283.3,12.6293888092041
1457,283.5,1.70635890960693
1458,283.8,4.23950386047363
1459,284.0,15.8854656219482
1460,284.1,13.599925994873
1461,284.2,12.6101150512695
1462,284.4,1.59648907184601
1463,284.6,2.43321871757507
1464,284.8,9.72379112243652
1465,285.0,25.0292167663574
1466,285.1,27.2976913452148
1467,285.3,7.3157377243042
1468,285.5,0.878959000110626
1469,285.7,2.2655291557312
1470,285.9,5.8073902130127
1471,286.1,7.32433080673218
1472,286.2,5.95592927932739
1473,286.4,1.85821259021759
1474,286.7,2.30837225914001
1475,286.9,5.8281364440918
1476,287.1,8.70746421813965
1477,287.2,6.49521255493164
1478,287.4,1.40387916564941
1479,287.6,1.30579423904419
1480,287.7,0.837343454360962
1481,287.9,2.5877730846405
1482,288.1,2.86226367950439
1483,288.3,2.84728693962097
1484,288.5,1.76344215869904
1485,288.7,3.44291687011719
1486,288.9,9.33010101318359
1487,289.0,5.90007352828979
1488,289.1,10.3536701202393
1489,289.3,3.88030934333801
1490,289.6,1.67677390575409
1491,289.8,2.62595129013062
1492,290.0,3.68966364860535
1493,290.1,3.33734345436096
1494,290.3,2.22465014457703
1495,290.6,1.58458137512207
1496,290.8,2.77436780929565
1497,291.0,2.96464514732361
1498,291.1,1.84728705883026
1499,291.2,2.78860783576965
1500,291.4,0.850355982780457
1501,291.6,1.44844090938568
1502,291.7,0.686103582382202
1503,291.9,1.77350842952728
1504,292.1,1.78713476657867
1505,292.3,1.52516567707062
1506,292.4,0.912226855754852
1507,292.6,1.92081999778748
1508,292.8,7.1708812713623
1509,293.0,14.2285785675049
1510,293.1,11.0708322525024
1511,293.3,2.96083974838257
1512,293.5,0.839430391788483
1513,293.7,1.99496686458588
1514,293.9,3.99091577529907
1515,294.0,4.13749074935913
1516,294.2,3.00957536697388
1517,294.5,1.31880676746368
1518,294.7,2.99238896369934
1519,294.9,8.72256278991699
1520,295.1,11.38951587677
1521,295.2,5.13675403594971
1522,295.3,5.64473342895508
1523,295.5,1.13699972629547
1524,295.7,1.51104831695557
1525,295.9,3.23177027702332
1526,296.1,4.60004901885986
1527,296.2,2.03989696502686
1528,296.3,2.58409023284912
1529,296.5,0.858826398849487
1530,296.7,3.00883865356445
1531,296.9,6.83157396316528
1532,297.1,8.15455436706543
1533,297.2,4.69150495529175
1534,297.4,1.97630739212036
1535,297.7,1.92929041385651
1536,297.8,1.21519768238068
1537,298.0,2.83857107162476
1538,298.2,2.44156646728516
1539,298.3,1.67039036750793
1540,298.6,1.59477043151855
1541,298.8,4.8136510848999
1542,299.0,9.80493450164795
1543,299.1,5.07034111022949
1544,299.2,7.54664850234985
1545,299.4,2.35808992385864
1546,299.7,1.77007114887238
1547,299.9,3.04554390907288
1548,300.1,3.58151245117188
1549,300.3,3.40584325790405
1550,300.4,1.69420576095581
1551,300.6,0.93665599822998
1552,300.8,2.01043462753296
1553,300.9,1.2202308177948
1554,301.1,2.81512403488159
1555,301.3,3.30763554573059
1556,301.4,1.5235698223114
1557,301.7,1.47618460655212
1558,301.9,1.70684993267059
1559,302.0,0.862018167972565
1560,302.2,1.88399219512939
1561,302.3,1.16989934444427
1562,302.4,1.11944508552551
1563,302.7,1.76246011257172
1564,302.9,2.18266630172729
1565,303.0,1.29769206047058
1566,303.2,2.07181429862976
1567,303.3,0.960103094577789
1568,303.5,1.35244286060333
1569,303.7,1.69420576095581
1570,303.9,1.77964639663696
1571,304.0,0.836115896701813
1572,304.2,1.71765279769897
1573,304.3,0.897863984107971
1574,304.4,1.26442420482635
1575,304.7,1.49607169628143
1576,304.9,1.64792537689209
1577,305.0,0.836361408233643
1578,305.2,1.74306404590607
1579,305.4,1.46366310119629
1580,305.6,1.36741960048676
1581,305.8,1.54640316963196
1582,306.0,1.54149270057678
1583,306.2,1.50736558437347
1584,306.3,1.38411486148834
1585,306.6,1.45335137844086
1586,306.8,2.18156147003174
1587,307.0,2.86214089393616
1588,307.1,1.32396268844604
1589,307.3,2.49766755104065
1590,307.5,1.55561006069183
1591,307.6,0.744046151638031
1592,307.8,1.61698997020721
1593,308.0,1.79450035095215
1594,308.2,1.7921679019928
1595,308.4,1.17714214324951
1596,308.5,0.767370462417603
1597,308.7,1.42916774749756
1598,308.8,1.0989443063736
1599,309.0,2.70402646064758
1600,309.2,2.15958762168884
1601,309.4,1.46390867233276
1602,309.6,1.17579174041748
1603,309.8,1.52811193466187
1604,310.0,1.78467965126038
1605,310.2,1.6538177728653
1606,310.3,0.824453711509705
1607,310.5,1.45212376117706
1608,310.7,1.87196171283722
1609,310.9,3.37785410881042
1610,311.0,1.66891729831696
1611,311.2,3.26295113563538
1612,311.3,1.02676165103912
1613,311.5,1.48968815803528
1614,311.6,0.627792775630951
1615,311.8,1.66486620903015
1616,311.9,1.28320646286011
1617,312.1,2.16277933120728
1618,312.2,1.36877000331879
1619,312.3,1.5241836309433
1620,312.6,1.55266392230988
1621,312.7,0.85796707868576
1622,312.9,2.80186605453491
1623,313.1,3.28136515617371
1624,313.3,2.32150745391846
1625,313.5,1.28959000110626
1626,313.7,1.43812918663025
1627,313.9,1.83672964572906
1628,314.0,1.10716915130615
1629,314.2,1.56579911708832
1630,314.4,1.32985508441925
1631,314.6,1.10569608211517
1632,314.8,1.77608644962311
1633,315.0,1.96759140491486
1634,315.2,1.86471891403198
1635,315.3,1.5229560136795
1636,315.5,0.600908398628235
1637,315.7,1.33451998233795
1638,315.9,1.42081999778748
1639,316.0,1.50982081890106
1640,316.2,0.844709038734436
1641,316.4,1.2915540933609
1642,316.6,1.28296101093292
1643,316.8,1.37920451164246
1644,316.9,0.664743423461914
1645,317.1,1.54910385608673
1646,317.3,1.24601030349731
1647,317.5,1.46808254718781
1648,317.7,1.28062856197357
1649,317.8,0.823471665382385
1650,318.0,1.49987721443176
1651,318.1,1.55904734134674
1652,318.3,0.65050333738327
1653,318.5,1.39688193798065
1654,318.7,1.28873062133789
1655,318.9,1.43162286281586
1656,319.1,1.15295851230621
1657,319.3,1.5725508928299
1658,319.5,1.17345941066742
1659,319.7,1.35907196998596
1660,319.9,1.4187331199646
1661,320.1,1.42634427547455
1662,320.2,0.828136503696442
1663,320.4,1.08642280101776
1664,320.6,1.31549227237701
1665,320.8,1.30100667476654
1666,320.9,1.41112196445465
1667,321.2,1.52688431739807
1668,321.4,1.28799414634705
1669,321.5,0.579671025276184
1670,321.7,1.31671988964081
1671,321.8,1.39835500717163
1672,322.0,1.21286523342133
1673,322.2,0.705745160579681
1674,322.3,1.48612821102142
1675,322.6,1.78492510318756
1676,322.8,2.39013004302979
1677,323.0,3.7590229511261
1678,323.2,3.77805066108704
1679,323.3,1.13442182540894
1680,323.5,1.26540637016296
1681,323.7,1.40645718574524
1682,323.9,2.04210662841797
1683,324.0,1.08642280101776
1684,324.2,2.30039286613464
1685,324.4,1.72366809844971
1686,324.6,2.35281109809875
1687,324.7,2.50724291801453
1688,324.9,10.6734590530396
1689,325.0,16.6907691955566
1690,325.2,4.48625087738037
1691,325.3,3.53216314315796
1692,325.6,1.80665361881256
1693,325.7,1.2484655380249
1694,325.9,4.43616485595703
1695,326.1,6.34041261672974
1696,326.2,2.35686230659485
1697,326.3,2.21814393997192
1698,326.6,2.906334400177
1699,326.8,12.0465259552002
1700,326.9,12.6713724136353
1701,327.1,27.1360168457031
1702,327.2,11.1137981414795
1703,327.4,2.0812668800354
1704,327.6,0.904861271381378
1705,327.8,4.4916524887085
1706,328.0,8.37318897247314
1707,328.1,4.22366809844971
1708,328.2,4.55352306365967
1709,328.4,1.20513141155243
1710,328.6,1.86226367950439
1711,328.8,3.88595628738403
1712,329.0,7.3287501335144
1713,329.1,6.42916774749756
1714,329.3,2.38644742965698
1715,329.6,1.49116134643555
1716,329.8,2.33587026596069
1717,330.0,2.62902045249939
1718,330.1,2.50331449508667
1719,330.4,1.56039774417877
1720,330.5,1.57426953315735
1721,330.8,2.46636390686035
1722,331.0,3.42953586578369
1723,331.2,2.87232995033264
1724,331.4,1.53866922855377
1725,331.5,0.580407559871674
1726,331.7,1.51878225803375
1727,331.8,0.869506478309631
1728,332.0,1.91149032115936
1729,332.2,1.83402895927429
1730,332.4,1.40068745613098
1731,332.6,1.19531059265137
1732,332.8,1.52099192142487
1733,333.0,2.02688431739807
1734,333.2,1.91517305374146
1735,333.3,0.800515592098236
1736,333.5,1.4888288974762
1737,333.7,1.19187331199646
1738,333.8,0.589614510536194
1739,334.0,1.47078323364258
1740,334.1,0.901669502258301
1741,334.3,1.1001718044281
1742,334.5,1.36054503917694
1743,334.7,1.35772156715393
1744,334.9,1.70034372806549
1745,335.0,0.737294375896454
1746,335.1,1.64424252510071
1747,335.3,1.53474092483521
1748,335.5,0.423152476549149
1749,335.7,1.341517329216
1750,335.9,1.43162286281586
1751,336.0,0.727473616600037
1752,336.2,1.24944758415222
1753,336.4,1.27805054187775
1754,336.6,1.26258289813995
1755,336.8,1.50208687782288
1756,337.0,1.68180704116821
1757,337.2,1.57377851009369
1758,337.4,1.43420088291168
1759,337.6,1.33169651031494
1760,337.8,1.19531059265137
1761,337.9,1.36361408233643
1762,338.2,1.36226367950439
1763,338.4,1.43039524555206
1764,338.6,1.70488584041595
1765,338.7,1.12828385829926
1766,338.9,3.75926828384399
1767,339.1,5.43506002426147
1768,339.2,3.99840402603149
1769,339.4,0.92720353603363
1770,339.6,1.33636140823364
1771,339.8,2.02136015892029
1772,340.0,3.02492022514343
1773,340.1,2.73312044143677
1774,340.3,1.60778295993805
1775,340.6,2.31254601478577
1776,340.7,4.00748825073242
1777,340.9,28.6493988037109
1778,341.0,35.2439231872559
1779,341.1,52.5886306762695
1780,341.3,9.19408321380615
1781,341.6,2.29179954528809
1782,341.8,6.39454936981201
1783,342.0,17.0395278930664
1784,342.1,19.3722076416016
1785,342.3,5.60888767242432
1786,342.5,0.779155433177948
1787,342.7,3.62300515174866
1788,342.9,10.4164009094238
1789,343.1,16.4165229797363
1790,343.2,9.57832050323486
1791,343.4,1.64939844608307
1792,343.5,1.54051065444946
1793,343.8,2.57390141487122
1794,344.0,4.48440933227539
1795,344.2,3.83415174484253
1796,344.3,2.31880688667297
1797,344.5,0.708691358566284
1798,344.7,2.95249199867249
1799,344.8,2.5282347202301
1800,345.0,8.02651596069336
1801,345.1,7.4311318397522
1802,345.3,2.11355257034302
1803,345.4,1.85047876834869
1804,345.7,1.55168175697327
1805,345.9,2.68156147003174
1806,346.1,3.24257302284241
1807,346.2,2.56641292572021
1808,346.4,1.61453473567963
1809,346.7,1.63405346870422
1810,346.9,2.34605932235718
1811,347.1,2.79081749916077
1812,347.2,1.305548787117
1813,347.4,1.81180942058563
1814,347.5,0.550822496414185
1815,347.7,1.30849492549896
1816,347.9,1.48514604568481
1817,348.1,1.55266392230988
1818,348.2,1.38865697383881
1819,348.5,1.38288736343384
1820,348.7,2.13319420814514
1821,348.9,3.51080274581909
1822,349.1,3.91897869110107
1823,349.2,2.74711513519287
1824,349.4,1.22821021080017
1825,349.7,1.45789349079132
1826,349.9,1.63258039951324
1827,350.0,0.89602255821228
1828,350.2,1.95310580730438
1829,350.3,0.815983295440674
1830,350.5,1.2779278755188
1831,350.6,0.773262977600098
1832,350.8,1.658482670784
1833,351.0,2.14890742301941
1834,351.2,1.88399219512939
1835,351.4,1.40928065776825
1836,351.6,1.20451760292053
1837,351.8,1.15259027481079
1838,352.0,1.58372211456299
1839,352.2,1.43690156936646
1840,352.4,1.32654058933258
1841,352.6,1.46439969539642
1842,352.8,1.87908172607422
1843,353.0,2.06985020637512
1844,353.2,2.05610108375549
1845,353.4,1.68831324577332
1846,353.6,1.29081761837006
1847,353.8,1.17456424236298
1848,354.0,1.14436531066895
1849,354.2,1.63712251186371
1850,354.3,0.671495199203491
1851,354.5,1.44709062576294
1852,354.6,1.08826422691345
1853,354.8,9.76233768463135
1854,355.0,46.9716415405273
1855,355.1,68.2201080322266
1856,355.2,45.2640571594238
1857,355.4,4.50540161132813
1858,355.6,1.90437018871307
1859,355.8,5.9761848449707
1860,356.0,20.7629508972168
1861,356.1,20.8050575256348
1862,356.2,17.8402900695801
1863,356.4,3.70549964904785
1864,356.7,2.65639567375183
1865,356.9,9.99631690979004
1866,357.1,21.9814624786377
1867,357.2,15.9701690673828
1868,357.4,3.15443158149719
1869,357.6,0.870120286941528
1870,357.8,2.24011778831482
1871,357.9,2.0843358039856
1872,358.1,6.25276231765747
1873,358.2,2.81291437149048
1874,358.3,3.69101405143738
1875,358.6,1.63847291469574
1876,358.8,3.85759878158569
1877,359.0,9.06911373138428
1878,359.2,9.11416625976563
1879,359.3,2.88472867012024
1880,359.4,2.25828623771667
1881,359.7,1.39700472354889
1882,359.8,1.057697057724
1883,360.0,3.26233744621277
1884,360.1,3.42953586578369
1885,360.4,2.24760627746582
1886,360.6,1.2685980796814
1887,360.8,1.85833537578583
1888,361.0,2.71924877166748
1889,361.2,2.67873811721802
1890,361.3,2.16609382629395
1891,361.5,1.28283822536469
1892,361.7,0.57868891954422
1893,361.9,1.40314269065857
1894,362.1,1.59857594966888
1895,362.3,1.56457161903381
1896,362.5,1.43776082992554
1897,362.7,1.79241347312927
1898,362.9,2.81414198875427
1899,363.0,3.64276957511902
1900,363.2,2.9044930934906
1901,363.5,1.45789349079132
1902,363.6,0.581880688667297
1903,363.8,1.62582862377167
1904,364.0,1.98219990730286
1905,364.1,1.10790574550629
1906,364.3,1.7208446264267
1907,364.4,0.703044414520264
1908,364.6,1.34839189052582
1909,364.8,1.70476305484772
1910,365.0,1.97372949123383
1911,365.2,1.56702673435211
1912,365.3,1.38165974617004
1913,365.5,0.514362871646881
1914,365.7,1.02872574329376
1915,365.9,1.25018417835236
1916,366.1,1.35011053085327
1917,366.3,1.28210163116455
1918,366.4,0.626687943935394
1919,366.6,1.64375150203705
1920,366.8,2.53240847587585
1921,366.9,1.79278171062469
1922,367.1,3.7968327999115
1923,367.3,2.58065319061279
1924,367.4,1.26675665378571
1925,367.7,1.35133802890778
1926,367.9,1.92941319942474
1927,368.1,2.17947459220886
1928,368.2,1.71605694293976
1929,368.5,1.36987483501434
1930,368.7,1.55413699150085
1931,368.8,1.49079298973083
1932,369.0,4.09035110473633
1933,369.1,4.42388916015625
1934,369.3,1.65713238716125
1935,369.4,1.92081999778748
1936,369.6,0.555855631828308
1937,369.8,1.687331199646
1938,369.9,1.17100417613983
1939,370.1,2.27191257476807
1940,370.3,2.35072422027588
1941,370.5,1.48035848140717
1942,370.6,0.667812407016754
1943,370.8,1.77375400066376
1944,371.0,2.74932479858398
1945,371.2,2.3641049861908
1946,371.3,1.25227105617523
1947,371.4,1.52798914909363
1948,371.7,1.09918975830078
1949,371.8,0.898600518703461
1950,372.0,1.57586550712585
1951,372.2,1.58580899238586
1952,372.4,1.45507001876831
1953,372.6,1.36582374572754
1954,372.7,0.947949886322021
1955,372.9,2.95973491668701
1956,373.1,3.59415674209595
1957,373.2,1.57046401500702
1958,373.3,2.45556092262268
1959,373.6,1.30002450942993
1960,373.7,0.710041761398315
1961,373.9,1.49840414524078
1962,374.1,1.85551190376282
1963,374.2,1.01657259464264
1964,374.4,1.6625337600708
1965,374.6,1.49435305595398
1966,374.7,0.567149519920349
1967,374.9,1.53191745281219
1968,375.1,1.56653571128845
1969,375.3,1.6131843328476
1970,375.5,1.44353055953979
1971,375.7,1.14915299415588
1972,375.8,0.703289985656738
1973,376.0,1.50564694404602
1974,376.2,1.59206974506378
1975,376.4,0.895899832248688
1976,376.6,1.36177265644073
1977,376.8,1.36275470256805
1978,376.9,1.67309105396271
1979,377.1,0.869629263877869
1980,377.2,1.5052787065506
1981,377.5,1.18708562850952
1982,377.7,0.96169900894165
1983,377.9,1.11158847808838
1984,378.0,0.68880432844162
1985,378.2,1.15430891513824
1986,378.3,1.00797939300537
1987,378.5,1.24699234962463
1988,378.7,0.527007102966309
1989,378.8,1.24429166316986
1990,379.1,1.19641542434692
1991,379.3,1.2078320980072
1992,379.4,0.615516841411591
1993,379.5,1.18684017658234
1994,379.8,1.09575247764587
1995,380.0,1.17014491558075
1996,380.2,1.29548239707947
1997,380.3,0.512644231319427
1998,380.4,1.25767242908478
1999,380.7,1.09673464298248
2000,380.9,1.49914073944092
2001,381.1,1.66879451274872
2002,381.2,0.609747111797333
2003,381.4,1.32997786998749
2004,381.6,1.24883377552032
2005,381.7,0.604713976383209
2006,381.9,1.23029708862305
2007,382.0,0.519273281097412
2008,382.1,1.33329236507416
2009,382.3,0.659341990947723
2010,382.5,1.29229068756104
2011,382.7,1.52749812602997
2012,382.9,2.31745648384094
2013,383.1,2.47913074493408
2014,383.3,1.8939356803894
2015,383.4,0.593911111354828
2016,383.6,1.16277933120728
2017,383.7,0.443530559539795
2018,383.9,1.57341027259827
2019,384.0,0.841149032115936
2020,384.2,1.59636628627777
2021,384.3,1.33145105838776
2022,384.6,1.41296339035034
2023,384.8,2.80468940734863
2024,385.0,3.69211888313293
2025,385.1,1.83464276790619
2026,385.2,2.47667574882507
2027,385.4,1.52983057498932
2028,385.7,1.61257064342499
2029,385.8,0.771789848804474
2030,386.0,2.11244773864746
2031,386.1,0.918364822864532
2032,386.3,1.96133077144623
2033,386.5,1.13699972629547
2034,386.6,0.62852931022644
2035,386.8,2.44119811058044
2036,386.9,2.25128889083862
2037,387.1,3.62595129013062
2038,387.2,2.80530333518982
2039,387.5,1.36336851119995
2040,387.7,1.28738033771515
2041,387.9,1.79720103740692
2042,388.1,2.03228569030762
2043,388.3,1.70402646064758
2044,388.5,1.38632452487946
2045,388.7,1.50834763050079
2046,388.9,2.07991647720337
2047,389.1,1.85121536254883
2048,389.2,1.65664124488831
2049,389.4,1.18868160247803
2050,389.7,1.31512403488159
2051,389.9,1.51350355148315
2052,390.0,0.585195183753967
2053,390.2,1.15590476989746
2054,390.3,0.684139430522919
2055,390.5,1.00036823749542
2056,390.6,0.568377137184143
2057,390.8,1.32371711730957
2058,390.9,0.764424264431
2059,391.1,1.22366809844971
2060,391.2,0.709059655666351
2061,391.4,1.20955073833466
2062,391.5,1.23483920097351
2063,391.8,1.10594153404236
2064,392.0,1.14682054519653
2065,392.2,1.41320896148682
2066,392.3,0.730665385723114
2067,392.5,1.31021356582642
2068,392.7,1.26970291137695
2069,392.9,1.10152220726013
2070,393.1,1.24785172939301
2071,393.3,1.1060643196106
2072,393.5,1.12767004966736
2073,393.7,1.17628288269043
2074,393.8,1.20549964904785
2075,394.0,0.649644017219543
2076,394.2,1.02811193466187
2077,394.4,1.07341027259827
2078,394.6,1.06923639774323
2079,394.7,0.562607407569885
2080,394.9,1.08801865577698
2081,395.1,0.934569120407104
2082,395.2,1.2326295375824
2083,395.5,1.20476305484772
2084,395.6,0.597593903541565
2085,395.8,1.05094528198242
2086,396.0,1.00368273258209
2087,396.1,0.56334400177002
2088,396.3,1.15062606334686
2089,396.4,0.581635177135468
2090,396.6,0.950527846813202
2091,396.7,0.725386679172516
2092,396.9,1.39405846595764
2093,397.0,0.653081238269806
2094,397.2,1.52086913585663
2095,397.4,1.06027495861053
2096,397.6,1.18769943714142
2097,397.8,1.28296101093292
2098,398.0,1.25902283191681
2099,398.2,1.29437756538391
2100,398.3,1.01424014568329
2101,398.6,1.38877975940704
2102,398.7,1.05266392230988
2103,398.9,3.53204035758972
2104,399.0,2.13208937644958
2105,399.1,3.67284560203552
2106,399.3,2.0300760269165
2107,399.6,1.02762091159821
2108,399.8,1.90412473678589
2109,400.0,2.14203286170959
2110,400.2,2.20979619026184
2111,400.4,1.67530071735382
2112,400.6,2.47962188720703
2113,400.7,2.70390367507935
2114,400.9,11.7014484405518
2115,401.0,8.0899829864502
2116,401.1,13.0033149719238
2117,401.3,3.151362657547
2118,401.4,2.38828873634338
2119,401.7,2.18487596511841
2120,401.9,5.30027008056641
2121,402.0,3.32113909721375
2122,402.2,5.48809242248535
2123,402.4,2.47557091712952
2124,402.5,0.674564182758331
2125,402.7,2.09771656990051
2126,402.8,2.01657247543335
2127,403.0,5.22379064559937
2128,403.2,4.60213613510132
2129,403.3,1.98097229003906
2130,403.6,1.39663636684418
2131,403.8,1.6507488489151
2132,403.9,1.13871836662292
2133,404.1,2.18057942390442
2134,404.3,1.76135528087616
2135,404.5,1.05843353271484
2136,404.7,1.38116872310638
2137,404.8,1.13540387153625
2138,405.0,2.74269580841064
2139,405.1,1.51792287826538
2140,405.2,2.35072422027588
2141,405.4,0.645347416400909
2142,405.6,1.10287261009216
2143,405.8,1.39295363426208
2144,406.0,1.47262465953827
2145,406.2,1.47299289703369
2146,406.3,1.36643755435944
2147,406.5,0.502455174922943
2148,406.7,1.31561505794525
2149,406.9,1.82690894603729
2150,407.1,1.65639579296112
2151,407.3,1.5406334400177
2152,407.4,0.573164761066437
2153,407.5,1.07144606113434
2154,407.8,1.24809718132019
2155,408.0,1.47753500938416
2156,408.2,1.10937881469727
2157,408.4,1.37355756759644
2158,408.6,1.14129638671875
2159,408.8,1.33488833904266
2160,408.9,1.54210650920868
2161,409.2,1.40854406356812
2162,409.4,1.39909160137177
2163,409.6,1.15774607658386
2164,409.8,1.05425977706909
2165,410.0,1.19813406467438
2166,410.1,0.480358451604843
2167,410.3,1.17849254608154
2168,410.4,0.535845816135406
2169,410.6,1.08359932899475
2170,410.8,1.27964639663696
2171,411.0,1.08053028583527
2172,411.2,1.21728456020355
2173,411.3,0.657868921756744
2174,411.5,1.08875524997711
2175,411.7,1.12509202957153
2176,411.9,1.13736808300018
2177,412.1,1.04578936100006
2178,412.3,1.28136503696442
2179,412.5,1.07156884670258
2180,412.6,1.1907684803009
2181,412.9,1.5335134267807
2182,413.1,1.94107532501221
2183,413.3,1.73373436927795
2184,413.4,1.1330714225769
2185,413.7,1.35637128353119
2186,413.8,0.766879439353943
2187,414.0,1.39123499393463
2188,414.1,0.768598079681396
2189,414.2,1.33893930912018
2190,414.5,1.14387428760529
2191,414.7,3.02553391456604
2192,414.9,10.1493988037109
2193,415.1,20.7213363647461
2194,415.2,15.1210412979126
2195,415.4,3.35207462310791
2196,415.7,2.01006627082825
2197,415.9,4.49435329437256
2198,416.0,4.35870361328125
2199,416.1,9.04603481292725
2200,416.3,4.18266630172729
2201,416.6,1.55794250965118
2202,416.8,2.98158597946167
2203,416.9,2.80972266197205
2204,417.1,7.28504800796509
2205,417.2,2.91431379318237
2206,417.3,3.29278182983398
2207,417.5,0.744414448738098
2208,417.7,1.41517305374146
2209,417.9,2.23066544532776
2210,418.1,2.71053266525269
2211,418.3,2.41836476325989
2212,418.4,1.36238646507263
2213,418.7,1.39589977264404
2214,418.9,1.97090601921082
2215,419.1,2.87785410881042
2216,419.3,2.14191007614136
2217,419.4,0.756567656993866
2218,419.6,1.30125212669373
2219,419.8,1.29707837104797
2220,420.0,1.32089364528656
2221,420.2,1.55475080013275
2222,420.4,1.60176777839661
2223,420.5,0.42744904756546
2224,420.7,1.15320408344269
2225,420.8,0.630616247653961
2226,420.9,1.61085200309753
2227,421.2,1.56899094581604
2228,421.4,1.65799164772034
2229,421.5,1.14117360115051
2230,421.8,1.35133802890778
2231,422.0,1.26540637016296
2232,422.2,1.06629025936127
2233,422.3,1.32531309127808
2234,422.6,1.18340289592743
2235,422.8,1.24355506896973
2236,423.0,1.71753013134003
2237,423.1,0.814755737781525
2238,423.3,1.39283084869385
2239,423.5,1.03793275356293
2240,423.7,1.08384478092194
2241,423.9,1.2109010219574
2242,424.1,1.35133802890778
2243,424.2,0.503928303718567
2244,424.4,1.15627300739288
2245,424.6,1.04051065444946
2246,424.8,1.15467715263367
2247,425.0,1.29486858844757
2248,425.1,0.439233988523483
2249,425.2,1.33292412757874
2250,425.5,1.12619686126709
2251,425.7,1.06530809402466
2252,425.9,1.10336363315582
2253,426.1,1.08556342124939
2254,426.3,1.12374174594879
2255,426.5,0.958507239818573
2256,426.7,1.2444144487381
2257,426.8,1.59882152080536
2258,427.0,0.767124950885773
2259,427.2,1.32494473457336
2260,427.3,1.31954336166382
2261,427.6,0.902651607990265
2262,427.8,1.13761353492737
2263,428.0,1.1684262752533
2264,428.1,0.661797225475311
2265,428.3,1.24932479858398
2266,428.5,1.03498649597168
2267,428.6,0.706236183643341
2268,428.8,4.10348653793335
2269,429.0,11.3039531707764
2270,429.1,22.6304931640625
2271,429.3,7.42855405807495
2272,429.5,0.911490321159363
2273,429.7,1.84900569915771
2274,429.9,3.49152970314026
2275,430.0,3.47299289703369
2276,430.2,8.82163047790527
2277,430.3,3.85821270942688
2278,430.6,1.57893443107605
2279,430.8,2.22943782806396
2280,431.0,5.43395519256592
2281,431.2,6.6708812713623
2282,431.3,3.68499875068665
2283,431.5,1.41701447963715
2284,431.8,1.61244785785675
2285,432.0,2.12460112571716
2286,432.2,2.69506502151489
2287,432.3,1.20660448074341
2288,432.5,1.52688431739807
2289,432.7,1.27080774307251
2290,432.8,0.772526383399963
2291,433.0,2.80321621894836
2292,433.2,3.23520755767822
2293,433.3,2.57807517051697
2294,433.5,1.27559542655945
2295,433.7,0.501350343227386
2296,433.9,1.57120060920715
2297,434.1,1.66707587242126
2298,434.3,1.71875762939453
2299,434.5,1.33194208145142
2300,434.7,1.31929779052734
2301,434.8,0.519273281097412
2302,435.0,1.49251163005829
2303,435.1,1.36373674869537
2304,435.3,0.678369760513306
2305,435.5,1.1665848493576
2306,435.6,0.992143392562866
2307,435.9,1.03682792186737
2308,436.1,1.19420576095581
2309,436.3,1.31352806091309
2310,436.5,1.20243060588837
2311,436.7,1.04100167751312
2312,436.8,0.529339551925659
2313,437.0,1.28406584262848
2314,437.1,0.840903520584106
2315,437.3,1.41590964794159
2316,437.5,1.00110483169556
2317,437.7,1.01853668689728
2318,437.8,0.53731894493103
2319,437.9,1.11060643196106
2320,438.1,1.16953110694885
2321,438.4,1.13393080234528
2322,438.5,0.95629757642746
2323,438.7,0.435060143470764
2324,438.9,1.24208199977875
2325,439.1,0.967714190483093
2326,439.3,1.15038061141968
2327,439.4,0.623618960380554
2328,439.6,1.11625337600708
2329,439.8,1.0111711025238
2330,439.9,0.61625337600708
2331,440.1,1.14583849906921
2332,440.3,1.02774369716644
2333,440.5,1.06604468822479
2334,440.6,0.563098430633545
2335,440.8,1.32911860942841
2336,441.0,1.29020380973816
2337,441.2,1.49214339256287
2338,441.3,1.24134540557861
2339,441.5,1.00601518154144
2340,441.7,0.615516841411591
2341,441.9,1.32187581062317
2342,442.0,0.513380825519562
2343,442.2,1.17149519920349
2344,442.4,1.17972016334534
2345,442.6,1.06592190265656
2346,442.8,1.33046889305115
2347,443.0,1.39221704006195
2348,443.1,0.635403871536255
2349,443.2,1.11797201633453
2350,443.4,0.613307118415833
2351,443.6,1.03375887870789
2352,443.7,1.39553153514862
2353,443.9,0.555487334728241
2354,444.1,1.13810455799103
2355,444.3,1.2031672000885
2356,444.5,1.10090839862823
2357,444.6,1.00969803333282
2358,444.8,0.669408321380615
2359,445.0,1.72636878490448
2360,445.1,0.784311294555664
2361,445.3,1.82003438472748
2362,445.5,1.19420576095581
2363,445.6,0.626565158367157
2364,445.8,1.20513141155243
2365,446.0,1.40989446640015
2366,446.1,0.634912848472595
2367,446.2,1.38902533054352
2368,446.4,0.668671727180481
2369,446.6,1.11551678180695
2370,446.8,1.60532772541046
2371,446.9,0.528111934661865
2372,447.0,1.64092803001404
2373,447.2,1.42904496192932
2374,447.5,1.08224892616272
2375,447.7,1.03633689880371
2376,447.8,0.602013230323792
2377,448.0,1.17321383953094
2378,448.2,1.16302478313446
2379,448.3,0.598330497741699
2380,448.5,1.02627050876617
2381,448.6,0.416523456573486
2382,448.8,1.34912836551666
2383,448.9,1.19187331199646
2384,449.1,1.23520743846893
2385,449.3,0.91848760843277
2386,449.6,1.13724529743195
2387,449.8,1.14890742301941
2388,450.0,1.17137241363525
2389,450.2,1.00417387485504
2390,450.3,0.530198872089386
2391,450.5,1.09599804878235
2392,450.7,1.2639331817627
2393,450.9,0.988092303276062
2394,451.0,0.7320157289505
2395,451.2,1.17296838760376
2396,451.4,1.16523444652557
2397,451.6,1.07819783687592
2398,451.8,1.028848528862
2399,452.0,0.863245785236359
2400,452.2,0.841517329216003
2401,452.4,1.02393817901611
2402,452.5,0.514362871646881
2403,452.7,1.01374912261963
2404,452.8,0.966854870319366
2405,453.1,1.19739747047424
2406,453.2,1.12325072288513
2407,453.4,0.535477519035339
2408,453.6,0.945985734462738
2409,453.8,1.09526145458221
2410,454.0,1.12153208255768
2411,454.1,1.21998524665833
2412,454.4,0.865700960159302
2413,454.6,0.993493735790253
2414,454.8,1.13761353492737
2415,454.9,1.27056229114532
2416,455.1,0.495457887649536
2417,455.3,1.09452497959137
2418,455.5,1.1538177728653
2419,455.7,1.02258777618408
2420,455.8,0.515344977378845
2421,456.0,0.881659686565399
2422,456.1,0.483181923627853
2423,456.3,1.12202310562134
2424,456.4,0.510311782360077
2425,456.6,1.05720603466034
2426,456.7,1.10532772541046
2427,457.0,1.11220228672028
2428,457.2,1.10164499282837
2429,457.3,1.26761603355408
2430,457.6,0.882396280765533
2431,457.7,0.442302972078323
2432,457.9,1.21421551704407
2433,458.1,1.02455186843872
2434,458.3,1.08863246440887
2435,458.4,0.712005913257599
2436,458.6,1.23790812492371
2437,458.7,1.49496686458588
2438,459.0,2.15111708641052
2439,459.2,1.82236683368683
2440,459.4,1.30518043041229
2441,459.5,1.10495948791504
2442,459.8,1.33513379096985
2443,459.9,1.47385215759277
2444,460.2,1.3715934753418
2445,460.3,0.598821520805359
2446,460.5,1.0871593952179
2447,460.7,2.03977417945862
2448,460.8,1.70513141155243
2449,461.0,4.54014253616333
2450,461.2,3.95335125923157
2451,461.3,2.362877368927
2452,461.5,0.577215790748596
2453,461.7,1.41517305374146
2454,461.9,2.26786160469055
2455,462.1,2.27706861495972
2456,462.2,1.83501100540161
2457,462.5,1.2639331817627
2458,462.7,1.5930517911911
2459,462.9,2.02811193466187
2460,463.1,2.42941331863403
2461,463.3,1.82825922966003
2462,463.5,1.12030446529388
2463,463.7,1.23901295661926
2464,463.9,1.4481954574585
2465,464.0,0.816474318504333
2466,464.2,1.34102630615234
2467,464.3,1.09845328330994
2468,464.5,0.453965127468109
2469,464.7,1.26307392120361
2470,464.8,0.723422527313232
2471,465.0,1.31107294559479
2472,465.1,1.5195187330246
2473,465.3,1.13258039951324
2474,465.5,0.979376375675201
2475,465.8,1.1538177728653
2476,465.9,0.547262489795685
2477,466.1,1.26589739322662
2478,466.3,1.12288236618042
2479,466.5,1.03817820549011
2480,466.7,0.971274256706238
2481,466.9,1.16928553581238
2482,467.0,0.514240145683289
2483,467.1,1.04014241695404
2484,467.3,0.460839688777924
2485,467.5,1.21237421035767
2486,467.7,0.949054777622223
2487,467.9,0.949545800685883
2488,468.1,0.974343240261078
2489,468.3,0.967591464519501
2490,468.5,0.888779759407043
2491,468.7,0.911490321159363
2492,468.8,1.05610120296478
2493,469.0,0.379081755876541
2494,469.2,1.14055979251862
2495,469.3,1.15504539012909
2496,469.6,0.966609358787537
2497,469.8,0.940216064453125
2498,469.9,0.975570857524872
2499,470.1,0.612079560756683
2500,470.3,1.16879451274872
2501,470.5,0.978394329547882
2502,470.7,1.02933955192566
2503,470.9,0.861158847808838
2504,471.0,1.22415912151337
2505,471.3,0.979867398738861
2506,471.5,1.05904734134674
2507,471.7,0.871102392673492
2508,471.8,1.05597841739655
2509,472.0,0.401424020528793
2510,472.2,0.932236671447754
2511,472.4,0.986128151416779
2512,472.5,0.485759884119034
2513,472.7,1.03449547290802
2514,472.9,1.37908172607422
2515,473.0,0.682789087295532
2516,473.2,1.5924379825592
2517,473.3,1.48907434940338
2518,473.6,1.06346678733826
2519,473.8,0.820157110691071
2520,474.0,1.16928553581238
2521,474.1,1.23557579517365
2522,474.4,1.27547264099121
2523,474.6,1.12681066989899
2524,474.7,1.1507488489151
2525,474.9,4.25042963027954
2526,475.0,3.12914323806763
2527,475.2,7.26614284515381
2528,475.3,2.81966614723206
2529,475.4,2.39467215538025
2530,475.6,1.49864959716797
2531,475.8,1.06113433837891
2532,476.0,3.44635415077209
2533,476.1,3.96022582054138
2534,476.4,2.65246748924255
2535,476.5,1.27890992164612
2536,476.8,1.57463788986206
2537,476.9,1.27154433727264
2538,477.1,3.06309843063354
2539,477.2,2.36668300628662
2540,477.4,1.64289224147797
2541,477.6,0.552172839641571
2542,477.8,1.27166712284088
2543,478.0,1.49447584152222
2544,478.2,1.62607419490814
2545,478.3,0.695678889751434
2546,478.5,1.27903270721436
2547,478.7,1.20635890960693
2548,478.9,1.70083475112915
2549,479.0,0.841517329216003
2550,479.1,1.64215564727783
2551,479.4,1.47029221057892
2552,479.5,0.426958024501801
2553,479.7,1.26479256153107
2554,479.8,0.442180216312408
2555,480.0,1.50319170951843
2556,480.2,1.33378350734711
2557,480.3,0.550576984882355
2558,480.5,0.963294863700867
2559,480.7,1.06874537467957
2560,480.9,1.16707587242126
2561,481.1,1.17640554904938
2562,481.2,0.685244262218475
2563,481.4,1.2503068447113
2564,481.5,0.369138240814209
2565,481.7,1.08986008167267
2566,481.9,1.05033147335052
2567,482.1,0.881291449069977
2568,482.3,1.11281609535217
2569,482.5,1.13184380531311
2570,482.6,0.555487334728241
2571,482.7,1.10495948791504
2572,483.0,1.09624350070953
2573,483.2,1.05438256263733
2574,483.3,0.442425727844238
2575,483.5,0.787134766578674
2576,483.6,0.487846791744232
2577,483.8,0.859317481517792
2578,484.0,1.17272281646729
2579,484.2,0.992143392562866
2580,484.4,0.930886328220367
2581,484.6,0.953474104404449
2582,484.7,0.987846791744232
2583,485.0,1.02639329433441
2584,485.2,1.18070220947266
2585,485.4,1.06825435161591
2586,485.5,0.385956287384033
2587,485.7,0.911858558654785
2588,485.9,1.0583108663559
2589,486.1,0.944389879703522
2590,486.3,0.906702697277069
2591,486.4,0.512889742851257
2592,486.6,0.855634689331055
2593,486.8,1.03032159805298
2594,487.0,1.15320408344269
2595,487.2,1.23066532611847
2596,487.4,1.17763316631317
2597,487.6,1.13577210903168
2598,487.8,1.1042228937149
2599,488.0,1.19064569473267
2600,488.1,1.0477534532547
2601,488.4,1.24772894382477
2602,488.6,1.1572550535202
2603,488.8,2.34139466285706
2604,489.0,6.23778533935547
2605,489.2,7.38251924514771
2606,489.3,3.56972742080688
2607,489.4,3.08654546737671
2608,489.6,0.582862734794617
2609,489.8,1.62042725086212
2610,489.9,1.45973479747772
2611,490.1,3.90682554244995
2612,490.3,3.83059167861938
2613,490.4,1.9664865732193
2614,490.7,1.15565919876099
2615,490.9,2.07598829269409
2616,491.1,3.0158360004425
2617,491.2,3.22698259353638
2618,491.4,1.72182667255402
2619,491.7,0.913331687450409
2620,491.9,1.32654058933258
2621,492.1,1.36263191699982
2622,492.2,0.841149032115936
2623,492.4,1.48698747158051
2624,492.6,1.22931504249573
2625,492.8,1.21470665931702
2626,493.0,1.79535973072052
2627,493.1,1.7490793466568
2628,493.4,1.63589489459991
2629,493.5,1.14878463745117
2630,493.8,1.09292900562286
2631,494.0,1.18855881690979
2632,494.2,1.38178241252899
2633,494.3,0.992388904094696
2634,494.5,0.909648895263672
2635,494.8,1.1219003200531
2636,495.0,0.990301966667175
2637,495.1,0.4814632833004
2638,495.3,1.0924379825592
2639,495.5,0.965381801128387
2640,495.7,0.811318457126617
2641,495.8,0.4408298432827
2642,496.0,0.951509952545166
2643,496.2,0.987232983112335
2644,496.4,0.88963907957077
2645,496.5,0.517309129238129
2646,496.7,1.03879201412201
2647,496.9,1.06616747379303
2648,497.1,1.22587776184082
2649,497.3,1.23250675201416
2650,497.4,1.03682792186737
2651,497.7,1.02590227127075
2652,497.9,0.977780520915985
2653,498.0,0.494844108819962
2654,498.2,0.937760889530182
2655,498.3,0.434078067541122
2656,498.5,0.958261728286743
2657,498.7,0.88092315196991
2658,498.8,0.972747385501862
2659,499.0,0.420083463191986
2660,499.1,0.902774393558502
2661,499.4,1.11257064342499
2662,499.5,0.567640542984009
2663,499.7,1.17738771438599
2664,499.9,1.00736558437347
2665,500.0,0.479008108377457
2666,500.2,0.952123761177063
2667,500.4,0.88325560092926
2668,500.6,0.987846791744232
2669,500.7,0.529953360557556
2670,500.8,1.08261728286743
2671,501.1,0.984777808189392
2672,501.3,0.944758176803589
2673,501.5,1.10115396976471
2674,501.6,0.47839429974556
2675,501.7,0.913331687450409
2676,502.0,1.25042963027954
2677,502.2,1.01792287826538
2678,502.4,0.984409511089325
2679,502.6,1.03817820549011
2680,502.7,0.605327785015106
2681,502.9,2.09796214103699
2682,503.1,3.24650144577026
2683,503.2,3.50748825073242
2684,503.4,1.77093052864075
2685,503.7,1.05254113674164
2686,503.9,1.48134052753448
2687,504.0,1.11969065666199
2688,504.2,2.19592428207397
2689,504.4,1.75546276569366
2690,504.6,1.14841639995575
2691,504.8,1.01288974285126
2692,505.0,1.71249687671661
2693,505.1,1.9416891336441
2694,505.4,1.6619199514389
2695,505.6,1.02921676635742
2696,505.7,0.695310592651367
2697,505.9,1.18696296215057
2698,506.1,1.28676652908325
2699,506.2,1.20648169517517
2700,506.5,1.29008102416992
2701,506.7,1.10815119743347
2702,506.8,0.618340313434601
2703,507.0,1.39688193798065
2704,507.1,0.755462825298309
2705,507.3,1.6023815870285
2706,507.4,1.24490547180176
2707,507.7,0.759759366512299
2708,507.9,1.06997299194336
2709,508.1,1.22366809844971
2710,508.2,0.618463039398193
2711,508.4,1.15320408344269
2712,508.5,0.57917994260788
2713,508.7,1.02528846263885
2714,508.9,1.21838939189911
2715,509.0,0.558065295219421
2716,509.2,0.902897119522095
2717,509.4,1.18450772762299
2718,509.6,0.887920439243317
2719,509.7,0.419837951660156
2720,509.9,0.977780520915985
2721,510.1,0.92131108045578
2722,510.3,0.975448071956635
2723,510.4,0.524797439575195
2724,510.6,0.929290473461151
2725,510.8,0.873680353164673
2726,510.9,0.563589513301849
2727,511.0,0.941934704780579
2728,511.2,0.573532998561859
2729,511.4,0.927817344665527
2730,511.6,0.931254625320435
2731,511.8,1.13331699371338
2732,511.9,0.348269075155258
2733,512.1,0.858458161354065
2734,512.3,0.943407833576202
2735,512.5,0.794868648052216
2736,512.7,0.967959761619568
2737,512.8,0.466854900121689
2738,513.0,0.941198110580444
2739,513.2,0.929044902324677
2740,513.4,0.961330711841583
2741,513.6,0.919837951660156
2742,513.8,0.858826398849487
2743,513.9,0.454701691865921
2744,514.0,0.922170400619507
2745,514.3,0.951264441013336
2746,514.5,0.856248438358307
2747,514.6,0.585686206817627
2748,514.8,0.970414936542511
2749,514.9,0.494475811719894
2750,515.1,1.05315494537354
2751,515.3,1.07156884670258
2752,515.4,1.04210650920868
2753,515.7,1.14191019535065
2754,515.9,0.867787897586823
2755,516.1,0.958998262882233
2756,516.3,0.964645206928253
2757,516.4,0.583844840526581
2758,516.6,1.14817082881927
2759,516.8,1.09624350070953
2760,516.9,0.909771680831909
2761,517.1,0.977657735347748
2762,517.4,1.08470416069031
2763,517.6,0.986496448516846
2764,517.7,0.494475811719894
2765,517.9,1.02627050876617
2766,518.1,0.831942081451416
2767,518.3,0.902283310890198
2768,518.4,0.276331931352615
2769,518.6,1.07046401500702
2770,518.8,1.2220721244812
2771,519.0,1.22575497627258
2772,519.2,1.30714464187622
2773,519.4,1.21740734577179
2774,519.5,0.390866696834564
2775,519.7,0.843972504138947
2776,519.9,1.04566657543182
2777,520.1,1.16953110694885
2778,520.2,0.56616747379303
2779,520.3,0.815860569477081
2780,520.6,0.943898856639862
2781,520.8,1.19690644741058
2782,521.0,1.4227842092514
2783,521.2,1.65872824192047
2784,521.3,0.718389391899109
2785,521.4,1.2627055644989
2786,521.7,0.888288736343384
2787,521.9,1.06101155281067
2788,522.1,1.30137491226196
2789,522.3,1.14191019535065
2790,522.5,1.04431617259979
2791,522.7,0.99103856086731
2792,522.8,0.638472855091095
2793,523.0,1.29450035095215
2794,523.1,1.19224154949188
2795,523.3,0.473606675863266
2796,523.5,1.0877730846405
2797,523.6,0.430640816688538
2798,523.7,1.06862258911133
2799,524.0,1.03805553913116
2800,524.2,1.04615759849548
2801,524.3,0.412349611520767
2802,524.5,0.902528822422028
2803,524.6,0.466118335723877
2804,524.8,1.18782222270966
2805,524.9,0.973974943161011
2806,525.2,0.853424966335297
2807,525.4,1.05057692527771
2808,525.5,0.857598841190338
2809,525.8,0.901546776294708
2810,525.9,0.95322859287262
2811,526.1,0.998526871204376
2812,526.4,0.945617496967316
2813,526.6,0.89270806312561
2814,526.8,0.892462551593781
2815,527.0,0.952369272708893
2816,527.2,0.935060143470764
2817,527.4,0.977166712284088
2818,527.5,0.442180216312408
2819,527.7,0.80554872751236
2820,527.8,0.524429142475128
2821,528.0,0.986741960048676
2822,528.2,0.898232281208038
2823,528.3,0.88963907957077
2824,528.5,0.96501350402832
2825,528.8,0.815860569477081
2826,529.0,0.938251912593842
2827,529.1,0.576970279216766
2828,529.3,0.818070232868195
2829,529.5,0.977412223815918
2830,529.6,1
2831,529.9,0.885833561420441
2832,530.1,0.936901569366455
2833,530.3,1.0241836309433
2834,530.4,0.320648163557053
2835,530.6,0.898232281208038
2836,530.7,0.518168449401855
2837,530.9,1.01141667366028
2838,531.1,1.05450522899628
2839,531.3,0.884114921092987
2840,531.5,0.812914311885834
2841,531.7,0.822857856750488
2842,531.8,0.9629265666008
2843,532.1,0.893690168857574
2844,532.3,1.02528846263885
2845,532.5,0.955438256263733
2846,532.6,1.24760615825653
2847,532.8,0.504296600818634
2848,533.0,1.26540637016296
2849,533.2,1.16548001766205
2850,533.3,0.869874775409698
2851,533.6,0.935673952102661
2852,533.8,0.932482182979584
2853,534.0,1.25902283191681
2854,534.1,0.474588751792908
2855,534.3,0.9558065533638
2856,534.5,1.14350605010986
2857,534.7,1.41419100761414
2858,534.9,2.22170400619507
2859,535.1,3.10557317733765
2860,535.2,2.49165225028992
2861,535.5,1.54554378986359
2862,535.7,1.10434567928314
2863,535.9,1.89381289482117
2864,536.1,2.00073647499084
2865,536.2,1.56604468822479
2866,536.4,0.596611857414246
2867,536.6,1.02786648273468
2868,536.7,0.526516079902649
2869,536.9,1.63908672332764
2870,537.1,1.89651358127594
2871,537.3,1.55880188941956
2872,537.4,1.5006138086319
2873,537.6,0.551190793514252
2874,537.8,0.904001951217651
2875,538.0,1.27608644962311
2876,538.2,1.41640067100525
2877,538.4,1.12509202957153
2878,538.6,0.894672214984894
2879,538.7,0.485514372587204
2880,538.9,1.09931254386902
2881,539.0,0.506015241146088
2882,539.2,1.03928303718567
2883,539.3,0.632334887981415
2884,539.5,0.9187331199646
2885,539.7,0.949300289154053
2886,539.9,0.706972718238831
2887,540.0,0.306285291910172
2888,540.2,1.07549715042114
2889,540.4,1.0247974395752
2890,540.6,0.87785416841507
2891,540.8,1.01411736011505
2892,540.9,0.426589727401733
2893,541.1,0.85796707868576
2894,541.3,0.981340527534485
2895,541.4,0.463172107934952
2896,541.6,0.876872062683105
2897,541.8,0.780751287937164
2898,541.9,0.907316446304321
2899,542.2,0.764792561531067
2900,542.3,0.890252888202667
2901,542.6,1.0617481470108
2902,542.8,1.1290203332901
2903,542.9,0.538546502590179
2904,543.1,0.987478494644165
2905,543.3,1.05143630504608
2906,543.5,0.873434841632843
2907,543.7,0.996808230876923
2908,543.9,0.905106782913208
2909,544.0,0.427940100431442
2910,544.2,0.994230270385742
2911,544.3,0.444144368171692
2912,544.5,0.966977655887604
2913,544.7,0.860054016113281
2914,544.9,0.946354031562805
2915,545.1,1.0766019821167
2916,545.2,0.744414448738098
2917,545.4,0.414436519145966
2918,545.5,0.790203809738159
2919,545.7,0.474957048892975
2920,545.9,0.948440968990326
2921,546.0,0.423397988080978
2922,546.1,0.927817344665527
2923,546.3,0.559538424015045
2924,546.5,0.919101417064667
2925,546.7,1.0989443063736
2926,546.9,1.01141667366028
2927,547.1,1.20095753669739
2928,547.2,1.21593415737152
2929,547.4,0.483672976493835
2930,547.6,0.788116872310638
2931,547.8,0.956174790859222
2932,548.0,1.0211147069931
2933,548.1,0.971274256706238
2934,548.4,0.932236671447754
2935,548.5,1.12091827392578
2936,548.8,1.81659710407257
2937,549.0,2.99521231651306
2938,549.2,4.57083225250244
2939,549.3,1.76037323474884
2940,549.4,2.38804316520691
2941,549.6,1.32875025272369
2942,549.9,1.55745148658752
