#"+ Scan (rt: 0.088-69.529 min, 11307 scans) BARLEYSTRAW_20231030.D "
#Point,X(Thompsons),Y(Counts)
0,10.1,2.33917045593262
1,10.2,4.48262119293213
2,10.5,4.35623931884766
3,10.6,2.23728656768799
4,10.8,4.72981357574463
5,10.9,2.24719190597534
6,11.1,5.1036524772644
7,11.3,4.3595118522644
8,11.4,4.26355361938477
9,11.7,3.04616618156433
10,11.9,10.9565753936768
11,12.1,137.858673095703
12,12.2,228.099411010742
13,12.4,6.25922012329102
14,12.7,3.31723713874817
15,12.8,3.55257797241211
16,13.0,24.1890869140625
17,13.2,214.997177124023
18,13.3,10.4577693939209
19,14.2,7934.09033203125
20,14.9,1.40222871303558
21,15.1,359.074645996094
22,15.2,2169.22314453125
23,15.4,2.23498725891113
24,16.0,0.555408179759979
25,16.2,4909.84619140625
26,17.2,11223.884765625
27,18.2,47710.9765625
28,18.9,4.93393468856812
29,19.1,142.362258911133
30,19.2,141.039093017578
31,19.3,18.9128856658936
32,19.5,0.969753265380859
33,19.7,0.147430792450905
34,19.9,6.01981067657471
35,20.1,306.895202636719
36,20.2,143.705490112305
37,20.4,0.655434668064117
38,20.7,0.845140159130096
39,20.9,4.08578777313232
40,21.0,2.73644638061523
41,21.2,5.23622512817383
42,21.4,4.53347492218018
43,21.6,3.48845839500427
44,21.8,5.26346492767334
45,22.0,18.8955516815186
46,22.1,40.9673652648926
47,22.2,27.5981254577637
48,22.4,3.15636324882507
49,22.6,3.41018843650818
50,22.7,1.77960550785065
51,22.9,3.80622625350952
52,23.1,4.43044137954712
53,23.3,3.91032099723816
54,23.5,3.53860449790955
55,23.7,3.32731938362122
56,23.8,3.18705224990845
57,24.0,21.0945434570313
58,24.1,63.5175552368164
59,24.2,42.9300422668457
60,24.4,3.12195992469788
61,24.5,2.8567259311676
62,24.8,4.53064489364624
63,25.0,39.3575668334961
64,25.2,430.678253173828
65,25.3,21.8179893493652
66,25.5,1.77270722389221
67,25.8,1.02290618419647
68,26.0,41.8479690551758
69,26.1,878.682678222656
70,26.2,1350.259765625
71,26.4,4.39064311981201
72,26.6,0.142920315265656
73,27.0,0.347306966781616
74,27.2,4247.58984375
75,27.3,2.24860715866089
76,28.1,295331.3125
77,29.0,8.87839412689209
78,29.1,15785.3525390625
79,29.8,0.236490666866302
80,30.0,55.5539932250977
81,30.1,1388.0419921875
82,30.2,879.035888671875
83,30.4,2.44751048088074
84,30.7,0.68426638841629
85,30.8,0.805518686771393
86,31.0,14.9362344741821
87,31.1,7242.2607421875
88,31.3,1.84107184410095
89,32.1,77844.2265625
90,33.0,53.9418067932129
91,33.1,321.525787353516
92,33.3,18.4628105163574
93,33.5,0.965861856937408
94,33.8,2.06977987289429
95,34.0,137.848861694336
96,34.1,294.310882568359
97,34.3,10.6710004806519
98,34.6,0.629698395729065
99,34.7,1.34500753879547
100,34.9,24.51145362854
101,35.1,69.4123077392578
102,35.2,26.6875381469727
103,35.4,2.37693452835083
104,35.6,0.112319804728031
105,35.8,1.06465017795563
106,36.0,189.392593383789
107,36.1,431.361724853516
108,36.3,3.48792791366577
109,36.4,0.387370645999908
110,36.6,0.259839028120041
111,36.8,3.33094549179077
112,37.0,73.9952239990234
113,37.1,947.478454589844
114,37.3,14.0596971511841
115,37.5,0.899177491664886
116,37.8,1.54904043674469
117,38.0,96.5891952514648
118,38.1,1371.861328125
119,38.2,413.477478027344
120,38.4,1.11665344238281
121,38.7,0.0721676871180534
122,38.8,0.0427169017493725
123,39.0,39.1197471618652
124,39.1,7131.97265625
125,39.3,11.3267889022827
126,40.1,8760.2353515625
127,40.2,19.1738739013672
128,40.9,0.382329523563385
129,41.1,4167.58349609375
130,41.2,2294.833984375
131,41.4,0.129565760493279
132,41.7,0.01468117069453
133,41.9,1.89165997505188
134,42.1,5525.30712890625
135,42.2,1214.04223632813
136,42.4,0.326081186532974
137,42.8,0.0660652667284012
138,43.0,27.3098087310791
139,43.1,26493.46484375
140,43.3,7.09286260604858
141,44.1,33737.171875
142,44.2,25.0622615814209
143,44.9,5.84761667251587
144,45.1,6968.59423828125
145,45.2,300.933837890625
146,45.5,0.12257893383503
147,45.6,0.050765011459589
148,45.8,4.94507837295532
149,46.0,134.051467895508
150,46.1,542.370910644531
151,46.2,94.807373046875
152,46.4,2.00725221633911
153,46.5,1.31502604484558
154,46.8,4.9600248336792
155,47.0,156.053421020508
156,47.1,393.609344482422
157,47.3,12.0908288955688
158,47.6,1.82267618179321
159,47.8,11.4028482437134
160,48.0,127.701599121094
161,48.1,363.287353515625
162,48.2,38.5236587524414
163,48.4,3.15910506248474
164,48.6,0.630140602588654
165,48.8,6.11842203140259
166,48.9,18.4754581451416
167,49.1,315.806579589844
168,49.2,87.4671478271484
169,49.4,2.73865747451782
170,49.7,0.535332083702087
171,49.9,11.7339696884155
172,50.1,1719.90869140625
173,50.2,243.618469238281
174,50.4,0.892809748649597
175,50.6,0.120986998081207
176,50.8,0.86247456073761
177,50.9,7.3234281539917
178,51.1,2197.49829101563
179,51.2,426.763854980469
180,51.4,0.257804900407791
181,51.5,0.287874758243561
182,51.8,1.61731672286987
183,52.0,99.3228988647461
184,52.1,1119.72570800781
185,52.2,376.980285644531
186,52.4,1.37914562225342
187,52.7,0.380295395851135
188,52.9,6.93959474563599
189,53.1,3067.64868164063
190,53.2,491.133361816406
191,53.4,0.53241354227066
192,53.7,0.297072619199753
193,53.9,9.15353298187256
194,54.0,77.5130462646484
195,54.1,1976.43408203125
196,54.3,16.4223041534424
197,54.5,0.172547981142998
198,54.7,0.026620676741004
199,54.9,1.41850185394287
200,55.0,47.7664260864258
201,55.1,7309.31982421875
202,55.3,6.12726640701294
203,55.4,0.164234548807144
204,55.6,0.0168037507683039
205,55.8,0.547094702720642
206,56.0,88.4605102539063
207,56.1,2875.43530273438
208,56.3,17.5604496002197
209,56.5,0.23100733757019
210,56.8,0.148492082953453
211,57.0,51.046875
212,57.1,4840.72216796875
213,57.2,923.585998535156
214,57.4,0.781993448734283
215,57.7,0.745113670825958
216,57.9,19.2694797515869
217,58.1,3374.70336914063
218,58.2,360.260284423828
219,58.4,1.96878039836884
220,58.5,1.20916247367859
221,58.7,0.78411602973938
222,58.9,22.248872756958
223,59.1,660.102478027344
224,59.2,245.399215698242
225,59.3,20.4482173919678
226,59.5,0.616432309150696
227,59.6,0.486601233482361
228,59.9,14.3737506866455
229,60.0,168.914306640625
230,60.1,5131.92724609375
231,60.3,6.28902435302734
232,60.5,0.111966036260128
233,60.7,0.893694162368774
234,60.8,2.85964441299438
235,61.0,145.637390136719
236,61.1,782.662048339844
237,61.3,11.8575220108032
238,61.5,0.345007508993149
239,61.7,1.30644738674164
240,61.9,21.2637310028076
241,62.1,621.984802246094
242,62.2,133.445037841797
243,62.4,1.51118779182434
244,62.5,0.756610929965973
245,62.8,2.14451217651367
246,63.0,146.616439819336
247,63.1,1474.82470703125
248,63.3,10.6512775421143
249,63.6,0.874414086341858
250,63.8,5.74378681182861
251,63.9,33.5617752075195
252,64.1,1517.08715820313
253,64.2,153.512786865234
254,64.4,1.21172726154327
255,64.5,0.474219501018524
256,64.7,0.271690100431442
257,64.9,10.0619087219238
258,65.1,2013.73852539063
259,65.2,416.429748535156
260,65.4,1.21968686580658
261,65.6,0.206243917346001
262,65.8,3.40479350090027
263,66.0,141.855392456055
264,66.1,1198.11633300781
265,66.2,293.362976074219
266,66.4,1.28469085693359
267,66.5,0.58645087480545
268,66.7,0.198372691869736
269,66.9,7.12629365921021
270,67.1,2045.86999511719
271,67.2,627.17724609375
272,67.4,0.908021569252014
273,67.7,0.316175818443298
274,67.9,9.86433219909668
275,68.1,1864.62548828125
276,68.2,370.391540527344
277,68.4,1.62925624847412
278,68.6,0.216768369078636
279,68.8,0.988148927688599
280,69.0,86.9912414550781
281,69.1,3903.42749023438
282,69.3,12.656849861145
283,69.5,0.531706035137177
284,69.8,2.59874415397644
285,69.9,12.45361328125
286,70.1,1623.96008300781
287,70.2,457.254455566406
288,70.3,22.4973907470703
289,70.5,0.801008224487305
290,70.7,0.882815957069397
291,70.9,10.726806640625
292,71.1,1203.4228515625
293,71.2,397.487396240234
294,71.4,2.71415948867798
295,71.7,1.03484570980072
296,71.8,3.80145049095154
297,72.0,114.680107116699
298,72.1,892.046325683594
299,72.3,20.4937648773193
300,72.5,0.218537196516991
301,72.9,2.06111264228821
302,73.1,2777.32690429688
303,73.2,418.643218994141
304,73.4,0.112496681511402
305,73.6,0.0795967131853104
306,73.7,0.104537010192871
307,73.9,20.0992298126221
308,74.1,1751.87438964844
309,74.2,183.328552246094
310,74.4,1.07146012783051
311,74.7,0.308658361434937
312,74.9,21.5453262329102
313,75.1,685.397277832031
314,75.2,165.180328369141
315,75.4,1.16892194747925
316,75.6,0.226673737168312
317,75.8,5.7422833442688
318,76.0,202.075881958008
319,76.1,471.137878417969
320,76.3,24.3081283569336
321,76.5,0.355885744094849
322,76.8,0.269302189350128
323,77.0,156.919158935547
324,77.1,3788.75415039063
325,77.3,2.13319182395935
326,77.5,0.0654461830854416
327,77.8,0.411957204341888
328,78.0,150.18244934082
329,78.1,1842.24182128906
330,78.3,14.6536655426025
331,78.4,0.369859367609024
332,78.9,3.71265578269958
333,79.1,3238.2138671875
334,79.2,483.868835449219
335,79.4,0.0453701242804527
336,79.8,2.02440977096558
337,80.0,147.446624755859
338,80.1,932.362609863281
339,80.3,20.1232872009277
340,80.5,0.088352344930172
341,80.9,5.25603628158569
342,81.1,2962.85229492188
343,81.2,421.110015869141
344,81.6,0.119041301310062
345,81.8,3.01326608657837
346,81.9,16.1960735321045
347,82.1,1648.07055664063
348,82.2,397.585662841797
349,82.4,3.44008135795593
350,82.5,2.22119045257568
351,82.7,0.648447871208191
352,82.9,19.1510562896729
353,83.0,143.179092407227
354,83.1,1549.30798339844
355,83.3,17.2006721496582
356,83.4,1.36906337738037
357,83.6,0.286459714174271
358,83.8,3.09728479385376
359,84.0,147.454406738281
360,84.1,1988.46557617188
361,84.3,23.1891746520996
362,84.5,0.349960207939148
363,84.8,0.826832950115204
364,85.0,386.666137695313
365,85.1,2173.55444335938
366,85.3,2.49243831634521
367,85.7,0.551339864730835
368,85.9,27.6299629211426
369,86.1,1310.1025390625
370,86.2,159.320159912109
371,86.4,2.54514908790588
372,86.6,0.683116674423218
373,86.8,5.23339509963989
374,87.0,180.75422668457
375,87.1,447.893157958984
376,87.2,155.709823608398
377,87.4,2.08640670776367
378,87.6,1.9024498462677
379,87.8,11.3098964691162
380,88.0,111.383476257324
381,88.1,230.822937011719
382,88.3,24.8956394195557
383,88.5,2.09418940544128
384,88.8,7.81675052642822
385,89.0,201.681793212891
386,89.1,932.934020996094
387,89.3,14.5279026031494
388,89.6,1.71760857105255
389,89.8,9.99531269073486
390,90.0,106.135581970215
391,90.1,367.618743896484
392,90.3,25.1339874267578
393,90.5,0.406827628612518
394,90.7,0.163527011871338
395,90.9,6.72839832305908
396,91.1,3607.93286132813
397,91.2,586.352355957031
398,91.4,0.184664368629456
399,91.6,0.16839125752449
400,91.8,2.88599991798401
401,92.0,134.9306640625
402,92.1,816.521423339844
403,92.2,231.341033935547
404,92.4,2.5884850025177
405,92.6,0.46121871471405
406,92.8,2.90934824943542
407,93.0,128.631637573242
408,93.1,1132.22106933594
409,93.3,21.8181648254395
410,93.5,1.00866723060608
411,93.8,3.95692944526672
412,94.0,147.462539672852
413,94.1,1684.78149414063
414,94.2,301.571594238281
415,94.4,6.26523399353027
416,94.6,0.808967888355255
417,94.8,4.00521802902222
418,95.0,155.870788574219
419,95.1,3469.47583007813
420,95.3,14.8976736068726
421,95.5,0.593083918094635
422,95.7,0.439373850822449
423,95.9,24.2098693847656
424,96.1,3173.01245117188
425,96.2,334.327850341797
426,96.4,0.852569222450256
427,96.6,1.80109667778015
428,96.7,2.72910594940186
429,96.9,37.4713897705078
430,97.1,1363.20068359375
431,97.2,399.175628662109
432,97.4,2.76846194267273
433,97.7,1.38657474517822
434,97.9,20.4319438934326
435,98.1,2297.25610351563
436,98.2,228.83576965332
437,98.3,18.887414932251
438,98.5,0.726187288761139
439,98.7,1.5249844789505
440,98.9,26.3303260803223
441,99.1,562.942321777344
442,99.2,141.963653564453
443,99.3,21.9960193634033
444,99.5,2.38365602493286
445,99.8,8.66445541381836
446,100.0,113.448394775391
447,100.1,403.984527587891
448,100.3,20.2996368408203
449,100.5,3.2445387840271
450,100.8,9.25179100036621
451,100.9,30.4858055114746
452,101.1,327.833923339844
453,101.2,110.600158691406
454,101.4,4.59980535507202
455,101.6,1.05288755893707
456,101.8,7.20191049575806
457,102.0,157.802597045898
458,102.1,594.489807128906
459,102.3,17.0693378448486
460,102.5,1.3317414522171
461,102.7,0.906694948673248
462,102.9,31.8748569488525
463,103.1,931.375366210938
464,103.2,241.187316894531
465,103.4,1.45900774002075
466,103.7,2.22587776184082
467,103.9,36.2638206481934
468,104.0,115.550193786621
469,104.1,559.459899902344
470,104.3,19.9366760253906
471,104.4,3.7417528629303
472,104.6,0.416025459766388
473,104.8,2.72795605659485
474,105.0,157.17121887207
475,105.1,1306.10327148438
476,105.2,315.980194091797
477,105.4,1.49456083774567
478,105.7,1.77120363712311
479,105.8,4.2978687286377
480,106.0,126.032989501953
481,106.1,442.565399169922
482,106.2,236.767227172852
483,106.4,6.45944976806641
484,106.7,2.16281938552856
485,106.9,18.2104015350342
486,107.1,2486.67016601563
487,107.2,341.651885986328
488,107.4,1.52012026309967
489,107.5,1.55089771747589
490,107.8,7.08092355728149
491,108.0,146.595916748047
492,108.1,1132.4609375
493,108.2,242.1865234375
494,108.4,3.84735131263733
495,108.7,1.75006628036499
496,108.9,17.4012565612793
497,109.0,129.194213867188
498,109.1,1897.26538085938
499,109.3,19.7230911254883
500,109.6,1.54497218132019
501,109.8,4.10321044921875
502,110.0,142.694519042969
503,110.1,2605.66186523438
504,110.3,15.0038032531738
505,110.5,1.42734587192535
506,110.8,4.22631978988647
507,111.0,136.949859619141
508,111.1,986.755432128906
509,111.3,20.1100196838379
510,111.4,4.52922964096069
511,111.6,0.714159369468689
512,111.8,6.35774278640747
513,111.9,20.0980815887451
514,112.1,1421.12658691406
515,112.2,162.504119873047
516,112.3,24.6369514465332
517,112.6,2.36924028396606
518,112.8,8.3864860534668
519,113.0,121.587776184082
520,113.1,327.201568603516
521,113.3,19.0389137268066
522,113.4,4.62138509750366
523,113.6,1.39718759059906
524,113.8,8.17378616333008
525,114.0,144.714157104492
526,114.1,857.516662597656
527,114.3,18.1174488067627
528,114.5,1.01715755462646
529,114.8,2.79587864875793
530,115.0,175.636688232422
531,115.1,1537.17114257813
532,115.3,8.78906917572021
533,115.6,0.597859740257263
534,115.8,6.07641267776489
535,115.9,22.9270362854004
536,116.1,492.320068359375
537,116.2,169.231719970703
538,116.4,3.20129132270813
539,116.6,0.492349863052368
540,116.8,4.82745218276978
541,117.0,149.603607177734
542,117.1,584.072875976563
543,117.2,268.425415039063
544,117.4,1.92853987216949
545,117.7,1.79543650150299
546,117.8,5.11223125457764
547,118.0,129.363845825195
548,118.1,517.119750976563
549,118.3,21.7442283630371
550,118.5,1.56699395179749
551,118.8,4.77907514572144
552,118.9,25.3694171905518
553,119.1,1221.15368652344
554,119.2,261.861938476563
555,119.3,17.2517032623291
556,119.6,1.42938005924225
557,119.8,7.60891485214233
558,120.0,134.108245849609
559,120.1,2004.83630371094
560,120.3,22.0125579833984
561,120.5,0.844697952270508
562,120.7,1.36994779109955
563,120.9,19.3903770446777
564,121.1,1404.83679199219
565,121.2,252.078796386719
566,121.3,16.4560012817383
567,121.5,0.37693464756012
568,121.7,1.62341916561127
569,121.9,22.0925979614258
570,122.1,1349.681640625
571,122.2,264.964263916016
572,122.4,2.88387727737427
573,122.7,1.76457059383392
574,122.9,19.94162940979
575,123.1,1528.83117675781
576,123.2,215.820022583008
577,123.4,1.90147697925568
578,123.6,1.42177414894104
579,123.7,1.04934990406036
580,123.9,19.8169269561768
581,124.0,126.613426208496
582,124.1,2086.8232421875
583,124.3,15.9869108200073
584,124.6,2.24418497085571
585,124.8,7.29406547546387
586,125.0,131.832489013672
587,125.1,751.025634765625
588,125.3,24.5440883636475
589,125.5,1.68930745124817
590,125.7,4.10922431945801
591,125.9,28.6355361938477
592,126.1,919.568969726563
593,126.2,178.364196777344
594,126.4,4.9923939704895
595,126.7,3.58070230484009
596,126.9,33.6086502075195
597,127.1,455.586883544922
598,127.2,163.667999267578
599,127.4,2.40992307662964
600,127.5,1.82983994483948
601,127.8,4.6728572845459
602,128.0,144.053955078125
603,128.1,962.148315429688
604,128.3,14.5109224319458
605,128.4,2.32590436935425
606,128.6,0.854868650436401
607,128.8,4.56681680679321
608,129.0,133.843719482422
609,129.1,808.266662597656
610,129.3,17.6208534240723
611,129.4,2.14371633529663
612,129.7,1.6797559261322
613,129.9,24.0987892150879
614,130.1,363.702941894531
615,130.2,128.622894287109
616,130.3,24.289909362793
617,130.5,1.70558059215546
618,130.8,4.69797468185425
619,131.0,154.961532592773
620,131.1,1240.45056152344
621,131.3,12.0388250350952
622,131.4,2.18581414222717
623,131.7,2.30936598777771
624,131.8,5.36959409713745
625,132.0,127.310600280762
626,132.1,620.843872070313
627,132.3,20.5726547241211
628,132.5,0.622534692287445
629,132.7,0.52135843038559
630,132.9,27.4146995544434
631,133.1,1209.84216308594
632,133.2,251.823471069336
633,133.4,0.746882438659668
634,133.7,2.14203596115112
635,133.9,35.9810752868652
636,134.1,658.640686035156
637,134.2,215.106842041016
638,134.4,1.96055543422699
639,134.6,1.0975501537323
640,134.7,0.449898302555084
641,134.9,18.5851249694824
642,135.0,162.653747558594
643,135.1,2364.39013671875
644,135.3,11.5855665206909
645,135.4,1.1551251411438
646,135.6,0.310515612363815
647,135.8,4.64517545700073
648,136.0,137.340667724609
649,136.1,795.467956542969
650,136.2,259.538604736328
651,136.4,2.51216053962708
652,136.7,1.08012735843658
653,136.9,18.119836807251
654,137.1,2000.16418457031
655,137.2,270.936676025391
656,137.4,1.10842835903168
657,137.7,0.740426301956177
658,137.9,21.2298583984375
659,138.0,110.020515441895
660,138.1,1198.10913085938
661,138.3,17.7987079620361
662,138.5,1.24913775920868
663,138.8,3.55912256240845
664,139.0,199.137619018555
665,139.1,845.297607421875
666,139.2,184.09489440918
667,139.4,0.768285155296326
668,139.5,1.00689840316772
669,139.8,5.94950008392334
670,140.0,114.045547485352
671,140.1,427.621398925781
672,140.2,135.655349731445
673,140.4,3.97965860366821
674,140.7,2.3739275932312
675,140.9,27.1261157989502
676,141.1,440.985931396484
677,141.2,200.007965087891
678,141.4,3.02334833145142
679,141.7,2.73865747451782
680,141.9,32.7480316162109
681,142.1,307.884674072266
682,142.2,128.724334716797
683,142.4,4.29981422424316
684,142.7,2.12726640701294
685,142.9,20.7323780059814
686,143.0,77.5167617797852
687,143.1,358.924285888672
688,143.3,22.146900177002
689,143.6,1.86415493488312
690,143.7,1.40576636791229
691,143.9,21.3288230895996
692,144.0,90.7459945678711
693,144.1,435.96240234375
694,144.3,18.6352710723877
695,144.4,4.32608127593994
696,144.7,2.17113304138184
697,144.9,19.8393039703369
698,145.1,729.364990234375
699,145.2,240.269836425781
700,145.3,17.6462364196777
701,145.5,0.610506772994995
702,145.7,2.29645347595215
703,145.9,22.4156723022461
704,146.1,472.879821777344
705,146.2,186.450347900391
706,146.4,2.81277084350586
707,146.7,1.32793843746185
708,146.9,22.5247192382813
709,147.1,1273.04724121094
710,147.2,291.530456542969
711,147.4,1.51490223407745
712,147.7,1.2641726732254
713,147.9,25.2193336486816
714,148.0,113.122222900391
715,148.1,688.945434570313
716,148.3,19.3664093017578
717,148.4,3.55585026741028
718,148.6,0.877244174480438
719,148.8,5.96347379684448
720,148.9,27.0077819824219
721,149.1,704.818542480469
722,149.2,202.29150390625
723,149.4,1.7254798412323
724,149.7,1.40346682071686
725,149.9,21.0223751068115
726,150.1,2225.18579101563
727,150.2,229.573013305664
728,150.3,16.7143363952637
729,150.5,0.707437872886658
730,150.7,1.80764126777649
731,150.9,24.1653842926025
732,151.1,1163.24755859375
733,151.2,196.409576416016
734,151.3,12.0963115692139
735,151.5,0.913062691688538
736,151.8,4.30573987960815
737,151.9,14.3447418212891
738,152.1,954.55078125
739,152.2,265.522674560547
740,152.3,14.8120632171631
741,152.5,1.36800217628479
742,152.8,5.26541090011597
743,153.0,147.430801391602
744,153.1,648.310852050781
745,153.3,15.0613775253296
746,153.6,0.999204039573669
747,153.7,0.820111453533173
748,153.9,24.8711414337158
749,154.1,1234.74536132813
750,154.2,169.225173950195
751,154.4,2.39886784553528
752,154.6,2.11744928359985
753,154.7,1.78190505504608
754,154.9,30.7113285064697
755,155.0,95.0922470092773
756,155.1,411.757843017578
757,155.3,19.6442909240723
758,155.4,3.55001330375671
759,155.7,2.97390985488892
760,155.9,26.2623157501221
761,156.1,175.160873413086
762,156.2,111.230125427246
763,156.4,3.94339799880981
764,156.5,2.32510828971863
765,156.8,5.87423706054688
766,156.9,16.351993560791
767,157.1,337.380035400391
768,157.2,173.396926879883
769,157.4,2.59732913970947
770,157.6,1.71354031562805
771,157.8,5.43716287612915
772,158.0,86.5090637207031
773,158.1,364.780303955078
774,158.3,20.4347743988037
775,158.4,4.2282657623291
776,158.7,3.12284421920776
777,158.9,31.3493404388428
778,159.1,473.142730712891
779,159.2,217.357650756836
780,159.4,2.36587953567505
781,159.6,0.774299085140228
782,159.8,5.51101064682007
783,160.0,95.3749923706055
784,160.1,459.400726318359
785,160.3,20.0039806365967
786,160.6,2.06031656265259
787,160.8,9.48598194122314
788,161.0,138.397537231445
789,161.1,693.636657714844
790,161.3,12.6358003616333
791,161.4,2.44989824295044
792,161.7,2.22746968269348
793,161.9,25.0405941009521
794,162.1,591.283630371094
795,162.2,181.670913696289
796,162.3,16.611213684082
797,162.6,1.97470593452454
798,162.8,12.3907318115234
799,163.0,204.299819946289
800,163.1,386.988250732422
801,163.2,164.275146484375
802,163.4,1.59591400623322
803,163.6,0.929070472717285
804,163.8,8.30910015106201
805,164.0,115.686210632324
806,164.1,804.296081542969
807,164.3,18.4130191802979
808,164.5,2.14760756492615
809,164.8,8.43663215637207
810,164.9,23.7422828674316
811,165.1,969.752990722656
812,165.2,216.294860839844
813,165.4,1.6140444278717
814,165.6,1.08092331886292
815,165.8,5.77580261230469
816,166.0,108.121162414551
817,166.1,544.462890625
818,166.3,18.4171752929688
819,166.4,3.05713272094727
820,166.7,2.12072157859802
821,166.9,18.7827014923096
822,167.1,819.521789550781
823,167.2,199.268768310547
824,167.4,2.69965505599976
825,167.7,1.76518964767456
826,167.9,19.594144821167
827,168.1,464.128051757813
828,168.2,135.637390136719
829,168.3,22.4291152954102
830,168.6,1.91049790382385
831,168.8,5.2095160484314
832,169.0,77.3469543457031
833,169.1,246.476165771484
834,169.3,21.477668762207
835,169.6,2.10179543495178
836,169.8,5.97842025756836
837,170.0,66.4991607666016
838,170.1,108.363845825195
839,170.2,101.716903686523
840,170.4,4.59865570068359
841,170.7,2.17688155174255
842,170.9,16.6302299499512
843,171.1,248.679489135742
844,171.2,160.580795288086
845,171.4,4.60334300994873
846,171.7,2.35057926177979
847,171.9,18.4965953826904
848,172.1,226.202346801758
849,172.2,134.673736572266
850,172.4,4.01211643218994
851,172.7,2.11532688140869
852,172.9,16.1038303375244
853,173.1,285.971160888672
854,173.2,149.549392700195
855,173.4,2.56575584411621
856,173.6,1.89493238925934
857,173.8,4.56478309631348
858,174.0,80.0154800415039
859,174.1,373.935974121094
860,174.3,20.2630233764648
861,174.6,1.9305739402771
862,174.8,6.42203950881958
863,175.0,89.681526184082
864,175.1,412.057830810547
865,175.3,17.2356948852539
866,175.4,3.57380390167236
867,175.7,2.49111175537109
868,175.8,5.65003967285156
869,176.0,108.648094177246
870,176.1,477.124359130859
871,176.3,17.2387008666992
872,176.6,1.46732115745544
873,176.8,7.41319513320923
874,177.0,205.300262451172
875,177.1,473.146820068359
876,177.3,13.0226411819458
877,177.4,2.00539493560791
878,177.7,2.00353765487671
879,177.9,26.3904666900635
880,178.1,520.392883300781
881,178.2,206.995223999023
882,178.3,16.194393157959
883,178.5,0.968161344528198
884,178.7,2.51552128791809
885,178.9,36.4035568237305
886,179.1,423.148223876953
887,179.2,179.732559204102
888,179.4,1.59166884422302
889,179.6,0.723003447055817
890,179.8,5.71707773208618
891,179.9,18.4554691314697
892,180.1,1219.50219726563
893,180.2,247.484649658203
894,180.4,3.75245428085327
895,180.7,2.65304684638977
896,180.9,20.2342796325684
897,181.1,799.251525878906
898,181.2,190.860092163086
899,181.4,2.30538606643677
900,181.7,1.80596089363098
901,181.9,19.8928089141846
902,182.0,65.5898132324219
903,182.1,577.778869628906
904,182.3,19.4001941680908
905,182.6,2.03175020217896
906,182.8,5.16847991943359
907,182.9,13.5167598724365
908,183.1,189.96745300293
909,183.2,109.564514160156
910,183.4,2.97550201416016
911,183.5,1.64844787120819
912,183.8,5.19686937332153
913,183.9,12.8762712478638
914,184.1,145.441757202148
915,184.2,94.0154800415039
916,184.4,4.40364360809326
917,184.7,2.87123012542725
918,184.9,16.710090637207
919,185.1,202.174407958984
920,185.2,155.151672363281
921,185.4,4.50862312316895
922,185.7,2.52551507949829
923,185.9,15.0953388214111
924,186.0,52.2846908569336
925,186.1,252.081985473633
926,186.3,21.1318645477295
927,186.6,2.19395065307617
928,186.8,5.98629188537598
929,187.0,75.9213790893555
930,187.1,252.141067504883
931,187.3,15.5688514709473
932,187.4,3.48439025878906
933,187.6,0.776598572731018
934,187.8,4.64340686798096
935,188.0,65.5380706787109
936,188.1,276.242950439453
937,188.3,20.167594909668
938,188.5,0.968161344528198
939,188.7,2.92111086845398
940,188.8,5.56991243362427
941,189.0,92.3274993896484
942,189.1,340.763061523438
943,189.3,18.1991691589355
944,189.4,3.15353322029114
945,189.6,0.702838957309723
946,189.8,5.40205192565918
947,190.0,79.7439651489258
948,190.1,200.428146362305
949,190.2,142.966751098633
950,190.4,3.0399751663208
951,190.7,1.94463610649109
952,190.9,37.9537467956543
953,191.1,752.3876953125
954,191.2,125.843551635742
955,191.4,1.47200846672058
956,191.6,0.536570250988007
957,191.8,6.33067989349365
958,192.0,142.992218017578
959,192.1,459.725646972656
960,192.3,20.5869808197021
961,192.4,2.58627390861511
962,192.6,0.584151387214661
963,192.8,5.88352346420288
964,193.0,316.891204833984
965,193.1,768.237365722656
966,193.3,11.6611833572388
967,193.6,0.695321500301361
968,193.8,5.97868585586548
969,194.0,136.045013427734
970,194.2,901.56591796875
971,194.3,20.562572479248
972,194.5,0.830282151699066
973,194.7,2.53161764144897
974,194.9,31.6496868133545
975,195.1,306.956665039063
976,195.2,174.784210205078
977,195.4,2.59529495239258
978,195.7,2.13637566566467
979,195.9,18.8607063293457
980,196.1,285.572479248047
981,196.2,143.475463867188
982,196.4,3.89104104042053
983,196.7,3.41160345077515
984,196.9,21.1648540496826
985,197.0,61.2417984008789
986,197.2,358.455657958984
987,197.3,19.4929695129395
988,197.4,3.45343589782715
989,197.6,0.682497560977936
990,197.8,4.94737768173218
991,198.0,58.7348556518555
992,198.1,115.999557495117
993,198.2,107.035377502441
994,198.4,4.39533042907715
995,198.6,1.00168037414551
996,198.8,5.28283357620239
997,198.9,10.9763860702515
998,199.1,156.701950073242
999,199.2,112.465377807617
1000,199.4,4.23498725891113
1001,199.7,2.46360659599304
1002,199.9,17.4180603027344
1003,200.1,165.062530517578
1004,200.2,116.78889465332
1005,200.4,5.80649137496948
1006,200.7,4.15981245040894
1007,200.9,18.8454933166504
1008,201.0,48.269214630127
1009,201.1,189.698684692383
1010,201.3,20.8901557922363
1011,201.6,2.07048726081848
1012,201.7,1.13080394268036
1013,201.9,13.1976652145386
1014,202.1,208.118774414063
1015,202.2,114.756614685059
1016,202.3,23.5893688201904
1017,202.6,2.07137179374695
1018,202.8,7.26470327377319
1019,202.9,17.6425228118896
1020,203.1,186.87141418457
1021,203.2,105.98461151123
1022,203.4,3.29671883583069
1023,203.6,0.888387739658356
1024,203.8,5.47625350952148
1025,204.0,63.3054733276367
1026,204.1,233.402938842773
1027,204.3,19.3150253295898
1028,204.4,4.77031946182251
1029,204.7,2.78986477851868
1030,204.9,25.05784034729
1031,205.1,178.222518920898
1032,205.2,105.591491699219
1033,205.4,2.71265578269958
1034,205.6,1.64146101474762
1035,205.7,1.26319980621338
1036,205.9,18.7398948669434
1037,206.0,47.3118438720703
1038,206.1,183.12727355957
1039,206.3,17.3098087310791
1040,206.5,0.397364467382431
1041,206.7,0.479437530040741
1042,206.9,17.1097545623779
1043,207.1,5942.50830078125
1044,207.2,148.293090820313
1045,207.4,0.355266660451889
1046,207.7,0.390908300876617
1047,207.9,18.416467666626
1048,208.1,1445.28332519531
1049,208.2,239.547271728516
1050,208.4,1.86150169372559
1051,208.6,0.651101112365723
1052,208.8,5.83187389373779
1053,209.0,216.847702026367
1054,209.1,849.425659179688
1055,209.3,14.5108337402344
1056,209.6,0.770496129989624
1057,209.8,5.65879535675049
1058,210.0,97.9495849609375
1059,210.1,336.020355224609
1060,210.3,25.8721141815186
1061,210.6,1.76925802230835
1062,210.8,8.82913208007813
1063,211.0,138.304153442383
1064,211.1,224.122940063477
1065,211.2,144.731582641602
1066,211.4,1.16520738601685
1067,211.6,1.34120452404022
1068,211.8,6.24391984939575
1069,211.9,16.0466079711914
1070,212.1,170.063583374023
1071,212.2,126.588043212891
1072,212.4,4.01326608657837
1073,212.7,2.7178738117218
1074,212.9,24.0878219604492
1075,213.1,249.851425170898
1076,213.2,179.470504760742
1077,213.4,3.20120286941528
1078,213.7,1.89475548267365
1079,213.9,16.4340667724609
1080,214.0,41.9485282897949
1081,214.2,176.671005249023
1082,214.3,21.3874588012695
1083,214.4,4.95975923538208
1084,214.6,1.37569642066956
1085,214.8,10.7938442230225
1086,215.0,96.4675827026367
1087,215.1,236.934463500977
1088,215.3,19.3420886993408
1089,215.6,1.71522068977356
1090,215.8,5.95082712173462
1091,216.0,60.1752014160156
1092,216.1,202.392150878906
1093,216.3,21.040506362915
1094,216.6,2.29831075668335
1095,216.7,2.03776431083679
1096,216.9,21.5349788665771
1097,217.1,118.818870544434
1098,217.2,80.2776184082031
1099,217.4,3.86583542823792
1100,217.7,2.83682680130005
1101,217.9,17.0849914550781
1102,218.0,42.9132385253906
1103,218.2,191.982574462891
1104,218.3,20.364818572998
1105,218.6,2.44078898429871
1106,218.7,2.33121085166931
1107,218.9,24.0057487487793
1108,219.1,128.352783203125
1109,219.2,81.8057861328125
1110,219.4,3.86910772323608
1111,219.6,0.91960734128952
1112,219.8,8.19430446624756
1113,220.0,61.9793930053711
1114,220.1,103.617935180664
1115,220.2,99.8842315673828
1116,220.4,2.91509675979614
1117,220.6,1.61448657512665
1118,220.8,4.9761209487915
1119,221.0,95.2152633666992
1120,221.1,365.090637207031
1121,221.3,27.0425395965576
1122,221.5,1.38878571987152
1123,221.8,4.68497371673584
1124,222.0,67.0345840454102
1125,222.2,190.159194946289
1126,222.3,29.4083309173584
1127,222.6,2.85566473007202
1128,222.7,1.93667638301849
1129,222.9,28.3550891876221
1130,223.0,63.466438293457
1131,223.1,178.855575561523
1132,223.3,21.5955600738525
1133,223.5,0.773237824440002
1134,223.7,2.64225697517395
1135,223.9,18.8470859527588
1136,224.1,110.009552001953
1137,224.2,61.6823196411133
1138,224.3,23.969310760498
1139,224.5,1.36234188079834
1140,224.7,2.87308740615845
1141,224.9,26.0555400848389
1142,225.1,197.43115234375
1143,225.2,86.3158187866211
1144,225.3,22.2178287506104
1145,225.5,1.39250016212463
1146,225.8,5.71557426452637
1147,226.0,59.4388427734375
1148,226.2,156.747406005859
1149,226.3,24.1590156555176
1150,226.5,1.08578753471375
1151,226.7,2.57884502410889
1152,226.9,16.0190143585205
1153,227.0,39.0389137268066
1154,227.2,166.624572753906
1155,227.3,36.8488540649414
1156,227.5,1.8470858335495
1157,227.7,2.36004233360291
1158,227.9,13.8860883712769
1159,228.1,112.994071960449
1160,228.2,100.074287414551
1161,228.4,4.52056264877319
1162,228.6,2.5246307849884
1163,228.7,1.77438759803772
1164,228.9,17.0233478546143
1165,229.1,107.434951782227
1166,229.2,59.3042373657227
1167,229.3,23.3075084686279
1168,229.5,1.05872464179993
1169,229.7,2.59653306007385
1170,229.9,16.2923851013184
1171,230.1,120.072700500488
1172,230.2,94.3753433227539
1173,230.4,6.35517835617065
1174,230.7,3.76262497901917
1175,230.9,15.4382238388062
1176,231.1,85.9685134887695
1177,231.2,48.398868560791
1178,231.3,22.4652862548828
1179,231.6,2.26373052597046
1180,231.8,4.1656494140625
1181,231.9,9.90271472930908
1182,232.1,98.9767379760742
1183,232.2,85.0507659912109
1184,232.4,5.346510887146
1185,232.7,4.29778003692627
1186,232.9,23.9836387634277
1187,233.1,95.8771591186523
1188,233.2,69.5929946899414
1189,233.4,5.124436378479
1190,233.6,1.02662062644958
1191,233.8,6.43327140808105
1192,234.0,47.3917045593262
1193,234.1,74.0679244995117
1194,234.2,83.9639129638672
1195,234.4,3.93738389015198
1196,234.6,2.65225076675415
1197,234.8,9.40373229980469
1198,234.9,16.1559219360352
1199,235.1,87.8437271118164
1200,235.2,63.6746253967285
1201,235.4,3.76536655426025
1202,235.6,2.1827187538147
1203,235.8,7.27805805206299
1204,236.0,43.4952697753906
1205,236.2,96.2229614257813
1206,236.3,20.0145931243896
1207,236.4,5.92924737930298
1208,236.7,4.56947040557861
1209,236.9,23.6161670684814
1210,237.1,90.0026550292969
1211,237.2,65.0983428955078
1212,237.4,6.82143783569336
1213,237.7,4.48447847366333
1214,237.8,4.31325721740723
1215,238.0,38.9064292907715
1216,238.2,95.7195510864258
1217,238.3,22.668436050415
1218,238.5,1.53223669528961
1219,238.7,3.58698153495789
1220,238.9,16.0574855804443
1221,239.1,82.5137557983398
1222,239.2,67.6387176513672
1223,239.4,4.57893323898315
1224,239.5,2.64261078834534
1225,239.8,4.6734766960144
1226,240.0,36.1422119140625
1227,240.2,95.9374694824219
1228,240.3,20.8412494659424
1229,240.5,2.48881220817566
1230,240.8,4.42681503295898
1231,241.0,34.2928276062012
1232,241.2,89.8836975097656
1233,241.3,24.7256565093994
1234,241.5,2.88900685310364
1235,241.7,1.5264880657196
1236,241.9,10.981427192688
1237,242.1,76.0159225463867
1238,242.2,64.3802947998047
1239,242.4,3.8387725353241
1240,242.6,2.27115941047668
1241,242.8,5.20659780502319
1242,243.0,31.9548950195313
1243,243.1,37.0745544433594
1244,243.2,51.1253204345703
1245,243.4,5.68842315673828
1246,243.7,2.47934913635254
1247,243.9,12.2333955764771
1248,244.1,75.3822402954102
1249,244.2,65.0377655029297
1250,244.4,3.87229156494141
1251,244.5,2.41637921333313
1252,244.8,4.57919883728027
1253,245.0,32.5757484436035
1254,245.2,63.3571243286133
1255,245.3,15.5364818572998
1256,245.4,5.16945266723633
1257,245.6,1.31334567070007
1258,245.8,4.86371278762817
1259,246.0,36.1365509033203
1260,246.2,99.0719909667969
1261,246.3,22.470947265625
1262,246.6,2.34040856361389
1263,246.8,5.45228624343872
1264,247.0,31.4786415100098
1265,247.2,66.6024551391602
1266,247.3,16.2958335876465
1267,247.4,5.63880777359009
1268,247.7,3.52188920974731
1269,247.9,16.4974784851074
1270,248.1,80.2807998657227
1271,248.2,62.0716361999512
1272,248.4,3.86999201774597
1273,248.5,3.22393202781677
1274,248.8,12.2049169540405
1275,248.9,33.3530540466309
1276,249.1,148.002029418945
1277,249.2,51.9240303039551
1278,249.4,3.00654458999634
1279,249.6,2.58415150642395
1280,249.8,11.934907913208
1281,249.9,21.0605812072754
1282,250.1,100.029541015625
1283,250.2,63.4108085632324
1284,250.4,3.72309184074402
1285,250.6,3.50782704353333
1286,250.8,13.5887498855591
1287,251.0,98.4497222900391
1288,251.1,119.594497680664
1289,251.3,15.0273284912109
1290,251.6,3.01954531669617
1291,251.7,3.03307676315308
1292,251.9,26.3485450744629
1293,252.1,90.1719284057617
1294,252.2,58.9369430541992
1295,252.4,5.12983131408691
1296,252.6,1.37896883487701
1297,252.8,10.7344121932983
1298,253.0,78.7661590576172
1299,253.1,76.5095062255859
1300,253.2,74.4514007568359
1301,253.4,4.17935800552368
1302,253.6,1.22941541671753
1303,253.8,6.99575471878052
1304,254.0,41.4490127563477
1305,254.1,47.0688056945801
1306,254.2,61.3068008422852
1307,254.4,5.59317255020142
1308,254.7,3.5346245765686
1309,254.9,16.7766876220703
1310,255.0,28.027063369751
1311,255.2,87.3676452636719
1312,255.3,27.400016784668
1313,255.5,2.51499080657959
1314,255.7,1.39196956157684
1315,255.9,11.1223134994507
1316,256.0,22.3269653320313
1317,256.2,85.0171585083008
1318,256.3,48.955249786377
1319,256.5,3.28469085693359
1320,256.8,5.46113014221191
1321,257.0,27.3903770446777
1322,257.2,54.5081825256348
1323,257.3,18.1791801452637
1324,257.4,6.33819770812988
1325,257.7,2.70434236526489
1326,257.8,2.69390654563904
1327,258.0,28.4063854217529
1328,258.2,67.7117691040039
1329,258.3,20.4759883880615
1330,258.5,1.72813296318054
1331,258.7,2.31095790863037
1332,258.8,3.19925713539124
1333,259.0,26.2631988525391
1334,259.1,25.8020687103271
1335,259.2,36.4474220275879
1336,259.4,5.34191226959229
1337,259.6,0.984611332416534
1338,259.8,4.53170585632324
1339,260.0,28.6456184387207
1340,260.2,69.6764831542969
1341,260.3,17.167594909668
1342,260.4,5.95577955245972
1343,260.6,1.13283801078796
1344,260.8,4.66206789016724
1345,261.0,24.044397354126
1346,261.2,44.7981796264648
1347,261.3,18.3849830627441
1348,261.5,2.41735219955444
1349,261.7,1.30918896198273
1350,261.9,10.5097723007202
1351,262.1,49.0639419555664
1352,262.2,44.8105583190918
1353,262.4,5.96993017196655
1354,262.7,3.25692057609558
1355,262.9,12.6511898040771
1356,263.1,40.9520645141602
1357,263.2,34.859733581543
1358,263.4,6.06190872192383
1359,263.7,2.53745460510254
1360,263.9,10.5795526504517
1361,264.1,45.7980003356934
1362,264.2,29.8553104400635
1363,264.3,20.6976203918457
1364,264.6,3.28062272071838
1365,264.8,9.8982048034668
1366,265.0,92.7113265991211
1367,265.1,132.683563232422
1368,265.3,17.0693378448486
1369,265.5,2.21225786209106
1370,265.8,7.5623950958252
1371,266.0,45.1503486633301
1372,266.1,75.6720581054688
1373,266.3,20.2713356018066
1374,266.5,1.93782615661621
1375,266.7,5.11824512481689
1376,266.9,60.8651275634766
1377,267.1,435.926605224609
1378,267.2,82.0384750366211
1379,267.4,2.30105233192444
1380,267.7,4.09118223190308
1381,267.8,9.49217319488525
1382,268.0,88.2392349243164
1383,268.1,72.9271240234375
1384,268.2,66.9068756103516
1385,268.4,4.90890598297119
1386,268.7,5.02715110778809
1387,268.8,8.97948169708252
1388,269.0,86.900505065918
1389,269.1,125.614486694336
1390,269.3,16.8111782073975
1391,269.4,4.92924737930298
1392,269.7,2.87742114067078
1393,269.9,14.5960025787354
1394,270.1,72.3043212890625
1395,270.2,56.9028053283691
1396,270.3,47.2924728393555
1397,270.5,7.75484228134155
1398,270.8,14.1217832565308
1399,270.9,20.6634826660156
1400,271.1,83.4850997924805
1401,271.2,58.2628479003906
1402,271.4,7.05571746826172
1403,271.7,3.80047750473022
1404,271.9,14.4698858261108
1405,272.0,25.0686302185059
1406,272.2,120.154769897461
1407,272.3,21.4035549163818
1408,272.5,1.44202709197998
1409,272.7,4.01070117950439
1410,272.8,4.98063135147095
1411,273.0,29.8605289459229
1412,273.2,53.6137809753418
1413,273.3,12.4872207641602
1414,273.4,5.78844976425171
1415,273.7,3.05147242546082
1416,273.9,10.3229856491089
1417,274.1,43.8949317932129
1418,274.2,42.9907150268555
1419,274.4,5.52922964096069
1420,274.5,3.73335099220276
1421,274.7,2.35508966445923
1422,274.9,12.2873439788818
1423,275.1,30.1508808135986
1424,275.2,18.644645690918
1425,275.3,19.5315284729004
1426,275.6,2.84213328361511
1427,275.7,1.65799951553345
1428,275.9,9.72512626647949
1429,276.1,35.4693565368652
1430,276.2,37.4253997802734
1431,276.4,6.34474229812622
1432,276.6,1.28062260150909
1433,276.8,4.76731204986572
1434,277.0,18.7495365142822
1435,277.2,30.498363494873
1436,277.3,9.95790195465088
1437,277.4,5.24427366256714
1438,277.6,1.15362167358398
1439,277.8,4.07791614532471
1440,278.0,18.6852397918701
1441,278.2,39.2470169067383
1442,278.3,14.5027856826782
1443,278.4,8.93605709075928
1444,278.7,3.19103217124939
1445,278.8,3.67524552345276
1446,279.0,24.4433536529541
1447,279.2,40.3418235778809
1448,279.3,12.5560274124146
1449,279.4,6.53453636169434
1450,279.7,2.73697710037231
1451,279.9,10.4546737670898
1452,280.1,35.1138229370117
1453,280.2,30.2846908569336
1454,280.4,3.26488018035889
1455,280.5,1.82479882240295
1456,280.8,6.91040945053101
1457,281.0,239.56575012207
1458,281.1,1909.20141601563
1459,281.3,12.7998580932617
1460,281.5,0.402317136526108
1461,281.7,1.87804019451141
1462,281.8,4.97700548171997
1463,282.0,155.229507446289
1464,282.1,374.473327636719
1465,282.2,150.244979858398
1466,282.4,4.59219932556152
1467,282.6,1.1271778345108
1468,282.8,8.02785873413086
1469,283.0,139.615112304688
1470,283.1,376.875396728516
1471,283.3,20.5741577148438
1472,283.5,1.60918021202087
1473,283.8,6.58397436141968
1474,284.0,57.0791549682617
1475,284.2,113.081451416016
1476,284.3,26.8270988464355
1477,284.6,4.48005676269531
1478,284.8,13.7367115020752
1479,285.0,93.9668350219727
1480,285.1,134.853897094727
1481,285.3,21.1038303375244
1482,285.6,2.46758651733398
1483,285.8,7.78853797912598
1484,285.9,13.3080396652222
1485,286.1,65.5003128051758
1486,286.2,34.2539138793945
1487,286.3,21.7530727386475
1488,286.5,1.83010518550873
1489,286.7,3.85416102409363
1490,286.9,22.8207302093506
1491,287.1,62.5566444396973
1492,287.2,29.6840019226074
1493,287.3,20.3389930725098
1494,287.5,1.33448302745819
1495,287.7,2.67710256576538
1496,287.8,3.31776785850525
1497,288.0,24.8512420654297
1498,288.2,44.3752555847168
1499,288.3,20.2715129852295
1500,288.6,4.32130527496338
1501,288.8,12.5417881011963
1502,289.0,50.4913787841797
1503,289.1,36.9423370361328
1504,289.2,40.0142402648926
1505,289.4,5.57539558410645
1506,289.7,3.4609534740448
1507,289.9,13.8458480834961
1508,290.0,16.208101272583
1509,290.2,42.6660461425781
1510,290.3,11.5529317855835
1511,290.4,6.07057571411133
1512,290.7,3.33280277252197
1513,290.9,11.3694171905518
1514,291.1,23.456974029541
1515,291.2,20.1481380462646
1516,291.4,3.20350217819214
1517,291.5,2.69213771820068
1518,291.8,4.39082002639771
1519,292.0,15.728928565979
1520,292.2,25.9688682556152
1521,292.3,9.33147621154785
1522,292.4,6.69045734405518
1523,292.7,5.3082160949707
1524,292.9,17.9954891204834
1525,293.0,15.9517993927002
1526,293.2,32.8224983215332
1527,293.3,13.4119567871094
1528,293.5,1.34668791294098
1529,293.7,2.96214723587036
1530,293.9,10.1337223052979
1531,294.1,26.4238090515137
1532,294.2,14.48801612854
1533,294.3,15.0393562316895
1534,294.5,2.93313884735107
1535,294.8,7.44379568099976
1536,295.0,39.0478477478027
1537,295.2,64.5391387939453
1538,295.3,15.1434507369995
1539,295.4,6.5242772102356
1540,295.6,1.16909873485565
1541,295.8,5.39497661590576
1542,296.0,26.0085792541504
1543,296.1,23.147253036499
1544,296.2,39.0734939575195
1545,296.4,7.86229753494263
1546,296.7,4.56416368484497
1547,296.9,16.6702919006348
1548,297.1,43.5323257446289
1549,297.2,33.6595916748047
1550,297.4,5.63137865066528
1551,297.7,2.97833204269409
1552,297.9,10.8995313644409
1553,298.1,38.8943138122559
1554,298.2,39.681526184082
1555,298.4,5.9925708770752
1556,298.7,3.54514908790588
1557,298.9,20.2741661071777
1558,299.1,67.5037612915039
1559,299.2,46.1778526306152
1560,299.4,5.46033430099487
1561,299.7,2.63721585273743
1562,299.8,3.54762530326843
1563,300.0,27.4238967895508
1564,300.2,48.4143447875977
1565,300.3,18.3180332183838
1566,300.5,2.69514465332031
1567,300.7,2.07579374313354
1568,300.9,11.5661096572876
1569,301.1,27.3710975646973
1570,301.2,22.7400722503662
1571,301.4,5.52268505096436
1572,301.7,2.47404265403748
1573,301.8,2.55027866363525
1574,302.0,19.2936229705811
1575,302.2,63.3495178222656
1576,302.3,17.246129989624
1577,302.5,2.76138663291931
1578,302.8,3.96577334403992
1579,303.0,14.0816307067871
1580,303.2,24.4683818817139
1581,303.3,8.032546043396
1582,303.4,5.28186082839966
1583,303.7,2.4809410572052
1584,303.8,2.40169811248779
1585,304.0,13.24427318573
1586,304.2,22.9214649200439
1587,304.3,12.0041570663452
1588,304.5,3.13770222663879
1589,304.8,3.42946839332581
1590,305.0,9.69992065429688
1591,305.2,14.3384628295898
1592,305.3,5.54789066314697
1593,305.4,4.39506483078003
1594,305.7,2.20942783355713
1595,305.9,6.34376955032349
1596,306.1,16.1679496765137
1597,306.2,15.8542499542236
1598,306.4,3.7473247051239
1599,306.5,2.72813296318054
1600,306.8,4.05218029022217
1601,307.0,11.2462186813354
1602,307.2,15.9470243453979
1603,307.3,8.73317432403564
1604,307.5,1.3041478395462
1605,307.7,2.23542928695679
1606,307.9,6.95675230026245
1607,308.1,15.713098526001
1608,308.2,16.5633678436279
1609,308.4,5.37932252883911
1610,308.7,3.04360127449036
1611,308.9,8.78075504302979
1612,309.1,17.6243915557861
1613,309.2,9.25223350524902
1614,309.3,9.48828125
1615,309.5,1.4196515083313
1616,309.7,2.38754749298096
1617,309.9,7.52392339706421
1618,310.1,27.0458126068115
1619,310.2,19.2366676330566
1620,310.3,15.1669759750366
1621,310.5,1.67232692241669
1622,310.7,4.10993194580078
1623,310.9,14.0391788482666
1624,311.1,30.1955432891846
1625,311.2,22.6048469543457
1626,311.4,4.85875988006592
1627,311.6,1.24648451805115
1628,311.8,4.39992904663086
1629,312.0,19.6507472991943
1630,312.1,18.2892017364502
1631,312.2,30.9789505004883
1632,312.4,6.53904676437378
1633,312.7,3.87370657920837
1634,312.9,14.4939422607422
1635,313.1,32.978687286377
1636,313.2,23.7107982635498
1637,313.4,4.89280986785889
1638,313.6,0.915362179279327
1639,313.8,4.71663570404053
1640,313.9,6.13195371627808
1641,314.1,26.9388866424561
1642,314.2,15.2236671447754
1643,314.3,14.4202709197998
1644,314.5,1.60122048854828
1645,314.7,2.74122214317322
1646,314.9,7.18997097015381
1647,315.0,7.63916158676147
1648,315.2,16.3968334197998
1649,315.3,9.58901596069336
1650,315.5,2.72415328025818
1651,315.7,1.09613513946533
1652,315.9,7.45325899124146
1653,316.0,9.07092952728271
1654,316.2,25.6513671875
1655,316.3,13.7069959640503
1656,316.5,2.63756966590881
1657,316.7,1.18342614173889
1658,316.9,5.38931655883789
1659,317.0,4.92960119247437
1660,317.2,11.1949234008789
1661,317.3,7.53789710998535
1662,317.5,2.22517013549805
1663,317.8,3.0599627494812
1664,317.9,4.01025915145874
1665,318.1,12.7332630157471
1666,318.2,7.9200496673584
1667,318.3,9.14619255065918
1668,318.5,2.5723888874054
1669,318.8,3.01123189926147
1670,318.9,2.73467755317688
1671,319.1,10.5608911514282
1672,319.3,9.69735527038574
1673,319.4,3.55770754814148
1674,319.6,0.844874858856201
1675,319.8,2.71115231513977
1676,320.0,9.56398677825928
1677,320.2,22.4325637817383
1678,320.3,6.59724044799805
1679,320.4,4.89413642883301
1680,320.6,0.864066481590271
1681,320.8,3.14442372322083
1682,320.9,2.86406660079956
1683,321.1,9.81383228302002
1684,321.2,9.74918174743652
1685,321.4,3.87087655067444
1686,321.7,1.87777483463287
1687,321.9,5.12894678115845
1688,322.1,12.3460683822632
1689,322.2,12.9442825317383
1690,322.4,4.60369682312012
1691,322.6,1.51392936706543
1692,322.8,5.61996984481812
1693,323.0,15.3381977081299
1694,323.2,17.3243999481201
1695,323.3,8.45564651489258
1696,323.5,2.64720964431763
1697,323.8,4.32068634033203
1698,323.9,4.71079874038696
1699,324.1,17.9477310180664
1700,324.2,18.3432388305664
1701,324.4,5.86097097396851
1702,324.7,7.35385179519653
1703,324.9,35.1660919189453
1704,325.0,39.3037948608398
1705,325.1,59.3107795715332
1706,325.3,10.4239854812622
1707,325.6,2.61209869384766
1708,325.8,8.91695404052734
1709,326.0,30.0252933502197
1710,326.1,35.8166618347168
1711,326.3,12.3017597198486
1712,326.6,4.61033010482788
1713,326.8,18.6480941772461
1714,327.0,141.738128662109
1715,327.1,145.719207763672
1716,327.3,8.86415481567383
1717,327.6,2.48014497756958
1718,327.7,2.95878648757935
1719,327.9,29.1867866516113
1720,328.1,70.3098068237305
1721,328.2,26.481559753418
1722,328.3,14.2036790847778
1723,328.6,3.76580882072449
1724,328.8,12.4407892227173
1725,329.0,39.3460693359375
1726,329.1,42.8835220336914
1727,329.3,7.97665166854858
1728,329.4,4.50800371170044
1729,329.6,1.25992751121521
1730,329.8,5.74909353256226
1731,330.0,17.3602199554443
1732,330.2,25.7943744659424
1733,330.3,12.1372604370117
1734,330.5,1.91536211967468
1735,330.7,4.45255136489868
1736,330.9,10.3502254486084
1737,331.0,8.76271343231201
1738,331.2,16.9602909088135
1739,331.3,5.26107740402222
1740,331.4,4.24303531646729
1741,331.7,2.52259659767151
1742,331.8,2.31679487228394
1743,332.0,12.3427076339722
1744,332.2,19.9454326629639
1745,332.3,7.08109998703003
1746,332.4,4.95277261734009
1747,332.7,2.37879180908203
1748,332.9,5.24993371963501
1749,333.1,8.91606998443604
1750,333.2,4.26019287109375
1751,333.3,6.42124366760254
1752,333.5,1.2563898563385
1753,333.7,1.88237380981445
1754,333.9,4.07455539703369
1755,334.1,9.15883922576904
1756,334.2,5.28035736083984
1757,334.3,7.22517013549805
1758,334.5,2.80985236167908
1759,334.7,1.02617847919464
1760,334.9,4.43017578125
1761,335.0,3.52807998657227
1762,335.2,7.34987163543701
1763,335.3,3.20040678977966
1764,335.4,3.33121085166931
1765,335.7,2.15592122077942
1766,335.8,1.74997794628143
1767,336.0,6.56743621826172
1768,336.1,4.9200496673584
1769,336.2,8.97789001464844
1770,336.4,2.50924205780029
1771,336.6,2.78270101547241
1772,336.8,2.93561506271362
1773,337.0,6.20120286941528
1774,337.2,7.80366134643555
1775,337.3,3.22685050964355
1776,337.4,3.20624399185181
1777,337.7,2.09560441970825
1778,337.9,4.41160345077515
1779,338.0,4.51888227462769
1780,338.2,10.2371978759766
1781,338.3,4.25868940353394
1782,338.4,4.1114354133606
1783,338.7,3.97382164001465
1784,338.9,11.9555139541626
1785,339.0,10.4529056549072
1786,339.2,22.9342002868652
1787,339.3,9.8516845703125
1788,339.5,2.57928705215454
1789,339.7,1.36340320110321
1790,339.9,7.84805870056152
1791,340.1,22.6014862060547
1792,340.2,22.4322109222412
1793,340.4,4.18165731430054
1794,340.7,5.56451749801636
1795,340.9,47.50048828125
1796,341.1,320.682678222656
1797,341.2,86.6526947021484
1798,341.4,3.75616884231567
1799,341.7,3.66056418418884
1800,341.9,28.8176345825195
1801,342.1,107.99186706543
1802,342.2,57.2680625915527
1803,342.4,5.55912256240845
1804,342.7,5.16202354431152
1805,342.9,29.2874317169189
1806,343.1,83.3331527709961
1807,343.2,42.8913078308105
1808,343.4,3.14238977432251
1809,343.6,2.57796049118042
1810,343.8,6.49827527999878
1811,344.0,21.2817726135254
1812,344.1,15.5776071548462
1813,344.2,22.7338809967041
1814,344.4,5.52869892120361
1815,344.6,2.00512957572937
1816,344.8,11.2669143676758
1817,345.0,33.8580513000488
1818,345.1,22.3391704559326
1819,345.2,27.2170333862305
1820,345.4,5.02193307876587
1821,345.7,3.15680551528931
1822,345.9,9.67798709869385
1823,346.1,18.6201477050781
1824,346.2,17.4006366729736
1825,346.4,5.3957724571228
1826,346.7,3.16467666625977
1827,346.9,8.06252765655518
1828,347.1,13.9900064468384
1829,347.2,11.1974000930786
1830,347.4,3.75714159011841
1831,347.6,1.00521802902222
1832,347.8,2.75431156158447
1833,348.0,6.69877052307129
1834,348.2,8.92102241516113
1835,348.3,6.6423454284668
1836,348.5,3.2826566696167
1837,348.8,5.65764570236206
1838,348.9,4.73653507232666
1839,349.1,11.3696823120117
1840,349.2,8.49624156951904
1841,349.4,2.99301314353943
1842,349.6,1.10701334476471
1843,349.8,3.02122569084167
1844,349.9,2.34341549873352
1845,350.1,7.60051298141479
1846,350.3,7.95348024368286
1847,350.4,3.57592630386353
1848,350.7,2.64269924163818
1849,350.8,2.00300693511963
1850,351.0,5.89015674591064
1851,351.2,7.11621141433716
1852,351.3,5.04811191558838
1853,351.5,2.43512868881226
1854,351.7,0.920049548149109
1855,351.9,3.79207563400269
1856,352.1,7.2093391418457
1857,352.2,4.13036155700684
1858,352.3,6.84699726104736
1859,352.5,1.67692577838898
1860,352.7,2.73503136634827
1861,352.9,5.62333059310913
1862,353.1,8.53966522216797
1863,353.2,4.87158393859863
1864,353.3,6.22746992111206
1865,353.5,2.5309100151062
1866,353.7,1.01928007602692
1867,353.9,5.29070472717285
1868,354.0,4.82276487350464
1869,354.2,12.7638635635376
1870,354.3,4.20182180404663
1871,354.4,3.76855039596558
1872,354.7,3.59865570068359
1873,354.8,7.18439912796021
1874,355.0,114.360397338867
1875,355.1,343.3720703125
1876,355.3,24.579906463623
1877,355.6,2.1049792766571
1878,355.8,7.64119577407837
1879,356.0,57.6511001586914
1880,356.1,116.12735748291
1881,356.3,22.2520561218262
1882,356.5,1.47333514690399
1883,356.7,3.62739896774292
1884,356.9,21.293888092041
1885,357.1,80.4098358154297
1886,357.2,35.5818519592285
1887,357.3,20.3104267120361
1888,357.5,1.3376669883728
1889,357.7,2.17741227149963
1890,357.8,3.51180672645569
1891,358.0,19.2626686096191
1892,358.2,26.5325012207031
1893,358.3,12.0032720565796
1894,358.6,3.42557716369629
1895,358.8,7.72203063964844
1896,359.0,28.0709285736084
1897,359.1,21.645528793335
1898,359.2,28.0467853546143
1899,359.4,5.58875036239624
1900,359.6,1.16830277442932
1901,359.8,4.04413175582886
1902,360.0,12.3533210754395
1903,360.1,8.17794322967529
1904,360.2,15.9311933517456
1905,360.4,5.12815093994141
1906,360.7,2.80233478546143
1907,360.9,6.89325189590454
1908,361.1,11.8959054946899
1909,361.2,6.08313417434692
1910,361.3,7.8763599395752
1911,361.5,1.30865836143494
1912,361.7,2.33704781532288
1913,361.9,3.92942428588867
1914,362.1,7.5053505897522
1915,362.3,8.79331398010254
1916,362.4,5.09755039215088
1917,362.7,3.2584240436554
1918,362.9,8.62837219238281
1919,363.1,14.2207479476929
1920,363.2,12.4063854217529
1921,363.4,4.5823826789856
1922,363.7,2.20774745941162
1923,363.8,1.60502338409424
1924,364.0,6.03820657730103
1925,364.2,9.33589839935303
1926,364.3,4.16131591796875
1927,364.4,5.00397968292236
1928,364.7,2.14345097541809
1929,364.9,3.68391251564026
1930,365.1,6.13257265090942
1931,365.3,6.30759716033936
1932,365.4,3.80887937545776
1933,365.7,1.972052693367
1934,365.9,3.18917489051819
1935,366.1,5.1644115447998
1936,366.3,7.01600790023804
1937,366.4,4.11744928359985
1938,366.6,1.53250193595886
1939,366.8,4.35013723373413
1940,367.0,7.85327672958374
1941,367.2,10.4273462295532
1942,367.3,9.09737300872803
1943,367.5,3.16847968101501
1944,367.8,2.92509055137634
1945,368.0,5.96046686172485
1946,368.2,9.56911659240723
1947,368.3,4.10294485092163
1948,368.4,4.93932962417603
1949,368.7,3.39108514785767
1950,368.8,3.50022101402283
1951,369.0,14.3166179656982
1952,369.2,19.3572120666504
1953,369.3,6.94711256027222
1954,369.4,5.74352169036865
1955,369.6,0.994605123996735
1956,369.8,3.13248419761658
1957,370.0,8.94525527954102
1958,370.2,12.495002746582
1959,370.3,7.94613933563232
1960,370.5,3.08605289459229
1961,370.8,5.60528898239136
1962,371.0,12.8400106430054
1963,371.2,15.0584592819214
1964,371.3,4.92960119247437
1965,371.4,3.9400372505188
1966,371.7,2.47262763977051
1967,371.9,4.73326253890991
1968,372.1,8.97514820098877
1969,372.3,9.1619348526001
1970,372.4,2.59051918983459
1971,372.5,2.88617658615112
1972,372.8,4.98841428756714
1973,373.0,14.7276020050049
1974,373.2,19.3800296783447
1975,373.3,9.06942558288574
1976,373.5,1.36570262908936
1977,373.7,2.04165554046631
1978,373.9,4.80410385131836
1979,374.0,4.27151298522949
1980,374.2,11.6559658050537
1981,374.3,8.99407482147217
1982,374.5,1.62209248542786
1983,374.7,2.4157600402832
1984,374.9,4.18740606307983
1985,375.0,2.61873173713684
1986,375.2,7.41063070297241
1987,375.3,2.96232414245605
1988,375.4,3.32608127593994
1989,375.7,1.73096311092377
1990,375.8,0.826036989688873
1991,376.0,4.29601144790649
1992,376.1,2.86627745628357
1993,376.3,8.87565231323242
1994,376.4,7.18484115600586
1995,376.6,2.46387195587158
1996,376.9,2.6223578453064
1997,377.1,4.49544525146484
1998,377.3,5.41310691833496
1999,377.4,3.71274423599243
2000,377.6,1.96966481208801
2001,377.9,2.57804894447327
2002,378.1,5.29778003692627
2003,378.3,7.9931902885437
2004,378.4,4.72530269622803
2005,378.5,4.05607128143311
2006,378.8,2.31166529655457
2007,378.9,1.42504644393921
2008,379.1,3.87812852859497
2009,379.3,6.48828172683716
2010,379.4,5.44954442977905
2011,379.6,1.37932252883911
2012,379.8,1.92624032497406
2013,380.0,2.96763062477112
2014,380.2,5.974440574646
2015,380.4,9.84628963470459
2016,380.5,3.26293444633484
2017,380.6,2.68470859527588
2018,380.8,1.26488018035889
2019,381.0,3.76315546035767
2020,381.2,6.09693098068237
2021,381.3,4.55266666412354
2022,381.4,13.2655878067017
2023,381.6,2.66445565223694
2024,381.9,2.61926245689392
2025,382.0,2.1845760345459
2026,382.2,7.36570262908936
2027,382.3,6.85637235641479
2028,382.4,15.7447595596313
2029,382.6,4.61448669433594
2030,382.8,2.46802854537964
2031,383.0,7.94737768173218
2032,383.1,4.73706531524658
2033,383.3,8.79862022399902
2034,383.4,7.23914384841919
2035,383.7,2.69691348075867
2036,383.9,4.3226318359375
2037,384.0,2.92066860198975
2038,384.2,6.84266376495361
2039,384.3,3.15539050102234
2040,384.5,5.33289098739624
2041,384.7,5.69319868087769
2042,384.9,14.5439109802246
2043,385.0,9.98116207122803
2044,385.2,20.0384712219238
2045,385.3,4.98337316513062
2046,385.4,3.35234808921814
2047,385.7,3.06898379325867
2048,385.8,2.79260635375977
2049,386.0,8.52692985534668
2050,386.2,10.1517648696899
2051,386.3,3.53727769851685
2052,386.4,3.9180154800415
2053,386.7,4.28681325912476
2054,386.9,17.1993446350098
2055,387.0,15.6434955596924
2056,387.1,30.5303802490234
2057,387.3,8.41841316223145
2058,387.6,2.28610587120056
2059,387.8,4.21782970428467
2060,387.9,4.8286018371582
2061,388.1,13.7559032440186
2062,388.2,6.65233945846558
2063,388.3,8.71345138549805
2064,388.5,3.12222528457642
2065,388.8,4.49358797073364
2066,389.0,8.88122367858887
2067,389.2,10.0760593414307
2068,389.3,5.10904741287231
2069,389.6,2.1414167881012
2070,389.8,2.31944823265076
2071,390.0,4.12664699554443
2072,390.1,2.76899266242981
2073,390.3,6.98814916610718
2074,390.4,4.9068717956543
2075,390.7,2.58892726898193
2076,390.9,2.96780753135681
2077,391.1,3.6503050327301
2078,391.3,3.83443880081177
2079,391.4,2.99433970451355
2080,391.6,1.77244186401367
2081,391.9,2.32333946228027
2082,392.1,3.99071383476257
2083,392.3,6.20854330062866
2084,392.4,5.85566473007202
2085,392.6,2.6541965007782
2086,392.8,0.873352766036987
2087,393.0,2.34438848495483
2088,393.2,4.02379035949707
2089,393.3,1.94154059886932
2090,393.4,3.59582567214966
2091,393.6,1.60175108909607
2092,393.9,2.05907845497131
2093,394.1,3.41903257369995
2094,394.3,9.9250020980835
2095,394.4,17.593879699707
2096,394.6,3.8648624420166
2097,394.9,1.81869637966156
2098,395.1,3.00689840316772
2099,395.2,2.25240993499756
2100,395.4,7.1017951965332
2101,395.5,2.53320956230164
2102,395.6,2.22994613647461
2103,395.9,1.97143363952637
2104,396.0,1.39851415157318
2105,396.2,5.87202596664429
2106,396.4,37.4681167602539
2107,396.5,10.2983112335205
2108,396.7,1.44812953472137
2109,396.9,2.86044049263
2110,397.0,1.76846206188202
2111,397.2,4.62085437774658
2112,397.4,12.9438400268555
2113,397.5,5.54417610168457
2114,397.8,2.12876987457275
2115,398.0,2.80896782875061
2116,398.2,4.50658893585205
2117,398.4,6.42761135101318
2118,398.5,3.049968957901
2119,398.7,4.97046089172363
2120,398.8,4.42566537857056
2121,399.0,17.86008644104
2122,399.2,18.7003631591797
2123,399.3,8.35093307495117
2124,399.6,2.81365537643433
2125,399.8,4.15822076797485
2126,400.0,7.60776519775391
2127,400.2,9.66684341430664
2128,400.3,3.27735042572021
2129,400.5,3.33908200263977
2130,400.7,6.62784099578857
2131,400.8,11.1042718887329
2132,401.0,81.5043792724609
2133,401.1,95.1315078735352
2134,401.3,13.2481651306152
2135,401.5,1.29937207698822
2136,401.7,4.25090646743774
2137,401.9,21.5610675811768
2138,402.1,39.3090133666992
2139,402.2,24.8733520507813
2140,402.4,5.00229930877686
2141,402.7,4.73706531524658
2142,402.8,6.02785873413086
2143,403.0,27.1544170379639
2144,403.1,15.4127531051636
2145,403.2,17.6453533172607
2146,403.4,3.32829213142395
2147,403.7,2.73397016525269
2148,403.8,2.42398524284363
2149,404.0,8.89077568054199
2150,404.2,10.0089321136475
2151,404.3,4.5745997428894
2152,404.6,2.50658893585205
2153,404.7,2.13743686676025
2154,404.9,7.64950895309448
2155,405.1,10.5225086212158
2156,405.2,4.70062780380249
2157,405.3,4.67108869552612
2158,405.6,2.02281761169434
2159,405.8,2.6321747303009
2160,405.9,1.80702221393585
2161,406.1,5.26151943206787
2162,406.3,4.41920948028564
2163,406.4,1.64703285694122
2164,406.6,2.24586534500122
2165,406.7,1.28389489650726
2166,406.9,3.39453434944153
2167,407.1,4.17679309844971
2168,407.3,4.11983728408813
2169,407.4,2.60015916824341
2170,407.7,1.87388348579407
2171,407.8,1.08233833312988
2172,408.0,2.58512425422668
2173,408.2,3.54125761985779
2174,408.4,3.34677624702454
2175,408.5,2.75820279121399
2176,408.8,2.40275931358337
2177,409.0,2.95038461685181
2178,409.2,3.13407611846924
2179,409.4,2.53488993644714
2180,409.5,0.957371532917023
2181,409.7,1.44061195850372
2182,409.9,1.91642343997955
2183,410.0,1.30547451972961
2184,410.2,3.55682325363159
2185,410.4,3.99708151817322
2186,410.6,3.15768980979919
2187,410.8,1.77518355846405
2188,411.0,2.25709748268127
2189,411.2,2.562748670578
2190,411.4,2.45060586929321
2191,411.5,1.07004511356354
2192,411.6,1.32466614246368
2193,411.9,1.59494113922119
2194,412.1,2.5009286403656
2195,412.2,1.67232692241669
2196,412.4,3.73794984817505
2197,412.6,2.95905184745789
2198,412.8,2.70558071136475
2199,413.0,4.77995920181274
2200,413.2,5.55823802947998
2201,413.3,2.43601298332214
2202,413.4,2.55116295814514
2203,413.7,1.88962590694427
2204,413.9,2.49739098548889
2205,414.1,3.93897581100464
2206,414.2,2.09560441970825
2207,414.3,2.96869206428528
2208,414.6,2.18607950210571
2209,414.8,7.62041234970093
2210,414.9,14.2359600067139
2211,415.1,148.198287963867
2212,415.2,114.342353820801
2213,415.4,4.49438381195068
2214,415.7,2.33846282958984
2215,415.9,14.7483863830566
2216,416.0,23.9922180175781
2217,416.2,70.7796020507813
2218,416.3,24.1048030853271
2219,416.5,2.28805160522461
2220,416.7,3.74564433097839
2221,416.8,4.39055442810059
2222,417.0,30.4923496246338
2223,417.1,25.6239490509033
2224,417.2,36.8041038513184
2225,417.4,6.529052734375
2226,417.7,1.8928097486496
2227,417.9,6.66171407699585
2228,418.1,14.4315023422241
2229,418.2,7.21959829330444
2230,418.3,8.92968940734863
2231,418.5,2.17396306991577
2232,418.8,4.25523996353149
2233,418.9,4.5947642326355
2234,419.1,13.0095520019531
2235,419.2,6.1388521194458
2236,419.3,7.0333423614502
2237,419.5,2.05863618850708
2238,419.7,0.856195271015167
2239,419.9,3.05032277107239
2240,420.1,5.34412288665771
2241,420.2,5.11691856384277
2242,420.4,1.64703285694122
2243,420.5,2.22543549537659
2244,420.7,0.902626693248749
2245,420.9,3.59069609642029
2246,421.0,2.9855842590332
2247,421.2,6.3463339805603
2248,421.3,2.86680817604065
2249,421.4,2.73520827293396
2250,421.7,1.70602285861969
2251,421.8,0.991686582565308
2252,422.0,2.94154071807861
2253,422.2,3.57937550544739
2254,422.3,3.33890509605408
2255,422.6,1.90271508693695
2256,422.8,2.38462901115417
2257,422.9,1.56699395179749
2258,423.1,4.18245315551758
2259,423.3,3.80366134643555
2260,423.4,1.4809410572052
2261,423.6,1.68426632881165
2262,423.7,0.875298500061035
2263,423.9,2.1945698261261
2264,424.1,2.52215433120728
2265,424.3,2.49146556854248
2266,424.4,1.07773947715759
2267,424.6,1.63084816932678
2268,424.8,1.87423717975616
2269,425.0,2.02060675621033
2270,425.2,2.39400362968445
2271,425.3,1.79552495479584
2272,425.5,0.70168924331665
2273,425.7,1.29114711284637
2274,425.9,1.5903422832489
2275,426.0,0.995047330856323
2276,426.2,2.04740428924561
2277,426.3,0.885203838348389
2278,426.4,1.57592642307281
2279,426.6,0.834438860416412
2280,426.8,1.88193154335022
2281,427.0,3.00433349609375
2282,427.2,3.49898290634155
2283,427.3,1.28265678882599
2284,427.4,1.62925624847412
2285,427.7,1.23825943470001
2286,427.9,1.71911203861237
2287,428.1,2.42398524284363
2288,428.2,2.33244895935059
2289,428.5,1.54426467418671
2290,428.7,3.27257442474365
2291,428.8,5.14017868041992
2292,429.0,38.7814636230469
2293,429.2,79.3474807739258
2294,429.3,22.068187713623
2295,429.5,2.50809240341187
2296,429.7,1.62784111499786
2297,429.9,10.1293001174927
2298,430.1,28.6872730255127
2299,430.2,27.7147789001465
2300,430.4,7.34642267227173
2301,430.6,1.58353233337402
2302,430.8,5.06350040435791
2303,431.0,17.4687366485596
2304,431.2,27.6655178070068
2305,431.3,12.3066244125366
2306,431.5,1.52781462669373
2307,431.7,1.88794553279877
2308,431.8,1.56221807003021
2309,432.0,6.85424947738647
2310,432.1,4.40983438491821
2311,432.2,8.45361328125
2312,432.4,3.14318561553955
2313,432.6,0.937207043170929
2314,432.8,3.23162651062012
2315,433.0,9.44149684906006
2316,433.1,6.86371278762817
2317,433.3,11.4139032363892
2318,433.4,4.12231349945068
2319,433.7,1.54169988632202
2320,433.9,3.09303975105286
2321,434.1,5.09834623336792
2322,434.3,5.02953910827637
2323,434.4,2.38489437103271
2324,434.6,0.623330652713776
2325,434.8,1.87883615493774
2326,434.9,1.60935699939728
2327,435.1,3.98876810073853
2328,435.2,1.83143186569214
2329,435.3,3.11744928359985
2330,435.6,1.34571504592896
2331,435.8,1.21986377239227
2332,436.0,2.26965594291687
2333,436.2,2.32351636886597
2334,436.4,1.82019984722137
2335,436.5,1.47793400287628
2336,436.8,1.79066061973572
2337,437.0,3.25417876243591
2338,437.1,2.03431510925293
2339,437.2,3.56628632545471
2340,437.4,1.94507825374603
2341,437.7,1.20633232593536
2342,437.8,0.667285740375519
2343,438.0,2.2745201587677
2344,438.1,1.27566993236542
2345,438.3,2.36853265762329
2346,438.4,1.69664812088013
2347,438.7,1.32829225063324
2348,438.9,1.76837360858917
2349,439.0,1.00627934932709
2350,439.2,2.02662062644958
2351,439.3,0.861324846744537
2352,439.5,1.56778991222382
2353,439.7,1.02653229236603
2354,439.9,1.53727781772614
2355,440.1,1.58114445209503
2356,440.3,2.01238179206848
2357,440.4,1.72892892360687
2358,440.6,0.80870258808136
2359,440.8,2.20889711380005
2360,441.0,2.52082777023315
2361,441.2,2.78579640388489
2362,441.4,2.21782970428467
2363,441.6,1.25700891017914
2364,441.8,1.34951794147491
2365,441.9,0.878836095333099
2366,442.1,2.07933139801025
2367,442.2,2.36685228347778
2368,442.5,1.4370744228363
2369,442.7,1.76262497901917
2370,442.9,2.58026003837585
2371,443.1,3.74378705024719
2372,443.2,3.14973020553589
2373,443.4,1.6281064748764
2374,443.7,1.24957990646362
2375,443.8,0.769700169563293
2376,444.0,1.97329092025757
2377,444.2,2.51879358291626
2378,444.3,1.20465195178986
2379,444.5,1.70221984386444
2380,444.7,2.27628898620605
2381,444.8,1.88838768005371
2382,445.0,5.78915739059448
2383,445.2,5.90607595443726
2384,445.3,2.31962490081787
2385,445.4,2.24975681304932
2386,445.6,0.802423298358917
2387,445.8,2.23436808586121
2388,445.9,1.37932252883911
2389,446.1,3.21959853172302
2390,446.3,3.46254539489746
2391,446.4,1.91306269168854
2392,446.7,2.47192001342773
2393,446.8,1.77589106559753
2394,447.0,5.6936411857605
2395,447.2,6.27885389328003
2396,447.3,3.63376665115356
2397,447.5,0.851773262023926
2398,447.7,1.52118158340454
2399,447.9,2.33810925483704
2400,448.1,3.02246403694153
2401,448.2,1.59777128696442
2402,448.3,2.36844444274902
2403,448.6,1.17369771003723
2404,448.8,1.61970460414886
2405,448.9,1.31821000576019
2406,449.1,2.97709393501282
2407,449.3,2.14221286773682
2408,449.4,1.44423806667328
2409,449.7,1.00344920158386
2410,449.9,1.35066771507263
2411,450.1,1.74635183811188
2412,450.3,1.53639340400696
2413,450.5,1.260458111763
2414,450.7,1.16043162345886
2415,450.8,0.6619793176651
2416,451.0,1.59564876556396
2417,451.1,0.811355769634247
2418,451.3,1.59043073654175
2419,451.4,1.22525870800018
2420,451.7,1.14796149730682
2421,451.9,1.25258684158325
2422,452.1,1.5705314874649
2423,452.3,1.70708405971527
2424,452.4,0.820642054080963
2425,452.6,1.22888481616974
2426,452.7,0.533828616142273
2427,452.9,1.14177060127258
2428,453.1,1.58158659934998
2429,453.3,1.49243831634521
2430,453.4,0.64252233505249
2431,453.6,1.09834611415863
2432,453.8,1.07057571411133
2433,454.0,1.35924649238586
2434,454.1,0.90704870223999
2435,454.3,1.47828781604767
2436,454.5,1.07818162441254
2437,454.7,1.14725387096405
2438,454.9,1.54506063461304
2439,455.0,1.5309100151062
2440,455.2,0.818165719509125
2441,455.3,1.30290973186493
2442,455.5,0.46900150179863
2443,455.7,1.03599536418915
2444,455.9,1.27390110492706
2445,456.1,1.41567170619965
2446,456.2,1.57406914234161
2447,456.5,1.27903068065643
2448,456.7,1.63500487804413
2449,456.9,1.96453523635864
2450,457.1,2.52056241035461
2451,457.3,1.83744585514069
2452,457.4,1.55947637557983
2453,457.6,1.13655257225037
2454,457.8,0.656142234802246
2455,458.0,1.71530914306641
2456,458.2,1.69523298740387
2457,458.3,0.801008224487305
2458,458.4,1.37605023384094
2459,458.6,0.960113227367401
2460,458.8,4.0599627494812
2461,458.9,3.4614839553833
2462,459.1,7.92049169540405
2463,459.2,3.37251257896423
2464,459.3,3.5366587638855
2465,459.6,1.53409397602081
2466,459.7,0.882285296916962
2467,459.9,3.07880067825317
2468,460.1,4.19483518600464
2469,460.2,3.41116118431091
2470,460.5,2.08658361434937
2471,460.6,1.52578043937683
2472,460.8,8.99991130828857
2473,461.0,28.5863628387451
2474,461.1,34.4039077758789
2475,461.3,12.3815336227417
2476,461.5,1.58530116081238
2477,461.7,2.93623423576355
2478,461.9,9.30441284179688
2479,462.1,15.6169633865356
2480,462.2,11.8901567459106
2481,462.4,3.68930745124817
2482,462.7,2.8611478805542
2483,462.9,7.25939702987671
2484,463.1,11.3639335632324
2485,463.2,8.60564231872559
2486,463.4,1.52489602565765
2487,463.6,1.69355261325836
2488,463.8,2.46289920806885
2489,464.0,3.9487042427063
2490,464.1,2.17935800552368
2491,464.2,3.45608925819397
2492,464.4,1.10206067562103
2493,464.6,1.46369504928589
2494,464.7,1.08393025398254
2495,464.9,2.86680817604065
2496,465.1,3.17900419235229
2497,465.2,2.73034405708313
2498,465.5,1.50349342823029
2499,465.7,1.22154414653778
2500,465.8,0.86557000875473
2501,466.0,1.78579640388489
2502,466.2,1.94322097301483
2503,466.3,1.37658083438873
2504,466.6,1.23242235183716
2505,466.8,1.36322629451752
2506,467.0,1.85318827629089
2507,467.2,1.72945964336395
2508,467.4,1.4037321805954
2509,467.5,0.562748730182648
2510,467.7,1.07844698429108
2511,467.8,0.641195714473724
2512,468.0,1.42389667034149
2513,468.2,1.44547629356384
2514,468.3,1.21765279769897
2515,468.6,1.20571327209473
2516,468.8,1.45078265666962
2517,469.0,1.36720609664917
2518,469.2,1.3161758184433
2519,469.3,1.24436187744141
2520,469.6,1.02989304065704
2521,469.7,0.548951983451843
2522,469.8,1.12956571578979
2523,470.0,0.5925532579422
2524,470.2,1.52012026309967
2525,470.3,0.638277173042297
2526,470.5,1.36234188079834
2527,470.7,1.16370391845703
2528,470.9,1.25992751121521
2529,471.1,1.50358188152313
2530,471.3,1.21146190166473
2531,471.4,0.703015804290771
2532,471.6,1.2526752948761
2533,471.7,0.354116916656494
2534,471.9,1.21296536922455
2535,472.1,1.33872818946838
2536,472.2,0.713982462882996
2537,472.4,1.40576636791229
2538,472.5,0.623330652713776
2539,472.7,1.44061195850372
2540,472.8,1.38931632041931
2541,473.0,4.31148862838745
2542,473.2,5.12337493896484
2543,473.3,3.29804539680481
2544,473.6,1.47643053531647
2545,473.8,1.78685772418976
2546,473.9,1.13504910469055
2547,474.1,2.93181204795837
2548,474.3,2.82373762130737
2549,474.4,0.696029007434845
2550,474.6,1.46820557117462
2551,474.8,4.95277261734009
2552,475.0,32.8216133117676
2553,475.2,92.5794677734375
2554,475.3,34.818431854248
2555,475.5,2.61130261421204
2556,475.8,3.75997161865234
2557,475.9,5.57398080825806
2558,476.1,33.2307434082031
2559,476.2,19.6691436767578
2560,476.3,20.5142841339111
2561,476.5,2.10444855690002
2562,476.7,2.71071028709412
2563,476.9,7.61280632019043
2564,477.1,22.2338371276855
2565,477.3,21.6681709289551
2566,477.4,6.72866344451904
2567,477.6,0.787388324737549
2568,477.8,2.42920303344727
2569,478.0,6.11957216262817
2570,478.2,8.18935203552246
2571,478.3,3.512779712677
2572,478.4,3.47881841659546
2573,478.6,0.915008425712585
2574,478.8,2.47917222976685
2575,478.9,2.02679753303528
2576,479.1,5.90271520614624
2577,479.2,5.49871778488159
2578,479.4,2.57796049118042
2579,479.7,1.3695056438446
2580,479.9,2.08286905288696
2581,480.1,2.87653660774231
2582,480.2,2.5009286403656
2583,480.4,1.73379325866699
2584,480.7,1.26664900779724
2585,480.9,1.97355616092682
2586,481.1,2.54559111595154
2587,481.2,1.03316533565521
2588,481.3,2.09843468666077
2589,481.5,0.547890663146973
2590,481.7,1.02157950401306
2591,481.8,0.588042795658112
2592,482.0,1.67701423168182
2593,482.1,0.807818174362183
2594,482.2,1.52586889266968
2595,482.5,1.39550721645355
2596,482.6,0.707084119319916
2597,482.8,1.43185639381409
2598,482.9,0.867161929607391
2599,483.1,1.59290707111359
2600,483.3,1.6501282453537
2601,483.4,0.57822585105896
2602,483.6,1.15786683559418
2603,483.8,1.03670287132263
2604,484.0,1.31281507015228
2605,484.1,0.589369416236877
2606,484.3,1.46820557117462
2607,484.5,1.19828426837921
2608,484.7,1.00663304328918
2609,484.9,1.33342182636261
2610,485.1,1.15715932846069
2611,485.3,1.25683200359344
2612,485.5,1.13938271999359
2613,485.6,0.919784188270569
2614,485.9,1.16803753376007
2615,486.1,1.38454055786133
2616,486.3,1.26098871231079
2617,486.4,1.15760147571564
2618,486.7,1.12010264396667
2619,486.8,0.760944545269012
2620,487.0,2.39258861541748
2621,487.2,2.2745201587677
2622,487.3,0.91138231754303
2623,487.4,1.60068988800049
2624,487.7,1.16193509101868
2625,487.9,1.64322984218597
2626,488.1,1.81215178966522
2627,488.2,0.78615015745163
2628,488.3,1.80985236167908
2629,488.6,1.23312997817993
2630,488.7,1.20792424678802
2631,488.9,9.91969585418701
2632,489.1,61.5269317626953
2633,489.2,77.2546234130859
2634,489.4,8.8211727142334
2635,489.6,0.826125383377075
2636,489.8,3.09834623336792
2637,490.0,19.6874504089355
2638,490.2,39.8760070800781
2639,490.3,21.652250289917
2640,490.5,1.91739630699158
2641,490.7,2.60051298141479
2642,490.8,1.91262054443359
2643,491.0,14.6089143753052
2644,491.1,14.6777219772339
2645,491.3,24.6678161621094
2646,491.4,7.53798532485962
2647,491.7,1.62960994243622
2648,491.9,3.78676915168762
2649,492.0,4.12116384506226
2650,492.2,9.24860668182373
2651,492.3,3.97408676147461
2652,492.4,3.84761643409729
2653,492.7,1.68523919582367
2654,492.9,4.01140880584717
2655,493.0,3.23596000671387
2656,493.2,7.01370811462402
2657,493.3,5.51012659072876
2658,493.5,1.91624653339386
2659,493.8,1.43300604820251
2660,493.9,1.17387461662292
2661,494.1,3.19536566734314
2662,494.3,2.99018311500549
2663,494.4,2.09719634056091
2664,494.6,0.669938981533051
2665,494.8,1.2763774394989
2666,495.0,2.96541976928711
2667,495.2,3.36676406860352
2668,495.3,1.64084196090698
2669,495.4,2.02785873413086
2670,495.6,1.07110643386841
2671,495.9,1.41690993309021
2672,496.0,1.80640316009521
2673,496.3,2.03458023071289
2674,496.4,1.35694706439972
2675,496.7,1.21199262142181
2676,496.8,0.712744295597076
2677,497.0,1.9364994764328
2678,497.2,2.80233478546143
2679,497.4,2.02494025230408
2680,497.5,0.762978672981262
2681,497.7,1.07437872886658
2682,497.9,1.48837006092072
2683,498.1,1.67515695095062
2684,498.2,0.807022213935852
2685,498.4,1.54877507686615
2686,498.6,1.02069509029388
2687,498.7,0.413637578487396
2688,498.9,1.22446274757385
2689,499.0,0.643229842185974
2690,499.2,1.59874415397644
2691,499.3,0.658707022666931
2692,499.5,1.10064566135406
2693,499.6,0.655434668064117
2694,499.8,1.26169633865356
2695,499.9,0.605465650558472
2696,500.1,1.24020516872406
2697,500.3,1.29371190071106
2698,500.5,1.08030426502228
2699,500.6,0.503758728504181
2700,500.8,1.13416469097137
2701,501.0,1.610506772995
2702,501.2,1.70363485813141
2703,501.4,1.37720000743866
2704,501.6,1.04846560955048
2705,501.8,1.53303265571594
2706,501.9,0.6719731092453
2707,502.1,1.42469263076782
2708,502.2,0.719023585319519
2709,502.3,1.30892372131348
2710,502.6,1.49606442451477
2711,502.8,3.01795339584351
2712,503.0,9.00778293609619
2713,503.2,14.5455913543701
2714,503.3,8.6287260055542
2715,503.5,2.15662860870361
2716,503.7,0.880339622497559
2717,503.9,3.83010530471802
2718,504.1,5.64694452285767
2719,504.2,6.48262119293213
2720,504.4,2.85168480873108
2721,504.7,1.61112582683563
2722,504.8,1.41080749034882
2723,505.0,5.25983905792236
2724,505.2,5.99743509292603
2725,505.3,4.50216674804688
2726,505.5,1.5229504108429
2727,505.8,1.63783502578735
2728,506.0,2.38294863700867
2729,506.2,3.37047839164734
2730,506.3,2.42752265930176
2731,506.6,1.30680108070374
2732,506.8,1.95215356349945
2733,507.0,4.19846105575562
2734,507.2,5.66587066650391
2735,507.3,2.3420889377594
2736,507.4,2.58530116081238
2737,507.7,1.2249048948288
2738,507.8,0.937826097011566
2739,508.0,2.55726552009583
2740,508.2,2.924471616745
2741,508.3,1.21216940879822
2742,508.4,2.00990533828735
2743,508.7,1.32714247703552
2744,508.9,1.87627136707306
2745,509.1,2.1945698261261
2746,509.3,2.05253386497498
2747,509.5,1.59759438037872
2748,509.7,1.09586977958679
2749,509.8,0.521889090538025
2750,510.0,1.29698419570923
2751,510.2,1.50207841396332
2752,510.3,0.665782272815704
2753,510.4,1.11824536323547
2754,510.6,0.944547653198242
2755,510.9,1.42433893680573
2756,511.0,0.787123024463654
2757,511.2,1.98859119415283
2758,511.4,1.54329180717468
2759,511.5,1.21101975440979
2760,511.8,0.896347403526306
2761,512.0,1.35535514354706
2762,512.2,1.37658083438873
2763,512.3,1.19625008106232
2764,512.5,0.901653826236725
2765,512.7,0.438135653734207
2766,512.9,1.02971613407135
2767,513.0,0.650835752487183
2768,513.2,1.35491287708282
2769,513.4,1.08410716056824
2770,513.5,0.937118589878082
2771,513.7,0.53878128528595
2772,513.8,0.882550656795502
2773,514.0,0.558945775032043
2774,514.2,1.19041299819946
2775,514.3,0.737330853939056
2776,514.4,1.03714513778687
2777,514.7,1.20703983306885
2778,514.8,0.619350850582123
2779,515.0,1.35084462165833
2780,515.1,0.886442005634308
2781,515.3,1.29079329967499
2782,515.4,1.11249673366547
2783,515.6,0.490581065416336
2784,515.8,1.05120718479156
2785,516.0,1.23525249958038
2786,516.1,0.607057571411133
2787,516.2,1.37711155414581
2788,516.5,1.24789953231812
2789,516.7,1.17352080345154
2790,516.9,1.24984526634216
2791,517.1,1.69390642642975
2792,517.2,0.811709582805634
2793,517.3,1.33863973617554
2794,517.5,0.567613005638123
2795,517.7,1.09321653842926
2796,517.9,1.1966038942337
2797,518.1,1.28946673870087
2798,518.3,1.10241448879242
2799,518.4,0.490050405263901
2800,518.6,1.35906958580017
2801,518.8,2.21402668952942
2802,519.0,3.61643218994141
2803,519.1,3.65985679626465
2804,519.3,1.50420093536377
2805,519.4,1.67639517784119
2806,519.7,1.24657297134399
2807,519.9,1.79596710205078
2808,520.1,2.30680108070374
2809,520.2,1.87768638134003
2810,520.4,0.607234477996826
2811,520.6,1.47200846672058
2812,520.8,2.80074286460876
2813,521.0,4.98080825805664
2814,521.2,5.44963312149048
2815,521.3,3.47890686988831
2816,521.5,1.57097375392914
2817,521.8,1.73901128768921
2818,522.0,2.69399476051331
2819,522.2,3.00132656097412
2820,522.3,1.86380124092102
2821,522.5,1.12452459335327
2822,522.8,1.60104358196259
2823,523.0,2.4909348487854
2824,523.1,2.34854507446289
2825,523.3,0.963827729225159
2826,523.4,1.37481200695038
2827,523.6,0.542495787143707
2828,523.8,1.11877596378326
2829,524.0,1.38816666603088
2830,524.2,1.67533385753632
2831,524.4,1.57919871807098
2832,524.5,0.543468654155731
2833,524.7,1.01733434200287
2834,524.8,0.470504999160767
2835,525.0,1.24330055713654
2836,525.2,1.32793843746185
2837,525.4,1.02096045017242
2838,525.5,1.07667815685272
2839,525.7,0.479614406824112
2840,525.9,0.971787393093109
2841,526.1,1.21535336971283
2842,526.3,1.1469886302948
2843,526.4,0.493941813707352
2844,526.6,0.885115444660187
2845,526.8,1.00150346755981
2846,527.0,1.23029983043671
2847,527.2,1.07066416740417
2848,527.4,1.01565396785736
2849,527.6,0.926151931285858
2850,527.8,0.978685796260834
2851,528.0,1.01308917999268
2852,528.1,1.07031047344208
2853,528.4,1.01211643218994
2854,528.5,0.50809234380722
2855,528.7,0.971787393093109
2856,528.9,0.974705934524536
2857,529.1,1.06748032569885
2858,529.2,1.09640049934387
2859,529.5,0.887591779232025
2860,529.7,1.00336074829102
2861,529.9,1.08923673629761
2862,530.1,1.01043605804443
2863,530.3,0.984169125556946
2864,530.4,0.394180595874786
2865,530.6,1.06102418899536
2866,530.7,0.529848754405975
2867,530.9,1.21597242355347
2868,531.0,0.557707607746124
2869,531.2,1.34942960739136
2870,531.4,1.08605289459229
2871,531.6,1.13478374481201
2872,531.7,0.518263041973114
2873,531.8,1.02255237102509
2874,532.0,0.437074393033981
2875,532.2,1.01353144645691
2876,532.3,1.08242678642273
2877,532.6,1.05837094783783
2878,532.8,2.0919783115387
2879,533.0,3.02264094352722
2880,533.2,3.57760667800903
2881,533.3,1.36119222640991
2882,533.4,1.55744230747223
2883,533.6,0.537277817726135
2884,533.8,1.45670819282532
2885,534.0,1.87388348579407
2886,534.2,2.18961715698242
2887,534.3,1.71530914306641
2888,534.6,1.78844964504242
2889,534.8,5.30193662643433
2890,534.9,6.59980535507202
2891,535.1,20.5228614807129
2892,535.2,10.4891662597656
2893,535.3,11.2401170730591
2894,535.5,2.52807998657227
2895,535.7,1.13487219810486
2896,535.9,6.08729124069214
2897,536.1,10.3016719818115
2898,536.2,4.94587421417236
2899,536.3,6.75678777694702
2900,536.5,1.43760502338409
2901,536.7,2.23604846000671
2902,536.9,4.38383293151855
2903,537.0,3.29194307327271
2904,537.2,7.83090114593506
2905,537.3,5.02326011657715
2906,537.5,1.67462635040283
2907,537.8,1.87556385993958
2908,537.9,1.26744496822357
2909,538.1,3.3365170955658
2910,538.3,2.74219512939453
2911,538.4,2.02653217315674
2912,538.6,0.735385179519653
2913,538.8,1.56451749801636
2914,538.9,1.18820202350616
2915,539.1,2.57026624679565
2916,539.2,2.25966215133667
2917,539.4,0.831254959106445
2918,539.6,1.19854962825775
2919,539.8,1.32351636886597
2920,539.9,0.699920415878296
2921,540.1,1.53922343254089
2922,540.2,1.46732115745544
2923,540.4,0.50526225566864
2924,540.6,0.754046142101288
2925,540.8,1.02104890346527
2926,540.9,0.660652697086334
2927,541.1,1.25011050701141
2928,541.3,1.16635715961456
2929,541.4,0.966304063796997
2930,541.7,0.90704870223999
2931,541.9,0.905279934406281
2932,542.1,0.959582567214966
2933,542.3,1.06217384338379
2934,542.5,0.989917755126953
2935,542.6,0.502609014511108
2936,542.8,1.05916690826416
2937,543.0,1.0753515958786
2938,543.2,1.02131426334381
2939,543.4,1.12072169780731
2940,543.5,0.893251955509186
2941,543.7,0.555319726467133
2942,543.9,0.999204039573669
2943,544.0,0.536304950714111
2944,544.2,1.03714513778687
2945,544.3,0.393207758665085
2946,544.5,0.979658603668213
2947,544.7,0.845936119556427
2948,544.9,0.980189263820648
2949,545.0,0.501813054084778
2950,545.2,1.00619089603424
2951,545.4,0.844521105289459
2952,545.6,0.934465348720551
2953,545.7,0.388078182935715
2954,545.9,0.977536022663116
2955,546.0,0.490404188632965
2956,546.2,0.844078898429871
2957,546.3,0.449102312326431
2958,546.5,0.965596556663513
2959,546.7,0.96648097038269
2960,546.9,1.52790307998657
2961,547.0,0.988148927688599
2962,547.2,2.31935977935791
2963,547.3,0.842044770717621
2964,547.4,1.44353055953979
2965,547.7,1.02325987815857
2966,547.9,1.13204205036163
2967,548.1,1.52754926681519
2968,548.2,1.44503402709961
2969,548.5,1.22163259983063
2970,548.6,0.544883728027344
2971,548.8,2.69673657417297
2972,549.0,17.0543918609619
2973,549.2,53.9714317321777
2974,549.3,26.0682754516602
2975,549.4,15.4617490768433
2976,549.7,2.65481567382813
2977,549.9,5.33846282958984
#"+ Scan (rt: 4.989-54.960 min, 8137 scans) BARLEYSTRAW_20231030.D "
#Point,X(Thompsons),Y(Counts)
0,10.2,4.52390336990356
1,10.3,1.98611283302307
2,10.5,4.01327276229858
3,10.6,2.12240386009216
4,10.8,4.55057144165039
5,11.0,4.6372127532959
6,11.2,4.52341175079346
7,11.4,4.45016574859619
8,11.6,3.57564210891724
9,11.7,1.60083568096161
10,11.9,11.6109132766724
11,12.1,83.7711715698242
12,12.2,56.2604141235352
13,12.4,6.68096351623535
14,12.7,3.37372493743896
15,12.9,10.6937446594238
16,13.1,55.862850189209
17,13.2,43.3447227478027
18,13.4,0.552046179771423
19,14.2,7261.00244140625
20,15.0,18.6561393737793
21,15.2,1010.31500244141
22,15.3,33.4931793212891
23,15.5,0.0700503885746002
24,16.0,0.771783232688904
25,16.1,3795.4091796875
26,17.1,7144.41455078125
27,18.2,30236.849609375
28,18.9,5.13457059860229
29,19.1,128.706405639648
30,19.2,94.7612152099609
31,19.4,3.8001720905304
32,19.7,0.283642619848251
33,19.8,0.548359334468842
34,20.0,77.8930816650391
35,20.1,320.737365722656
36,20.3,13.5953054428101
37,20.6,0.352586954832077
38,20.8,2.09856224060059
39,21.0,4.28032445907593
40,21.2,3.78222942352295
41,21.3,2.06279945373535
42,21.5,3.82425951957703
43,21.6,1.62246525287628
44,21.8,5.11085176467896
45,22.0,14.0272827148438
46,22.2,17.5654411315918
47,22.3,5.25390195846558
48,22.4,5.32260036468506
49,22.6,1.68882882595062
50,22.8,3.69730854034424
51,23.0,3.64937949180603
52,23.1,4.40973329544067
53,23.4,3.74806427955627
54,23.5,1.70074963569641
55,23.7,3.42632412910461
56,23.9,10.6139850616455
57,24.1,36.5406150817871
58,24.2,25.061939239502
59,24.4,5.13641405105591
60,24.6,1.06193923950195
61,24.8,4.43320655822754
62,25.0,44.4112091064453
63,25.2,213.484573364258
64,25.3,24.5789604187012
65,25.5,1.20093405246735
66,25.6,0.551308810710907
67,25.8,0.433206349611282
68,26.0,38.5980072021484
69,26.2,1514.30041503906
70,26.3,26.6776447296143
71,26.5,0.617672383785248
72,27.2,2691.6962890625
73,27.3,3.12461590766907
74,28.1,279357.3125
75,29.0,3.57429027557373
76,29.1,8887.0986328125
77,29.8,0.132112577557564
78,30.0,56.6633911132813
79,30.1,1159.576171875
80,30.3,13.0694360733032
81,30.4,1.54590141773224
82,30.6,0.167752236127853
83,30.8,0.413911759853363
84,31.0,15.6579818725586
85,31.2,2645.80712890625
86,31.3,2.55831384658813
87,32.1,74328.046875
88,33.0,57.4886322021484
89,33.1,213.740814208984
90,33.3,21.2686500549316
91,33.5,0.848347067832947
92,33.7,0.673098206520081
93,33.9,20.3169479370117
94,34.1,297.390197753906
95,34.2,91.5484848022461
96,34.4,0.737618267536163
97,34.7,2.01868009567261
98,34.9,25.8130760192871
99,35.0,30.3766746520996
100,35.1,52.572078704834
101,35.3,9.49551391601563
102,35.5,0.400393277406693
103,35.7,0.15558560192585
104,35.9,20.156322479248
105,36.1,495.523040771484
106,36.2,86.1539916992188
107,36.4,0.201179802417755
108,36.6,0.350251942873001
109,36.7,0.408873051404953
110,36.9,12.7212734222412
111,37.1,715.025939941406
112,37.2,208.129165649414
113,37.4,2.67813682556152
114,37.6,0.0903281271457672
115,37.8,0.418213099241257
116,38.0,96.2344818115234
117,38.1,1771.30102539063
118,38.3,8.63364887237549
119,38.5,0.0452255122363567
120,39.0,26.0067596435547
121,39.1,7336.8837890625
122,39.3,6.71721744537354
123,40.1,8434.10546875
124,41.0,18.0274047851563
125,41.2,5743.21923828125
126,41.3,3.25672841072083
127,42.0,50.8775978088379
128,42.1,4859.3203125
129,42.3,5.42226886749268
130,43.0,12.6836671829224
131,43.1,11294.439453125
132,43.3,2.02851176261902
133,44.0,54.7689552307129
134,44.1,11885.369140625
135,45.0,129.105819702148
136,45.1,2693.52392578125
137,45.3,1.46319282054901
138,45.5,0.0446110367774963
139,45.7,0.32468968629837
140,45.9,28.6315593719482
141,46.1,389.759368896484
142,46.2,101.935111999512
143,46.4,3.07238531112671
144,46.7,1.33243215084076
145,46.9,34.7399520874023
146,47.1,377.700378417969
147,47.2,90.7336883544922
148,47.4,2.91852045059204
149,47.7,3.70627999305725
150,47.9,37.5921096801758
151,48.1,141.843185424805
152,48.2,32.1034774780273
153,48.3,11.2099056243896
154,48.5,1.9182745218277
155,48.8,5.62504625320435
156,49.0,96.9295806884766
157,49.1,293.926391601563
158,49.3,16.4543437957764
159,49.5,0.36917781829834
160,49.7,0.228954166173935
161,49.9,8.57551956176758
162,50.1,1647.98620605469
163,50.2,298.135681152344
164,50.4,0.426815778017044
165,50.5,0.180902048945427
166,50.8,0.172790959477425
167,51.0,96.364875793457
168,51.1,3019.1240234375
169,51.3,4.3597149848938
170,51.6,0.026914095506072
171,51.8,0.950841844081879
172,52.0,101.300109863281
173,52.1,1632.06762695313
174,52.3,12.7255744934082
175,52.5,0.169595673680305
176,52.8,0.287575274705887
177,53.0,74.7245941162109
178,53.1,3854.83276367188
179,53.3,6.77522420883179
180,53.6,0.0481750033795834
181,53.8,0.739093005657196
182,54.0,90.5130920410156
183,54.1,2229.48266601563
184,54.3,14.1133098602295
185,54.5,0.039572324603796
186,55.0,35.5172653198242
187,55.1,7459.69287109375
188,55.3,1.47253286838531
189,55.8,0.201794266700745
190,56.0,91.8213119506836
191,56.1,2558.81762695313
192,56.3,13.8941869735718
193,56.5,0.0516160763800144
194,57.0,46.5622482299805
195,57.1,5157.548828125
196,57.3,14.2820453643799
197,57.5,0.0722625032067299
198,57.8,3.15890383720398
199,58.0,139.866287231445
200,58.1,2095.28173828125
201,58.3,16.7295074462891
202,58.6,0.688951730728149
203,58.8,3.89050006866455
204,59.0,122.488510131836
205,59.1,706.646179199219
206,59.3,21.407398223877
207,59.5,0.642743051052094
208,59.7,0.119085654616356
209,59.9,9.56224632263184
210,60.1,2000.00317382813
211,60.2,225.427673339844
212,60.4,0.125844910740852
213,60.6,0.242718443274498
214,60.8,2.72717213630676
215,61.0,160.979598999023
216,61.1,788.299011230469
217,61.3,11.9271230697632
218,61.5,0.273319393396378
219,61.7,0.738109886646271
220,61.9,21.0345344543457
221,62.1,732.520690917969
222,62.2,159.936950683594
223,62.4,1.05345952510834
224,62.6,0.476711332798004
225,62.7,0.106673218309879
226,62.9,10.1160135269165
227,63.1,1746.01892089844
228,63.2,292.782592773438
229,63.5,0.375937074422836
230,63.7,0.624800324440002
231,63.9,33.1157684326172
232,64.1,1046.71325683594
233,64.2,198.286102294922
234,64.4,1.46700263023376
235,64.6,0.210642740130424
236,64.9,4.91667699813843
237,65.1,2408.0166015625
238,65.2,518.74658203125
239,65.4,0.586088240146637
240,65.7,0.286960810422897
241,65.9,14.5572080612183
242,66.1,1466.9599609375
243,66.2,362.268646240234
244,66.4,0.776699006557465
245,66.7,0.0157306138426065
246,67.0,88.3023223876953
247,67.1,2768.81494140625
248,67.3,9.34054279327393
249,67.8,0.394371390342712
250,68.0,121.524147033691
251,68.1,2391.16967773438
252,68.3,10.7314739227295
253,68.6,0.0927860364317894
254,68.8,0.10728769749403
255,69.0,84.7121810913086
256,69.1,4649.3701171875
257,69.3,7.81455087661743
258,69.5,0.1240014731884
259,69.8,1.43541848659515
260,70.0,134.706649780273
261,70.1,1908.78625488281
262,70.3,18.8698539733887
263,70.5,0.492687731981277
264,70.7,0.383310794830322
265,70.9,8.25316429138184
266,71.1,1470.98315429688
267,71.2,480.541229248047
268,71.4,1.16443407535553
269,71.7,0.700503885746002
270,71.9,24.2276020050049
271,72.1,535.548461914063
272,72.2,196.141937255859
273,72.4,3.16099309921265
274,73.0,168.499084472656
275,73.1,2605.19458007813
276,73.3,3.62504601478577
277,73.6,0.0517389699816704
278,73.8,1.31682443618774
279,74.0,208.816146850586
280,74.1,1017.25982666016
281,74.3,10.1866779327393
282,74.6,0.26631435751915
283,74.7,0.139854982495308
284,74.9,20.8422031402588
285,75.1,724.376159667969
286,75.2,179.596908569336
287,75.4,1.2419810295105
288,75.6,0.186063662171364
289,75.8,4.32346057891846
290,76.0,181.857925415039
291,76.1,583.405700683594
292,76.3,27.0525989532471
293,76.5,0.225758880376816
294,76.9,0.836057543754578
295,77.1,4355.63916015625
296,77.2,464.642852783203
297,77.5,0.0669780001044273
298,77.8,0.346687972545624
299,78.0,143.232391357422
300,78.1,1980.63818359375
301,78.3,13.612756729126
302,79.0,155.049530029297
303,79.1,3845.5439453125
304,79.3,0.327516287565231
305,79.8,0.901806533336639
306,80.0,157.025314331055
307,80.1,1032.193359375
308,80.3,20.1233863830566
309,80.4,0.944697082042694
310,81.0,165.103729248047
311,81.1,3661.66943359375
312,81.3,3.57293844223022
313,81.7,0.422022849321365
314,81.9,13.3718814849854
315,82.1,1883.62744140625
316,82.2,469.732696533203
317,82.4,2.93326783180237
318,82.5,1.95538902282715
319,82.8,2.5510630607605
320,83.0,169.897262573242
321,83.1,1925.72290039063
322,83.3,14.5248861312866
323,83.6,0.366228342056274
324,83.8,2.50411701202393
325,84.0,173.863952636719
326,84.1,2116.77221679688
327,84.3,22.8015232086182
328,84.5,0.263241976499557
329,84.8,0.31620991230011
330,85.0,351.888916015625
331,85.1,2758.55517578125
332,85.3,2.01487040519714
333,85.7,0.468846023082733
334,85.9,27.9752979278564
335,86.1,1053.5810546875
336,86.2,180.819213867188
337,86.4,2.24050641059875
338,86.7,1.13690555095673
339,86.9,26.7549457550049
340,87.1,735.715759277344
341,87.2,184.399169921875
342,87.4,2.14735150337219
343,87.6,0.605505704879761
344,87.8,9.74622058868408
345,88.0,131.399169921875
346,88.1,223.334396362305
347,88.3,24.0051612854004
348,88.4,5.44574165344238
349,88.6,0.477571576833725
350,88.8,4.87194299697876
351,88.9,22.123140335083
352,89.1,1190.66088867188
353,89.2,240.674331665039
354,89.4,1.90573918819427
355,89.7,2.41931915283203
356,89.9,34.6356163024902
357,90.0,101.019050598145
358,90.1,485.179046630859
359,90.3,29.9810733795166
360,90.5,0.337593704462051
361,90.8,0.0816025584936142
362,91.0,104.901069641113
363,91.1,4843.00048828125
364,91.3,2.8197124004364
365,91.7,0.119700133800507
366,91.9,18.7339305877686
367,92.1,918.29443359375
368,92.2,277.239288330078
369,92.4,1.82954406738281
370,92.7,0.401130646467209
371,92.9,10.9163084030151
372,93.1,1219.7109375
373,93.2,394.466522216797
374,93.4,1.85903894901276
375,93.6,0.283765524625778
376,93.8,2.34754824638367
377,94.0,163.741180419922
378,94.1,2546.0087890625
379,94.3,27.9566173553467
380,94.5,2.91778302192688
381,94.8,2.49293351173401
382,95.0,176.195892333984
383,95.1,4664.07373046875
384,95.3,9.406907081604
385,95.5,0.185940757393837
386,95.7,0.435295552015305
387,95.9,15.4553279876709
388,96.1,4002.94262695313
389,96.2,342.58203125
390,96.4,0.442792177200317
391,96.6,0.93695467710495
392,96.8,2.68428158760071
393,97.0,221.907577514648
394,97.1,2075.388671875
395,97.3,16.2617664337158
396,97.6,0.445127189159393
397,97.8,1.99582159519196
398,98.0,200.758758544922
399,98.1,3152.01977539063
400,98.3,14.7760848999023
401,98.6,1.1491950750351
402,98.8,4.6887059211731
403,99.0,171.66178894043
404,99.1,604.855834960938
405,99.2,203.88053894043
406,99.4,3.34988331794739
407,99.7,2.58006644248962
408,99.9,34.3727416992188
409,100.1,478.514923095703
410,100.2,137.609924316406
411,100.4,3.76895666122437
412,100.5,2.98426938056946
413,100.8,8.27651500701904
414,101.0,185.758636474609
415,101.1,395.341766357422
416,101.3,22.5003070831299
417,101.5,1.83286225795746
418,101.7,1.09880793094635
419,101.9,31.321985244751
420,102.1,643.894653320313
421,102.2,177.872436523438
422,102.4,2.41944193840027
423,102.7,0.957601070404053
424,102.9,22.8229084014893
425,103.1,1203.58422851563
426,103.2,308.240509033203
427,103.5,0.759370803833008
428,103.7,1.53250586986542
429,103.9,32.3887176513672
430,104.1,693.217041015625
431,104.2,204.754577636719
432,104.4,3.02113795280457
433,104.6,0.241981074213982
434,104.8,0.69644832611084
435,105.0,164.396835327148
436,105.1,2150.34692382813
437,105.3,8.76207447052002
438,105.4,0.869239270687103
439,105.7,1.16996431350708
440,105.9,25.7154979705811
441,106.1,726.198364257813
442,106.2,308.554992675781
443,106.4,6.02629947662354
444,106.6,1.3614354133606
445,106.9,12.6971855163574
446,107.1,3391.25366210938
447,107.2,442.711944580078
448,107.4,1.12117493152618
449,107.6,0.524394750595093
450,107.8,5.94752359390259
451,108.0,178.872680664063
452,108.1,1846.59936523438
453,108.3,20.850191116333
454,108.5,0.863340318202972
455,108.7,0.349145889282227
456,108.9,13.7755928039551
457,109.1,2393.90625
458,109.2,377.546630859375
459,109.4,1.44942855834961
460,109.7,1.09708738327026
461,109.9,12.9573554992676
462,110.1,3439.26708984375
463,110.2,304.984405517578
464,110.4,1.53139972686768
465,110.6,0.287575274705887
466,110.8,2.73110485076904
467,111.0,165.375686645508
468,111.1,1327.93505859375
469,111.3,21.8249969482422
470,111.5,1.33734786510468
471,111.8,4.82118701934814
472,112.0,186.967071533203
473,112.1,1982.65454101563
474,112.3,24.3265323638916
475,112.5,0.827823519706726
476,112.7,2.54504108428955
477,112.9,32.6871070861816
478,113.1,431.069183349609
479,113.2,147.970016479492
480,113.4,2.46306991577148
481,113.5,2.75519227981567
482,113.8,7.79034042358398
483,114.0,188.591125488281
484,114.1,1177.0927734375
485,114.3,21.2121181488037
486,114.5,0.65515547990799
487,114.7,0.158289298415184
488,114.9,12.2129774093628
489,115.1,1800.23071289063
490,115.2,415.066986083984
491,115.4,0.302199840545654
492,115.5,0.248371630907059
493,115.8,4.61877822875977
494,115.9,23.0474376678467
495,116.1,650.962646484375
496,116.2,215.717712402344
497,116.4,1.48506820201874
498,116.5,0.866412699222565
499,116.8,3.08627247810364
500,117.0,165.093276977539
501,117.1,1098.41333007813
502,117.3,17.1124496459961
503,117.6,0.687108278274536
504,117.8,4.36118984222412
505,118.0,156.137145996094
506,118.1,685.232055664063
507,118.3,22.6906719207764
508,118.5,0.950841844081879
509,118.8,2.37483096122742
510,119.0,183.938552856445
511,119.1,1755.22265625
512,119.3,18.1219120025635
513,119.5,0.609929978847504
514,119.7,1.91102373600006
515,119.9,23.3598384857178
516,120.1,2587.29760742188
517,120.2,327.456665039063
518,120.4,2.31252312660217
519,120.6,0.258449047803879
520,120.8,2.21211743354797
521,121.0,162.969024658203
522,121.1,2062.07055664063
523,121.3,15.3895788192749
524,121.5,0.200196638703346
525,121.7,0.882757782936096
526,121.9,18.168981552124
527,122.1,1832.11535644531
528,122.2,344.976287841797
529,122.4,1.97677278518677
530,122.6,0.818975031375885
531,122.8,2.56224656105042
532,123.0,181.771286010742
533,123.1,2177.42358398438
534,123.3,16.805456161499
535,123.5,0.412928611040115
536,123.7,1.27516281604767
537,123.9,18.4668788909912
538,124.1,2756.66918945313
539,124.2,286.932403564453
540,124.4,1.90033185482025
541,124.5,1.45495879650116
542,124.8,4.46909189224243
543,125.0,156.584854125977
544,125.1,1008.26727294922
545,125.3,21.8284378051758
546,125.4,4.21727895736694
547,125.7,2.09770178794861
548,125.9,25.9665718078613
549,126.1,1249.59326171875
550,126.2,216.395843505859
551,126.3,15.6254148483276
552,126.6,1.447585105896
553,126.7,0.960550546646118
554,126.9,26.907829284668
555,127.1,594.774230957031
556,127.2,210.136535644531
557,127.4,3.08258581161499
558,127.6,0.35848593711853
559,127.8,2.44967436790466
560,128.0,171.552291870117
561,128.1,1293.47265625
562,128.3,13.4424238204956
563,128.5,0.421899974346161
564,128.7,1.42620134353638
565,128.9,15.003809928894
566,129.1,844.737243652344
567,129.2,348.710693359375
568,129.4,1.22833967208862
569,129.7,1.29126214981079
570,129.9,23.9058628082275
571,130.1,475.669403076172
572,130.2,189.317565917969
573,130.4,3.06894421577454
574,130.7,0.855966567993164
575,130.9,14.3968296051025
576,131.1,1507.20166015625
577,131.2,314.367706298828
578,131.4,1.1079021692276
579,131.7,1.50497722625732
580,131.9,23.2836418151855
581,132.1,746.866394042969
582,132.2,229.685760498047
583,132.4,2.55855965614319
584,132.7,0.635369300842285
585,132.9,22.1649265289307
586,133.1,1325.505859375
587,133.2,294.789489746094
588,133.3,10.4329605102539
589,133.5,0.169226989150047
590,133.7,1.68047189712524
591,133.9,27.9181518554688
592,134.1,850.049255371094
593,134.2,271.561248779297
594,134.4,2.02728271484375
595,134.6,0.423006027936935
596,134.8,2.56986594200134
597,135.0,175.419692993164
598,135.1,3065.71923828125
599,135.3,12.2752857208252
600,135.6,0.43418949842453
601,135.8,3.25009226799011
602,136.0,158.012405395508
603,136.1,1393.4677734375
604,136.3,20.2289543151855
605,136.5,0.594936728477478
606,136.8,2.50178194046021
607,137.0,196.357620239258
608,137.1,2361.13647460938
609,137.2,325.858795166016
610,137.4,0.89148336648941
611,137.5,0.389824271202087
612,137.8,2.85019040107727
613,138.0,147.316452026367
614,138.1,1341.392578125
615,138.2,297.521575927734
616,138.4,2.63278841972351
617,138.7,1.0435049533844
618,138.9,20.5492191314697
619,139.1,1227.39575195313
620,139.2,199.673828125
621,139.3,12.6406536102295
622,139.5,0.977387249469757
623,139.8,4.67727661132813
624,140.0,135.475601196289
625,140.1,576.8349609375
626,140.2,170.804962158203
627,140.4,3.5835075378418
628,140.7,1.47548234462738
629,140.9,22.9206104278564
630,141.1,566.523193359375
631,141.2,254.36328125
632,141.4,1.97812461853027
633,141.7,2.04116988182068
634,141.8,4.09548950195313
635,142.0,126.24861907959
636,142.1,408.573913574219
637,142.3,26.1833591461182
638,142.6,1.7082462310791
639,142.8,3.93879818916321
640,143.0,110.320022583008
641,143.1,469.239288330078
642,143.3,20.4497966766357
643,143.4,2.68034911155701
644,143.7,1.5785915851593
645,143.9,20.9213466644287
646,144.1,510.432464599609
647,144.2,209.658233642578
648,144.4,3.29101634025574
649,144.7,1.51271963119507
650,144.9,15.2889270782471
651,145.1,957.625183105469
652,145.2,325.725952148438
653,145.4,1.14538526535034
654,145.6,0.815533995628357
655,145.8,4.59100389480591
656,145.9,17.7478179931641
657,146.1,630.036376953125
658,146.2,243.82942199707
659,146.4,2.23976898193359
660,146.6,0.941870450973511
661,146.8,5.17696952819824
662,147.0,195.044982910156
663,147.1,1224.00939941406
664,147.2,318.7978515625
665,147.4,1.07435166835785
666,147.6,0.792183876037598
667,147.8,5.00946283340454
668,148.0,141.130767822266
669,148.1,883.837158203125
670,148.3,19.9225749969482
671,148.4,2.65835070610046
672,148.6,0.700380980968475
673,148.8,5.08319997787476
674,149.0,182.690795898438
675,149.1,935.876098632813
676,149.3,12.3142433166504
677,149.4,1.67555606365204
678,149.7,1.01032316684723
679,149.9,17.5452861785889
680,150.1,3054.87182617188
681,150.2,318.223785400391
682,150.4,1.39449429512024
683,150.6,0.786284863948822
684,150.8,2.87771916389465
685,151.0,181.860641479492
686,151.1,1628.6220703125
687,151.3,9.27454853057861
688,151.4,1.17094755172729
689,151.7,0.734054327011108
690,151.9,12.7270488739014
691,152.1,1271.14184570313
692,152.2,360.802642822266
693,152.4,1.41636967658997
694,152.7,1.01142930984497
695,152.9,21.367826461792
696,153.1,766.982421875
697,153.2,221.749542236328
698,153.4,1.48482239246368
699,153.6,1.11072874069214
700,153.9,22.1897506713867
701,154.1,1656.53894042969
702,154.2,183.26692199707
703,154.3,23.4845771789551
704,154.5,0.833599627017975
705,154.7,2.06427431106567
706,154.9,25.1453857421875
707,155.1,442.310913085938
708,155.2,198.729019165039
709,155.4,2.06599473953247
710,155.6,1.43652451038361
711,155.8,6.89123773574829
712,156.0,94.2106399536133
713,156.1,267.666839599609
714,156.3,26.4112071990967
715,156.5,2.00344109535217
716,156.7,1.26692879199982
717,156.9,18.0081119537354
718,157.1,437.348297119141
719,157.2,201.434921264648
720,157.3,22.5505714416504
721,157.5,0.587071418762207
722,157.7,1.33857691287994
723,157.9,20.198844909668
724,158.1,396.5068359375
725,158.2,176.20719909668
726,158.3,26.1337108612061
727,158.5,1.86751878261566
728,158.7,1.30023348331451
729,158.9,22.496374130249
730,159.1,588.379638671875
731,159.2,276.684539794922
732,159.4,1.87661302089691
733,159.6,0.585350871086121
734,159.8,3.81553387641907
735,160.0,114.583999633789
736,160.1,400.336730957031
737,160.2,233.956008911133
738,160.4,2.62148213386536
739,160.7,2.23018312454224
740,160.9,25.5450420379639
741,161.1,793.877197265625
742,161.2,266.231781005859
743,161.4,1.58866906166077
744,161.6,0.851665258407593
745,161.8,6.00749683380127
746,162.0,127.639305114746
747,162.1,918.90625
748,162.3,17.2677898406982
749,162.6,1.68059480190277
750,162.8,8.36291027069092
751,163.0,204.654541015625
752,163.1,684.326171875
753,163.3,16.0181884765625
754,163.6,1.24222683906555
755,163.8,5.90844297409058
756,164.0,134.482849121094
757,164.1,1087.04528808594
758,164.3,17.1404685974121
759,164.4,3.05542588233948
760,164.7,1.60956120491028
761,164.9,23.3287448883057
762,165.1,1272.45556640625
763,165.2,272.410217285156
764,165.4,1.1593953371048
765,165.6,0.735037505626678
766,165.8,3.75740456581116
767,166.0,129.256851196289
768,166.1,513.346435546875
769,166.2,237.64826965332
770,166.4,1.88005411624908
771,166.6,0.416984140872955
772,166.8,3.47388482093811
773,167.0,128.110244750977
774,167.1,1227.05505371094
775,167.3,13.823522567749
776,167.4,1.91225266456604
777,167.6,0.487403213977814
778,167.8,3.3099422454834
779,168.0,107.253898620605
780,168.1,532.074829101563
781,168.2,199.930068969727
782,168.4,3.34029746055603
783,168.6,0.668428182601929
784,168.8,4.07877588272095
785,169.0,93.5411071777344
786,169.1,323.192077636719
787,169.3,23.5659332275391
788,169.5,0.955020248889923
789,169.7,1.9862357378006
790,169.9,20.8423252105713
791,170.1,206.981079101563
792,170.2,130.124984741211
793,170.4,3.15878081321716
794,170.5,1.88484704494476
795,170.8,4.0030722618103
796,170.9,11.6273813247681
797,171.1,316.109985351563
798,171.2,199.787643432617
799,171.4,2.37114405632019
800,171.5,1.45913732051849
801,171.8,4.48887777328491
802,172.0,86.4104690551758
803,172.1,377.997528076172
804,172.3,25.2540245056152
805,172.5,0.610790193080902
806,172.7,1.65208303928375
807,172.9,15.3353815078735
808,173.1,375.496002197266
809,173.2,191.429763793945
810,173.4,2.91188406944275
811,173.7,1.23731100559235
812,173.9,16.1837291717529
813,174.1,398.925415039063
814,174.2,203.589645385742
815,174.4,3.15030097961426
816,174.6,0.645200908184052
817,174.8,4.48297882080078
818,175.0,103.919136047363
819,175.1,542.322204589844
820,175.3,20.4029731750488
821,175.5,1.25685143470764
822,175.8,5.12584495544434
823,176.0,121.227600097656
824,176.1,629.532409667969
825,176.3,18.8070545196533
826,176.6,1.42730736732483
827,176.8,4.92355918884277
828,177.0,191.058868408203
829,177.1,574.390930175781
830,177.3,16.6347541809082
831,177.4,2.32001972198486
832,177.7,1.47363889217377
833,177.9,20.552906036377
834,178.1,676.248962402344
835,178.2,285.950958251953
836,178.4,1.81651711463928
837,178.7,2.08221697807312
838,178.9,33.1386260986328
839,179.0,114.253898620605
840,179.1,595.396484375
841,179.3,20.7703075408936
842,179.4,1.14796602725983
843,179.7,1.50067591667175
844,179.9,21.2405071258545
845,180.1,1660.640625
846,180.2,325.273193359375
847,180.4,2.70849204063416
848,180.6,1.49711191654205
849,180.8,4.42878198623657
850,181.0,118.518989562988
851,181.1,1199.02709960938
852,181.3,14.7162342071533
853,181.6,0.872188746929169
854,181.8,3.25586819648743
855,182.0,97.273323059082
856,182.1,779.306762695313
857,182.3,20.5155467987061
858,182.5,0.958338439464569
859,182.7,1.67727661132813
860,182.9,17.8575649261475
861,183.0,64.3844146728516
862,183.1,299.209533691406
863,183.3,23.7703075408936
864,183.5,1.57920610904694
865,183.8,4.50854110717773
866,184.0,70.7435150146484
867,184.1,132.191833496094
868,184.2,120.645568847656
869,184.4,3.10888528823853
870,184.6,2.2246527671814
871,184.8,3.71672606468201
872,185.0,73.2257614135742
873,185.2,359.098815917969
874,185.3,28.8562126159668
875,185.6,1.54835939407349
876,185.8,3.76244306564331
877,185.9,12.0832004547119
878,186.1,259.618286132813
879,186.2,160.098678588867
880,186.4,3.5066978931427
881,186.7,2.10691905021667
882,186.9,17.8820209503174
883,187.1,277.114166259766
884,187.2,130.409118652344
885,187.3,20.0645198822021
886,187.6,1.59739458560944
887,187.7,1.00528454780579
888,187.9,14.6856336593628
889,188.1,278.561401367188
890,188.2,180.154357910156
891,188.4,3.1833598613739
892,188.6,1.81491947174072
893,188.7,1.51075339317322
894,188.9,19.3355045318604
895,189.1,354.264709472656
896,189.2,184.847854614258
897,189.4,2.7864077091217
898,189.7,1.40911889076233
899,189.9,16.2913856506348
900,190.0,81.3817138671875
901,190.1,434.534118652344
902,190.3,21.7999267578125
903,190.5,0.831756174564362
904,190.7,2.0270369052887
905,190.9,31.3742160797119
906,191.1,640.697570800781
907,191.2,149.944580078125
908,191.4,1.77989435195923
909,191.7,1.97849333286285
910,191.9,26.5429515838623
911,192.1,453.847747802734
912,192.2,227.185455322266
913,192.4,2.98205733299255
914,192.7,1.92896640300751
915,192.9,39.1799201965332
916,193.1,684.320007324219
917,193.2,179.063293457031
918,193.4,1.25734305381775
919,193.7,1.66400396823883
920,193.9,26.1954040527344
921,194.1,598.076904296875
922,194.2,667.560180664063
923,194.4,1.4156322479248
924,194.6,1.75482368469238
925,194.8,7.23583650588989
926,195.0,105.293716430664
927,195.1,258.645202636719
928,195.2,211.539886474609
929,195.4,2.75506949424744
930,195.7,1.89738237857819
931,195.8,3.52132225036621
932,196.0,73.6901779174805
933,196.1,473.106781005859
934,196.3,26.1518993377686
935,196.5,0.951456308364868
936,196.7,2.77903413772583
937,196.9,17.6249237060547
938,197.1,315.9638671875
939,197.2,236.409362792969
940,197.4,2.84306263923645
941,197.7,1.74093651771545
942,197.9,15.7959938049316
943,198.0,56.7436408996582
944,198.1,268.469207763672
945,198.3,25.730489730835
946,198.5,0.953176856040955
947,198.7,1.74327147006989
948,198.9,14.2843799591064
949,199.1,197.736022949219
950,199.2,142.8369140625
951,199.4,3.45164060592651
952,199.7,1.70505094528198
953,199.9,15.2000741958618
954,200.0,58.9450645446777
955,200.1,273.515167236328
956,200.3,23.2765140533447
957,200.4,4.31522655487061
958,200.7,2.53213715553284
959,200.9,16.3211250305176
960,201.0,59.3980598449707
961,201.1,245.255249023438
962,201.3,23.4608573913574
963,201.5,0.711318671703339
964,201.7,1.43123996257782
965,201.9,11.582893371582
966,202.1,270.364868164063
967,202.2,174.177093505859
968,202.4,2.36155819892883
969,202.6,1.75900208950043
970,202.8,5.4480767250061
971,203.0,81.9590759277344
972,203.1,269.869354248047
973,203.3,23.3669662475586
974,203.6,1.49256479740143
975,203.7,1.03871202468872
976,203.9,15.8249969482422
977,204.0,61.3935127258301
978,204.1,306.822906494141
979,204.3,25.9702587127686
980,204.5,1.12817990779877
981,204.7,2.35688829421997
982,204.9,21.5999755859375
983,205.1,198.215560913086
984,205.2,123.766746520996
985,205.4,3.77964854240417
986,205.7,1.59727168083191
987,205.9,17.4890003204346
988,206.1,189.830520629883
989,206.2,130.288436889648
990,206.4,2.72606611251831
991,206.7,0.66621607542038
992,206.9,22.0931549072266
993,207.1,4130.82080078125
994,207.2,183.135177612305
995,207.4,0.493670880794525
996,207.7,0.512473881244659
997,207.9,20.2357139587402
998,208.1,1188.77331542969
999,208.2,243.619888305664
1000,208.4,1.69767725467682
1001,208.6,1.63291144371033
1002,208.8,6.36168098449707
1003,209.0,174.184219360352
1004,209.1,707.083923339844
1005,209.3,18.9665718078613
1006,209.6,0.918643236160278
1007,209.8,4.82892942428589
1008,210.0,91.3218612670898
1009,210.1,397.07177734375
1010,210.3,28.2402610778809
1011,210.6,1.73405432701111
1012,210.7,2.05800652503967
1013,210.9,32.6417579650879
1014,211.1,320.120697021484
1015,211.2,159.628860473633
1016,211.4,2.08307719230652
1017,211.7,2.13383316993713
1018,211.9,17.934741973877
1019,212.0,59.0961036682129
1020,212.2,283.865051269531
1021,212.3,22.0249481201172
1022,212.5,2.39400267601013
1023,212.8,6.25599098205566
1024,213.0,88.6831741333008
1025,213.2,396.238525390625
1026,213.3,26.3299751281738
1027,213.6,1.11318671703339
1028,213.7,1.01745116710663
1029,213.9,15.2591867446899
1030,214.0,50.5302925109863
1031,214.2,226.343124389648
1032,214.3,25.444881439209
1033,214.4,4.48961544036865
1034,214.7,3.45594191551208
1035,214.9,28.6429882049561
1036,215.1,232.628356933594
1037,215.2,135.185577392578
1038,215.4,2.74499201774597
1039,215.6,1.44008851051331
1040,215.7,1.05210769176483
1041,215.9,15.863094329834
1042,216.1,203.067840576172
1043,216.2,131.49072265625
1044,216.4,3.70455932617188
1045,216.7,2.65957975387573
1046,216.9,20.0859031677246
1047,217.1,142.022613525391
1048,217.2,98.1407165527344
1049,217.4,3.56998896598816
1050,217.7,2.23325538635254
1051,217.9,15.706033706665
1052,218.1,185.620742797852
1053,218.2,136.363403320313
1054,218.4,3.54344344139099
1055,218.6,1.07127928733826
1056,218.8,7.19429779052734
1057,219.0,66.4273071289063
1058,219.1,176.883377075195
1059,219.3,18.4334526062012
1060,219.4,3.47966074943542
1061,219.6,0.715865790843964
1062,219.8,7.1247386932373
1063,220.0,68.1589050292969
1064,220.1,235.477447509766
1065,220.3,21.2480030059814
1066,220.4,4.06144762039185
1067,220.6,0.839990139007568
1068,220.8,5.85424613952637
1069,221.0,78.9900436401367
1070,221.1,238.145874023438
1071,221.3,30.4443893432617
1072,221.5,1.05137026309967
1073,221.7,1.89590764045715
1074,221.9,15.8817749023438
1075,222.1,154.789474487305
1076,222.2,93.8947982788086
1077,222.3,30.6847724914551
1078,222.6,2.86690425872803
1079,222.7,2.09081959724426
1080,222.9,24.2842578887939
1081,223.1,152.181030273438
1082,223.2,76.5778579711914
1083,223.3,24.1247386932373
1084,223.6,1.97173404693604
1085,223.8,4.93744611740112
1086,223.9,13.2507066726685
1087,224.1,129.815780639648
1088,224.2,98.8811569213867
1089,224.4,4.27381086349487
1090,224.5,2.38650608062744
1091,224.8,6.31240034103394
1092,225.0,74.5358276367188
1093,225.1,198.959320068359
1094,225.3,24.0785293579102
1095,225.5,1.59825491905212
1096,225.8,4.77178335189819
1097,226.0,61.0914344787598
1098,226.1,100.595062255859
1099,226.2,109.480644226074
1100,226.4,4.54319763183594
1101,226.7,2.34877729415894
1102,226.9,14.5408630371094
1103,227.1,136.70295715332
1104,227.2,123.832740783691
1105,227.4,6.34484434127808
1106,227.7,1.92577111721039
1107,227.9,13.7839498519897
1108,228.1,140.176605224609
1109,228.2,125.410102844238
1110,228.4,4.49330234527588
1111,228.6,2.23128914833069
1112,228.8,5.04313611984253
1113,229.0,55.8098793029785
1114,229.2,155.04719543457
1115,229.3,25.3221092224121
1116,229.6,2.07484340667725
1117,229.7,1.18188524246216
1118,229.9,15.3194055557251
1119,230.1,147.778793334961
1120,230.2,115.763305664063
1121,230.4,5.05161619186401
1122,230.7,2.52820444107056
1123,230.9,14.688214302063
1124,231.1,101.85523223877
1125,231.2,80.5624923706055
1126,231.4,4.4844536781311
1127,231.7,1.90856575965881
1128,231.9,12.7071399688721
1129,232.0,38.0437507629395
1130,232.2,170.710083007813
1131,232.3,23.8288059234619
1132,232.4,5.01683664321899
1133,232.7,3.59432220458984
1134,232.9,21.5328750610352
1135,233.1,108.052848815918
1136,233.2,59.4364013671875
1137,233.3,24.431978225708
1138,233.5,2.60132718086243
1139,233.8,5.18114805221558
1140,234.0,53.3031845092773
1141,234.2,175.232391357422
1142,234.3,26.8402366638184
1143,234.6,2.09462952613831
1144,234.7,2.35332441329956
1145,234.9,20.3023223876953
1146,235.0,37.380729675293
1147,235.2,116.717834472656
1148,235.3,19.119945526123
1149,235.4,4.86420059204102
1150,235.6,1.06845271587372
1151,235.8,6.25009202957153
1152,235.9,12.8705911636353
1153,236.1,98.6481475830078
1154,236.2,57.0299873352051
1155,236.3,28.3964614868164
1156,236.6,3.08553528785706
1157,236.7,2.32481265068054
1158,236.9,20.1930694580078
1159,237.1,98.1332168579102
1160,237.2,53.9896774291992
1161,237.3,22.7454833984375
1162,237.6,2.2419810295105
1163,237.8,4.80213832855225
1164,238.0,42.9025421142578
1165,238.2,119.47142791748
1166,238.3,26.0394496917725
1167,238.5,1.27196753025055
1168,238.7,2.82487392425537
1169,238.9,14.9132356643677
1170,239.1,96.418830871582
1171,239.2,56.8150405883789
1172,239.3,28.1544799804688
1173,239.5,1.44475853443146
1174,239.7,2.25562238693237
1175,239.9,11.8449058532715
1176,240.1,98.7603530883789
1177,240.2,56.6703948974609
1178,240.3,24.0872554779053
1179,240.5,2.42779898643494
1180,240.8,4.08258581161499
1181,240.9,9.42153167724609
1182,241.1,82.7196731567383
1183,241.2,77.0831985473633
1184,241.4,4.70677137374878
1185,241.5,2.32432103157043
1186,241.8,3.99164319038391
1187,242.0,41.4894943237305
1188,242.2,123.503746032715
1189,242.3,24.6490116119385
1190,242.6,2.12154364585876
1191,242.7,1.30564093589783
1192,242.9,13.5838756561279
1193,243.1,72.4002685546875
1194,243.2,62.3728637695313
1195,243.4,5.79390430450439
1196,243.6,1.15374219417572
1197,243.8,3.78100037574768
1198,244.0,40.0204010009766
1199,244.1,64.9928741455078
1200,244.2,81.8971328735352
1201,244.4,3.72434568405151
1202,244.5,2.15964102745056
1203,244.8,4.26803493499756
1204,245.0,37.5508155822754
1205,245.2,76.089225769043
1206,245.3,21.8257350921631
1207,245.6,2.7597393989563
1208,245.7,1.21727907657623
1209,245.9,12.7780504226685
1210,246.0,32.0855369567871
1211,246.2,125.206092834473
1212,246.3,26.4784317016602
1213,246.5,1.20584976673126
1214,246.7,2.27676057815552
1215,246.8,2.97542095184326
1216,247.0,34.3513565063477
1217,247.2,78.0517425537109
1218,247.3,22.9360942840576
1219,247.6,2.73995327949524
1220,247.7,1.78407275676727
1221,247.9,16.3068695068359
1222,248.1,97.4523773193359
1223,248.2,77.0068817138672
1224,248.4,4.06673240661621
1225,248.5,3.15570855140686
1226,248.8,9.70160961151123
1227,249.0,79.8333511352539
1228,249.1,63.6588439941406
1229,249.2,57.1291618347168
1230,249.4,3.74191951751709
1231,249.6,2.67076325416565
1232,249.8,9.39953327178955
1233,250.0,63.2385406494141
1234,250.2,117.196632385254
1235,250.3,19.5757656097412
1236,250.4,5.65097713470459
1237,250.7,4.96177959442139
1238,250.9,35.5792045593262
1239,251.1,118.714393615723
1240,251.2,60.192699432373
1241,251.4,4.51886463165283
1242,251.7,4.59321594238281
1243,251.9,23.2068328857422
1244,252.1,97.5581893920898
1245,252.2,67.7865295410156
1246,252.4,3.70591115951538
1247,252.6,3.10470700263977
1248,252.7,3.09045100212097
1249,252.9,24.532751083374
1250,253.0,43.4720420837402
1251,253.2,122.317687988281
1252,253.3,24.4454956054688
1253,253.5,1.20068824291229
1254,253.7,3.03613114356995
1255,253.9,14.171685218811
1256,254.0,29.8423252105713
1257,254.2,105.888656616211
1258,254.3,24.2341156005859
1259,254.5,1.55745363235474
1260,254.7,3.0586211681366
1261,254.9,14.039080619812
1262,255.1,74.0690689086914
1263,255.2,79.9365844726563
1264,255.4,6.05493402481079
1265,255.7,2.20412921905518
1266,255.9,10.4152631759644
1267,256.1,75.8596496582031
1268,256.3,109.707633972168
1269,256.4,10.3476715087891
1270,256.7,2.73417711257935
1271,256.9,12.0184345245361
1272,257.0,21.8857078552246
1273,257.2,65.4290313720703
1274,257.3,26.8333530426025
1275,257.5,3.04928112030029
1276,257.8,3.95366835594177
1277,258.0,33.3080978393555
1278,258.2,85.4858093261719
1279,258.3,19.3627872467041
1280,258.4,6.73417711257935
1281,258.7,2.22612762451172
1282,258.8,2.98598980903625
1283,259.0,29.2679119110107
1284,259.2,58.3475494384766
1285,259.3,20.7041912078857
1286,259.5,1.49858665466309
1287,259.7,2.29003310203552
1288,259.9,12.0441198348999
1289,260.0,24.2520580291748
1290,260.2,88.2343597412109
1291,260.3,26.1852035522461
1292,260.6,2.17377400398254
1293,260.8,4.40235948562622
1294,261.0,27.1919631958008
1295,261.2,52.8887786865234
1296,261.3,20.8830032348633
1297,261.5,1.44721639156342
1298,261.7,1.97751009464264
1299,261.9,11.0886077880859
1300,262.1,59.7123031616211
1301,262.2,55.5457801818848
1302,262.4,4.89725923538208
1303,262.6,2.84724092483521
1304,262.8,4.97910785675049
1305,262.9,8.74339389801025
1306,263.1,44.692024230957
1307,263.2,39.3578720092773
1308,263.4,6.52107667922974
1309,263.7,2.45102620124817
1310,263.9,10.8124618530273
1311,264.1,55.6357383728027
1312,264.2,56.8347053527832
1313,264.4,7.64507818222046
1314,264.7,4.44537305831909
1315,264.9,23.8419570922852
1316,265.1,112.898857116699
1317,265.2,54.0256843566895
1318,265.4,3.56851410865784
1319,265.5,2.60513710975647
1320,265.8,6.13936328887939
1321,266.0,39.673713684082
1322,266.2,80.3119049072266
1323,266.3,23.6635131835938
1324,266.5,4.65589284896851
1325,266.8,18.9477691650391
1326,267.0,203.669281005859
1327,267.1,240.625045776367
1328,267.3,13.7285242080688
1329,267.4,2.96743273735046
1330,267.7,4.40530920028687
1331,267.9,30.023717880249
1332,268.1,121.49195098877
1333,268.2,50.6365966796875
1334,268.3,22.437385559082
1335,268.6,3.12117481231689
1336,268.8,11.414402961731
1337,269.0,73.0556716918945
1338,269.1,63.3533248901367
1339,269.2,63.310432434082
1340,269.4,5.21715641021729
1341,269.7,3.05001854896545
1342,269.8,3.67936587333679
1343,270.0,34.4935493469238
1344,270.2,105.159515380859
1345,270.3,43.7950096130371
1346,270.5,3.3099422454834
1347,270.7,7.32530403137207
1348,270.9,28.2567291259766
1349,271.1,78.7361450195313
1350,271.2,56.4191970825195
1351,271.4,5.99115133285522
1352,271.7,3.31375193595886
1353,271.9,13.3723735809326
1354,272.0,27.4400882720947
1355,272.2,150.924057006836
1356,272.3,23.637580871582
1357,272.5,1.3179304599762
1358,272.7,3.78345823287964
1359,272.9,14.6225881576538
1360,273.1,49.4976043701172
1361,273.2,31.3237056732178
1362,273.3,18.2448081970215
1363,273.5,1.52746713161469
1364,273.7,2.91126942634583
1365,273.8,2.58006644248962
1366,274.0,24.9139728546143
1367,274.2,65.7161102294922
1368,274.3,18.8650608062744
1369,274.4,7.90709114074707
1370,274.6,1.43910527229309
1371,274.8,6.03084659576416
1372,275.0,22.8408508300781
1373,275.2,39.6786270141602
1374,275.3,22.0890998840332
1375,275.5,1.56888282299042
1376,275.7,2.86776447296143
1377,275.9,9.79734516143799
1378,276.1,41.1968803405762
1379,276.2,44.6997680664063
1380,276.4,6.65171432495117
1381,276.7,2.80975794792175
1382,276.9,10.1643114089966
1383,277.0,12.1810245513916
1384,277.2,34.0415382385254
1385,277.3,14.9284744262695
1386,277.5,1.62160503864288
1387,277.7,2.46970629692078
1388,277.9,8.67776775360107
1389,278.0,15.2032690048218
1390,278.2,47.5886688232422
1391,278.3,25.0647659301758
1392,278.5,3.51677513122559
1393,278.8,4.60685777664185
1394,279.0,21.4586448669434
1395,279.2,38.7182006835938
1396,279.3,12.5355777740479
1397,279.4,6.40752124786377
1398,279.7,2.2348530292511
1399,279.9,9.90512466430664
1400,280.0,15.0706644058228
1401,280.2,50.9143409729004
1402,280.3,18.2131004333496
1403,280.5,1.41108512878418
1404,280.7,2.75912499427795
1405,280.9,40.1928215026855
1406,281.1,1182.7470703125
1407,281.2,180.905120849609
1408,281.4,1.88546144962311
1409,281.7,2.43947410583496
1410,281.9,31.159273147583
1411,282.1,328.813812255859
1412,282.2,118.688827514648
1413,282.4,5.87612152099609
1414,282.7,3.50387120246887
1415,282.9,32.9207305908203
1416,283.0,70.5891571044922
1417,283.1,246.84748840332
1418,283.3,20.0186805725098
1419,283.4,4.88976287841797
1420,283.6,0.699889421463013
1421,283.8,6.11367845535278
1422,284.0,43.7290153503418
1423,284.2,100.079025268555
1424,284.3,27.0969638824463
1425,284.6,4.79501056671143
1426,284.8,13.7456064224243
1427,285.0,75.6383209228516
1428,285.1,114.615585327148
1429,285.3,22.5604038238525
1430,285.5,2.60624313354492
1431,285.8,6.88238906860352
1432,286.0,39.6244316101074
1433,286.2,77.4216537475586
1434,286.3,23.1737747192383
1435,286.5,3.18286848068237
1436,286.8,8.19478893280029
1437,287.0,36.6302070617676
1438,287.2,61.1129417419434
1439,287.3,20.1773376464844
1440,287.6,2.57932901382446
1441,287.7,1.45385277271271
1442,287.9,12.1185941696167
1443,288.1,39.8715744018555
1444,288.2,42.5502014160156
1445,288.4,8.62799549102783
1446,288.7,5.51357984542847
1447,288.9,22.4410724639893
1448,289.1,59.6166877746582
1449,289.2,38.971118927002
1450,289.4,5.7264347076416
1451,289.7,3.21039700508118
1452,289.9,12.4370164871216
1453,290.0,16.3227233886719
1454,290.2,46.7776832580566
1455,290.3,17.6692886352539
1456,290.5,1.78948020935059
1457,290.7,3.15275907516479
1458,290.8,3.66609311103821
1459,291.0,17.227725982666
1460,291.2,25.2751636505127
1461,291.3,10.826226234436
1462,291.5,1.67592477798462
1463,291.7,2.41784429550171
1464,291.9,8.74425506591797
1465,292.1,25.2719669342041
1466,292.2,24.9971733093262
1467,292.4,7.17647790908813
1468,292.7,5.09254026412964
1469,292.9,16.3742160797119
1470,293.1,31.0603408813477
1471,293.2,23.9560031890869
1472,293.4,5.19122505187988
1473,293.7,2.94580316543579
1474,293.8,2.93781495094299
1475,294.0,19.3115406036377
1476,294.2,31.98193359375
1477,294.3,17.1748809814453
1478,294.5,3.05849814414978
1479,294.8,6.78751373291016
1480,295.0,25.5692520141602
1481,295.2,43.4524993896484
1482,295.3,11.7909545898438
1483,295.4,6.21924543380737
1484,295.6,1.1123263835907
1485,295.8,4.78222942352295
1486,296.0,22.6302070617676
1487,296.2,45.5572090148926
1488,296.3,20.980583190918
1489,296.5,2.18889021873474
1490,296.7,4.02543926239014
1491,296.9,12.9635000228882
1492,297.1,36.2734413146973
1493,297.2,29.4592609405518
1494,297.4,3.84896159172058
1495,297.5,2.59358477592468
1496,297.8,4.16123867034912
1497,297.9,7.09376907348633
1498,298.1,43.5275917053223
1499,298.2,45.2725830078125
1500,298.4,5.95305395126343
1501,298.7,3.64114546775818
1502,298.9,13.588791847229
1503,299.1,42.1432952880859
1504,299.2,33.6694107055664
1505,299.4,5.54995679855347
1506,299.7,2.62615203857422
1507,299.9,10.1125726699829
1508,300.1,39.6142311096191
1509,300.2,39.5531539916992
1510,300.4,5.68710803985596
1511,300.6,1.13469338417053
1512,300.8,4.83986711502075
1513,301.0,16.4153861999512
1514,301.2,25.8374099731445
1515,301.3,8.61410808563232
1516,301.4,5.50915575027466
1517,301.7,2.45053458213806
1518,301.8,2.51456308364868
1519,302.0,19.6735897064209
1520,302.2,77.7071380615234
1521,302.3,19.0675926208496
1522,302.5,1.38404822349548
1523,302.7,2.27184462547302
1524,302.8,2.05616331100464
1525,303.0,14.177583694458
1526,303.2,24.8725566864014
1527,303.3,8.03244400024414
1528,303.4,4.74216556549072
1529,303.7,2.39904141426086
1530,303.9,6.85473775863647
1531,304.0,9.21949100494385
1532,304.2,25.3965835571289
1533,304.3,12.882758140564
1534,304.5,1.65638446807861
1535,304.7,2.32493543624878
1536,304.8,1.78554749488831
1537,305.0,9.21310043334961
1538,305.2,14.3192825317383
1539,305.3,8.67137718200684
1540,305.5,1.1855720281601
1541,305.7,2.1225266456604
1542,305.9,6.15546274185181
1543,306.1,17.310188293457
1544,306.2,17.1824989318848
1545,306.4,3.93056416511536
1546,306.5,2.80275297164917
1547,306.8,3.47413063049316
1548,306.9,3.49428534507751
1549,307.1,13.6684284210205
1550,307.2,7.73417711257935
1551,307.3,8.58031177520752
1552,307.5,1.20326900482178
1553,307.7,2.15767478942871
1554,307.9,6.61484575271606
1555,308.1,16.5870704650879
1556,308.3,17.7362670898438
1557,308.4,3.64679861068726
1558,308.5,3.07693243026733
1559,308.8,3.9400269985199
1560,309.0,11.5642127990723
1561,309.2,16.7924289703369
1562,309.3,9.05579471588135
1563,309.5,1.46466755867004
1564,309.7,2.29126214981079
1565,309.9,6.95846128463745
1566,310.0,10.8540000915527
1567,310.2,42.5854721069336
1568,310.3,16.8383922576904
1569,310.6,2.93621730804443
1570,310.8,4.98906230926514
1571,311.0,16.3034286499023
1572,311.1,13.3520956039429
1573,311.2,20.3033065795898
1574,311.4,4.5658106803894
1575,311.7,2.51935601234436
1576,311.9,8.44279193878174
1577,312.1,33.0678367614746
1578,312.2,21.7610912322998
1579,312.3,18.1571826934814
1580,312.5,3.42681574821472
1581,312.8,5.10396957397461
1582,313.0,17.0906963348389
1583,313.2,24.6286106109619
1584,313.3,11.2631187438965
1585,313.5,1.15546274185181
1586,313.7,2.20990538597107
1587,313.9,8.09720993041992
1588,314.1,27.1267051696777
1589,314.2,27.3041667938232
1590,314.4,5.14083814620972
1591,314.6,1.05481135845184
1592,314.8,3.25107526779175
1593,314.9,4.17279100418091
1594,315.1,15.2976522445679
1595,315.2,14.0704193115234
1596,315.4,2.93732333183289
1597,315.5,2.70800042152405
1598,315.7,0.982425928115845
1599,315.9,7.22354698181152
1600,316.0,9.84932994842529
1601,316.2,29.5012912750244
1602,316.3,14.9648523330688
1603,316.5,2.40702962875366
1604,316.8,2.85498332977295
1605,317.0,8.44869136810303
1606,317.1,4.98820209503174
1607,317.2,11.2963008880615
1608,317.4,2.59530544281006
1609,317.5,2.21949124336243
1610,317.8,2.9826717376709
1611,318.0,9.37667465209961
1612,318.2,17.1152763366699
1613,318.3,6.45803117752075
1614,318.4,5.27037000656128
1615,318.7,2.06931304931641
1616,318.9,4.16443395614624
1617,319.1,10.7068948745728
1618,319.2,4.70025825500488
1619,319.3,7.31534957885742
1620,319.5,1.14968657493591
1621,319.7,1.90328133106232
1622,319.9,4.53053951263428
1623,320.1,19.3202648162842
1624,320.2,13.7421655654907
1625,320.3,10.6985378265381
1626,320.5,1.5235344171524
1627,320.7,2.1287944316864
1628,320.9,4.09278583526611
1629,321.1,9.30318260192871
1630,321.2,9.57158660888672
1631,321.4,3.6536808013916
1632,321.7,1.90967190265656
1633,321.9,4.68649387359619
1634,322.1,12.2921228408813
1635,322.2,13.9513330459595
1636,322.4,4.48543691635132
1637,322.7,2.90303540229797
1638,322.9,7.11957740783691
1639,323.1,14.0411701202393
1640,323.2,11.2370653152466
1641,323.4,2.34066605567932
1642,323.5,2.4054319858551
1643,323.8,3.74105930328369
1644,323.9,4.23755693435669
1645,324.1,17.5729389190674
1646,324.2,20.1349391937256
1647,324.4,6.04559421539307
1648,324.7,7.03060102462769
1649,324.9,25.7655162811279
1650,325.0,29.236328125
1651,325.1,42.9222068786621
1652,325.3,10.2181396484375
1653,325.6,2.22182631492615
1654,325.8,7.54737615585327
1655,326.0,25.443775177002
1656,326.1,18.0356388092041
1657,326.2,22.6261520385742
1658,326.4,6.91569375991821
1659,326.7,9.24222660064697
1660,326.8,15.6338949203491
1661,327.0,92.5537643432617
1662,327.1,78.0267944335938
1663,327.3,7.32763910293579
1664,327.4,3.78075456619263
1665,327.7,4.94690895080566
1666,327.8,6.86776447296143
1667,328.0,34.7782974243164
1668,328.1,47.7236099243164
1669,328.3,9.52734470367432
1670,328.4,5.30146265029907
1671,328.7,5.43849086761475
1672,328.9,18.0591125488281
1673,329.0,16.2773742675781
1674,329.1,29.9480152130127
1675,329.3,9.67567920684814
1676,329.5,2.64286589622498
1677,329.8,4.77940273284912
1678,330.0,15.1533737182617
1679,330.2,25.2457904815674
1680,330.3,12.3523406982422
1681,330.5,1.91249847412109
1682,330.7,4.28388833999634
1683,330.8,3.67027163505554
1684,331.0,13.8230304718018
1685,331.1,7.99238061904907
1686,331.2,12.7057886123657
1687,331.4,2.6198844909668
1688,331.5,2.44131731987
1689,331.7,1.29138505458832
1690,331.9,6.63057661056519
1691,332.1,16.6214828491211
1692,332.2,18.7905864715576
1693,332.4,4.88091421127319
1694,332.7,2.34447574615479
1695,332.8,1.73208796977997
1696,333.0,6.70271587371826
1697,333.1,4.95366859436035
1698,333.3,7.34791707992554
1699,333.4,3.79783701896667
1700,333.7,1.79230678081512
1701,333.9,3.84183359146118
1702,334.1,8.99594402313232
1703,334.3,9.88177490234375
1704,334.4,3.9595673084259
1705,334.6,1.13076066970825
1706,334.8,2.53496384620667
1707,335.0,5.4520092010498
1708,335.2,6.75175142288208
1709,335.3,5.12486171722412
1710,335.5,1.04657733440399
1711,335.7,1.99692761898041
1712,335.9,4.06095600128174
1713,336.1,8.66904258728027
1714,336.3,9.19429779052734
1715,336.4,3.95329976081848
1716,336.7,2.63389444351196
1717,336.9,3.53066229820251
1718,337.1,6.42116260528564
1719,337.2,6.79083204269409
1720,337.4,3.14132976531982
1721,337.7,2.01401019096375
1722,337.8,1.35443043708801
1723,338.0,6.97824764251709
1724,338.2,10.2978982925415
1725,338.3,7.03785181045532
1726,338.6,2.8441686630249
1727,338.8,4.73749542236328
1728,339.0,11.4851913452148
1729,339.2,14.449182510376
1730,339.3,7.93879795074463
1731,339.6,2.25746583938599
1732,339.7,1.13284993171692
1733,339.9,5.88582992553711
1734,340.0,8.38724327087402
1735,340.2,28.5929698944092
1736,340.3,9.27393341064453
1737,340.4,5.31817626953125
1738,340.7,7.25168991088867
1739,340.9,49.0044250488281
1740,341.1,183.980834960938
1741,341.2,46.0433807373047
1742,341.3,15.0121669769287
1743,341.5,1.6421285867691
1744,341.7,4.33808517456055
1745,341.9,21.9916439056396
1746,342.1,70.9483871459961
1747,342.2,41.919750213623
1748,342.4,3.88091444969177
1749,342.6,3.17868995666504
1750,342.8,10.6930074691772
1751,343.0,37.3232154846191
1752,343.1,47.5046081542969
1753,343.3,12.5913724899292
1754,343.5,2.52365732192993
1755,343.8,5.41489505767822
1756,344.0,15.4903526306152
1757,344.2,22.3096961975098
1758,344.3,11.068943977356
1759,344.6,4.08025074005127
1760,344.8,9.89922618865967
1761,345.0,25.227725982666
1762,345.1,16.7008724212646
1763,345.2,20.5971488952637
1764,345.4,3.21432971954346
1765,345.6,2.47646546363831
1766,345.8,4.49612855911255
1767,346.0,12.4301338195801
1768,346.2,18.3383312225342
1769,346.3,7.0030722618103
1770,346.4,5.02298164367676
1771,346.6,1.09819340705872
1772,346.8,4.29519462585449
1773,347.0,10.1063041687012
1774,347.2,11.146614074707
1775,347.3,6.3303427696228
1776,347.5,1.16234481334686
1777,347.7,1.97124242782593
1778,347.9,3.51259684562683
1779,348.1,7.58596515655518
1780,348.3,8.20720195770264
1781,348.4,4.32186317443848
1782,348.6,1.35651957988739
1783,348.8,5.57846879959106
1784,349.0,10.3610668182373
1785,349.2,10.7642869949341
1786,349.3,3.2482488155365
1787,349.4,2.88583016395569
1788,349.7,2.23165774345398
1789,349.8,1.86014497280121
1790,350.0,5.70050382614136
1791,350.1,4.09118843078613
1792,350.3,8.03846645355225
1793,350.4,3.51837277412415
1794,350.7,2.51247382164001
1795,350.9,4.08578109741211
1796,351.0,2.92564821243286
1797,351.2,6.52427196502686
1798,351.3,2.77411818504333
1799,351.4,3.56740808486938
1800,351.7,1.97554385662079
1801,351.8,1.43726193904877
1802,352.0,5.28573179244995
1803,352.2,7.52734422683716
1804,352.3,6.98291730880737
1805,352.5,2.98955392837524
1806,352.8,2.74351716041565
1807,353.0,5.20769309997559
1808,353.2,7.01081466674805
1809,353.3,2.96866178512573
1810,353.4,3.34336972236633
1811,353.6,2.0017204284668
1812,353.9,4.29470300674438
1813,354.1,9.91409587860107
1814,354.2,11.3139982223511
1815,354.4,3.06513452529907
1816,354.6,3.08750152587891
1817,354.8,11.9778785705566
1818,355.0,78.6071014404297
1819,355.1,194.323822021484
1820,355.3,24.8763675689697
1821,355.5,1.3077300786972
1822,355.7,3.20671010017395
1823,355.9,17.2729511260986
1824,356.1,63.6380729675293
1825,356.2,30.8444137573242
1826,356.3,18.3831882476807
1827,356.6,2.89418697357178
1828,356.8,7.35627365112305
1829,357.0,28.4536075592041
1830,357.1,47.6248016357422
1831,357.3,14.6350002288818
1832,357.5,2.25095248222351
1833,357.7,1.27393388748169
1834,357.9,7.00921726226807
1835,358.1,16.9225749969482
1836,358.2,14.1955270767212
1837,358.4,3.15828919410706
1838,358.6,2.97222566604614
1839,358.8,6.67199230194092
1840,359.0,18.3539390563965
1841,359.1,23.995698928833
1842,359.3,9.8995943069458
1843,359.5,2.24050641059875
1844,359.7,1.26705169677734
1845,359.9,5.74167394638062
1846,360.0,5.45827722549438
1847,360.2,12.9696445465088
1848,360.3,6.10384654998779
1849,360.4,4.83876132965088
1850,360.7,2.26914095878601
1851,360.8,1.89996314048767
1852,361.0,7.02888059616089
1853,361.1,4.79341268539429
1854,361.3,8.29691505432129
1855,361.4,2.5595428943634
1856,361.6,2.4933021068573
1857,361.8,2.08283162117004
1858,362.0,4.69816875457764
1859,362.2,8.09364604949951
1860,362.3,7.6528205871582
1861,362.5,3.51849579811096
1862,362.7,1.79120063781738
1863,362.9,7.89209794998169
1864,363.0,6.05444288253784
1865,363.2,12.8798084259033
1866,363.3,4.70922946929932
1867,363.4,4.60009813308716
1868,363.7,2.36610555648804
1869,363.9,3.57416749000549
1870,364.1,7.17942714691162
1871,364.3,9.04547119140625
1872,364.5,5.3423867225647
1873,364.7,2.09401488304138
1874,364.9,3.243332862854
1875,365.0,2.52525496482849
1876,365.2,5.65810489654541
1877,365.3,5.29630088806152
1878,365.5,1.26680600643158
1879,365.7,1.85400021076202
1880,365.9,2.70431351661682
1881,366.0,1.66707634925842
1882,366.2,6.51247406005859
1883,366.3,5.70591115951538
1884,366.5,3.38441681861877
1885,366.7,1.53545534610748
1886,366.9,5.78456449508667
1887,367.0,3.47695708274841
1888,367.2,8.90696811676025
1889,367.3,5.57281541824341
1890,367.4,5.97935342788696
1891,367.6,1.15226745605469
1892,367.8,2.58031225204468
1893,368.0,5.21138000488281
1894,368.1,4.30306005477905
1895,368.3,8.71734046936035
1896,368.4,3.27602314949036
1897,368.6,3.19356036186218
1898,368.8,3.79501032829285
1899,369.0,7.55118608474731
1900,369.2,9.52869606018066
1901,369.3,3.94162464141846
1902,369.4,4.50903272628784
1903,369.7,2.01278114318848
1904,369.9,3.79980325698853
1905,370.0,3.52390313148499
1906,370.2,9.32382965087891
1907,370.3,5.78800535202026
1908,370.5,1.38355660438538
1909,370.7,2.3787636756897
1910,370.8,2.11208057403564
1911,371.0,6.58621120452881
1912,371.2,7.79648542404175
1913,371.3,2.8450288772583
1914,371.4,3.02248978614807
1915,371.6,0.962025344371796
1916,371.8,2.33550453186035
1917,372.0,4.97972202301025
1918,372.2,7.22354698181152
1919,372.3,3.35320138931274
1920,372.4,3.82978987693787
1921,372.6,1.20867645740509
1922,372.8,3.30650115013123
1923,372.9,2.68895173072815
1924,373.1,8.40506362915039
1925,373.3,7.61201906204224
1926,373.4,3.16222190856934
1927,373.7,1.79046332836151
1928,373.8,1.18643236160278
1929,374.0,4.40137624740601
1930,374.2,7.72606611251831
1931,374.3,7.8481011390686
1932,374.5,2.63340306282043
1933,374.8,2.21015119552612
1934,375.0,3.13493919372559
1935,375.1,2.54209160804749
1936,375.2,5.08848476409912
1937,375.4,1.746466755867
1938,375.5,1.97542095184326
1939,375.8,1.45581912994385
1940,376.0,3.59002089500427
1941,376.2,7.11503028869629
1942,376.3,4.78591632843018
1943,376.4,8.32763957977295
1944,376.6,2.39805817604065
1945,376.8,1.05518007278442
1946,377.0,2.63241982460022
1947,377.2,5.33501291275024
1948,377.3,2.15263605117798
1949,377.4,3.6554012298584
1950,377.6,1.10015976428986
1951,377.8,1.65282046794891
1952,378.0,3.31461215019226
1953,378.1,2.76797342300415
1954,378.3,8.61546039581299
1955,378.4,5.3312029838562
1956,378.5,4.33218622207642
1957,378.7,2.13543081283569
1958,379.0,2.35860872268677
1959,379.2,4.80680847167969
1960,379.4,7.36647415161133
1961,379.5,4.07533502578735
1962,379.7,0.898734152317047
1963,379.9,1.85596656799316
1964,380.1,3.8805456161499
1965,380.3,8.94604873657227
1966,380.4,9.80287551879883
1967,380.6,1.68501901626587
1968,380.8,1.92552542686462
1969,381.0,2.78050875663757
1970,381.2,5.31952810287476
1971,381.3,4.47904634475708
1972,381.4,15.8601446151733
1973,381.6,2.33206343650818
1974,381.8,0.899225771427155
1975,382.0,2.87808775901794
1976,382.1,2.7304904460907
1977,382.3,11.8537540435791
1978,382.4,14.4028511047363
1979,382.5,7.49760341644287
1980,382.8,3.10507559776306
1981,383.0,5.35541343688965
1982,383.1,3.31276893615723
1983,383.3,7.42976522445679
1984,383.4,8.2519359588623
1985,383.6,2.50731229782104
1986,383.9,3.0861496925354
1987,384.1,4.98156547546387
1988,384.2,2.76281189918518
1989,384.4,5.5839991569519
1990,384.5,2.49760365486145
1991,384.7,4.53496360778809
1992,384.9,8.6744499206543
1993,385.0,4.55905103683472
1994,385.2,10.7301216125488
1995,385.3,4.66412687301636
1996,385.5,1.07742416858673
1997,385.7,2.55450415611267
1998,385.8,1.82794642448425
1999,386.0,4.84822416305542
2000,386.2,6.48678874969482
2001,386.3,4.19810724258423
2002,386.5,1.5119823217392
2003,386.7,3.67531037330627
2004,386.8,3.5422146320343
2005,387.0,11.0597267150879
2006,387.2,12.3772888183594
2007,387.3,4.80262994766235
2008,387.6,1.61398553848267
2009,387.8,2.65146851539612
2010,388.0,5.23866271972656
2011,388.1,6.89430999755859
2012,388.3,3.00823402404785
2013,388.4,3.22575879096985
2014,388.7,2.84379982948303
2015,388.9,4.04104709625244
2016,389.1,5.53348922729492
2017,389.2,4.18766117095947
2018,389.4,2.10618162155151
2019,389.7,2.03760600090027
2020,389.8,0.829666972160339
2021,390.0,2.89861130714417
2022,390.2,4.92527961730957
2023,390.4,4.76207447052002
2024,390.5,2.90291261672974
2025,390.7,1.16013276576996
2026,390.9,2.62246537208557
2027,391.0,1.44033432006836
2028,391.2,3.17684650421143
2029,391.3,1.58289301395416
2030,391.4,2.40063905715942
2031,391.7,1.62615215778351
2032,391.9,2.10913109779358
2033,392.1,3.40850424766541
2034,392.3,6.29605484008789
2035,392.4,6.63745832443237
2036,392.6,1.98291754722595
2037,392.8,1.49145877361298
2038,393.0,2.05419683456421
2039,393.2,4.0385890007019
2040,393.3,2.05653190612793
2041,393.4,3.80471920967102
2042,393.6,1.63205111026764
2043,393.8,0.86837899684906
2044,394.0,1.78198349475861
2045,394.2,5.16885852813721
2046,394.4,20.8723125457764
2047,394.5,11.0066366195679
2048,394.7,2.10728764533997
2049,395.0,1.88595306873322
2050,395.2,3.48002958297729
2051,395.3,2.61927008628845
2052,395.4,7.76600694656372
2053,395.6,2.17340540885925
2054,395.9,1.71856951713562
2055,396.1,2.83851552009583
2056,396.3,8.22526741027832
2057,396.4,51.0979461669922
2058,396.6,1.74990785121918
2059,396.7,2.11306381225586
2060,397.0,2.10863947868347
2061,397.2,3.25599122047424
2062,397.3,3.05395102500916
2063,397.4,16.110237121582
2064,397.6,2.38748931884766
2065,397.8,0.832001984119415
2066,398.0,2.17549467086792
2067,398.2,3.51505470275879
2068,398.4,6.47056674957275
2069,398.5,3.18311405181885
2070,398.7,3.87931680679321
2071,398.8,2.68710827827454
2072,399.0,9.91999530792236
2073,399.2,9.32444381713867
2074,399.3,5.10913133621216
2075,399.6,2.29212236404419
2076,399.8,2.82266187667847
2077,400.0,4.72962999343872
2078,400.2,5.68108654022217
2079,400.3,3.59628844261169
2080,400.6,3.94998145103455
2081,400.8,16.1287937164307
2082,401.0,47.6598243713379
2083,401.1,45.6977996826172
2084,401.3,9.62652111053467
2085,401.6,2.7770676612854
2086,401.7,2.48715734481812
2087,401.9,14.2637338638306
2088,402.1,21.177583694458
2089,402.2,8.22379207611084
2090,402.3,6.20572710037231
2091,402.6,3.11503005027771
2092,402.8,6.93523406982422
2093,403.0,16.0111827850342
2094,403.1,15.4157552719116
2095,403.3,5.13125228881836
2096,403.5,0.893695473670959
2097,403.7,2.22846269607544
2098,403.8,1.68809139728546
2099,404.0,5.81319904327393
2100,404.2,6.16726064682007
2101,404.3,3.18151664733887
2102,404.5,0.981319904327393
2103,404.7,3.41624689102173
2104,404.9,6.20511245727539
2105,405.1,9.03293609619141
2106,405.2,6.21101140975952
2107,405.4,2.16554021835327
2108,405.7,2.15828919410706
2109,405.9,2.80054068565369
2110,406.1,4.31743907928467
2111,406.2,3.70984387397766
2112,406.4,2.40358853340149
2113,406.7,2.3872435092926
2114,406.9,3.06488871574402
2115,407.1,3.52931046485901
2116,407.3,3.89615345001221
2117,407.4,2.48764896392822
2118,407.7,1.86653554439545
2119,407.9,1.89172911643982
2120,408.0,1.20191717147827
2121,408.2,3.06746959686279
2122,408.3,1.39068448543549
2123,408.5,2.74130511283875
2124,408.7,2.42706155776978
2125,408.8,1.28683793544769
2126,409.0,2.67629337310791
2127,409.2,2.80410480499268
2128,409.4,2.27405667304993
2129,409.5,0.778419554233551
2130,409.7,1.49440824985504
2131,409.9,1.68452751636505
2132,410.1,2.36303305625916
2133,410.2,1.41292858123779
2134,410.4,2.18680095672607
2135,410.6,1.90340423583984
2136,410.8,1.60231041908264
2137,411.0,1.83667194843292
2138,411.2,2.01683664321899
2139,411.4,1.76477813720703
2140,411.6,1.2411208152771
2141,411.8,1.19245421886444
2142,412.0,1.55302941799164
2143,412.2,2.11244940757751
2144,412.3,2.25906348228455
2145,412.5,0.97923070192337
2146,412.7,1.74781858921051
2147,412.8,1.0390807390213
2148,413.0,3.13063788414001
2149,413.1,1.76010811328888
2150,413.2,3.13235831260681
2151,413.5,1.74364018440247
2152,413.7,1.59616565704346
2153,413.9,1.63893330097198
2154,414.1,2.61201906204224
2155,414.3,2.50485444068909
2156,414.4,0.758018910884857
2157,414.6,2.44266939163208
2158,414.8,9.17905902862549
2159,415.0,35.3798713684082
2160,415.2,56.4692153930664
2161,415.3,11.7567901611328
2162,415.4,5.06476593017578
2163,415.7,2.81049537658691
2164,415.9,9.66842842102051
2165,416.1,22.1176109313965
2166,416.2,10.8608827590942
2167,416.3,13.9145879745483
2168,416.5,2.14182138442993
2169,416.7,3.48777198791504
2170,416.8,3.3724958896637
2171,417.0,13.2889270782471
2172,417.2,18.9702587127686
2173,417.3,9.6433572769165
2174,417.5,2.16590881347656
2175,417.7,0.865183711051941
2176,417.9,3.76293468475342
2177,418.0,2.897873878479
2178,418.2,6.14341878890991
2179,418.3,2.5439350605011
2180,418.4,2.58190989494324
2181,418.7,2.18127083778381
2182,418.9,5.19773864746094
2183,419.1,7.22747945785522
2184,419.2,3.68587923049927
2185,419.3,4.25599098205566
2186,419.6,1.66523289680481
2187,419.8,1.97210276126862
2188,420.0,2.90795135498047
2189,420.1,1.85461473464966
2190,420.2,3.39584612846375
2191,420.5,2.24615955352783
2192,420.7,1.48064398765564
2193,420.8,1.22588181495667
2194,421.0,3.7478187084198
2195,421.2,4.70714044570923
2196,421.3,3.64016222953796
2197,421.6,1.53852772712708
2198,421.8,1.49502277374268
2199,422.0,2.47265577316284
2200,422.2,2.91421890258789
2201,422.3,2.86592102050781
2202,422.6,1.58682560920715
2203,422.8,2.29691529273987
2204,423.0,3.47376179695129
2205,423.2,3.51984763145447
2206,423.4,2.92036366462708
2207,423.5,1.53189134597778
2208,423.8,1.64016222953796
2209,423.9,1.21924543380737
2210,424.0,2.25328755378723
2211,424.2,1.0377289056778
2212,424.4,2.15767478942871
2213,424.6,1.50436282157898
2214,424.8,1.7197984457016
2215,425.0,1.72262501716614
2216,425.1,1.12019169330597
2217,425.3,1.68133223056793
2218,425.5,1.25365614891052
2219,425.7,1.14882636070251
2220,425.9,1.30981934070587
2221,426.0,0.825734317302704
2222,426.2,1.58670270442963
2223,426.4,1.4560649394989
2224,426.5,0.577977120876312
2225,426.7,1.42251443862915
2226,426.9,2.14907217025757
2227,427.1,2.46737122535706
2228,427.2,1.35664248466492
2229,427.3,1.69214701652527
2230,427.5,0.567653954029083
2231,427.7,1.04461097717285
2232,427.8,0.488632172346115
2233,428.0,1.50706648826599
2234,428.2,2.11527585983276
2235,428.3,0.799188911914825
2236,428.5,1.30023348331451
2237,428.7,3.18655514717102
2238,428.9,12.5457782745361
2239,429.1,36.4006385803223
2240,429.2,21.5530300140381
2241,429.3,13.5713405609131
2242,429.5,2.28253650665283
2243,429.7,1.22797095775604
2244,429.9,5.98119688034058
2245,430.0,5.53398036956787
2246,430.2,20.6068572998047
2247,430.3,9.48248767852783
2248,430.5,3.93560290336609
2249,430.8,3.86247992515564
2250,430.9,3.68575644493103
2251,431.1,12.1483345031738
2252,431.2,8.27295112609863
2253,431.3,7.05616331100464
2254,431.5,1.81455087661743
2255,431.8,1.66756784915924
2256,431.9,1.98218011856079
2257,432.1,4.36315584182739
2258,432.2,4.66474151611328
2259,432.4,2.33144903182983
2260,432.6,0.803858935832977
2261,432.8,2.2931056022644
2262,433.0,4.532874584198
2263,433.1,3.07386016845703
2264,433.3,5.27651453018188
2265,433.4,1.6815779209137
2266,433.5,1.58043503761292
2267,433.7,0.701978623867035
2268,433.9,2.09684157371521
2269,434.1,2.57232403755188
2270,434.2,1.36020648479462
2271,434.3,2.2317807674408
2272,434.6,1.1412068605423
2273,434.8,1.53582406044006
2274,434.9,1.21531271934509
2275,435.1,2.59800910949707
2276,435.3,2.14108395576477
2277,435.4,1.43898236751556
2278,435.6,1.02470195293427
2279,435.9,1.38060712814331
2280,436.1,1.82696330547333
2281,436.2,1.48125839233398
2282,436.5,1.39215922355652
2283,436.7,1.18876731395721
2284,436.9,2.18753838539124
2285,437.1,3.04768347740173
2286,437.2,1.7553151845932
2287,437.4,2.223792552948
2288,437.5,1.31387484073639
2289,437.8,1.19171679019928
2290,438.0,2.01314973831177
2291,438.2,2.0941379070282
2292,438.3,1.87206590175629
2293,438.5,0.569988965988159
2294,438.7,1.17291390895844
2295,438.8,0.587317168712616
2296,439.0,1.9666953086853
2297,439.2,1.56691658496857
2298,439.3,1.51861870288849
2299,439.5,1.2975298166275
2300,439.8,1.19823026657104
2301,440.0,1.22575891017914
2302,440.2,1.55438125133514
2303,440.4,1.85215675830841
2304,440.5,0.712056040763855
2305,440.7,1.47953796386719
2306,440.8,1.17094755172729
2307,441.0,2.20892214775085
2308,441.2,2.26901817321777
2309,441.4,1.8458890914917
2310,441.6,1.19073367118835
2311,441.8,1.16234481334686
2312,442.0,1.55696201324463
2313,442.2,2.10913109779358
2314,442.3,1.29912745952606
2315,442.6,1.37311053276062
2316,442.8,1.63622951507568
2317,443.0,2.29605507850647
2318,443.2,2.21641874313354
2319,443.4,1.72766375541687
2320,443.6,0.991151511669159
2321,443.8,1.11281800270081
2322,444.0,1.34754824638367
2323,444.2,1.74904751777649
2324,444.3,0.927983283996582
2325,444.5,1.32616448402405
2326,444.7,1.58682560920715
2327,444.8,1.11797964572906
2328,445.0,2.95194792747498
2329,445.2,2.92908930778503
2330,445.4,2.26803493499756
2331,445.5,0.603662312030792
2332,445.7,1.3281307220459
2333,445.8,0.874155104160309
2334,446.0,1.86026787757874
2335,446.1,0.906845271587372
2336,446.2,1.96411454677582
2337,446.4,0.852648377418518
2338,446.6,1.12400150299072
2339,446.7,0.937077522277832
2340,446.9,2.39879560470581
2341,447.1,2.63106799125671
2342,447.2,2.41034770011902
2343,447.4,1.61349391937256
2344,447.7,1.14550817012787
2345,447.9,1.43677031993866
2346,448.1,1.71279346942902
2347,448.3,1.75715863704681
2348,448.4,1.0977019071579
2349,448.6,0.466265201568604
2350,448.8,1.23780262470245
2351,449.0,1.78984880447388
2352,449.1,1.88963997364044
2353,449.4,1.29249107837677
2354,449.5,0.495145618915558
2355,449.7,0.933144867420197
2356,449.8,0.487157434225082
2357,450.0,1.27196753025055
2358,450.2,1.29421162605286
2359,450.4,1.1367826461792
2360,450.6,1.0776698589325
2361,450.8,1.08922207355499
2362,450.9,0.574536085128784
2363,451.1,1.4786776304245
2364,451.3,1.37126708030701
2365,451.4,0.644217789173126
2366,451.6,0.959075808525085
2367,451.8,1.23128914833069
2368,452.0,1.09880793094635
2369,452.2,1.33980584144592
2370,452.4,1.30600953102112
2371,452.5,0.40641513466835
2372,452.6,1.10900819301605
2373,452.9,0.917782962322235
2374,453.1,1.33415257930756
2375,453.2,0.468354433774948
2376,453.3,1.24800300598145
2377,453.6,0.881528794765472
2378,453.8,0.981196999549866
2379,454.0,1.30908191204071
2380,454.1,1.43185448646545
2381,454.3,1.0484207868576
2382,454.6,1.0346565246582
2383,454.8,1.18335998058319
2384,455.0,1.32997417449951
2385,455.2,1.23694241046906
2386,455.3,0.615460216999054
2387,455.5,0.875261127948761
2388,455.7,0.905493438243866
2389,455.8,0.566179156303406
2390,456.0,1.20388352870941
2391,456.1,0.631190836429596
2392,456.3,1.28032445907593
2393,456.4,0.99250340461731
2394,456.6,0.571832358837128
2395,456.8,1.45286965370178
2396,457.0,1.58608818054199
2397,457.1,0.860145032405853
2398,457.3,1.5248863697052
2399,457.4,0.788496971130371
2400,457.6,1.09450662136078
2401,457.7,0.418458878993988
2402,457.9,1.24812579154968
2403,458.1,1.48777186870575
2404,458.3,1.12891733646393
2405,458.4,1.11650490760803
2406,458.7,2.02507066726685
2407,458.9,3.72913861274719
2408,459.0,2.14317321777344
2409,459.2,4.34226369857788
2410,459.3,2.21445250511169
2411,459.5,0.595059633255005
2412,459.7,1.56937444210052
2413,459.8,0.812584519386292
2414,460.0,2.68563342094421
2415,460.2,2.24751138687134
2416,460.3,0.870714008808136
2417,460.5,1.63991641998291
2418,460.7,4.03391933441162
2419,460.8,4.6025562286377
2420,461.0,13.3430013656616
2421,461.1,7.15509414672852
2422,461.3,8.93080997467041
2423,461.4,1.77166032791138
2424,461.5,2.26987838745117
2425,461.8,3.79415011405945
2426,462.0,5.54196882247925
2427,462.2,5.95514297485352
2428,462.3,3.06832981109619
2429,462.6,1.98070538043976
2430,462.8,3.28560900688171
2431,463.0,5.16676902770996
2432,463.2,4.96522045135498
2433,463.3,2.57256984710693
2434,463.5,0.639179050922394
2435,463.7,1.41083931922913
2436,463.9,2.41882753372192
2437,464.1,2.7065258026123
2438,464.2,1.08873045444489
2439,464.3,1.54332065582275
2440,464.6,1.16099298000336
2441,464.8,1.98943102359772
2442,465.0,2.36266446113586
2443,465.1,2.17254519462585
2444,465.3,0.91286712884903
2445,465.5,1.14575397968292
2446,465.7,1.20449793338776
2447,465.8,0.712547600269318
2448,466.0,1.47314739227295
2449,466.1,0.68379008769989
2450,466.3,1.5301707983017
2451,466.5,0.970873773097992
2452,466.7,1.18729257583618
2453,466.9,1.34128057956696
2454,467.0,1.83040428161621
2455,467.3,1.3663512468338
2456,467.5,1.06132483482361
2457,467.6,0.53299742937088
2458,467.8,1.04203021526337
2459,468.0,1.40027034282684
2460,468.2,1.14956367015839
2461,468.4,0.940395712852478
2462,468.6,1.01278114318848
2463,468.7,0.699889421463013
2464,468.9,1.22747945785522
2465,469.0,1.25242722034454
2466,469.3,1.14686000347137
2467,469.5,0.873417735099792
2468,469.6,0.518618643283844
2469,469.8,1.08541226387024
2470,470.0,1.03367328643799
2471,470.2,1.31743884086609
2472,470.4,1.02765142917633
2473,470.6,1.11970019340515
2474,470.8,0.875629842281342
2475,471.0,1.37999260425568
2476,471.1,1.11281800270081
2477,471.3,0.484330832958221
2478,471.4,1.08762443065643
2479,471.6,0.583999037742615
2480,471.8,0.941624701023102
2481,471.9,0.507189393043518
2482,472.1,1.11171197891235
2483,472.2,0.540616929531097
2484,472.4,1.24714267253876
2485,472.6,0.958461344242096
2486,472.7,0.543566405773163
2487,472.9,1.84379994869232
2488,473.1,2.22674202919006
2489,473.2,1.15263605117798
2490,473.3,1.90856575965881
2491,473.5,0.576379477977753
2492,473.7,1.22981441020966
2493,473.8,0.780263006687164
2494,474.0,1.72004425525665
2495,474.2,1.68452751636505
2496,474.3,1.20978248119354
2497,474.5,0.768342137336731
2498,474.7,2.60366225242615
2499,474.9,9.75715827941895
2500,475.0,9.37569141387939
2501,475.2,24.2090454101563
2502,475.3,12.4335746765137
2503,475.5,2.45495891571045
2504,475.8,3.43627882003784
2505,476.0,7.5177583694458
2506,476.2,10.6261520385742
2507,476.3,5.91888904571533
2508,476.5,2.34951448440552
2509,476.8,2.84933018684387
2510,477.0,6.42755317687988
2511,477.2,7.94789218902588
2512,477.3,5.174880027771
2513,477.5,1.32972836494446
2514,477.8,1.63881039619446
2515,478.0,2.86420059204102
2516,478.2,3.00983166694641
2517,478.3,1.30392038822174
2518,478.4,1.76735901832581
2519,478.7,1.51444017887115
2520,478.9,2.64237427711487
2521,479.1,3.68993496894836
2522,479.2,1.88755071163177
2523,479.3,2.21727919578552
2524,479.5,0.662283420562744
2525,479.7,1.22588181495667
2526,479.8,0.746958315372467
2527,480.0,1.75715863704681
2528,480.1,2.15914964675903
2529,480.4,1.50510013103485
2530,480.6,0.971979856491089
2531,480.8,1.47265577316284
2532,481.0,2.13887190818787
2533,481.1,1.16566300392151
2534,481.3,2.00528454780579
2535,481.4,1.29077053070068
2536,481.7,0.96362292766571
2537,481.8,0.590266704559326
2538,482.0,1.53938794136047
2539,482.1,0.678628504276276
2540,482.3,1.38060712814331
2541,482.4,0.642005681991577
2542,482.6,1.253533244133
2543,482.7,0.444512724876404
2544,482.9,1.56728529930115
2545,483.1,1.50940144062042
2546,483.2,0.726189017295837
2547,483.3,1.29986476898193
2548,483.6,1.02150666713715
2549,483.8,1.0124124288559
2550,484.0,1.18999636173248
2551,484.2,1.30219984054565
2552,484.4,1.29802143573761
2553,484.5,0.500675916671753
2554,484.7,0.967924296855927
2555,484.9,1.13825738430023
2556,485.0,0.513457059860229
2557,485.2,1.14513945579529
2558,485.4,1.21432960033417
2559,485.6,1.05567157268524
2560,485.7,0.425463944673538
2561,485.9,1.10114288330078
2562,486.1,1.16308224201202
2563,486.3,1.07889890670776
2564,486.4,0.647044360637665
2565,486.6,0.845028877258301
2566,486.7,0.455081731081009
2567,486.9,1.38564586639404
2568,487.1,1.80902051925659
2569,487.2,1.61349391937256
2570,487.4,1.29064762592316
2571,487.6,0.465896517038345
2572,487.8,1.17930436134338
2573,487.9,1.31141698360443
2574,488.1,0.777313530445099
2575,488.3,1.36696577072144
2576,488.5,1.25365614891052
2577,488.7,2.11601328849792
2578,488.9,7.40149927139282
2579,489.1,18.0959815979004
2580,489.2,20.3696689605713
2581,489.4,5.53619289398193
2582,489.7,1.84466016292572
2583,489.9,4.3476710319519
2584,490.0,4.60587453842163
2585,490.2,10.321494102478
2586,490.3,6.93314504623413
2587,490.5,1.03699147701263
2588,490.7,1.64237439632416
2589,490.9,3.74732708930969
2590,491.1,7.53090810775757
2591,491.3,7.24984645843506
2592,491.4,2.99446964263916
2593,491.6,0.506943583488464
2594,491.8,1.40641510486603
2595,492.0,2.85547494888306
2596,492.2,3.27258205413818
2597,492.3,2.27209043502808
2598,492.5,0.709598124027252
2599,492.7,1.32653307914734
2600,492.9,2.33132600784302
2601,493.1,3.24443888664246
2602,493.3,2.78886556625366
2603,493.4,1.80090939998627
2604,493.7,0.923067450523376
2605,493.8,0.631682455539703
2606,494.0,1.73958456516266
2607,494.1,0.80435049533844
2608,494.3,1.62652087211609
2609,494.4,0.851911008358002
2610,494.6,1.15951824188232
2611,494.7,0.580803751945496
2612,494.9,1.49698901176453
2613,495.0,2.35062050819397
2614,495.3,2.36893200874329
2615,495.5,1.56261515617371
2616,495.6,0.928106188774109
2617,495.9,1.2135922908783
2618,496.0,1.48052108287811
2619,496.2,1.72225630283356
2620,496.5,1.11380112171173
2621,496.7,1.07213962078094
2622,496.9,1.641636967659
2623,497.1,1.8494530916214
2624,497.2,2.16222190856934
2625,497.4,0.860022127628326
2626,497.5,1.06783831119537
2627,497.7,0.600712776184082
2628,497.9,1.37986969947815
2629,498.1,1.39326536655426
2630,498.3,1.39596903324127
2631,498.4,0.716726064682007
2632,498.6,0.90217524766922
2633,498.8,0.906476616859436
2634,498.9,0.631313741207123
2635,499.1,1.16566300392151
2636,499.2,0.760353922843933
2637,499.3,1.01966321468353
2638,499.6,1.17377412319183
2639,499.7,0.670148730278015
2640,499.9,1.14366471767426
2641,500.0,0.690918028354645
2642,500.2,1.2149441242218
2643,500.4,0.995944440364838
2644,500.5,1.01868009567261
2645,500.7,0.466265201568604
2646,500.9,1.21531271934509
2647,501.1,1.32739341259003
2648,501.2,1.29630088806152
2649,501.5,1.09352338314056
2650,501.7,1.04657733440399
2651,501.8,0.740076184272766
2652,501.9,1.12375569343567
2653,502.2,1.11429274082184
2654,502.3,1.06255376338959
2655,502.5,0.466511011123657
2656,502.7,1.48261034488678
2657,502.8,1.15779769420624
2658,503.0,4.45827722549438
2659,503.2,8.64913368225098
2660,503.3,4.16578578948975
2661,503.5,0.778296649456024
2662,503.7,1.2339928150177
2663,503.9,2.54258322715759
2664,504.1,3.31657862663269
2665,504.2,3.98058247566223
2666,504.4,0.993240773677826
2667,504.5,1.43885958194733
2668,504.7,0.727786660194397
2669,504.9,2.39535450935364
2670,505.1,3.57404446601868
2671,505.3,3.66228342056274
2672,505.4,1.61361682415009
2673,505.7,1.08860754966736
2674,505.8,0.599729657173157
2675,506.0,1.77559292316437
2676,506.1,0.960919260978699
2677,506.2,2.12240386009216
2678,506.4,1.24542212486267
2679,506.6,0.471918404102325
2680,506.8,1.55733072757721
2681,507.0,2.20990538597107
2682,507.2,2.7051739692688
2683,507.3,1.85510635375977
2684,507.5,1.14268159866333
2685,507.7,0.532137155532837
2686,507.9,1.4613493680954
2687,508.0,0.840113043785095
2688,508.2,1.48986113071442
2689,508.4,1.56347548961639
2690,508.5,1.04178440570831
2691,508.7,0.582032680511475
2692,508.9,1.47191834449768
2693,509.0,0.718692421913147
2694,509.2,1.49551427364349
2695,509.4,1.31768465042114
2696,509.6,0.867027163505554
2697,509.8,0.986973106861115
2698,509.9,1.00368690490723
2699,510.2,1.22440707683563
2700,510.4,1.0173282623291
2701,510.6,0.814796626567841
2702,510.8,0.854000270366669
2703,511.0,1.28437995910645
2704,511.1,1.64962518215179
2705,511.3,0.744869112968445
2706,511.5,1.27393388748169
2707,511.6,0.758264720439911
2708,511.9,1.01990902423859
2709,512.1,1.10495269298553
2710,512.3,1.2593092918396
2711,512.5,0.813321888446808
2712,512.6,0.367334395647049
2713,512.8,0.782106399536133
2714,512.9,0.541968762874603
2715,513.1,1.19835317134857
2716,513.2,1.09155702590942
2717,513.5,0.96718692779541
2718,513.7,0.936094403266907
2719,513.9,0.774486899375916
2720,514.0,0.940764427185059
2721,514.3,1.08922207355499
2722,514.5,0.930441200733185
2723,514.7,1.04190731048584
2724,514.9,1.11453855037689
2725,515.1,1.44733929634094
2726,515.3,1.09217154979706
2727,515.5,0.938675165176392
2728,515.7,1.07484328746796
2729,515.9,1.18667817115784
2730,516.0,0.514563083648682
2731,516.2,1.2193683385849
2732,516.4,1.08811604976654
2733,516.6,1.27503991127014
2734,516.7,0.497480630874634
2735,516.9,1.13112938404083
2736,517.0,0.712178945541382
2737,517.2,1.32542705535889
2738,517.3,1.01634514331818
2739,517.6,0.901806533336639
2740,517.7,0.569866061210632
2741,517.9,1.1203145980835
2742,518.0,1.11834824085236
2743,518.2,0.515546262264252
2744,518.4,0.787513852119446
2745,518.6,1.01929461956024
2746,518.7,0.780385911464691
2747,518.9,2.07177090644836
2748,519.1,2.4853138923645
2749,519.2,1.0470689535141
2750,519.3,1.75924789905548
2751,519.6,1.04448819160461
2752,519.8,1.1208062171936
2753,520.0,1.47105813026428
2754,520.2,1.55782234668732
2755,520.4,1.02359592914581
2756,520.5,0.45790833234787
2757,520.7,1.23681950569153
2758,520.9,2.05309081077576
2759,521.0,1.25427067279816
2760,521.1,2.49428534507751
2761,521.3,1.80766868591309
2762,521.6,1.08934497833252
2763,521.8,1.33636474609375
2764,521.9,0.906599462032318
2765,522.1,1.62529182434082
2766,522.2,1.43861377239227
2767,522.4,1.09647285938263
2768,522.7,0.979722261428833
2769,522.9,1.19380605220795
2770,523.1,1.57932901382446
2771,523.3,1.55081725120544
2772,523.4,0.563721299171448
2773,523.6,0.954897403717041
2774,523.7,0.878087759017944
2775,523.9,0.580557942390442
2776,524.1,1.11883985996246
2777,524.3,1.27012407779694
2778,524.4,1.20388352870941
2779,524.7,0.851911008358002
2780,524.9,1.04756057262421
2781,525.1,1.14169836044312
2782,525.3,1.07127928733826
2783,525.5,1.14587688446045
2784,525.7,0.757281541824341
2785,525.8,0.471549719572067
2786,526.0,1.04928112030029
2787,526.2,0.941133081912994
2788,526.3,0.515792071819305
2789,526.5,0.786530673503876
2790,526.7,0.908074200153351
2791,526.9,1.06267666816711
2792,527.0,1.07631802558899
2793,527.2,0.494654059410095
2794,527.4,0.913481652736664
2795,527.6,0.789971709251404
2796,527.7,0.450411707162857
2797,527.9,0.902052342891693
2798,528.1,1.19823026657104
2799,528.2,0.350374817848206
2800,528.4,0.801155209541321
2801,528.5,0.91286712884903
2802,528.8,0.961779534816742
2803,528.9,0.446110367774963
2804,529.1,1.02519357204437
2805,529.2,0.913358747959137
2806,529.5,0.798451542854309
2807,529.6,0.509032785892487
2808,529.8,1.0666092634201
2809,530.0,0.970136404037476
2810,530.2,0.902052342891693
2811,530.3,0.473270237445831
2812,530.5,0.970750868320465
2813,530.6,0.497111946344376
2814,530.8,1.01671373844147
2815,530.9,1.0159764289856
2816,531.2,1.26557695865631
2817,531.4,0.850190460681915
2818,531.6,0.991397321224213
2819,531.8,0.950473129749298
2820,531.9,0.477940261363983
2821,532.1,0.879562497138977
2822,532.3,0.885953068733215
2823,532.5,0.787759602069855
2824,532.7,1.24615955352783
2825,532.9,1.89258944988251
2826,533.1,2.00012278556824
2827,533.3,1.74228835105896
2828,533.4,1.12412440776825
2829,533.6,0.452746719121933
2830,533.8,1.13346445560455
2831,533.9,0.521691024303436
2832,534.1,1.41735279560089
2833,534.3,1.38957846164703
2834,534.5,1.32641017436981
2835,534.7,2.2677891254425
2836,534.9,5.51444005966187
2837,535.1,7.59124994277954
2838,535.2,6.61890125274658
2839,535.4,1.90119206905365
2840,535.5,1.58117246627808
2841,535.7,0.897996783256531
2842,535.9,3.52500915527344
2843,536.1,4.19601821899414
2844,536.2,3.26225876808167
2845,536.4,1.99705052375793
2846,536.7,1.63082218170166
2847,536.9,2.60796356201172
2848,537.0,1.56114041805267
2849,537.2,3.49256491661072
2850,537.3,2.07533478736877
2851,537.5,0.652697563171387
2852,537.7,1.10827088356018
2853,537.9,1.56912863254547
2854,538.1,1.89492440223694
2855,538.3,1.52967929840088
2856,538.4,1.34558188915253
2857,538.7,1.20830774307251
2858,538.8,0.789725959300995
2859,539.0,1.81332182884216
2860,539.2,1.75359463691711
2861,539.3,1.25058376789093
2862,539.5,1.11244928836823
2863,539.8,1.21469831466675
2864,540.0,1.08369183540344
2865,540.2,1.25635981559753
2866,540.3,0.901314973831177
2867,540.6,0.670763194561005
2868,540.8,0.924542188644409
2869,540.9,0.645446717739105
2870,541.1,1.13702833652496
2871,541.3,1.02826595306396
2872,541.5,0.877596139907837
2873,541.7,0.816271364688873
2874,541.9,0.855843663215637
2875,542.0,0.415755182504654
2876,542.1,0.904510259628296
2877,542.3,0.973208785057068
2878,542.6,0.978124618530273
2879,542.8,0.998893916606903
2880,543.0,0.97923070192337
2881,543.2,0.967064023017883
2882,543.3,0.499692767858505
2883,543.5,1.03281307220459
2884,543.7,0.825365602970123
2885,543.9,0.887919366359711
2886,544.1,1.04989552497864
2887,544.2,0.78259801864624
2888,544.4,0.358363032341003
2889,544.6,0.932899117469788
2890,544.8,0.818483471870422
2891,545.0,0.885461449623108
2892,545.2,0.892589390277863
2893,545.4,0.80533367395401
2894,545.6,0.805579423904419
2895,545.8,0.954897403717041
2896,546.0,0.939658343791962
2897,546.2,0.748064398765564
2898,546.4,0.847732603549957
2899,546.5,0.405677765607834
2900,546.7,0.956372141838074
2901,546.9,1.17991888523102
2902,547.1,1.3063782453537
2903,547.2,1.35049772262573
2904,547.5,0.989062309265137
2905,547.6,0.416246771812439
2906,547.8,0.812338709831238
2907,547.9,0.504977285861969
2908,548.1,0.986973106861115
2909,548.2,1.09561264514923
2910,548.5,1.01573061943054
2911,548.7,1.29802143573761
2912,548.9,4.11527585983276
2913,549.1,11.3207569122314
2914,549.2,6.72889280319214
2915,549.3,10.8828802108765
2916,549.5,3.09057402610779
2917,549.8,1.8312646150589
2918,549.9,1.56630206108093
