#"+ Scan (rt: 0.088-70.002 min, 12009 scans) CBN1_4267-4FT_650_WHOLE.D "
#Point,X(Thompsons),Y(Counts)
0,40.1,9348.90234375
1,41.2,55128.75
2,42.0,1.60821056365967
3,42.2,15721.6435546875
4,42.3,12.5385131835938
5,43.2,50360.1640625
6,43.3,25.9485378265381
7,44.0,19.9680233001709
8,44.1,16877.30859375
9,44.8,0.0411358140408993
10,45.0,142.62353515625
11,45.1,3252.56591796875
12,45.3,1.20984256267548
13,45.5,0.429927557706833
14,45.7,0.808310449123383
15,45.9,28.4818878173828
16,46.1,568.768920898438
17,46.2,99.9612808227539
18,46.4,4.05370950698853
19,46.5,4.8489465713501
20,46.8,6.47556018829346
21,47.0,216.317428588867
22,47.1,679.176635742188
23,47.3,5.27137994766235
24,47.5,0.1139145642519
25,47.7,0.192189186811447
26,47.9,24.271879196167
27,48.1,5043.88232421875
28,48.2,68.9052352905273
29,48.4,0.184528276324272
30,48.5,0.331085026264191
31,48.7,0.304771423339844
32,48.9,17.1360645294189
33,49.1,661.750793457031
34,49.2,191.747848510742
35,49.4,2.17078852653503
36,49.7,0.035639937967062
37,49.9,3.39045715332031
38,50.1,5519.685546875
39,50.2,898.747131347656
40,50.4,0.340910971164703
41,50.7,0.0508785061538219
42,51.0,29.0587882995605
43,51.1,11007.7998046875
44,51.3,2.75251889228821
45,51.5,0.0313098505139351
46,51.8,0.573736369609833
47,52.0,44.3220100402832
48,52.1,4757.20751953125
49,52.3,16.9821796417236
50,52.5,0.08177200704813
51,53.0,11.2414026260376
52,53.2,12851.0283203125
53,53.3,2.76584219932556
54,54.0,8.72578907012939
55,54.2,8971.072265625
56,54.3,36.9855117797852
57,55.2,63626.3671875
58,56.2,30077.16015625
59,56.3,1.55258560180664
60,57.2,54625.3046875
61,57.3,152.015487670898
62,57.6,135.503036499023
63,57.7,11.2309103012085
64,58.0,275.839630126953
65,58.2,4184.20947265625
66,58.3,21.6698303222656
67,58.5,0.0253976192325354
68,58.6,0.425014585256577
69,58.9,15.1996831893921
70,59.1,1507.60034179688
71,59.2,370.009155273438
72,59.4,0.438670992851257
73,59.7,0.37788325548172
74,59.9,20.214672088623
75,60.1,2524.41162109375
76,60.2,203.327590942383
77,60.4,0.977683424949646
78,60.7,0.368973255157471
79,60.9,15.9523687362671
80,61.1,1266.75073242188
81,61.2,235.400039672852
82,61.4,1.66650009155273
83,61.6,0.0678657665848732
84,61.8,0.81946873664856
85,62.0,108.17179107666
86,62.1,3079.31518554688
87,62.3,10.6297779083252
88,62.5,0.178449496626854
89,62.7,0.0339745208621025
90,62.9,2.70880174636841
91,63.1,7169.2412109375
92,63.2,1300.08728027344
93,63.4,0.393787980079651
94,63.9,10.1050882339478
95,64.1,13853.7333984375
96,64.2,291.581146240234
97,64.9,0.61245733499527
98,65.1,10606.5615234375
99,65.2,2109.28466796875
100,65.8,0.131151631474495
101,65.9,2.42967772483826
102,66.1,5071.150390625
103,66.2,1559.13330078125
104,66.4,0.380298107862473
105,67.0,0.772503972053528
106,67.2,37411.0703125
107,67.3,0.168873339891434
108,68.0,4.42909479141235
109,68.2,14599.767578125
110,68.3,7.89757680892944
111,69.2,48255.625
112,69.3,36.7149620056152
113,69.8,1.92389047145844
114,70.0,23.2680492401123
115,70.2,24823.96875
116,70.3,118.685821533203
117,70.6,24.2751274108887
118,70.8,1.59638607501984
119,71.0,3.77408599853516
120,71.2,34662.14453125
121,71.3,0.791572988033295
122,71.8,0.0153218423947692
123,72.0,83.9436264038086
124,72.2,2546.30737304688
125,72.3,72.1363143920898
126,72.6,1.90673661231995
127,72.7,1.28453660011292
128,72.9,2.20351409912109
129,73.1,3346.98876953125
130,73.2,1022.40313720703
131,73.7,0.0194853860884905
132,73.9,3.12407350540161
133,74.1,3382.50512695313
134,74.2,421.456237792969
135,74.4,0.0133233405649662
136,74.8,0.189940884709358
137,75.0,114.369972229004
138,75.1,3799.86083984375
139,75.3,5.92014312744141
140,75.5,0.116412691771984
141,75.8,1.08701801300049
142,75.9,9.36789035797119
143,76.0,26294.5546875
144,76.2,1019.42150878906
145,76.4,0.774752259254456
146,77.0,513.93310546875
147,77.1,23753.748046875
148,77.3,0.17145474255085
149,77.9,0.437172114849091
150,78.1,13843.623046875
151,78.2,1919.06274414063
152,78.4,0.08177200704813
153,79.1,22114.61328125
154,79.2,6166.8466796875
155,79.9,0.485052883625031
156,80.1,5582.16357421875
157,80.2,3476.31469726563
158,81.1,7361.23291015625
159,81.2,30882.0625
160,82.1,2963.90869140625
161,82.2,18696.34765625
162,82.5,98.4748077392578
163,82.7,24.0219841003418
164,83.0,37.7187118530273
165,83.2,36705.05078125
166,83.3,5.88883352279663
167,84.0,8.76992225646973
168,84.2,14756.849609375
169,84.3,18.1282367706299
170,84.5,0.0427179597318172
171,85.0,3.24123573303223
172,85.2,24170.935546875
173,85.3,35.2070960998535
174,85.5,6.01015901565552
175,85.8,0.12915313243866
176,86.0,114.814888000488
177,86.2,3358.74291992188
178,86.3,23.127571105957
179,86.6,0.107086353003979
180,86.8,1.61687064170837
181,87.0,171.195526123047
182,87.1,2854.15600585938
183,87.3,14.5818138122559
184,87.5,0.670413851737976
185,87.7,1.88708472251892
186,87.9,27.9209766387939
187,88.0,193.246231079102
188,88.1,2712.06420898438
189,88.3,25.5958862304688
190,88.4,4.40611219406128
191,88.7,1.15480053424835
192,88.9,13.4024477005005
193,89.1,6242.6455078125
194,89.2,1433.68737792969
195,89.4,1.36672496795654
196,89.6,0.384211838245392
197,89.8,23.0997581481934
198,90.0,382.137908935547
199,90.1,1294.78076171875
200,90.3,97.0630340576172
201,90.5,0.0439670234918594
202,90.9,0.0890165716409683
203,91.1,42136.03125
204,91.2,11441.7744140625
205,91.8,0.162128403782845
206,91.9,1.15155303478241
207,92.1,9799.8935546875
208,92.2,7240.8505859375
209,92.4,0.192522272467613
210,92.6,0.0401365645229816
211,93.0,8.81164169311523
212,93.2,15443.048828125
213,93.3,61.1153297424316
214,93.5,2.2998583316803
215,93.6,0.0965109467506409
216,93.9,1.12124240398407
217,94.1,2572.60009765625
218,94.2,6444.47412109375
219,94.4,186.312850952148
220,94.7,9.91772842407227
221,94.8,75.066032409668
222,95.0,143.327087402344
223,95.2,34304.078125
224,95.3,2.84911322593689
225,95.6,0.0253976192325354
226,95.8,0.0992588922381401
227,96.0,130.857025146484
228,96.2,18105.328125
229,96.3,17.3699722290039
230,96.6,0.0520442984998226
231,97.0,5.66133737564087
232,97.2,38305.37890625
233,97.3,2.03255891799927
234,97.5,0.118494465947151
235,97.7,0.057873260229826
236,97.9,3.85444259643555
237,98.1,2744.2958984375
238,98.2,8390.537109375
239,98.4,0.0571238249540329
240,98.8,0.0890165716409683
241,99.0,15.7383632659912
242,99.2,8742.6484375
243,99.3,23.3332500457764
244,99.4,0.433758020401001
245,99.6,0.120492964982986
246,99.9,14.6030473709106
247,100.1,1290.11730957031
248,100.2,1463.06201171875
249,100.4,8.61387252807617
250,100.7,1.59538674354553
251,100.9,20.2060947418213
252,101.0,168.875671386719
253,101.1,4760.46826171875
254,101.3,31.4858016967773
255,101.5,2.50986766815186
256,101.8,16.0039138793945
257,102.0,481.745849609375
258,102.1,4330.46533203125
259,102.3,52.8964958190918
260,102.5,1.15671575069427
261,102.7,1.29860937595367
262,102.9,19.7940711975098
263,103.1,6108.0810546875
264,103.2,1797.04406738281
265,103.4,3.87959027290344
266,103.6,0.242151722311974
267,103.8,1.87867426872253
268,104.0,97.1941909790039
269,104.1,9528.0888671875
270,104.3,13.4394207000732
271,104.5,0.131901070475578
272,104.7,0.0509617775678635
273,104.9,1.30668663978577
274,105.1,19008.125
275,105.2,15037.140625
276,105.4,0.0418852530419827
277,105.6,0.0311433095484972
278,105.8,0.441002577543259
279,106.0,20.1983509063721
280,106.2,15155.1572265625
281,106.3,302.721527099609
282,106.5,6.84769773483276
283,106.8,0.494379222393036
284,107.0,15.3270044326782
285,107.2,14995.38671875
286,107.3,303.316101074219
287,107.5,5.72678804397583
288,107.8,9.5327672958374
289,108.0,301.672485351563
290,108.2,8525.03515625
291,108.3,111.604461669922
292,108.5,2.10458827018738
293,108.7,0.361978530883789
294,108.9,1.89507865905762
295,109.1,1415.58068847656
296,109.2,20553.92578125
297,109.4,0.642351567745209
298,109.6,0.232908651232719
299,109.7,0.0333916246891022
300,109.9,2.08943295478821
301,110.1,1687.24560546875
302,110.2,9600.373046875
303,110.4,8.36381053924561
304,110.5,0.282454818487167
305,110.7,0.0916812419891357
306,110.9,0.923141002655029
307,111.1,2131.22436523438
308,111.2,22092.435546875
309,111.4,1.14822220802307
310,111.6,0.103672243654728
311,111.9,1.02223336696625
312,112.1,1654.18896484375
313,112.2,6929.78271484375
314,112.4,0.523607313632965
315,112.6,0.278457820415497
316,112.8,0.578233003616333
317,112.9,1.48588562011719
318,113.1,2315.21801757813
319,113.2,6697.291015625
320,113.4,1.36331081390381
321,113.6,0.543342471122742
322,113.8,2.08335423469543
323,114.0,205.20085144043
324,114.2,3585.65014648438
325,114.3,89.8123931884766
326,114.5,0.529686093330383
327,114.6,0.212007656693459
328,114.9,3.57598471641541
329,115.1,21988.1484375
330,115.2,2435.31396484375
331,115.4,0.214255973696709
332,115.5,0.160046637058258
333,115.8,4.0697808265686
334,116.0,345.013244628906
335,116.1,7365.93603515625
336,116.3,17.9791831970215
337,116.5,0.266216993331909
338,116.7,0.30227330327034
339,116.8,0.509118139743805
340,117.0,31.8465309143066
341,117.1,16928.744140625
342,117.3,7.33283376693726
343,117.5,0.0837705060839653
344,117.7,0.295278549194336
345,117.9,5.86709976196289
346,118.1,3541.26245117188
347,118.2,5648.171875
348,118.4,18.0657005310059
349,118.6,0.166541755199432
350,118.8,1.00258135795593
351,119.0,18.2726287841797
352,119.2,23678.494140625
353,119.3,133.034393310547
354,119.6,0.52394038438797
355,119.8,8.80173206329346
356,120.0,393.083099365234
357,120.2,12382.2421875
358,120.3,54.0253143310547
359,120.5,0.519527018070221
360,120.7,0.436672508716583
361,120.9,3.15405106544495
362,121.1,5069.2978515625
363,121.2,8270.4013671875
364,121.4,0.745607435703278
365,121.6,0.121658757328987
366,121.8,0.728370368480682
367,122.0,49.921142578125
368,122.2,7493.9755859375
369,122.3,224.511367797852
370,122.6,0.449579477310181
371,122.8,0.759596943855286
372,123.0,9.41868591308594
373,123.2,14942.958984375
374,123.3,24.6650848388672
375,123.4,1.16595888137817
376,123.7,0.229078188538551
377,123.8,0.418769270181656
378,124.0,22.1134147644043
379,124.2,7787.6572265625
380,124.3,65.8790054321289
381,124.5,0.298609375953674
382,124.7,0.321175783872604
383,124.9,2.18519449234009
384,125.1,1348.07214355469
385,125.2,13075
386,125.4,1.46590054035187
387,125.7,0.188192188739777
388,125.9,2.97884917259216
389,126.1,2841.14135742188
390,126.2,6708.43408203125
391,126.4,1.78532767295837
392,126.7,0.605962216854095
393,126.9,5.31251573562622
394,127.1,5216.91796875
395,127.2,6487.22705078125
396,127.4,2.01598811149597
397,127.5,0.423099339008331
398,127.8,0.932633876800537
399,128.0,466.609954833984
400,128.1,21194.45703125
401,128.3,18.5566654205322
402,128.5,0.0550420507788658
403,128.7,0.150553748011589
404,128.9,5.77275371551514
405,129.1,12159.873046875
406,129.2,6369.89453125
407,129.4,0.679407119750977
408,129.7,0.642101764678955
409,129.9,10.0564575195313
410,130.1,4110.58251953125
411,130.2,4391.95849609375
412,130.4,18.8122234344482
413,130.6,0.203847110271454
414,130.8,1.29927551746368
415,131.0,24.3043556213379
416,131.2,14003.5478515625
417,131.3,805.392883300781
418,131.4,121.388877868652
419,131.6,16.410026550293
420,131.8,94.6902313232422
421,132.0,431.351165771484
422,132.1,2538.90454101563
423,132.2,5425.625
424,132.4,138.549331665039
425,132.6,0.645099520683289
426,132.9,6.40036630630493
427,133.1,3840.58325195313
428,133.2,12176.591796875
429,133.4,0.805479228496552
430,133.7,0.468731790781021
431,133.9,7.53218412399292
432,134.1,3146.02783203125
433,134.2,6528.8955078125
434,134.4,1.42384874820709
435,134.6,0.193688064813614
436,134.8,1.1326504945755
437,135.0,18.8320426940918
438,135.2,11428.111328125
439,135.3,19.1958522796631
440,135.5,0.377966523170471
441,135.8,1.01915228366852
442,136.0,46.1392288208008
443,136.2,5653.3291015625
444,136.3,99.6240310668945
445,136.6,0.481638759374619
446,136.8,1.40902662277222
447,137.0,23.657922744751
448,137.2,10837.1279296875
449,137.3,25.668083190918
450,137.5,0.191606298089027
451,137.7,0.421933561563492
452,137.9,3.02356576919556
453,138.1,1406.56262207031
454,138.2,5341.689453125
455,138.4,3.14797234535217
456,138.6,0.178949117660522
457,138.8,1.49604463577271
458,139.0,19.35032081604
459,139.2,12316.1376953125
460,139.3,54.6689147949219
461,139.5,0.328087270259857
462,139.8,1.21991837024689
463,140.0,135.582733154297
464,140.1,1199.40405273438
465,140.2,4280.97802734375
466,140.4,23.4647350311279
467,140.7,0.434424191713333
468,140.9,4.73453235626221
469,141.1,10782.0341796875
470,141.2,12348.068359375
471,141.4,0.914980411529541
472,141.5,0.291281551122665
473,141.8,1.10841870307922
474,142.0,90.094596862793
475,142.2,13231.384765625
476,142.3,80.5531692504883
477,142.6,0.458322912454605
478,142.7,1.87084686756134
479,143.0,34.748104095459
480,143.2,12499.869140625
481,143.3,254.467727661133
482,143.5,10.461820602417
483,143.7,4.09609460830688
484,143.9,62.0537109375
485,144.1,2415.59326171875
486,144.2,5365.03662109375
487,144.4,225.151718139648
488,144.6,1.96669161319733
489,144.9,8.07669258117676
490,145.1,3658.79418945313
491,145.2,9883.4091796875
492,145.3,28.2672996520996
493,145.5,0.40094929933548
494,145.7,0.817137122154236
495,145.9,31.7411937713623
496,146.1,2163.03247070313
497,146.2,4822.14208984375
498,146.4,5.10333919525146
499,146.6,0.266966432332993
500,146.8,2.02298283576965
501,147.0,20.9019908905029
502,147.2,12119.1455078125
503,147.3,16.3529014587402
504,147.6,0.458322912454605
505,147.8,1.28620207309723
506,148.0,145.181198120117
507,148.2,6595.205078125
508,148.3,103.99666595459
509,148.6,0.740194857120514
510,148.7,0.21991840004921
511,148.9,5.3795485496521
512,149.1,1903.05041503906
513,149.2,7531.1416015625
514,149.4,0.721042573451996
515,149.5,0.305021226406097
516,149.8,1.06903159618378
517,150.0,28.8241310119629
518,150.2,6692.478515625
519,150.3,96.4019470214844
520,150.5,0.761428952217102
521,150.8,1.52918648719788
522,151.0,16.027063369751
523,151.2,11796.75
524,151.3,84.1458892822266
525,151.5,0.373886257410049
526,151.8,0.947206258773804
527,152.0,38.9334678649902
528,152.1,16900.689453125
529,152.3,103.382965087891
530,152.5,0.550420522689819
531,152.8,1.18677663803101
532,153.0,37.2434005737305
533,153.2,14830.7138671875
534,153.3,60.106086730957
535,153.5,0.144974604249001
536,153.7,0.524523258209229
537,153.9,4.98276281356812
538,154.1,2564.92700195313
539,154.2,6720.0400390625
540,154.4,3.58739280700684
541,154.6,0.189441248774529
542,154.8,1.55050373077393
543,155.0,29.9062366485596
544,155.2,17837.529296875
545,155.3,48.8426170349121
546,155.5,0.388458669185638
547,155.8,1.58314597606659
548,156.0,61.5881423950195
549,156.2,11760.109375
550,156.3,246.722122192383
551,156.5,4.64351749420166
552,156.7,0.686818242073059
553,156.9,9.20642852783203
554,157.1,2265.81420898438
555,157.2,8855.732421875
556,157.4,2.61728692054749
557,157.7,1.22025144100189
558,157.9,18.3965358734131
559,158.1,2133.7353515625
560,158.2,5291.50146484375
561,158.4,4.52802085876465
562,158.7,0.915146946907043
563,158.9,9.90981769561768
564,159.1,1420.4609375
565,159.2,8765.10546875
566,159.4,1.67799150943756
567,159.6,0.144058629870415
568,159.8,5.37346982955933
569,159.9,517.775573730469
570,160.2,5921.6494140625
571,160.3,148.715301513672
572,160.5,1.51436424255371
573,160.7,0.417436927556992
574,160.9,6.91931056976318
575,161.1,3814.76635742188
576,161.2,5591.5224609375
577,161.4,1.01024234294891
578,161.5,0.614372551441193
579,161.8,1.92380714416504
580,162.0,140.646438598633
581,162.2,5748.04443359375
582,162.3,78.95703125
583,162.5,0.706969797611237
584,162.7,1.04613208770752
585,162.9,15.7390289306641
586,163.1,2562.56469726563
587,163.2,7180.7470703125
588,163.4,0.484220176935196
589,163.6,0.366475135087967
590,163.8,2.26330256462097
591,164.0,38.4223480224609
592,164.1,1466.33959960938
593,164.2,4503.298828125
594,164.4,7.83970355987549
595,164.6,0.421517193317413
596,164.8,1.30060791969299
597,165.0,27.763011932373
598,165.2,25123.666015625
599,165.3,70.9354629516602
600,165.6,0.344325095415115
601,165.8,0.996918976306915
602,166.0,32.5265235900879
603,166.2,10086.556640625
604,166.3,149.536590576172
605,166.6,0.978599369525909
606,166.8,1.39303851127625
607,167.0,22.7969017028809
608,167.2,12040.9267578125
609,167.3,95.2610549926758
610,167.5,0.407028049230576
611,167.8,1.17536842823029
612,168.0,31.9989166259766
613,168.2,8381.04296875
614,168.3,334.21484375
615,168.6,0.928803384304047
616,168.8,1.1417270898819
617,169.0,16.9181442260742
618,169.2,13324.8974609375
619,169.3,113.723205566406
620,169.5,0.908068954944611
621,169.8,1.45232737064362
622,169.9,5.5930552482605
623,170.1,1201.92102050781
624,170.2,8688.361328125
625,170.4,4.45565843582153
626,170.6,0.504954636096954
627,170.8,1.59605300426483
628,171.0,34.2672157287598
629,171.2,9281.0595703125
630,171.3,42.4873008728027
631,171.5,0.615621626377106
632,171.8,1.60829377174377
633,172.0,43.1846122741699
634,172.2,5792.025390625
635,172.3,67.5427627563477
636,172.5,0.738529443740845
637,172.7,1.01748692989349
638,172.9,5.46306943893433
639,173.0,19.5525016784668
640,173.2,7771.53466796875
641,173.3,55.3904571533203
642,173.6,0.452660501003265
643,173.8,2.10383868217468
644,174.0,52.9931716918945
645,174.2,5439.95849609375
646,174.3,68.5431747436523
647,174.5,0.542426526546478
648,174.6,0.391706228256226
649,174.9,3.32758760452271
650,175.1,2505.42456054688
651,175.2,5260.14892578125
652,175.4,1.93396615982056
653,175.7,0.575901389122009
654,175.9,6.96652507781982
655,176.1,4071.02172851563
656,176.2,4119.5615234375
657,176.4,2.40544581413269
658,176.7,0.746773242950439
659,176.9,7.09251403808594
660,177.1,910.191040039063
661,177.2,6460.69384765625
662,177.4,2.00766086578369
663,177.7,0.361478894948959
664,177.8,0.983762204647064
665,178.0,30.7950706481934
666,178.2,15425.3798828125
667,178.3,95.8231353759766
668,178.5,0.234574064612389
669,178.7,0.71304851770401
670,178.8,1.52069282531738
671,179.0,23.6172866821289
672,179.2,15251.109375
673,179.3,132.744689941406
674,179.5,0.58247983455658
675,179.8,0.911233246326447
676,180.0,29.2237491607666
677,180.2,9312.609375
678,180.3,230.746780395508
679,180.5,0.667665898799896
680,180.8,1.34315931797028
681,181.0,27.8363723754883
682,181.2,13390.7783203125
683,181.3,81.4654006958008
684,181.5,0.652177512645721
685,181.8,1.34041130542755
686,182.0,35.7276191711426
687,182.2,8914.2666015625
688,182.3,272.519195556641
689,182.5,0.345907241106033
690,182.7,0.523357510566711
691,182.9,3.42509794235229
692,183.1,405.38330078125
693,183.2,9457.3994140625
694,183.4,5.15505027770996
695,183.7,0.481472223997116
696,183.9,5.25006246566772
697,184.1,2513.51318359375
698,184.2,6281.87548828125
699,184.3,106.054878234863
700,184.5,0.436172872781754
701,184.6,0.746939778327942
702,184.9,5.3023567199707
703,185.1,1439.87512207031
704,185.2,5653.08740234375
705,185.4,1.72045969963074
706,185.5,0.56732451915741
707,185.7,0.230910152196884
708,185.9,6.58131408691406
709,186.1,1248.27526855469
710,186.2,3613.03686523438
711,186.4,4.52718782424927
712,186.6,0.336580902338028
713,186.8,1.23357486724854
714,187.0,16.3547344207764
715,187.2,7156.88037109375
716,187.3,52.7792472839355
717,187.5,0.439670234918594
718,187.8,1.99217247962952
719,188.0,34.1348991394043
720,188.1,1294.33020019531
721,188.2,3769.41625976563
722,188.4,5.79482078552246
723,188.5,0.826879858970642
724,188.8,1.48546922206879
725,189.0,21.0176525115967
726,189.2,14740.919921875
727,189.3,74.5649948120117
728,189.5,0.460571229457855
729,189.8,1.23315846920013
730,190.0,20.7032222747803
731,190.2,8117.4580078125
732,190.3,178.384552001953
733,190.5,0.413523197174072
734,190.7,0.701973497867584
735,190.8,1.96943962574005
736,191.0,49.7240409851074
737,191.2,15810.3525390625
738,191.3,119.639434814453
739,191.5,0.188858360052109
740,191.7,0.421600461006165
741,191.9,479.174285888672
742,192.1,1910.33471679688
743,192.2,9945.1474609375
744,192.4,3.75493383407593
745,192.6,0.350070774555206
746,192.8,3.08177208900452
747,193.0,76.5256881713867
748,193.2,13023.9296875
749,193.3,107.964942932129
750,193.5,0.625863909721375
751,193.8,1.89582812786102
752,194.0,204.826385498047
753,194.2,11007.8544921875
754,194.3,219.792404174805
755,194.5,0.694062769412994
756,194.7,0.541260719299316
757,194.9,10.0343904495239
758,195.0,21.7870769500732
759,195.2,15206.9072265625
760,195.3,62.3492393493652
761,195.4,5.13331651687622
762,195.6,0.421184122562408
763,195.8,1.01923561096191
764,196.0,32.1271553039551
765,196.2,9467.87890625
766,196.3,284.621520996094
767,196.4,6.99941730499268
768,196.6,0.324756443500519
769,196.8,1.35356819629669
770,197.0,17.6510124206543
771,197.2,10325.6162109375
772,197.3,107.93563079834
773,197.5,0.650012493133545
774,197.6,0.426346898078918
775,197.9,4.57498550415039
776,198.1,2926.82055664063
777,198.2,4812.3515625
778,198.4,3.39478731155396
779,198.5,0.919227242469788
780,198.8,0.975102007389069
781,199.0,17.5597476959229
782,199.2,5618.3837890625
783,199.3,70.5512542724609
784,199.5,0.539678573608398
785,199.7,0.393454909324646
786,199.9,5.08235502243042
787,200.1,1937.06103515625
788,200.2,3672.13598632813
789,200.4,2.81397294998169
790,200.6,0.241652101278305
791,200.8,0.987176299095154
792,201.0,15.3436584472656
793,201.2,5891.4072265625
794,201.3,83.385124206543
795,201.5,0.393371641635895
796,201.8,1.43808805942535
797,202.0,23.7289524078369
798,202.2,12745.4892578125
799,202.3,143.979095458984
800,202.5,0.368307113647461
801,202.8,1.30860185623169
802,203.0,17.3568992614746
803,203.2,10459.994140625
804,203.3,121.181030273438
805,203.5,0.624698162078857
806,203.8,0.827629268169403
807,204.0,16.5578308105469
808,204.2,6678.20947265625
809,204.3,269.083526611328
810,204.6,0.594137728214264
811,204.7,0.227829128503799
812,204.9,4.69672727584839
813,205.1,330.239898681641
814,205.2,10800.82421875
815,205.4,5.47347831726074
816,205.6,0.0663668885827065
817,205.8,1.10242319107056
818,206.0,12.8313760757446
819,206.2,10071.755859375
820,206.3,247.554077148438
821,206.5,0.608543574810028
822,206.7,0.0774419158697128
823,206.9,7.15005397796631
824,207.1,7562.33642578125
825,207.2,10513.6357421875
826,207.4,0.49912565946579
827,207.7,0.267882406711578
828,207.9,8.29103183746338
829,208.1,2129.46997070313
830,208.2,10961.6826171875
831,208.4,4.67291212081909
832,208.6,0.332833707332611
833,208.8,1.73203432559967
834,209.0,46.9039039611816
835,209.2,13958.9814453125
836,209.3,59.3250045776367
837,209.5,0.711383104324341
838,209.7,0.273461580276489
839,209.9,5.04230165481567
840,210.1,547.513549804688
841,210.2,8561.609375
842,210.4,10.3383293151855
843,210.7,1.03838789463043
844,210.9,11.133150100708
845,211.1,3116.3115234375
846,211.2,7220.583984375
847,211.4,4.09201431274414
848,211.7,0.618203043937683
849,211.9,4.62120056152344
850,212.1,2785.02612304688
851,212.2,4538.32373046875
852,212.4,5.51936054229736
853,212.5,1.53443253040314
854,212.7,0.37338662147522
855,212.9,8.74019527435303
856,213.1,1902.14868164063
857,213.2,5438.91943359375
858,213.4,1.9023232460022
859,213.7,0.574569046497345
860,213.9,19.2065944671631
861,214.1,874.430480957031
862,214.2,3463.4296875
863,214.4,3.30968451499939
864,214.6,0.430510461330414
865,214.8,3.38471150398254
866,215.0,55.7427749633789
867,215.2,12539.9326171875
868,215.3,92.0503768920898
869,215.4,1.79823470115662
870,215.7,0.454825550317764
871,215.9,18.326171875
872,216.1,974.147277832031
873,216.2,6795.04638671875
874,216.4,2.24298453330994
875,216.6,0.682488143444061
876,216.8,1.79115664958954
877,217.0,19.527271270752
878,217.2,8190.6982421875
879,217.3,159.12548828125
880,217.5,0.282038480043411
881,217.7,0.50637024641037
882,217.9,11.6615867614746
883,218.1,462.230499267578
884,218.2,6888.70751953125
885,218.4,5.3447413444519
886,218.6,0.214672327041626
887,218.8,1.47289538383484
888,219.0,13.5300188064575
889,219.2,8914.59765625
890,219.3,209.876846313477
891,219.5,0.47264552116394
892,219.8,1.20642852783203
893,220.0,14.4062786102295
894,220.2,8798.0849609375
895,220.3,225.037551879883
896,220.5,1.1062536239624
897,220.8,1.9204763174057
898,221.0,17.6627521514893
899,221.2,10405.3056640625
900,221.3,142.281372070313
901,221.5,0.515946388244629
902,221.6,0.485885590314865
903,221.9,3.17878246307373
904,222.1,301.196014404297
905,222.2,8786.2021484375
906,222.4,11.6347742080688
907,222.7,0.987842440605164
908,222.8,1.22241652011871
909,223.0,18.777250289917
910,223.2,9578.482421875
911,223.3,98.2702941894531
912,223.5,2.15246891975403
913,223.7,0.391622960567474
914,223.9,17.9769344329834
915,224.1,654.488525390625
916,224.2,7450.5087890625
917,224.4,15.4396705627441
918,224.6,1.30851864814758
919,224.8,1.51086688041687
920,225.0,19.3630619049072
921,225.2,7770.85107421875
922,225.3,148.973770141602
923,225.5,1.34915482997894
924,225.8,1.79198932647705
925,226.0,26.4842205047607
926,226.2,9822.923828125
927,226.3,163.533935546875
928,226.6,0.71171623468399
929,226.7,0.461986839771271
930,226.9,5.66724967956543
931,227.1,848.843383789063
932,227.2,5819.35693359375
933,227.4,5.06078767776489
934,227.6,0.195769846439362
935,227.8,1.42060124874115
936,228.0,17.4524936676025
937,228.2,7678.51220703125
938,228.3,252.128646850586
939,228.5,0.603297531604767
940,228.7,0.435839772224426
941,228.9,6.21908569335938
942,229.1,479.949859619141
943,229.2,8592.359375
944,229.4,4.36006307601929
945,229.6,0.565326035022736
946,229.9,4.13897895812988
947,230.1,515.777526855469
948,230.2,7579.81787109375
949,230.4,5.20667839050293
950,230.7,0.489632785320282
951,230.8,1.04271793365479
952,231.0,25.3012733459473
953,231.2,8810.716796875
954,231.3,230.508285522461
955,231.5,0.564826369285583
956,231.7,0.128237158060074
957,231.9,3.37779998779297
958,232.1,360.593139648438
959,232.2,7754.56396484375
960,232.4,7.3878755569458
961,232.7,0.760846018791199
962,232.8,0.983012735843658
963,233.0,17.5862274169922
964,233.2,7339.25244140625
965,233.3,269.608795166016
966,233.5,0.712215840816498
967,233.7,0.524023652076721
968,233.8,0.674660682678223
969,234.0,9.91747856140137
970,234.2,8010.232421875
971,234.3,215.315933227539
972,234.4,10.163293838501
973,234.7,0.680905997753143
974,234.9,3.05037879943848
975,235.1,264.764251708984
976,235.2,7758.69580078125
977,235.4,11.7991504669189
978,235.6,0.260721117258072
979,235.8,0.911149978637695
980,236.0,9.28786754608154
981,236.2,6680.2236328125
982,236.3,280.602630615234
983,236.5,1.255974650383
984,236.8,2.03713870048523
985,237.0,15.2425680160522
986,237.2,7321.96728515625
987,237.3,132.655181884766
988,237.5,1.46548426151276
989,237.7,0.228412017226219
990,237.9,2.67765831947327
991,238.1,245.804901123047
992,238.2,5795.3779296875
993,238.4,20.0524597167969
994,238.7,0.808893322944641
995,238.8,0.896161198616028
996,239.0,15.2883672714233
997,239.2,9653.3203125
998,239.3,272.626281738281
999,239.4,11.7085523605347
1000,239.6,0.722874522209167
1001,239.9,3.09059882164001
1002,240.1,741.428161621094
1003,240.2,5966.505859375
1004,240.4,14.9743528366089
1005,240.6,0.356982260942459
1006,240.8,1.45798981189728
1007,241.0,13.5124492645264
1008,241.2,6427.57275390625
1009,241.3,224.397537231445
1010,241.5,0.798817574977875
1011,241.8,1.0615371465683
1012,242.0,13.668664932251
1013,242.2,6097.4189453125
1014,242.3,345.798736572266
1015,242.5,0.950287282466888
1016,242.7,0.248813390731812
1017,242.9,2.8763427734375
1018,243.1,225.29069519043
1019,243.2,6966.67431640625
1020,243.4,6.32300758361816
1021,243.7,0.545840620994568
1022,243.9,2.60088276863098
1023,244.1,271.198852539063
1024,244.2,8266.7275390625
1025,244.4,7.27479410171509
1026,244.5,1.12199187278748
1027,244.8,1.18494462966919
1028,245.0,10.5103673934937
1029,245.2,9536.7978515625
1030,245.3,322.233154296875
1031,245.5,1.06112086772919
1032,245.8,0.658922493457794
1033,246.0,9.48022270202637
1034,246.2,7518.8193359375
1035,246.3,445.240081787109
1036,246.5,1.13489878177643
1037,246.8,0.827795803546906
1038,247.0,7.79656934738159
1039,247.2,7093.95751953125
1040,247.3,404.083282470703
1041,247.5,1.20434677600861
1042,247.8,1.02448165416718
1043,247.9,24.143726348877
1044,248.2,7130.66455078125
1045,248.3,285.023742675781
1046,248.5,1.61886918544769
1047,248.7,0.928470313549042
1048,248.9,8.66600036621094
1049,249.1,251.853866577148
1050,249.2,6396.42919921875
1051,249.4,16.5017910003662
1052,249.7,1.10517108440399
1053,249.9,26.4143562316895
1054,250.1,393.890838623047
1055,250.2,6584.087890625
1056,250.4,22.6590881347656
1057,250.6,0.771504700183868
1058,250.8,3.56774091720581
1059,251.0,29.9974193572998
1060,251.1,354.833801269531
1061,251.2,5206.0927734375
1062,251.4,12.4009494781494
1063,251.6,0.529436230659485
1064,251.8,1.56449329853058
1065,251.9,29.551420211792
1066,252.2,7957.56103515625
1067,252.3,548.171203613281
1068,252.5,3.0711133480072
1069,252.8,2.83379125595093
1070,253.0,23.6824054718018
1071,253.2,6312.083984375
1072,253.3,464.097930908203
1073,253.5,1.23340833187103
1074,253.6,0.97518527507782
1075,253.9,8.51161670684814
1076,254.1,503.513702392578
1077,254.2,5243.65234375
1078,254.4,24.3417434692383
1079,254.6,0.276792407035828
1080,254.8,1.76709139347076
1081,255.0,14.7459402084351
1082,255.2,5624.6376953125
1083,255.3,323.54833984375
1084,255.5,3.30027484893799
1085,255.7,0.882671356201172
1086,255.8,296.728118896484
1087,255.9,325.192260742188
1088,256.2,6001.91845703125
1089,256.3,427.668334960938
1090,256.5,1.22433173656464
1091,256.8,10.6279458999634
1092,256.9,32.9884262084961
1093,257.2,6101.17626953125
1094,257.3,390.434265136719
1095,257.5,1.70305609703064
1096,257.6,0.779748499393463
1097,257.9,201.782989501953
1098,258.1,326.236328125
1099,258.2,8234.8388671875
1100,258.4,14.0336418151855
1101,258.6,0.377966523170471
1102,258.9,9.86643314361572
1103,259.1,109.657592773438
1104,259.2,8310.6357421875
1105,259.4,20.0284786224365
1106,259.5,1.61495542526245
1107,259.7,0.355733186006546
1108,259.9,47.545841217041
1109,260.1,130.704391479492
1110,260.2,6992.00341796875
1111,260.4,22.2633857727051
1112,260.6,0.561245739459991
1113,260.8,0.796819031238556
1114,261.0,7.125572681427
1115,261.2,6175.91064453125
1116,261.3,584.423583984375
1117,261.5,1.81796979904175
1118,261.7,0.360729455947876
1119,261.9,12.9603633880615
1120,262.1,306.625854492188
1121,262.2,6137.669921875
1122,262.4,28.8084774017334
1123,262.6,0.432758778333664
1124,262.8,1.05087852478027
1125,263.0,12.9554500579834
1126,263.2,6450.72705078125
1127,263.3,557.275573730469
1128,263.5,1.94212675094604
1129,263.8,1.8229660987854
1130,264.0,10.6733283996582
1131,264.2,4944.47802734375
1132,264.3,711.026733398438
1133,264.5,2.81430602073669
1134,264.8,3.11724543571472
1135,265.0,29.0192356109619
1136,265.2,6605.59375
1137,265.3,378.183044433594
1138,265.5,3.53151798248291
1139,265.7,0.415022075176239
1140,265.9,3.31684565544128
1141,266.1,216.880096435547
1142,266.2,6551.65625
1143,266.4,40.598217010498
1144,266.7,2.89049887657166
1145,266.8,6.02589702606201
1146,267.0,102.231994628906
1147,267.2,5423.4921875
1148,267.3,547.465393066406
1149,267.5,1.31459736824036
1150,267.8,3.5579981803894
1151,268.0,34.8686828613281
1152,268.2,5156.775390625
1153,268.3,783.169616699219
1154,268.5,1.65101170539856
1155,268.7,1.1944375038147
1156,268.9,14.0432176589966
1157,269.1,320.927398681641
1158,269.2,5081.7451171875
1159,269.3,371.883850097656
1160,269.5,0.896744132041931
1161,269.6,1.00541257858276
1162,269.8,1.32875347137451
1163,270.0,13.2040967941284
1164,270.2,5472.08935546875
1165,270.3,543.595947265625
1166,270.5,1.90007495880127
1167,270.7,1.07536017894745
1168,270.9,11.9442081451416
1169,271.1,236.770416259766
1170,271.2,6316.3203125
1171,271.4,13.9268884658813
1172,271.6,0.415022075176239
1173,271.8,1.2475643157959
1174,272.0,10.3369970321655
1175,272.2,6497.2861328125
1176,272.3,614.244079589844
1177,272.5,1.27704226970673
1178,272.7,0.845615804195404
1179,272.9,3.33266711235046
1180,273.1,97.9069900512695
1181,273.2,6227.236328125
1182,273.4,24.9476222991943
1183,273.6,0.778749287128448
1184,273.9,2.17903232574463
1185,274.1,181.777084350586
1186,274.2,6110.4404296875
1187,274.4,46.8999099731445
1188,274.6,1.25722372531891
1189,274.9,3.23232579231262
1190,275.1,89.7427749633789
1191,275.2,4848.42724609375
1192,275.4,40.7329521179199
1193,275.6,0.913814663887024
1194,275.8,0.420934289693832
1195,276.0,8.3469066619873
1196,276.2,6290.86962890625
1197,276.3,718.961669921875
1198,276.5,2.17128825187683
1199,276.7,0.883087694644928
1200,276.9,2.59405446052551
1201,277.0,5.61745357513428
1202,277.2,4549.81005859375
1203,277.3,780.540832519531
1204,277.5,2.4068615436554
1205,277.6,0.479140639305115
1206,277.9,1.82596385478973
1207,278.1,122.289199829102
1208,278.2,5205.685546875
1209,278.4,47.6873168945313
1210,278.6,0.443583965301514
1211,278.8,0.8939129114151
1212,279.0,7.44474983215332
1213,279.2,4594.0126953125
1214,279.3,596.621887207031
1215,279.5,3.93588137626648
1216,279.8,0.817886590957642
1217,280.0,6.38054800033569
1218,280.2,4795.90478515625
1219,280.3,1244.9970703125
1220,280.5,5.29194784164429
1221,280.6,2.15513372421265
1222,280.9,18.1529693603516
1223,281.1,2562.84057617188
1224,281.2,6038.96630859375
1225,281.4,12.2808723449707
1226,281.5,0.315679907798767
1227,281.8,3.37380290031433
1228,282.0,47.8201332092285
1229,282.2,5835.90576171875
1230,282.3,829.680969238281
1231,282.5,1.70072448253632
1232,282.8,4.21367311477661
1233,283.0,44.2835388183594
1234,283.2,5114.2451171875
1235,283.3,447.874603271484
1236,283.5,1.1951869726181
1237,283.8,1.43076026439667
1238,284.0,17.1393127441406
1239,284.2,5118.939453125
1240,284.3,676.957641601563
1241,284.5,1.09950864315033
1242,284.7,2.36281132698059
1243,284.8,3.90948462486267
1244,285.0,44.2628860473633
1245,285.2,5423.41064453125
1246,285.3,447.696807861328
1247,285.5,1.26754939556122
1248,285.7,0.491714537143707
1249,285.9,5.3452410697937
1250,286.1,120.345405578613
1251,286.2,5742.84423828125
1252,286.4,41.1477241516113
1253,286.5,2.36655831336975
1254,286.7,0.819052398204803
1255,286.9,7.35290193557739
1256,287.1,126.448913574219
1257,287.2,5374.337890625
1258,287.4,42.6346092224121
1259,287.6,0.204596549272537
1260,287.8,0.905987203121185
1261,288.0,6.39603614807129
1262,288.2,4156.7197265625
1263,288.3,1008.73870849609
1264,288.5,2.75501704216003
1265,288.7,1.7254558801651
1266,288.9,9.89624404907227
1267,289.0,17.4505786895752
1268,289.2,4529.34765625
1269,289.3,827.88232421875
1270,289.5,2.15521693229675
1271,289.7,0.310850203037262
1272,289.9,3.28670167922974
1273,290.1,133.136901855469
1274,290.2,5104.3583984375
1275,290.4,59.8113098144531
1276,290.5,2.79398775100708
1277,290.8,1.23990345001221
1278,291.0,7.47289514541626
1279,291.2,3318.0966796875
1280,291.3,1015.80090332031
1281,291.5,3.83562326431274
1282,291.7,1.09434592723846
1283,291.8,1.86185359954834
1284,292.0,8.15546703338623
1285,292.2,3390.52783203125
1286,292.3,1454.48864746094
1287,292.5,3.26013827323914
1288,292.6,1.61737024784088
1289,292.9,5.10208988189697
1290,293.1,102.087600708008
1291,293.2,3999.51904296875
1292,293.4,40.5381813049316
1293,293.5,4.59163951873779
1294,293.8,3.84195184707642
1295,293.9,7.03205919265747
1296,294.1,72.4366760253906
1297,294.2,5178.55126953125
1298,294.4,63.1653747558594
1299,294.6,0.727038025856018
1300,294.8,2.12915325164795
1301,294.9,2.44907975196838
1302,295.1,112.440254211426
1303,295.2,4694.41748046875
1304,295.4,85.4818878173828
1305,295.7,1.29752683639526
1306,295.9,8.59163951873779
1307,296.1,95.3947067260742
1308,296.2,4996.37939453125
1309,296.4,61.5507545471191
1310,296.6,0.912232518196106
1311,296.8,3.33200097084045
1312,297.0,17.0959281921387
1313,297.2,3550.943359375
1314,297.3,669.123596191406
1315,297.5,1.79998338222504
1316,297.7,1.42809557914734
1317,297.9,5.00624513626099
1318,298.1,118.510948181152
1319,298.2,4699.056640625
1320,298.4,54.9680252075195
1321,298.6,0.396286129951477
1322,298.8,1.45549166202545
1323,299.0,11.256890296936
1324,299.2,3866.54272460938
1325,299.3,641.463989257813
1326,299.5,2.48513603210449
1327,299.8,14.3079357147217
1328,300.0,7.05803966522217
1329,300.2,4322.1591796875
1330,300.3,991.463623046875
1331,300.5,2.31026721000671
1332,300.8,0.744774758815765
1333,301.0,6.92155885696411
1334,301.2,3317.41650390625
1335,301.3,917.9384765625
1336,301.5,3.19385457038879
1337,301.7,0.904987931251526
1338,301.9,2.91897749900818
1339,302.1,107.43376159668
1340,302.2,4734.1728515625
1341,302.4,173.749099731445
1342,302.7,0.667499363422394
1343,302.8,0.651761174201965
1344,303.0,6.32200860977173
1345,303.2,2849.61840820313
1346,303.3,955.844116210938
1347,303.4,107.97526550293
1348,303.6,1.22341573238373
1349,303.9,5.68648529052734
1350,304.1,100.362060546875
1351,304.2,4205.96044921875
1352,304.4,91.417854309082
1353,304.6,0.809642791748047
1354,304.8,0.485802322626114
1355,305.0,3.80681157112122
1356,305.2,2599.5458984375
1357,305.3,1156.23486328125
1358,305.5,7.308518409729
1359,305.7,0.866100430488586
1360,305.9,4.66600036621094
1361,306.1,56.9462051391602
1362,306.2,4349.33203125
1363,306.4,115.762596130371
1364,306.6,0.619701862335205
1365,306.8,0.765342652797699
1366,307.0,4.36755752563477
1367,307.2,2451.421875
1368,307.3,977.074890136719
1369,307.5,6.22508096694946
1370,307.7,0.574652373790741
1371,307.9,2.47039723396301
1372,308.1,68.6166229248047
1373,308.2,4483.322265625
1374,308.4,105.385047912598
1375,308.6,0.543009400367737
1376,308.8,1.03297531604767
1377,309.0,4.53817987442017
1378,309.2,2742.71655273438
1379,309.3,1010.54833984375
1380,309.5,5.27662563323975
1381,309.6,1.20442998409271
1382,309.8,0.52219170331955
1383,310.0,5.99383783340454
1384,310.2,3058.03051757813
1385,310.3,1172.36987304688
1386,310.5,2.25039553642273
1387,310.8,1.25564157962799
1388,311.0,7.06103754043579
1389,311.1,69.2572250366211
1390,311.2,3309.42919921875
1391,311.4,67.8520278930664
1392,311.5,2.34982085227966
1393,311.8,0.744774758815765
1394,312.0,5.2661337852478
1395,312.2,2922.94580078125
1396,312.3,1074.24682617188
1397,312.5,3.77483558654785
1398,312.8,1.18477809429169
1399,313.0,5.88058948516846
1400,313.2,2756.94604492188
1401,313.3,905.61181640625
1402,313.5,4.44375038146973
1403,313.8,0.686818242073059
1404,314.0,5.77633428573608
1405,314.2,2668.1025390625
1406,314.3,1206.27600097656
1407,314.4,152.337326049805
1408,314.6,0.866933107376099
1409,314.8,0.578649342060089
1410,315.0,4.98367881774902
1411,315.2,2082.76708984375
1412,315.3,1296.30041503906
1413,315.5,5.32392358779907
1414,315.6,0.897493541240692
1415,315.9,1.50811886787415
1416,316.1,72.4915466308594
1417,316.2,3531.59594726563
1418,316.4,260.746368408203
1419,316.5,3.41560506820679
1420,316.7,0.176284447312355
1421,316.9,1.16487634181976
1422,317.1,48.8812561035156
1423,317.2,1526.19604492188
1424,317.3,1302.05163574219
1425,317.5,6.44033622741699
1426,317.6,0.645682394504547
1427,317.8,0.301190763711929
1428,318.0,3.70688652992249
1429,318.2,2102.75561523438
1430,318.3,1490.16955566406
1431,318.5,8.90923500061035
1432,318.7,0.196769088506699
1433,318.9,1.18652677536011
1434,319.1,44.4217681884766
1435,319.2,2903.45776367188
1436,319.4,119.791656494141
1437,319.6,1.13131821155548
1438,319.9,1.10800230503082
1439,320.1,31.8682651519775
1440,320.2,3678.73583984375
1441,320.4,174.44807434082
1442,320.6,0.82188355922699
1443,320.8,0.585061192512512
1444,321.0,3.32717132568359
1445,321.1,39.8356246948242
1446,321.2,2808.50439453125
1447,321.4,97.7177124023438
1448,321.6,1.35431754589081
1449,321.9,1.22008490562439
1450,322.1,38.1229095458984
1451,322.2,3585.55541992188
1452,322.4,194.032135009766
1453,322.6,1.4161878824234
1454,322.9,1.69248068332672
1455,323.1,42.7144622802734
1456,323.2,1615.84948730469
1457,323.3,1220.73278808594
1458,323.5,10.3839616775513
1459,323.8,1.16379380226135
1460,324.0,4.16987276077271
1461,324.2,2175.29321289063
1462,324.3,1339.00634765625
1463,324.5,6.29228067398071
1464,324.8,4.07252883911133
1465,325.0,24.3457412719727
1466,325.2,1912.47448730469
1467,325.3,880.842895507813
1468,325.5,6.43175935745239
1469,325.8,1.69256389141083
1470,326.0,9.15330123901367
1471,326.2,2167.47387695313
1472,326.3,1248.4599609375
1473,326.5,4.34465837478638
1474,326.7,4.0705304145813
1475,326.9,23.1207427978516
1476,327.1,249.228408813477
1477,327.2,1915.97497558594
1478,327.3,960.475463867188
1479,327.5,3.93463230133057
1480,327.7,1.33508205413818
1481,327.9,5.98459482192993
1482,328.1,85.6378555297852
1483,328.3,3065.9189453125
1484,328.4,215.097427368164
1485,328.6,1.02864515781403
1486,328.8,2.81880259513855
1487,329.0,13.9101505279541
1488,329.2,1280.04699707031
1489,329.3,1379.865234375
1490,329.5,8.76376056671143
1491,329.7,1.08435344696045
1492,329.9,1.38246309757233
1493,330.1,51.3040237426758
1494,330.3,2746.5654296875
1495,330.4,334.103851318359
1496,330.7,1.77416932582855
1497,330.8,0.953451573848724
1498,331.0,5.46873188018799
1499,331.2,875.218811035156
1500,331.3,1415.59594726563
1501,331.5,11.84494972229
1502,331.8,0.866766571998596
1503,332.0,5.4321756362915
1504,332.2,1238.03625488281
1505,332.3,1491.27233886719
1506,332.4,194.711135864258
1507,332.6,1.10358893871307
1508,332.8,0.493213415145874
1509,333.0,2.95245242118835
1510,333.1,25.2956123352051
1511,333.3,2104.1337890625
1512,333.4,200.812301635742
1513,333.6,1.55058705806732
1514,333.9,0.829211413860321
1515,334.1,26.3673076629639
1516,334.3,2895.4580078125
1517,334.4,262.991668701172
1518,334.6,1.49771010875702
1519,334.8,0.480306446552277
1520,335.0,2.71246576309204
1521,335.2,1129.642578125
1522,335.3,1222.14794921875
1523,335.5,13.9491214752197
1524,335.6,2.12973594665527
1525,335.8,0.427346169948578
1526,336.0,2.97701716423035
1527,336.2,1302.97387695313
1528,336.3,1807.64562988281
1529,336.5,12.4815559387207
1530,336.6,1.9467898607254
1531,336.9,1.08235490322113
1532,337.1,23.323673248291
1533,337.3,1976.9482421875
1534,337.4,280.673156738281
1535,337.6,2.19235563278198
1536,337.8,3.40378046035767
1537,338.1,33.6285285949707
1538,338.2,1183.62316894531
1539,338.3,1591.14868164063
1540,338.5,9.43300819396973
1541,338.8,1.19585311412811
1542,339.0,5.63602304458618
1543,339.2,1052.86279296875
1544,339.3,1133.53186035156
1545,339.5,6.32483959197998
1546,339.8,2.90082430839539
1547,339.9,1.74802231788635
1548,340.1,43.3870429992676
1549,340.2,1019.91790771484
1550,340.3,1597.42761230469
1551,340.5,8.99300479888916
1552,340.7,4.01032543182373
1553,340.9,25.3320007324219
1554,341.0,50.4783096313477
1555,341.2,1851.48937988281
1556,341.3,920.31640625
1557,341.5,4.62961101531982
1558,341.7,1.74743938446045
1559,341.9,10.2832880020142
1560,342.1,111.458404541016
1561,342.3,2546.74365234375
1562,342.4,260.342254638672
1563,342.6,1.27745854854584
1564,342.8,4.02972793579102
1565,343.0,21.7805805206299
1566,343.2,815.213012695313
1567,343.3,1420.7451171875
1568,343.5,11.8688488006592
1569,343.7,0.608710110187531
1570,343.9,2.93438243865967
1571,344.1,44.7177963256836
1572,344.3,2221.75439453125
1573,344.4,374.516357421875
1574,344.7,2.78815889358521
1575,344.9,9.60821056365967
1576,345.0,13.1843614578247
1577,345.2,616.851623535156
1578,345.3,1365.89147949219
1579,345.5,18.0239810943604
1580,345.8,1.66533434391022
1581,346.0,6.01107501983643
1582,346.2,672.629516601563
1583,346.3,1735.55932617188
1584,346.5,16.1907730102539
1585,346.6,1.90157377719879
1586,346.8,0.668498635292053
1587,347.0,4.80423021316528
1588,347.2,518.466735839844
1589,347.3,1359.53991699219
1590,347.5,18.6832370758057
1591,347.8,0.787659227848053
1592,348.0,3.02614712715149
1593,348.1,15.9462070465088
1594,348.3,2221.06713867188
1595,348.4,389.506439208984
1596,348.6,1.95153629779816
1597,348.8,1.22924470901489
1598,349.0,5.25497531890869
1599,349.2,578.925476074219
1600,349.3,1287.81335449219
1601,349.5,18.49196434021
1602,349.7,1.25505876541138
1603,350.0,3.39645266532898
1604,350.2,727.697204589844
1605,350.3,1496.201171875
1606,350.4,409.675811767578
1607,350.6,2.70580387115479
1608,350.8,0.402115076780319
1609,351.0,2.90165710449219
1610,351.2,454.459503173828
1611,351.3,1357.09020996094
1612,351.5,27.9280548095703
1613,351.7,0.704305112361908
1614,351.9,1.16254472732544
1615,352.1,22.8090591430664
1616,352.3,1956.689453125
1617,352.4,361.079345703125
1618,352.6,1.13256728649139
1619,352.9,1.41360640525818
1620,353.1,24.3254222869873
1621,353.2,437.792144775391
1622,353.3,1241.79968261719
1623,353.5,14.7414436340332
1624,353.7,0.417769998311996
1625,353.9,0.56565910577774
1626,354.1,20.0897655487061
1627,354.3,1812.86535644531
1628,354.4,321.664001464844
1629,354.6,4.00116586685181
1630,354.8,3.70963454246521
1631,355.0,45.9609451293945
1632,355.2,1594.18688964844
1633,355.3,1037.19543457031
1634,355.5,3.2381546497345
1635,355.6,0.999500393867493
1636,355.8,1.13406610488892
1637,356.0,18.0343074798584
1638,356.2,759.090209960938
1639,356.3,1788.54431152344
1640,356.5,12.3708047866821
1641,356.8,2.16404366493225
1642,357.0,13.3158464431763
1643,357.2,556.051391601563
1644,357.3,1387.6455078125
1645,357.5,16.7932376861572
1646,357.6,1.69381296634674
1647,357.9,2.08285450935364
1648,358.1,36.6484298706055
1649,358.2,403.705627441406
1650,358.3,1816.56091308594
1651,358.5,34.2879524230957
1652,358.6,3.5222749710083
1653,358.9,5.79049062728882
1654,359.0,8.98417854309082
1655,359.2,361.162719726563
1656,359.3,1018.69067382813
1657,359.4,305.639434814453
1658,359.6,1.96236157417297
1659,359.8,1.99325501918793
1660,360.0,5.22724628448486
1661,360.2,401.888427734375
1662,360.3,1652.11828613281
1663,360.5,28.9648590087891
1664,360.6,2.40727782249451
1665,360.8,0.520692825317383
1666,361.0,4.12665510177612
1667,361.2,298.794982910156
1668,361.3,1259.47216796875
1669,361.5,26.9115657806396
1670,361.8,1.40561246871948
1671,362.0,2.43150973320007
1672,362.2,384.565338134766
1673,362.3,1807.01806640625
1674,362.5,32.8858337402344
1675,362.8,1.77658426761627
1676,363.0,7.39728546142578
1677,363.2,324.962768554688
1678,363.3,931.107482910156
1679,363.4,321.756103515625
1680,363.6,3.15296864509583
1681,363.9,1.61012578010559
1682,364.1,15.1585474014282
1683,364.3,1648.19323730469
1684,364.4,508.598968505859
1685,364.5,27.9556999206543
1686,364.8,0.942043483257294
1687,364.9,1.01257395744324
1688,365.1,11.3887920379639
1689,365.3,1079.04467773438
1690,365.4,570.000061035156
1691,365.6,2.86909818649292
1692,365.9,1.42293274402618
1693,366.1,14.6004667282104
1694,366.3,1469.84924316406
1695,366.4,518.856262207031
1696,366.6,1.42376554012299
1697,366.8,0.522857844829559
1698,367.0,3.34449172019958
1699,367.2,216.500701904297
1700,367.3,1194.22680664063
1701,367.5,21.82080078125
1702,367.8,0.523857116699219
1703,368.0,2.52793741226196
1704,368.2,241.071701049805
1705,368.3,1580.30859375
1706,368.5,24.635440826416
1707,368.7,0.30227330327034
1708,368.9,1.1503871679306
1709,369.1,14.0406360626221
1710,369.3,1093.03759765625
1711,369.4,385.039794921875
1712,369.6,2.41926884651184
1713,369.8,0.437338650226593
1714,370.0,2.42201685905457
1715,370.2,197.439422607422
1716,370.3,1749.16979980469
1717,370.5,41.3392448425293
1718,370.8,1.18044805526733
1719,371.0,3.78341245651245
1720,371.2,141.615615844727
1721,371.3,1301.16870117188
1722,371.5,47.201099395752
1723,371.7,0.897160470485687
1724,371.9,0.480223178863525
1725,372.1,13.8580226898193
1726,372.2,171.930130004883
1727,372.3,1728.25817871094
1728,372.5,82.8592758178711
1729,372.7,1.0627030134201
1730,373.0,3.47639274597168
1731,373.2,163.859359741211
1732,373.3,1161.44152832031
1733,373.5,59.4698143005371
1734,373.6,3.52360725402832
1735,373.9,1.09268045425415
1736,374.1,13.0793571472168
1737,374.2,188.847946166992
1738,374.3,1525.2470703125
1739,374.5,44.6084594726563
1740,374.6,2.2835373878479
1741,374.8,0.243733868002892
1742,375.0,2.23224258422852
1743,375.2,163.003494262695
1744,375.3,724.323608398438
1745,375.4,435.886993408203
1746,375.6,4.69606113433838
1747,375.9,0.900824368000031
1748,376.1,7.5386791229248
1749,376.3,1231.955078125
1750,376.4,644.721313476563
1751,376.6,2.95037055015564
1752,376.9,1.07194602489471
1753,377.0,1.41335666179657
1754,377.2,165.876342773438
1755,377.3,1039.49035644531
1756,377.5,29.2896156311035
1757,377.6,4.35798168182373
1758,377.9,1.04146885871887
1759,378.1,8.88492012023926
1760,378.2,166.359237670898
1761,378.3,1601.8662109375
1762,378.5,41.6674156188965
1763,378.7,1.29719376564026
1764,379.0,2.03897070884705
1765,379.2,123.720962524414
1766,379.3,626.852600097656
1767,379.4,486.514770507813
1768,379.6,3.66858196258545
1769,379.7,1.19868433475494
1770,380.0,1.76442670822144
1771,380.1,8.85952186584473
1772,380.3,1072.33605957031
1773,380.4,574.932861328125
1774,380.6,1.43109333515167
1775,380.8,0.452077597379684
1776,381.0,1.97585141658783
1777,381.2,116.186447143555
1778,381.3,639.994995117188
1779,381.4,372.8994140625
1780,381.6,2.92655515670776
1781,381.8,0.634357571601868
1782,382.0,1.93638110160828
1783,382.2,121.338493347168
1784,382.3,932.935241699219
1785,382.4,475.702484130859
1786,382.6,2.09567832946777
1787,382.8,0.645682394504547
1788,383.0,2.79565334320068
1789,383.1,9.12840366363525
1790,383.3,695.712646484375
1791,383.4,459.740356445313
1792,383.6,3.6099591255188
1793,383.8,1.48413693904877
1794,384.0,2.28728461265564
1795,384.2,104.134819030762
1796,384.3,861.361755371094
1797,384.4,665.383728027344
1798,384.6,3.23648929595947
1799,384.8,1.90831875801086
1800,385.0,4.87401103973389
1801,385.2,102.156715393066
1802,385.3,1065.74841308594
1803,385.5,83.2948608398438
1804,385.7,1.7528520822525
1805,386.0,2.47364473342896
1806,386.2,111.045883178711
1807,386.4,1441.59582519531
1808,386.5,131.864181518555
1809,386.8,2.41885256767273
1810,387.0,5.05645751953125
1811,387.1,18.1000919342041
1812,387.3,685.536376953125
1813,387.4,476.720611572266
1814,387.6,5.93013572692871
1815,387.8,0.678324580192566
1816,388.0,2.66525101661682
1817,388.2,119.117744445801
1818,388.3,717.937622070313
1819,388.4,682.168762207031
1820,388.6,5.13106822967529
1821,388.9,1.7615954875946
1822,389.1,12.2704639434814
1823,389.3,617.658996582031
1824,389.4,436.592895507813
1825,389.5,51.9228096008301
1826,389.7,1.19552004337311
1827,390.0,1.84045302867889
1828,390.2,122.339332580566
1829,390.4,1432.21032714844
1830,390.5,65.9616928100586
1831,390.7,0.753851294517517
1832,390.9,0.882504761219025
1833,391.1,9.48355388641357
1834,391.2,78.6537628173828
1835,391.4,890.326110839844
1836,391.5,51.0529594421387
1837,391.7,1.90831875801086
1838,391.9,0.63968688249588
1839,392.1,6.319260597229
1840,392.3,791.026916503906
1841,392.4,680.613647460938
1842,392.5,60.8728446960449
1843,392.7,0.873927891254425
1844,392.9,0.743275880813599
1845,393.0,0.970605373382568
1846,393.2,75.1799468994141
1847,393.4,848.635375976563
1848,393.5,95.5071182250977
1849,393.7,1.41010904312134
1850,393.8,2.13414931297302
1851,394.1,7.74044466018677
1852,394.3,702.536010742188
1853,394.4,620.958557128906
1854,394.5,66.471061706543
1855,394.7,0.667499363422394
1856,395.0,1.66150391101837
1857,395.2,71.4728927612305
1858,395.4,796.439819335938
1859,395.5,57.4052810668945
1860,395.7,1.31609630584717
1861,395.9,1.8230494260788
1862,396.1,6.83703899383545
1863,396.3,666.135375976563
1864,396.4,634.42041015625
1865,396.6,3.35606622695923
1866,396.8,0.484386712312698
1867,397.0,1.11607956886292
1868,397.2,48.9235572814941
1869,397.4,838.014465332031
1870,397.5,75.521110534668
1871,397.7,0.858855843544006
1872,397.9,1.38296282291412
1873,398.1,6.48372077941895
1874,398.3,613.494873046875
1875,398.4,676.836364746094
1876,398.5,150.446411132813
1877,398.7,2.59039044380188
1878,398.9,1.60779416561127
1879,399.1,13.2248315811157
1880,399.3,452.520355224609
1881,399.4,573.709716796875
1882,399.6,5.81647109985352
1883,399.7,1.70313930511475
1884,400.0,2.29702711105347
1885,400.2,66.6559219360352
1886,400.3,474.982360839844
1887,400.4,956.12255859375
1888,400.6,12.9921722412109
1889,400.9,16.4309272766113
1890,401.1,79.9123992919922
1891,401.2,195.440673828125
1892,401.3,834.701721191406
1893,401.5,74.2899475097656
1894,401.6,6.35731554031372
1895,401.8,2.21816968917847
1896,402.0,9.26405239105225
1897,402.2,128.769332885742
1898,402.4,1149.09606933594
1899,402.5,81.6027145385742
1900,402.6,7.87734222412109
1901,402.9,4.81763696670532
1902,403.1,21.8855018615723
1903,403.2,80.5151977539063
1904,403.4,824.998657226563
1905,403.5,61.9277191162109
1906,403.7,2.20551252365112
1907,403.9,0.913731396198273
1908,404.1,7.43175935745239
1909,404.3,554.560729980469
1910,404.4,797.088073730469
1911,404.6,8.26938152313232
1912,404.9,3.75235247612
1913,405.1,14.2145891189575
1914,405.3,396.802978515625
1915,405.4,396.570251464844
1916,405.5,59.6942291259766
1917,405.7,0.800316452980042
1918,405.8,1.8320426940918
1919,406.1,7.20742797851563
1920,406.2,55.991340637207
1921,406.4,1112.44165039063
1922,406.5,113.314346313477
1923,406.7,1.16171205043793
1924,406.9,1.75526690483093
1925,407.0,1.65009582042694
1926,407.2,50.0378875732422
1927,407.4,676.322937011719
1928,407.5,112.895248413086
1929,407.7,1.86743271350861
1930,407.9,0.742776274681091
1931,408.1,6.18977451324463
1932,408.3,463.402526855469
1933,408.4,718.321655273438
1934,408.6,3.69506192207336
1935,408.9,0.955949723720551
1936,409.1,6.54550743103027
1937,409.2,40.6151237487793
1938,409.4,636.153991699219
1939,409.5,78.7055511474609
1940,409.6,7.49054861068726
1941,409.8,0.432009339332581
1942,410.0,1.21175789833069
1943,410.2,35.341911315918
1944,410.4,968.682250976563
1945,410.5,121.232574462891
1946,410.7,1.0973436832428
1947,411.0,0.79123991727829
1948,411.2,30.3302516937256
1949,411.4,644.628784179688
1950,411.5,115.316596984863
1951,411.7,1.11849451065063
1952,412.0,1.15629947185516
1953,412.2,35.1839447021484
1954,412.4,1010.73168945313
1955,412.5,188.645523071289
1956,412.7,0.877425253391266
1957,412.9,1.18494462966919
1958,413.0,1.56432676315308
1959,413.2,31.3456573486328
1960,413.4,653.922790527344
1961,413.5,144.400863647461
1962,413.6,10.6653347015381
1963,413.9,0.979432106018066
1964,414.1,4.96436023712158
1965,414.3,288.154815673828
1966,414.4,944.693786621094
1967,414.6,16.3160953521729
1968,414.9,8.81713676452637
1969,415.1,64.2220001220703
1970,415.3,660.269226074219
1971,415.4,316.532928466797
1972,415.5,73.4517440795898
1973,415.7,0.824464976787567
1974,415.9,3.78116416931152
1975,416.0,5.60596227645874
1976,416.2,98.1781158447266
1977,416.4,1005.60394287109
1978,416.5,97.0210647583008
1979,416.6,8.3809642791748
1980,416.9,4.04130220413208
1981,417.0,4.89999151229858
1982,417.2,80.1121673583984
1983,417.4,701.552612304688
1984,417.5,67.1296539306641
1985,417.6,8.38671016693115
1986,417.8,0.679323852062225
1987,418.0,2.7437756061554
1988,418.2,45.0705299377441
1989,418.4,965.742126464844
1990,418.5,145.621200561523
1991,418.8,3.06020474433899
1992,419.0,4.62911128997803
1993,419.2,50.6879005432129
1994,419.3,216.395874023438
1995,419.4,459.304016113281
1996,419.6,9.68773460388184
1997,419.8,1.51911067962646
1998,420.1,5.75518369674683
1999,420.3,292.380554199219
2000,420.4,775.738037109375
2001,420.6,9.82146739959717
2002,420.8,0.86809891462326
2003,421.0,3.42859530448914
2004,421.1,6.97102165222168
2005,421.3,207.642852783203
2006,421.4,483.567993164063
2007,421.6,14.3675575256348
2008,421.8,0.911316514015198
2009,422.0,1.53759682178497
2010,422.2,32.5075378417969
2011,422.4,823.611877441406
2012,422.5,154.898910522461
2013,422.7,0.581813633441925
2014,422.9,1.65051209926605
2015,423.1,6.36963939666748
2016,423.3,200.484725952148
2017,423.4,443.196533203125
2018,423.6,7.88525295257568
2019,423.8,0.849945902824402
2020,424.1,3.53743028640747
2021,424.3,260.526611328125
2022,424.4,518.714782714844
2023,424.5,163.518188476563
2024,424.7,0.812057614326477
2025,425.0,0.935131967067719
2026,425.2,25.2717132568359
2027,425.4,488.706970214844
2028,425.5,143.465240478516
2029,425.7,1.95986342430115
2030,425.9,0.48446998000145
2031,426.1,2.79065704345703
2032,426.2,16.6933975219727
2033,426.4,774.225524902344
2034,426.5,250.919723510742
2035,426.7,1.49596130847931
2036,427.0,0.987093031406403
2037,427.2,19.3335838317871
2038,427.4,483.069030761719
2039,427.5,169.887008666992
2040,427.6,16.3527355194092
2041,427.8,0.780747771263123
2042,428.0,1.36014652252197
2043,428.1,1.99550342559814
2044,428.3,172.77458190918
2045,428.4,847.825317382813
2046,428.6,25.804313659668
2047,428.7,6.46831560134888
2048,429.0,13.5993003845215
2049,429.2,142.921142578125
2050,429.4,651.826354980469
2051,429.5,93.4306793212891
2052,429.8,2.82155060768127
2053,430.0,6.81189107894897
2054,430.2,60.4149398803711
2055,430.3,247.375473022461
2056,430.4,684.930358886719
2057,430.6,12.5058708190918
2058,430.9,2.80039978027344
2059,431.1,13.4140224456787
2060,431.2,42.3471565246582
2061,431.4,532.674255371094
2062,431.5,120.066696166992
2063,431.7,3.17245388031006
2064,431.9,0.945873916149139
2065,432.1,5.13956212997437
2066,432.2,23.6159553527832
2067,432.4,728.734558105469
2068,432.5,203.338912963867
2069,432.7,2.13956189155579
2070,433.0,3.12782073020935
2071,433.1,6.58547735214233
2072,433.3,171.058868408203
2073,433.4,424.638702392578
2074,433.6,12.9177284240723
2075,433.8,0.806728303432465
2076,434.0,1.76326084136963
2077,434.1,2.59763503074646
2078,434.3,176.937957763672
2079,434.4,717.830322265625
2080,434.6,11.7193775177002
2081,434.9,0.939128994941711
2082,435.1,4.15047025680542
2083,435.2,18.7068023681641
2084,435.4,375.422607421875
2085,435.5,177.169448852539
2086,435.7,2.07436084747314
2087,436.0,1.14489138126373
2088,436.2,19.0640354156494
2089,436.4,591.675720214844
2090,436.5,209.20393371582
2091,436.6,9.90457153320313
2092,436.9,0.896244466304779
2093,437.1,5.09293031692505
2094,437.3,130.248565673828
2095,437.4,383.844268798828
2096,437.6,15.1658754348755
2097,437.8,1.11707890033722
2098,438.0,0.602714657783508
2099,438.2,16.0605373382568
2100,438.4,565.139831542969
2101,438.5,210.483306884766
2102,438.7,1.52052628993988
2103,439.0,0.731867790222168
2104,439.2,14.8432846069336
2105,439.4,360.995239257813
2106,439.5,159.25114440918
2107,439.7,2.57223749160767
2108,439.9,0.220418021082878
2109,440.1,2.67232918739319
2110,440.2,10.5713214874268
2111,440.4,556.345886230469
2112,440.5,308.465576171875
2113,440.7,1.33891248703003
2114,440.8,0.865517556667328
2115,441.1,2.35623288154602
2116,441.3,90.7425231933594
2117,441.4,456.080200195313
2118,441.6,24.5076198577881
2119,441.7,2.89965867996216
2120,442.0,1.19052374362946
2121,442.2,11.6799898147583
2122,442.4,529.108642578125
2123,442.5,306.853942871094
2124,442.6,27.8722629547119
2125,442.9,0.896161198616028
2126,443.1,3.56640863418579
2127,443.3,84.5688247680664
2128,443.4,266.446075439453
2129,443.5,212.638442993164
2130,443.7,2.99483728408813
2131,444.0,1.59905076026917
2132,444.2,12.1301527023315
2133,444.3,77.5929718017578
2134,444.4,650.565490722656
2135,444.6,23.4004497528076
2136,444.9,1.58581066131592
2137,445.0,0.989008247852325
2138,445.2,17.0832710266113
2139,445.4,330.326934814453
2140,445.5,178.097427368164
2141,445.7,3.24922966957092
2142,445.9,0.588558554649353
2143,446.1,2.99358820915222
2144,446.3,99.2268295288086
2145,446.4,659.025085449219
2146,446.6,25.1696224212646
2147,446.9,1.14930474758148
2148,447.1,5.02947807312012
2149,447.3,103.044464111328
2150,447.4,362.896484375
2151,447.6,21.7651767730713
2152,447.8,2.07694220542908
2153,448.0,0.706969797611237
2154,448.2,13.9412107467651
2155,448.4,469.280548095703
2156,448.5,272.205108642578
2157,448.7,1.5484219789505
2158,449.0,1.3185943365097
2159,449.1,2.53534841537476
2160,449.3,74.5375137329102
2161,449.4,198.386215209961
2162,449.5,199.224243164063
2163,449.7,3.58331251144409
2164,449.9,0.72578901052475
2165,450.1,1.83920395374298
2166,450.3,96.2778778076172
2167,450.4,578.845947265625
2168,450.6,15.8452825546265
2169,450.8,0.369556158781052
2170,451.1,3.30052471160889
2171,451.3,77.3867950439453
2172,451.4,196.980438232422
2173,451.5,158.497787475586
2174,451.7,2.4155216217041
2175,451.8,1.60296440124512
2176,452.0,0.2543925344944
2177,452.2,9.2017650604248
2178,452.4,397.053375244141
2179,452.5,249.998672485352
2180,452.7,1.27937376499176
2181,453.0,0.794487476348877
2182,453.2,10.8902492523193
2183,453.4,245.543426513672
2184,453.5,183.637847900391
2185,453.7,3.93305015563965
2186,454.0,0.638937473297119
2187,454.2,6.98842525482178
2188,454.4,381.422271728516
2189,454.5,339.074523925781
2190,454.7,2.87925720214844
2191,454.9,0.207594305276871
2192,455.1,1.93013572692871
2193,455.3,63.2623023986816
2194,455.4,182.031219482422
2195,455.5,218.887084960938
2196,455.7,4.35073709487915
2197,456.0,0.587392807006836
2198,456.2,6.42001819610596
2199,456.4,353.74853515625
2200,456.5,371.978942871094
2201,456.7,3.45207762718201
2202,457.0,0.929469585418701
2203,457.2,7.57073879241943
2204,457.3,50.1679573059082
2205,457.5,363.292602539063
2206,457.6,44.6475982666016
2207,457.8,0.582229971885681
2208,458.0,0.93904572725296
2209,458.2,8.85785675048828
2210,458.4,331.387634277344
2211,458.5,261.727203369141
2212,458.6,37.263801574707
2213,458.8,2.30502128601074
2214,459.1,4.85277700424194
2215,459.3,69.5185241699219
2216,459.5,325.815551757813
2217,459.6,36.2429008483887
2218,459.8,2.17386960983276
2219,460.1,3.42401528358459
2220,460.2,6.4858021736145
2221,460.4,305.961517333984
2222,460.5,299.39404296875
2223,460.6,47.7184600830078
2224,460.8,3.24140238761902
2225,461.0,10.6197853088379
2226,461.1,10.8210506439209
2227,461.3,144.259048461914
2228,461.4,182.826629638672
2229,461.5,125.97834777832
2230,461.7,5.94329261779785
2231,461.9,1.28470313549042
2232,462.1,5.59105682373047
2233,462.3,81.8112258911133
2234,462.4,267.084686279297
2235,462.5,296.452758789063
2236,462.7,4.02964448928833
2237,463.0,3.40786075592041
2238,463.1,4.59288883209229
2239,463.3,69.5519180297852
2240,463.5,300.713226318359
2241,463.6,39.6411018371582
2242,463.8,1.08801734447479
2243,464.0,1.79373800754547
2244,464.2,10.1074190139771
2245,464.4,285.244720458984
2246,464.5,281.493865966797
2247,464.7,2.35964703559875
2248,465.0,1.75160300731659
2249,465.1,2.17969846725464
2250,465.3,57.9032402038574
2251,465.5,267.34716796875
2252,465.6,35.978931427002
2253,465.8,0.919060707092285
2254,466.0,1.03122663497925
2255,466.2,8.02115058898926
2256,466.3,52.5200271606445
2257,466.5,441.107086181641
2258,466.6,39.7033882141113
2259,466.8,0.462819546461105
2260,467.0,1.05445921421051
2261,467.1,1.3097677230835
2262,467.3,45.0092430114746
2263,467.4,129.436752319336
2264,467.5,179.488052368164
2265,467.7,5.32267475128174
2266,467.9,0.927137970924377
2267,468.2,4.99791812896729
2268,468.4,245.875930786133
2269,468.5,346.654937744141
2270,468.7,4.14497470855713
2271,468.9,0.361895233392715
2272,469.1,1.45207762718201
2273,469.2,4.52693796157837
2274,469.4,161.150054931641
2275,469.5,210.322174072266
2276,469.7,6.94054460525513
2277,470.0,0.625197768211365
2278,470.2,5.20967626571655
2279,470.4,222.662750244141
2280,470.5,302.568420410156
2281,470.6,72.1058349609375
2282,470.9,0.603547334671021
2283,471.0,0.316679149866104
2284,471.2,6.00474643707275
2285,471.3,28.4089431762695
2286,471.5,285.056121826172
2287,471.6,59.337329864502
2288,471.8,2.16129565238953
2289,472.1,1.53859603404999
2290,472.3,37.6854019165039
2291,472.5,428.9970703125
2292,472.6,54.0930976867676
2293,472.7,4.71388149261475
2294,472.9,0.55116993188858
2295,473.1,2.38554406166077
2296,473.3,44.5260238647461
2297,473.4,121.18669128418
2298,473.5,178.384552001953
2299,473.7,9.09726047515869
2300,473.9,1.29644429683685
2301,474.2,5.4257640838623
2302,474.4,175.115661621094
2303,474.5,353.235656738281
2304,474.7,17.5054550170898
2305,475.0,12.4016151428223
2306,475.2,74.5808944702148
2307,475.3,164.568572998047
2308,475.4,236.630859375
2309,475.6,11.695728302002
2310,475.7,4.20592880249023
2311,475.9,1.9650262594223
2312,476.1,7.44799757003784
2313,476.3,96.2594757080078
2314,476.4,229.15754699707
2315,476.5,258.136383056641
2316,476.7,3.11333155632019
2317,476.9,3.06087112426758
2318,477.1,7.93704700469971
2319,477.3,76.8885040283203
2320,477.5,247.811309814453
2321,477.6,33.8475303649902
2322,477.7,5.76334428787231
2323,477.9,1.81755352020264
2324,478.2,9.37163829803467
2325,478.4,207.704132080078
2326,478.5,228.963363647461
2327,478.6,53.105339050293
2328,478.8,1.36372721195221
2329,479.0,3.21925210952759
2330,479.1,4.21483898162842
2331,479.3,47.3807144165039
2332,479.5,220.205932617188
2333,479.6,46.1702880859375
2334,479.9,2.03189277648926
2335,480.0,0.918810904026031
2336,480.2,7.19427108764648
2337,480.4,179.008331298828
2338,480.5,201.983840942383
2339,480.6,61.6615867614746
2340,480.8,1.58997416496277
2341,481.0,3.4777250289917
2342,481.2,13.7277870178223
2343,481.4,125.164291381836
2344,481.5,161.067947387695
2345,481.7,10.3538179397583
2346,482.0,2.41735363006592
2347,482.2,6.55300188064575
2348,482.4,164.472152709961
2349,482.5,318.495788574219
2350,482.7,4.71604633331299
2351,483.0,1.36022984981537
2352,483.1,1.57040548324585
2353,483.3,29.9716873168945
2354,483.4,82.5983047485352
2355,483.5,190.18977355957
2356,483.7,9.85585784912109
2357,483.9,0.672162532806396
2358,484.1,1.3544008731842
2359,484.3,26.4446659088135
2360,484.5,369.576477050781
2361,484.6,98.8316268920898
2362,484.8,0.754184365272522
2363,485.0,0.807477712631226
2364,485.2,4.44824695587158
2365,485.3,21.1278209686279
2366,485.5,204.857269287109
2367,485.6,66.4126892089844
2368,485.7,10.5858936309814
2369,485.9,1.37988173961639
2370,486.2,4.25156116485596
2371,486.4,138.996841430664
2372,486.5,203.027984619141
2373,486.6,80.4463348388672
2374,486.8,1.02131736278534
2375,487.0,0.501124143600464
2376,487.2,5.54209327697754
2377,487.3,22.3492374420166
2378,487.5,186.6162109375
2379,487.6,63.1353149414063
2380,487.8,2.62811231613159
2381,488.0,0.237655088305473
2382,488.2,3.0262303352356
2383,488.4,114.479553222656
2384,488.5,301.751281738281
2385,488.7,31.8918304443359
2386,489.0,14.3145141601563
2387,489.2,70.2144241333008
2388,489.4,274.795806884766
2389,489.5,66.8899154663086
2390,489.7,6.35032081604004
2391,490.0,5.20734453201294
2392,490.2,17.3715553283691
2393,490.3,54.8165550231934
2394,490.5,360.948547363281
2395,490.6,50.1351470947266
2396,490.7,8.27096366882324
2397,491.0,5.13606452941895
2398,491.2,18.8252983093262
2399,491.4,149.692153930664
2400,491.5,97.7555160522461
2401,491.6,45.4910469055176
2402,491.8,1.41127490997314
2403,491.9,2.80431342124939
2404,492.2,7.46256971359253
2405,492.4,150.283874511719
2406,492.5,238.056045532227
2407,492.7,7.04646492004395
2408,492.8,2.56182861328125
2409,493.1,5.29985857009888
2410,493.3,36.9703559875488
2411,493.5,171.615951538086
2412,493.6,47.9171447753906
2413,493.8,3.08152222633362
2414,494.0,0.76992255449295
2415,494.2,4.69572830200195
2416,494.4,122.409278869629
2417,494.5,233.040969848633
2418,494.7,8.52860355377197
2419,494.9,1.04030311107635
2420,495.1,4.2730450630188
2421,495.2,6.92588901519775
2422,495.4,91.3522338867188
2423,495.5,137.00325012207
2424,495.7,11.6140394210815
2425,495.9,1.86834871768951
2426,496.2,4.12848711013794
2427,496.4,106.296363830566
2428,496.5,183.164794921875
2429,496.6,104.92797088623
2430,496.8,1.42151725292206
2431,497.0,2.63510704040527
2432,497.2,8.08926677703857
2433,497.4,79.0341415405273
2434,497.5,94.8632659912109
2435,497.6,72.9722671508789
2436,497.8,3.40519618988037
2437,498.1,1.9294695854187
2438,498.2,2.73961186408997
2439,498.4,91.2805404663086
2440,498.5,294.125
2441,498.7,12.7933216094971
2442,499.0,0.948455333709717
2443,499.2,3.9651095867157
2444,499.4,69.8956604003906
2445,499.5,157.574234008789
2446,499.7,15.3635606765747
2447,499.8,4.30443811416626
2448,500.1,1.68398702144623
2449,500.3,18.535514831543
2450,500.4,72.9065704345703
2451,500.5,236.479644775391
2452,500.7,10.3103504180908
2453,500.8,1.35173618793488
2454,501.1,1.86943125724792
2455,501.3,18.8610210418701
2456,501.5,135.126983642578
2457,501.6,52.742359161377
2458,501.7,14.996169090271
2459,501.9,1.74985432624817
2460,502.2,2.77958202362061
2461,502.4,82.2951965332031
2462,502.5,248.501129150391
2463,502.7,22.4175205230713
2464,503.0,5.47930717468262
2465,503.2,18.6066284179688
2466,503.4,110.284118652344
2467,503.5,77.6495132446289
2468,503.6,44.7516860961914
2469,503.8,5.63868761062622
2470,504.1,3.66616702079773
2471,504.2,4.99400472640991
2472,504.4,104.974349975586
2473,504.5,231.758590698242
2474,504.7,11.5422601699829
2475,505.0,2.82371544837952
2476,505.2,9.5389289855957
2477,505.4,77.8603515625
2478,505.5,123.667419433594
2479,505.7,11.966025352478
2480,505.8,4.48113918304443
2481,506.0,1.54817223548889
2482,506.2,4.63302516937256
2483,506.4,82.3805465698242
2484,506.5,213.344818115234
2485,506.7,12.3852939605713
2486,506.8,2.95861434936523
2487,507.0,0.822549760341644
2488,507.2,7.82538080215454
2489,507.3,19.6386871337891
2490,507.5,123.32642364502
2491,507.6,52.3203430175781
2492,507.8,2.63377475738525
2493,507.9,2.23632264137268
2494,508.2,3.88092255592346
2495,508.3,16.7112998962402
2496,508.5,193.814895629883
2497,508.6,82.3410797119141
2498,508.8,1.76342737674713
2499,509.1,1.63269209861755
2500,509.3,20.632942199707
2501,509.5,111.724708557129
2502,509.6,59.3305854797363
2503,509.8,2.56965613365173
2504,509.9,1.81480550765991
2505,510.1,0.549337983131409
2506,510.3,11.5971355438232
2507,510.4,53.2244987487793
2508,510.5,232.539932250977
2509,510.7,18.6968116760254
2510,511.0,1.59397113323212
2511,511.2,4.04080295562744
2512,511.3,12.8511953353882
2513,511.5,113.562660217285
2514,511.6,69.2167510986328
2515,511.8,5.02989435195923
2516,512.1,1.44166874885559
2517,512.2,1.67732536792755
2518,512.4,62.7029724121094
2519,512.5,130.737365722656
2520,512.6,118.106666564941
2521,512.8,2.33474898338318
2522,513.1,1.07194602489471
2523,513.2,2.68523597717285
2524,513.4,49.8722610473633
2525,513.5,64.9749374389648
2526,513.6,74.3790512084961
2527,513.8,5.32059288024902
2528,514.1,1.92497289180756
2529,514.2,2.2575569152832
2530,514.4,62.5692405700684
2531,514.5,186.150802612305
2532,514.7,16.4251804351807
2533,514.9,1.22608041763306
2534,515.2,3.57789993286133
2535,515.4,50.5092010498047
2536,515.5,102.085266113281
2537,515.7,18.4061126708984
2538,515.9,1.05878925323486
2539,516.1,1.48038971424103
2540,516.2,1.68531930446625
2541,516.4,56.469898223877
2542,516.5,201.062362670898
2543,516.7,19.0458831787109
2544,516.9,0.59005743265152
2545,517.1,1.67391121387482
2546,517.3,15.3851280212402
2547,517.4,35.8721809387207
2548,517.5,95.2958602905273
2549,517.7,18.4400863647461
2550,517.9,2.21941876411438
2551,518.2,2.90632033348083
2552,518.4,51.4899673461914
2553,518.5,188.68864440918
2554,518.7,23.8674335479736
2555,519.0,2.13473224639893
2556,519.1,1.80406367778778
2557,519.3,18.9930057525635
2558,519.5,90.0567092895508
2559,519.6,58.864933013916
2560,519.8,6.05420923233032
2561,520.1,1.8497793674469
2562,520.3,14.1871099472046
2563,520.5,130.580810546875
2564,520.6,98.9562835693359
2565,520.8,4.6013822555542
2566,521.1,4.17736721038818
2567,521.2,6.47156286239624
2568,521.4,56.152717590332
2569,521.5,48.637523651123
2570,521.6,50.1575469970703
2571,521.8,4.36564254760742
2572,521.9,3.41752028465271
2573,522.2,3.62078452110291
2574,522.4,56.4828872680664
2575,522.6,157.218170166016
2576,522.7,22.3497371673584
2577,522.9,1.5750687122345
2578,523.2,5.47197914123535
2579,523.4,44.193603515625
2580,523.6,84.2040939331055
2581,523.7,15.8925809860229
2582,523.8,4.84461641311646
2583,524.0,0.656341075897217
2584,524.2,2.33433246612549
2585,524.4,43.8536109924316
2586,524.6,182.957366943359
2587,524.7,24.9391288757324
2588,524.8,2.93554830551147
2589,525.0,0.415438413619995
2590,525.2,3.02431511878967
2591,525.4,36.2215843200684
2592,525.5,45.7875747680664
2593,525.6,67.3789672851563
2594,525.8,6.92289113998413
2595,526.0,1.90915143489838
2596,526.2,1.61637103557587
2597,526.4,38.5534172058105
2598,526.5,87.9787673950195
2599,526.6,120.392372131348
2600,526.8,3.7437756061554
2601,527.0,1.19510364532471
2602,527.1,0.937879920005798
2603,527.3,9.62311553955078
2604,527.4,24.3955364227295
2605,527.6,94.2449798583984
2606,527.7,27.4222660064697
2607,527.9,1.59721875190735
2608,528.0,2.0962610244751
2609,528.3,9.27237892150879
2610,528.5,106.941543579102
2611,528.6,88.8208847045898
2612,528.8,3.59488725662231
2613,529.1,1.63560664653778
2614,529.2,2.44075274467468
2615,529.4,31.7745018005371
2616,529.5,39.9793472290039
2617,529.6,54.3029403686523
2618,529.8,5.55350160598755
2619,530.1,1.5312682390213
2620,530.3,9.39545345306396
2621,530.5,105.20051574707
2622,530.6,70.4091949462891
2623,530.7,28.9581985473633
2624,530.9,0.824964582920074
2625,531.1,1.53451573848724
2626,531.2,2.59946703910828
2627,531.4,30.6706638336182
2628,531.6,73.5825653076172
2629,531.7,19.0980930328369
2630,531.9,2.76201176643372
2631,532.2,2.74186038970947
2632,532.4,35.6013832092285
2633,532.6,142.555419921875
2634,532.7,26.8206348419189
2635,532.9,1.9474561214447
2636,533.1,1.64143562316895
2637,533.3,12.8763427734375
2638,533.5,65.5800628662109
2639,533.6,32.0104904174805
2640,533.7,21.4767265319824
2641,533.9,3.76267790794373
2642,534.2,3.67674255371094
2643,534.4,34.848445892334
2644,534.6,113.170372009277
2645,534.7,50.5552520751953
2646,534.9,8.00849342346191
2647,535.1,17.9717712402344
2648,535.2,18.1044216156006
2649,535.4,74.5451736450195
2650,535.5,52.4504127502441
2651,535.7,11.6884832382202
2652,535.8,11.4682321548462
2653,536.0,3.41968512535095
2654,536.2,10.2306604385376
2655,536.4,61.1758689880371
2656,536.5,63.7446899414063
2657,536.6,73.4648208618164
2658,536.8,9.28153896331787
2659,537.0,2.56840705871582
2660,537.2,10.1433095932007
2661,537.4,43.0154876708984
2662,537.5,60.3677253723145
2663,537.7,21.6940631866455
2664,537.9,1.90448832511902
2665,538.0,3.07019734382629
2666,538.3,9.51736164093018
2667,538.5,93.1402282714844
2668,538.6,93.7371139526367
2669,538.8,6.16587543487549
2670,538.9,2.11982679367065
2671,539.2,4.10575389862061
2672,539.3,7.40944290161133
2673,539.5,53.0066604614258
2674,539.6,56.315845489502
2675,539.8,7.6730785369873
2676,540.1,2.20218181610107
2677,540.3,7.00199842453003
2678,540.4,20.9706058502197
2679,540.6,126.451324462891
2680,540.7,37.8519439697266
2681,540.9,1.31018400192261
2682,541.1,1.93704724311829
2683,541.2,2.15713214874268
2684,541.4,22.8223838806152
2685,541.5,31.8591060638428
2686,541.6,53.7377815246582
2687,541.8,9.10775279998779
2688,542.0,2.10200691223145
2689,542.3,9.10908508300781
2690,542.5,72.7871627807617
2691,542.6,74.5394287109375
2692,542.8,4.79831790924072
2693,543.0,1.70780253410339
2694,543.2,2.7878258228302
2695,543.4,22.292947769165
2696,543.5,26.6964778900146
2697,543.6,42.5121154785156
2698,543.8,4.35789823532104
2699,543.9,2.90906810760498
2700,544.2,2.74927139282227
2701,544.4,26.4471645355225
2702,544.5,48.6457672119141
2703,544.6,81.2810363769531
2704,544.8,6.8484468460083
2705,545.1,1.49704384803772
2706,545.2,1.73686397075653
2707,545.4,21.032808303833
2708,545.6,50.4271812438965
2709,545.7,21.2134227752686
2710,545.9,2.01007580757141
2711,546.1,2.06611704826355
2712,546.3,8.107253074646
2713,546.5,64.9356307983398
2714,546.6,76.5724029541016
2715,546.8,6.54792261123657
2716,547.0,0.985344350337982
2717,547.2,3.87492704391479
2718,547.4,22.7032222747803
2719,547.6,49.8931617736816
2720,547.7,15.4509115219116
2721,547.8,8.15688228607178
2722,548.0,1.16029644012451
2723,548.2,3.04829716682434
2724,548.4,21.244234085083
2725,548.6,66.9625244140625
2726,548.7,44.8247985839844
2727,549.0,29.0423011779785
2728,549.1,22.6150379180908
2729,549.3,106.648178100586
2730,549.4,79.7866592407227
2731,549.6,11.6423511505127
2732,549.9,8.30477142333984
#"+ Scan (rt: 5.020-55.033 min, 8591 scans) CBN1_4267-4FT_650_WHOLE.D "
#Point,X(Thompsons),Y(Counts)
0,40.1,7498.265625
1,41.2,51435.1796875
2,42.2,10260.580078125
3,42.3,5.91886854171753
4,43.2,51746.08984375
5,44.1,4560.9189453125
6,44.2,1153.53405761719
7,45.0,144.492492675781
8,45.1,2337.77124023438
9,45.3,1.43778371810913
10,45.6,0.60796183347702
11,45.8,7.28448390960693
12,46.0,112.563842773438
13,46.1,196.192642211914
14,46.3,23.2222099304199
15,46.5,6.66115713119507
16,46.8,8.58084011077881
17,47.0,215.593994140625
18,47.1,466.790252685547
19,47.3,5.1484112739563
20,47.5,0.122453734278679
21,47.7,0.167617276310921
22,47.9,26.9416828155518
23,48.1,708.279968261719
24,48.2,75.5602340698242
25,48.4,0.257944375276566
26,48.6,0.374461650848389
27,48.7,0.241764634847641
28,48.9,19.0336399078369
29,49.1,311.728546142578
30,49.2,178.58805847168
31,49.4,2.49214291572571
32,49.6,0.020486555993557
33,49.8,0.0556396245956421
34,50.0,47.1940383911133
35,50.1,4893.96142578125
36,50.3,1.82376909255981
37,51.0,6.86090087890625
38,51.1,10466.1015625
39,52.0,30.0338726043701
40,52.1,3879.16748046875
41,52.3,13.178092956543
42,53.0,0.508439064025879
43,53.2,11247.974609375
44,53.3,0.524036765098572
45,54.0,0.310790359973907
46,54.2,8103.45703125
47,54.3,20.3203353881836
48,55.2,65471.7109375
49,56.2,25817.083984375
50,57.2,61992.71875
51,57.3,210.954956054688
52,57.6,189.414031982422
53,57.7,15.6992197036743
54,58.0,367.907928466797
55,58.2,4499.42041015625
56,58.3,15.5227565765381
57,58.6,0.440111756324768
58,58.9,15.830753326416
59,59.1,1730.37072753906
60,59.2,444.520324707031
61,59.4,0.474333614110947
62,59.8,1.96426486968994
63,60.0,194.052612304688
64,60.1,1509.49609375
65,60.3,12.2601556777954
66,60.6,0.304504722356796
67,60.8,1.17297172546387
68,61.0,171.566986083984
69,61.1,1131.384765625
70,61.3,18.4679317474365
71,61.5,0.177162140607834
72,61.7,0.0998719558119774
73,62.0,108.18635559082
74,62.1,2962.45166015625
75,62.3,7.89454078674316
76,63.0,21.3096256256104
77,63.1,9185.169921875
78,63.3,1.15225231647491
79,63.9,3.030846118927
80,64.1,5961.0576171875
81,64.2,388.563507080078
82,65.0,9.32627201080322
83,65.1,11755.7685546875
84,66.0,62.7276229858398
85,66.1,5316.87939453125
86,66.3,11.7684783935547
87,67.2,34494.13671875
88,68.2,14677.08984375
89,69.2,53453.3671875
90,69.3,50.066349029541
91,69.9,10.4174137115479
92,70.0,24.1678504943848
93,70.2,24674.810546875
94,70.3,159.596664428711
95,70.6,33.9331855773926
96,70.8,2.08404135704041
97,71.0,4.9128155708313
98,71.2,40390.14453125
99,71.3,0.359445929527283
100,72.0,90.8611373901367
101,72.2,2796.02294921875
102,72.3,66.1861267089844
103,72.6,2.66534733772278
104,72.7,1.79560005664825
105,72.9,2.96123862266541
106,73.1,2803.82177734375
107,73.2,760.362243652344
108,73.9,1.42951929569244
109,74.1,3622.70239257813
110,74.2,466.984405517578
111,74.8,0.0711209401488304
112,75.0,93.6307754516602
113,75.1,4651.111328125
114,75.3,5.1978816986084
115,75.7,0.097543939948082
116,75.9,1.67861711978912
117,76.1,6847.7666015625
118,76.2,1359.51721191406
119,76.4,0.11884530633688
120,77.0,3.49761366844177
121,77.1,25320.310546875
122,78.0,37.3916893005371
123,78.1,9873.2333984375
124,78.3,2.14456987380981
125,79.1,26242.021484375
126,80.0,0.56826913356781
127,80.2,8847.2734375
128,81.2,41908.3203125
129,81.3,11.8300542831421
130,82.2,24086.208984375
131,82.3,329.95458984375
132,82.5,65.7208709716797
133,82.7,33.5793266296387
134,83.0,51.4408111572266
135,83.2,42249.44140625
136,83.3,3.76673269271851
137,84.0,9.6930513381958
138,84.2,15288.521484375
139,84.3,3.84507036209106
140,85.0,1.57525312900543
141,85.2,28348.71875
142,85.3,46.755443572998
143,85.5,8.4013500213623
144,85.8,0.0855546519160271
145,86.0,125.871612548828
146,86.2,3762.05517578125
147,86.3,12.512396812439
148,86.7,0.0296822264790535
149,86.9,2.57921075820923
150,87.1,3103.68212890625
151,87.2,733.234924316406
152,87.4,0.655104160308838
153,87.6,0.451169818639755
154,87.7,0.183797001838684
155,87.9,13.7760448455811
156,88.1,2850.07250976563
157,88.2,890.586791992188
158,88.4,1.2863461971283
159,88.7,0.574321985244751
160,89.0,114.023513793945
161,89.1,9560.46484375
162,89.3,5.27656841278076
163,89.7,0.624723553657532
164,89.9,174.277969360352
165,90.1,1381.79602050781
166,90.2,797.232543945313
167,90.4,1.29484343528748
168,91.1,55160.765625
169,92.0,3.34955191612244
170,92.1,13264.7578125
171,92.3,0.514608323574066
172,93.2,18557.94921875
173,93.3,82.6221618652344
174,93.5,3.19124674797058
175,94.0,0.567570686340332
176,94.2,8079.69384765625
177,94.3,1995.7783203125
178,94.5,2.67442679405212
179,94.8,118.471885681152
180,95.0,191.49528503418
181,95.2,41068.1328125
182,96.0,169.313812255859
183,96.2,20637.5859375
184,96.3,18.9741592407227
185,97.0,0.373530447483063
186,97.2,44504.80859375
187,98.0,46.0421371459961
188,98.2,12041.16015625
189,98.3,3.8243510723114
190,99.0,14.3015947341919
191,99.2,10498.75390625
192,99.3,6.90629720687866
193,99.9,9.82237243652344
194,100.1,1594.19543457031
195,100.2,1485.39196777344
196,100.4,2.50552892684937
197,100.5,0.350250273942947
198,100.7,0.0902106836438179
199,100.9,6.41159343719482
200,101.1,5012.11669921875
201,101.2,1547.29699707031
202,101.4,0.537888467311859
203,101.8,12.3040390014648
204,102.0,583.792236328125
205,102.1,5882.5439453125
206,102.3,47.6360130310059
207,102.6,0.407053887844086
208,102.8,2.77022457122803
209,103.0,215.582702636719
210,103.1,10336.259765625
211,103.3,44.7160987854004
212,103.8,1.42579448223114
213,104.0,75.1112823486328
214,104.1,12772.99609375
215,104.3,6.63566541671753
216,105.0,0.282155752182007
217,105.1,44534.0078125
218,105.3,0.079851008951664
219,106.0,4.51484107971191
220,106.2,20085.263671875
221,106.3,395.619018554688
222,106.5,8.92934513092041
223,107.0,2.78104996681213
224,107.2,19305.4765625
225,107.3,411.848571777344
226,107.5,7.41706418991089
227,107.8,12.2163896560669
228,108.0,393.586547851563
229,108.2,10960.7333984375
230,108.3,118.652893066406
231,108.5,2.43976259231567
232,109.2,26738.302734375
233,109.3,1.15295076370239
234,110.0,0.839366793632507
235,110.2,13959.6640625
236,110.3,92.7159805297852
237,111.1,2817.59106445313
238,111.2,26230.994140625
239,112.0,3.11267614364624
240,112.2,10020.5166015625
241,112.3,60.5192642211914
242,112.9,0.736235618591309
243,113.1,2932.8232421875
244,113.2,8199.427734375
245,113.4,0.512745916843414
246,113.5,0.0836922377347946
247,113.8,0.782213926315308
248,114.0,193.353393554688
249,114.2,4579.28759765625
250,114.3,74.7025985717773
251,114.6,0.284949362277985
252,114.8,0.205796763300896
253,115.0,42.2317543029785
254,115.1,32879.32421875
255,115.3,2.41834473609924
256,115.6,0.0294494237750769
257,115.8,3.54650211334229
258,116.0,394.198333740234
259,116.1,7462.97998046875
260,116.2,2470.63720703125
261,116.4,0.431614488363266
262,116.6,0.0513327904045582
263,116.8,0.422768026590347
264,117.0,9.90361976623535
265,117.1,22464.470703125
266,117.3,2.59003615379333
267,117.4,0.328599691390991
268,117.7,0.153998374938965
269,117.9,3.50203704833984
270,118.1,4660.36376953125
271,118.2,7336.43359375
272,118.4,19.9775352478027
273,118.5,0.196251884102821
274,118.8,0.462344318628311
275,119.0,10.197998046875
276,119.2,30012.359375
277,119.3,178.571533203125
278,119.5,0.150389939546585
279,119.7,0.113956466317177
280,119.9,73.2453765869141
281,120.1,5256.79248046875
282,120.2,11316.9951171875
283,120.4,0.43149808049202
284,120.6,0.0543592125177383
285,120.8,0.27133047580719
286,121.0,8.36061000823975
287,121.2,16790.9375
288,121.3,36.810848236084
289,121.9,9.78163146972656
290,122.1,3828.08959960938
291,122.2,6090.81201171875
292,122.4,9.32080078125
293,122.6,0.067163310945034
294,122.8,0.0895122811198235
295,123.0,3.4316143989563
296,123.2,17998.470703125
297,123.3,21.5063438415527
298,123.9,0.29333022236824
299,124.1,1736.0556640625
300,124.2,7960.8779296875
301,124.5,0.137003839015961
302,124.7,0.0507507845759392
303,125.0,3.61145377159119
304,125.2,16964.294921875
305,125.3,36.4575729370117
306,125.4,0.762891411781311
307,125.9,0.128157377243042
308,126.1,3527.97583007813
309,126.2,8486.515625
310,126.4,0.076591782271862
311,126.8,0.1502735465765
312,127.0,17.3537425994873
313,127.2,14910.3466796875
314,127.3,69.3537445068359
315,127.4,1.11279249191284
316,127.8,0.123152136802673
317,128.0,589.416809082031
318,128.1,28499.138671875
319,128.3,13.006983757019
320,128.6,0.0606448613107204
321,128.8,0.600861370563507
322,129.0,23.7816314697266
323,129.1,24521.416015625
324,129.3,7.36177396774292
325,129.6,0.269235253334045
326,129.8,1.133744597435
327,130.0,212.197418212891
328,130.2,10758.9072265625
329,130.3,142.388198852539
330,130.5,1.63624727725983
331,130.6,0.350483059883118
332,130.9,4.58444881439209
333,131.1,6011.212890625
334,131.2,12102.0966796875
335,131.3,859.94970703125
336,131.5,59.2435111999512
337,131.7,8.16878128051758
338,131.9,246.467468261719
339,132.1,3475.681640625
340,132.2,6968.7041015625
341,132.4,151.825164794922
342,132.7,0.471656382083893
343,132.9,5.28413438796997
344,133.1,3770.38354492188
345,133.2,15525.57421875
346,133.4,0.324292868375778
347,133.5,0.373763233423233
348,133.7,0.19380746781826
349,133.9,4.66558027267456
350,134.1,3724.5322265625
351,134.2,8515.6494140625
352,134.4,0.808636963367462
353,134.7,0.295192629098892
354,134.9,3.63368630409241
355,135.1,2462.00805664063
356,135.2,11225.572265625
357,135.4,1.22348964214325
358,135.6,0.126760557293892
359,135.9,2.23664307594299
360,136.1,1957.01062011719
361,136.2,5100.0048828125
362,136.4,0.686998009681702
363,136.6,0.017809335142374
364,136.8,0.80758935213089
365,137.0,10.8742866516113
366,137.2,12470.73828125
367,137.3,25.6559181213379
368,137.5,0.191479459404945
369,137.8,0.570597112178802
370,138.0,7.92340803146362
371,138.2,7543.64208984375
372,138.3,85.0732192993164
373,138.6,0.16156442463398
374,138.8,0.546618580818176
375,139.0,11.016529083252
376,139.2,14832.8818359375
377,139.3,43.5245018005371
378,139.4,1.38179492950439
379,139.6,0.0874170660972595
380,139.8,0.135607033967972
381,140.0,83.017578125
382,140.2,6326.93359375
383,140.3,427.214416503906
384,140.5,1.49062967300415
385,140.7,0.192759871482849
386,140.9,2.65044808387756
387,141.1,14288.3115234375
388,141.2,16027.7890625
389,141.3,37.1188468933105
390,141.5,0.141776278614998
391,141.7,0.187289029359818
392,141.9,4.1061577796936
393,142.1,6499.97119140625
394,142.2,11067.041015625
395,142.4,1.50273537635803
396,142.6,0.302176684141159
397,142.7,0.251775115728378
398,142.9,5.42195320129395
399,143.1,5001.97021484375
400,143.2,11342.8046875
401,143.4,1.56803631782532
402,143.6,0.573623538017273
403,143.8,0.911418914794922
404,144.0,38.1219863891602
405,144.2,9956.0380859375
406,144.3,192.870559692383
407,144.5,0.309626340866089
408,144.7,0.564544320106506
409,144.9,4.95832824707031
410,145.1,3835.31762695313
411,145.2,12727.626953125
412,145.3,9.01466655731201
413,145.5,0.512745916843414
414,145.7,0.25747874379158
415,145.9,5.68932580947876
416,146.1,2384.673828125
417,146.2,6113.533203125
418,146.4,1.02002096176147
419,146.7,0.45268303155899
420,146.9,6.64660692214966
421,147.1,4749.50146484375
422,147.2,9403.2109375
423,147.4,1.33511817455292
424,147.7,0.323245257139206
425,147.9,12.854266166687
426,148.1,2828.18896484375
427,148.2,5414.3046875
428,148.3,54.574089050293
429,148.6,0.475264817476273
430,148.8,1.15830516815186
431,149.0,12.7259922027588
432,149.1,1893.65783691406
433,149.2,9136.2998046875
434,149.4,0.972180187702179
435,149.7,0.163892447948456
436,149.9,1.57560241222382
437,150.1,3354.48852539063
438,150.2,4650.83203125
439,150.4,0.792806446552277
440,150.6,0.28203934431076
441,150.8,0.947736024856567
442,151.0,9.36677932739258
443,151.2,13854.2880859375
444,151.3,44.4262619018555
445,151.5,0.129437789320946
446,151.7,0.180654168128967
447,151.9,3.08311033248901
448,152.1,14484.8212890625
449,152.2,7417.81396484375
450,152.4,1.08636951446533
451,152.7,0.328832507133484
452,152.9,4.60155963897705
453,153.1,8141.94189453125
454,153.2,10534.7509765625
455,153.3,44.6365966796875
456,153.5,0.261669188737869
457,153.8,0.438947737216949
458,154.0,16.3209171295166
459,154.2,11363.591796875
460,154.3,193.338729858398
461,154.6,0.34408101439476
462,154.8,1.03003144264221
463,155.0,22.3997211456299
464,155.2,22774.96875
465,155.3,37.7990913391113
466,155.5,0.346409022808075
467,155.7,0.135956227779388
468,155.9,4.51938056945801
469,156.1,2468.85668945313
470,156.2,13129.9345703125
471,156.4,2.58409953117371
472,156.5,0.715632617473602
473,156.8,1.82865786552429
474,157.0,19.092306137085
475,157.1,2428.30395507813
476,157.2,11324.435546875
477,157.4,1.91083693504333
478,157.6,0.513793528079987
479,157.8,1.08753347396851
480,158.0,11.8419275283813
481,158.1,2441.12670898438
482,158.2,6773.3740234375
483,158.4,1.98032820224762
484,158.6,0.306134313344955
485,158.8,2.48597359657288
486,159.0,30.6416015625
487,159.2,12319.853515625
488,159.3,8.34850406646729
489,159.5,0.303224295377731
490,159.7,0.32999649643898
491,159.9,374.931213378906
492,160.1,3003.7099609375
493,160.2,4758.25634765625
494,160.4,1.02898383140564
495,160.7,0.500290989875793
496,160.9,5.37166786193848
497,161.1,4637.576171875
498,161.2,6838.55322265625
499,161.4,1.16575491428375
500,161.6,0.14142706990242
501,161.8,1.06681406497955
502,162.0,120.553604125977
503,162.2,7203.8466796875
504,162.3,33.6157608032227
505,162.5,0.287859380245209
506,162.7,0.954836428165436
507,162.9,14.2325687408447
508,163.1,3054.23266601563
509,163.2,8521.369140625
510,163.4,0.490746140480042
511,163.6,0.292515426874161
512,163.8,0.905482470989227
513,164.0,8.76230907440186
514,164.2,7236.93505859375
515,164.3,86.107551574707
516,164.5,0.137469440698624
517,164.7,0.575369596481323
518,164.9,6.64241647720337
519,165.1,15953.5400390625
520,165.2,16488.958984375
521,165.4,1.07379817962646
522,165.5,0.418926775455475
523,165.8,0.791060388088226
524,166.0,9.64579200744629
525,166.1,4382.01708984375
526,166.2,8535.6494140625
527,166.4,1.44115936756134
528,166.7,0.439878940582275
529,166.9,4.14026308059692
530,167.1,2722.57348632813
531,167.2,12494.025390625
532,167.4,3.86031889915466
533,167.7,0.189151436090469
534,167.9,2.50832271575928
535,168.1,2103.83984375
536,168.2,8997.779296875
537,168.4,3.51460838317871
538,168.7,0.462111502885818
539,168.9,3.30066347122192
540,169.1,1074.91125488281
541,169.2,15841.0576171875
542,169.4,3.96240258216858
543,169.6,0.28203934431076
544,169.8,1.05424284934998
545,170.0,13.1436386108398
546,170.2,12628.8359375
547,170.3,102.203582763672
548,170.5,0.347456634044647
549,170.7,0.668373882770538
550,170.9,5.05878257751465
551,171.1,2947.00415039063
552,171.2,8781.568359375
553,171.4,1.48318004608154
554,171.5,0.500873029232025
555,171.8,1.21650564670563
556,172.0,10.0016298294067
557,172.1,1899.29455566406
558,172.2,5502.7080078125
559,172.4,1.80479574203491
560,172.6,0.204167157411575
561,172.8,1.13141655921936
562,173.0,11.7052726745605
563,173.2,9655.0576171875
564,173.3,18.6304264068604
565,173.6,0.441857755184174
566,173.8,0.992201149463654
567,174.0,12.842625617981
568,174.2,6922.517578125
569,174.3,26.159818649292
570,174.5,0.284134566783905
571,174.8,0.649051308631897
572,175.0,6.97113275527954
573,175.2,9456.8974609375
574,175.3,48.0838088989258
575,175.5,0.255849152803421
576,175.8,1.56768715381622
577,176.0,8.34605979919434
578,176.2,10409.1865234375
579,176.3,81.8990783691406
580,176.5,0.512047469615936
581,176.8,2.29042029380798
582,177.0,15.9955768585205
583,177.2,8734.8974609375
584,177.3,106.56477355957
585,177.5,0.261203587055206
586,177.7,0.339774191379547
587,177.9,4.65661716461182
588,178.1,6904.3623046875
589,178.2,13209.32421875
590,178.3,112.172622680664
591,178.6,0.541846096515656
592,178.8,1.8895355463028
593,179.0,19.3756256103516
594,179.2,19258.626953125
595,179.3,155.35920715332
596,179.5,0.655453383922577
597,179.7,0.161913633346558
598,179.9,3.40332913398743
599,180.1,1584.00061035156
600,180.2,10322.1669921875
601,180.3,239.647308349609
602,180.5,0.608427405357361
603,180.8,1.22092890739441
604,181.0,26.0325927734375
605,181.2,17052.587890625
606,181.3,75.1614456176758
607,181.5,0.766616225242615
608,181.8,0.926900267601013
609,182.0,24.3383769989014
610,182.2,11511.845703125
611,182.3,315.732391357422
612,182.5,0.211267605423927
613,182.7,0.51449191570282
614,182.8,0.898847639560699
615,183.0,12.9331855773926
616,183.2,12171.9169921875
617,183.3,121.22046661377
618,183.5,0.801420092582703
619,183.8,1.04493069648743
620,184.0,12.6624374389648
621,184.2,11447.099609375
622,184.3,97.6927032470703
623,184.5,0.600744962692261
624,184.8,1.04330110549927
625,185.0,9.55406856536865
626,185.2,8841.3076171875
627,185.3,29.4352226257324
628,185.5,0.361424744129181
629,185.7,0.368990808725357
630,185.9,2.7442672252655
631,186.1,1485.15270996094
632,186.2,4618.51123046875
633,186.3,31.4699096679688
634,186.5,0.557327449321747
635,186.8,1.17076015472412
636,187.0,7.51390981674194
637,187.2,8936.4287109375
638,187.3,35.4693298339844
639,187.5,0.0679781138896942
640,187.6,0.24979630112648
641,187.8,0.745314836502075
642,188.0,5.91886854171753
643,188.2,6379.78515625
644,188.3,81.2346649169922
645,188.5,0.517169117927551
646,188.8,1.54859733581543
647,189.0,13.7137699127197
648,189.2,18921.5546875
649,189.3,86.7076034545898
650,189.5,0.322779655456543
651,189.7,0.416133165359497
652,189.8,0.683506011962891
653,190.0,6.63217306137085
654,190.2,10466.611328125
655,190.3,202.542083740234
656,190.5,0.267023622989655
657,190.7,0.656733810901642
658,190.9,13.2012567520142
659,191.1,1215.517578125
660,191.2,18185.107421875
661,191.4,4.54301023483276
662,191.6,0.496216982603073
663,191.8,1.69724130630493
664,191.9,1072.78698730469
665,192.2,14564.68359375
666,192.3,162.921081542969
667,192.5,1.03957629203796
668,192.8,3.30345702171326
669,193.0,87.641487121582
670,193.2,15394.099609375
671,193.3,147.67756652832
672,193.5,0.824583888053894
673,193.8,2.14375519752502
674,193.9,271.310333251953
675,194.2,13877.8046875
676,194.3,272.419494628906
677,194.5,0.490862518548965
678,194.7,0.868466973304749
679,194.9,10.9504127502441
680,195.1,1782.72143554688
681,195.2,17563.931640625
682,195.3,76.9826583862305
683,195.6,0.67791873216629
684,195.7,0.0905598849058151
685,195.9,6.70585489273071
686,196.1,528.451049804688
687,196.2,12108.9833984375
688,196.4,7.97695255279541
689,196.6,0.584565222263336
690,196.9,4.54580354690552
691,197.1,3596.02001953125
692,197.2,9603.9677734375
693,197.4,7.54906320571899
694,197.7,0.46758234500885
695,197.9,3.38668370246887
696,198.1,3818.74194335938
697,198.2,6224.85595703125
698,198.4,4.15248537063599
699,198.6,0.235129788517952
700,198.8,0.985682666301727
701,199.0,9.29461097717285
702,199.2,7044.43701171875
703,199.3,56.0244445800781
704,199.5,0.206029564142227
705,199.7,0.364334762096405
706,199.9,2.7064368724823
707,200.1,2415.08081054688
708,200.2,4710.08056640625
709,200.4,2.00605273246765
710,200.7,0.389477372169495
711,200.9,2.06262373924255
712,201.1,962.332580566406
713,201.2,6485.9375
714,201.4,2.12361764907837
715,201.7,0.55418461561203
716,201.9,5.00547075271606
717,202.1,5036.025390625
718,202.2,11597.642578125
719,202.4,2.86078453063965
720,202.6,0.181934580206871
721,202.8,1.10406243801117
722,203.0,11.6776857376099
723,203.2,13187.65625
724,203.3,137.778137207031
725,203.5,0.636596441268921
726,203.7,0.191479459404945
727,203.9,2.34559416770935
728,204.1,995.122314453125
729,204.2,7801.16943359375
730,204.4,3.72052145004272
731,204.6,0.211267605423927
732,204.8,1.4197416305542
733,205.0,11.4474449157715
734,205.2,13742.9384765625
735,205.3,175.728897094727
736,205.4,6.53975105285645
737,205.7,0.426027238368988
738,205.9,3.36386919021606
739,206.0,6.40379476547241
740,206.2,13150.75
741,206.3,233.729248046875
742,206.6,0.736468374729156
743,206.8,0.526364803314209
744,207.0,84.463623046875
745,207.2,15484.7314453125
746,207.3,92.4706115722656
747,207.5,0.142474681138992
748,207.7,0.340821802616119
749,207.9,9.04784107208252
750,208.1,1212.81799316406
751,208.2,14040.5986328125
752,208.4,5.6911883354187
753,208.6,0.967407763004303
754,208.7,0.416249573230743
755,208.9,10.7276220321655
756,209.1,570.997314453125
757,209.2,16257.5478515625
758,209.4,6.46048212051392
759,209.7,0.405773490667343
760,209.9,4.63380289077759
761,210.1,483.8095703125
762,210.2,11084.2255859375
763,210.4,12.610405921936
764,210.5,1.23780703544617
765,210.7,0.846932828426361
766,210.9,12.808985710144
767,211.1,3857.912109375
768,211.2,8832.787109375
769,211.3,120.034103393555
770,211.5,1.16005122661591
771,211.7,0.330229312181473
772,211.9,3.42765688896179
773,212.1,3617.59936523438
774,212.2,5849.71630859375
775,212.4,7.61855411529541
776,212.7,0.974275410175323
777,212.9,10.007682800293
778,213.1,2262.82177734375
779,213.2,6854.80224609375
780,213.4,2.0530788898468
781,213.7,0.584099650382996
782,213.9,22.963565826416
783,214.1,1000.38354492188
784,214.2,4445.20263671875
785,214.4,2.37946677207947
786,214.7,0.954138040542603
787,214.9,19.8556632995605
788,215.0,36.6568489074707
789,215.2,15845.966796875
790,215.3,118.054473876953
791,215.5,0.245838671922684
792,215.7,0.422418802976608
793,215.9,23.0836925506592
794,216.1,1049.34692382813
795,216.2,8818.927734375
796,216.4,2.36759400367737
797,216.7,0.724595487117767
798,216.9,7.25096035003662
799,217.1,141.729248046875
800,217.2,10200.7431640625
801,217.4,4.15690851211548
802,217.7,0.450937032699585
803,217.9,14.1650562286377
804,218.1,455.565948486328
805,218.2,8799.8271484375
806,218.4,5.90222311019897
807,218.7,0.59853333234787
808,218.8,0.823070645332336
809,219.0,11.8176002502441
810,219.2,11008.580078125
811,219.3,230.12873840332
812,219.5,0.542428135871887
813,219.7,0.219997674226761
814,219.9,4.33779525756836
815,220.1,163.156204223633
816,220.2,11200.625
817,220.3,235.437194824219
818,220.5,0.974740982055664
819,220.8,1.99324870109558
820,221.0,17.451286315918
821,221.2,12433.6904296875
822,221.3,173.534973144531
823,221.4,10.5737400054932
824,221.6,0.542195320129395
825,221.9,2.67268061637878
826,222.1,211.788269042969
827,222.2,11096.947265625
828,222.4,14.7385635375977
829,222.6,0.472354799509048
830,222.8,1.99743914604187
831,223.0,17.1685485839844
832,223.2,11812.1376953125
833,223.3,97.7254104614258
834,223.4,15.754976272583
835,223.6,1.15073919296265
836,223.9,23.0185070037842
837,224.1,676.950439453125
838,224.2,9567.5966796875
839,224.4,19.4411602020264
840,224.6,1.33057856559753
841,224.8,1.82144105434418
842,225.0,16.7005004882813
843,225.2,9380.2255859375
844,225.3,194.622634887695
845,225.5,1.51297867298126
846,225.7,0.397276222705841
847,225.9,7.40926551818848
848,226.1,3126.3896484375
849,226.2,9292.8837890625
850,226.3,212.759872436523
851,226.5,0.327784895896912
852,226.7,0.952974021434784
853,226.9,5.93330240249634
854,227.1,866.817016601563
855,227.2,7119.04052734375
856,227.3,178.33757019043
857,227.5,0.70690256357193
858,227.8,1.48771965503693
859,228.0,11.9548368453979
860,228.2,9615.6181640625
861,228.3,331.202667236328
862,228.5,0.554650187492371
863,228.7,0.638458847999573
864,228.9,6.24537324905396
865,229.1,404.544067382813
866,229.2,10809.744140625
867,229.4,5.487952709198
868,229.6,0.686765193939209
869,229.9,4.0423698425293
870,230.1,465.205444335938
871,230.2,9805.5068359375
872,230.4,4.98964023590088
873,230.5,0.796996831893921
874,230.7,0.290885806083679
875,230.9,4.59096717834473
876,231.1,142.707244873047
877,231.2,11042.8173828125
878,231.4,9.37585830688477
879,231.7,0.303340703248978
880,231.9,3.06984043121338
881,232.1,295.363647460938
882,232.2,9914.9287109375
883,232.4,8.95169353485107
884,232.7,0.678617179393768
885,232.9,4.68269109725952
886,233.0,13.1918287277222
887,233.2,8926.6533203125
888,233.3,277.653228759766
889,233.5,1.10639035701752
890,233.8,0.815155386924744
891,234.0,5.32825040817261
892,234.2,10141.5283203125
893,234.3,246.733551025391
894,234.5,0.803515315055847
895,234.7,0.650331735610962
896,234.9,2.72925162315369
897,235.0,3.79338836669922
898,235.2,9533.3349609375
899,235.3,219.214172363281
900,235.5,1.21708762645721
901,235.8,0.699336528778076
902,236.0,4.64416265487671
903,236.2,8336.08984375
904,236.3,308.575378417969
905,236.5,0.877197086811066
906,236.7,1.03201019763947
907,236.9,5.16226291656494
908,237.1,216.009658813477
909,237.2,8762.166015625
910,237.4,12.6981725692749
911,237.6,0.624723553657532
912,237.9,1.42672562599182
913,238.1,185.52717590332
914,238.2,7368.7236328125
915,238.4,24.6613903045654
916,238.7,0.599348127841949
917,238.9,4.35327672958374
918,239.0,8.97543907165527
919,239.2,11497.6142578125
920,239.3,370.875457763672
921,239.5,2.90187406539917
922,239.8,0.963682949542999
923,240.0,6.89023399353027
924,240.2,7812.19970703125
925,240.3,487.89990234375
926,240.5,1.36538243293762
927,240.8,1.50238621234894
928,241.0,8.18472862243652
929,241.2,7708.5302734375
930,241.3,279.816314697266
931,241.5,0.846001625061035
932,241.8,1.06367123126984
933,242.0,5.81736707687378
934,242.2,7511.814453125
935,242.3,450.775695800781
936,242.5,0.562332689762115
937,242.7,0.521708786487579
938,242.8,0.63904082775116
939,243.0,6.74612951278687
940,243.2,8358.794921875
941,243.3,303.801300048828
942,243.5,0.967524170875549
943,243.7,0.226865321397781
944,243.9,2.37178444862366
945,244.1,183.949829101563
946,244.2,10059.43359375
947,244.3,526.164245605469
948,244.5,0.826446294784546
949,244.7,0.786753594875336
950,244.9,3.36992192268372
951,245.1,84.8226013183594
952,245.2,12019.4208984375
953,245.4,14.212664604187
954,245.6,0.248283088207245
955,245.8,0.545803725719452
956,246.0,5.84972667694092
957,246.2,9368.966796875
958,246.3,567.640563964844
959,246.5,1.10103595256805
960,246.8,0.853567659854889
961,247.0,5.84041452407837
962,247.1,174.583053588867
963,247.2,8821.958984375
964,247.4,22.300895690918
965,247.6,0.27517169713974
966,247.8,1.01420092582703
967,247.9,25.633337020874
968,248.2,8861.078125
969,248.3,318.222564697266
970,248.5,2.01012682914734
971,248.8,3.19718313217163
972,249.0,20.8249340057373
973,249.2,7424.86669921875
974,249.3,342.241180419922
975,249.4,22.3618907928467
976,249.6,0.377255260944366
977,249.8,2.22919344902039
978,249.9,41.441276550293
979,250.2,7960.67333984375
980,250.3,447.236877441406
981,250.5,2.07449650764465
982,250.8,4.38668394088745
983,251.0,24.5583744049072
984,251.2,6246.6259765625
985,251.3,215.858108520508
986,251.5,2.33360505104065
987,251.6,0.885810732841492
988,251.9,26.5009899139404
989,252.1,286.664886474609
990,252.2,9180.693359375
991,252.3,731.707458496094
992,252.5,3.83878469467163
993,252.7,0.949831247329712
994,252.9,9.1038293838501
995,253.1,200.440811157227
996,253.2,6914.88037109375
997,253.3,631.608642578125
998,253.5,1.6488184928894
999,253.6,1.09603071212769
1000,253.9,10.2651615142822
1001,254.1,425.96484375
1002,254.2,5672.88671875
1003,254.3,810.886047363281
1004,254.5,1.07426381111145
1005,254.7,0.518915116786957
1006,254.9,4.77208709716797
1007,255.0,7.36992216110229
1008,255.2,6483.66064453125
1009,255.3,418.227447509766
1010,255.5,4.93015956878662
1011,255.8,415.122344970703
1012,255.9,442.551849365234
1013,256.2,7338.416015625
1014,256.3,543.579895019531
1015,256.5,1.18973338603973
1016,256.8,14.410662651062
1017,256.9,39.2319869995117
1018,257.1,28.1811199188232
1019,257.2,7631.9736328125
1020,257.4,24.0805492401123
1021,257.5,2.85286927223206
1022,257.7,0.309626340866089
1023,257.9,280.8974609375
1024,258.1,240.332901000977
1025,258.2,10308.623046875
1026,258.4,17.4443016052246
1027,258.6,0.432545691728592
1028,258.9,12.5838670730591
1029,259.1,28.1637763977051
1030,259.2,10073.0322265625
1031,259.4,27.7427539825439
1032,259.6,0.904551267623901
1033,259.8,8.89454078674316
1034,259.9,65.2337341308594
1035,260.2,7991.20556640625
1036,260.3,772.222229003906
1037,260.5,1.71633100509644
1038,260.8,1.10592484474182
1039,261.0,5.34210205078125
1040,261.2,7124.8828125
1041,261.3,711.290283203125
1042,261.5,2.36410188674927
1043,261.8,1.47270393371582
1044,261.9,21.5075073242188
1045,262.2,7279.603515625
1046,262.3,611.975219726563
1047,262.5,2.15178680419922
1048,262.7,0.368408799171448
1049,262.9,5.47002696990967
1050,263.1,107.307876586914
1051,263.2,7631.6201171875
1052,263.4,34.8323822021484
1053,263.6,0.462344318628311
1054,263.8,2.19369101524353
1055,264.0,6.58700942993164
1056,264.2,5749.6787109375
1057,264.3,845.468017578125
1058,264.4,45.6964263916016
1059,264.7,1.03445470333099
1060,264.9,12.1678504943848
1061,265.1,153.262710571289
1062,265.2,7469.40380859375
1063,265.4,22.7808170318604
1064,265.6,1.00989413261414
1065,265.9,3.55709457397461
1066,266.1,106.13549041748
1067,266.2,7883.59375
1068,266.4,54.7394943237305
1069,266.6,1.17064368724823
1070,266.8,10.2485160827637
1071,267.0,112.787567138672
1072,267.2,5491.93115234375
1073,267.3,758.405883789063
1074,267.5,1.59434294700623
1075,267.8,4.34477949142456
1076,268.0,32.0825271606445
1077,268.2,5783.16650390625
1078,268.3,1075.90368652344
1079,268.5,2.00488877296448
1080,268.8,5.7171459197998
1081,269.0,37.9610061645508
1082,269.2,5838.5908203125
1083,269.3,481.022338867188
1084,269.4,15.0015134811401
1085,269.6,0.62286114692688
1086,269.8,1.96298456192017
1087,270.0,9.56431102752686
1088,270.2,6491.34375
1089,270.3,709.705139160156
1090,270.5,1.25200796127319
1091,270.7,2.27598643302917
1092,270.9,14.8839483261108
1093,271.1,129.203125
1094,271.2,7317.9248046875
1095,271.4,17.925386428833
1096,271.7,0.817367017269135
1097,271.9,3.54114770889282
1098,272.0,5.22628355026245
1099,272.2,7759.884765625
1100,272.3,779.798156738281
1101,272.5,1.96717500686646
1102,272.8,1.50075662136078
1103,273.0,7.80083799362183
1104,273.2,6705.2880859375
1105,273.3,667.456665039063
1106,273.5,1.90862536430359
1107,273.7,0.269118845462799
1108,273.9,1.79629850387573
1109,274.1,68.9278335571289
1110,274.2,7347.9599609375
1111,274.4,62.3304634094238
1112,274.6,1.39133977890015
1113,274.8,0.998486816883087
1114,275.0,6.70783376693726
1115,275.2,4732.9375
1116,275.3,808.252014160156
1117,275.4,53.0451622009277
1118,275.6,0.962984502315521
1119,275.9,1.98032820224762
1120,276.1,114.490516662598
1121,276.2,6658.88623046875
1122,276.3,956.794555664063
1123,276.5,2.73402404785156
1124,276.7,0.963217318058014
1125,276.9,2.36095905303955
1126,277.1,39.2910003662109
1127,277.2,5447.24853515625
1128,277.4,57.1796073913574
1129,277.6,0.545105338096619
1130,277.8,0.271796077489853
1131,278.0,2.96321725845337
1132,278.2,4359.51318359375
1133,278.3,1467.15051269531
1134,278.5,3.71737861633301
1135,278.7,0.741357207298279
1136,278.8,0.52217435836792
1137,279.0,5.03026437759399
1138,279.2,4534.896484375
1139,279.3,739.613403320313
1140,279.4,34.4198570251465
1141,279.6,1.20847404003143
1142,279.9,1.61343264579773
1143,280.1,28.790943145752
1144,280.2,6805.5732421875
1145,280.4,71.6211166381836
1146,280.6,2.77360033988953
1147,280.9,21.6928176879883
1148,281.1,564.0498046875
1149,281.2,6232.12451171875
1150,281.4,16.5688514709473
1151,281.5,0.441275745630264
1152,281.8,4.13653802871704
1153,282.0,49.7969970703125
1154,282.2,5591.81298828125
1155,282.3,1151.4482421875
1156,282.5,1.01664531230927
1157,282.7,2.00407409667969
1158,282.9,18.0246772766113
1159,283.1,124.258407592773
1160,283.2,5291.98291015625
1161,283.4,24.7571868896484
1162,283.6,0.884297549724579
1163,283.9,5.46176242828369
1164,284.1,109.795021057129
1165,284.2,6375.21044921875
1166,284.4,41.1971817016602
1167,284.6,0.988359928131104
1168,284.8,6.77301836013794
1169,285.0,53.6959609985352
1170,285.2,5682.29541015625
1171,285.3,588.082763671875
1172,285.5,1.31253635883331
1173,285.8,2.57269239425659
1174,286.0,12.0703058242798
1175,286.2,5884.505859375
1176,286.3,999.284851074219
1177,286.5,2.64707255363464
1178,286.8,3.1720404624939
1179,287.0,18.4324283599854
1180,287.2,4897.080078125
1181,287.3,861.048278808594
1182,287.5,1.35537195205688
1183,287.7,0.547898948192596
1184,287.9,1.77674305438995
1185,288.1,19.0059356689453
1186,288.2,5820.26513671875
1187,288.4,114.119773864746
1188,288.7,1.91432893276215
1189,288.8,3.12361764907837
1190,289.0,29.0394592285156
1191,289.2,3542.37036132813
1192,289.3,1107.22570800781
1193,289.5,2.7404260635376
1194,289.8,0.955418467521667
1195,290.0,8.42311763763428
1196,290.1,53.9631004333496
1197,290.2,4882.27294921875
1198,290.4,81.1620330810547
1199,290.5,3.56640672683716
1200,290.8,1.37434530258179
1201,291.0,5.75346279144287
1202,291.2,2622.59204101563
1203,291.3,1293.22717285156
1204,291.5,5.57606792449951
1205,291.7,0.609009444713593
1206,291.9,6.23408222198486
1207,292.1,13.105110168457
1208,292.2,4528.47216796875
1209,292.4,101.788612365723
1210,292.5,4.95565128326416
1211,292.7,0.80502849817276
1212,292.9,5.46560335159302
1213,293.1,30.6734962463379
1214,293.2,3426.04028320313
1215,293.4,54.5332336425781
1216,293.5,6.06681394577026
1217,293.8,5.12035846710205
1218,293.9,11.5473165512085
1219,294.2,3672.642578125
1220,294.3,1767.05505371094
1221,294.5,6.55488300323486
1222,294.8,2.58538007736206
1223,295.0,7.62600374221802
1224,295.2,3006.15576171875
1225,295.3,1215.19812011719
1226,295.5,5.02269840240479
1227,295.8,5.12932157516479
1228,295.9,9.66488170623779
1229,296.2,3860.31958007813
1230,296.3,1357.83984375
1231,296.5,2.91165161132813
1232,296.8,3.36061000823975
1233,297.0,13.0946340560913
1234,297.2,3115.42211914063
1235,297.3,823.278991699219
1236,297.5,2.9541380405426
1237,297.7,0.803980886936188
1238,297.9,5.34035634994507
1239,298.1,20.3602600097656
1240,298.2,4966.12548828125
1241,298.4,74.2176666259766
1242,298.6,0.364101976156235
1243,298.8,1.62623679637909
1244,299.0,9.68653202056885
1245,299.2,3628.42504882813
1246,299.3,814.538818359375
1247,299.5,3.07170295715332
1248,299.7,10.5645446777344
1249,299.8,11.0750789642334
1250,300.0,2.88778948783875
1251,300.2,4175.79052734375
1252,300.3,1321.87902832031
1253,300.5,2.49947619438171
1254,300.8,0.842625975608826
1255,301.0,4.97916412353516
1256,301.2,3024.11645507813
1257,301.3,1162.0087890625
1258,301.5,3.54103136062622
1259,301.7,1.64346408843994
1260,301.9,3.01408457756042
1261,302.1,15.4969158172607
1262,302.2,4753.52880859375
1263,302.4,236.888946533203
1264,302.5,4.00744962692261
1265,302.7,0.308695137500763
1266,302.9,2.0685601234436
1267,303.1,12.8563613891602
1268,303.2,3121.52783203125
1269,303.4,147.670120239258
1270,303.6,1.46816432476044
1271,303.8,3.01827502250671
1272,303.9,6.23862171173096
1273,304.2,2130.81494140625
1274,304.3,1688.09887695313
1275,304.5,6.56780338287354
1276,304.8,0.962286114692688
1277,305.0,2.76684904098511
1278,305.2,1482.24194335938
1279,305.3,1482.97290039063
1280,305.5,9.83552551269531
1281,305.8,2.80421376228333
1282,305.9,5.46420669555664
1283,306.2,1626.00256347656
1284,306.3,1979.78649902344
1285,306.4,157.197067260742
1286,306.6,1.19718313217163
1287,306.8,0.589803278446198
1288,307.0,2.70783376693726
1289,307.2,1312.75231933594
1290,307.3,1214.80712890625
1291,307.5,7.02037000656128
1292,307.6,1.57280874252319
1293,307.9,2.72657442092896
1294,308.1,6.46199512481689
1295,308.2,1925.50500488281
1296,308.3,1824.43566894531
1297,308.5,8.82120800018311
1298,308.8,0.96717494726181
1299,309.0,2.89535570144653
1300,309.2,1434.80554199219
1301,309.3,1291.88098144531
1302,309.5,8.11733245849609
1303,309.7,0.574554741382599
1304,309.9,0.976836204528809
1305,310.1,9.01548099517822
1306,310.2,3805.072265625
1307,310.4,148.064834594727
1308,310.6,0.565009891986847
1309,310.8,1.39529740810394
1310,310.9,1.90781044960022
1311,311.1,12.8510065078735
1312,311.2,1736.96472167969
1313,311.3,964.457824707031
1314,311.5,2.40938186645508
1315,311.6,0.981026649475098
1316,311.9,1.36724483966827
1317,312.1,4.95949268341064
1318,312.2,2202.708984375
1319,312.3,1382.294921875
1320,312.5,4.68781280517578
1321,312.8,1.18437898159027
1322,313.0,3.85915493965149
1323,313.2,1788.89404296875
1324,313.3,1170.23962402344
1325,313.5,5.2335000038147
1326,313.6,0.612268626689911
1327,313.9,1.13164937496185
1328,314.0,1.21429407596588
1329,314.2,2237.5458984375
1330,314.3,1785.13732910156
1331,314.5,3.36608076095581
1332,314.8,0.940635561943054
1333,315.0,2.91188454627991
1334,315.2,1362.13720703125
1335,315.3,1635.13830566406
1336,315.5,7.1672682762146
1337,315.6,0.992433965206146
1338,315.9,0.958561301231384
1339,316.1,4.38598537445068
1340,316.3,3565.98852539063
1341,316.4,365.092407226563
1342,316.6,0.774997115135193
1343,316.9,0.723082304000854
1344,317.1,5.15981864929199
1345,317.3,2248.48022460938
1346,317.4,215.507736206055
1347,317.6,0.473635196685791
1348,317.8,0.612501442432404
1349,318.0,1.89279472827911
1350,318.2,1062.01513671875
1351,318.3,1776.64306640625
1352,318.4,178.003372192383
1353,318.6,0.899429619312286
1354,318.9,0.961587727069855
1355,319.1,5.34966802597046
1356,319.2,658.913391113281
1357,319.3,1562.662109375
1358,319.5,12.7492723464966
1359,319.8,0.300547093153
1360,320.0,1.62844836711884
1361,320.2,801.4736328125
1362,320.3,2207.02270507813
1363,320.5,13.6599931716919
1364,320.8,0.472936809062958
1365,321.0,1.4580374956131
1366,321.2,674.513549804688
1367,321.3,1262.95874023438
1368,321.5,10.2990341186523
1369,321.6,1.68117797374725
1370,321.9,0.827493906021118
1371,322.0,0.713653802871704
1372,322.2,1015.15960693359
1373,322.3,1680.48657226563
1374,322.4,265.16796875
1375,322.6,1.04039108753204
1376,322.8,1.045978307724
1377,323.0,3.10813641548157
1378,323.2,558.443969726563
1379,323.3,1087.21325683594
1380,323.4,293.794097900391
1381,323.6,1.49260854721069
1382,323.9,1.82877433300018
1383,324.1,6.55302047729492
1384,324.3,2569.71459960938
1385,324.4,228.146896362305
1386,324.7,2.93563032150269
1387,324.8,3.71411943435669
1388,325.0,24.2635307312012
1389,325.2,902.546508789063
1390,325.3,918.271911621094
1391,325.4,133.979751586914
1392,325.6,0.825864255428314
1393,325.8,1.9500640630722
1394,326.0,7.43650341033936
1395,326.2,1181.19323730469
1396,326.3,1585.14111328125
1397,326.5,5.20544767379761
1398,326.7,4.86194849014282
1399,326.9,30.0062847137451
1400,327.1,80.6272811889648
1401,327.3,2048.65405273438
1402,327.4,104.651847839355
1403,327.7,1.62123155593872
1404,327.9,6.91316509246826
1405,328.1,17.6967754364014
1406,328.3,2791.7177734375
1407,328.4,291.438934326172
1408,328.5,7.1180305480957
1409,328.7,0.823303461074829
1410,328.9,7.89465713500977
1411,329.0,8.34780597686768
1412,329.2,535.059692382813
1413,329.3,1627.69689941406
1414,329.5,12.7953672409058
1415,329.7,0.586544036865234
1416,329.9,1.60819458961487
1417,330.0,2.05808401107788
1418,330.2,701.529968261719
1419,330.3,2365.82568359375
1420,330.5,11.2944946289063
1421,330.7,1.77441513538361
1422,330.9,2.70131540298462
1423,331.1,9.28960514068604
1424,331.3,1660.44848632813
1425,331.4,262.317901611328
1426,331.6,1.12478172779083
1427,331.9,1.25247347354889
1428,332.1,5.19613552093506
1429,332.3,2210.19897460938
1430,332.4,265.983581542969
1431,332.6,1.37935042381287
1432,332.9,1.33895933628082
1433,333.1,3.68129444122314
1434,333.2,206.017807006836
1435,333.3,1503.20080566406
1436,333.5,20.1899662017822
1437,333.8,0.858922123908997
1438,334.0,1.25561630725861
1439,334.2,327.481201171875
1440,334.3,1753.53210449219
1441,334.4,360.467102050781
1442,334.6,1.80293333530426
1443,334.9,1.10185074806213
1444,335.1,3.6566174030304
1445,335.3,1282.54809570313
1446,335.4,223.974624633789
1447,335.6,2.60644865036011
1448,335.9,1.17122566699982
1449,336.1,2.6947968006134
1450,336.2,410.743347167969
1451,336.3,1918.35290527344
1452,336.5,18.3862190246582
1453,336.8,0.637993276119232
1454,337.0,1.64963328838348
1455,337.2,211.826446533203
1456,337.3,1258.57775878906
1457,337.5,19.7833786010742
1458,337.6,2.86194849014282
1459,337.8,2.4883017539978
1460,337.9,2.00034928321838
1461,338.2,397.841583251953
1462,338.3,1348.06091308594
1463,338.4,361.102081298828
1464,338.7,1.37353038787842
1465,338.9,2.2713303565979
1466,339.1,7.98952388763428
1467,339.3,1192.75366210938
1468,339.4,201.663604736328
1469,339.7,1.8586893081665
1470,339.8,4.38028192520142
1471,340.1,4.73332548141479
1472,340.2,390.362579345703
1473,340.3,1681.08349609375
1474,340.5,13.4992437362671
1475,340.8,10.6596441268921
1476,341.0,86.538932800293
1477,341.2,680.77734375
1478,341.3,1077.48034667969
1479,341.5,6.09835863113403
1480,341.7,2.03922700881958
1481,341.9,13.1411943435669
1482,342.1,40.4085655212402
1483,342.3,2096.58813476563
1484,342.4,361.499237060547
1485,342.6,1.60621583461761
1486,342.8,5.0426025390625
1487,343.0,23
1488,343.2,197.761383056641
1489,343.3,1467.09692382813
1490,343.5,15.9575138092041
1491,343.8,1.63217318058014
1492,344.0,4.64765453338623
1493,344.1,4.62600374221802
1494,344.3,1900.56176757813
1495,344.4,515.698425292969
1496,344.7,3.50925397872925
1497,344.9,12.1884527206421
1498,345.1,32.5158882141113
1499,345.2,118.879760742188
1500,345.3,1429.7490234375
1501,345.5,24.4770107269287
1502,345.8,1.84157836437225
1503,346.0,6.00779867172241
1504,346.2,117.672218322754
1505,346.3,1907.80773925781
1506,346.5,22.1627292633057
1507,346.6,2.22116160392761
1508,346.8,0.757187783718109
1509,347.0,4.8324990272522
1510,347.2,70.4598999023438
1511,347.3,981.979736328125
1512,347.4,345.042846679688
1513,347.6,2.11302518844604
1514,347.8,0.872191846370697
1515,348.0,2.06064486503601
1516,348.2,101.29402923584
1517,348.3,1904.15393066406
1518,348.5,30.0038414001465
1519,348.6,2.1637761592865
1520,348.9,3.5034339427948
1521,349.0,2.63613080978394
1522,349.2,84.5526733398438
1523,349.3,1122.65551757813
1524,349.5,21.9860324859619
1525,349.6,3.64020490646362
1526,349.8,0.581306040287018
1527,350.0,2.0379467010498
1528,350.1,2.15423107147217
1529,350.3,1380.09167480469
1530,350.4,559.406799316406
1531,350.6,2.97031784057617
1532,350.7,0.753113746643066
1533,351.0,1.84425556659698
1534,351.2,68.8875579833984
1535,351.3,1115.0712890625
1536,351.5,34.7817497253418
1537,351.6,3.93644499778748
1538,351.8,0.43533930182457
1539,352.0,1.32685363292694
1540,352.2,140.430679321289
1541,352.3,1080.76391601563
1542,352.4,493.158874511719
1543,352.6,1.28692817687988
1544,352.8,0.535211265087128
1545,353.0,1.71190786361694
1546,353.2,97.8170166015625
1547,353.3,973.248046875
1548,353.5,19.5432434082031
1549,353.7,0.781166315078735
1550,354.0,1.08439064025879
1551,354.2,115.190895080566
1552,354.3,1477.85241699219
1553,354.5,19.9922008514404
1554,354.8,6.93749284744263
1555,355.0,56.7723197937012
1556,355.2,488.988250732422
1557,355.3,1050.92541503906
1558,355.5,4.33011293411255
1559,355.7,1.187056183815
1560,355.9,7.23617744445801
1561,356.1,38.0987091064453
1562,356.2,106.664413452148
1563,356.3,1852.537109375
1564,356.5,16.7618446350098
1565,356.8,2.55406832695007
1566,357.0,14.4969158172607
1567,357.2,107.327438354492
1568,357.3,1247.47338867188
1569,357.5,24.5905017852783
1570,357.8,1.46909558773041
1571,357.9,1.29868471622467
1572,358.1,6.6296124458313
1573,358.2,40.236759185791
1574,358.3,1877.6513671875
1575,358.5,46.716796875
1576,358.6,4.4384822845459
1577,358.8,1.62844836711884
1578,359.0,15.8582239151001
1579,359.2,67.594108581543
1580,359.3,1166.90856933594
1581,359.5,35.4154357910156
1582,359.8,2.45722270011902
1583,360.0,5.01943874359131
1584,360.2,42.2713317871094
1585,360.3,1619.63793945313
1586,360.5,42.1124420166016
1587,360.8,1.33395409584045
1588,361.0,4.14259099960327
1589,361.2,31.8717269897461
1590,361.3,1044.36389160156
1591,361.5,35.9419174194336
1592,361.8,1.5458037853241
1593,362.0,2.04062390327454
1594,362.2,22.8918628692627
1595,362.3,1632.54943847656
1596,362.5,44.1940383911133
1597,362.7,0.893144011497498
1598,362.9,3.85449886322021
1599,363.1,12.6584796905518
1600,363.3,623.555908203125
1601,363.4,415.288543701172
1602,363.6,4.08683490753174
1603,363.9,1.73029911518097
1604,364.1,5.01932239532471
1605,364.2,39.6524276733398
1606,364.3,1547.98889160156
1607,364.5,37.2522392272949
1608,364.7,0.491211742162704
1609,364.9,1.3090443611145
1610,365.1,2.97357702255249
1611,365.3,442.865783691406
1612,365.4,746.042358398438
1613,365.6,3.6945641040802
1614,365.8,1.22546851634979
1615,366.0,0.997439205646515
1616,366.2,39.0878829956055
1617,366.3,736.080322265625
1618,366.4,703.286315917969
1619,366.6,1.50622749328613
1620,366.9,1.37038767337799
1621,367.1,4.29810285568237
1622,367.3,499.4638671875
1623,367.4,405.098236083984
1624,367.6,2.06029558181763
1625,367.9,0.444884181022644
1626,368.1,2.45943427085876
1627,368.2,39.4741020202637
1628,368.3,1243.21313476563
1629,368.5,31.7706909179688
1630,368.7,0.467931568622589
1631,369.0,1.83121871948242
1632,369.2,18.3771381378174
1633,369.3,432.885101318359
1634,369.4,465.893615722656
1635,369.6,2.40228152275085
1636,369.7,0.950646042823792
1637,370.0,0.918053805828094
1638,370.2,14.795599937439
1639,370.3,750.748718261719
1640,370.4,742.0302734375
1641,370.6,2.09940624237061
1642,370.8,0.779885947704315
1643,371.0,2.08555459976196
1644,371.1,1.97928059101105
1645,371.3,392.954833984375
1646,371.4,624.494567871094
1647,371.6,2.56326389312744
1648,371.7,0.899662435054779
1649,372.0,1.10452795028687
1650,372.2,5.91165161132813
1651,372.3,666.318237304688
1652,372.4,970.8173828125
1653,372.6,3.12699341773987
1654,372.8,0.81445699930191
1655,373.0,2.08311033248901
1656,373.1,2.50611114501953
1657,373.3,408.759063720703
1658,373.4,487.680358886719
1659,373.5,84.2601547241211
1660,373.7,1.49784660339355
1661,374.0,1.25910842418671
1662,374.2,10.5894536972046
1663,374.3,646.374328613281
1664,374.4,689.280639648438
1665,374.6,2.6566174030304
1666,374.8,0.270515650510788
1667,375.0,1.21685481071472
1668,375.2,14.8848791122437
1669,375.4,786.2958984375
1670,375.5,58.8349418640137
1671,375.7,0.652194142341614
1672,375.9,0.939471542835236
1673,376.1,1.60225820541382
1674,376.2,3.63415193557739
1675,376.4,1306.78662109375
1676,376.5,74.7824478149414
1677,376.7,0.97183096408844
1678,377.0,1.32662093639374
1679,377.2,11.0619249343872
1680,377.4,719.963439941406
1681,377.5,43.5482482910156
1682,377.7,0.88138747215271
1683,377.9,0.924805045127869
1684,378.1,1.79350483417511
1685,378.3,454.480499267578
1686,378.4,852.640930175781
1687,378.6,3.36002802848816
1688,378.7,1.25899195671082
1689,379.0,0.957746505737305
1690,379.2,8.27133083343506
1691,379.4,722.606079101563
1692,379.5,83.2946090698242
1693,379.7,1.05552327632904
1694,380.0,1.03177750110626
1695,380.2,12.9015245437622
1696,380.4,1110.30627441406
1697,380.5,45.1289710998535
1698,380.6,1.75451052188873
1699,380.8,0.435106515884399
1700,381.0,1.21301364898682
1701,381.2,15.4664182662964
1702,381.3,252.787216186523
1703,381.4,402.595153808594
1704,381.6,2.61715745925903
1705,381.8,1.09847509860992
1706,382.0,0.781399130821228
1707,382.2,10.71155834198
1708,382.3,413.467468261719
1709,382.4,580.161010742188
1710,382.6,1.44441854953766
1711,382.7,1.19194507598877
1712,383.0,1.83086955547333
1713,383.2,10.9977884292603
1714,383.4,619.260498046875
1715,383.5,59.7606811523438
1716,383.7,0.614014685153961
1717,383.8,1.1905483007431
1718,384.1,1.8663717508316
1719,384.3,349.028869628906
1720,384.4,781.945495605469
1721,384.6,4.54789876937866
1722,384.9,2.32871603965759
1723,385.1,5.56943321228027
1724,385.3,196.032119750977
1725,385.4,595.803405761719
1726,385.6,4.55639600753784
1727,385.8,0.715399861335754
1728,386.0,1.41240835189819
1729,386.1,1.26388084888458
1730,386.3,302.573516845703
1731,386.4,942.089538574219
1732,386.6,6.2028865814209
1733,386.9,2.44744491577148
1734,387.1,5.46315908432007
1735,387.3,234.084503173828
1736,387.4,504.277954101563
1737,387.6,7.52741241455078
1738,387.9,1.28192293643951
1739,388.1,2.22965884208679
1740,388.3,297.252807617188
1741,388.4,735.306396484375
1742,388.6,6.20940542221069
1743,388.9,1.47037601470947
1744,389.1,3.60167622566223
1745,389.3,194.59748840332
1746,389.4,450.243865966797
1747,389.6,10.2504949569702
1748,389.9,0.587708055973053
1749,390.1,1.5573273897171
1750,390.3,250.369216918945
1751,390.4,857.896423339844
1752,390.6,6.02397871017456
1753,390.7,1.18053781986237
1754,391.0,1.2175532579422
1755,391.2,7.92387390136719
1756,391.4,529.712585449219
1757,391.5,65.2850646972656
1758,391.7,2.07100462913513
1759,392.0,1.29600739479065
1760,392.1,0.995460391044617
1761,392.3,199.657089233398
1762,392.4,860.468383789063
1763,392.6,4.8749852180481
1764,392.8,0.241997435688972
1765,393.0,0.82551509141922
1766,393.1,1.00244438648224
1767,393.3,108.555931091309
1768,393.4,518.9404296875
1769,393.6,9.17366981506348
1770,393.9,2.43638682365417
1771,394.1,3.02910017967224
1772,394.3,168.671981811523
1773,394.4,674.41845703125
1774,394.5,89.4127578735352
1775,394.7,0.763939023017883
1776,394.9,0.564660668373108
1777,395.2,7.85764169692993
1778,395.4,442.950286865234
1779,395.5,73.8486785888672
1780,395.7,1.42649281024933
1781,395.9,1.99802112579346
1782,396.1,2.72110342979431
1783,396.3,160.882781982422
1784,396.4,650.022827148438
1785,396.6,3.90769410133362
1786,396.8,0.577348411083221
1787,397.0,0.370969623327255
1788,397.2,6.068443775177
1789,397.4,435.036651611328
1790,397.5,97.0400390625
1791,397.7,1.48539173603058
1792,398.0,1.17983937263489
1793,398.2,5.55709457397461
1794,398.3,131.482009887695
1795,398.4,817.09814453125
1796,398.6,8.8819694519043
1797,398.8,0.966476559638977
1798,399.0,3.45722270011902
1799,399.2,10.8418111801147
1800,399.4,455.504943847656
1801,399.5,141.283081054688
1802,399.8,1.48969852924347
1803,400.0,1.64544296264648
1804,400.2,5.04877185821533
1805,400.3,111.013389587402
1806,400.4,922.135986328125
1807,400.6,14.9577465057373
1808,400.9,20.8531017303467
1809,401.0,22.765567779541
1810,401.2,51.8802223205566
1811,401.4,493.017456054688
1812,401.5,109.238037109375
1813,401.8,4.21848440170288
1814,401.9,3.70247936248779
1815,402.1,12.8791761398315
1816,402.3,157.090911865234
1817,402.4,639.491088867188
1818,402.6,10.2094049453735
1819,402.8,2.14282393455505
1820,403.0,8.34885311126709
1821,403.2,19.4196243286133
1822,403.3,115.360145568848
1823,403.4,367.267944335938
1824,403.6,8.82446765899658
1825,403.9,1.92189502716064
1826,404.0,1.68269121646881
1827,404.2,5.37585830688477
1828,404.4,710.201354980469
1829,404.5,121.133277893066
1830,404.7,2.07123732566833
1831,404.9,4.3017110824585
1832,405.1,10.6738443374634
1833,405.3,98.4781723022461
1834,405.4,345.844940185547
1835,405.6,6.57176113128662
1836,405.8,1.1068559885025
1837,406.0,2.13525772094727
1838,406.2,7.183913230896
1839,406.4,650.523193359375
1840,406.5,151.630661010742
1841,406.7,2.31614470481873
1842,407.0,2.55814218521118
1843,407.1,3.01804208755493
1844,407.3,59.3128852844238
1845,407.4,279.248413085938
1846,407.5,137.37678527832
1847,407.7,2.08194613456726
1848,408.0,1.51030147075653
1849,408.1,1.67256426811218
1850,408.3,75.3029937744141
1851,408.4,636.984191894531
1852,408.6,4.77488088607788
1853,408.9,1.07798862457275
1854,409.1,2.64998245239258
1855,409.2,5.2593412399292
1856,409.4,282.986968994141
1857,409.5,92.7786026000977
1858,409.6,9.01594734191895
1859,409.8,0.381212890148163
1860,410.0,0.688744008541107
1861,410.2,3.50913739204407
1862,410.3,61.0374794006348
1863,410.4,582.200439453125
1864,410.6,6.18065404891968
1865,410.8,0.131183803081512
1866,411.0,0.414270758628845
1867,411.2,4.31975317001343
1868,411.4,266.631134033203
1869,411.5,122.268882751465
1870,411.6,9.94564056396484
1871,411.9,0.63904082775116
1872,412.0,0.225701317191124
1873,412.2,2.93819117546082
1874,412.4,505.964599609375
1875,412.5,243.242233276367
1876,412.6,9.09684562683105
1877,412.8,0.552438616752625
1878,413.0,1.52717959880829
1879,413.2,4.65359115600586
1880,413.4,263.4462890625
1881,413.5,177.557907104492
1882,413.7,2.30334067344666
1883,413.8,0.857176125049591
1884,414.1,1.6644161939621
1885,414.2,1.89570486545563
1886,414.4,403.33349609375
1887,414.5,341.081939697266
1888,414.6,20.4774761199951
1889,414.9,11.3147478103638
1890,415.1,37.3341865539551
1891,415.2,26.7585849761963
1892,415.4,367.3662109375
1893,415.5,98.0332870483398
1894,415.8,2.82109189033508
1895,416.0,7.62856483459473
1896,416.2,14.7917585372925
1897,416.4,448.757080078125
1898,416.5,134.276565551758
1899,416.8,3.56372952461243
1900,417.0,7.91444540023804
1901,417.2,18.5956230163574
1902,417.4,269.106506347656
1903,417.5,74.8650894165039
1904,417.6,11.1044111251831
1905,417.9,1.86718654632568
1906,418.0,0.985217094421387
1907,418.2,5.20137357711792
1908,418.4,438.088348388672
1909,418.5,168.178680419922
1910,418.8,3.62123155593872
1911,419.0,5.03387260437012
1912,419.2,16.4827136993408
1913,419.4,235.210220336914
1914,419.5,74.453727722168
1915,419.6,12.2210454940796
1916,419.8,1.11907815933228
1917,420.0,1.90350365638733
1918,420.2,6.06879281997681
1919,420.4,390.866027832031
1920,420.5,172.894073486328
1921,420.6,13.1801881790161
1922,420.8,1.04167151451111
1923,421.0,4.02898359298706
1924,421.2,13.7886161804199
1925,421.4,194.403442382813
1926,421.5,132.608200073242
1927,421.6,16.5064601898193
1928,421.8,1.10697245597839
1929,422.0,1.68641602993011
1930,422.2,6.37120246887207
1931,422.4,357.242706298828
1932,422.5,178.365737915039
1933,422.8,1.50424861907959
1934,423.0,3.07426381111145
1935,423.2,10.6959609985352
1936,423.3,30.8344783782959
1937,423.4,253.131759643555
1938,423.6,9.43266201019287
1939,423.8,0.530089616775513
1940,424.0,1.04027473926544
1941,424.2,5.22442102432251
1942,424.4,290.664764404297
1943,424.5,190.574325561523
1944,424.7,0.646024882793427
1945,424.9,0.585147261619568
1946,425.0,0.427773237228394
1947,425.2,5.39168882369995
1948,425.3,26.0027942657471
1949,425.5,240.34733581543
1950,425.6,13.0976600646973
1951,425.8,0.728320360183716
1952,426.0,0.783145129680634
1953,426.1,0.792457222938538
1954,426.3,13.9187517166138
1955,426.5,533.6083984375
1956,426.6,14.5721101760864
1957,426.8,0.710860192775726
1958,427.0,0.447561413049698
1959,427.2,2.94948196411133
1960,427.3,12.6070308685303
1961,427.5,286.464080810547
1962,427.6,17.1138401031494
1963,427.7,2.63741135597229
1964,427.9,0.988825500011444
1965,428.1,0.583983242511749
1966,428.3,12.3355836868286
1967,428.5,512.273315429688
1968,428.6,37.4675827026367
1969,428.9,8.87126064300537
1970,429.1,34.8079376220703
1971,429.3,93.9544906616211
1972,429.4,171.600158691406
1973,429.5,108.008850097656
1974,429.7,1.9847514629364
1975,429.9,4.10441160202026
1976,430.1,13.8177165985107
1977,430.3,46.7262268066406
1978,430.4,360.464782714844
1979,430.6,16.611686706543
1980,430.9,2.49912691116333
1981,431.0,3.34536147117615
1982,431.2,17.7812824249268
1983,431.4,153.226287841797
1984,431.5,93.2738876342773
1985,431.7,3.55348610877991
1986,432.0,2.28855776786804
1987,432.2,4.69631004333496
1988,432.3,19.3091602325439
1989,432.4,382.071228027344
1990,432.6,17.3350009918213
1991,432.7,2.27179598808289
1992,433.0,3.03375625610352
1993,433.2,11.2128973007202
1994,433.4,132.965194702148
1995,433.5,72.2069625854492
1996,433.6,13.6320571899414
1997,433.9,1.60179257392883
1998,434.1,2.08334302902222
1999,434.3,19.8118953704834
2000,434.5,359.650329589844
2001,434.6,15.6654634475708
2002,434.9,0.744034469127655
2003,435.1,1.91095328330994
2004,435.3,21.0013961791992
2005,435.5,193.828536987305
2006,435.6,16.1993942260742
2007,435.8,0.808636963367462
2008,436.0,1.21464323997498
2009,436.2,3.49458742141724
2010,436.4,170.595733642578
2011,436.5,173.566635131836
2012,436.6,12.5769987106323
2013,436.8,0.474915623664856
2014,437.0,1.9734605550766
2015,437.2,7.66104078292847
2016,437.4,96.3415222167969
2017,437.5,94.5984191894531
2018,437.7,1.90070998668671
2019,437.9,1.14573395252228
2020,438.0,0.676871120929718
2021,438.2,5.25759506225586
2022,438.4,152.988006591797
2023,438.5,170.124084472656
2024,438.6,19.9249210357666
2025,438.9,0.542078912258148
2026,439.1,1.66686069965363
2027,439.3,15.4942378997803
2028,439.5,154.73030090332
2029,439.6,17.1090679168701
2030,439.7,2.66290307044983
2031,440.0,0.846234440803528
2032,440.2,2.2903037071228
2033,440.4,128.945297241211
2034,440.5,245.810028076172
2035,440.7,2.06972408294678
2036,441.0,0.733092784881592
2037,441.2,3.06017923355103
2038,441.4,76.3234786987305
2039,441.5,106.32999420166
2040,441.6,27.0654182434082
2041,441.8,0.703643321990967
2042,441.9,0.589686870574951
2043,442.2,2.65591907501221
2044,442.4,91.1194305419922
2045,442.5,284.768493652344
2046,442.7,2.23757410049438
2047,442.8,0.69537889957428
2048,443.1,1.25293910503387
2049,443.3,11.2516584396362
2050,443.5,166.337326049805
2051,443.6,29.0187397003174
2052,443.8,0.952159225940704
2053,443.9,1.2062623500824
2054,444.2,2.335932970047
2055,444.4,108.359214782715
2056,444.5,155.734375
2057,444.7,2.85263657569885
2058,444.9,1.19275987148285
2059,445.1,1.82632982730865
2060,445.3,16.9355144500732
2061,445.5,118.758697509766
2062,445.6,20.9181709289551
2063,445.8,0.464090317487717
2064,446.0,0.993248760700226
2065,446.2,2.62763357162476
2066,446.4,110.083923339844
2067,446.5,168.441513061523
2068,446.7,3.26038885116577
2069,447.0,0.928529858589172
2070,447.2,5.24898147583008
2071,447.4,64.8313369750977
2072,447.5,72.0225830078125
2073,447.7,2.63950657844543
2074,447.8,2.03561878204346
2075,448.1,1.37702250480652
2076,448.3,11.5313701629639
2077,448.5,218.571182250977
2078,448.6,23.5311374664307
2079,448.7,1.91258299350739
2080,448.9,0.656850218772888
2081,449.1,1.23908746242523
2082,449.2,2.31602835655212
2083,449.4,52.6152954101563
2084,449.5,64.8103866577148
2085,449.6,23.4389476776123
2086,449.8,1.0306134223938
2087,449.9,1.31148874759674
2088,450.2,2.57292509078979
2089,450.3,9.43790054321289
2090,450.5,207.718887329102
2091,450.6,16.3729476928711
2092,450.8,0.393435001373291
2093,451.0,0.354789882898331
2094,451.2,3.25736236572266
2095,451.4,55.6648826599121
2096,451.5,66.7504348754883
2097,451.7,2.50413227081299
2098,451.8,1.65219414234161
2099,452.1,1.21720409393311
2100,452.2,1.45524382591248
2101,452.4,78.9310913085938
2102,452.5,150.403335571289
2103,452.7,1.63205683231354
2104,453.0,0.444767773151398
2105,453.2,2.93306946754456
2106,453.4,45.6152954101563
2107,453.5,57.3887786865234
2108,453.6,20.5331153869629
2109,453.8,1.25305557250977
2110,454.1,0.783727169036865
2111,454.2,1.21697127819061
2112,454.4,61.0349197387695
2113,454.5,184.808166503906
2114,454.7,3.06774520874023
2115,454.8,0.828657925128937
2116,455.0,0.220928877592087
2117,455.2,2.31009197235107
2118,455.4,38.5901527404785
2119,455.5,91.4853897094727
2120,455.7,4.67256450653076
2121,456.0,0.73635196685791
2122,456.2,2.12280297279358
2123,456.4,42.7512512207031
2124,456.5,199.726226806641
2125,456.7,4.58584547042847
2126,456.9,0.390874177217484
2127,457.1,1.26993370056152
2128,457.3,7.22639989852905
2129,457.5,93.8307495117188
2130,457.6,32.491096496582
2131,457.8,1.03876149654388
2132,458.1,0.981725037097931
2133,458.3,7.51146554946899
2134,458.4,42.5137939453125
2135,458.5,127.317306518555
2136,458.7,4.98987293243408
2137,459.0,1.9045512676239
2138,459.2,5.67803525924683
2139,459.4,39.7529983520508
2140,459.5,56.0735664367676
2141,459.7,6.05261325836182
2142,460.0,1.255499958992
2143,460.1,1.05598878860474
2144,460.3,7.27691793441772
2145,460.4,46.9516944885254
2146,460.5,121.300315856934
2147,460.7,10.0756607055664
2148,460.9,4.13327884674072
2149,461.1,11.5215921401978
2150,461.3,29.2204627990723
2151,461.5,59.9035034179688
2152,461.6,17.1230354309082
2153,461.8,1.77895474433899
2154,462.0,2.5730414390564
2155,462.2,6.10080337524414
2156,462.4,54.190315246582
2157,462.5,102.698989868164
2158,462.7,4.64230012893677
2159,463.0,2.84623432159424
2160,463.1,2.76521944999695
2161,463.3,14.3533935546875
2162,463.5,59.8029327392578
2163,463.6,18.5257835388184
2164,463.9,1.77697587013245
2165,464.1,1.62786638736725
2166,464.3,11.8356418609619
2167,464.5,109.076477050781
2168,464.6,23.2495632171631
2169,464.9,1.771155834198
2170,465.0,0.863694548606873
2171,465.2,4.39518117904663
2172,465.3,8.26306629180908
2173,465.5,52.8416938781738
2174,465.6,16.8996620178223
2175,465.8,0.645908534526825
2176,466.0,0.88778954744339
2177,466.2,2.38272619247437
2178,466.4,43.8053779602051
2179,466.5,73.2899551391602
2180,466.6,29.1794910430908
2181,466.8,0.646956145763397
2182,467.0,1.13490867614746
2183,467.2,2.59585618972778
2184,467.3,5.78198099136353
2185,467.5,52.868350982666
2186,467.6,17.3912239074707
2187,467.8,1.61180305480957
2188,468.1,1.08660221099854
2189,468.2,1.25666391849518
2190,468.4,33.6320571899414
2191,468.5,118.169128417969
2192,468.7,5.297287940979
2193,468.9,0.813991367816925
2194,469.2,1.54685139656067
2195,469.4,23.8228378295898
2196,469.5,33.2551498413086
2197,469.6,24.8627624511719
2198,469.8,1.24618792533875
2199,470.1,0.601326942443848
2200,470.3,5.55907344818115
2201,470.5,99.8254013061523
2202,470.6,50.0073318481445
2203,470.8,0.541147708892822
2204,471.0,0.250843912363052
2205,471.2,1.63799321651459
2206,471.4,21.6343841552734
2207,471.5,54.4828300476074
2208,471.7,5.10499382019043
2209,471.9,0.949714839458466
2210,472.2,1.91293215751648
2211,472.4,26.6284484863281
2212,472.5,81.3845901489258
2213,472.7,5.03922700881958
2214,472.9,0.8626469373703
2215,473.2,3.17471766471863
2216,473.4,20.7559070587158
2217,473.5,38.0649528503418
2218,473.7,5.89232921600342
2219,473.9,0.763706207275391
2220,474.1,1.35781633853912
2221,474.2,1.51914799213409
2222,474.4,23.2089405059814
2223,474.5,74.5056457519531
2224,474.7,14.5444068908691
2225,475.0,12.93004322052
2226,475.1,9.70503997802734
2227,475.3,41.5871276855469
2228,475.4,41.5343971252441
2229,475.6,6.16936349868774
2230,475.8,4.83424520492554
2231,475.9,2.18647432327271
2232,476.1,6.4078688621521
2233,476.3,19.5536022186279
2234,476.4,30.8278427124023
2235,476.5,56.0259590148926
2236,476.7,5.8655571937561
2237,477.0,3.75369572639465
2238,477.2,9.16272830963135
2239,477.4,28.9878940582275
2240,477.5,26.1020832061768
2241,477.7,1.86613893508911
2242,477.8,1.94447672367096
2243,478.1,2.03969264030457
2244,478.2,2.36608076095581
2245,478.4,31.0084972381592
2246,478.5,52.6091270446777
2247,478.7,4.81957864761353
2248,479.0,3.44930744171143
2249,479.2,10.3854036331177
2250,479.4,22.5953903198242
2251,479.5,15.6070308685303
2252,479.6,12.4323129653931
2253,479.9,1.74985444545746
2254,480.0,1.11686646938324
2255,480.2,4.07810497283936
2256,480.3,7.07752275466919
2257,480.5,57.7121391296387
2258,480.6,26.0767078399658
2259,480.8,1.97671985626221
2260,481.0,4.51402616500854
2261,481.2,11.6226282119751
2262,481.4,24.2241878509521
2263,481.5,16.7214527130127
2264,481.6,13.214527130127
2265,481.8,0.997555553913116
2266,482.0,2.3820276260376
2267,482.2,3.94575715065002
2268,482.3,5.38470506668091
2269,482.5,57.6109886169434
2270,482.6,32.2535209655762
2271,482.9,1.52089393138885
2272,483.1,2.40309619903564
2273,483.3,7.7969970703125
2274,483.5,27.3698062896729
2275,483.6,15.7356538772583
2276,483.8,1.04888832569122
2277,483.9,1.18053781986237
2278,484.2,2.37562561035156
2279,484.4,15.6857175827026
2280,484.5,67.8728866577148
2281,484.7,5.94680500030518
2282,484.9,0.874170660972595
2283,485.1,0.776626706123352
2284,485.3,4.15772342681885
2285,485.4,9.95192623138428
2286,485.5,27.7123737335205
2287,485.7,5.90618085861206
2288,486.0,0.87370502948761
2289,486.2,2.13828420639038
2290,486.4,16.337911605835
2291,486.5,45.0803184509277
2292,486.7,6.47188901901245
2293,487.0,1.04737520217896
2294,487.2,2.02141785621643
2295,487.4,11.559422492981
2296,487.6,21.6021423339844
2297,487.7,4.50483083724976
2298,487.9,0.680246770381927
2299,488.2,1.67011988162994
2300,488.3,4.52927494049072
2301,488.5,28.313117980957
2302,488.6,19.5181007385254
2303,488.7,15.5586080551147
2304,489.0,12.8456525802612
2305,489.2,26.9572811126709
2306,489.4,40.573974609375
2307,489.5,9.89942932128906
2308,489.7,2.49260854721069
2309,489.9,3.45989990234375
2310,490.1,7.0732159614563
2311,490.3,17.998836517334
2312,490.4,39.2840194702148
2313,490.6,9.87079524993896
2314,490.7,6.52985668182373
2315,491.0,4.47223854064941
2316,491.2,7.19182872772217
2317,491.3,8.43650341033936
2318,491.5,21.064136505127
2319,491.6,8.42090606689453
2320,491.9,1.61680829524994
2321,492.0,0.748690485954285
2322,492.2,4.16854858398438
2323,492.4,18.2170867919922
2324,492.5,16.7676639556885
2325,492.6,15.8605518341064
2326,492.8,2.67500877380371
2327,493.0,1.64765453338623
2328,493.2,7.27400779724121
2329,493.4,15.5907344818115
2330,493.5,13.3603773117065
2331,493.7,3.12664413452148
2332,494.0,1.42567801475525
2333,494.1,0.90490049123764
2334,494.3,6.26876974105835
2335,494.5,28.4134559631348
2336,494.6,18.6651153564453
2337,494.8,1.0687929391861
2338,495.0,2.92119669914246
2339,495.2,6.49272489547729
2340,495.4,16.2030029296875
2341,495.5,8.13060188293457
2342,495.6,7.62856483459473
2343,495.8,1.31102311611176
2344,496.0,1.39180541038513
2345,496.2,2.89779996871948
2346,496.4,13.5480155944824
2347,496.5,19.2265167236328
2348,496.6,20.1247825622559
2349,496.8,3.07857060432434
2350,497.1,4.78011894226074
2351,497.3,9.33057880401611
2352,497.5,15.956000328064
2353,497.6,9.50843906402588
2354,497.8,1.81759977340698
2355,498.1,1.95378887653351
2356,498.3,6.05761861801147
2357,498.5,24.1748332977295
2358,498.6,20.820276260376
2359,498.8,1.41066229343414
2360,499.0,1.17541611194611
2361,499.2,2.28006052970886
2362,499.4,9.16971206665039
2363,499.5,13.8517055511475
2364,499.7,3.80840420722961
2365,499.9,1.17087650299072
2366,500.2,2.2098708152771
2367,500.4,9.43533897399902
2368,500.6,21.7719707489014
2369,500.7,5.6413688659668
2370,501.0,0.783145129680634
2371,501.2,1.84320795536041
2372,501.3,2.69491338729858
2373,501.5,10.7745313644409
2374,501.6,4.3703875541687
2375,501.7,3.61983466148376
2376,502.0,1.00384128093719
2377,502.2,1.67349553108215
2378,502.4,8.76580142974854
2379,502.6,19.2802925109863
2380,502.7,4.94401121139526
2381,502.8,5.14922571182251
2382,503.1,7.42090559005737
2383,503.3,15.6516122817993
2384,503.4,12.4815502166748
2385,503.6,5.89570474624634
2386,503.8,1.45547664165497
2387,504.0,3.2333836555481
2388,504.2,6.07356548309326
2389,504.3,4.70445823669434
2390,504.5,18.8968696594238
2391,504.6,10.0868349075317
2392,504.8,1.68571758270264
2393,505.0,2.52915835380554
2394,505.2,5.61587715148926
2395,505.4,9.38074684143066
2396,505.6,7.96507978439331
2397,505.7,2.88848805427551
2398,506.0,1.37667322158813
2399,506.2,3.0918402671814
2400,506.4,10.2770338058472
2401,506.5,7.50343370437622
2402,506.6,8.24013519287109
2403,506.8,2.90978932380676
2404,507.1,2.55639624595642
2405,507.2,1.88010704517365
2406,507.4,8.37865161895752
2407,507.5,4.6037712097168
2408,507.6,5.02700519561768
2409,507.9,1.10720527172089
2410,508.1,1.21138405799866
2411,508.3,4.76580142974854
2412,508.5,15.1008033752441
2413,508.6,9.3630542755127
2414,508.8,1.42602717876434
2415,509.1,1.32545685768127
2416,509.2,1.24723553657532
2417,509.4,5.82283782958984
2418,509.5,4.07205200195313
2419,509.6,4.67791891098022
2420,509.8,1.36235594749451
2421,510.1,0.721336305141449
2422,510.3,3.3054358959198
2423,510.5,13.2197647094727
2424,510.6,11.0751953125
2425,510.8,1.8664882183075
2426,511.1,1.57688283920288
2427,511.3,3.87905955314636
2428,511.5,7.49423837661743
2429,511.6,3.55686187744141
2430,511.7,2.8432080745697
2431,512.0,1.10173439979553
2432,512.2,1.68373882770538
2433,512.4,8.28972148895264
2434,512.5,7.13025236129761
2435,512.6,10.0949831008911
2436,512.8,1.75776970386505
2437,513.1,0.720288693904877
2438,513.2,0.997904777526855
2439,513.4,3.83797001838684
2440,513.5,6.90687942504883
2441,513.7,1.63671278953552
2442,513.8,1.15830516815186
2443,514.0,0.364218354225159
2444,514.2,1.1222208738327
2445,514.4,5.79979038238525
2446,514.5,9.70364379882813
2447,514.7,3.60155987739563
2448,514.9,1.10476076602936
2449,515.2,1.17145848274231
2450,515.4,4.04120588302612
2451,515.6,5.27947854995728
2452,515.7,2.01094174385071
2453,515.9,0.426260054111481
2454,516.1,0.907228469848633
2455,516.3,2.35187983512878
2456,516.5,8.48737049102783
2457,516.6,7.33732986450195
2458,516.8,1.72948431968689
2459,517.1,0.740658819675446
2460,517.3,2.33511805534363
2461,517.4,2.04423236846924
2462,517.5,4.35490608215332
2463,517.7,1.95099520683289
2464,517.9,0.71714586019516
2465,518.2,1.32941448688507
2466,518.3,1.97218024730682
2467,518.5,6.8399486541748
2468,518.6,6.77057409286499
2469,518.8,1.32021880149841
2470,519.0,1.82726109027863
2471,519.1,0.906297266483307
2472,519.3,4.00302648544312
2473,519.5,4.32650470733643
2474,519.6,2.01059246063232
2475,519.7,1.97962987422943
2476,520.0,1.05750203132629
2477,520.2,1.88883709907532
2478,520.4,4.96845531463623
2479,520.5,3.81445693969727
2480,520.6,5.90327072143555
2481,520.8,1.29298102855682
2482,521.0,1.4885345697403
2483,521.2,3.31661033630371
2484,521.3,2.52240705490112
2485,521.5,4.20870685577393
2486,521.6,2.95751357078552
2487,521.9,1.54149687290192
2488,522.1,1.32149922847748
2489,522.3,3.40309619903564
2490,522.4,3.33046221733093
2491,522.6,6.71470165252686
2492,522.7,4.21743679046631
2493,522.9,0.919217765331268
2494,523.1,0.693632900714874
2495,523.3,3.11779761314392
2496,523.5,3.48923301696777
2497,523.6,3.03701543807983
2498,523.8,0.899546027183533
2499,524.1,0.933302283287048
2500,524.3,3.03829598426819
2501,524.5,6.18496084213257
2502,524.6,5.70445823669434
2503,524.8,1.52066111564636
2504,525.0,0.232918173074722
2505,525.2,0.952508449554443
2506,525.4,2.70317769050598
2507,525.6,3.14689803123474
2508,525.7,1.16307759284973
2509,525.8,0.982423484325409
2510,526.1,0.739960432052612
2511,526.2,0.717029452323914
2512,526.4,4.49272489547729
2513,526.6,6.53532743453979
2514,526.7,2.26620888710022
2515,526.8,1.21068561077118
2516,527.1,0.554533839225769
2517,527.3,1.60598301887512
2518,527.5,2.76743102073669
2519,527.6,3.14282393455505
2520,527.8,0.659294605255127
2521,528.1,0.357932716608047
2522,528.3,1.7404260635376
2523,528.4,1.47282040119171
2524,528.6,4.46758222579956
2525,528.7,1.18810379505157
2526,528.8,0.832731902599335
2527,529.1,0.515423119068146
2528,529.3,1.20195555686951
2529,529.5,2.46886277198792
2530,529.7,1.85321843624115
2531,529.8,0.572808742523193
2532,530.1,0.736584782600403
2533,530.3,1.51565587520599
2534,530.5,4.10022115707397
2535,530.6,1.94948196411133
2536,530.7,2.44791054725647
2537,531.0,0.43533930182457
2538,531.1,0.445931792259216
2539,531.3,0.773833096027374
2540,531.5,2.5765335559845
2541,531.6,0.936677932739258
2542,531.7,1.15888726711273
2543,531.9,0.484926074743271
2544,532.2,0.598416924476624
2545,532.4,2.40123391151428
2546,532.6,4.13386106491089
2547,532.7,2.73786520957947
2548,532.9,0.942265152931213
2549,533.1,0.986381113529205
2550,533.3,2.54068207740784
2551,533.5,2.19310903549194
2552,533.6,0.891048789024353
2553,533.7,1.27528810501099
2554,534.0,0.811663389205933
2555,534.2,1.23932027816772
2556,534.4,2.90315437316895
2557,534.6,3.95204281806946
2558,534.7,1.7215690612793
2559,534.9,4.98230695724487
2560,535.1,8.27389144897461
2561,535.3,10.9952278137207
2562,535.4,4.94913291931152
2563,535.7,1.89884757995605
2564,535.8,0.811081349849701
2565,536.0,2.52566647529602
2566,536.1,1.63985562324524
2567,536.3,6.19625186920166
2568,536.4,5.86788511276245
2569,536.7,3.03736472129822
2570,536.8,1.42183685302734
2571,537.0,2.64474439620972
2572,537.2,4.16086626052856
2573,537.4,4.0564546585083
2574,537.5,1.37748801708221
2575,537.7,1.54789900779724
2576,537.8,0.431381672620773
2577,538.0,0.89803284406662
2578,538.2,1.60726344585419
2579,538.4,3.57921075820923
2580,538.6,4.13968086242676
2581,538.7,2.31637763977051
2582,539.0,1.14585030078888
2583,539.2,1.5458037853241
2584,539.3,1.4961005449295
2585,539.5,2.59993004798889
2586,539.6,1.23128855228424
2587,539.9,0.622162699699402
2588,540.1,0.716447472572327
2589,540.3,1.77278542518616
2590,540.4,1.38819694519043
2591,540.6,2.93993711471558
2592,540.7,1.98789429664612
2593,541.0,0.788150370121002
2594,541.1,0.319054812192917
2595,541.3,1.01245486736298
2596,541.4,0.939471542835236
2597,541.6,1.72296583652496
2598,541.7,0.746246099472046
2599,541.9,0.244791060686111
2600,542.1,0.457222670316696
2601,542.3,1.47421717643738
2602,542.4,2.20463275909424
2603,542.6,2.14282393455505
2604,542.8,0.336282163858414
2605,542.9,0.521126747131348
2606,543.2,0.566290318965912
2607,543.4,1.14014661312103
2608,543.5,0.778372704982758
2609,543.6,1.01292049884796
2610,543.8,0.293563038110733
2611,544.0,0.3730648458004
2612,544.1,0.550692558288574
2613,544.4,1.52159237861633
2614,544.6,2.26585960388184
2615,544.7,1.34152019023895
2616,544.9,0.201722726225853
2617,545.1,0.3835409283638
2618,545.3,0.757769763469696
2619,545.5,1.19904553890228
2620,545.7,0.957513689994812
2621,545.9,0.378768473863602
2622,546.1,0.201839134097099
2623,546.2,0.259806782007217
2624,546.4,1.61750674247742
2625,546.6,1.97159814834595
2626,546.7,0.709230601787567
2627,546.8,0.771272242069244
2628,547.1,0.714003026485443
2629,547.3,0.949365615844727
2630,547.5,1.41822838783264
2631,547.6,0.440228134393692
2632,547.7,0.629961609840393
2633,548.0,0.421953201293945
2634,548.2,0.809800982475281
2635,548.4,1.8016529083252
2636,548.5,0.948085188865662
2637,548.7,1.90804326534271
2638,548.9,3.72238397598267
2639,549.1,11.7129554748535
2640,549.3,18.4831809997559
2641,549.4,8.98160839080811
2642,549.6,1.6069141626358
2643,549.9,1.73996043205261
