#"+ Scan (rt: 0.088-69.996 min, 11383 scans) CELLULOSE_2_20231016.D "
#Point,X(Thompsons),Y(Counts)
0,10.1,2.65044355392456
1,10.3,4.60080814361572
2,10.5,4.80435752868652
3,10.7,4.71395921707153
4,10.8,2.21584820747375
5,11.0,5.13994550704956
6,11.1,2.3571994304657
7,11.3,4.74936294555664
8,11.5,4.42519569396973
9,11.6,1.72212946414948
10,11.8,3.72757625579834
11,12.0,32.8225440979004
12,12.2,368.415191650391
13,12.3,19.6228580474854
14,12.5,2.37037682533264
15,12.7,3.55442333221436
16,12.9,10.065975189209
17,13.1,60.8010177612305
18,13.2,175.380477905273
19,13.4,0.510585963726044
20,14.2,9878.5263671875
21,15.0,14.9205837249756
22,15.2,2794.26831054688
23,15.3,42.419750213623
24,16.2,5685.50341796875
25,17.2,12753.39453125
26,18.2,54022.6328125
27,19.0,28.2600364685059
28,19.2,1510.63793945313
29,19.3,20.9157524108887
30,19.5,1.09777736663818
31,19.8,0.505051374435425
32,20.0,65.4092102050781
33,20.1,410.900115966797
34,20.3,13.2553806304932
35,20.5,0.476675748825073
36,20.8,2.45638227462769
37,21.0,5.99868202209473
38,21.2,7.07994365692139
39,21.3,2.80251240730286
40,21.5,3.87323212623596
41,21.6,1.812615275383
42,21.8,4.73381376266479
43,22.0,21.3402442932129
44,22.2,58.3084411621094
45,22.3,11.0492839813232
46,22.5,1.86225068569183
47,22.7,3.70499873161316
48,22.8,1.97250282764435
49,23.0,4.14969682693481
50,23.1,2.2443995475769
51,23.3,3.76227712631226
52,23.4,1.91944122314453
53,23.5,3.63902306556702
54,23.8,5.06184673309326
55,24.0,21.7290687561035
56,24.2,133.037078857422
57,24.3,12.9862079620361
58,24.5,1.83607137203217
59,24.7,2.80268812179565
60,24.9,10.1718349456787
61,25.1,174.695953369141
62,25.2,403.20556640625
63,25.3,27.0731792449951
64,25.5,1.69656503200531
65,25.8,0.544671893119812
66,26.0,33.3983993530273
67,26.2,3054.92114257813
68,26.3,30.6355972290039
69,26.5,0.872529208660126
70,27.2,5720.22998046875
71,27.3,2.04287099838257
72,28.1,357406.59375
73,29.0,1.34481239318848
74,29.1,24390.283203125
75,29.8,0.114117540419102
76,30.0,51.4934539794922
77,30.1,4111.4580078125
78,30.3,16.1296672821045
79,30.5,0.946674883365631
80,30.7,0.303434938192368
81,30.9,1.72792756557465
82,31.1,2968.65893554688
83,31.2,5855.1650390625
84,32.1,92133.640625
85,32.9,8.0139684677124
86,33.1,137.536331176758
87,33.2,73.7316207885742
88,33.4,3.89045071601868
89,33.7,0.692260384559631
90,33.9,13.1277341842651
91,34.1,392.975402832031
92,34.2,110.14249420166
93,34.4,0.521742939949036
94,34.6,0.287973284721375
95,34.8,6.85495901107788
96,35.0,60.5394897460938
97,35.1,71.5865783691406
98,35.3,8.8850040435791
99,35.5,0.284371435642242
100,35.8,0.429148733615875
101,36.0,203.141708374023
102,36.1,631.623474121094
103,36.3,1.9620486497879
104,36.6,0.154528677463531
105,36.8,2.99666166305542
106,36.9,11.4116668701172
107,37.1,956.867492675781
108,37.2,200.118591308594
109,37.4,2.48484587669373
110,37.6,0.432574898004532
111,37.9,9.30686092376709
112,38.1,1521.60119628906
113,38.2,465.793731689453
114,38.4,0.782219111919403
115,38.7,0.0285513494163752
116,39.0,33.8274612426758
117,39.1,7843.20947265625
118,39.3,15.6607217788696
119,40.1,10034.681640625
120,40.2,40.052360534668
121,41.0,21.0256519317627
122,41.2,7948.9716796875
123,41.3,4.15013599395752
124,41.9,1.29456210136414
125,42.1,9881.2744140625
126,42.2,1069.01721191406
127,42.4,0.254414469003677
128,43.0,18.4640254974365
129,43.1,20735.255859375
130,43.3,10.8732318878174
131,44.0,13.4170255661011
132,44.1,33759.65625
133,44.9,4.68417835235596
134,45.1,4966.55908203125
135,45.2,1199.32019042969
136,45.4,0.0574540980160236
137,45.6,0.0898708626627922
138,45.8,3.63524556159973
139,46.0,113.375297546387
140,46.1,570.853881835938
141,46.3,11.8523235321045
142,46.5,0.595273673534393
143,46.7,0.695159435272217
144,46.9,26.5847320556641
145,47.1,3224.25830078125
146,47.2,99.7388229370117
147,47.4,1.29754900932312
148,47.7,1.69621360301971
149,47.9,35.6120529174805
150,48.1,717.070983886719
151,48.2,41.607307434082
152,48.3,8.10840702056885
153,48.5,0.632170796394348
154,48.7,2.4349467754364
155,48.9,20.6571197509766
156,49.1,331.237365722656
157,49.2,91.229377746582
158,49.4,2.56232976913452
159,49.6,0.326363861560822
160,49.8,2.72344732284546
161,50.0,110.14363861084
162,50.1,1288.36071777344
163,50.3,11.611701965332
164,50.5,0.486075729131699
165,50.8,1.38610208034515
166,51.0,101.906967163086
167,51.1,1588.03723144531
168,51.3,11.7858209609985
169,51.5,0.0846876949071884
170,51.7,0.538610219955444
171,51.9,14.3080034255981
172,52.1,831.416687011719
173,52.2,280.032867431641
174,52.4,1.92611789703369
175,52.7,0.359746992588043
176,52.9,8.60862731933594
177,53.1,2691.36157226563
178,53.2,514.969604492188
179,53.4,0.472283244132996
180,53.7,0.258279889822006
181,53.9,10.7289819717407
182,54.1,2177.16870117188
183,54.2,445.106201171875
184,54.4,1.19318282604218
185,55.0,46.8129653930664
186,55.1,11333.6103515625
187,55.3,4.12483549118042
188,55.8,0.265220075845718
189,56.0,81.6965637207031
190,56.1,8952.7861328125
191,56.3,14.3598346710205
192,56.4,0.479135543107986
193,56.6,0.025915838778019
194,57.0,40.9161033630371
195,57.1,20988.392578125
196,57.3,10.8885183334351
197,57.6,0.0658877268433571
198,57.8,1.97109723091125
199,58.0,125.282875061035
200,58.1,3752.4814453125
201,58.3,11.4276552200317
202,58.4,2.10621094703674
203,58.7,0.954493522644043
204,58.9,20.4484748840332
205,59.1,424.122985839844
206,59.2,146.128616333008
207,59.4,1.22208559513092
208,59.5,0.329350799322128
209,59.8,0.430642187595367
210,60.0,190.507247924805
211,60.1,41297.734375
212,60.3,2.27751922607422
213,60.6,0.0438373014330864
214,60.8,2.18351936340332
215,61.0,141.774307250977
216,61.1,3436.30004882813
217,61.3,10.1742067337036
218,61.4,1
219,61.7,1.15716421604156
220,61.9,24.4116668701172
221,62.1,457.461029052734
222,62.2,97.7093887329102
223,62.4,2.40130019187927
224,62.7,1.35834133625031
225,62.9,23.2108402252197
226,63.1,489.486328125
227,63.2,141.148910522461
228,63.4,2.15400147438049
229,63.7,1.51770186424255
230,63.9,52.3287353515625
231,64.0,1664.43103027344
232,64.2,61.1631393432617
233,64.4,1.19467628002167
234,64.7,0.901783347129822
235,64.9,19.3808307647705
236,65.1,757.741516113281
237,65.2,203.987518310547
238,65.4,2.42370200157166
239,65.7,1.37520861625671
240,65.9,25.5275402069092
241,66.1,790.026550292969
242,66.2,156.374588012695
243,66.4,2.31757879257202
244,66.6,0.491610288619995
245,66.9,9.6068696975708
246,67.1,986.027404785156
247,67.2,350.728729248047
248,67.4,0.690151989459991
249,67.6,0.124483875930309
250,67.8,1.11938858032227
251,68.0,133.613723754883
252,68.1,2451.94262695313
253,68.3,13.6706495285034
254,68.5,0.172801539301872
255,68.6,0.0828428342938423
256,68.8,0.301063001155853
257,69.0,94.7163314819336
258,69.1,8379.041015625
259,69.3,9.13353252410889
260,69.4,0.380655378103256
261,69.6,0.0720372498035431
262,69.8,0.839146077632904
263,70.0,105.518844604492
264,70.1,9361.6728515625
265,70.3,16.1887893676758
266,70.5,0.236053764820099
267,70.8,0.590705454349518
268,70.9,6.78107690811157
269,71.1,6162.93701171875
270,71.2,438.744354248047
271,71.4,0.907669305801392
272,71.7,0.516647636890411
273,71.9,23.2748832702637
274,72.1,3747.46118164063
275,72.2,168.716064453125
276,72.4,0.736800491809845
277,72.8,0.239392071962357
278,73.0,117.567687988281
279,73.1,21061.474609375
280,73.3,1.36607217788696
281,73.6,0.00465606618672609
282,73.8,1.25520515441895
283,74.0,158.541946411133
284,74.1,3566.76879882813
285,74.3,11.727313041687
286,74.5,0.522094368934631
287,74.7,0.219625756144524
288,74.9,24.5791969299316
289,75.1,836.990844726563
290,75.2,144.931823730469
291,75.4,0.820346117019653
292,75.6,0.435298264026642
293,75.8,8.12676811218262
294,76.0,204.616363525391
295,76.1,300.094360351563
296,76.3,16.9015197753906
297,76.5,0.763331294059753
298,76.8,0.48493367433548
299,76.9,9.93841648101807
300,77.1,1671.8681640625
301,77.2,231.975921630859
302,77.4,0.105771765112877
303,77.7,0.239567771553993
304,77.9,14.7924976348877
305,78.1,1014.89862060547
306,78.2,227.059204101563
307,78.4,1.2450145483017
308,78.9,5.29456186294556
309,79.1,1781.97277832031
310,79.2,242.144424438477
311,79.8,3.21549677848816
312,80.0,144.633758544922
313,80.1,783.6982421875
314,80.3,19.4750938415527
315,80.5,0.329790025949478
316,80.8,0.198541685938835
317,81.0,268.903717041016
318,81.1,2464.8701171875
319,81.3,1.5849951505661
320,81.6,0.0258279889822006
321,81.8,2.42932438850403
322,81.9,17.7983837127686
323,82.1,1548.53991699219
324,82.2,236.715362548828
325,82.4,2.46174120903015
326,82.6,0.184397786855698
327,82.8,1.24027061462402
328,83.0,164.276031494141
329,83.1,1113.27355957031
330,83.3,15.8655891418457
331,83.5,0.237459376454353
332,83.7,0.921461820602417
333,83.9,19.1111297607422
334,84.1,1846.74938964844
335,84.2,223.986389160156
336,84.4,2.48071694374084
337,84.6,0.209259420633316
338,84.8,0.988491594791412
339,85.0,249.684799194336
340,85.1,2834.388671875
341,85.3,5.19204092025757
342,85.5,0.157691299915314
343,85.8,4.94702625274658
344,86.0,138.918731689453
345,86.1,1139.30249023438
346,86.3,9.85100555419922
347,86.4,2.08442425727844
348,86.7,1.58552229404449
349,86.9,36.9125900268555
350,87.1,872.990234375
351,87.2,110.683296203613
352,87.4,2.78476667404175
353,87.7,4.33593940734863
354,87.9,35.4012107849121
355,88.0,56.7140464782715
356,88.1,380.388488769531
357,88.3,16.0822277069092
358,88.5,2.43767023086548
359,88.8,9.9992094039917
360,89.0,178.718521118164
361,89.1,1792.81311035156
362,89.3,11.2747955322266
363,89.4,2.74514627456665
364,89.6,1.26056396961212
365,89.8,11.5382585525513
366,90.0,69.2348251342773
367,90.1,257.135894775391
368,90.3,13.2690858840942
369,90.5,0.525344789028168
370,90.8,1.36211895942688
371,91.0,155.363784790039
372,91.1,1568.02526855469
373,91.3,10.0846872329712
374,91.6,0.224369674921036
375,91.8,4.64157056808472
376,91.9,23.025915145874
377,92.1,423.474395751953
378,92.2,130.438018798828
379,92.4,3.60405874252319
380,92.7,1.53825879096985
381,92.9,29.2444877624512
382,93.1,292.648681640625
383,93.2,125.496002197266
384,93.4,2.57383823394775
385,93.5,1.69674074649811
386,93.8,5.86462259292603
387,93.9,27.489501953125
388,94.1,653.956604003906
389,94.2,141.006332397461
390,94.4,3.26073980331421
391,94.5,1.48291313648224
392,94.8,4.06219816207886
393,95.0,224.511291503906
394,95.1,2523.185546875
395,95.3,17.3859272003174
396,95.5,0.649740815162659
397,95.8,1.67100059986115
398,95.9,26.7613105773926
399,96.1,3496.34448242188
400,96.2,230.866821289063
401,96.4,1.72994816303253
402,96.7,4.68154287338257
403,96.9,46.8513565063477
404,97.1,4539.6103515625
405,97.2,231.747253417969
406,97.4,1.40507769584656
407,97.7,0.47948694229126
408,97.9,15.6929636001587
409,98.1,5932.6630859375
410,98.2,214.961166381836
411,98.4,0.527541041374207
412,98.7,0.655802488327026
413,98.9,24.974084854126
414,99.1,1367.25964355469
415,99.2,148.396377563477
416,99.4,3.69533514976501
417,99.6,0.871650695800781
418,99.8,7.78731441497803
419,99.9,23.179126739502
420,100.1,286.31494140625
421,100.2,87.8662033081055
422,100.4,3.76350688934326
423,100.7,2.29245376586914
424,100.9,39.294563293457
425,101.0,132.770706176758
426,101.1,1323.98889160156
427,101.3,11.7245016098022
428,101.5,0.671615540981293
429,101.7,2.76930499076843
430,101.8,8.13318061828613
431,102.0,127.145393371582
432,102.1,1385.45458984375
433,102.2,77.4687728881836
434,102.4,2.93534207344055
435,102.7,2.24852848052979
436,102.9,50.6501808166504
437,103.0,161.283676147461
438,103.1,803.846252441406
439,103.3,10.4588422775269
440,103.6,1.67741370201111
441,103.8,11.4633226394653
442,104.0,123.507774353027
443,104.1,418.691558837891
444,104.2,99.1709594726563
445,104.4,2.42598605155945
446,104.5,1.63234651088715
447,104.8,6.02169895172119
448,105.0,185.971008300781
449,105.1,678.857238769531
450,105.3,13.1811475753784
451,105.5,0.489589750766754
452,105.7,1.8115611076355
453,105.9,32.2244567871094
454,106.1,275.844329833984
455,106.2,90.4187850952148
456,106.4,4.08249139785767
457,106.5,2.81525087356567
458,106.8,7.29148721694946
459,107.0,128.913909912109
460,107.1,423.648864746094
461,107.3,16.734691619873
462,107.4,4.40059757232666
463,107.7,3.09224271774292
464,107.9,31.6599311828613
465,108.1,378.912750244141
466,108.2,101.267501831055
467,108.4,2.95695328712463
468,108.5,2.11596250534058
469,108.7,1.39163661003113
470,108.9,26.2490558624268
471,109.1,572.205139160156
472,109.2,142.263641357422
473,109.4,3.89045071601868
474,109.6,0.817183494567871
475,109.8,5.38170957565308
476,110.0,174.82438659668
477,110.1,972.475158691406
478,110.2,124.983924865723
479,110.4,2.83861899375916
480,110.6,1.70491087436676
481,110.9,27.327241897583
482,111.1,325.763336181641
483,111.2,125.640693664551
484,111.3,29.2043399810791
485,111.6,2.27585005760193
486,111.8,6.37248516082764
487,111.9,28.6660804748535
488,112.1,1094.87219238281
489,112.2,121.795394897461
490,112.4,3.59729409217834
491,112.7,2.77457618713379
492,112.9,31.6274261474609
493,113.1,286.546783447266
494,113.2,89.1965179443359
495,113.4,5.05499410629272
496,113.7,3.79381537437439
497,113.9,29.2827014923096
498,114.1,488.941040039063
499,114.2,66.4035873413086
500,114.4,2.88148999214172
501,114.7,1.08846521377563
502,114.9,35.2088203430176
503,115.1,1560.92370605469
504,115.2,136.27619934082
505,115.4,0.903803944587708
506,115.6,0.318720906972885
507,115.8,7.17921447753906
508,116.0,154.709564208984
509,116.1,645.132995605469
510,116.3,11.7758941650391
511,116.4,1.96011590957642
512,116.6,0.647193193435669
513,116.8,6.9262056350708
514,117.0,144.896072387695
515,117.1,245.791275024414
516,117.2,129.684967041016
517,117.4,2.49301600456238
518,117.6,0.646841764450073
519,117.8,9.99112701416016
520,117.9,27.1151714324951
521,118.1,227.135116577148
522,118.2,79.678466796875
523,118.4,4.82570505142212
524,118.7,2.42001223564148
525,118.9,49.1065635681152
526,119.1,550.893798828125
527,119.2,106.647987365723
528,119.4,2.38153386116028
529,119.7,2.69445657730103
530,119.8,8.34235286712646
531,120.0,123.446983337402
532,120.1,281.7216796875
533,120.3,15.7364492416382
534,120.6,2.09276986122131
535,120.8,10.0378637313843
536,120.9,30.9680233001709
537,121.1,370.781066894531
538,121.2,102.705703735352
539,121.4,1.86550116539001
540,121.6,1.40112447738647
541,121.8,7.87235355377197
542,122.0,138.648864746094
543,122.1,378.243072509766
544,122.3,16.029167175293
545,122.6,1.67715013027191
546,122.7,1.67767727375031
547,122.9,29.2189235687256
548,123.1,473.603454589844
549,123.2,90.2162857055664
550,123.4,3.20196795463562
551,123.6,1.10919797420502
552,123.8,8.38944053649902
553,124.0,248.517532348633
554,124.1,539.065612792969
555,124.3,10.4773788452148
556,124.5,1.2253360748291
557,124.7,3.49257659912109
558,124.9,40.099796295166
559,125.1,246.668182373047
560,125.2,96.2714538574219
561,125.4,6.2859525680542
562,125.7,5.28885173797607
563,125.9,37.2302551269531
564,126.1,1041.63757324219
565,126.2,89.8558349609375
566,126.4,2.35157680511475
567,126.6,3.1684091091156
568,126.8,12.626636505127
569,126.9,30.5721683502197
570,127.1,231.384780883789
571,127.2,82.094612121582
572,127.4,4.0345253944397
573,127.7,3.42036366462708
574,127.9,34.9833068847656
575,128.1,372.543518066406
576,128.2,82.7305603027344
577,128.3,16.6781158447266
578,128.6,1.36273396015167
579,128.8,5.28735828399658
580,129.0,191.673110961914
581,129.1,535.830078125
582,129.2,145.507064819336
583,129.4,1.80725646018982
584,129.7,1.87208998203278
585,129.9,32.7102699279785
586,130.1,237.800933837891
587,130.2,74.4113159179688
588,130.4,4.25722551345825
589,130.7,3.14873051643372
590,130.9,36.0808219909668
591,131.1,579.620727539063
592,131.2,104.476058959961
593,131.4,1.73759114742279
594,131.6,1.8495124578476
595,131.8,11.4576997756958
596,132.0,102.867172241211
597,132.1,355.866546630859
598,132.3,14.3628215789795
599,132.5,0.842132985591888
600,132.7,1.09285771846771
601,132.9,49.6225967407227
602,133.1,892.549682617188
603,133.2,97.4311676025391
604,133.4,0.74136871099472
605,133.6,1.18474924564362
606,133.8,15.5436172485352
607,133.9,42.8507423400879
608,134.1,282.647003173828
609,134.2,83.2937698364258
610,134.4,2.50601768493652
611,134.5,1.60730910301208
612,134.8,7.99859428405762
613,135.0,201.030303955078
614,135.1,398.720550537109
615,135.3,13.9132919311523
616,135.6,1.01590085029602
617,135.8,8.02196216583252
618,135.9,29.8416061401367
619,136.1,244.034957885742
620,136.2,87.0549087524414
621,136.4,2.00614953041077
622,136.5,1.95677769184113
623,136.7,1.5849951505661
624,136.9,50.2861289978027
625,137.0,180.708068847656
626,137.1,334.091369628906
627,137.3,9.70693111419678
628,137.5,0.432662755250931
629,137.7,2.40332078933716
630,137.8,7.44065713882446
631,138.0,107.331550598145
632,138.1,111.703590393066
633,138.2,74.5592575073242
634,138.4,3.48106837272644
635,138.7,2.46876931190491
636,138.9,44.7797584533691
637,139.1,297.377319335938
638,139.2,69.9333190917969
639,139.3,12.6523761749268
640,139.6,1.56452608108521
641,139.8,9.15654945373535
642,140.0,72.1279067993164
643,140.1,100.282791137695
644,140.3,18.9442157745361
645,140.6,3.11236047744751
646,140.8,11.0939121246338
647,141.0,97.6295318603516
648,141.1,189.407180786133
649,141.3,16.9178600311279
650,141.4,4.89176845550537
651,141.7,4.1297550201416
652,141.9,35.4082412719727
653,142.1,153.454010009766
654,142.2,66.1438140869141
655,142.3,21.7199325561523
656,142.5,2.42501974105835
657,142.8,9.48431873321533
658,142.9,22.8380031585693
659,143.1,148.073699951172
660,143.2,54.5224456787109
661,143.3,19.2148818969727
662,143.5,2.3199508190155
663,143.8,9.6076602935791
664,144.0,103.519020080566
665,144.1,710.467895507813
666,144.2,66.3384857177734
667,144.4,3.92172527313232
668,144.7,3.65053153038025
669,144.9,35.6903266906738
670,145.1,290.541168212891
671,145.2,85.8048858642578
672,145.4,3.74198365211487
673,145.6,1.12193620204926
674,145.8,10.3110780715942
675,145.9,22.1857147216797
676,146.1,188.606964111328
677,146.2,63.191162109375
678,146.4,2.26170611381531
679,146.5,1.3955899477005
680,146.8,9.03355884552002
681,147.0,262.038482666016
682,147.1,575.63623046875
683,147.3,9.91443347930908
684,147.6,0.864534854888916
685,147.8,9.68171882629395
686,148.0,134.944564819336
687,148.1,265.607574462891
688,148.3,14.4072742462158
689,148.5,1.90257406234741
690,148.8,11.5109376907349
691,149.0,189.62532043457
692,149.1,348.966430664063
693,149.3,13.2568740844727
694,149.5,0.63911098241806
695,149.7,3.30448913574219
696,149.9,37.4977607727051
697,150.1,186.368270874023
698,150.2,64.8554000854492
699,150.4,2.83167886734009
700,150.5,2.68813133239746
701,150.8,12.4691209793091
702,151.0,119.297637939453
703,151.1,166.972244262695
704,151.3,15.3781957626343
705,151.6,1.99297201633453
706,151.7,2.2263023853302
707,151.9,38.8929977416992
708,152.1,205.307998657227
709,152.2,62.8940544128418
710,152.3,17.0786266326904
711,152.5,2.30352282524109
712,152.8,12.6876039505005
713,153.0,124.293510437012
714,153.1,175.196075439453
715,153.3,13.5271892547607
716,153.5,0.876306772232056
717,153.7,2.91821146011353
718,153.9,35.7968902587891
719,154.1,128.748306274414
720,154.2,67.2895584106445
721,154.4,3.99929714202881
722,154.6,3.20196795463562
723,154.8,14.5928134918213
724,155.0,109.952301025391
725,155.1,164.643508911133
726,155.3,13.9698677062988
727,155.4,4.2292013168335
728,155.7,5.31749105453491
729,155.9,26.6516742706299
730,156.1,80.1130599975586
731,156.2,43.8790283203125
732,156.4,4.11438131332397
733,156.5,3.4149169921875
734,156.8,12.2276201248169
735,157.0,77.460334777832
736,157.1,118.810241699219
737,157.3,16.4671001434326
738,157.5,1.26864624023438
739,157.7,3.68391466140747
740,157.9,25.8163051605225
741,158.1,107.631118774414
742,158.2,37.8918571472168
743,158.3,14.3015022277832
744,158.6,3.5103223323822
745,158.8,16.8224544525146
746,158.9,38.5664596557617
747,159.1,186.699295043945
748,159.2,50.3267135620117
749,159.3,11.4327507019043
750,159.5,0.824299395084381
751,159.7,3.46358609199524
752,159.8,7.37907409667969
753,160.0,76.6225051879883
754,160.1,125.155670166016
755,160.3,12.9161033630371
756,160.6,3.41219353675842
757,160.8,19.8381805419922
758,161.0,119.804092407227
759,161.1,129.155319213867
760,161.3,11.2287626266479
761,161.5,0.993586957454681
762,161.7,4.73978757858276
763,161.9,36.2270927429199
764,162.1,144.660629272461
765,162.2,44.0097503662109
766,162.3,12.0924186706543
767,162.6,3.077308177948
768,162.8,22.7790565490723
769,163.0,198.636825561523
770,163.1,115.880790710449
771,163.2,55.7867889404297
772,163.4,2.21628737449646
773,163.6,3.41913390159607
774,163.8,16.9779491424561
775,163.9,28.1106910705566
776,164.1,124.934814453125
777,164.2,51.5389633178711
778,164.4,4.0027232170105
779,164.7,5.33453416824341
780,164.9,54.9598541259766
781,165.1,204.587631225586
782,165.2,70.3032608032227
783,165.4,3.63340067863464
784,165.6,1.57568299770355
785,165.8,11.2532720565796
786,166.0,68.115608215332
787,166.1,100.987083435059
788,166.3,16.2154083251953
789,166.5,1.55328118801117
790,166.7,5.58323812484741
791,166.9,35.5989646911621
792,167.1,108.286918640137
793,167.2,48.7473411560059
794,167.4,3.83984899520874
795,167.7,3.7185275554657
796,167.9,21.8111209869385
797,168.0,31.3619441986084
798,168.1,71.488883972168
799,168.3,12.0229291915894
800,168.4,5.64508485794067
801,168.7,4.38267612457275
802,168.9,23.0325050354004
803,169.1,65.9165420532227
804,169.2,43.300537109375
805,169.4,5.21259784698486
806,169.7,4.29781246185303
807,169.9,21.9994735717773
808,170.1,68.3191604614258
809,170.2,39.0708961486816
810,170.4,3.10304832458496
811,170.6,3.06219792366028
812,170.8,8.37187004089355
813,171.0,63.8499526977539
814,171.1,106.803916931152
815,171.3,22.1998596191406
816,171.6,2.77510333061218
817,171.8,7.94693851470947
818,172.0,52.3520164489746
819,172.1,77.0141448974609
820,172.3,14.1072654724121
821,172.5,1.43020296096802
822,172.7,4.17341661453247
823,172.8,7.19274377822876
824,173.0,52.1383628845215
825,173.1,76.3246917724609
826,173.3,13.1719226837158
827,173.5,1.16102957725525
828,173.7,3.56997275352478
829,173.8,6.20969867706299
830,174.0,59.3654556274414
831,174.1,62.3701133728027
832,174.2,41.5660209655762
833,174.4,3.93797779083252
834,174.6,1.37556004524231
835,174.8,11.7808132171631
836,175.0,68.6739883422852
837,175.1,86.1221084594727
838,175.3,12.7592897415161
839,175.6,3.15549492835999
840,175.8,16.5316696166992
841,176.0,96.9121475219727
842,176.1,113.137748718262
843,176.3,10.9631910324097
844,176.6,2.11429333686829
845,176.8,16.2894668579102
846,177.0,235.977508544922
847,177.1,113.870506286621
848,177.2,46.5916709899902
849,177.4,3.32522177696228
850,177.7,4.81586599349976
851,177.9,46.287181854248
852,178.1,150.940963745117
853,178.2,55.3275947570801
854,178.4,2.3000967502594
855,178.6,2.72485280036926
856,178.8,19.6724948883057
857,179.0,121.535362243652
858,179.1,113.792938232422
859,179.3,11.4672756195068
860,179.4,3.59026622772217
861,179.7,4.47061395645142
862,179.9,28.4086799621582
863,180.1,79.5235900878906
864,180.2,43.2407989501953
865,180.4,5.19854164123535
866,180.7,5.78889560699463
867,180.8,9.39435958862305
868,181.0,59.739875793457
869,181.1,44.1055068969727
870,181.2,41.8510932922363
871,181.4,4.49336719512939
872,181.7,3.80874991416931
873,181.9,27.8411674499512
874,182.1,93.0790634155273
875,182.2,48.3945350646973
876,182.4,4.31942367553711
877,182.7,3.78055000305176
878,182.9,20.8907146453857
879,183.0,23.5263996124268
880,183.2,51.7545471191406
881,183.3,14.9471139907837
882,183.5,1.46569442749023
883,183.7,3.85829734802246
884,183.9,18.7705345153809
885,184.1,50.0849494934082
886,184.2,30.8636569976807
887,184.4,3.03514003753662
888,184.6,2.85170865058899
889,184.7,3.14460158348083
890,184.9,23.304313659668
891,185.1,84.216552734375
892,185.2,59.3309326171875
893,185.4,6.12167263031006
894,185.6,1.48590004444122
895,185.8,8.49600315093994
896,186.0,41.8240356445313
897,186.1,61.1770172119141
898,186.3,13.1991567611694
899,186.6,3.24316954612732
900,186.8,11.1782484054565
901,187.0,37.0148468017578
902,187.1,44.754020690918
903,187.3,8.5578498840332
904,187.4,4.02723360061646
905,187.6,1.1516295671463
906,187.8,7.81059455871582
907,188.0,37.8443298339844
908,188.1,48.8182373046875
909,188.3,10.3676538467407
910,188.6,2.83334803581238
911,188.8,13.5805149078369
912,188.9,25.5705871582031
913,189.1,89.0735321044922
914,189.2,45.1909866333008
915,189.4,4.38996744155884
916,189.6,1.29667043685913
917,189.8,11.8961610794067
918,189.9,19.8856182098389
919,190.1,87.8819274902344
920,190.2,36.3706398010254
921,190.4,2.96538686752319
922,190.7,3.61319518089294
923,190.9,71.7288055419922
924,191.0,795.58984375
925,191.2,44.9485206604004
926,191.4,2.41834306716919
927,191.7,3.95475697517395
928,191.9,57.4672775268555
929,192.0,101.555740356445
930,192.1,138.709564208984
931,192.3,9.69999122619629
932,192.4,3.63893532752991
933,192.6,1.14319598674774
934,192.8,13.5221824645996
935,193.0,496.369750976563
936,193.1,450.159271240234
937,193.3,6.59316539764404
938,193.6,1.3405077457428
939,193.8,15.0219621658325
940,194.0,134.624359130859
941,194.1,138.068176269531
942,194.3,12.9149608612061
943,194.5,1.4157954454422
944,194.7,5.60537624359131
945,194.9,52.6535186767578
946,195.1,134.897735595703
947,195.2,47.4518127441406
948,195.4,3.03645777702332
949,195.7,3.95537209510803
950,195.9,22.7702713012695
951,196.1,57.9432487487793
952,196.2,35.9020462036133
953,196.4,5.34542751312256
954,196.7,6.54449605941772
955,196.9,31.1633129119873
956,197.1,70.5220947265625
957,197.2,36.5945701599121
958,197.4,2.85126948356628
959,197.6,2.75076866149902
960,197.8,9.44794845581055
961,198.0,35.7664947509766
962,198.1,44.6399879455566
963,198.3,11.6681890487671
964,198.5,1.23227620124817
965,198.7,4.24659585952759
966,198.9,18.0836334228516
967,199.1,42.882194519043
968,199.2,28.9811992645264
969,199.4,4.82052183151245
970,199.6,1.52552056312561
971,199.8,9.89510631561279
972,199.9,15.413423538208
973,200.1,48.5856094360352
974,200.2,20.9503650665283
975,200.3,13.6868133544922
976,200.5,2.26882195472717
977,200.7,5.84757995605469
978,200.9,19.3222351074219
979,201.1,37.1188621520996
980,201.2,22.0157260894775
981,201.4,4.24501466751099
982,201.7,3.69489598274231
983,201.9,20.7853813171387
984,202.1,52.6164474487305
985,202.2,29.9305992126465
986,202.4,4.54265117645264
987,202.7,5.56110000610352
988,202.9,29.940788269043
989,203.1,69.739875793457
990,203.2,34.4937171936035
991,203.4,4.01563739776611
992,203.7,3.90310120582581
993,203.9,19.3040504455566
994,204.1,45.2689094543457
995,204.2,28.3824996948242
996,204.4,2.86058163642883
997,204.6,3.10085225105286
998,204.8,13.2999210357666
999,204.9,21.9804973602295
1000,205.1,84.8907165527344
1001,205.2,42.6001930236816
1002,205.4,4.68655014038086
1003,205.6,1.46015989780426
1004,205.8,9.66107368469238
1005,205.9,15.5540714263916
1006,206.1,42.221996307373
1007,206.2,18.9509792327881
1008,206.4,1.68997633457184
1009,206.6,0.252042531967163
1010,206.8,4.0178337097168
1011,207.0,939.469055175781
1012,207.1,6883.31494140625
1013,207.3,1.53044009208679
1014,207.4,0.188790306448936
1015,207.7,1.03478872776031
1016,207.9,38.9766311645508
1017,208.1,1626.77075195313
1018,208.2,65.2202377319336
1019,208.4,2.61170172691345
1020,208.7,3.29658269882202
1021,208.9,43.6041450500488
1022,209.1,1081.9453125
1023,209.2,53.7642097473145
1024,209.4,1.05745410919189
1025,209.6,1.2075902223587
1026,209.8,10.9586229324341
1027,210.0,108.757972717285
1028,210.1,123.916633605957
1029,210.3,13.9689884185791
1030,210.5,1.71132385730743
1031,210.7,5.17719411849976
1032,210.9,64.4860763549805
1033,211.1,238.163314819336
1034,211.2,54.1684074401855
1035,211.4,1.74532198905945
1036,211.6,1.7933760881424
1037,211.7,2.98181509971619
1038,211.9,28.0769577026367
1039,212.1,60.814022064209
1040,212.2,31.6008968353271
1041,212.4,4.05850839614868
1042,212.7,4.66757440567017
1043,212.9,40.5213050842285
1044,213.0,55.7022743225098
1045,213.1,111.883598327637
1046,213.3,13.1714839935303
1047,213.4,3.97821307182312
1048,213.7,3.32759380340576
1049,213.9,18.7479572296143
1050,214.1,41.9508056640625
1051,214.2,24.9178600311279
1052,214.4,3.01379251480103
1053,214.6,4.07827472686768
1054,214.8,21.4249324798584
1055,215.0,92.68505859375
1056,215.1,82.2721633911133
1057,215.3,10.8793811798096
1058,215.6,2.6017746925354
1059,215.8,11.7765092849731
1060,215.9,15.5880699157715
1061,216.1,48.2956161499023
1062,216.2,26.2620582580566
1063,216.4,3.75480985641479
1064,216.7,5.36624813079834
1065,216.9,21.4187831878662
1066,217.0,17.8455600738525
1067,217.1,33.0326805114746
1068,217.3,10.7946062088013
1069,217.6,3.24826502799988
1070,217.8,8.94518184661865
1071,218.0,26.0342617034912
1072,218.1,32.2004737854004
1073,218.3,11.6793460845947
1074,218.6,3.7727313041687
1075,218.8,12.6508827209473
1076,219.0,38.9632797241211
1077,219.1,43.4878311157227
1078,219.3,11.4644641876221
1079,219.5,1.73381352424622
1080,219.7,5.86602830886841
1081,219.9,21.2103137969971
1082,220.0,20.067907333374
1083,220.1,42.4059562683105
1084,220.3,10.1983661651611
1085,220.6,2.65993142127991
1086,220.7,2.23368191719055
1087,220.9,28.3357639312744
1088,221.1,299.774932861328
1089,221.2,92.1756973266602
1090,221.4,4.02714586257935
1091,221.7,3.25494146347046
1092,221.9,27.1460952758789
1093,222.0,38.8899230957031
1094,222.1,77.4507598876953
1095,222.3,16.157075881958
1096,222.6,4.15769147872925
1097,222.8,16.1231670379639
1098,223.0,87.7281036376953
1099,223.1,66.1751708984375
1100,223.2,42.2542381286621
1101,223.4,2.8296582698822
1102,223.6,2.71940612792969
1103,223.8,9.71879100799561
1104,224.0,35.0415534973145
1105,224.1,21.9251518249512
1106,224.2,26.1274700164795
1107,224.4,3.40630769729614
1108,224.6,3.29702186584473
1109,224.8,13.4533958435059
1110,225.0,92.4111404418945
1111,225.1,109.150398254395
1112,225.3,11.8782396316528
1113,225.6,2.34806299209595
1114,225.8,10.2479133605957
1115,226.0,35.7296829223633
1116,226.1,42.9521217346191
1117,226.3,12.1484670639038
1118,226.5,1.61266803741455
1119,226.7,3.48651504516602
1120,226.9,18.4651679992676
1121,227.1,70.1496963500977
1122,227.2,40.0149345397949
1123,227.3,31.0184478759766
1124,227.5,2.24677157402039
1125,227.7,3.31019949913025
1126,227.9,13.3989286422729
1127,228.1,31.9481678009033
1128,228.2,26.9552841186523
1129,228.4,4.39989471435547
1130,228.6,3.21769309043884
1131,228.8,8.83246994018555
1132,229.0,26.4380207061768
1133,229.2,31.5598697662354
1134,229.3,9.94263362884521
1135,229.5,1.24817705154419
1136,229.7,4.41034889221191
1137,229.9,15.7730827331543
1138,230.1,29.5512599945068
1139,230.2,13.860405921936
1140,230.3,12.4982872009277
1141,230.6,3.78784155845642
1142,230.8,9.29623126983643
1143,231.0,20.3705520629883
1144,231.1,12.6753931045532
1145,231.2,19.5276298522949
1146,231.4,5.08451175689697
1147,231.7,3.50654482841492
1148,231.8,4.27778244018555
1149,232.0,17.3522796630859
1150,232.2,21.8749008178711
1151,232.3,11.0578937530518
1152,232.6,3.9627513885498
1153,232.8,13.6878681182861
1154,233.0,37.9682846069336
1155,233.1,38.646842956543
1156,233.3,7.93885612487793
1157,233.4,5.05227088928223
1158,233.6,1.60704565048218
1159,233.8,7.8655891418457
1160,234.0,22.4598083496094
1161,234.2,26.2610912322998
1162,234.3,7.32689094543457
1163,234.4,4.78828096389771
1164,234.7,7.56742525100708
1165,234.9,25.6140727996826
1166,235.1,39.8725280761719
1167,235.2,11.6905908584595
1168,235.3,8.97707080841064
1169,235.6,3.20961093902588
1170,235.8,8.38618946075439
1171,236.0,21.6744270324707
1172,236.2,24.2858657836914
1173,236.3,6.33831167221069
1174,236.4,5.18580341339111
1175,236.6,2.34964418411255
1176,236.8,13.6498289108276
1177,237.0,37.9365730285645
1178,237.1,30.9695167541504
1179,237.3,10.583062171936
1180,237.6,4.45770025253296
1181,237.8,8.91171073913574
1182,238.0,18.3263645172119
1183,238.2,20.6892738342285
1184,238.3,8.85689163208008
1185,238.6,3.54994297027588
1186,238.8,9.49257659912109
1187,239.0,21.8834228515625
1188,239.1,12.3353242874146
1189,239.2,16.3774929046631
1190,239.4,4.68013715744019
1191,239.7,3.83932185173035
1192,239.9,9.95317554473877
1193,240.0,8.50549030303955
1194,240.2,16.8657646179199
1195,240.3,7.37441778182983
1196,240.5,1.33453392982483
1197,240.7,3.51058602333069
1198,240.9,10.6426248550415
1199,241.1,24.8172721862793
1200,241.2,22.3873329162598
1201,241.4,6.51919507980347
1202,241.7,3.22120714187622
1203,241.9,8.36308574676514
1204,242.1,16.2218227386475
1205,242.2,14.4439077377319
1206,242.4,4.38970375061035
1207,242.6,1.16129314899445
1208,242.8,5.24984645843506
1209,242.9,5.04866886138916
1210,243.1,15.1933584213257
1211,243.2,16.5004825592041
1212,243.4,3.63726615905762
1213,243.7,3.07124662399292
1214,243.8,3.27945184707642
1215,244.0,12.5637350082397
1216,244.2,16.5836772918701
1217,244.3,7.10243368148804
1218,244.5,1.26267242431641
1219,244.7,2.84933662414551
1220,244.9,8.81727123260498
1221,245.1,14.6308526992798
1222,245.2,12.8611965179443
1223,245.4,2.95396637916565
1224,245.5,2.97364497184753
1225,245.8,6.09039783477783
1226,246.0,14.142053604126
1227,246.2,18.1070022583008
1228,246.3,9.15654945373535
1229,246.6,2.95168232917786
1230,246.8,5.98603200912476
1231,247.0,14.556004524231
1232,247.2,17.2330665588379
1233,247.3,5.60300445556641
1234,247.4,4.74866008758545
1235,247.7,4.53096723556519
1236,247.9,12.1996841430664
1237,248.1,19.5604858398438
1238,248.2,13.4960031509399
1239,248.4,3.99086356163025
1240,248.7,7.9619607925415
1241,248.8,16.9126758575439
1242,249.0,134.557403564453
1243,249.1,62.9389457702637
1244,249.3,6.73469209671021
1245,249.6,3.51796531677246
1246,249.8,16.4690322875977
1247,250.0,47.6558036804199
1248,250.1,24.4942455291748
1249,250.2,19.638671875
1250,250.4,2.60836338996887
1251,250.6,4.7528772354126
1252,250.7,6.10910987854004
1253,250.9,62.8799095153809
1254,251.0,124.638053894043
1255,251.2,23.0845127105713
1256,251.5,3.24729871749878
1257,251.6,2.19678473472595
1258,251.8,16.2590713500977
1259,251.9,18.704647064209
1260,252.1,44.9591484069824
1261,252.2,18.7014846801758
1262,252.4,2.88157773017883
1263,252.6,5.00166893005371
1264,252.8,20.4653434753418
1265,253.0,78.0152893066406
1266,253.1,60.2752342224121
1267,253.3,8.97179985046387
1268,253.6,2.93727493286133
1269,253.8,9.73117828369141
1270,254.0,25.7223930358887
1271,254.1,22.68479347229
1272,254.3,5.27997875213623
1273,254.4,4.35113763809204
1274,254.6,2.01194763183594
1275,254.8,10.0482301712036
1276,255.0,24.557409286499
1277,255.1,23.1913375854492
1278,255.3,7.4506721496582
1279,255.5,1.22401821613312
1280,255.7,3.10436606407166
1281,255.9,9.75700569152832
1282,256.1,16.6706485748291
1283,256.3,20.5036449432373
1284,256.4,2.98084855079651
1285,256.6,3.1330931186676
1286,256.8,5.53500843048096
1287,257.0,12.7470788955688
1288,257.2,14.052095413208
1289,257.3,7.51629638671875
1290,257.5,1.56382322311401
1291,257.7,2.96652913093567
1292,257.8,2.605464220047
1293,258.0,9.53817081451416
1294,258.1,6.27426862716675
1295,258.2,9.5058422088623
1296,258.4,2.11938858032227
1297,258.6,2.81753492355347
1298,258.8,7.09628391265869
1299,259.0,18.1384525299072
1300,259.1,19.0812606811523
1301,259.3,7.42739152908325
1302,259.5,2.76262855529785
1303,259.7,1.93481504917145
1304,259.9,7.15575838088989
1305,260.1,12.9626636505127
1306,260.2,6.87999629974365
1307,260.3,8.03136253356934
1308,260.5,3.17561268806458
1309,260.8,4.78845643997192
1310,261.0,9.54440879821777
1311,261.2,11.64710521698
1312,261.3,6.80585098266602
1313,261.5,1.53333914279938
1314,261.7,2.86163568496704
1315,261.9,6.29341983795166
1316,262.1,10.5587282180786
1317,262.2,9.32513427734375
1318,262.4,2.37986469268799
1319,262.6,3.04436445236206
1320,262.8,7.03891754150391
1321,263.0,14.2524814605713
1322,263.2,14.8319425582886
1323,263.3,6.45234107971191
1324,263.5,1.24097335338593
1325,263.7,3.15988755226135
1326,263.8,3.34393382072449
1327,264.0,10.5003957748413
1328,264.2,12.8115606307983
1329,264.3,3.83361148834229
1330,264.5,3.61776328086853
1331,264.7,6.05701494216919
1332,264.8,12.9291048049927
1333,265.0,125.319160461426
1334,265.1,94.1185073852539
1335,265.3,6.40411138534546
1336,265.6,2.57673716545105
1337,265.8,11.0804710388184
1338,266.0,38.6705627441406
1339,266.1,33.2912254333496
1340,266.3,6.38785886764526
1341,266.6,2.87270498275757
1342,266.8,27.9667930603027
1343,267.0,448.898620605469
1344,267.1,206.151977539063
1345,267.3,4.91127109527588
1346,267.6,2.454185962677
1347,267.8,21.3848724365234
1348,268.0,116.915489196777
1349,268.1,47.1408233642578
1350,268.2,26.5017127990723
1351,268.4,3.92216467857361
1352,268.7,8.37986469268799
1353,268.9,51.1556701660156
1354,269.0,70.5842056274414
1355,269.1,76.4436416625977
1356,269.3,7.1728892326355
1357,269.4,2.90845990180969
1358,269.6,1.05745410919189
1359,269.8,7.46499156951904
1360,270.0,33.7675476074219
1361,270.2,75.0769577026367
1362,270.3,28.7762451171875
1363,270.4,23.4299392700195
1364,270.7,11.2212953567505
1365,270.8,11.0779228210449
1366,271.0,51.467098236084
1367,271.1,53.9695167541504
1368,271.3,15.1966972351074
1369,271.6,4.02415895462036
1370,271.7,3.09066152572632
1371,271.9,13.1038389205933
1372,272.0,9.52253341674805
1373,272.2,18.436351776123
1374,272.3,8.28243827819824
1375,272.5,1.69691646099091
1376,272.7,5.03197765350342
1377,272.9,13.0201177597046
1378,273.1,17.7724685668945
1379,273.2,11.6769742965698
1380,273.4,4.09909534454346
1381,273.6,1.19002020359039
1382,273.8,4.83185434341431
1383,274.0,9.42089080810547
1384,274.2,11.3692350387573
1385,274.3,4.41922187805176
1386,274.4,4.86093282699585
1387,274.7,4.38882541656494
1388,274.9,9.3566722869873
1389,275.1,12.2244577407837
1390,275.2,8.77027130126953
1391,275.4,1.93894398212433
1392,275.6,2.3595712184906
1393,275.8,4.00518321990967
1394,276.0,7.81753492355347
1395,276.2,9.40147590637207
1396,276.3,5.5847315788269
1397,276.6,2.83861899375916
1398,276.7,1.88456475734711
1399,276.9,7.38944053649902
1400,277.1,9.85179615020752
1401,277.2,7.51330947875977
1402,277.4,2.97742247581482
1403,277.7,2.52648687362671
1404,277.9,5.14389896392822
1405,278.1,7.71053314208984
1406,278.2,6.92216444015503
1407,278.4,3.50285506248474
1408,278.7,4.21145582199097
1409,278.8,4.42897319793701
1410,279.0,16.1700782775879
1411,279.1,18.27321434021
1412,279.3,4.67038583755493
1413,279.4,3.60766053199768
1414,279.6,1.20073795318604
1415,279.8,4.72327136993408
1416,280.0,9.83203029632568
1417,280.1,6.66581726074219
1418,280.3,1.84591054916382
1419,280.6,0.741456568241119
1420,280.8,11.5531930923462
1421,281.0,654.833374023438
1422,281.1,2032.54577636719
1423,281.3,5.01045417785645
1424,281.4,0.682772576808929
1425,281.7,2.49486064910889
1426,281.9,52.2801551818848
1427,282.0,247.177368164063
1428,282.1,486.727142333984
1429,282.3,9.1561975479126
1430,282.6,2.4158833026886
1431,282.8,14.4931039810181
1432,283.0,233.009399414063
1433,283.1,358.876647949219
1434,283.3,7.56259346008301
1435,283.4,2.53931307792664
1436,283.7,2.9623122215271
1437,283.9,30.971887588501
1438,284.1,89.8939666748047
1439,284.2,33.2138290405273
1440,284.4,4.53202152252197
1441,284.7,8.01792144775391
1442,284.8,15.0233678817749
1443,285.0,110.080558776855
1444,285.1,101.056312561035
1445,285.3,9.57146644592285
1446,285.6,2.49424576759338
1447,285.8,10.592022895813
1448,286.0,29.9302463531494
1449,286.1,30.8635692596436
1450,286.3,5.81885290145874
1451,286.4,3.98541688919067
1452,286.7,5.49169826507568
1453,286.9,24.2995700836182
1454,287.0,21.9458847045898
1455,287.1,40.3752975463867
1456,287.3,10.9833087921143
1457,287.6,2.7571816444397
1458,287.8,5.38671684265137
1459,288.0,12.6131954193115
1460,288.2,14.4099969863892
1461,288.3,6.68286037445068
1462,288.5,2.03716063499451
1463,288.7,7.76377058029175
1464,288.9,27.2538871765137
1465,289.0,26.9052085876465
1466,289.1,34.2537994384766
1467,289.3,5.27927589416504
1468,289.4,3.32697892189026
1469,289.7,4.06755685806274
1470,289.8,4.42958784103394
1471,290.0,12.8596153259277
1472,290.1,12.9102172851563
1473,290.3,5.68119144439697
1474,290.5,1.44865155220032
1475,290.7,3.83897042274475
1476,290.9,8.92269134521484
1477,291.1,11.7919702529907
1478,291.2,7.48150730133057
1479,291.4,2.46182894706726
1480,291.7,2.56101202964783
1481,291.8,1.94834399223328
1482,292.0,5.7533164024353
1483,292.2,7.19291925430298
1484,292.3,4.06931400299072
1485,292.5,1.42941224575043
1486,292.7,6.62619686126709
1487,292.9,15.9691648483276
1488,293.0,11.1128873825073
1489,293.1,16.5512599945068
1490,293.3,5.17280149459839
1491,293.5,0.865589022636414
1492,293.7,2.98559260368347
1493,293.8,3.15962409973145
1494,294.0,8.61934471130371
1495,294.1,8.17991733551025
1496,294.3,3.84626197814941
1497,294.6,3.12263894081116
1498,294.8,10.7733459472656
1499,295.0,41.9808502197266
1500,295.1,47.4650802612305
1501,295.3,10.3257493972778
1502,295.5,1.2271808385849
1503,295.7,3.30835461616516
1504,295.9,11.5054025650024
1505,296.1,19.6826839447021
1506,296.2,13.3883857727051
1507,296.4,4.18676996231079
1508,296.6,2.24097347259521
1509,296.8,12.3859262466431
1510,296.9,12.3048400878906
1511,297.1,29.6542205810547
1512,297.2,14.9500131607056
1513,297.4,1.97715890407562
1514,297.6,2.53676533699036
1515,297.7,2.18123507499695
1516,297.9,7.4902925491333
1517,298.0,5.49556350708008
1518,298.1,10.0379514694214
1519,298.3,5.09584474563599
1520,298.6,3.11534738540649
1521,298.7,3.15347456932068
1522,298.9,23.8112106323242
1523,299.1,55
1524,299.2,25.182201385498
1525,299.4,2.96608972549438
1526,299.7,2.56891846656799
1527,299.9,10.620662689209
1528,300.0,8.64244937896729
1529,300.2,17.0538520812988
1530,300.3,6.32794523239136
1531,300.6,2.5821840763092
1532,300.7,2.29043316841125
1533,300.9,9.79899883270264
1534,301.1,15.0139684677124
1535,301.2,6.09681081771851
1536,301.3,5.4304666519165
1537,301.5,0.961609423160553
1538,301.7,2.3391900062561
1539,301.9,4.93639659881592
1540,302.0,3.5103223323822
1541,302.2,7.51339721679688
1542,302.3,4.96213674545288
1543,302.6,2.27664065361023
1544,302.8,4.12334203720093
1545,303.0,7.35992288589478
1546,303.1,4.37406635284424
1547,303.2,6.11736822128296
1548,303.4,1.39067029953003
1549,303.6,2.18422198295593
1550,303.8,3.12518668174744
1551,303.9,2.18299221992493
1552,304.1,5.99086380004883
1553,304.3,5.67275762557983
1554,304.4,2.98532891273499
1555,304.7,2.63146805763245
1556,304.9,4.13458681106567
1557,305.0,2.9244487285614
1558,305.1,5.29702186584473
1559,305.3,3.6412193775177
1560,305.6,1.93745052814484
1561,305.7,1.17982959747314
1562,305.9,3.2999210357666
1563,306.0,2.24721074104309
1564,306.2,5.01265048980713
1565,306.3,1.97382056713104
1566,306.5,2.57928490638733
1567,306.7,2.92532730102539
1568,306.9,6.08486318588257
1569,307.1,7.45664596557617
1570,307.2,6.47878408432007
1571,307.4,2.81630492210388
1572,307.6,0.868312418460846
1573,307.8,3.0017569065094
1574,308.0,4.74576139450073
1575,308.2,5.10779237747192
1576,308.3,3.46103835105896
1577,308.5,1.27462005615234
1578,308.7,3.37617492675781
1579,308.9,8.03303146362305
1580,309.0,5.16832113265991
1581,309.1,8.82394790649414
1582,309.3,2.21453046798706
1583,309.4,2.4335412979126
1584,309.7,2.29412269592285
1585,309.9,4.28683137893677
1586,310.0,2.94623565673828
1587,310.2,5.55925512313843
1588,310.3,3.35271906852722
1589,310.6,2.94693851470947
1590,310.7,3.41052436828613
1591,310.9,14.3644027709961
1592,311.1,18.5018005371094
1593,311.2,9.19212818145752
1594,311.4,2.49134683609009
1595,311.7,3.16753053665161
1596,311.9,6.59272623062134
1597,312.0,3.88359832763672
1598,312.1,7.38812255859375
1599,312.3,3.8669068813324
1600,312.6,2.9602038860321
1601,312.8,9.40323257446289
1602,313.0,19.3132743835449
1603,313.1,16.9199676513672
1604,313.3,3.17851185798645
1605,313.4,2.36413955688477
1606,313.7,2.88860583305359
1607,313.9,5.98163938522339
1608,314.1,7.86154794692993
1609,314.2,3.34779930114746
1610,314.3,3.80400586128235
1611,314.6,2.226478099823
1612,314.8,3.83413863182068
1613,315.0,6.60300445556641
1614,315.2,6.89291048049927
1615,315.3,2.19652104377747
1616,315.4,2.37907409667969
1617,315.7,2.14688563346863
1618,315.9,3.20653605461121
1619,316.1,4.80084323883057
1620,316.2,4.26214551925659
1621,316.4,1.56918215751648
1622,316.6,2.24404811859131
1623,316.8,2.50513935089111
1624,317.0,3.95458149909973
1625,317.2,4.75112009048462
1626,317.4,2.99639821052551
1627,317.6,1.96178507804871
1628,317.8,2.30888175964355
1629,318.0,3.72502851486206
1630,318.2,4.27022743225098
1631,318.3,3.46947193145752
1632,318.6,2.02143549919128
1633,318.8,2.21971368789673
1634,318.9,1.59632790088654
1635,319.1,3.56189060211182
1636,319.3,3.19713616371155
1637,319.4,1.28164803981781
1638,319.6,1.72221732139587
1639,319.8,2.13520169258118
1640,320.0,3.0761661529541
1641,320.1,2.01335334777832
1642,320.3,3.31230783462524
1643,320.4,1.16533422470093
1644,320.5,1.7724677324295
1645,320.8,2.55099701881409
1646,321.0,3.55951857566833
1647,321.2,3.78555750846863
1648,321.3,2.67600798606873
1649,321.5,0.926820695400238
1650,321.7,1.66572964191437
1651,321.9,2.76737236976624
1652,322.1,3.56540465354919
1653,322.3,3.23745942115784
1654,322.4,2.44935441017151
1655,322.7,4.11675310134888
1656,322.9,10.7006940841675
1657,323.0,9.47518253326416
1658,323.1,11.902925491333
1659,323.3,4.10234546661377
1660,323.6,2.18000531196594
1661,323.8,4.23210048675537
1662,324.0,7.30765199661255
1663,324.1,6.58490753173828
1664,324.3,3.34858989715576
1665,324.6,4.50557851791382
1666,324.8,24.6772384643555
1667,325.0,86.8127059936523
1668,325.1,45.9058227539063
1669,325.3,4.88588237762451
1670,325.6,3.28191161155701
1671,325.8,11.5424757003784
1672,326.0,28.4414482116699
1673,326.1,17.5271892547607
1674,326.3,2.9042432308197
1675,326.5,3.09206700325012
1676,326.7,12.3222351074219
1677,326.9,95.5479202270508
1678,327.0,203.396377563477
1679,327.2,23.2618808746338
1680,327.5,2.60704565048218
1681,327.6,1.92014408111572
1682,327.8,19.1951160430908
1683,328.0,56.7931137084961
1684,328.1,37.7026252746582
1685,328.3,5.84072732925415
1686,328.6,4.73759126663208
1687,328.8,19.2003860473633
1688,329.0,45.3622055053711
1689,329.1,29.3275051116943
1690,329.3,4.81191253662109
1691,329.5,1.10427832603455
1692,329.7,4.00562238693237
1693,329.8,4.34744787216187
1694,330.0,12.1870336532593
1695,330.1,5.72432565689087
1696,330.2,6.97382068634033
1697,330.5,3.06729340553284
1698,330.6,1.7910920381546
1699,330.8,7.74918746948242
1700,331.0,13.547571182251
1701,331.1,10.492488861084
1702,331.3,4.01080560684204
1703,331.6,2.63480639457703
1704,331.8,3.55310559272766
1705,331.9,2.27093029022217
1706,332.1,5.39989471435547
1707,332.2,4.08064651489258
1708,332.5,2.4522533416748
1709,332.7,2.93692350387573
1710,332.9,4.4922251701355
1711,333.0,2.54115796089172
1712,333.1,4.91900205612183
1713,333.3,2.9980673789978
1714,333.6,1.65360629558563
1715,333.8,2.59544944763184
1716,334.0,3.37714123725891
1717,334.2,3.98146367073059
1718,334.4,3.06755685806274
1719,334.6,2.21268558502197
1720,334.8,3.06228590011597
1721,335.0,3.95739269256592
1722,335.2,3.58780646324158
1723,335.3,2.34033203125
1724,335.5,0.850127398967743
1725,335.7,1.83545637130737
1726,335.9,2.60221385955811
1727,336.1,2.98576831817627
1728,336.2,3.01853632926941
1729,336.4,1.09048581123352
1730,336.6,1.98743736743927
1731,336.8,2.93648433685303
1732,337.0,5.22006511688232
1733,337.2,4.86084508895874
1734,337.3,2.79908633232117
1735,337.6,1.72186589241028
1736,337.7,1.08609330654144
1737,337.9,3.51278233528137
1738,338.1,3.60976886749268
1739,338.2,3.43925142288208
1740,338.5,2.23535084724426
1741,338.7,4.19353437423706
1742,338.9,14.0044803619385
1743,339.1,25.6881313323975
1744,339.2,10.573486328125
1745,339.4,1.52095234394073
1746,339.6,2.03197741508484
1747,339.7,1.55187559127808
1748,339.9,7.79671430587769
1749,340.1,10.5527544021606
1750,340.2,4.59790897369385
1751,340.4,0.848282516002655
1752,340.6,3.29421067237854
1753,340.8,22.6261081695557
1754,341.0,287.537017822266
1755,341.1,204.850830078125
1756,341.3,7.08213996887207
1757,341.5,1.07484841346741
1758,341.7,5.75032949447632
1759,341.9,43.6945457458496
1760,342.0,115.61319732666
1761,342.2,29.6073093414307
1762,342.4,1.68286037445068
1763,342.6,3.29763674736023
1764,342.8,18.1647186279297
1765,343.0,80.741455078125
1766,343.1,40.477466583252
1767,343.2,26.6246147155762
1768,343.4,1.90775716304779
1769,343.6,2.63559699058533
1770,343.8,8.96494770050049
1771,344.0,20.8804359436035
1772,344.1,18.7440929412842
1773,344.3,4.39365720748901
1774,344.4,3.56136345863342
1775,344.7,6.76025629043579
1776,344.9,25.3011512756348
1777,345.0,41.368709564209
1778,345.2,17.9087238311768
1779,345.4,2.01361680030823
1780,345.6,2.4131600856781
1781,345.7,2.41974878311157
1782,345.9,9.71501350402832
1783,346.1,13.8611087799072
1784,346.2,5.02284097671509
1785,346.3,4.69146966934204
1786,346.6,2.35307025909424
1787,346.8,5.67214250564575
1788,346.9,4.47825717926025
1789,347.1,11.2703151702881
1790,347.2,6.4323992729187
1791,347.4,2.41728901863098
1792,347.7,2.10568380355835
1793,347.9,3.55723452568054
1794,348.1,5.11947631835938
1795,348.2,2.06764483451843
1796,348.3,3.08978295326233
1797,348.6,2.98005795478821
1798,348.8,6.89194393157959
1799,349.0,10.1599750518799
1800,349.1,4.7905650138855
1801,349.2,4.37652635574341
1802,349.5,2.00052714347839
1803,349.7,2.37520861625671
1804,349.8,1.83282089233398
1805,350.0,4.20126485824585
1806,350.1,2.17499780654907
1807,350.2,3.18114733695984
1808,350.5,1.83299660682678
1809,350.7,2.4157075881958
1810,350.8,1.91645431518555
1811,351.0,4.8504786491394
1812,351.2,4.63050174713135
1813,351.3,1.4157075881958
1814,351.5,1.89291048049927
1815,351.7,1.60801196098328
1816,351.9,2.72669768333435
1817,352.1,3.1316876411438
1818,352.2,2.66827726364136
1819,352.5,1.97039449214935
1820,352.7,2.63700246810913
1821,352.9,5.07581472396851
1822,353.1,6.86154794692993
1823,353.2,2.85320210456848
1824,353.3,3.396644115448
1825,353.5,0.901431977748871
1826,353.7,2.03136253356934
1827,353.9,3.25933408737183
1828,354.0,2.10419034957886
1829,354.1,3.47808146476746
1830,354.3,0.943072974681854
1831,354.5,1.49204957485199
1832,354.7,5.03628206253052
1833,354.9,51.8151626586914
1834,355.1,487.936828613281
1835,355.2,62.6577339172363
1836,355.3,11.4098215103149
1837,355.5,0.771325647830963
1838,355.7,3.72160243988037
1839,355.8,9.09988594055176
1840,356.0,80.8761291503906
1841,356.1,134.022583007813
1842,356.3,12.1774578094482
1843,356.6,3.23728370666504
1844,356.8,11.8755159378052
1845,357.0,69.4628829956055
1846,357.1,97.8760452270508
1847,357.3,9.91197395324707
1848,357.6,2.15848183631897
1849,357.8,6.82060956954956
1850,358.0,20.5089168548584
1851,358.1,26.0234565734863
1852,358.3,6.89993858337402
1853,358.6,3.3780198097229
1854,358.7,3.03364658355713
1855,358.9,21.2749710083008
1856,359.1,44.1604156494141
1857,359.2,21.8605823516846
1858,359.4,3.10937356948853
1859,359.7,2.81674432754517
1860,359.8,3.10700178146362
1861,360.0,12.2721605300903
1862,360.1,7.52745342254639
1863,360.2,9.22199726104736
1864,360.4,1.85768246650696
1865,360.6,2.53158211708069
1866,360.7,1.85829746723175
1867,360.9,7.24343299865723
1868,361.0,5.29833984375
1869,361.1,10.0943508148193
1870,361.3,3.15848183631897
1871,361.4,2.74795746803284
1872,361.7,2.00711584091187
1873,361.8,1.55811297893524
1874,362.0,4.12413263320923
1875,362.2,4.53931283950806
1876,362.3,1.78046214580536
1877,362.5,2.42080307006836
1878,362.7,3.69665288925171
1879,362.9,8.1197395324707
1880,363.1,11.9013442993164
1881,363.2,4.04418849945068
1882,363.3,3.85900020599365
1883,363.5,0.835456371307373
1884,363.7,2.08178853988647
1885,363.9,3.67029786109924
1886,364.1,4.92866563796997
1887,364.2,4.0373363494873
1888,364.4,1.21830797195435
1889,364.6,1.87446188926697
1890,364.7,1.08662045001984
1891,364.9,3.39963102340698
1892,365.0,2.17789697647095
1893,365.2,3.9065272808075
1894,365.3,1.67047345638275
1895,365.5,1.6601949930191
1896,365.7,1.71510148048401
1897,365.9,2.0009663105011
1898,366.0,1.30018448829651
1899,366.2,2.80189752578735
1900,366.4,2.27725553512573
1901,366.6,2.65237641334534
1902,366.8,5.15558290481567
1903,367.0,7.61583042144775
1904,367.2,7.62215566635132
1905,367.3,3.24404811859131
1906,367.6,1.78142845630646
1907,367.7,1.16876041889191
1908,367.9,3.36949849128723
1909,368.1,4.32680320739746
1910,368.2,3.23745942115784
1911,368.5,2.01379251480103
1912,368.7,3.68444180488586
1913,368.8,4.29394721984863
1914,369.0,17.1688480377197
1915,369.2,17.6839141845703
1916,369.3,6.92321872711182
1917,369.6,1.79899847507477
1918,369.8,3.44373178482056
1919,370.0,7.15821838378906
1920,370.2,7.45111131668091
1921,370.3,4.06342792510986
1922,370.6,3.00606155395508
1923,370.8,6.90960216522217
1924,371.0,12.648247718811
1925,371.1,12.434947013855
1926,371.3,4.84494400024414
1927,371.6,2.22603893280029
1928,371.8,3.20108938217163
1929,372.0,5.21505737304688
1930,372.1,5.54730749130249
1931,372.3,3.3401563167572
1932,372.6,2.30589485168457
1933,372.8,6.3772292137146
1934,372.9,7.25766515731812
1935,373.1,18.8445053100586
1936,373.2,7.35104990005493
1937,373.3,5.66537809371948
1938,373.6,2.1149959564209
1939,373.8,3.40094876289368
1940,373.9,2.91364312171936
1941,374.1,7.01150846481323
1942,374.2,3.32864809036255
1943,374.3,3.54555034637451
1944,374.5,1.94237017631531
1945,374.7,1.36062550544739
1946,374.9,4.37942552566528
1947,375.1,5.35166454315186
1948,375.2,2.528156042099
1949,375.3,3.05402803421021
1950,375.6,1.43828511238098
1951,375.8,2.02468585968018
1952,375.9,1.25186681747437
1953,376.1,2.87200212478638
1954,376.2,2.67600798606873
1955,376.4,1.65905296802521
1956,376.6,0.808398485183716
1957,376.8,2.08073449134827
1958,377.0,3.03153824806213
1959,377.2,3.03153824806213
1960,377.3,1.95256078243256
1961,377.6,1.50180089473724
1962,377.7,0.8113853931427
1963,377.9,2.002108335495
1964,378.0,1.14583146572113
1965,378.2,2.454185962677
1966,378.3,2.0932092666626
1967,378.6,1.6413950920105
1968,378.7,0.83027321100235
1969,378.9,2.13423538208008
1970,379.0,1.35623300075531
1971,379.2,2.23772287368774
1972,379.3,1.23271548748016
1973,379.5,1.38838613033295
1974,379.6,0.635069847106934
1975,379.8,1.58842134475708
1976,380.0,2.10603523254395
1977,380.2,2.14987254142761
1978,380.3,0.935693562030792
1979,380.5,1.60572779178619
1980,380.7,1.92638146877289
1981,380.9,3.14512872695923
1982,381.1,3.27242374420166
1983,381.2,2.88895726203918
1984,381.5,1.65852582454681
1985,381.7,1.63858389854431
1986,381.9,2.23359394073486
1987,382.1,2.40393567085266
1988,382.3,2.31599760055542
1989,382.5,2.12615299224854
1990,382.7,3.46077489852905
1991,382.8,3.15575861930847
1992,383.0,9.96090698242188
1993,383.1,7.27145767211914
1994,383.3,2.52534484863281
1995,383.6,1.70420801639557
1996,383.8,3.31099009513855
1997,384.0,4.57269620895386
1998,384.1,4.48651504516602
1999,384.3,1.39910387992859
2000,384.5,2.48677849769592
2001,384.6,2.07502412796021
2002,384.8,11.9361324310303
2003,385.0,22.5252571105957
2004,385.1,10.4862518310547
2005,385.2,9.32653999328613
2006,385.4,1.18685758113861
2007,385.6,2.37424230575562
2008,385.8,4.94237041473389
2009,386.0,8.71457481384277
2010,386.1,7.28700685501099
2011,386.3,1.75806021690369
2012,386.5,2.74918746948242
2013,386.6,2.19933223724365
2014,386.8,11.8183259963989
2015,387.0,26.7903022766113
2016,387.1,25.2427310943604
2017,387.3,5.33277702331543
2018,387.6,2.41641044616699
2019,387.8,5.40815258026123
2020,387.9,4.73100233078003
2021,388.1,10.6235618591309
2022,388.2,4.39119720458984
2023,388.3,3.85144519805908
2024,388.6,2.35219192504883
2025,388.8,5.26741647720337
2026,389.0,8.67266941070557
2027,389.1,7.4704384803772
2028,389.3,2.98295712471008
2029,389.6,1.91829919815063
2030,389.8,2.65624165534973
2031,390.0,3.7741367816925
2032,390.1,1.85206007957458
2033,390.2,2.88131427764893
2034,390.5,1.59281384944916
2035,390.7,2.05719065666199
2036,390.8,1.42932438850403
2037,391.0,3.16515851020813
2038,391.1,1.50092244148254
2039,391.2,2.20293426513672
2040,391.4,1.58112978935242
2041,391.6,0.515329897403717
2042,391.7,1.68505668640137
2043,392.0,2.06729340553284
2044,392.1,1.86189937591553
2045,392.3,1.87797594070435
2046,392.5,0.791706919670105
2047,392.7,1.60643064975739
2048,392.9,1.93244314193726
2049,393.1,2.1705174446106
2050,393.3,1.85197222232819
2051,393.4,0.679522097110748
2052,393.6,1.34964418411255
2053,393.8,1.49951684474945
2054,394.0,2.04304671287537
2055,394.2,1.76210141181946
2056,394.4,1.47360098361969
2057,394.6,1.55547749996185
2058,394.8,1.50803828239441
2059,395.0,2.01282620429993
2060,395.1,0.936396360397339
2061,395.3,1.65861368179321
2062,395.4,0.82816481590271
2063,395.6,1.40130019187927
2064,395.8,1.31793022155762
2065,396.0,1.8502151966095
2066,396.2,1.87033295631409
2067,396.4,1.31362557411194
2068,396.6,1.56039702892303
2069,396.7,0.889045059680939
2070,396.9,2.73258376121521
2071,397.0,1.55319333076477
2072,397.1,3.46832990646362
2073,397.3,1.09988582134247
2074,397.5,1.57928490638733
2075,397.7,1.35245537757874
2076,397.9,2.00535893440247
2077,398.0,1.06641483306885
2078,398.2,2.33655452728271
2079,398.4,2.03057193756104
2080,398.5,1.01203548908234
2081,398.7,5.10331201553345
2082,398.9,14.5922870635986
2083,399.0,12.6897125244141
2084,399.1,18.7464637756348
2085,399.3,4.19950819015503
2086,399.6,2.16217160224915
2087,399.8,5.21786880493164
2088,400.0,8.79197025299072
2089,400.1,4.80971622467041
2090,400.2,4.65053129196167
2091,400.5,2.53896164894104
2092,400.7,9.40156364440918
2093,400.8,19.1293163299561
2094,401.0,114.568740844727
2095,401.1,52.2276191711426
2096,401.2,26.5842914581299
2097,401.4,2.5654923915863
2098,401.7,6.51199150085449
2099,401.9,29.0012302398682
2100,402.0,43.3614158630371
2101,402.2,16.0274085998535
2102,402.5,3.03900551795959
2103,402.7,6.78775358200073
2104,402.9,24.0650978088379
2105,403.1,32.7966270446777
2106,403.2,13.4378461837769
2107,403.4,2.263023853302
2108,403.7,3.62698769569397
2109,403.8,3.44417119026184
2110,404.0,9.24308204650879
2111,404.2,8.39699554443359
2112,404.3,3.58877277374268
2113,404.6,2.8669068813324
2114,404.7,2.90591239929199
2115,404.9,8.52587223052979
2116,405.1,13.1083192825317
2117,405.2,5.76781177520752
2118,405.5,1.68083989620209
2119,405.7,2.21637535095215
2120,405.9,3.67231845855713
2121,406.1,4.96617746353149
2122,406.2,3.29702186584473
2123,406.4,1.81358170509338
2124,406.6,1.06377935409546
2125,406.8,2.65861368179321
2126,406.9,1.71993327140808
2127,407.1,4.13994550704956
2128,407.2,2.54493546485901
2129,407.5,1.40332078933716
2130,407.7,1.67293334007263
2131,407.9,2.23130989074707
2132,408.1,2.36106467247009
2133,408.2,2.05490636825562
2134,408.5,1.72977244853973
2135,408.7,2.03645777702332
2136,408.9,2.46710014343262
2137,409.1,2.51743817329407
2138,409.2,2.11701655387878
2139,409.4,1.28586483001709
2140,409.6,0.823069512844086
2141,409.8,1.82640779018402
2142,410.0,1.83492922782898
2143,410.2,1.76078367233276
2144,410.4,1.59246242046356
2145,410.6,1.43942725658417
2146,410.7,0.858033895492554
2147,410.9,2.133620262146
2148,411.0,1.27295088768005
2149,411.2,2.19370985031128
2150,411.3,1.69612574577332
2151,411.5,0.639725923538208
2152,411.7,1.30976021289825
2153,411.9,1.57313537597656
2154,412.0,0.969515919685364
2155,412.2,2.0941755771637
2156,412.3,0.899323523044586
2157,412.5,1.46218049526215
2158,412.7,2.48291301727295
2159,412.9,4.603355884552
2160,413.1,5.81876468658447
2161,413.2,4.51831674575806
2162,413.5,1.67662298679352
2163,413.7,1.7178248167038
2164,413.8,1.39093387126923
2165,414.0,3.48115611076355
2166,414.1,1.60713338851929
2167,414.2,2.22032856941223
2168,414.5,1.73091447353363
2169,414.7,4.76315546035767
2170,414.9,35.7992630004883
2171,415.1,192.551528930664
2172,415.2,66.4034118652344
2173,415.4,2.65966796875
2174,415.7,3.59501004219055
2175,415.8,7.21101665496826
2176,416.0,50.2741813659668
2177,416.1,65.4538345336914
2178,416.3,10.6567687988281
2179,416.6,2.8675217628479
2180,416.8,9.73882102966309
2181,417.0,38.0506019592285
2182,417.1,48.8731460571289
2183,417.3,10.0909252166748
2184,417.6,1.69296324253082
2185,417.8,4.94614791870117
2186,417.9,5.62619686126709
2187,418.1,15.5368528366089
2188,418.2,10.3233766555786
2189,418.4,3.02776074409485
2190,418.7,3.18123507499695
2191,418.9,8.59334087371826
2192,419.1,12.9296321868896
2193,419.2,9.11446857452393
2194,419.4,2.60309243202209
2195,419.6,0.942721605300903
2196,419.8,2.61266803741455
2197,420.0,4.19045925140381
2198,420.2,4.47772979736328
2199,420.3,1.38408148288727
2200,420.4,1.94764125347137
2201,420.6,0.873232007026672
2202,420.8,2.89686369895935
2203,421.0,5.19441270828247
2204,421.1,2.76139855384827
2205,421.3,4.62672424316406
2206,421.4,1.18097162246704
2207,421.6,1.42247211933136
2208,421.7,0.872089982032776
2209,421.9,1.9450935125351
2210,422.1,2.62856888771057
2211,422.2,1.53149437904358
2212,422.3,2.10875868797302
2213,422.5,0.771764934062958
2214,422.7,1.99762809276581
2215,422.9,3.05850839614868
2216,423.1,3.63673901557922
2217,423.2,1.85320210456848
2218,423.3,1.95633840560913
2219,423.6,1.26170599460602
2220,423.8,1.76684534549713
2221,424.0,2.15242028236389
2222,424.2,2.21400332450867
2223,424.3,0.992357015609741
2224,424.5,1.45585525035858
2225,424.6,1.32952654361725
2226,424.9,2.10533261299133
2227,425.1,2.08380913734436
2228,425.3,1.76113498210907
2229,425.5,1.22173416614532
2230,425.6,1.25889480113983
2231,425.9,1.51128876209259
2232,426.1,1.87261700630188
2233,426.3,1.47755420207977
2234,426.5,1.44496178627014
2235,426.6,0.839058220386505
2236,426.8,2.08951950073242
2237,427.0,2.98541688919067
2238,427.2,3.06641483306885
2239,427.3,1.97285425662994
2240,427.6,1.25977337360382
2241,427.8,1.55934286117554
2242,427.9,1.05104100704193
2243,428.1,1.94790482521057
2244,428.2,1.03373456001282
2245,428.4,1.42378985881805
2246,428.5,0.717824816703796
2247,428.7,3.77703595161438
2248,428.8,7.1864185333252
2249,429.0,52.5630340576172
2250,429.1,95.0870590209961
2251,429.3,11.7312660217285
2252,429.6,2.24229121208191
2253,429.8,7.0761661529541
2254,430.0,23.9475536346436
2255,430.1,39.1191253662109
2256,430.3,8.93481540679932
2257,430.5,1.12000346183777
2258,430.7,3.59571290016174
2259,430.8,5.36932277679443
2260,431.0,22.0647449493408
2261,431.1,19.8170948028564
2262,431.2,18.1906356811523
2263,431.4,2.99508047103882
2264,431.7,2.38917684555054
2265,431.8,2.27523493766785
2266,432.0,8.59764575958252
2267,432.1,10.3631734848022
2268,432.3,4.17912673950195
2269,432.6,2.24703502655029
2270,432.7,1.43160855770111
2271,432.9,7.1293158531189
2272,433.0,7.18290424346924
2273,433.1,13.1177196502686
2274,433.3,5.63401556015015
2275,433.5,0.881314218044281
2276,433.7,1.78248262405396
2277,433.8,1.42756748199463
2278,434.0,5.00254774093628
2279,434.1,3.01774573326111
2280,434.2,4.12211179733276
2281,434.4,1.96591413021088
2282,434.7,1.80752003192902
2283,434.8,1.49934113025665
2284,435.0,3.4147412776947
2285,435.1,1.96582627296448
2286,435.2,3.3982253074646
2287,435.4,1.57418954372406
2288,435.7,1.25599575042725
2289,435.9,1.83519279956818
2290,436.1,2.33128356933594
2291,436.3,2.12975478172302
2292,436.4,1.27901256084442
2293,436.7,1.59782135486603
2294,436.9,2.64587545394897
2295,437.1,3.44188714027405
2296,437.2,3.23429679870605
2297,437.4,1.5471316576004
2298,437.7,1.33128345012665
2299,437.8,0.827198445796967
2300,438.0,2.00518321990967
2301,438.2,2.12290263175964
2302,438.3,2.20381259918213
2303,438.6,1.34296762943268
2304,438.8,1.43863654136658
2305,439.0,2.11069130897522
2306,439.1,0.822190999984741
2307,439.2,1.99754023551941
2308,439.5,1.31037509441376
2309,439.7,1.03145039081573
2310,439.9,1.41851890087128
2311,440.1,1.62329792976379
2312,440.2,0.793815314769745
2313,440.4,1.51146447658539
2314,440.5,0.723886489868164
2315,440.7,1.78485465049744
2316,440.9,2.61802697181702
2317,441.0,1.66124927997589
2318,441.1,2.91838717460632
2319,441.3,1.81410872936249
2320,441.5,0.747957468032837
2321,441.7,1.31292283535004
2322,441.9,1.90793287754059
2323,442.1,2.10858297348022
2324,442.2,1.1314240694046
2325,442.3,1.49872612953186
2326,442.6,1.83132743835449
2327,442.7,1.27172100543976
2328,442.9,3.63225865364075
2329,443.1,3.69269967079163
2330,443.2,2.76394629478455
2331,443.4,0.794957399368286
2332,443.6,1.30571901798248
2333,443.8,1.93059825897217
2334,444.0,2.29517698287964
2335,444.2,1.94825613498688
2336,444.3,0.884652554988861
2337,444.5,1.56241762638092
2338,444.7,2.59790921211243
2339,444.9,5.14987277984619
2340,445.0,3.07001662254333
2341,445.2,5.43714332580566
2342,445.3,2.73688840866089
2343,445.6,1.52174293994904
2344,445.8,2.76420974731445
2345,446.0,2.92603015899658
2346,446.1,3.17420721054077
2347,446.3,1.03461301326752
2348,446.5,1.68655014038086
2349,446.7,2.63884735107422
2350,446.9,4.65571451187134
2351,447.1,6.43064212799072
2352,447.2,3.91812348365784
2353,447.4,1.59316527843475
2354,447.7,2.00702810287476
2355,447.9,2.57111477851868
2356,448.0,3.17851185798645
2357,448.2,2.43846082687378
2358,448.4,1.44109642505646
2359,448.7,1.678995013237
2360,448.9,2.12641668319702
2361,449.0,1.3385751247406
2362,449.2,2.5472195148468
2363,449.3,1.02749717235565
2364,449.4,1.38996744155884
2365,449.6,0.66599315404892
2366,449.8,1.34349465370178
2367,450.0,1.52200651168823
2368,450.2,1.52051305770874
2369,450.4,1.25195467472076
2370,450.6,1.31757879257202
2371,450.8,1.56101202964783
2372,451.0,2.02029347419739
2373,451.2,1.75718176364899
2374,451.3,1.44364404678345
2375,451.5,0.639638066291809
2376,451.7,1.28832471370697
2377,451.8,0.638408124446869
2378,452.0,1.59211099147797
2379,452.2,1.72687339782715
2380,452.3,1.21031367778778
2381,452.6,1.31599748134613
2382,452.8,1.38689267635345
2383,452.9,0.712993085384369
2384,453.1,1.50004386901855
2385,453.3,1.60897827148438
2386,453.5,1.21453046798706
2387,453.6,1.39884042739868
2388,453.9,1.4912588596344
2389,454.1,1.43644034862518
2390,454.2,0.701836049556732
2391,454.4,1.28287792205811
2392,454.5,0.75059300661087
2393,454.7,1.23526310920715
2394,454.8,0.57375031709671
2395,455.0,1.46964776515961
2396,455.2,1.4915224313736
2397,455.4,1.49960470199585
2398,455.5,0.602653086185455
2399,455.6,1.23324251174927
2400,455.8,0.570324182510376
2401,456.0,1.36124038696289
2402,456.1,0.728981792926788
2403,456.3,1.45717298984528
2404,456.5,1.25836777687073
2405,456.6,0.648159563541412
2406,456.8,1.89115345478058
2407,457.0,2.57568311691284
2408,457.2,2.61600637435913
2409,457.4,1.67337262630463
2410,457.6,0.954669237136841
2411,457.7,0.735658466815948
2412,457.9,1.73161733150482
2413,458.1,1.80971622467041
2414,458.3,1.5860493183136
2415,458.5,1.58139336109161
2416,458.6,1.40780115127563
2417,458.8,5.30835437774658
2418,459.0,8.94359970092773
2419,459.1,4.08503913879395
2420,459.2,5.15698862075806
2421,459.4,0.7736976146698
2422,459.6,1.68821930885315
2423,459.8,3.21127986907959
2424,459.9,2.24079775810242
2425,460.1,4.4137749671936
2426,460.2,1.68365108966827
2427,460.4,2.13968205451965
2428,460.5,1.18817532062531
2429,460.7,6.85952758789063
2430,460.9,22.8320293426514
2431,461.1,36.2371063232422
2432,461.2,11.3661603927612
2433,461.3,7.72485303878784
2434,461.6,2.9440393447876
2435,461.8,7.00096654891968
2436,462.0,14.3435821533203
2437,462.1,7.70403242111206
2438,462.2,8.93789005279541
2439,462.5,2.65580248832703
2440,462.6,1.42800664901733
2441,462.8,6.31547021865845
2442,462.9,5.0722131729126
2443,463.1,11.2875337600708
2444,463.2,4.27365350723267
2445,463.3,3.61688494682312
2446,463.6,1.55407190322876
2447,463.7,1.21127998828888
2448,463.9,3.49758410453796
2449,464.1,4.13968181610107
2450,464.2,2.93314599990845
2451,464.5,1.63832032680511
2452,464.7,2.17324090003967
2453,464.8,1.51603269577026
2454,465.0,3.46147775650024
2455,465.1,1.48765707015991
2456,465.2,2.14372301101685
2457,465.5,1.52543270587921
2458,465.7,1.30519199371338
2459,465.9,1.60968112945557
2460,466.0,0.847667574882507
2461,466.2,2.1321268081665
2462,466.4,1.37011337280273
2463,466.6,1.20082581043243
2464,466.8,1.48712992668152
2465,466.9,0.937099158763885
2466,467.1,1.84143018722534
2467,467.3,1.60836338996887
2468,467.5,1.207151055336
2469,467.7,1.07080733776093
2470,467.9,1.2821751832962
2471,468.1,1.47931122779846
2472,468.2,0.702187478542328
2473,468.4,1.21532106399536
2474,468.6,1.10761666297913
2475,468.7,0.59430730342865
2476,468.9,1.42704033851624
2477,469.1,1.63700258731842
2478,469.3,1.34586668014526
2479,469.5,1.2263902425766
2480,469.7,1.12852501869202
2481,469.8,0.636124014854431
2482,470.0,1.43582534790039
2483,470.1,0.761486411094666
2484,470.3,1.45207762718201
2485,470.5,1.29262936115265
2486,470.7,1.12184834480286
2487,470.8,0.755600452423096
2488,471.0,1.38109457492828
2489,471.2,1.64306426048279
2490,471.3,0.752437829971313
2491,471.4,1.27259945869446
2492,471.6,0.616182029247284
2493,471.8,1.24756217002869
2494,472.0,1.44917857646942
2495,472.1,0.712993085384369
2496,472.3,1.61670911312103
2497,472.5,1.38926470279694
2498,472.6,0.712465941905975
2499,472.8,2.74830889701843
2500,472.9,2.05587267875671
2501,473.1,4.60845136642456
2502,473.2,4.01528596878052
2503,473.4,1.62997448444366
2504,473.7,1.5282438993454
2505,473.9,2.47913551330566
2506,474.0,3.21725368499756
2507,474.2,2.56637096405029
2508,474.5,1.71035754680634
2509,474.7,3.80101895332336
2510,474.9,20.9582710266113
2511,475.1,77.8766555786133
2512,475.2,51.2227897644043
2513,475.4,3.95853471755981
2514,475.7,3.16050243377686
2515,475.9,13.334358215332
2516,476.1,34.7874908447266
2517,476.2,27.5126953125
2518,476.4,4.51901960372925
2519,476.6,1.35052275657654
2520,476.8,5.89071416854858
2521,476.9,8.32021427154541
2522,477.1,21.8300971984863
2523,477.2,16.5650539398193
2524,477.4,3.39523839950562
2525,477.7,2.25625944137573
2526,477.9,5.39515066146851
2527,478.1,7.78828096389771
2528,478.3,6.3586049079895
2529,478.4,1.49494862556458
2530,478.6,1.81788635253906
2531,478.8,2.74980235099792
2532,478.9,2.28700685501099
2533,479.1,7.05683898925781
2534,479.2,5.133620262146
2535,479.4,1.93261885643005
2536,479.7,1.39444780349731
2537,479.9,2.26820707321167
2538,480.0,1.21198272705078
2539,480.1,2.91091990470886
2540,480.3,1.19652116298676
2541,480.5,1.34736013412476
2542,480.7,1.36132824420929
2543,480.8,0.939734697341919
2544,481.0,2.41061234474182
2545,481.2,2.5283317565918
2546,481.3,1.65448474884033
2547,481.5,0.663181960582733
2548,481.7,1.34569096565247
2549,481.9,1.51023459434509
2550,482.0,0.877448856830597
2551,482.2,1.58007550239563
2552,482.3,1.35430026054382
2553,482.6,1.35219180583954
2554,482.8,1.32566106319427
2555,483.0,1.70412015914917
2556,483.1,0.983308434486389
2557,483.3,1.58719146251678
2558,483.4,0.504436433315277
2559,483.6,1.29517698287964
2560,483.8,1.21778094768524
2561,484.0,1.23781073093414
2562,484.2,1.68769216537476
2563,484.4,1.37371516227722
2564,484.5,0.701923906803131
2565,484.7,1.32355260848999
2566,484.9,1.46244394779205
2567,485.1,1.49652993679047
2568,485.3,1.65571463108063
2569,485.5,1.11025214195251
2570,485.7,1.27040326595306
2571,485.8,0.62443995475769
2572,485.9,1.45075988769531
2573,486.2,1.59474658966064
2574,486.4,2.20811748504639
2575,486.6,2.29412269592285
2576,486.8,2.21198272705078
2577,486.9,1.16445577144623
2578,487.1,2.63621187210083
2579,487.2,1.55547749996185
2580,487.3,2.00632524490356
2581,487.5,0.801809728145599
2582,487.7,1.57928490638733
2583,487.9,1.75656676292419
2584,488.1,2.08486342430115
2585,488.3,1.72880613803864
2586,488.5,1.2647807598114
2587,488.7,2.78494238853455
2588,488.8,4.69094276428223
2589,489.0,43.5777931213379
2590,489.2,86.3142395019531
2591,489.3,16.8877277374268
2592,489.6,2.03935694694519
2593,489.7,1.25977337360382
2594,489.9,12.638144493103
2595,490.0,17.2523937225342
2596,490.2,39.2392158508301
2597,490.3,12.018536567688
2598,490.5,0.997100949287415
2599,490.7,2.93393659591675
2600,490.8,3.77536678314209
2601,491.0,19.2186603546143
2602,491.2,27.7609596252441
2603,491.3,11.2010011672974
2604,491.5,1.65905296802521
2605,491.8,3.13449883460999
2606,492.0,7.30870580673218
2607,492.2,9.34279155731201
2608,492.3,5.35017108917236
2609,492.6,1.82201528549194
2610,492.7,1.38627779483795
2611,492.9,4.6410436630249
2612,493.1,7.43283843994141
2613,493.2,5.9996485710144
2614,493.4,1.53070366382599
2615,493.6,1.55697095394135
2616,493.8,1.9610823392868
2617,494.0,3.075199842453
2618,494.2,2.93964695930481
2619,494.3,1.26003694534302
2620,494.4,1.71457433700562
2621,494.6,0.662479162216187
2622,494.8,1.93121325969696
2623,495.0,2.86400771141052
2624,495.2,2.868488073349
2625,495.3,2.22902584075928
2626,495.6,1.2456294298172
2627,495.8,1.2452780008316
2628,496.0,1.74567341804504
2629,496.2,2.04146528244019
2630,496.4,1.69990336894989
2631,496.5,1.35394883155823
2632,496.8,1.48124396800995
2633,497.0,2.08846521377563
2634,497.2,2.34085917472839
2635,497.3,1.88895726203918
2636,497.6,1.31819379329681
2637,497.7,0.566985845565796
2638,497.9,1.59088110923767
2639,498.0,0.688307106494904
2640,498.2,1.61872971057892
2641,498.4,1.96863746643066
2642,498.5,0.751383662223816
2643,498.7,1.54511117935181
2644,498.8,0.754282712936401
2645,499.0,1.61284375190735
2646,499.2,1.57691299915314
2647,499.4,1.43600106239319
2648,499.6,1.35131335258484
2649,499.8,1.34358251094818
2650,500.0,1.58253538608551
2651,500.2,1.30668544769287
2652,500.4,1.20144069194794
2653,500.5,0.503909349441528
2654,500.7,1.32697880268097
2655,500.9,1.72740054130554
2656,501.1,1.95994031429291
2657,501.3,1.81586575508118
2658,501.5,1.40876746177673
2659,501.7,1.22015285491943
2660,501.8,0.81305456161499
2661,502.0,1.50812613964081
2662,502.1,0.68479311466217
2663,502.2,1.32891154289246
2664,502.4,0.612755835056305
2665,502.6,1.49688136577606
2666,502.8,4.3982253074646
2667,503.0,10.738205909729
2668,503.2,18.7425994873047
2669,503.3,5.74699115753174
2670,503.6,1.77044713497162
2671,503.8,2.96529912948608
2672,503.9,2.35746288299561
2673,504.1,7.81744718551636
2674,504.2,4.96863746643066
2675,504.3,3.99349904060364
2676,504.5,0.857770383358002
2677,504.7,2.09628391265869
2678,504.9,4.53694105148315
2679,505.1,8.29412269592285
2680,505.2,3.34964418411255
2681,505.3,3.30220508575439
2682,505.5,1.263023853302
2683,505.8,1.7165070772171
2684,506.0,3.07142233848572
2685,506.2,3.32838439941406
2686,506.3,2.18694543838501
2687,506.5,0.718088388442993
2688,506.7,1.67495393753052
2689,506.8,1.54335415363312
2690,507.0,4.94509363174438
2691,507.2,5.92436075210571
2692,507.3,3.84151816368103
2693,507.5,0.899938523769379
2694,507.7,1.65527546405792
2695,507.9,2.37696576118469
2696,508.1,3.02152323722839
2697,508.2,2.97259068489075
2698,508.4,0.793639659881592
2699,508.6,1.4535710811615
2700,508.7,0.634367048740387
2701,508.9,2.14477729797363
2702,509.1,2.59263825416565
2703,509.3,2.44302916526794
2704,509.4,1.39462351799011
2705,509.6,0.673723995685577
2706,509.8,1.44267773628235
2707,509.9,1.3579021692276
2708,510.2,1.64034080505371
2709,510.3,0.833260118961334
2710,510.5,1.34340679645538
2711,510.6,0.5569708943367
2712,510.8,1.60616707801819
2713,510.9,0.873495578765869
2714,511.1,1.98550474643707
2715,511.2,1.60792410373688
2716,511.5,1.49828696250916
2717,511.7,1.22226130962372
2718,511.9,1.39400863647461
2719,512.0,0.703593075275421
2720,512.1,1.46920847892761
2721,512.3,0.628744602203369
2722,512.5,1.34384608268738
2723,512.6,0.715716421604156
2724,512.8,1.36080121994019
2725,513.0,1.41684973239899
2726,513.2,1.46393740177155
2727,513.4,1.61837828159332
2728,513.6,1.43064212799072
2729,513.7,0.685056686401367
2730,513.9,1.29298079013824
2731,514.1,1.14758849143982
2732,514.2,0.695071578025818
2733,514.4,1.54124569892883
2734,514.6,1.56900644302368
2735,514.8,1.51568126678467
2736,515.0,1.62830531597137
2737,515.1,0.813230276107788
2738,515.3,1.30633401870728
2739,515.5,1.31520688533783
2740,515.7,1.02213823795319
2741,515.9,1.28727054595947
2742,516.1,1.36642360687256
2743,516.2,0.771149933338165
2744,516.4,1.21540892124176
2745,516.6,1.25810420513153
2746,516.8,1.37195813655853
2747,517.0,1.93613278865814
2748,517.1,0.936044991016388
2749,517.3,1.54950368404388
2750,517.5,1.19564259052277
2751,517.6,0.506896257400513
2752,517.8,1.21988928318024
2753,518.0,1.39137315750122
2754,518.1,1.53167009353638
2755,518.4,1.3202143907547
2756,518.5,0.626899778842926
2757,518.7,1.90547311306
2758,518.9,3.14512872695923
2759,519.1,3.45541596412659
2760,519.2,2.65404558181763
2761,519.5,1.5463410615921
2762,519.6,0.623034358024597
2763,519.8,1.78380036354065
2764,520.0,2.21365189552307
2765,520.2,2.03241682052612
2766,520.3,1.47772991657257
2767,520.6,1.74426782131195
2768,520.8,3.39963102340698
2769,521.0,5.25265741348267
2770,521.2,4.74839687347412
2771,521.3,2.47869634628296
2772,521.6,1.40674686431885
2773,521.8,2.25907063484192
2774,521.9,1.31019937992096
2775,522.1,3.12799787521362
2776,522.2,2.04410076141357
2777,522.4,1.27312660217285
2778,522.7,1.50812613964081
2779,522.9,1.98445045948029
2780,523.1,2.48115611076355
2781,523.2,1.13757359981537
2782,523.3,1.56294476985931
2783,523.6,1.06808400154114
2784,523.7,0.746288299560547
2785,523.9,1.3393657207489
2786,524.0,0.840024590492249
2787,524.2,1.43134498596191
2788,524.3,1.33066856861115
2789,524.6,1.35430026054382
2790,524.8,1.19590616226196
2791,524.9,0.735482752323151
2792,525.1,1.40138804912567
2793,525.3,1.41553199291229
2794,525.5,1.03153824806213
2795,525.7,1.08934378623962
2796,525.8,0.548712968826294
2797,525.9,1.25072479248047
2798,526.2,1.33312833309174
2799,526.3,0.770534992218018
2800,526.4,1.46903276443481
2801,526.7,1.11007642745972
2802,526.8,1.25502943992615
2803,527.1,1.2640780210495
2804,527.2,0.742159366607666
2805,527.4,0.928050577640533
2806,527.6,1.10990071296692
2807,527.8,1.19590616226196
2808,527.9,0.456997275352478
2809,528.1,1.13757359981537
2810,528.2,0.571817636489868
2811,528.4,0.93042254447937
2812,528.5,0.591408252716064
2813,528.7,1.08117365837097
2814,528.8,0.557234466075897
2815,529.0,1.27980315685272
2816,529.2,1.19652116298676
2817,529.3,0.532636404037476
2818,529.4,1.09935867786407
2819,529.7,1.15742778778076
2820,529.9,1.03514015674591
2821,530.1,1.11359047889709
2822,530.3,1.03417372703552
2823,530.4,0.623473584651947
2824,530.6,1.03707277774811
2825,530.7,0.608363330364227
2826,530.9,1.29482567310333
2827,531.1,1.44390761852264
2828,531.2,0.64499694108963
2829,531.4,0.95642626285553
2830,531.6,1.18316793441772
2831,531.8,0.950715959072113
2832,531.9,0.542563498020172
2833,532.1,1.27672851085663
2834,532.3,1.23737156391144
2835,532.5,1.33084428310394
2836,532.7,1.55240273475647
2837,532.9,3.10779237747192
2838,533.1,3.86330485343933
2839,533.2,2.70508646965027
2840,533.4,0.744004189968109
2841,533.6,1.27997887134552
2842,533.7,0.661952018737793
2843,533.9,1.7923219203949
2844,534.0,2.33804798126221
2845,534.2,1.89071416854858
2846,534.5,1.69375383853912
2847,534.7,4.02855157852173
2848,534.9,12.894492149353
2849,535.0,9.97311782836914
2850,535.1,18.7827453613281
2851,535.3,6.92884111404419
2852,535.6,2.17385578155518
2853,535.7,1.75735747814178
2854,535.9,7.21453046798706
2855,536.1,10.2145299911499
2856,536.2,7.59492206573486
2857,536.5,2.73908448219299
2858,536.6,1.2843713760376
2859,536.8,3.69111824035645
2860,537.0,6.91144704818726
2861,537.1,4.03557920455933
2862,537.2,5.76087141036987
2863,537.4,2.05666351318359
2864,537.7,1.67618381977081
2865,537.8,1.24712288379669
2866,538.0,3.0392689704895
2867,538.2,3.26741623878479
2868,538.3,2.17982959747314
2869,538.5,0.606782019138336
2870,538.7,1.51506638526917
2871,538.9,2.30554342269897
2872,539.1,2.90705442428589
2873,539.2,1.93613278865814
2874,539.5,1.38539922237396
2875,539.7,1.34121060371399
2876,539.9,1.49512434005737
2877,540.1,1.61029601097107
2878,540.3,1.4515506029129
2879,540.5,1.10137927532196
2880,540.7,1.16542208194733
2881,540.8,0.653694093227386
2882,541.0,1.47421598434448
2883,541.2,1.34507596492767
2884,541.3,0.592111051082611
2885,541.5,1.13098478317261
2886,541.7,1.13080906867981
2887,541.9,1.18246507644653
2888,542.1,1.23078274726868
2889,542.3,1.05209517478943
2890,542.5,1.18193793296814
2891,542.7,1.1509268283844
2892,542.8,0.532812058925629
2893,543.0,1.21373975276947
2894,543.1,1.12061846256256
2895,543.4,1.05894756317139
2896,543.6,0.93630850315094
2897,543.8,1.16858470439911
2898,544.0,1.24949491024017
2899,544.2,1.04348587989807
2900,544.4,0.949661791324615
2901,544.6,0.978652358055115
2902,544.8,1.07212507724762
2903,545.0,1.25590789318085
2904,545.1,0.502328038215637
2905,545.3,1.08539044857025
2906,545.5,0.864007711410522
2907,545.6,1.03285598754883
2908,545.8,0.561978399753571
2909,546.0,1.06509709358215
2910,546.2,1.18088376522064
2911,546.3,0.502503752708435
2912,546.5,1.10252130031586
2913,546.7,1.37002551555634
2914,546.9,1.72467720508575
2915,547.1,2.23816227912903
2916,547.3,2.01721858978271
2917,547.4,0.77202844619751
2918,547.5,1.25889480113983
2919,547.8,1.13572871685028
2920,547.9,1.7725555896759
2921,548.1,0.874901175498962
2922,548.3,1.51392424106598
2923,548.4,0.572608292102814
2924,548.6,1.6218044757843
2925,548.8,4.78845643997192
2926,548.9,8.73636150360107
2927,549.1,41.4960899353027
2928,549.2,28.6332244873047
2929,549.3,21.6372661590576
2930,549.5,2.71703410148621
2931,549.7,1.24422383308411
2932,549.9,8.08644485473633
#"+ Scan (rt: 5.014-55.034 min, 8145 scans) CELLULOSE_2_20231016.D "
#Point,X(Thompsons),Y(Counts)
0,10.1,2.58845925331116
1,10.3,4.39877223968506
2,10.5,4.35432767868042
3,10.7,4.57863712310791
4,10.9,4.59521198272705
5,11.1,4.93173742294312
6,11.2,2.09809708595276
7,11.4,5.0278697013855
8,11.6,3.97397184371948
9,11.8,4.0926947593689
10,12.0,33.1000595092773
11,12.2,132.494293212891
12,12.3,20.4868011474609
13,12.5,3.97753214836121
14,12.8,5.23474502563477
15,13.0,22.7124614715576
16,13.2,83.8170623779297
17,13.3,12.8586864471436
18,14.2,9205.8876953125
19,15.0,13.5125846862793
20,15.2,2210.1376953125
21,15.3,41.5721282958984
22,16.2,4737.349609375
23,17.2,8905.8271484375
24,18.2,37606.67578125
25,18.9,3.36758756637573
26,19.1,171.700302124023
27,19.2,1871.53759765625
28,19.4,3.6033148765564
29,19.6,0.389564156532288
30,19.8,0.238796815276146
31,20.0,65.4769821166992
32,20.1,365.113677978516
33,20.3,14.518723487854
34,20.5,0.2982197701931
35,20.7,0.881890714168549
36,20.9,3.98084712028503
37,21.1,6.49576425552368
38,21.2,3.55690598487854
39,21.3,4.79668521881104
40,21.5,1.70460402965546
41,21.7,3.73885822296143
42,21.9,9.51847743988037
43,22.1,22.7048492431641
44,22.2,17.3569068908691
45,22.4,5.0333948135376
46,22.7,3.73873543739319
47,22.9,4.13075494766235
48,23.1,3.95371389389038
49,23.3,3.53419280052185
50,23.5,4.19165134429932
51,23.7,3.48520565032959
52,23.8,3.23830580711365
53,24.0,22.6976051330566
54,24.2,48.3100051879883
55,24.3,13.899938583374
56,24.5,2.9906690120697
57,24.8,4.17974233627319
58,25.0,39.2597923278809
59,25.2,262.584411621094
60,25.3,29.739839553833
61,25.5,1.36083483695984
62,25.8,0.447882145643234
63,26.0,27.8994483947754
64,26.2,2151.77319335938
65,26.3,27.8761196136475
66,26.5,0.383179873228073
67,27.2,4530.64453125
68,27.3,1.12744009494781
69,28.1,333564.9375
70,29.0,0.700184166431427
71,29.2,19828.59375
72,29.8,0.0265193376690149
73,30.0,48.6693687438965
74,30.2,2218.1279296875
75,30.3,15.8422346115112
76,30.5,0.526335179805756
77,30.8,0.457704126834869
78,31.0,9.65426635742188
79,31.2,8615.3583984375
80,31.3,6.68017196655273
81,32.1,88264.59375
82,33.0,49.4395332336426
83,33.1,125.777290344238
84,33.3,17.3231430053711
85,33.5,1.28446900844574
86,33.8,1.45193374156952
87,34.0,133.791412353516
88,34.1,330.616088867188
89,34.3,9.95666027069092
90,34.6,0.428974837064743
91,34.7,1.25168812274933
92,34.9,27.0827503204346
93,35.1,96.5441360473633
94,35.2,27.0327816009521
95,35.3,9.1246166229248
96,35.5,0.291098833084106
97,35.8,0.22038060426712
98,36.0,210.535171508789
99,36.1,613.48974609375
100,36.3,1.85131978988647
101,36.6,0.19214241206646
102,36.8,2.13787603378296
103,37.0,80.9464721679688
104,37.1,850.06494140625
105,37.3,13.1453657150269
106,37.5,0.817802309989929
107,37.8,0.334315538406372
108,38.0,95.7602233886719
109,38.1,1720.23034667969
110,38.3,7.54426050186157
111,38.5,0.1480662971735
112,39.0,22.875997543335
113,39.1,7522.033203125
114,39.3,11.6213626861572
115,40.1,9442.3173828125
116,40.2,51.031551361084
117,41.0,16.4466552734375
118,41.2,8032.7734375
119,41.3,4.15015363693237
120,42.0,39.2278709411621
121,42.1,12179.4326171875
122,42.3,3.77176189422607
123,43.0,11.7411909103394
124,43.1,16193.4833984375
125,43.3,4.98563528060913
126,44.0,14.6186618804932
127,44.1,19280.794921875
128,44.8,0.117372624576092
129,45.0,112.669486999512
130,45.1,6901.23046875
131,45.3,1.97814607620239
132,45.4,0.124125227332115
133,45.7,0.432044208049774
134,45.9,22.0728054046631
135,46.1,431.296630859375
136,46.2,215.6162109375
137,46.4,1.55850219726563
138,46.5,0.710619986057281
139,46.8,2.96390414237976
140,47.0,128.644439697266
141,47.1,4336.0576171875
142,47.3,9.23523616790771
143,47.5,0.442725598812103
144,47.7,1.87378764152527
145,47.9,36.0845909118652
146,48.1,233.348922729492
147,48.2,47.3101272583008
148,48.3,9.50423526763916
149,48.6,1.54106819629669
150,48.8,6.08569669723511
151,49.0,87.5853881835938
152,49.1,296.053527832031
153,49.3,14.2704725265503
154,49.5,0.965991377830505
155,49.8,2.2394106388092
156,50.0,114.570777893066
157,50.1,1187.66979980469
158,50.3,9.75653743743896
159,50.4,1.01141810417175
160,50.6,0.0281154084950686
161,50.8,0.930018424987793
162,51.0,100.716636657715
163,51.1,1620.59924316406
164,51.3,9.11626720428467
165,51.5,0.07059545814991
166,51.7,0.424800485372543
167,51.9,11.2492322921753
168,52.1,711.632873535156
169,52.2,319.717987060547
170,52.4,1.43007981777191
171,52.7,0.170165747404099
172,52.8,0.307182312011719
173,53.0,73.1377563476563
174,53.1,3214.36743164063
175,53.3,7.89539575576782
176,53.5,0.0756292194128036
177,53.8,0.399508893489838
178,54.0,98.9853897094727
179,54.1,2718.87646484375
180,54.3,15.3803558349609
181,54.5,0.0329036228358746
182,55.0,39.490608215332
183,55.1,12034.39453125
184,55.3,2.12081027030945
185,55.8,0.119705341756344
186,56.0,80.3777770996094
187,56.1,10038.6728515625
188,56.3,10.17200756073
189,56.4,0.267526090145111
190,57.0,32.0341300964355
191,57.1,27723.955078125
192,57.3,5.44567203521729
193,57.6,0.0508287288248539
194,57.8,1.44493556022644
195,58.0,137.77864074707
196,58.1,2802.08056640625
197,58.3,11.1695518493652
198,58.5,0.823449969291687
199,58.8,2.8906078338623
200,59.0,105.676490783691
201,59.1,467.766967773438
202,59.3,19.1709022521973
203,59.5,0.225782692432404
204,59.9,2.50534081459045
205,60.1,56642.015625
206,60.2,232.276733398438
207,60.7,0.138612642884254
208,60.9,20.578145980835
209,61.1,4625.46435546875
210,61.2,146.714920043945
211,61.3,10.01939868927
212,61.6,0.431553095579147
213,61.8,5.09551858901978
214,62.0,103.649726867676
215,62.1,554.807373046875
216,62.3,14.5817070007324
217,62.6,1.07145488262177
218,62.8,2.82823824882507
219,63.0,147.165740966797
220,63.1,549.693420410156
221,63.3,14.7214241027832
222,63.6,1.23695516586304
223,63.7,0.857704102993011
224,63.9,50.8577041625977
225,64.1,586.386474609375
226,64.2,74.2600402832031
227,64.4,1.23069369792938
228,64.6,0.21657457947731
229,64.8,2.71651315689087
230,65.0,128.622711181641
231,65.1,747.401489257813
232,65.3,14.5014114379883
233,65.5,0.752363383769989
234,65.8,4.11860036849976
235,66.0,134.98649597168
236,66.1,625.866638183594
237,66.3,17.9760589599609
238,66.5,0.730141162872314
239,66.8,0.633640289306641
240,67.0,121.134559631348
241,67.1,1210.45288085938
242,67.3,16.5419273376465
243,67.5,0.0303253531455994
244,67.7,0.279680788516998
245,67.9,8.08054065704346
246,68.1,2172.93481445313
247,68.2,370.911102294922
248,68.4,0.597298979759216
249,69.0,83.7963180541992
250,69.1,11037.564453125
251,69.3,4.21043586730957
252,69.6,0.139594838023186
253,69.8,0.513075530529022
254,70.0,105.337013244629
255,70.1,11613.0078125
256,70.3,10.8712091445923
257,70.5,0.138244315981865
258,70.9,5.02492332458496
259,71.1,8381.310546875
260,71.2,518.366088867188
261,71.4,0.476734191179276
262,71.7,0.433640271425247
263,71.9,22.1969299316406
264,72.1,4570.1005859375
265,72.2,200.363418579102
266,72.4,0.944014728069305
267,73.0,132.51872253418
268,73.1,27907.146484375
269,73.3,1.07955801486969
270,73.8,1.32056474685669
271,74.0,164.440277099609
272,74.1,4492.06103515625
273,74.3,9.46236991882324
274,74.5,0.52130138874054
275,74.8,1.93591165542603
276,75.0,187.439651489258
277,75.1,874.331970214844
278,75.3,9.0516881942749
279,75.4,0.93873542547226
280,75.7,1.76672804355621
281,75.9,34.6230812072754
282,76.1,359.120819091797
283,76.2,109.988090515137
284,76.4,2.96537756919861
285,76.6,0.110128916800022
286,76.8,0.618047893047333
287,77.0,205.437072753906
288,77.1,1534.78198242188
289,77.3,5.1357889175415
290,77.5,0.034745242446661
291,77.7,0.334806621074677
292,77.9,16.1682014465332
293,78.1,779.029357910156
294,78.2,236.598648071289
295,78.4,1.35089015960693
296,79.0,271.17138671875
297,79.1,1491.07873535156
298,79.3,1.32744014263153
299,79.7,0.0462860651314259
300,79.9,24.7182312011719
301,80.1,856.443725585938
302,80.2,154.740447998047
303,80.4,1.5959484577179
304,80.6,0.0484960116446018
305,81.0,231.661270141602
306,81.1,2728.90844726563
307,81.3,1.64825046062469
308,81.7,0.190791890025139
309,81.9,14.95751953125
310,82.1,1566.357421875
311,82.2,260.156158447266
312,82.4,1.68987107276917
313,82.6,0.182320445775986
314,82.8,1.04358506202698
315,83.0,174.229583740234
316,83.1,1306.974609375
317,83.3,12.3119707107544
318,83.5,0.0712093338370323
319,83.7,0.638182938098907
320,83.9,16.3680782318115
321,84.1,2205.14575195313
322,84.2,247.867034912109
323,84.4,2.17102527618408
324,84.7,0.0508287288248539
325,84.9,12.8570899963379
326,85.1,3642.46850585938
327,85.2,339.417572021484
328,85.4,0.0527931228280067
329,85.6,0.0105586247518659
330,85.8,3.44910979270935
331,86.0,158.602325439453
332,86.1,1126.77673339844
333,86.3,11.5774097442627
334,86.6,1.03253531455994
335,86.8,5.91258430480957
336,87.0,163.750274658203
337,87.1,1083.25439453125
338,87.3,13.3779001235962
339,87.6,1.69502758979797
340,87.8,11.1679553985596
341,88.0,86.4147338867188
342,88.1,413.186614990234
343,88.2,90.7912826538086
344,88.4,3.08631062507629
345,88.5,2.11037445068359
346,88.8,6.46101903915405
347,89.0,185.900054931641
348,89.1,2428.89477539063
349,89.3,12.0869245529175
350,89.6,1.31491708755493
351,89.8,9.97249889373779
352,90.0,81.8793106079102
353,90.1,284.990661621094
354,90.2,67.2939224243164
355,90.4,3.04198884963989
356,90.6,0.159116014838219
357,90.9,10.2979745864868
358,91.1,1411.71081542969
359,91.2,337.887908935547
360,91.4,0.0561080425977707
361,91.6,0.0596685074269772
362,91.8,3.79987716674805
363,92.0,123.715042114258
364,92.1,333.860656738281
365,92.3,20.1608352661133
366,92.4,3.24689984321594
367,92.6,0.563535928726196
368,92.8,4.14094543457031
369,93.0,133.510131835938
370,93.1,338.783416748047
371,93.3,23.2047882080078
372,93.5,1.34966242313385
373,93.8,4.71283006668091
374,94.0,152.164886474609
375,94.1,763.386108398438
376,94.3,26.2173118591309
377,94.5,1.03462243080139
378,94.8,2.65328431129456
379,95.0,267.522888183594
380,95.1,3399.79614257813
381,95.3,10.5424184799194
382,95.5,0.272928178310394
383,95.7,0.414364635944366
384,95.8,1.46949052810669
385,96.0,296.349792480469
386,96.1,4212.77001953125
387,96.3,10.4373235702515
388,96.6,0.794106841087341
389,96.8,3.57556772232056
390,97.0,246.390548706055
391,97.1,6202.8388671875
392,97.3,9.14487457275391
393,97.5,0.137753218412399
394,97.8,0.692081034183502
395,98.0,223.113571166992
396,98.1,8089.40087890625
397,98.3,6.38207483291626
398,98.5,0.035359114408493
399,98.7,0.333824425935745
400,98.9,24.5485572814941
401,99.1,1866.89624023438
402,99.2,181.502029418945
403,99.4,2.54438304901123
404,99.7,2.2654390335083
405,99.9,31.5716381072998
406,100.1,350.073303222656
407,100.2,110.105583190918
408,100.4,3.23744630813599
409,100.6,0.418661743402481
410,100.8,8.18403911590576
411,101.0,194.355194091797
412,101.1,1810.98315429688
413,101.3,10.9279308319092
414,101.5,0.641497850418091
415,101.7,1.93050956726074
416,101.9,37.7694282531738
417,102.1,2020.40747070313
418,102.2,93.3555526733398
419,102.4,2.42381834983826
420,102.6,0.57262122631073
421,102.8,6.82860660552979
422,103.0,199.149291992188
423,103.1,1050.32055664063
424,103.3,11.0203809738159
425,103.6,1.39914059638977
426,103.8,8.32412528991699
427,103.9,27.0057697296143
428,104.1,668.222229003906
429,104.2,120.02271270752
430,104.4,3.28336405754089
431,104.7,1.28937995433807
432,104.9,27.594352722168
433,105.1,880.04248046875
434,105.2,179.502029418945
435,105.4,1.34303247928619
436,105.7,1.15825664997101
437,105.9,33.374340057373
438,106.1,357.039642333984
439,106.2,109.739105224609
440,106.4,5.38747692108154
441,106.6,0.813505232334137
442,106.8,5.35101270675659
443,107.0,148.637817382813
444,107.1,550.568542480469
445,107.3,20.2913436889648
446,107.5,2.25733590126038
447,107.8,7.7750768661499
448,108.0,139.790054321289
449,108.1,494.161682128906
450,108.3,18.1147937774658
451,108.5,0.925721287727356
452,108.7,1.52928173542023
453,108.9,24.5307559967041
454,109.1,761.703247070313
455,109.2,175.806137084961
456,109.4,2.75285458564758
457,109.7,1.18637204170227
458,109.9,23.9456100463867
459,110.0,193.692947387695
460,110.1,1469.44458007813
461,110.3,12.0928173065186
462,110.6,1.1473296880722
463,110.8,3.68778395652771
464,111.0,147.403076171875
465,111.1,425.429351806641
466,111.3,29.1564140319824
467,111.5,1.78342545032501
468,111.8,5.0435848236084
469,112.0,265.928314208984
470,112.1,1361.77563476563
471,112.3,16.1758136749268
472,112.6,1.41780233383179
473,112.8,7.08839797973633
474,113.0,160.907913208008
475,113.1,334.354461669922
476,113.3,17.2461624145508
477,113.4,4.05046033859253
478,113.7,3.55445051193237
479,113.8,6.43462228775024
480,114.0,149.596435546875
481,114.1,548.027404785156
482,114.2,84.7575225830078
483,114.4,2.69208097457886
484,114.6,0.251688152551651
485,114.8,3.425537109375
486,115.0,214.808959960938
487,115.1,1994.15344238281
488,115.3,9.32608985900879
489,115.6,0.454020857810974
490,115.8,5.78281164169312
491,116.0,173.208969116211
492,116.1,843.15380859375
493,116.3,12.905463218689
494,116.5,0.594720661640167
495,116.7,1.3366482257843
496,116.9,33.319091796875
497,117.1,421.210052490234
498,117.2,154.37580871582
499,117.4,2.22001218795776
500,117.7,2.54573369026184
501,117.9,35.5233879089355
502,118.0,80.1586227416992
503,118.1,282.435485839844
504,118.3,20.7664833068848
505,118.6,1.97581338882446
506,118.8,8.05500316619873
507,119.0,191.088516235352
508,119.1,582.712463378906
509,119.3,14.7839164733887
510,119.6,1.5488029718399
511,119.8,8.89613246917725
512,120.0,146.178634643555
513,120.1,365.652557373047
514,120.3,16.2903614044189
515,120.6,1.64640879631042
516,120.8,8.05230236053467
517,120.9,29.8697357177734
518,121.1,462.117248535156
519,121.2,120.119094848633
520,121.4,1.88790667057037
521,121.5,0.858195185661316
522,121.8,6.51516246795654
523,122.0,168.481887817383
524,122.1,501.409454345703
525,122.3,15.3090238571167
526,122.5,0.773726224899292
527,122.7,1.83621859550476
528,122.9,29.2293434143066
529,123.1,633.238403320313
530,123.2,110.552856445313
531,123.4,2.03437685966492
532,123.6,1.53578877449036
533,123.8,7.01289129257202
534,124.0,324.654754638672
535,124.1,730.391784667969
536,124.3,8.62664222717285
537,124.6,1.4454265832901
538,124.8,8.39631652832031
539,125.0,147.782196044922
540,125.1,280.972137451172
541,125.3,24.1763038635254
542,125.6,2.46494793891907
543,125.8,8.92535305023193
544,125.9,27.4424800872803
545,126.1,1413.78564453125
546,126.2,95.4577026367188
547,126.3,9.16832447052002
548,126.6,1.9817066192627
549,126.7,2.38784527778625
550,126.9,40.6343765258789
551,127.1,292.3173828125
552,127.2,99.6521759033203
553,127.4,3.39766716957092
554,127.6,0.937630474567413
555,127.8,7.14880275726318
556,128.0,160.486312866211
557,128.1,453.23388671875
558,128.3,16.1992626190186
559,128.5,0.556292176246643
560,128.7,1.65635359287262
561,128.9,29.6691226959229
562,129.1,831.260681152344
563,129.2,153.31037902832
564,129.4,1.72179245948792
565,129.6,0.310865551233292
566,129.8,8.58907318115234
567,130.0,102.79508972168
568,130.1,292.913208007813
569,130.3,18.6403923034668
570,130.5,1.78895032405853
571,130.8,7.17740964889526
572,131.0,178.604293823242
573,131.1,701.913452148438
574,131.3,13.9726209640503
575,131.5,0.765254735946655
576,131.7,2.38821363449097
577,131.9,35.7803573608398
578,132.1,478.776672363281
579,132.2,91.4049072265625
580,132.4,3.19840383529663
581,132.7,1.30890119075775
582,132.9,49.9084091186523
583,133.1,679.461242675781
584,133.2,109.808837890625
585,133.4,1.54597914218903
586,133.7,3.28925728797913
587,133.9,48.799877166748
588,134.1,316.461639404297
589,134.2,91.7519989013672
590,134.4,3.4891345500946
591,134.7,2.07010436058044
592,134.9,43.7060775756836
593,135.1,386.927185058594
594,135.2,125.326454162598
595,135.4,1.89637815952301
596,135.7,1.687415599823
597,135.9,36.5000610351563
598,136.1,299.751617431641
599,136.2,100.827011108398
600,136.4,3.09343147277832
601,136.7,2.6643340587616
602,136.9,50.6399002075195
603,137.1,367.703125
604,137.2,94.8606491088867
605,137.4,1.07612037658691
606,137.6,1.12031924724579
607,137.8,8.95751953125
608,138.0,123.604049682617
609,138.1,210.518600463867
610,138.3,16.0254135131836
611,138.4,3.50767350196838
612,138.7,2.54389190673828
613,138.9,43.8634757995605
614,139.1,231.595458984375
615,139.2,81.0681381225586
616,139.4,2.37151622772217
617,139.6,1.02332723140717
618,139.8,8.91565418243408
619,139.9,25.3255977630615
620,140.1,123.508529663086
621,140.2,64.3163909912109
622,140.4,5.08238172531128
623,140.7,3.84063839912415
624,140.9,32.7224044799805
625,141.0,81.8304443359375
626,141.1,230.517379760742
627,141.3,21.1551876068115
628,141.5,1.03278088569641
629,141.7,3.33100056648254
630,141.8,8.67661094665527
631,142.0,93.4882736206055
632,142.1,204.626403808594
633,142.3,21.3409461975098
634,142.4,4.90926933288574
635,142.7,3.25058317184448
636,142.9,29.2849597930908
637,143.1,177.435974121094
638,143.2,80.4406356811523
639,143.4,4.91860055923462
640,143.6,0.889257192611694
641,143.8,8.83953380584717
642,144.0,129.041381835938
643,144.1,1049.85241699219
644,144.3,13.6794347763062
645,144.6,2.0372006893158
646,144.8,8.43486785888672
647,145.0,138.35481262207
648,145.1,339.923034667969
649,145.3,14.5215473175049
650,145.6,1.86322891712189
651,145.8,8.9240026473999
652,146.0,107.373970031738
653,146.1,226.123016357422
654,146.3,14.0887660980225
655,146.5,1.5776549577713
656,146.8,9.72424793243408
657,147.0,214.549163818359
658,147.1,463.691589355469
659,147.3,11.8729286193848
660,147.4,1.37814605236053
661,147.7,2.49699211120605
662,147.9,34.8449363708496
663,148.1,335.390533447266
664,148.2,92.913444519043
665,148.4,3.13763046264648
666,148.7,3.36599135398865
667,148.9,49.4801712036133
668,149.1,420.467407226563
669,149.2,95.2947845458984
670,149.4,1.75334560871124
671,149.6,1.57323515415192
672,149.8,9.70251655578613
673,150.0,124.122528076172
674,150.1,203.623321533203
675,150.3,11.8605279922485
676,150.4,4.15702867507935
677,150.7,3.53701663017273
678,150.9,40.4793128967285
679,151.1,212.299819946289
680,151.2,84.6729278564453
681,151.4,3.15604662895203
682,151.6,0.824186623096466
683,151.8,8.93492984771729
684,152.0,124.589935302734
685,152.1,226.464706420898
686,152.3,17.1803569793701
687,152.5,1.95481896400452
688,152.8,11.5492944717407
689,153.0,118.615348815918
690,153.1,119.423080444336
691,153.2,76.423942565918
692,153.4,2.5696747303009
693,153.7,2.92559862136841
694,153.9,32.9861259460449
695,154.1,128.556411743164
696,154.2,69.2955169677734
697,154.4,4.11246156692505
698,154.5,3.41252303123474
699,154.8,13.1508903503418
700,155.0,108.51197052002
701,155.1,178.967346191406
702,155.3,18.1987724304199
703,155.5,1.64972376823425
704,155.7,5.35150384902954
705,155.9,27.1933708190918
706,156.1,93.338737487793
707,156.2,50.6928176879883
708,156.4,5.90963792800903
709,156.7,4.51639032363892
710,156.9,31.8589324951172
711,157.1,147.160217285156
712,157.2,53.2611427307129
713,157.3,16.1464710235596
714,157.5,1.14020872116089
715,157.7,3.54192757606506
716,157.9,27.714916229248
717,158.0,50.6143646240234
718,158.1,129.354080200195
719,158.3,15.1515035629272
720,158.6,3.08262729644775
721,158.8,13.9546957015991
722,159.0,120.615348815918
723,159.1,174.539108276367
724,159.3,12.3645181655884
725,159.6,1.72179245948792
726,159.8,9.32989597320557
727,160.0,94.0099411010742
728,160.1,107.100433349609
729,160.2,65.4801712036133
730,160.4,2.2875382900238
731,160.6,2.85512590408325
732,160.8,15.6508283615112
733,161.0,110.495147705078
734,161.1,148.99104309082
735,161.3,13.1591157913208
736,161.6,2.24812769889832
737,161.8,11.1044816970825
738,162.0,103.931983947754
739,162.1,157.622344970703
740,162.3,13.6654386520386
741,162.5,1.66163289546967
742,162.7,6.12572145462036
743,162.9,71.7902984619141
744,163.1,234.661270141602
745,163.2,66.1814575195313
746,163.4,3.94327807426453
747,163.6,2.13763046264648
748,163.8,15.2205038070679
749,164.0,93.9128265380859
750,164.1,84.5647659301758
751,164.2,62.1501541137695
752,164.4,3.97569060325623
753,164.7,4.96464109420776
754,164.9,46.0257835388184
755,165.1,216.653045654297
756,165.2,82.0762405395508
757,165.4,2.63548183441162
758,165.6,2.68569684028625
759,165.8,9.93456077575684
760,165.9,22.6671581268311
761,166.1,128.219268798828
762,166.2,49.0390434265137
763,166.3,17.610559463501
764,166.6,3.0119092464447
765,166.8,12.9128303527832
766,167.0,82.5143051147461
767,167.1,109.527565002441
768,167.3,15.4076118469238
769,167.5,1.35383665561676
770,167.7,3.63462257385254
771,167.9,24.0418663024902
772,168.1,90.7258453369141
773,168.2,49.0812759399414
774,168.4,5.61031293869019
775,168.7,4.12093305587769
776,168.9,24.4665431976318
777,169.1,78.6195220947266
778,169.2,51.2120323181152
779,169.4,3.84714555740356
780,169.5,3.01878452301025
781,169.8,9.86347484588623
782,170.0,51.8276252746582
783,170.1,82.9201965332031
784,170.3,14.9468383789063
785,170.6,2.92216086387634
786,170.8,8.48704719543457
787,171.0,66.2384262084961
788,171.1,108.582809448242
789,171.3,19.0275020599365
790,171.6,2.55310010910034
791,171.7,2.0324125289917
792,171.9,24.5658683776855
793,172.1,99.4379348754883
794,172.2,47.9508895874023
795,172.4,4.17225313186646
796,172.6,1.52228355407715
797,172.8,10.0089626312256
798,173.0,61.6817665100098
799,173.1,58.0881538391113
800,173.2,47.861141204834
801,173.4,3.66875386238098
802,173.6,1.07710254192352
803,173.8,8.71356678009033
804,174.0,74.7490463256836
805,174.1,124.000244140625
806,174.3,12.7549419403076
807,174.5,1.15322279930115
808,174.7,4.05230188369751
809,174.9,31.1677093505859
810,175.0,48.8414993286133
811,175.1,98.1861267089844
812,175.3,13.5222835540771
813,175.6,2.964026927948
814,175.8,12.8618783950806
815,176.0,98.574951171875
816,176.1,131.383544921875
817,176.3,12.2979745864868
818,176.5,1.02062618732452
819,176.7,4.57372617721558
820,176.9,55.062614440918
821,177.1,198.589202880859
822,177.2,55.6635971069336
823,177.4,4.23474502563477
824,177.7,4.6569676399231
825,177.9,40.0088386535645
826,178.1,161.824920654297
827,178.2,63.7738494873047
828,178.4,3.48324131965637
829,178.7,5.32633495330811
830,178.9,46.6009826660156
831,179.1,136.943405151367
832,179.2,58.509635925293
833,179.4,4.27697992324829
834,179.6,1.50681400299072
835,179.8,11.3948431015015
836,180.0,59.6545104980469
837,180.1,52.7248611450195
838,180.2,49.7440147399902
839,180.4,5.31491708755493
840,180.6,1.77716386318207
841,180.8,12.4359731674194
842,181.0,64.0135040283203
843,181.1,50.3829345703125
844,181.2,47.7377548217773
845,181.4,3.31786370277405
846,181.5,2.65524864196777
847,181.7,2.44837331771851
848,181.9,28.9834251403809
849,182.1,109.555313110352
850,182.2,55.8234481811523
851,182.4,4.21240043640137
852,182.6,1.1495395898819
853,182.8,9.12621212005615
854,183.0,42.4734191894531
855,183.2,60.4360961914063
856,183.3,16.6271324157715
857,183.6,3.20736646652222
858,183.7,2.29060769081116
859,183.9,20.7842845916748
860,184.1,61.2236938476563
861,184.2,36.2978515625
862,184.4,4.16341304779053
863,184.7,4.45389795303345
864,184.9,22.941312789917
865,185.1,82.7073059082031
866,185.2,56.4515647888184
867,185.4,5.42074871063232
868,185.7,4.24739122390747
869,185.9,22.8775939941406
870,186.1,77.3799896240234
871,186.2,40.1197052001953
872,186.4,4.58379364013672
873,186.7,5.08446884155273
874,186.9,24.4563541412354
875,187.1,56.5910377502441
876,187.2,32.374584197998
877,187.4,2.95629215240479
878,187.6,2.39361572265625
879,187.8,8.39398384094238
880,187.9,17.8487415313721
881,188.1,64.4866790771484
882,188.2,35.477840423584
883,188.4,3.7538366317749
884,188.6,1.39864945411682
885,188.8,11.607120513916
886,189.0,63.1352958679199
887,189.1,82.4717025756836
888,189.3,17.0049114227295
889,189.6,2.95150399208069
890,189.7,2.83621859550476
891,189.9,28.1001834869385
892,190.1,101.573600769043
893,190.2,44.2868003845215
894,190.4,2.57581329345703
895,190.6,2.78919577598572
896,190.7,3.20834875106812
897,190.9,64.2321701049805
898,191.0,451.660034179688
899,191.2,46.4578285217285
900,191.3,12.7130756378174
901,191.6,2.62148547172546
902,191.8,14.3537139892578
903,192.0,102.041496276855
904,192.1,110.380599975586
905,192.3,14.2044200897217
906,192.6,2.76488637924194
907,192.8,17.2492332458496
908,193.0,356.230804443359
909,193.1,257.334808349609
910,193.3,8.84112930297852
911,193.6,1.73443830013275
912,193.8,16.2192764282227
913,194.0,106.466789245605
914,194.1,112.974220275879
915,194.3,15.1193370819092
916,194.5,1.74683856964111
917,194.7,6.03535890579224
918,194.9,44.5537147521973
919,195.1,107.644569396973
920,195.2,33.8621253967285
921,195.3,15.2148561477661
922,195.5,0.994106829166412
923,195.7,4.01890707015991
924,195.9,21.8155918121338
925,196.0,28.6117858886719
926,196.1,62.8623695373535
927,196.3,16.090238571167
928,196.5,1.84346222877502
929,196.7,6.18416213989258
930,196.9,29.468017578125
931,197.1,71.7141799926758
932,197.2,27.6423568725586
933,197.3,13.3486804962158
934,197.5,1.5112339258194
935,197.7,4.13468408584595
936,197.9,21.5424194335938
937,198.1,56.701042175293
938,198.2,31.9642734527588
939,198.4,4.26372003555298
940,198.6,1.50030696392059
941,198.8,8.82001209259033
942,198.9,12.176549911499
943,199.1,45.7587471008301
944,199.2,30.4852046966553
945,199.4,4.20810317993164
946,199.6,1.47170042991638
947,199.8,9.15125846862793
948,200.0,41.3748321533203
949,200.1,51.1273155212402
950,200.3,12.8028240203857
951,200.6,3.2654390335083
952,200.8,9.923020362854
953,201.0,31.963903427124
954,201.1,37.0346221923828
955,201.3,7.69920206069946
956,201.4,4.28766107559204
957,201.7,3.2246778011322
958,201.9,22.4937992095947
959,202.1,62.203929901123
960,202.2,35.1645164489746
961,202.4,4.07820749282837
962,202.7,5.09392261505127
963,202.9,26.9895648956299
964,203.1,72.4071197509766
965,203.2,26.0520572662354
966,203.3,14.7926330566406
967,203.5,1.2284836769104
968,203.7,3.83081650733948
969,203.9,20.2094535827637
970,204.0,24.9039897918701
971,204.2,51.8082275390625
972,204.3,9.94671535491943
973,204.4,4.36341333389282
974,204.7,4.6058931350708
975,204.9,25.970043182373
976,205.1,75.7055892944336
977,205.2,31.4868011474609
978,205.3,15.6856966018677
979,205.6,2.90362191200256
980,205.8,8.54610157012939
981,206.0,37.0759963989258
982,206.1,44.5284233093262
983,206.3,7.09355449676514
984,206.4,2.33775329589844
985,206.7,0.738121569156647
986,206.9,53.1419258117676
987,207.1,3816.38452148438
988,207.2,70.3322296142578
989,207.4,0.263842850923538
990,207.7,1.33480668067932
991,207.9,49.1702880859375
992,208.1,799.917114257813
993,208.2,57.3728675842285
994,208.3,13.1044816970825
995,208.5,1.12302029132843
996,208.7,4.30472660064697
997,208.9,50.799877166748
998,209.1,571.63623046875
999,209.2,56.7341918945313
1000,209.4,2.06556177139282
1001,209.7,3.07255983352661
1002,209.9,31.8175563812256
1003,210.1,106.962059020996
1004,210.2,42.0153465270996
1005,210.4,5.43646430969238
1006,210.7,6.15751981735229
1007,210.9,59.0831184387207
1008,211.0,80.0996932983398
1009,211.1,125.537384033203
1010,211.3,12.6009826660156
1011,211.5,0.892203807830811
1012,211.7,4.13738489151001
1013,211.9,25.3580112457275
1014,212.1,56.2631072998047
1015,212.2,30.7589931488037
1016,212.4,4.58330249786377
1017,212.7,4.95837926864624
1018,212.9,38.0793113708496
1019,213.1,104.123146057129
1020,213.2,58.9074287414551
1021,213.4,4.18084716796875
1022,213.7,3.52007365226746
1023,213.9,18.769552230835
1024,214.1,44.2854499816895
1025,214.2,26.3446292877197
1026,214.4,4.80159616470337
1027,214.6,2.18489861488342
1028,214.8,18.9556789398193
1029,215.0,75.6694869995117
1030,215.1,77.8239440917969
1031,215.3,10.0969924926758
1032,215.4,3.3449969291687
1033,215.7,4.41767978668213
1034,215.9,23.4103126525879
1035,216.0,23.5546970367432
1036,216.1,47.0924491882324
1037,216.3,9.07206916809082
1038,216.4,3.74855732917786
1039,216.6,1.6200122833252
1040,216.8,9.49711513519287
1041,217.0,30.2049102783203
1042,217.1,34.6426010131836
1043,217.3,11.8532838821411
1044,217.6,3.51810932159424
1045,217.7,2.66678953170776
1046,217.9,17.3539600372314
1047,218.0,16.3960704803467
1048,218.2,36.1212997436523
1049,218.3,13.1593618392944
1050,218.6,3.55837941169739
1051,218.8,11.5643949508667
1052,219.0,36.0406379699707
1053,219.1,42.7663612365723
1054,219.3,8.76046657562256
1055,219.4,5.63941049575806
1056,219.7,5.81031322479248
1057,219.9,20.8758754730225
1058,220.1,46.107551574707
1059,220.2,30.6278705596924
1060,220.4,4.96525478363037
1061,220.7,4.46519327163696
1062,220.9,31.7154083251953
1063,221.0,50.5689392089844
1064,221.1,139.811904907227
1065,221.3,20.9386119842529
1066,221.6,2.75776553153992
1067,221.8,8.88103103637695
1068,222.0,42.0184173583984
1069,222.1,30.7673416137695
1070,222.2,36.3878440856934
1071,222.4,4.13898086547852
1072,222.6,4.57998752593994
1073,222.7,4.77949666976929
1074,222.9,35.6047897338867
1075,223.1,83.851936340332
1076,223.2,25.6798038482666
1077,223.3,14.4721918106079
1078,223.5,1.52461636066437
1079,223.7,4.28127670288086
1080,223.9,17.8397789001465
1081,224.1,40.806999206543
1082,224.2,16.1934928894043
1083,224.3,13.1445055007935
1084,224.6,3.48213624954224
1085,224.8,13.8020868301392
1086,225.0,55.7878456115723
1087,225.1,62.7279319763184
1088,225.3,10.5666055679321
1089,225.4,4.60110473632813
1090,225.7,4.21313667297363
1091,225.9,17.9221611022949
1092,226.0,17.6003684997559
1093,226.1,36.075138092041
1094,226.3,11.942910194397
1095,226.6,2.86580729484558
1096,226.8,8.23732376098633
1097,226.9,11.3022708892822
1098,227.1,51.1764259338379
1099,227.2,46.0406379699707
1100,227.4,6.50202560424805
1101,227.5,3.66396570205688
1102,227.8,6.26580715179443
1103,228.0,22.9516258239746
1104,228.2,33.9960708618164
1105,228.3,13.9835481643677
1106,228.6,2.80724382400513
1107,228.7,2.82074904441833
1108,228.9,14.4162063598633
1109,229.1,29.6165752410889
1110,229.2,21.2756290435791
1111,229.4,2.89772868156433
1112,229.6,2.97249841690063
1113,229.8,7.50497245788574
1114,230.0,22.8610191345215
1115,230.1,15.7573976516724
1116,230.2,22.5378761291504
1117,230.4,4.76906061172485
1118,230.6,1.60085940361023
1119,230.8,7.51025152206421
1120,231.0,19.5324745178223
1121,231.2,26.1080417633057
1122,231.3,7.94033145904541
1123,231.4,5.34192752838135
1124,231.7,3.39165139198303
1125,231.9,11.428729057312
1126,232.1,23.9998779296875
1127,232.2,20.1485576629639
1128,232.4,4.06101894378662
1129,232.6,4.03376293182373
1130,232.7,3.8546347618103
1131,232.9,23.4815216064453
1132,233.1,39.0513191223145
1133,233.2,23.5592384338379
1134,233.4,5.57826900482178
1135,233.7,3.76992011070251
1136,233.9,14.7712707519531
1137,234.0,13.1418046951294
1138,234.2,27.610803604126
1139,234.3,7.84518098831177
1140,234.4,4.9325966835022
1141,234.7,6.94597911834717
1142,234.9,21.5761814117432
1143,235.1,34.9631690979004
1144,235.2,17.1200733184814
1145,235.4,4.8206262588501
1146,235.7,4.65242481231689
1147,235.9,13.8777160644531
1148,236.1,26.5231437683105
1149,236.2,19.1081638336182
1150,236.4,5.33210563659668
1151,236.6,2.23093914985657
1152,236.8,11.9585018157959
1153,237.0,31.6120319366455
1154,237.1,14.3958253860474
1155,237.2,16.6249237060547
1156,237.4,4.01399612426758
1157,237.7,4.05807256698608
1158,237.9,12.394229888916
1159,238.1,20.7041130065918
1160,238.2,15.367956161499
1161,238.4,4.60540199279785
1162,238.7,4.75162696838379
1163,238.9,14.1645183563232
1164,239.1,22.8207492828369
1165,239.2,16.0779628753662
1166,239.4,3.24137496948242
1167,239.6,3.26764893531799
1168,239.8,5.86568450927734
1169,240.0,15.7367706298828
1170,240.1,9.72559833526611
1171,240.2,13.7434005737305
1172,240.4,2.28962564468384
1173,240.6,2.78489875793457
1174,240.8,5.75923871994019
1175,241.0,16.3877220153809
1176,241.2,22.2487411499023
1177,241.3,11.3840389251709
1178,241.6,3.19103741645813
1179,241.8,4.44174337387085
1180,241.9,5.52547597885132
1181,242.1,16.944751739502
1182,242.2,8.47538375854492
1183,242.3,9.68545150756836
1184,242.5,1.29944753646851
1185,242.7,3.54278707504272
1186,242.9,7.78858184814453
1187,243.1,15.8617553710938
1188,243.2,19.4893798828125
1189,243.4,3.87538361549377
1190,243.7,3.08373236656189
1191,243.9,9.02664184570313
1192,244.1,16.9856357574463
1193,244.2,8.65880870819092
1194,244.3,7.73124599456787
1195,244.5,1.32891345024109
1196,244.7,2.93321061134338
1197,244.9,8.6068754196167
1198,245.0,7.021240234375
1199,245.2,15.8907308578491
1200,245.3,9.22124004364014
1201,245.5,3.04297113418579
1202,245.8,5.98514413833618
1203,246.0,14.9071826934814
1204,246.1,10.2158374786377
1205,246.2,16.4486179351807
1206,246.4,3.37360334396362
1207,246.6,2.78759980201721
1208,246.7,1.6915899515152
1209,246.9,9.45807266235352
1210,247.1,16.0779628753662
1211,247.2,14.3199510574341
1212,247.4,5.3116021156311
1213,247.7,4.42025804519653
1214,247.9,11.5600986480713
1215,248.1,19.8066291809082
1216,248.2,8.89416790008545
1217,248.3,8.52326583862305
1218,248.6,4.20392894744873
1219,248.8,18.2178020477295
1220,248.9,29.0872936248779
1221,249.0,100.827011108398
1222,249.2,19.914794921875
1223,249.4,3.86028242111206
1224,249.7,6.48717021942139
1225,249.9,24.9055862426758
1226,250.1,44.2356033325195
1227,250.2,12.4348678588867
1228,250.3,8.872314453125
1229,250.6,5.16255378723145
1230,250.8,23.3211784362793
1231,251.0,96.1378784179688
1232,251.1,32.3957023620605
1233,251.2,19.1065692901611
1234,251.4,1.97630453109741
1235,251.6,3.93063235282898
1236,251.8,14.4898710250854
1237,251.9,16.0071201324463
1238,252.1,38.7424201965332
1239,252.2,16.6937999725342
1240,252.4,5.20785760879517
1241,252.7,8.20687580108643
1242,252.9,34.693431854248
1243,253.0,32.9857597351074
1244,253.1,39.6313056945801
1245,253.3,9.36402702331543
1246,253.6,3.14254140853882
1247,253.8,7.93112325668335
1248,254.0,19.3386135101318
1249,254.1,10.6505832672119
1250,254.2,13.1478204727173
1251,254.4,4.35273170471191
1252,254.6,1.83879685401917
1253,254.8,8.37691879272461
1254,255.0,19.0426025390625
1255,255.2,18.2956409454346
1256,255.3,6.91381216049194
1257,255.5,1.19570291042328
1258,255.7,2.95727443695068
1259,255.9,8.8074893951416
1260,256.1,15.9697971343994
1261,256.3,23.2216091156006
1262,256.4,4.94757509231567
1263,256.7,3.72130131721497
1264,256.9,8.58146095275879
1265,257.1,13.3896865844727
1266,257.2,13.0747699737549
1267,257.4,4.24346208572388
1268,257.7,2.98416209220886
1269,257.9,6.2968692779541
1270,258.1,12.5927562713623
1271,258.2,9.95813369750977
1272,258.4,4.02344989776611
1273,258.7,3.76009821891785
1274,258.8,4.55813360214233
1275,259.0,19.4428482055664
1276,259.1,20.7507667541504
1277,259.3,7.65033769607544
1278,259.5,3.02946591377258
1279,259.8,4.74708414077759
1280,259.9,4.40036821365356
1281,260.1,13.6357278823853
1282,260.2,13.4590549468994
1283,260.4,3.18158388137817
1284,260.5,3.42369556427002
1285,260.8,4.75813388824463
1286,261.0,9.45966815948486
1287,261.2,12.4375686645508
1288,261.3,7.56906080245972
1289,261.5,3.16476368904114
1290,261.8,4.17176198959351
1291,262.0,9.12203788757324
1292,262.1,5.61215448379517
1293,262.2,10.1690607070923
1294,262.4,4.25426626205444
1295,262.6,1.574462890625
1296,262.8,6.05549430847168
1297,263.0,12.1419277191162
1298,263.2,12.769061088562
1299,263.3,6.60798025131226
1300,263.6,2.65819525718689
1301,263.8,4.78011035919189
1302,263.9,4.17740964889526
1303,264.1,13.0157155990601
1304,264.2,10.0252914428711
1305,264.5,4.29650068283081
1306,264.7,6.67022705078125
1307,264.9,33.7796211242676
1308,265.0,60.5269508361816
1309,265.1,61.5878448486328
1310,265.3,5.23228979110718
1311,265.4,3.3042356967926
1312,265.7,3.92891335487366
1313,265.9,15.1705341339111
1314,266.1,34.4295883178711
1315,266.2,12.4827499389648
1316,266.4,3.46580719947815
1317,266.7,9.73947238922119
1318,266.9,99.4100646972656
1319,267.0,452.087799072266
1320,267.2,32.6926956176758
1321,267.4,2.43143033981323
1322,267.7,7.02725601196289
1323,267.9,43.9371376037598
1324,268.0,110.805152893066
1325,268.2,21.5926342010498
1326,268.4,2.22799253463745
1327,268.6,4.12166976928711
1328,268.8,21.743278503418
1329,269.0,89.2170639038086
1330,269.1,36.8784523010254
1331,269.2,25.032657623291
1332,269.4,2.12780857086182
1333,269.6,2.02811551094055
1334,269.8,7.77839183807373
1335,270.0,29.46457862854
1336,270.2,47.9167594909668
1337,270.3,18.4809093475342
1338,270.4,17.6396560668945
1339,270.7,10.1093921661377
1340,270.9,30.0616321563721
1341,271.1,52.531982421875
1342,271.2,26.3558006286621
1343,271.4,5.51221609115601
1344,271.7,4.85954570770264
1345,271.9,12.420994758606
1346,272.1,17.9667282104492
1347,272.2,13.0341310501099
1348,272.4,4.41276836395264
1349,272.6,1.75653779506683
1350,272.8,8.10263919830322
1351,273.0,15.4678945541382
1352,273.2,15.1314916610718
1353,273.3,4.36488628387451
1354,273.4,4.23388576507568
1355,273.7,2.8992018699646
1356,273.8,2.52719449996948
1357,274.0,8.27943515777588
1358,274.2,10.9394721984863
1359,274.3,7.10067510604858
1360,274.5,3.70988345146179
1361,274.7,2.72866797447205
1362,274.9,9.22983455657959
1363,275.1,12.2149782180786
1364,275.2,8.18612670898438
1365,275.4,3.53124618530273
1366,275.7,2.68127679824829
1367,275.8,2.16807866096497
1368,276.0,7.50079822540283
1369,276.2,9.51651287078857
1370,276.3,6.01608371734619
1371,276.6,3.07710242271423
1372,276.7,1.84910988807678
1373,276.9,6.37765502929688
1374,277.0,4.50042963027954
1375,277.2,8.63339519500732
1376,277.3,3.05819511413574
1377,277.4,3.17728662490845
1378,277.7,2.4829957485199
1379,277.9,4.75236320495605
1380,278.1,7.40945386886597
1381,278.2,7.23069381713867
1382,278.4,3.45107436180115
1383,278.7,3.80491089820862
1384,278.8,3.31197047233582
1385,279.0,10.4316759109497
1386,279.1,12.3513813018799
1387,279.3,5.67636585235596
1388,279.5,2.45610809326172
1389,279.8,3.6319215297699
1390,280.0,7.49146699905396
1391,280.1,7.05610799789429
1392,280.3,2.35383677482605
1393,280.5,0.479926347732544
1394,280.7,2.74499702453613
1395,280.9,76.830940246582
1396,281.1,1672.84106445313
1397,281.2,86.2454299926758
1398,281.4,0.95420503616333
1399,281.6,0.617434024810791
1400,281.8,14.0647020339966
1401,282.0,171.844573974609
1402,282.1,353.743530273438
1403,282.3,11.5986490249634
1404,282.6,2.95862483978271
1405,282.8,18.0319213867188
1406,283.0,141.920440673828
1407,283.1,243.252548217773
1408,283.3,11.5553102493286
1409,283.6,1.99226522445679
1410,283.7,2.36095762252808
1411,283.9,20.4391651153564
1412,284.0,23.9016571044922
1413,284.1,53.9674644470215
1414,284.3,8.7133207321167
1415,284.5,2.04947829246521
1416,284.7,8.39189720153809
1417,284.9,41.6937980651855
1418,285.1,112.580848693848
1419,285.2,33.6658058166504
1420,285.4,2.37237572669983
1421,285.6,2.47968077659607
1422,285.8,8.80122756958008
1423,286.0,24.6678943634033
1424,286.1,25.1259670257568
1425,286.3,7.50546360015869
1426,286.5,1.48115408420563
1427,286.7,5.32621240615845
1428,286.9,19.6988334655762
1429,287.1,36.7874755859375
1430,287.2,20.8341312408447
1431,287.4,4.59484338760376
1432,287.7,3.11860036849976
1433,287.8,3.11049723625183
1434,288.0,10.4099445343018
1435,288.2,12.6837320327759
1436,288.3,6.31945991516113
1437,288.6,4.64726829528809
1438,288.8,13.2461633682251
1439,289.0,38.5112342834473
1440,289.1,30.1969299316406
1441,289.3,5.14868021011353
1442,289.4,3.57912826538086
1443,289.6,1.46801722049713
1444,289.8,6.61694288253784
1445,290.0,11.7488031387329
1446,290.1,6.28913450241089
1447,290.2,8.57618141174316
1448,290.4,2.14426016807556
1449,290.6,3.26814007759094
1450,290.8,5.27550649642944
1451,291.0,9.25414371490479
1452,291.1,5.44861888885498
1453,291.3,6.8399019241333
1454,291.4,2.50509524345398
1455,291.7,2.48103141784668
1456,291.9,4.18931865692139
1457,292.0,2.63781452178955
1458,292.2,6.52940464019775
1459,292.3,4.24358510971069
1460,292.6,3.92510747909546
1461,292.8,9.91639041900635
1462,293.0,16.7668514251709
1463,293.1,13.6370782852173
1464,293.3,4.43020248413086
1465,293.5,0.827992618083954
1466,293.7,2.95285439491272
1467,293.9,6.36304473876953
1468,294.1,7.4457950592041
1469,294.2,5.01080417633057
1470,294.4,1.42455494403839
1471,294.6,3.41964387893677
1472,294.8,9.54094505310059
1473,295.0,23.1041126251221
1474,295.1,24.476734161377
1475,295.3,5.44911003112793
1476,295.4,3.29158997535706
1477,295.7,3.10349917411804
1478,295.9,7.23879671096802
1479,296.0,5.60515642166138
1480,296.1,10.4842233657837
1481,296.3,5.45868635177612
1482,296.6,3.5060772895813
1483,296.7,4.03327178955078
1484,296.9,14.421854019165
1485,297.1,17.2271327972412
1486,297.2,6.15899324417114
1487,297.3,4.93775320053101
1488,297.6,2.31528544425964
1489,297.8,4.42639636993408
1490,298.0,6.46715784072876
1491,298.2,6.74352359771729
1492,298.3,4.59545755386353
1493,298.6,3.07526087760925
1494,298.7,2.73836708068848
1495,298.9,13.4691219329834
1496,299.1,23.5866184234619
1497,299.2,14.2972373962402
1498,299.4,2.95334553718567
1499,299.7,2.21522402763367
1500,299.9,6.13542032241821
1501,300.1,9.74806594848633
1502,300.2,7.51307535171509
1503,300.4,3.23449969291687
1504,300.7,2.96599149703979
1505,300.9,6.24456739425659
1506,301.0,4.45488023757935
1507,301.2,8.24112987518311
1508,301.3,4.63499069213867
1509,301.6,1.97483122348785
1510,301.8,2.80098223686218
1511,301.9,2.17065691947937
1512,302.1,5.96820116043091
1513,302.2,3.44923257827759
1514,302.3,4.78489875793457
1515,302.5,1.34634745121002
1516,302.7,2.45402097702026
1517,302.9,4.88987112045288
1518,303.1,7.19177389144897
1519,303.3,5.48569679260254
1520,303.4,2.48729276657104
1521,303.6,1.12179255485535
1522,303.8,2.62430930137634
1523,303.9,1.75236344337463
1524,304.1,5.09662389755249
1525,304.2,2.76144886016846
1526,304.3,3.97790050506592
1527,304.5,1.20834863185883
1528,304.7,2.30816459655762
1529,304.9,3.51602220535278
1530,305.1,5.22246789932251
1531,305.3,3.75445055961609
1532,305.4,2.54671573638916
1533,305.6,0.976795554161072
1534,305.8,2.3655002117157
1535,305.9,1.60233271121979
1536,306.1,4.10362195968628
1537,306.3,4.17225313186646
1538,306.5,2.57286667823792
1539,306.7,2.81743407249451
1540,306.9,5.10791873931885
1541,307.1,6.26114177703857
1542,307.2,5.50656843185425
1543,307.4,2.81988954544067
1544,307.7,1.92277467250824
1545,307.8,1.59030079841614
1546,308.0,3.80110502243042
1547,308.2,4.2532844543457
1548,308.4,3.23020267486572
1549,308.5,1.23057091236115
1550,308.7,2.63634133338928
1551,308.9,5.74843454360962
1552,309.0,3.69993853569031
1553,309.1,6.51688146591187
1554,309.3,3.05402088165283
1555,309.6,2.07427859306335
1556,309.7,1.0757520198822
1557,309.9,3.33419275283813
1558,310.1,4.9001841545105
1559,310.2,3.72387957572937
1560,310.5,2.47599744796753
1561,310.6,1.3141804933548
1562,310.8,5.69674634933472
1563,310.9,5.24763679504395
1564,311.0,11.4060163497925
1565,311.2,5.3267035484314
1566,311.4,2.23535919189453
1567,311.6,1.07796192169189
1568,311.8,3.50460410118103
1569,312.0,5.30705976486206
1570,312.2,5.02185392379761
1571,312.3,3.48864340782166
1572,312.6,2.81792521476746
1573,312.7,2.33554339408875
1574,312.9,8.52498435974121
1575,313.0,5.01190900802612
1576,313.1,8.59496593475342
1577,313.3,3.25144267082214
1578,313.6,1.88176798820496
1579,313.8,3.2368323802948
1580,314.0,4.70755052566528
1581,314.1,2.64653158187866
1582,314.2,3.9952118396759
1583,314.5,2.53738498687744
1584,314.7,2.42259049415588
1585,314.9,4.04211187362671
1586,315.1,5.69146728515625
1587,315.2,4.08974838256836
1588,315.4,2.28839778900146
1589,315.7,2.15604662895203
1590,315.9,2.75690603256226
1591,316.0,2.16046643257141
1592,316.2,4.49883365631104
1593,316.4,3.12989568710327
1594,316.5,1.13677108287811
1595,316.7,2.16672801971436
1596,316.8,1.23990178108215
1597,317.0,3.48324131965637
1598,317.1,1.76169431209564
1599,317.2,3.02922034263611
1600,317.5,2.20626139640808
1601,317.6,0.86261510848999
1602,317.8,2.1228973865509
1603,318.0,3.35113573074341
1604,318.1,2.13640260696411
1605,318.3,3.943523645401
1606,318.5,2.47157764434814
1607,318.6,0.97041130065918
1608,318.8,1.94438302516937
1609,319.0,2.64014744758606
1610,319.2,3.02958869934082
1611,319.4,2.66286063194275
1612,319.5,0.891589939594269
1613,319.7,1.84702277183533
1614,319.9,2.35997533798218
1615,320.1,3.17286682128906
1616,320.2,1.6717004776001
1617,320.3,2.65549421310425
1618,320.5,1.78403925895691
1619,320.7,0.963044822216034
1620,320.9,2.48496007919312
1621,321.1,3.17483115196228
1622,321.3,2.72866797447205
1623,321.5,2.00859427452087
1624,321.7,1.5060772895813
1625,321.8,1.08275020122528
1626,322.0,2.78845906257629
1627,322.1,1.58084714412689
1628,322.3,2.80810308456421
1629,322.4,1.28336405754089
1630,322.6,2.19533467292786
1631,322.7,1.97876000404358
1632,322.9,7.08238172531128
1633,323.0,13.6682624816895
1634,323.2,5.0860652923584
1635,323.4,2.20257830619812
1636,323.6,1.15616941452026
1637,323.8,3.45488023757935
1638,324.0,5.97139358520508
1639,324.1,5.32977294921875
1640,324.3,1.90116631984711
1641,324.5,2.93136882781982
1642,324.7,9.91663551330566
1643,324.9,41.4100685119629
1644,325.0,68.7712707519531
1645,325.2,14.2899942398071
1646,325.5,2.46949052810669
1647,325.6,1.82209944725037
1648,325.8,9.72093296051025
1649,326.0,22.7711486816406
1650,326.1,12.5950889587402
1651,326.3,2.51958250999451
1652,326.5,3.40798044204712
1653,326.6,4.53026390075684
1654,326.8,35.5061988830566
1655,327.0,132.011291503906
1656,327.1,58.0638427734375
1657,327.3,4.49208116531372
1658,327.5,1.56918358802795
1659,327.7,7.52216100692749
1660,327.9,28.2077350616455
1661,328.0,36.1380004882813
1662,328.2,7.29539585113525
1663,328.3,4.73112344741821
1664,328.6,4.84886455535889
1665,328.8,16.0356044769287
1666,328.9,14.528299331665
1667,329.0,30.8508281707764
1668,329.2,9.84014701843262
1669,329.4,1.11160218715668
1670,329.6,2.48410058021545
1671,329.7,1.9916512966156
1672,329.9,8.27231407165527
1673,330.0,8.96009826660156
1674,330.2,5.23585033416748
1675,330.5,2.78219771385193
1676,330.6,1.84125232696533
1677,330.8,7.31049728393555
1678,330.9,5.3911600112915
1679,331.0,12.3696746826172
1680,331.2,5.70558643341064
1681,331.5,2.46310615539551
1682,331.7,2.60417437553406
1683,331.8,1.99079191684723
1684,332.0,4.96071195602417
1685,332.2,4.50128936767578
1686,332.3,1.62885200977325
1687,332.5,2.44849610328674
1688,332.7,3.0182933807373
1689,332.8,2.05340695381165
1690,333.0,4.60896253585815
1691,333.2,4.77998781204224
1692,333.3,2.94278693199158
1693,333.6,1.58551263809204
1694,333.8,2.35555553436279
1695,334.0,2.88115406036377
1696,334.2,3.29023933410645
1697,334.4,2.62872934341431
1698,334.6,2.22160840034485
1699,334.8,2.6909761428833
1700,335.0,3.60098218917847
1701,335.2,3.32461643218994
1702,335.4,2.04628610610962
1703,335.5,0.707550644874573
1704,335.7,1.743891954422
1705,335.9,2.23744630813599
1706,336.1,2.58993244171143
1707,336.2,1.47624313831329
1708,336.4,2.11430335044861
1709,336.6,1.83621859550476
1710,336.8,2.57667279243469
1711,337.0,4.85733556747437
1712,337.2,4.37630462646484
1713,337.3,1.33050954341888
1714,337.5,2.00417423248291
1715,337.7,1.92817676067352
1716,337.8,1.34966242313385
1717,338.0,3.40834879875183
1718,338.1,1.50325357913971
1719,338.2,3.02087163925171
1720,338.5,1.88041746616364
1721,338.7,3.52216076850891
1722,338.9,8.50116634368896
1723,339.0,9.31995105743408
1724,339.1,14.1495399475098
1725,339.3,3.44739103317261
1726,339.6,1.67452430725098
1727,339.8,3.4364640712738
1728,340.0,6.06138753890991
1729,340.1,6.9325966835022
1730,340.3,2.48238182067871
1731,340.6,4.19373846054077
1732,340.8,28.081521987915
1733,341.0,222.004180908203
1734,341.1,97.4924468994141
1735,341.2,33.2677726745605
1736,341.4,3.4040515422821
1737,341.7,6.92166996002197
1738,341.8,11.1259670257568
1739,342.0,72.5160217285156
1740,342.1,29.9157772064209
1741,342.2,19.2599143981934
1742,342.5,3.20306944847107
1743,342.7,7.03511333465576
1744,342.9,29.4385509490967
1745,343.0,64.8155899047852
1746,343.2,12.9803562164307
1747,343.3,6.62701034545898
1748,343.5,1.23327195644379
1749,343.7,3.91282987594604
1750,343.8,4.28913450241089
1751,344.0,15.1456108093262
1752,344.1,11.826642036438
1753,344.3,2.923020362854
1754,344.5,2.8882749080658
1755,344.6,2.44653153419495
1756,344.8,11.8251686096191
1757,345.0,33.5603446960449
1758,345.1,21.9265804290771
1759,345.3,5.86740350723267
1760,345.6,2.25058317184448
1761,345.7,2.37679553031921
1762,345.9,8.31491756439209
1763,346.1,11.7393493652344
1764,346.2,6.52842235565186
1765,346.5,2.09158992767334
1766,346.7,3.29109883308411
1767,346.8,3.22050333023071
1768,347.0,9.01817035675049
1769,347.1,7.80478811264038
1770,347.3,1.7997545003891
1771,347.4,2.14303255081177
1772,347.6,0.969674646854401
1773,347.8,2.35923886299133
1774,348.0,3.89330887794495
1775,348.2,3.85930013656616
1776,348.3,2.87206864356995
1777,348.5,1.16193985939026
1778,348.7,5.07648849487305
1779,348.9,9.97335815429688
1780,349.0,5.87636566162109
1781,349.1,8.07120895385742
1782,349.3,1.69821977615356
1783,349.5,1.9393492937088
1784,349.6,1.0606507062912
1785,349.8,3.29834246635437
1786,350.0,4.19140577316284
1787,350.1,3.84481287002563
1788,350.3,2.04591774940491
1789,350.5,0.803192138671875
1790,350.7,2.49171280860901
1791,350.9,4.40847158432007
1792,351.0,2.09760594367981
1793,351.2,4.43965625762939
1794,351.4,2.10620021820068
1795,351.6,1.61706566810608
1796,351.7,0.735788822174072
1797,351.9,2.5853898525238
1798,352.0,1.41264581680298
1799,352.2,2.85316133499146
1800,352.3,1.06556165218353
1801,352.4,1.90104353427887
1802,352.7,2.30055236816406
1803,352.8,1.77127075195313
1804,353.0,4.4281153678894
1805,353.1,4.19914054870605
1806,353.3,1.4239410161972
1807,353.4,1.96157157421112
1808,353.6,0.832166969776154
1809,353.8,2.23314929008484
1810,354.0,2.979496717453
1811,354.1,1.31025171279907
1812,354.2,2.08471465110779
1813,354.5,1.83351755142212
1814,354.7,6.40012264251709
1815,354.9,51.1357879638672
1816,355.1,345.424072265625
1817,355.2,42.2367095947266
1818,355.3,13.6126461029053
1819,355.6,2.2570903301239
1820,355.7,3.22259044647217
1821,355.9,24.2563533782959
1822,356.1,114.586860656738
1823,356.2,27.8128910064697
1824,356.4,2.98845911026001
1825,356.6,3.54831194877625
1826,356.8,10.7551870346069
1827,357.0,39.3136901855469
1828,357.1,70.426399230957
1829,357.3,6.26728057861328
1830,357.4,3.05696749687195
1831,357.6,1.03388583660126
1832,357.8,4.99214220046997
1833,358.0,11.3706569671631
1834,358.1,19.366849899292
1835,358.3,3.22173118591309
1836,358.5,2.95972990989685
1837,358.7,4.30755043029785
1838,358.8,5.62418651580811
1839,359.0,24.2412528991699
1840,359.1,26.0912208557129
1841,359.3,5.9964394569397
1842,359.6,1.8395334482193
1843,359.8,3.95211791992188
1844,360.0,8.57704067230225
1845,360.1,9.76206302642822
1846,360.3,4.04726839065552
1847,360.5,1.20613873004913
1848,360.7,2.69158983230591
1849,360.9,5.50214862823486
1850,361.1,8.15432739257813
1851,361.2,5.32093286514282
1852,361.4,1.37863719463348
1853,361.6,1.74205029010773
1854,361.8,2.19975447654724
1855,362.0,3.48790669441223
1856,362.2,3.57986497879028
1857,362.3,1.70546352863312
1858,362.4,2.36132597923279
1859,362.7,3.40859413146973
1860,362.9,7.61792516708374
1861,363.1,11.2829961776733
1862,363.2,5.74868011474609
1863,363.4,1.83499073982239
1864,363.7,1.98514425754547
1865,363.8,1.35776555538177
1866,364.0,4.27145481109619
1867,364.1,2.21448731422424
1868,364.2,3.34880304336548
1869,364.5,2.10411286354065
1870,364.6,0.879558026790619
1871,364.8,2.35641503334045
1872,365.0,3.42602825164795
1873,365.2,3.2702271938324
1874,365.3,2.28446888923645
1875,365.5,0.735788822174072
1876,365.7,1.67697978019714
1877,365.9,1.71503984928131
1878,366.1,2.13542056083679
1879,366.2,2.36967468261719
1880,366.5,2.19901776313782
1881,366.7,3.49785137176514
1882,366.8,2.70300793647766
1883,367.0,6.55788850784302
1884,367.2,6.68311834335327
1885,367.3,2.71135663986206
1886,367.5,0.66605281829834
1887,367.7,2.0025782585144
1888,367.9,3.12952733039856
1889,368.1,3.34917116165161
1890,368.2,3.03462243080139
1891,368.5,1.82013499736786
1892,368.7,2.96746468544006
1893,368.9,6.11405754089355
1894,369.1,9.06850814819336
1895,369.2,6.28852033615112
1896,369.4,1.74082255363464
1897,369.6,1.56255376338959
1898,369.8,2.22430944442749
1899,370.0,4.02185392379761
1900,370.2,3.90055251121521
1901,370.3,1.52854514122009
1902,370.5,2.32351136207581
1903,370.7,3.18403935432434
1904,370.9,5.02823829650879
1905,371.1,6.30890130996704
1906,371.2,3.05954575538635
1907,371.3,3.24481272697449
1908,371.6,1.88901162147522
1909,371.8,2.17790055274963
1910,372.0,2.9711480140686
1911,372.1,3.27489256858826
1912,372.3,1.40208721160889
1913,372.4,2.03278088569641
1914,372.7,2.63891959190369
1915,372.9,4.73959493637085
1916,373.1,7.23192119598389
1917,373.2,3.11712718009949
1918,373.3,2.96206259727478
1919,373.6,1.80306935310364
1920,373.7,1.01817071437836
1921,373.9,2.46580719947815
1922,374.1,3.26752614974976
1923,374.2,3.08667898178101
1924,374.4,0.949416816234589
1925,374.5,1.7615715265274
1926,374.7,0.946101903915405
1927,374.9,2.63904237747192
1928,375.0,1.46949052810669
1929,375.2,3.35887050628662
1930,375.3,1.20171880722046
1931,375.4,1.76881527900696
1932,375.7,1.42283606529236
1933,375.9,1.79189682006836
1934,376.1,2.18195199966431
1935,376.2,2.00110507011414
1936,376.5,1.63449966907501
1937,376.7,1.62295889854431
1938,376.9,2.0747697353363
1939,377.1,2.30963778495789
1940,377.2,2.28532838821411
1941,377.4,1.44419884681702
1942,377.6,0.694659292697906
1943,377.8,1.58428478240967
1944,378.0,1.66531610488892
1945,378.2,1.99042356014252
1946,378.4,1.69208097457886
1947,378.5,0.660282373428345
1948,378.7,1.45352971553802
1949,378.9,1.59643948078156
1950,379.0,1.79533457756042
1951,379.3,2.06777167320251
1952,379.5,1.24321675300598
1953,379.7,1.33542048931122
1954,379.9,1.63400864601135
1955,380.0,0.830693662166595
1956,380.2,1.80736649036407
1957,380.4,1.58440756797791
1958,380.6,1.44947814941406
1959,380.8,2.07624316215515
1960,381.0,2.67599749565125
1961,381.1,0.957519948482513
1962,381.3,2.33136892318726
1963,381.4,0.749785125255585
1964,381.6,1.36095762252808
1965,381.7,0.825782716274261
1966,381.9,1.86887657642365
1967,382.1,1.91724979877472
1968,382.3,1.94671583175659
1969,382.5,1.81461024284363
1970,382.7,2.84837317466736
1971,382.8,2.55788826942444
1972,383.0,7.88962554931641
1973,383.1,2.70841002464294
1974,383.2,3.57593607902527
1975,383.5,1.40196442604065
1976,383.6,0.928176820278168
1977,383.8,2.77127075195313
1978,384.0,3.54438304901123
1979,384.1,3.59079194068909
1980,384.3,1.14561080932617
1981,384.5,2.15445065498352
1982,384.6,1.77065682411194
1983,384.8,8.23891925811768
1984,384.9,6.89736032485962
1985,385.1,13.6791896820068
1986,385.2,5.4493556022644
1987,385.5,1.7564150094986
1988,385.7,2.79582571983337
1989,385.9,4.2933087348938
1990,386.1,5.37961959838867
1991,386.2,1.99300181865692
1992,386.3,2.27317380905151
1993,386.6,3.24677705764771
1994,386.8,7.04861879348755
1995,387.0,11.1469612121582
1996,387.1,9.34683895111084
1997,387.3,2.03069376945496
1998,387.5,2.12437081336975
1999,387.6,1.07120931148529
2000,387.8,3.10902404785156
2001,388.0,4.70448112487793
2002,388.2,4.01718854904175
2003,388.3,2.02983427047729
2004,388.6,1.83179867267609
2005,388.8,3.68581962585449
2006,389.0,5.30607748031616
2007,389.1,2.52964997291565
2008,389.2,3.15825653076172
2009,389.5,1.69858813285828
2010,389.7,1.82786989212036
2011,389.9,2.43879675865173
2012,390.1,2.85254764556885
2013,390.2,2.20122766494751
2014,390.5,1.51872313022614
2015,390.7,1.89404547214508
2016,390.9,2.46298336982727
2017,391.1,2.47047257423401
2018,391.2,1.87059545516968
2019,391.5,1.43781459331512
2020,391.6,0.514548778533936
2021,391.7,1.56758749485016
2022,392.0,1.59165132045746
2023,392.2,1.59201967716217
2024,392.3,1.54106819629669
2025,392.6,1.6033148765564
2026,392.8,1.50411295890808
2027,393.0,1.56537747383118
2028,393.1,1.93627989292145
2029,393.3,1.47697973251343
2030,393.5,0.647636592388153
2031,393.6,1.21731126308441
2032,393.9,1.57593619823456
2033,394.0,0.914057731628418
2034,394.2,1.37495398521423
2035,394.3,0.687415599822998
2036,394.5,1.36108040809631
2037,394.7,1.28937995433807
2038,394.9,1.7605893611908
2039,395.0,1.77397179603577
2040,395.3,1.5295273065567
2041,395.4,1.18686306476593
2042,395.6,0.752854526042938
2043,395.8,1.24542665481567
2044,396.0,1.38281154632568
2045,396.2,1.59643948078156
2046,396.3,0.46691220998764
2047,396.5,1.15420508384705
2048,396.7,1.53468382358551
2049,396.9,2.07120943069458
2050,397.1,2.70534062385559
2051,397.2,1.85131978988647
2052,397.5,1.35457336902618
2053,397.7,1.13738489151001
2054,397.9,1.6748925447464
2055,398.1,2.06728053092957
2056,398.3,1.74868011474609
2057,398.5,1.77691841125488
2058,398.6,1.47170042991638
2059,398.8,5.61645174026489
2060,399.0,14.6979742050171
2061,399.1,11.0740327835083
2062,399.3,2.80171895027161
2063,399.5,0.909637808799744
2064,399.7,2.26801729202271
2065,399.9,4.86654376983643
2066,400.0,3.28606510162354
2067,400.1,5.09355449676514
2068,400.4,2.09109878540039
2069,400.5,1.4861878156662
2070,400.7,10.0795583724976
2071,400.8,15.7858810424805
2072,401.0,77.2915878295898
2073,401.1,37.5302658081055
2074,401.3,4.96488666534424
2075,401.6,3.14757513999939
2076,401.8,11.3728666305542
2077,402.0,27.254020690918
2078,402.1,17.2718238830566
2079,402.3,2.47157764434814
2080,402.5,2.43707799911499
2081,402.7,5.80171871185303
2082,402.9,16.4832420349121
2083,403.0,21.4922046661377
2084,403.2,7.7512583732605
2085,403.5,1.82271337509155
2086,403.7,3.03965616226196
2087,403.9,5.97814607620239
2088,404.1,6.21522426605225
2089,404.2,2.35310006141663
2090,404.3,2.46666669845581
2091,404.5,0.896992027759552
2092,404.7,4.28287315368652
2093,404.9,7.29650068283081
2094,405.1,12.7566604614258
2095,405.2,4.75887060165405
2096,405.5,1.57642722129822
2097,405.7,2.10116624832153
2098,405.8,1.54585635662079
2099,406.0,4.29748296737671
2100,406.1,4.88397789001465
2101,406.3,1.03707790374756
2102,406.5,1.58526706695557
2103,406.7,2.08495998382568
2104,406.9,3.17225289344788
2105,407.0,1.7830570936203
2106,407.1,3.79398393630981
2107,407.3,1.42958867549896
2108,407.5,0.642602801322937
2109,407.7,1.48766112327576
2110,407.9,1.88103127479553
2111,408.1,2.10349917411804
2112,408.3,1.81988954544067
2113,408.5,1.60859417915344
2114,408.7,1.92928171157837
2115,408.9,2.50386738777161
2116,409.1,2.46863102912903
2117,409.2,2.06470227241516
2118,409.4,1.10214853286743
2119,409.7,1.63044810295105
2120,409.8,0.920073688030243
2121,410.0,1.76390421390533
2122,410.1,0.822222232818604
2123,410.2,1.43081641197205
2124,410.4,1.44137501716614
2125,410.7,1.60380601882935
2126,410.9,2.0443217754364
2127,411.0,1.2644567489624
2128,411.2,1.94401478767395
2129,411.3,1.63744628429413
2130,411.6,1.2069981098175
2131,411.8,1.22836101055145
2132,412.0,1.79287910461426
2133,412.2,1.81154084205627
2134,412.3,1.30300796031952
2135,412.5,0.747697949409485
2136,412.7,2.0888888835907
2137,412.9,3.11823201179504
2138,413.1,3.89588713645935
2139,413.2,1.79521179199219
2140,413.3,2.03842854499817
2141,413.5,0.694413721561432
2142,413.7,1.39607119560242
2143,413.9,2.29723763465881
2144,414.1,2.45733571052551
2145,414.2,1.97298955917358
2146,414.5,2.050705909729
2147,414.6,2.1960711479187
2148,414.8,14.4583177566528
2149,415.0,56.7823219299316
2150,415.1,63.8784523010254
2151,415.3,9.49330902099609
2152,415.5,0.901657462120056
2153,415.7,3.86236953735352
2154,415.8,6.04469013214111
2155,416.0,25.1458568572998
2156,416.1,23.243953704834
2157,416.3,4.46961307525635
2158,416.4,2.94794344902039
2159,416.7,3.91233897209167
2160,416.9,11.8503379821777
2161,417.1,24.9866180419922
2162,417.2,11.397912979126
2163,417.4,2.19422960281372
2164,417.7,2.02430939674377
2165,417.9,5.1591157913208
2166,418.1,7.45046043395996
2167,418.2,4.96193981170654
2168,418.4,1.20748925209045
2169,418.6,1.87341928482056
2170,418.7,1.71737265586853
2171,418.9,5.57740926742554
2172,419.1,7.44346237182617
2173,419.2,5.23167610168457
2174,419.4,1.88655614852905
2175,419.7,1.93296504020691
2176,419.9,2.68410062789917
2177,420.1,3.00429701805115
2178,420.2,1.61718845367432
2179,420.3,1.85598528385162
2180,420.6,1.49023938179016
2181,420.8,2.72449350357056
2182,421.0,3.8771026134491
2183,421.2,3.76230812072754
2184,421.3,2.55985260009766
2185,421.5,0.660405158996582
2186,421.7,1.42025780677795
2187,421.8,0.6445671916008
2188,422.0,2.12989568710327
2189,422.1,0.93247389793396
2190,422.2,2.32473921775818
2191,422.5,1.53210556507111
2192,422.6,0.856230795383453
2193,422.8,2.3090238571167
2194,423.0,3.43818283081055
2195,423.2,3.24825048446655
2196,423.3,1.66629838943481
2197,423.6,1.15825664997101
2198,423.8,1.78747701644897
2199,423.9,1.01387357711792
2200,424.1,2.17704105377197
2201,424.2,0.936525464057922
2202,424.4,1.73259663581848
2203,424.6,1.61645185947418
2204,424.8,1.53603434562683
2205,425.0,1.94462859630585
2206,425.1,0.839410662651062
2207,425.3,1.60908532142639
2208,425.5,1.01497852802277
2209,425.6,1.14647018909454
2210,425.8,0.652302026748657
2211,426.0,1.56218540668488
2212,426.2,1.4239410161972
2213,426.3,0.576181709766388
2214,426.5,1.28680169582367
2215,426.6,0.801227748394012
2216,426.8,1.76832413673401
2217,427.0,2.25107431411743
2218,427.1,2.40933084487915
2219,427.3,1.6784530878067
2220,427.6,1.15408229827881
2221,427.8,1.36206257343292
2222,428.0,1.58293426036835
2223,428.1,0.903621852397919
2224,428.2,1.53382444381714
2225,428.4,0.680417418479919
2226,428.6,1.94229590892792
2227,428.8,8.1063232421875
2228,429.0,28.6028232574463
2229,429.1,70.3460998535156
2230,429.3,8.63879680633545
2231,429.6,1.91786372661591
2232,429.8,4.9564151763916
2233,429.9,4.49539613723755
2234,430.1,27.7756900787354
2235,430.2,13.7355432510376
2236,430.4,2.57593607902527
2237,430.7,2.78612637519836
2238,430.9,7.35162687301636
2239,431.0,7.11037445068359
2240,431.1,21.6864337921143
2241,431.3,4.50030708312988
2242,431.6,1.56599140167236
2243,431.8,2.51651310920715
2244,432.0,5.07894420623779
2245,432.1,4.60098218917847
2246,432.2,4.12903642654419
2247,432.4,2.00957632064819
2248,432.7,2.01866173744202
2249,432.9,4.13812160491943
2250,433.0,3.86629843711853
2251,433.1,6.2441987991333
2252,433.3,3.11074280738831
2253,433.6,1.45402085781097
2254,433.8,1.52915894985199
2255,433.9,1.46666669845581
2256,434.1,3.49023938179016
2257,434.2,1.28987109661102
2258,434.3,2.04505825042725
2259,434.6,1.60466539859772
2260,434.7,0.728913426399231
2261,434.9,1.94266426563263
2262,435.1,2.50239419937134
2263,435.3,2.1046040058136
2264,435.4,1.28655612468719
2265,435.6,0.374094545841217
2266,435.8,1.40920805931091
2267,436.0,1.5545734167099
2268,436.1,1.6947820186615
2269,436.3,0.83879679441452
2270,436.4,1.09846532344818
2271,436.7,1.5060772895813
2272,436.8,1.00589323043823
2273,437.0,2.86028242111206
2274,437.2,3.03916501998901
2275,437.3,1.14045429229736
2276,437.4,1.32891345024109
2277,437.7,1.20000004768372
2278,437.8,0.832412540912628
2279,438.0,1.82099449634552
2280,438.1,1.00613868236542
2281,438.3,2.17360353469849
2282,438.4,1.30484962463379
2283,438.7,1.32866787910461
2284,438.9,1.51761817932129
2285,439.1,1.60024559497833
2286,439.3,1.66764891147614
2287,439.5,1.27403318881989
2288,439.7,1.01436460018158
2289,439.9,1.38060164451599
2290,440.0,0.616451799869537
2291,440.2,1.50067520141602
2292,440.4,1.35985267162323
2293,440.6,1.43278086185455
2294,440.8,1.88827502727509
2295,441.0,2.78440761566162
2296,441.1,2.43155312538147
2297,441.3,1.59643948078156
2298,441.5,0.646654367446899
2299,441.7,1.25009202957153
2300,441.9,1.65623080730438
2301,442.1,1.7699202299118
2302,442.2,0.946470201015472
2303,442.3,1.25684463977814
2304,442.5,0.672928154468536
2305,442.7,1.89294040203094
2306,442.9,2.57495403289795
2307,443.1,2.62013506889343
2308,443.2,2.16856956481934
2309,443.4,0.633640289306641
2310,443.6,1.05794966220856
2311,443.7,0.724493563175201
2312,443.9,1.74426031112671
2313,444.0,0.83302640914917
2314,444.2,1.33505213260651
2315,444.4,1.28041744232178
2316,444.6,1.47489261627197
2317,444.8,2.39742183685303
2318,445.0,3.2487416267395
2319,445.1,1.34818911552429
2320,445.2,2.09797430038452
2321,445.5,1.43179869651794
2322,445.7,1.45623075962067
2323,445.8,1.63069367408752
2324,446.0,0.833271920681
2325,446.1,1.71553099155426
2326,446.4,1.48041749000549
2327,446.6,1.49944746494293
2328,446.7,0.934315502643585
2329,446.9,2.27612042427063
2330,447.1,2.75629210472107
2331,447.3,2.24014735221863
2332,447.4,1.21264576911926
2333,447.7,1.34806632995605
2334,447.9,1.60257828235626
2335,448.0,1.12179255485535
2336,448.2,1.50877833366394
2337,448.4,1.37176179885864
2338,448.6,1.28520560264587
2339,448.7,0.63597297668457
2340,448.9,1.4778391122818
2341,449.0,0.934683859348297
2342,449.2,1.61313688755035
2343,449.4,1.45389807224274
2344,449.6,1.07280540466309
2345,449.8,1.1578882932663
2346,449.9,0.570902407169342
2347,450.1,1.23806011676788
2348,450.2,1.10190296173096
2349,450.5,1.16574585437775
2350,450.7,1.35641503334045
2351,450.9,1.76856970787048
2352,451.0,0.937875986099243
2353,451.2,1.46457946300507
2354,451.3,1.225905418396
2355,451.5,0.63597297668457
2356,451.7,1.28262734413147
2357,451.9,1.27243709564209
2358,452.1,1.5247391462326
2359,452.2,0.691344380378723
2360,452.3,1.06580722332001
2361,452.6,1.26310622692108
2362,452.7,0.612031936645508
2363,452.9,1.2101902961731
2364,453.1,1.28532838821411
2365,453.3,1.35972988605499
2366,453.5,1.0516881942749
2367,453.6,1.41767954826355
2368,453.9,1.41154086589813
2369,454.1,1.19877231121063
2370,454.3,1.08631062507629
2371,454.4,0.579005539417267
2372,454.5,1.28667891025543
2373,454.7,1.10534071922302
2374,455.0,1.24984657764435
2375,455.2,1.40282380580902
2376,455.4,1.38440763950348
2377,455.6,1.25500309467316
2378,455.8,1.08139967918396
2379,456.0,1.1328421831131
2380,456.2,1.27673423290253
2381,456.3,1.16279923915863
2382,456.6,1.13443827629089
2383,456.8,1.62234497070313
2384,456.9,1.96120321750641
2385,457.2,2.18698596954346
2386,457.4,1.333456158638
2387,457.6,0.843462228775024
2388,457.8,1.33357882499695
2389,458.0,1.68496012687683
2390,458.1,0.717740952968597
2391,458.3,1.34806632995605
2392,458.4,0.706322908401489
2393,458.6,2.03523635864258
2394,458.8,3.94683861732483
2395,459.0,6.03621864318848
2396,459.2,4.64174318313599
2397,459.3,1.68864333629608
2398,459.5,0.705709040164948
2399,459.7,1.66949045658112
2400,459.9,3.06335163116455
2401,460.1,3.16611409187317
2402,460.2,1.9817066192627
2403,460.5,1.69932472705841
2404,460.7,5.93959474563599
2405,460.8,6.08225917816162
2406,461.0,15.5103740692139
2407,461.1,11.8143644332886
2408,461.3,3.53885817527771
2409,461.5,1.10804176330566
2410,461.7,3.55727434158325
2411,461.9,5.82173109054565
2412,462.0,3.78944134712219
2413,462.1,5.22345018386841
2414,462.3,1.553591132164
2415,462.5,1.96292209625244
2416,462.7,3.16856956481934
2417,462.9,5.12179231643677
2418,463.1,5.64542675018311
2419,463.2,3.24505829811096
2420,463.5,1.24653160572052
2421,463.7,1.76329040527344
2422,463.8,1.2236955165863
2423,464.0,2.67440152168274
2424,464.1,1.06052792072296
2425,464.2,1.93050956726074
2426,464.4,0.713689386844635
2427,464.6,1.45954573154449
2428,464.8,2.50644564628601
2429,465.0,2.79521179199219
2430,465.1,2.21289134025574
2431,465.3,0.667771637439728
2432,465.5,1.29171276092529
2433,465.6,0.562430918216705
2434,465.8,1.47084105014801
2435,466.0,1.56292200088501
2436,466.2,1.69011664390564
2437,466.4,1.27943527698517
2438,466.5,0.418416202068329
2439,466.7,1.29515039920807
2440,466.8,0.752977311611176
2441,467.0,1.85573971271515
2442,467.2,1.49539589881897
2443,467.3,0.70976060628891
2444,467.5,1.04149782657623
2445,467.6,0.561448752880096
2446,467.8,1.0224677324295
2447,467.9,0.55825662612915
2448,468.1,1.46875381469727
2449,468.3,1.15874767303467
2450,468.5,0.979005515575409
2451,468.7,1.09490489959717
2452,468.9,1.32461631298065
2453,469.1,1.56058931350708
2454,469.3,1.18416202068329
2455,469.5,1.13554322719574
2456,469.7,1.12093305587769
2457,469.9,1.29674649238586
2458,470.1,1.34389197826385
2459,470.2,0.635604679584503
2460,470.3,1.31688153743744
2461,470.5,1.1928790807724
2462,470.7,0.580478847026825
2463,470.9,1.20945370197296
2464,471.0,0.635236322879791
2465,471.1,1.47268259525299
2466,471.3,0.616574585437775
2467,471.4,1.05856359004974
2468,471.7,1.1562922000885
2469,471.9,1.11332106590271
2470,472.1,1.25144255161285
2471,472.2,0.8029465675354
2472,472.4,1.51356661319733
2473,472.6,1.14511966705322
2474,472.8,1.85794961452484
2475,473.0,2.51589941978455
2476,473.2,2.6883978843689
2477,473.3,0.731246173381805
2478,473.4,1.31933701038361
2479,473.7,1.21841621398926
2480,473.9,1.73578882217407
2481,474.0,1.0372006893158
2482,474.2,1.95567834377289
2483,474.4,1.55113565921783
2484,474.5,0.893799901008606
2485,474.7,4.24076128005981
2486,474.9,13.0385513305664
2487,475.1,23.0450592041016
2488,475.2,9.42050361633301
2489,475.3,6.9711480140686
2490,475.5,1.16795575618744
2491,475.7,2.96390414237976
2492,475.9,7.06445693969727
2493,476.0,5.16844701766968
2494,476.2,10.2356042861938
2495,476.3,3.35641503334045
2496,476.4,2.44444441795349
2497,476.6,1.17998766899109
2498,476.8,3.93738484382629
2499,477.0,7.19545745849609
2500,477.1,3.79864954948425
2501,477.2,5.42308187484741
2502,477.4,1.11835479736328
2503,477.6,1.52928173542023
2504,477.8,2.30411291122437
2505,478.0,3.29551863670349
2506,478.1,1.45659911632538
2507,478.3,2.7679557800293
2508,478.4,0.943646430969238
2509,478.6,1.41313683986664
2510,478.8,2.19165134429932
2511,479.0,4.19545745849609
2512,479.1,2.55076742172241
2513,479.2,3.22516870498657
2514,479.4,0.665561676025391
2515,479.5,1.3209331035614
2516,479.8,1.43155312538147
2517,480.0,1.98256599903107
2518,480.1,2.43523645401001
2519,480.3,0.912707209587097
2520,480.5,1.21988952159882
2521,480.7,1.34892570972443
2522,480.9,1.94229590892792
2523,481.0,1.13480663299561
2524,481.1,2.01976680755615
2525,481.3,1.41350519657135
2526,481.6,1.25659918785095
2527,481.7,1.15334558486938
2528,482.0,1.54352366924286
2529,482.2,1.38047885894775
2530,482.3,0.645672202110291
2531,482.5,1.14929401874542
2532,482.7,1.30558621883392
2533,482.9,1.50337624549866
2534,483.0,0.861878454685211
2535,483.1,1.57114791870117
2536,483.3,1.11000609397888
2537,483.6,1.28496015071869
2538,483.8,1.0330263376236
2539,484.0,1.16906082630157
2540,484.2,1.52252912521362
2541,484.4,1.14757513999939
2542,484.6,1.15653777122498
2543,484.7,0.583793759346008
2544,484.9,1.46482503414154
2545,485.1,1.23720073699951
2546,485.2,0.79300183057785
2547,485.3,1.29551875591278
2548,485.6,1.12093305587769
2549,485.7,1.03474521636963
2550,485.9,1.30570900440216
2551,486.2,1.05549418926239
2552,486.3,1.20049107074738
2553,486.5,1.30067527294159
2554,486.8,1.46605277061462
2555,486.9,0.774953961372375
2556,487.1,2.02357268333435
2557,487.2,1.03290367126465
2558,487.3,1.30988335609436
2559,487.5,0.636341333389282
2560,487.7,1.2342541217804
2561,487.8,0.598035633563995
2562,488.0,1.72461628913879
2563,488.2,1.30460405349731
2564,488.3,1.32142424583435
2565,488.5,0.616942882537842
2566,488.7,3.16402697563171
2567,488.8,4.00429725646973
2568,489.0,16.8326587677002
2569,489.2,23.3244934082031
2570,489.3,7.14671564102173
2571,489.5,0.982934296131134
2572,489.7,2.11062002182007
2573,489.8,2.36537742614746
2574,490.0,8.63769149780273
2575,490.1,11.4854507446289
2576,490.3,4.61203193664551
2577,490.5,0.903990149497986
2578,490.7,2.02860641479492
2579,490.9,4.97740936279297
2580,491.0,3.92166972160339
2581,491.2,8.85844039916992
2582,491.3,4.12461614608765
2583,491.5,0.779742181301117
2584,491.7,1.20429706573486
2585,491.8,1.32203805446625
2586,492.0,2.98403930664063
2587,492.2,3.57237577438354
2588,492.3,2.47783923149109
2589,492.6,1.40110492706299
2590,492.7,1.01817071437836
2591,492.9,2.66838550567627
2592,493.0,1.63388586044312
2593,493.2,3.48115396499634
2594,493.4,2.07084107398987
2595,493.6,1.17851448059082
2596,493.8,1.52252912521362
2597,494.0,1.95653772354126
2598,494.1,0.875015318393707
2599,494.3,1.88483726978302
2600,494.5,1.06752610206604
2601,494.6,0.558011054992676
2602,494.8,1.65844070911407
2603,495.0,2.09134435653687
2604,495.1,2.05328416824341
2605,495.3,1.57532227039337
2606,495.6,1.14069986343384
2607,495.8,1.22774708271027
2608,495.9,0.673296511173248
2609,496.1,1.60454261302948
2610,496.3,1.27955806255341
2611,496.4,1.21055865287781
2612,496.7,1.18428480625153
2613,496.9,1.56746470928192
2614,497.1,1.95752000808716
2615,497.3,1.80012273788452
2616,497.4,0.7610804438591
2617,497.6,1.19926333427429
2618,497.7,0.551626741886139
2619,497.9,1.48066294193268
2620,498.0,0.647513806819916
2621,498.2,1.19779002666473
2622,498.4,1.42701041698456
2623,498.6,0.984898686408997
2624,498.8,1.29122161865234
2625,498.9,1.37311232089996
2626,499.1,0.740208745002747
2627,499.3,1.12608957290649
2628,499.5,1.11602210998535
2629,499.6,0.640761196613312
2630,499.8,1.05917739868164
2631,500.0,1.57077956199646
2632,500.1,1.2060159444809
2633,500.4,1.08852052688599
2634,500.5,0.49478206038475
2635,500.7,1.20638430118561
2636,500.9,1.48176801204681
2637,501.1,1.64063847064972
2638,501.3,1.31184780597687
2639,501.5,1.14904844760895
2640,501.6,1.23327195644379
2641,501.8,1.25930023193359
2642,502.0,1.25696742534637
2643,502.2,0.716758728027344
2644,502.4,1.10509514808655
2645,502.6,1.27219152450562
2646,502.8,2.84579491615295
2647,503.0,6.1184778213501
2648,503.1,14.0481281280518
2649,503.3,3.1357889175415
2650,503.5,0.788336396217346
2651,503.7,1.69821977615356
2652,503.8,1.10128915309906
2653,504.0,3.68888878822327
2654,504.2,7.18477582931519
2655,504.3,2.61497855186462
2656,504.6,1.31860041618347
2657,504.8,2.27636575698853
2658,505.0,3.78330254554749
2659,505.1,3.61964392662048
2660,505.2,3.63904237747192
2661,505.4,0.796316742897034
2662,505.6,1.11700427532196
2663,505.8,1.23855125904083
2664,506.0,2.04162073135376
2665,506.1,1.14180481433868
2666,506.2,2.44260287284851
2667,506.4,1.30705952644348
2668,506.7,1.40257823467255
2669,506.8,0.924002468585968
2670,507.0,2.53799867630005
2671,507.1,1.4746470451355
2672,507.3,2.47906684875488
2673,507.4,0.892081022262573
2674,507.5,1.14487421512604
2675,507.8,1.45352971553802
2676,508.0,1.81350517272949
2677,508.2,1.92559850215912
2678,508.4,1.28888893127441
2679,508.5,0.647022724151611
2680,508.7,1.04063844680786
2681,508.9,1.63143026828766
2682,509.0,0.706200122833252
2683,509.1,1.48017191886902
2684,509.3,1.24874150753021
2685,509.6,1.1537139415741
2686,509.8,1.29232656955719
2687,509.9,1.12596690654755
2688,510.2,1.17728662490845
2689,510.3,0.653898119926453
2690,510.5,1.24125230312347
2691,510.7,1.19312465190887
2692,510.8,0.69772869348526
2693,511.0,1.55445063114166
2694,511.1,1.65610802173615
2695,511.3,0.5943523645401
2696,511.5,1.26470232009888
2697,511.7,1.23081648349762
2698,511.9,1.39214241504669
2699,512.1,1.18416202068329
2700,512.3,1.19091463088989
2701,512.5,1.11025166511536
2702,512.6,0.619766712188721
2703,512.8,1.22516882419586
2704,513.0,1.0455493927002
2705,513.2,1.2278698682785
2706,513.4,1.21068143844604
2707,513.6,0.980969905853271
2708,513.8,1.08569669723511
2709,513.9,0.534561097621918
2710,514.1,0.897728681564331
2711,514.3,1.04235732555389
2712,514.5,0.891835510730743
2713,514.7,1.28545117378235
2714,514.9,1.39791285991669
2715,515.1,1.37986493110657
2716,515.2,0.617311239242554
2717,515.4,1.08029460906982
2718,515.5,0.583302617073059
2719,515.7,0.897605895996094
2720,515.9,1.1165132522583
2721,516.0,0.479558020830154
2722,516.2,1.24972379207611
2723,516.4,1.00049114227295
2724,516.6,1.1578882932663
2725,516.7,0.522774696350098
2726,516.9,1.51221609115601
2727,517.1,1.4271332025528
2728,517.2,1.3821976184845
2729,517.5,1.06752610206604
2730,517.7,0.938121557235718
2731,517.8,0.582443237304688
2732,518.0,1.18502151966095
2733,518.1,1.37348067760468
2734,518.4,1.02701044082642
2735,518.6,1.34475135803223
2736,518.8,1.91061997413635
2737,519.0,2.52302026748657
2738,519.1,1.05377531051636
2739,519.2,1.52203810214996
2740,519.5,1.29858803749084
2741,519.7,1.38084709644318
2742,519.9,1.37691831588745
2743,520.1,1.53235113620758
2744,520.2,0.656721889972687
2745,520.3,1.40933084487915
2746,520.6,1.30620014667511
2747,520.8,2.04505825042725
2748,521.0,2.58772253990173
2749,521.1,1.07108652591705
2750,521.2,1.87219154834747
2751,521.4,1.1322283744812
2752,521.6,0.61608350276947
2753,521.8,1.55801105499268
2754,522.0,1.63314914703369
2755,522.1,0.935666024684906
2756,522.2,1.22099447250366
2757,522.4,1.04272556304932
2758,522.7,1.18440759181976
2759,522.8,0.635850191116333
2760,523.0,1.43941068649292
2761,523.1,0.753591179847717
2762,523.3,1.14094531536102
2763,523.4,1.06949043273926
2764,523.6,0.513934910297394
2765,523.8,1.3052179813385
2766,523.9,0.408471465110779
2767,524.0,1.19042360782623
2768,524.3,1.32191526889801
2769,524.5,1.07022714614868
2770,524.6,0.989564120769501
2771,524.9,1.25488030910492
2772,525.0,0.646163284778595
2773,525.2,1.27538371086121
2774,525.3,0.710128903388977
2775,525.5,0.906200110912323
2776,525.7,1.05144262313843
2777,525.9,1.1954573392868
2778,526.0,0.450828731060028
2779,526.2,1.09232652187347
2780,526.4,1.35101294517517
2781,526.5,1.03106200695038
2782,526.8,1.10853278636932
2783,526.9,0.604910969734192
2784,527.1,1.1839165687561
2785,527.2,1.05402088165283
2786,527.4,0.344260275363922
2787,527.6,1.06200122833252
2788,527.7,0.498219758272171
2789,527.8,0.956906080245972
2790,528.1,1.15997540950775
2791,528.3,0.886924505233765
2792,528.4,0.404910981655121
2793,528.5,1.06077349185944
2794,528.8,1.06224679946899
2795,528.9,0.546593010425568
2796,529.1,1.23437690734863
2797,529.2,1.09993863105774
2798,529.4,1.01939845085144
2799,529.7,1.07882142066956
2800,529.8,0.477348059415817
2801,530.0,1.04100680351257
2802,530.1,0.96832412481308
2803,530.4,1.07906687259674
2804,530.6,0.91675877571106
2805,530.8,1.12461638450623
2806,531.0,1.14192759990692
2807,531.1,0.595948457717896
2808,531.2,1.04321670532227
2809,531.5,0.993861258029938
2810,531.6,0.567341923713684
2811,531.8,0.908164501190186
2812,532.0,1.10251688957214
2813,532.1,0.446408838033676
2814,532.3,0.958011031150818
2815,532.4,0.454143643379211
2816,532.6,1.20834863185883
2817,532.8,1.78109264373779
2818,532.9,1.318354845047
2819,533.1,2.47378754615784
2820,533.2,1.74561083316803
2821,533.5,1.0648250579834
2822,533.6,0.543400883674622
2823,533.8,1.31995093822479
2824,534.0,1.6758748292923
2825,534.1,0.815960705280304
2826,534.2,1.41952121257782
2827,534.4,0.560343742370605
2828,534.6,2.0793125629425
2829,534.8,5.06322908401489
2830,535.0,7.26838541030884
2831,535.1,7.23511362075806
2832,535.3,2.74413752555847
2833,535.6,1.69539594650269
2834,535.8,2.83388590812683
2835,536.0,4.19594860076904
2836,536.1,3.7522406578064
2837,536.3,2.08581948280334
2838,536.6,1.74892568588257
2839,536.8,2.42418670654297
2840,537.0,3.50448131561279
2841,537.2,3.42480039596558
2842,537.3,1.20761203765869
2843,537.5,1.17765498161316
2844,537.7,1.48115408420563
2845,537.8,0.960098206996918
2846,538.0,1.64640879631042
2847,538.1,0.952608942985535
2848,538.2,1.51221609115601
2849,538.5,1.13345611095428
2850,538.6,0.623204410076141
2851,538.8,1.61497855186462
2852,539.0,2.09183549880981
2853,539.1,1.72842240333557
2854,539.4,1.32351136207581
2855,539.5,1.17888271808624
2856,539.8,1.46408843994141
2857,539.9,1.23216700553894
2858,540.1,0.714303255081177
2859,540.3,1.22713315486908
2860,540.4,0.440883964300156
2861,540.6,1.0240638256073
2862,540.8,1.28655612468719
2863,541.0,1.22750151157379
2864,541.1,0.663842856884003
2865,541.3,1.02418661117554
2866,541.5,1.01620626449585
2867,541.7,0.984898686408997
2868,541.9,1.10313069820404
2869,542.1,1.01718842983246
2870,542.3,0.941190898418427
2871,542.5,1.19594848155975
2872,542.7,1.11012887954712
2873,542.9,1.04100680351257
2874,543.1,1.32326579093933
2875,543.3,0.937262117862701
2876,543.5,1.00871706008911
2877,543.7,0.918968677520752
2878,543.8,0.637937366962433
2879,544.0,1.04677712917328
2880,544.2,0.926826298236847
2881,544.4,1.00061392784119
2882,544.5,0.49478206038475
2883,544.7,1.16709637641907
2884,544.8,0.471823215484619
2885,545.0,1.13517498970032
2886,545.2,1.07820749282837
2887,545.4,0.81473296880722
2888,545.6,0.914548814296722
2889,545.8,0.961448729038239
2890,546.0,1.10828733444214
2891,546.2,1.08004915714264
2892,546.3,0.522529184818268
2893,546.5,0.979864954948425
2894,546.6,0.536402702331543
2895,546.8,1.33922648429871
2896,547.0,1.42627382278442
2897,547.1,1.53468382358551
2898,547.3,0.628238201141357
2899,547.5,1.31761813163757
2900,547.6,0.532228350639343
2901,547.8,1.05205643177032
2902,547.9,1.28532838821411
2903,548.1,0.49686923623085
2904,548.3,1.15064454078674
2905,548.4,0.524125218391418
2906,548.6,1.49257218837738
2907,548.8,3.28999376296997
2908,549.0,8.83523654937744
2909,549.2,11.1957025527954
2910,549.3,6.33075523376465
2911,549.5,1.32424795627594
2912,549.7,1.78207492828369
2913,549.9,3.6357274055481
