#"+ Scan (rt: 0.088-39.997 min, 6919 scans) CW700_2.D "
#Point,X(Thompsons),Y(Counts)
0,45.1,2002.93579101563
1,45.3,9.64807033538818
2,45.6,0.560052037239075
3,45.8,5.24555587768555
4,46.0,47.1329689025879
5,46.1,539.931640625
6,46.2,39.9431991577148
7,46.4,3.10059261322021
8,46.7,2.13730311393738
9,46.8,4.69995641708374
10,47.0,51.3157958984375
11,47.1,42.6537055969238
12,47.2,31.4113311767578
13,47.4,2.62407851219177
14,47.7,2.43214344978333
15,47.9,20.2420864105225
16,48.0,60.3906631469727
17,48.1,202.88134765625
18,48.3,5.42332696914673
19,48.5,1.53360307216644
20,48.7,1.50816595554352
21,48.9,11.9148721694946
22,49.1,37.5953178405762
23,49.2,13.7154216766357
24,49.3,7.43228769302368
25,49.5,1.08657324314117
26,49.7,1.60543429851532
27,49.9,21.8736820220947
28,50.1,266.247436523438
29,50.2,78.40771484375
30,50.4,2.86862254142761
31,50.6,0.337765574455261
32,50.8,2.71195268630981
33,51.0,97.5914154052734
34,51.1,339.491821289063
35,51.3,21.250904083252
36,51.4,2.59618449211121
37,51.7,1.44717442989349
38,51.9,22.5169830322266
39,52.1,191.907501220703
40,52.2,62.2222862243652
41,52.3,21.961555480957
42,52.5,1.89348173141479
43,52.8,3.36161303520203
44,53.0,78.1081085205078
45,53.1,209.979476928711
46,53.3,22.3048133850098
47,53.4,2.42592859268188
48,53.7,1.08339357376099
49,53.9,16.5468997955322
50,54.0,49.6641120910645
51,54.1,152.381988525391
52,54.3,24.6086139678955
53,54.5,1.04942905902863
54,54.8,0.371151894330978
55,55.0,84.6930160522461
56,55.1,762.377075195313
57,55.3,28.0121402740479
58,55.5,0.139760076999664
59,55.7,0.166498050093651
60,55.9,13.0072269439697
61,56.1,246.587509155273
62,56.2,172.049575805664
63,56.3,35.4538230895996
64,56.5,1.00187885761261
65,56.8,0.926434457302094
66,57.0,64.8027191162109
67,57.2,586.999267578125
68,57.3,59.2308120727539
69,57.6,2.2627546787262
70,57.8,7.80199432373047
71,58.0,58.8535919189453
72,58.1,74.4691467285156
73,58.2,65.3029327392578
74,58.4,6.69041776657104
75,58.6,0.951293528079987
76,58.8,5.52926731109619
77,59.0,80.9274444580078
78,59.1,197.8916015625
79,59.3,13.8366813659668
80,59.4,3.21505999565125
81,59.7,1.25653994083405
82,59.9,26.4098854064941
83,60.0,73.1782073974609
84,60.1,193.989730834961
85,60.3,15.2258996963501
86,60.4,3.01907801628113
87,60.6,0.549067795276642
88,60.8,6.08758497238159
89,61.0,65.7551651000977
90,61.1,66.1491546630859
91,61.2,53.8324890136719
92,61.4,3.21289205551147
93,61.7,2.42087006568909
94,61.8,5.34369134902954
95,62.0,53.1984405517578
96,62.1,76.9774551391602
97,62.3,14.0820932388306
98,62.6,1.60413348674774
99,62.8,5.82829904556274
100,63.0,95.8129806518555
101,63.1,220.662231445313
102,63.3,21.1815299987793
103,63.6,2.47564673423767
104,63.8,10.2322587966919
105,64.0,406.618011474609
106,64.1,251.594161987305
107,64.2,52.742015838623
108,64.4,4.01604270935059
109,64.7,2.27749681472778
110,64.9,24.8387050628662
111,65.1,176.178497314453
112,65.2,77.6362228393555
113,65.3,29.2636222839355
114,65.5,1.7962132692337
115,65.7,3.75401067733765
116,65.9,30.2683906555176
117,66.1,115.943923950195
118,66.2,58.1034812927246
119,66.4,5.57595014572144
120,66.6,0.383436918258667
121,66.8,2.8372597694397
122,67.0,89.6477813720703
123,67.1,293.251617431641
124,67.3,32.4045372009277
125,67.5,1.22373175621033
126,67.8,4.66873836517334
127,68.0,71.9179077148438
128,68.1,172.029922485352
129,68.3,31.8652992248535
130,68.5,2.15190052986145
131,68.7,0.390518873929977
132,68.9,14.7678852081299
133,69.1,313.596466064453
134,69.2,231.27229309082
135,69.4,8.41797924041748
136,69.6,1.78089320659637
137,69.8,10.2235870361328
138,69.9,19.5346145629883
139,70.1,189.325485229492
140,70.2,131.232116699219
141,70.3,44.3991889953613
142,70.5,3.85099005699158
143,70.8,6.43936967849731
144,71.0,70.9758605957031
145,71.2,268.374053955078
146,71.3,44.9359741210938
147,71.5,2.89377069473267
148,71.8,7.5519585609436
149,72.0,40.3299598693848
150,72.1,64.3543853759766
151,72.3,11.9796209335327
152,72.5,0.783350169658661
153,72.8,1.91732907295227
154,72.9,11.0109844207764
155,73.1,2140.65625
156,73.2,798.891296386719
157,73.4,1.77626824378967
158,73.7,0.914872109889984
159,73.9,19.9573631286621
160,74.1,326.127899169922
161,74.2,140.330978393555
162,74.4,2.03483152389526
163,74.6,1.16317391395569
164,74.8,4.71065187454224
165,74.9,16.8352355957031
166,75.1,453.632171630859
167,75.2,154.369705200195
168,75.4,3.47391247749329
169,75.6,0.815724790096283
170,75.8,10.0322303771973
171,75.9,30.3653697967529
172,76.1,193.645904541016
173,76.2,73.1738662719727
174,76.3,26.2537937164307
175,76.5,2.11706900596619
176,76.8,2.92050886154175
177,77.0,166.531295776367
178,77.1,636.294860839844
179,77.3,19.0485610961914
180,77.5,0.323312610387802
181,77.8,4.35164022445679
182,78.0,114.601676940918
183,78.1,844.453796386719
184,78.3,30.9907493591309
185,78.5,0.906344830989838
186,78.8,1.9101026058197
187,78.9,22.7408580780029
188,79.1,492.788696289063
189,79.2,159.047256469727
190,79.4,0.641855776309967
191,79.6,0.334585934877396
192,79.8,7.66411352157593
193,80.0,62.7928886413574
194,80.1,104.352363586426
195,80.3,27.5431423187256
196,80.5,2.06922960281372
197,80.8,4.08353805541992
198,80.9,24.5659770965576
199,81.1,336.678985595703
200,81.2,192.938858032227
201,81.4,11.5473337173462
202,81.7,10.8430404663086
203,81.9,61.4051170349121
204,82.1,206.163757324219
205,82.2,150.871231079102
206,82.4,24.7018356323242
207,82.6,5.17733764648438
208,82.8,20.0744323730469
209,83.0,99.4870681762695
210,83.2,270.993072509766
211,83.3,56.8689117431641
212,83.5,3.64619159698486
213,83.7,7.68001174926758
214,83.9,35.3668174743652
215,84.1,154.511352539063
216,84.2,113.706314086914
217,84.4,9.61685180664063
218,84.7,3.03656601905823
219,84.9,23.1370143890381
220,85.1,153.827865600586
221,85.2,141.698226928711
222,85.4,7.97745323181152
223,85.6,1.62509036064148
224,85.8,8.30307865142822
225,86.0,57.579418182373
226,86.2,78.2559585571289
227,86.3,19.8109550476074
228,86.5,2.62364506721497
229,86.8,7.54111862182617
230,87.0,117.264778137207
231,87.1,217.286026000977
232,87.3,26.6800117492676
233,87.5,2.30293393135071
234,87.7,6.14713096618652
235,87.9,50.2611656188965
236,88.1,177.919784545898
237,88.2,89.0396041870117
238,88.4,8.70689392089844
239,88.7,4.29917621612549
240,88.9,54.2079772949219
241,89.1,312.683044433594
242,89.2,101.885673522949
243,89.4,5.49443578720093
244,89.6,2.07804584503174
245,89.8,18.499927520752
246,90.0,48.986701965332
247,90.2,56.2300910949707
248,90.3,16.4685649871826
249,90.4,9.74779605865479
250,90.7,2.41595602035522
251,90.9,23.6940307617188
252,91.1,621.918029785156
253,91.2,212.066192626953
254,91.3,31.5597629547119
255,91.6,1.36667144298553
256,91.8,8.53591537475586
257,92.0,68.8447723388672
258,92.1,259.915740966797
259,92.3,30.0784797668457
260,92.5,1.90807914733887
261,92.7,4.28284454345703
262,92.9,27.8942050933838
263,93.1,107.933372497559
264,93.2,59.3554000854492
265,93.3,62.536060333252
266,93.5,14.9101028442383
267,93.7,25.8047409057617
268,93.9,60.0913429260254
269,94.1,132.227920532227
270,94.2,109.082092285156
271,94.4,41.0562210083008
272,94.6,74.8615417480469
273,94.8,74.2283554077148
274,95.0,117.450500488281
275,95.2,180.670913696289
276,95.3,48.081657409668
277,95.6,2.77554559707642
278,95.7,1.37996816635132
279,95.9,24.9088020324707
280,96.1,1515.53662109375
281,96.2,321.316650390625
282,96.4,4.17300176620483
283,96.6,3.21000146865845
284,96.8,60.0099716186523
285,97.0,192.921371459961
286,97.2,261.235015869141
287,97.3,36.0280380249023
288,97.4,9.79809188842773
289,97.6,2.23659491539001
290,97.8,15.6448907852173
291,98.0,98.3970260620117
292,98.2,180.310455322266
293,98.3,38.8541679382324
294,98.5,2.25307130813599
295,98.7,5.68463659286499
296,98.9,31.5681457519531
297,99.0,44.2559623718262
298,99.2,118.651252746582
299,99.3,35.3679733276367
300,99.5,4.11634635925293
301,99.7,7.52261877059937
302,99.8,10.9608325958252
303,100.0,83.4506454467773
304,100.2,125.308280944824
305,100.3,47.5909805297852
306,100.5,6.83162307739258
307,100.7,7.77569007873535
308,100.9,49.7332000732422
309,101.1,197.278793334961
310,101.2,115.277641296387
311,101.4,11.9233989715576
312,101.7,10.1959819793701
313,101.9,57.2795219421387
314,102.1,128.277206420898
315,102.2,72.782341003418
316,102.4,11.4174013137817
317,102.7,4.95548486709595
318,102.9,59.5581741333008
319,103.1,405.432586669922
320,103.2,71.9336624145508
321,103.3,18.1799392700195
322,103.6,3.73262023925781
323,103.7,5.08772945404053
324,103.9,55.3637809753418
325,104.1,181.969360351563
326,104.2,92.6181564331055
327,104.4,10.0030355453491
328,104.6,1.41956925392151
329,104.8,9.02355861663818
330,105.0,139.212890625
331,105.1,352.400939941406
332,105.3,47.617862701416
333,105.5,11.187744140625
334,105.8,28.2558174133301
335,106.0,69.027458190918
336,106.2,125.719612121582
337,106.3,38.7428817749023
338,106.5,57.5987854003906
339,106.7,50.5745048522949
340,106.9,96.2140502929688
341,107.1,158.621627807617
342,107.2,140.354095458984
343,107.4,37.5246429443359
344,107.6,11.9280242919922
345,107.8,42.2952728271484
346,108.0,71.4578704833984
347,108.2,93.461051940918
348,108.3,53.9596748352051
349,108.5,18.0568008422852
350,108.7,8.18485355377197
351,108.9,50.373462677002
352,109.1,147.023696899414
353,109.2,74.1623077392578
354,109.3,51.7813262939453
355,109.5,5.23543882369995
356,109.7,10.6787109375
357,109.9,46.961555480957
358,110.1,111.199447631836
359,110.2,85.8832168579102
360,110.4,18.4532451629639
361,110.7,9.59791851043701
362,110.9,36.7767028808594
363,111.1,131.745620727539
364,111.2,72.7119522094727
365,111.3,49.0653266906738
366,111.5,10.0572338104248
367,111.8,20.0909099578857
368,112.0,92.5872268676758
369,112.1,71.6038436889648
370,112.2,124.370429992676
371,112.4,19.9788990020752
372,112.5,12.3821363449097
373,112.7,6.75993633270264
374,112.9,48.7249603271484
375,113.1,229.259002685547
376,113.2,149.444717407227
377,113.4,15.907356262207
378,113.7,12.3230237960815
379,113.8,19.5768165588379
380,114.0,80.7099304199219
381,114.1,52.0151748657227
382,114.2,73.8155822753906
383,114.4,11.1558027267456
384,114.5,3.48171710968018
385,114.7,1.40786242485046
386,114.9,32.3003311157227
387,115.1,526.87744140625
388,115.2,194.67741394043
389,115.4,4.00852727890015
390,115.6,0.985980629920959
391,115.8,20.3984680175781
392,116.0,103.623497009277
393,116.2,146.760223388672
394,116.3,26.2008953094482
395,116.4,10.4250612258911
396,116.7,4.39644479751587
397,116.9,44.4847526550293
398,117.1,282.089324951172
399,117.2,158.224746704102
400,117.4,15.2419424057007
401,117.7,12.5726261138916
402,117.9,59.6193084716797
403,118.1,128.208404541016
404,118.2,113.113311767578
405,118.4,28.8881340026855
406,118.5,28.5159702301025
407,118.8,28.69114112854
408,119.0,276.103057861328
409,119.1,399.337341308594
410,119.3,65.970947265625
411,119.6,17.744327545166
412,119.8,74.4782485961914
413,119.9,51.6512489318848
414,120.1,101.149879455566
415,120.2,94.9468154907227
416,120.4,26.2069664001465
417,120.7,12.66064453125
418,120.8,19.7806034088135
419,121.0,128.838119506836
420,121.1,180.412338256836
421,121.3,40.9459457397461
422,121.6,7.21592712402344
423,121.8,21.2055206298828
424,122.0,82.8349456787109
425,122.2,121.57551574707
426,122.3,50.2331275939941
427,122.6,12.5928602218628
428,122.7,8.48518562316895
429,122.9,43.692440032959
430,123.1,96.0265960693359
431,123.2,90.2532119750977
432,123.4,38.3328514099121
433,123.7,27.4609050750732
434,123.9,63.9257125854492
435,124.1,120.171699523926
436,124.2,89.5987854003906
437,124.4,18.9249897003174
438,124.7,6.84347438812256
439,124.9,51.2316818237305
440,125.1,255.830322265625
441,125.2,161.002029418945
442,125.4,11.7678852081299
443,125.6,11.160572052002
444,125.7,7.02167940139771
445,125.9,64.8011245727539
446,126.1,242.419418334961
447,126.2,112.187889099121
448,126.3,63.3061141967773
449,126.5,10.9595317840576
450,126.8,27.806619644165
451,127.0,112.947532653809
452,127.2,172.519729614258
453,127.3,63.5380821228027
454,127.5,12.7914438247681
455,127.8,22.1822509765625
456,127.9,40.5031089782715
457,128.1,303.638671875
458,128.2,157.405410766602
459,128.4,13.4542560577393
460,128.6,1.74562799930573
461,128.8,11.8322010040283
462,129.0,115.657173156738
463,129.2,243.629287719727
464,129.3,48.6840591430664
465,129.4,16.7496757507324
466,129.7,11.2802429199219
467,129.9,53.0511627197266
468,130.0,44.2764854431152
469,130.2,114.65544128418
470,130.3,77.5656890869141
471,130.5,28.7803153991699
472,130.7,11.458158493042
473,130.9,71.3815612792969
474,131.0,96.0744323730469
475,131.2,220.341384887695
476,131.3,123.941467285156
477,131.5,56.1926574707031
478,131.7,36.4854736328125
479,131.9,132.354965209961
480,132.1,130.368408203125
481,132.2,53.7336311340332
482,132.3,48.7821922302246
483,132.5,2.903165102005
484,132.7,1.95331692695618
485,132.9,29.8060417175293
486,133.1,1657.69775390625
487,133.2,130.633041381836
488,133.4,2.76600670814514
489,133.6,2.22676682472229
490,133.7,2.85561490058899
491,133.9,87.1307983398438
492,134.1,306.637084960938
493,134.2,138.299606323242
494,134.4,9.40121364593506
495,134.7,3.93207120895386
496,134.9,31.1485767364502
497,135.1,530.520751953125
498,135.2,215.143661499023
499,135.4,6.020667552948
500,135.7,4.0880184173584
501,135.9,54.4601821899414
502,136.1,143.0322265625
503,136.2,64.6376647949219
504,136.3,53.3698501586914
505,136.5,8.38415908813477
506,136.8,12.1673650741577
507,137.0,157.451080322266
508,137.1,305.629852294922
509,137.3,36.0086708068848
510,137.4,8.60702419281006
511,137.7,7.96459007263184
512,137.9,57.355110168457
513,138.1,187.019943237305
514,138.2,153.154647827148
515,138.4,21.0816593170166
516,138.7,8.61598491668701
517,138.9,53.2974433898926
518,139.1,262.390960693359
519,139.2,171.995223999023
520,139.4,11.5386619567871
521,139.6,9.79390048980713
522,139.8,29.5317249298096
523,139.9,35.7404251098633
524,140.1,91.7079086303711
525,140.2,94.274169921875
526,140.4,40.0904769897461
527,140.7,23.6078910827637
528,140.9,67.4332962036133
529,141.1,202.427947998047
530,141.2,158.548629760742
531,141.4,16.4234714508057
532,141.6,12.6743745803833
533,141.8,26.0375785827637
534,142.0,92.2798080444336
535,142.2,141.814422607422
536,142.3,74.1896209716797
537,142.5,28.2298011779785
538,142.7,15.7003898620605
539,142.9,64.4766616821289
540,143.1,94.1761779785156
541,143.3,112.455993652344
542,143.4,83.511344909668
543,143.7,59.2555274963379
544,143.9,89.8064727783203
545,144.1,102.757911682129
546,144.3,110.993637084961
547,144.4,68.1961288452148
548,144.7,38.4137878417969
549,144.9,100.064895629883
550,145.1,176.381698608398
551,145.2,147.799530029297
552,145.4,30.0659046173096
553,145.7,20.2123146057129
554,145.8,28.3212890625
555,146.0,108.459457397461
556,146.2,119.129501342773
557,146.3,42.1727142333984
558,146.5,3.09119820594788
559,146.8,6.89232540130615
560,147.0,193.907638549805
561,147.1,1075.36242675781
562,147.3,17.4444274902344
563,147.5,2.47636938095093
564,147.8,12.3022117614746
565,148.0,145.040176391602
566,148.1,262.976440429688
567,148.3,58.9696502685547
568,148.5,7.72886276245117
569,148.8,13.7613821029663
570,149.0,196.973693847656
571,149.1,239.180221557617
572,149.2,166.810958862305
573,149.4,8.39413166046143
574,149.7,6.75429964065552
575,149.9,55.728141784668
576,150.1,292.91357421875
577,150.2,184.817031860352
578,150.4,19.0218238830566
579,150.7,8.39933490753174
580,150.8,12.336464881897
581,151.0,185.557312011719
582,151.1,362.694183349609
583,151.3,72.4535369873047
584,151.5,4.63448476791382
585,151.7,9.78031539916992
586,151.9,56.2572631835938
587,152.0,123.257553100586
588,152.1,367.991607666016
589,152.3,68.8550338745117
590,152.5,5.84737682342529
591,152.7,12.3136291503906
592,152.9,67.7102203369141
593,153.1,205.516983032227
594,153.2,137.739120483398
595,153.4,17.1115760803223
596,153.6,4.0355544090271
597,153.8,20.7798824310303
598,154.0,95.2306671142578
599,154.2,182.712814331055
600,154.3,74.6534194946289
601,154.5,20.799825668335
602,154.8,32.9670486450195
603,155.0,111.072555541992
604,155.1,70.681022644043
605,155.3,144.508316040039
606,155.4,76.3837280273438
607,155.6,24.7336311340332
608,155.8,70.9374160766602
609,156.0,79.4437026977539
610,156.2,82.4652404785156
611,156.3,48.9754295349121
612,156.5,113.235870361328
613,156.7,87.8168792724609
614,156.9,132.843765258789
615,157.1,129.115051269531
616,157.3,138.033813476563
617,157.4,45.2939720153809
618,157.5,47.9105377197266
619,157.8,66.9125595092773
620,158.0,123.339500427246
621,158.2,142.960403442383
622,158.3,77.7586364746094
623,158.5,14.4694318771362
624,158.7,20.5045528411865
625,158.9,70.9586639404297
626,159.1,131.30451965332
627,159.2,126.302642822266
628,159.4,39.4314193725586
629,159.7,24.8476657867432
630,159.9,62.3520736694336
631,160.0,49.0459594726563
632,160.2,99.026741027832
633,160.3,41.5351943969727
634,160.4,28.9090900421143
635,160.6,5.19309139251709
636,160.8,22.2536487579346
637,161.0,222.466247558594
638,161.1,264.264923095703
639,161.3,24.0739994049072
640,161.4,9.40959644317627
641,161.7,8.39442157745361
642,161.9,57.9921951293945
643,162.1,274.10205078125
644,162.2,180.297149658203
645,162.4,16.9680595397949
646,162.7,5.33646488189697
647,162.9,52.0348320007324
648,163.1,766.451354980469
649,163.2,181.621475219727
650,163.3,26.1235733032227
651,163.6,4.52406406402588
652,163.8,31.7103633880615
653,164.0,185.251480102539
654,164.1,224.289932250977
655,164.3,56.572193145752
656,164.4,21.9499931335449
657,164.6,3.37664413452148
658,164.8,11.330394744873
659,165.0,245.078338623047
660,165.1,543.557189941406
661,165.3,31.1156234741211
662,165.6,2.59112596511841
663,165.7,4.2052321434021
664,165.9,58.9991340637207
665,166.1,213.778442382813
666,166.2,103.806617736816
667,166.3,60.0916328430176
668,166.6,13.723804473877
669,166.8,26.6683044433594
670,167.0,110.088882446289
671,167.2,176.540390014648
672,167.3,75.4228897094727
673,167.5,13.7174444198608
674,167.7,23.3436908721924
675,167.9,63.1306533813477
676,168.1,96.2415084838867
677,168.3,104.821075439453
678,168.4,48.3772239685059
679,168.5,67.7926025390625
680,168.8,81.8204956054688
681,168.9,52.2365951538086
682,169.1,102.727851867676
683,169.3,119.228355407715
684,169.4,86.7308883666992
685,169.7,54.617862701416
686,169.9,128.596328735352
687,170.0,61.5646781921387
688,170.2,132.589096069336
689,170.3,83.5265197753906
690,170.5,13.9884376525879
691,170.7,19.7320423126221
692,170.9,69.8220825195313
693,171.1,151.563812255859
694,171.3,142.522476196289
695,171.4,36.5321578979492
696,171.7,19.8413066864014
697,171.9,60.3906631469727
698,172.1,89.3603134155273
699,172.3,95.8132705688477
700,172.4,25.7479400634766
701,172.5,27.9011421203613
702,172.7,13.8921813964844
703,172.9,66.6515426635742
704,173.1,103.350631713867
705,173.2,57.4078636169434
706,173.3,66.7602233886719
707,173.5,11.5194396972656
708,173.7,17.8820648193359
709,173.9,61.7014007568359
710,174.1,145.724380493164
711,174.2,63.731029510498
712,174.3,46.9502830505371
713,174.5,5.14236164093018
714,174.7,7.29223871231079
715,174.9,43.3332862854004
716,175.1,186.3896484375
717,175.2,117.799102783203
718,175.4,13.9261455535889
719,175.6,1.86818909645081
720,175.8,10.6814565658569
721,175.9,32.8924713134766
722,176.1,341.021667480469
723,176.2,145.372314453125
724,176.4,6.18933391571045
725,176.5,3.2987425327301
726,176.8,7.90302085876465
727,177.0,374.840728759766
728,177.1,569.078186035156
729,177.3,11.2655010223389
730,177.5,0.963289499282837
731,177.7,2.67133975028992
732,177.9,40.576961517334
733,178.1,365.0078125
734,178.2,132.734069824219
735,178.3,32.6032676696777
736,178.5,3.34874987602234
737,178.7,1.75068652629852
738,178.9,31.3127613067627
739,179.1,438.356842041016
740,179.2,137.248886108398
741,179.4,5.89868497848511
742,179.7,4.27229356765747
743,179.8,10.9749965667725
744,180.0,99.3601684570313
745,180.1,91.4572906494141
746,180.2,114.110855102539
747,180.4,13.1179361343384
748,180.5,8.7540111541748
749,180.8,15.9695043563843
750,181.0,107.105651855469
751,181.2,219.062728881836
752,181.3,59.9127044677734
753,181.5,5.03425359725952
754,181.7,12.7700538635254
755,181.9,46.629280090332
756,182.1,124.984390258789
757,182.2,64.7459182739258
758,182.3,52.6232109069824
759,182.6,10.7310304641724
760,182.8,17.0518856048584
761,182.9,24.5065765380859
762,183.1,93.9293212890625
763,183.2,86.0656127929688
764,183.4,13.4941463470459
765,183.5,8.76008129119873
766,183.8,15.8229513168335
767,184.0,62.5627975463867
768,184.1,51.1565246582031
769,184.2,78.2072525024414
770,184.4,16.7326202392578
771,184.6,3.98612523078918
772,184.8,13.3169536590576
773,185.0,63.8882789611816
774,185.2,110.869491577148
775,185.3,44.9485473632813
776,185.6,9.2575511932373
777,185.8,15.5878019332886
778,186.0,68.345573425293
779,186.1,52.7042922973633
780,186.2,81.4919815063477
781,186.4,10.1816740036011
782,186.5,5.05289793014526
783,186.7,2.06576085090637
784,186.9,25.4093074798584
785,187.1,166.782913208008
786,187.2,105.143951416016
787,187.4,7.43908071517944
788,187.7,5.2974419593811
789,187.9,27.3072700500488
790,188.1,110.91357421875
791,188.2,87.7950592041016
792,188.4,9.5122127532959
793,188.6,1.09683477878571
794,188.8,4.06951856613159
795,188.9,14.208701133728
796,189.1,424.659790039063
797,189.2,219.126022338867
798,189.4,3.5583176612854
799,189.6,0.75545597076416
800,189.8,6.08613967895508
801,190.0,75.6681594848633
802,190.1,209.867462158203
803,190.3,26.7985248565674
804,190.6,1.65876567363739
805,190.8,4.77352237701416
806,191.0,434.055511474609
807,191.1,1829.73608398438
808,191.3,11.1211156845093
809,191.6,1.37678849697113
810,191.8,5.21881771087646
811,192.0,189.388198852539
812,192.1,463.755615234375
813,192.3,15.6071681976318
814,192.5,2.16071677207947
815,192.8,7.41031932830811
816,193.0,249.046966552734
817,193.1,1539.67785644531
818,193.3,11.4276628494263
819,193.5,0.50700968503952
820,193.7,1.52406418323517
821,193.9,22.0031795501709
822,194.1,375.044219970703
823,194.2,138.726989746094
824,194.4,4.58577823638916
825,194.6,0.651539266109467
826,194.8,5.53432559967041
827,195.0,117.811965942383
828,195.1,323.004760742188
829,195.3,20.8282985687256
830,195.5,0.928024291992188
831,195.7,1.52782189846039
832,195.9,24.3776550292969
833,196.1,122.61092376709
834,196.2,63.2316818237305
835,196.3,36.0199432373047
836,196.5,3.55730605125427
837,196.8,6.55065774917603
838,197.0,68.4773788452148
839,197.2,173.693161010742
840,197.3,27.0099716186523
841,197.4,7.22040748596191
842,197.7,3.4080069065094
843,197.9,22.053186416626
844,198.1,112.754585266113
845,198.2,79.1305084228516
846,198.4,7.36248016357422
847,198.6,1.47405695915222
848,198.8,6.85200166702271
849,199.0,53.2662239074707
850,199.1,109.347450256348
851,199.3,25.024715423584
852,199.4,8.89174747467041
853,199.7,2.67957806587219
854,199.9,19.0150318145752
855,200.1,183.391815185547
856,200.2,120.106666564941
857,200.4,4.24584484100342
858,200.5,2.64662528038025
859,200.8,5.40511655807495
860,201.0,64.1689529418945
861,201.2,170.752563476563
862,201.3,26.9407424926758
863,201.5,2.51380252838135
864,201.8,4.2608757019043
865,201.9,10.7011127471924
866,202.1,275.906646728516
867,202.2,212.74186706543
868,202.4,4.00274610519409
869,202.7,1.55932939052582
870,202.8,3.32273459434509
871,203.0,79.3991928100586
872,203.1,277.372589111328
873,203.3,24.0317974090576
874,203.5,1.16519725322723
875,203.7,2.32172274589539
876,203.9,17.131233215332
877,204.1,111.199165344238
878,204.2,91.5711822509766
879,204.4,7.85301351547241
880,204.6,0.80069375038147
881,204.8,4.07573366165161
882,204.9,12.7175893783569
883,205.1,279.149719238281
884,205.2,122.003898620605
885,205.4,2.8017053604126
886,205.6,1.6090475320816
887,205.7,1.16591989994049
888,205.9,18.4399471282959
889,206.1,78.6318817138672
890,206.2,21.8833637237549
891,206.4,1.72597193717957
892,206.5,0.749674797058105
893,206.7,0.640410482883453
894,206.9,15.895938873291
895,207.1,19429.1796875
896,207.2,119.526954650879
897,207.4,0.499494135379791
898,207.7,0.735510885715485
899,207.9,12.3918199539185
900,208.1,4110.31201171875
901,208.2,145.093215942383
902,208.3,12.6359300613403
903,208.5,0.519294679164886
904,208.7,1.6989449262619
905,208.9,14.0435037612915
906,209.1,2520.81640625
907,209.2,196.399047851563
908,209.4,2.40569448471069
909,209.6,0.216071680188179
910,209.8,3.14929914474487
911,210.0,108.480995178223
912,210.1,486.099884033203
913,210.3,15.3344411849976
914,210.6,1.15132248401642
915,210.8,4.88770055770874
916,211.0,96.5466079711914
917,211.1,251.766296386719
918,211.2,147.353668212891
919,211.4,3.68275761604309
920,211.6,0.505419850349426
921,211.8,4.13036584854126
922,212.0,61.3681182861328
923,212.1,91.3880615234375
924,212.2,97.8960800170898
925,212.4,5.41899108886719
926,212.6,1.03483164310455
927,212.8,3.13079929351807
928,213.0,64.4919815063477
929,213.1,176.62060546875
930,213.2,165.048706054688
931,213.4,4.30784797668457
932,213.7,1.61844193935394
933,213.9,13.1592712402344
934,214.0,41.0586776733398
935,214.2,167.972106933594
936,214.3,24.7421588897705
937,214.4,5.74403810501099
938,214.7,1.78031504154205
939,214.9,11.5104780197144
940,215.1,199.872375488281
941,215.2,182.474639892578
942,215.4,3.01878881454468
943,215.5,1.84130656719208
944,215.8,3.75314354896545
945,216.0,54.9843902587891
946,216.1,92.2566833496094
947,216.2,112.278800964355
948,216.4,5.19309139251709
949,216.7,2.12154936790466
950,216.9,13.4578695297241
951,217.1,109.862411499023
952,217.2,70.9887237548828
953,217.3,31.4408149719238
954,217.5,1.27287185192108
955,217.7,1.92325484752655
956,217.9,12.833646774292
957,218.1,159.895355224609
958,218.2,134.781188964844
959,218.4,5.05651092529297
960,218.5,2.05838990211487
961,218.8,4.20219707489014
962,219.0,55.8278656005859
963,219.2,236.417984008789
964,219.3,27.9072113037109
965,219.5,1.43416678905487
966,219.7,1.51698219776154
967,219.9,15.7415809631348
968,220.0,34.9502830505371
969,220.2,133.453384399414
970,220.3,30.0835380554199
971,220.5,1.33848822116852
972,220.7,1.7450498342514
973,220.9,11.1870212554932
974,221.1,440.475646972656
975,221.2,353.762542724609
976,221.4,5.1442403793335
977,221.6,0.534759342670441
978,221.8,2.91082525253296
979,221.9,8.22821235656738
980,222.1,175.591415405273
981,222.2,150.104644775391
982,222.4,6.09365510940552
983,222.6,0.839283108711243
984,222.8,4.36941766738892
985,223.0,77.5710372924805
986,223.1,284.626983642578
987,223.3,19.4379253387451
988,223.4,3.86688828468323
989,223.7,1.832634806633
990,223.9,12.5630874633789
991,224.1,205.239334106445
992,224.2,142.647201538086
993,224.4,3.31435179710388
994,224.5,1.74837398529053
995,224.8,3.16794323921204
996,225.0,68.1170654296875
997,225.1,157.928024291992
998,225.2,144.066345214844
999,225.4,3.54921221733093
1000,225.6,0.577251076698303
1001,225.8,3.10854172706604
1002,226.0,58.0659065246582
1003,226.1,376.063598632813
1004,226.3,26.0494289398193
1005,226.5,1.24049723148346
1006,226.7,0.809654593467712
1007,226.9,11.2552394866943
1008,227.1,168.145401000977
1009,227.2,134.727996826172
1010,227.4,4.41046380996704
1011,227.6,0.694609045982361
1012,227.8,3.31449627876282
1013,228.0,56.4431266784668
1014,228.2,244.214050292969
1015,228.3,28.6768321990967
1016,228.5,0.88943487405777
1017,228.7,1.72857344150543
1018,228.9,13.2607316970825
1019,229.0,40.4857635498047
1020,229.2,201.32649230957
1021,229.3,30.6485042572021
1022,229.5,1.1558028459549
1023,229.7,2.08122563362122
1024,229.9,14.0088167190552
1025,230.0,41.2270545959473
1026,230.2,171.886108398438
1027,230.3,31.4963150024414
1028,230.5,2.49313473701477
1029,230.8,3.89723944664001
1030,231.0,48.5171279907227
1031,231.2,292.463806152344
1032,231.3,33.9083671569824
1033,231.5,1.73897957801819
1034,231.8,3.37014007568359
1035,232.0,48.6440238952637
1036,232.2,226.480560302734
1037,232.3,34.3840141296387
1038,232.5,1.64951586723328
1039,232.8,2.96661376953125
1040,233.0,44.2978744506836
1041,233.2,206.597045898438
1042,233.3,32.9041786193848
1043,233.5,0.90143084526062
1044,233.7,1.63737535476685
1045,233.8,2.95635199546814
1046,234.0,51.8423194885254
1047,234.1,115.740280151367
1048,234.2,124.890594482422
1049,234.4,6.95476245880127
1050,234.7,2.17661499977112
1051,234.9,14.9797658920288
1052,235.1,209.88639831543
1053,235.2,112.088020324707
1054,235.4,3.43864727020264
1055,235.7,2.01069521903992
1056,235.9,13.6982221603394
1057,236.1,158.704574584961
1058,236.2,89.5214614868164
1059,236.3,28.6499500274658
1060,236.5,1.97774243354797
1061,236.8,3.38517117500305
1062,237.0,64.3217239379883
1063,237.1,348.468566894531
1064,237.3,21.3257694244385
1065,237.5,1.83249020576477
1066,237.8,3.79173302650452
1067,238.0,49.291805267334
1068,238.2,219.453826904297
1069,238.3,29.6080360412598
1070,238.5,1.87281394004822
1071,238.8,3.45960402488708
1072,239.0,45.9008522033691
1073,239.2,477.741577148438
1074,239.3,28.7233695983887
1075,239.4,4.81630277633667
1076,239.6,0.65471887588501
1077,239.8,2.63939881324768
1078,240.0,49.8294563293457
1079,240.2,241.134552001953
1080,240.3,29.5081653594971
1081,240.6,1.53316950798035
1082,240.8,3.56829023361206
1083,240.9,9.47954940795898
1084,241.1,134.125747680664
1085,241.2,111.05029296875
1086,241.4,5.41884660720825
1087,241.6,1.11042058467865
1088,241.8,3.53967332839966
1089,241.9,9.30307865142822
1090,242.1,151.192947387695
1091,242.2,126.379531860352
1092,242.4,4.86631011962891
1093,242.6,1.79722499847412
1094,242.7,0.892470002174377
1095,242.9,13.0482730865479
1096,243.1,114.216506958008
1097,243.2,104.192222595215
1098,243.4,5.39485454559326
1099,243.7,1.86052894592285
1100,243.9,11.2756175994873
1101,244.1,124.199592590332
1102,244.2,86.4396591186523
1103,244.3,32.7979469299316
1104,244.5,1.35337471961975
1105,244.6,1.7307413816452
1106,244.8,1.91313779354095
1107,245.0,41.3692741394043
1108,245.2,270.987274169922
1109,245.3,30.9070682525635
1110,245.5,1.47911548614502
1111,245.8,2.76889729499817
1112,246.0,41.0284729003906
1113,246.2,236.821365356445
1114,246.3,35.4678421020508
1115,246.5,1.19309151172638
1116,246.7,1.35597634315491
1117,246.9,7.55253648757935
1118,247.1,288.253784179688
1119,247.2,340.982940673828
1120,247.4,4.54010677337646
1121,247.7,1.47001016139984
1122,247.8,1.95360600948334
1123,248.0,46.7488059997559
1124,248.2,607.218811035156
1125,248.3,30.6983661651611
1126,248.5,0.93684059381485
1127,248.7,2.46827578544617
1128,248.9,15.9261455535889
1129,249.0,181.38835144043
1130,249.1,620.528259277344
1131,249.3,8.57089138031006
1132,249.5,1.39760076999664
1133,249.8,3.52811098098755
1134,250.0,76.2589950561523
1135,250.1,521.811828613281
1136,250.3,18.6289920806885
1137,250.6,2.15088891983032
1138,250.8,4.89781761169434
1139,251.0,135.915451049805
1140,251.1,472.519165039063
1141,251.3,8.78291702270508
1142,251.6,1.47709202766418
1143,251.7,0.88553261756897
1144,251.9,9.81355667114258
1145,252.1,289.805450439453
1146,252.2,244.068511962891
1147,252.4,3.64084410667419
1148,252.6,1.06402659416199
1149,252.8,4.72972965240479
1150,253.0,81.4766616821289
1151,253.1,470.282836914063
1152,253.3,21.0793476104736
1153,253.5,0.571469843387604
1154,253.7,1.7035698890686
1155,253.9,13.3689842224121
1156,254.1,179.201324462891
1157,254.2,135.334442138672
1158,254.4,4.10536193847656
1159,254.6,0.866888284683228
1160,254.8,3.45541262626648
1161,255.0,55.3973121643066
1162,255.2,257.542144775391
1163,255.3,20.3328514099121
1164,255.4,4.21809530258179
1165,255.6,0.555716156959534
1166,255.8,2.96459031105042
1167,255.9,7.20682191848755
1168,256.1,143.069519042969
1169,256.2,149.983673095703
1170,256.4,7.93799686431885
1171,256.7,2.02514815330505
1172,256.9,9.7772798538208
1173,257.1,115.562072753906
1174,257.2,114.692588806152
1175,257.4,7.02182388305664
1176,257.7,1.78161585330963
1177,257.9,11.413932800293
1178,258.1,161.587799072266
1179,258.2,126.142936706543
1180,258.3,34.513370513916
1181,258.5,0.902008950710297
1182,258.7,1.41595602035522
1183,258.9,8.42072582244873
1184,259.1,166.786529541016
1185,259.2,185.768035888672
1186,259.4,6.64677000045776
1187,259.7,1.84882211685181
1188,259.9,8.45584583282471
1189,260.1,151.593292236328
1190,260.2,175.358291625977
1191,260.4,7.39095258712769
1192,260.7,1.44139325618744
1193,260.9,7.26261043548584
1194,261.0,32.5756607055664
1195,261.2,490.39990234375
1196,261.3,32.0448036193848
1197,261.5,1.10767447948456
1198,261.7,1.28718018531799
1199,261.9,6.60702419281006
1200,262.0,30.5130805969238
1201,262.2,650.2724609375
1202,262.3,35.2085571289063
1203,262.5,0.757479429244995
1204,262.7,1.5772510766983
1205,262.9,6.72351503372192
1206,263.1,256.003753662109
1207,263.2,272.948272705078
1208,263.3,28.6528396606445
1209,263.5,1.39919066429138
1210,263.7,1.42563951015472
1211,263.9,7.3117504119873
1212,264.1,230.242813110352
1213,264.2,227.644607543945
1214,264.3,38.7749671936035
1215,264.5,1.23804020881653
1216,264.7,2.25885248184204
1217,264.9,11.2386178970337
1218,265.0,85.7547302246094
1219,265.1,837.972106933594
1220,265.3,11.5068655014038
1221,265.5,1.51033389568329
1222,265.8,3.05087447166443
1223,266.0,66.8164443969727
1224,266.1,423.351348876953
1225,266.3,21.1793613433838
1226,266.4,4.27561807632446
1227,266.7,2.57045817375183
1228,266.9,21.6522617340088
1229,267.1,1116.54138183594
1230,267.2,164.456420898438
1231,267.4,2.17733764648438
1232,267.5,1.4513658285141
1233,267.8,4.24165344238281
1234,268.0,90.0034713745117
1235,268.1,628.168518066406
1236,268.3,16.3908081054688
1237,268.5,0.935106217861176
1238,268.7,2.22734498977661
1239,268.8,3.45338916778564
1240,269.0,84.3052444458008
1241,269.1,538.301208496094
1242,269.3,20.9981212615967
1243,269.5,0.744038164615631
1244,269.7,1.28009831905365
1245,269.8,2.38705015182495
1246,270.0,47.6068801879883
1247,270.1,149.314346313477
1248,270.2,184.125457763672
1249,270.4,4.66960525512695
1250,270.7,2.10218238830566
1251,270.9,11.6980781555176
1252,271.1,187.766006469727
1253,271.2,174.835662841797
1254,271.4,5.04422616958618
1255,271.7,1.57016909122467
1256,271.8,2.22257542610168
1257,272.0,43.212890625
1258,272.2,304.232269287109
1259,272.3,37.9258575439453
1260,272.5,1.06720626354218
1261,272.7,1.24194252490997
1262,272.9,10.0489959716797
1263,273.0,27.3932647705078
1264,273.2,320.189331054688
1265,273.3,39.7342109680176
1266,273.5,2.37274169921875
1267,273.7,0.828732490539551
1268,273.9,9.16953277587891
1269,274.0,35.8878440856934
1270,274.2,346.283569335938
1271,274.3,36.1816749572754
1272,274.5,0.922243118286133
1273,274.7,1.71426510810852
1274,274.8,1.89854025840759
1275,275.0,32.0838279724121
1276,275.2,322.407440185547
1277,275.3,38.6479263305664
1278,275.6,1.85980629920959
1279,275.8,2.09510040283203
1280,276.0,32.8924713134766
1281,276.2,588.206970214844
1282,276.3,44.4172554016113
1283,276.5,1.57002460956573
1284,276.8,2.32952737808228
1285,277.0,32.6749534606934
1286,277.2,356.608764648438
1287,277.3,35.9382858276367
1288,277.4,6.36522626876831
1289,277.7,1.22445440292358
1290,277.8,1.47029912471771
1291,278.0,32.3522186279297
1292,278.2,394.257110595703
1293,278.3,35.5323028564453
1294,278.4,5.31680870056152
1295,278.7,1.47434604167938
1296,278.9,8.35612106323242
1297,279.1,181.964294433594
1298,279.2,181.249450683594
1299,279.3,40.5123558044434
1300,279.5,1.4854748249054
1301,279.8,2.54805612564087
1302,280.0,34.149299621582
1303,280.2,191.764129638672
1304,280.3,18.1494426727295
1305,280.4,1.65168380737305
1306,280.6,0.545165479183197
1307,280.8,4.66729307174683
1308,280.9,15.803729057312
1309,281.1,7345.8974609375
1310,281.2,721.438232421875
1311,281.4,2.71773386001587
1312,281.7,1.19164621829987
1313,281.9,12.7005348205566
1314,282.1,1817.19738769531
1315,282.2,1021.02569580078
1316,282.4,3.39543294906616
1317,282.6,1.56930196285248
1318,282.8,3.71527671813965
1319,283.0,55.1066627502441
1320,283.1,1866.40661621094
1321,283.3,15.704870223999
1322,283.5,1.28472328186035
1323,283.8,2.66685938835144
1324,284.0,49.6411323547363
1325,284.2,695.501098632813
1326,284.3,24.2506141662598
1327,284.4,3.9027316570282
1328,284.7,1.82222867012024
1329,284.9,10.520450592041
1330,285.1,297.24658203125
1331,285.2,251.789993286133
1332,285.3,33.6262474060059
1333,285.5,0.731608629226685
1334,285.7,1.46220552921295
1335,285.9,10.2542276382446
1336,286.1,183.552963256836
1337,286.2,188.595901489258
1338,286.3,42.0741424560547
1339,286.5,1.0507298707962
1340,286.7,1.61902010440826
1341,286.9,8.05694484710693
1342,287.1,229.687377929688
1343,287.2,279.166351318359
1344,287.4,3.50556445121765
1345,287.6,1.60890305042267
1346,287.7,0.865009367465973
1347,287.9,6.71643304824829
1348,288.1,189.826995849609
1349,288.2,214.012573242188
1350,288.3,40.9601097106934
1351,288.5,1.78118228912354
1352,288.7,0.955051302909851
1353,288.9,7.8732476234436
1354,289.1,189.231246948242
1355,289.2,265.714111328125
1356,289.4,4.80300617218018
1357,289.6,0.6152623295784
1358,289.8,2.69504261016846
1359,290.0,30.2620315551758
1360,290.2,432.596771240234
1361,290.3,44.8962287902832
1362,290.4,6.02052307128906
1363,290.7,1.61555135250092
1364,290.9,5.43416690826416
1365,291.1,153.29296875
1366,291.2,216.479843139648
1367,291.4,5.15999412536621
1368,291.7,1.46321725845337
1369,291.9,6.08772945404053
1370,292.1,145.072265625
1371,292.2,199.953887939453
1372,292.3,47.9669036865234
1373,292.5,2.04364800453186
1374,292.8,2.64546895027161
1375,293.0,35.099437713623
1376,293.2,257.917755126953
1377,293.3,42.5029640197754
1378,293.5,2.15088891983032
1379,293.8,2.25321578979492
1380,293.9,5.52594327926636
1381,294.1,276.926574707031
1382,294.2,235.459167480469
1383,294.3,43.0731315612793
1384,294.5,1.77814710140228
1385,294.7,0.756901264190674
1386,294.9,6.8770055770874
1387,295.0,26.0823822021484
1388,295.2,552.27978515625
1389,295.3,53.9836692810059
1390,295.5,1.79708051681519
1391,295.8,2.22792315483093
1392,296.0,28.6891174316406
1393,296.2,622.029479980469
1394,296.3,49.5701675415039
1395,296.4,5.3144965171814
1396,296.7,1.7132533788681
1397,296.8,1.73160862922668
1398,297.0,35.2733039855957
1399,297.2,426.953887939453
1400,297.3,48.769474029541
1401,297.5,1.77467846870422
1402,297.7,1.34152328968048
1403,297.8,1.65471887588501
1404,298.0,32.081657409668
1405,298.2,552.442138671875
1406,298.3,50.5200157165527
1407,298.5,1.9953750371933
1408,298.8,2.83595895767212
1409,299.0,37.5914154052734
1410,299.1,152.858795166016
1411,299.2,256.530578613281
1412,299.4,5.94478988647461
1413,299.7,1.31001591682434
1414,299.9,7.3069806098938
1415,300.1,206.277359008789
1416,300.2,311.985992431641
1417,300.4,5.04812812805176
1418,300.7,1.63173866271973
1419,300.9,5.90865755081177
1420,301.1,177.18977355957
1421,301.2,255.524215698242
1422,301.4,5.05116367340088
1423,301.7,1.53316950798035
1424,301.9,5.03540992736816
1425,302.1,215.763412475586
1426,302.2,330.240936279297
1427,302.3,58.7511215209961
1428,302.5,1.37678849697113
1429,302.7,0.587079048156738
1430,302.9,5.68492555618286
1431,303.0,23.2900714874268
1432,303.2,384.363922119141
1433,303.3,56.3569869995117
1434,303.4,3.81442403793335
1435,303.7,1.43575656414032
1436,303.9,5.90143060684204
1437,304.1,212.134262084961
1438,304.2,334.646057128906
1439,304.4,4.71021842956543
1440,304.7,1.35525369644165
1441,304.9,5.15753698348999
1442,305.0,23.213903427124
1443,305.2,344.250915527344
1444,305.3,65.3217239379883
1445,305.5,1.65862119197845
1446,305.7,0.647347867488861
1447,305.9,5.9825119972229
1448,306.1,145.152908325195
1449,306.2,211.448043823242
1450,306.4,4.87729454040527
1451,306.5,1.59965312480927
1452,306.7,0.69229656457901
1453,306.9,6.17314624786377
1454,307.1,125.542854309082
1455,307.2,145.741287231445
1456,307.3,51.9512939453125
1457,307.5,2.19092345237732
1458,307.8,2.28963732719421
1459,308.0,29.1273307800293
1460,308.1,128.168090820313
1461,308.2,222.185287475586
1462,308.4,6.20089626312256
1463,308.7,1.50238478183746
1464,308.9,7.09365510940552
1465,309.1,142.374771118164
1466,309.2,279.159545898438
1467,309.4,5.49342393875122
1468,309.6,0.709061980247498
1469,309.8,2.00462484359741
1470,310.0,27.241943359375
1471,310.1,128.037002563477
1472,310.2,337.232971191406
1473,310.4,7.01040601730347
1474,310.7,1.81485760211945
1475,310.8,1.92918050289154
1476,311.0,35.3049583435059
1477,311.2,392.823516845703
1478,311.3,48.6409873962402
1479,311.5,1.76253795623779
1480,311.8,2.6214771270752
1481,312.0,28.0040473937988
1482,312.2,501.975006103516
1483,312.3,62.0495719909668
1484,312.5,1.77569007873535
1485,312.8,2.40005779266357
1486,313.0,29.3659496307373
1487,313.2,505.378082275391
1488,313.3,60.0904769897461
1489,313.5,1.5362046957016
1490,313.8,2.07024145126343
1491,314.0,28.8551807403564
1492,314.2,386.602264404297
1493,314.3,63.1644744873047
1494,314.5,1.69128489494324
1495,314.8,2.29382848739624
1496,315.0,27.5935821533203
1497,315.2,367.188171386719
1498,315.3,73.4948654174805
1499,315.4,7.93712949752808
1500,315.7,1.08715128898621
1501,315.9,5.51409149169922
1502,316.1,198.515396118164
1503,316.2,468.420288085938
1504,316.4,5.74476099014282
1505,316.6,0.643301069736481
1506,316.8,1.94406712055206
1507,317.0,27.1706886291504
1508,317.2,374.510040283203
1509,317.3,82.445442199707
1510,317.5,1.92701256275177
1511,317.8,1.78392827510834
1512,318.0,21.9471015930176
1513,318.2,477.773956298828
1514,318.3,75.12255859375
1515,318.5,1.78118228912354
1516,318.7,0.479838132858276
1517,318.9,4.10868644714355
1518,319.1,153.914291381836
1519,319.2,275.773223876953
1520,319.4,5.6187310218811
1521,319.5,1.59777426719666
1522,319.8,1.69142937660217
1523,320.0,31.2267665863037
1524,320.2,263.337463378906
1525,320.3,68.3736114501953
1526,320.5,1.19656014442444
1527,320.7,1.17126750946045
1528,320.9,5.99147272109985
1529,321.1,125.13542175293
1530,321.2,148.531723022461
1531,321.3,64.7592163085938
1532,321.5,1.39297580718994
1533,321.7,1.29339504241943
1534,321.9,5.48027181625366
1535,322.0,24.1823959350586
1536,322.2,345.943634033203
1537,322.3,62.6567420959473
1538,322.5,1.41884660720825
1539,322.7,1.38979625701904
1540,322.8,1.46278369426727
1541,323.0,34.5755157470703
1542,323.2,305.415100097656
1543,323.3,58.8819198608398
1544,323.5,1.78089320659637
1545,323.7,0.763116061687469
1546,323.9,4.85951709747314
1547,324.1,199.344696044922
1548,324.2,401.341827392578
1549,324.4,4.73377656936646
1550,324.5,2.14004921913147
1551,324.8,4.93843030929565
1552,324.9,7.26217651367188
1553,325.1,278.421722412109
1554,325.2,260.354248046875
1555,325.4,4.90721225738525
1556,325.6,0.616852164268494
1557,325.8,2.80286169052124
1558,325.9,4.87801694869995
1559,326.1,282.102905273438
1560,326.2,998.425048828125
1561,326.4,5.13527965545654
1562,326.7,2.98048853874207
1563,326.9,15.5080213546753
1564,327.1,451.495147705078
1565,327.2,494.766296386719
1566,327.4,4.04798364639282
1567,327.6,0.595028162002563
1568,327.8,3.96921515464783
1569,328.0,30.9219532012939
1570,328.1,202.508316040039
1571,328.2,546.221984863281
1572,328.4,6.05810070037842
1573,328.6,0.821939587593079
1574,328.8,3.43358874320984
1575,329.0,30.0685062408447
1576,329.2,471.730590820313
1577,329.3,68.9108276367188
1578,329.5,1.9515825510025
1579,329.8,2.61916470527649
1580,330.0,25.0560779571533
1581,330.1,145.285583496094
1582,330.2,422.085266113281
1583,330.4,9.33357429504395
1584,330.6,1.62668013572693
1585,330.8,1.48533022403717
1586,331.0,29.743314743042
1587,331.1,109.840148925781
1588,331.2,263.072845458984
1589,331.4,9.62306690216064
1590,331.6,1.56149733066559
1591,331.9,4.41899108886719
1592,332.1,176.52507019043
1593,332.2,327.483032226563
1594,332.3,96.4746322631836
1595,332.5,1.08903026580811
1596,332.7,1.24671196937561
1597,332.9,4.46827554702759
1598,333.0,21.3533744812012
1599,333.2,269.674957275391
1600,333.3,83.5888137817383
1601,333.4,10.0156087875366
1602,333.6,0.653418123722076
1603,333.8,2.05925703048706
1604,334.0,28.0842609405518
1605,334.2,286.367248535156
1606,334.3,66.2977294921875
1607,334.4,9.6182975769043
1608,334.7,1.41985833644867
1609,334.9,5.60225486755371
1610,335.1,108.288627624512
1611,335.2,213.265930175781
1612,335.4,9.89362621307373
1613,335.7,1.65645325183868
1614,335.9,4.55586051940918
1615,336.0,20.8900127410889
1616,336.2,245.254806518555
1617,336.3,63.8626976013184
1618,336.4,10.3701400756836
1619,336.6,0.821361482143402
1620,336.8,2.1185142993927
1621,337.0,26.4850406646729
1622,337.2,286.621032714844
1623,337.3,63.708194732666
1624,337.4,7.4204363822937
1625,337.7,1.58418846130371
1626,337.9,5.70588254928589
1627,338.1,109.259719848633
1628,338.2,185.456130981445
1629,338.3,81.6034088134766
1630,338.5,2.14554119110107
1631,338.8,2.46697497367859
1632,339.0,25.5690135955811
1633,339.2,451.508880615234
1634,339.3,78.9845352172852
1635,339.5,1.16765427589417
1636,339.7,1.37794482707977
1637,339.9,4.28501224517822
1638,340.1,149.666717529297
1639,340.2,468.001586914063
1640,340.3,133.184280395508
1641,340.5,1.58895790576935
1642,340.7,2.26998114585876
1643,340.9,16.2642002105713
1644,341.1,564.345581054688
1645,341.2,538.711669921875
1646,341.4,4.33487510681152
1647,341.7,1.98005497455597
1648,341.9,9.19569301605225
1649,342.0,24.0196552276611
1650,342.2,831.457458496094
1651,342.3,90.9057693481445
1652,342.5,2.22257542610168
1653,342.8,3.77019810676575
1654,343.0,33.5443000793457
1655,343.2,539.419006347656
1656,343.3,87.026741027832
1657,343.5,1.25986409187317
1658,343.7,1.5482006072998
1659,343.9,5.64286756515503
1660,344.0,18.0416240692139
1661,344.2,438.252624511719
1662,344.3,134.571899414063
1663,344.5,2.45338916778564
1664,344.7,1.05925714969635
1665,344.9,7.12472915649414
1666,345.1,141.974700927734
1667,345.2,202.45280456543
1668,345.3,93.0335311889648
1669,345.5,1.46321725845337
1670,345.7,1.4130654335022
1671,345.9,4.77684640884399
1672,346.1,129.145980834961
1673,346.2,312.146423339844
1674,346.4,10.5214624404907
1675,346.6,0.426073133945465
1676,346.8,2.32071113586426
1677,347.0,26.7210578918457
1678,347.1,87.1667861938477
1679,347.2,210.832061767578
1680,347.4,14.3402223587036
1681,347.7,1.50267374515533
1682,347.9,3.99161720275879
1683,348.0,15.2939729690552
1684,348.2,410.952026367188
1685,348.3,81.0105514526367
1686,348.4,9.86269664764404
1687,348.7,1.16158401966095
1688,348.9,4.01358556747437
1689,349.1,94.2948379516602
1690,349.2,125.007659912109
1691,349.3,73.4017944335938
1692,349.5,1.86327505111694
1693,349.7,1.83075594902039
1694,349.9,4.76369428634644
1695,350.0,20.0672054290771
1696,350.2,233.022262573242
1697,350.3,72.529411315918
1698,350.4,12.0387334823608
1699,350.7,1.72149157524109
1700,350.9,5.01416397094727
1701,351.0,18.6680164337158
1702,351.2,148.953460693359
1703,351.3,62.5486335754395
1704,351.5,1.97759795188904
1705,351.6,1.63607454299927
1706,351.9,5.11143207550049
1707,352.0,18.9270133972168
1708,352.2,201.364791870117
1709,352.3,86.5565795898438
1710,352.5,1.72467124462128
1711,352.7,1.25928604602814
1712,352.9,5.28457880020142
1713,353.1,82.7618179321289
1714,353.2,95.8794631958008
1715,353.3,68.2293701171875
1716,353.5,3.07356548309326
1717,353.8,2.18933367729187
1718,354.0,18.7177333831787
1719,354.2,244.423324584961
1720,354.3,104.150314331055
1721,354.5,2.20552110671997
1722,354.8,4.85012292861938
1723,355.0,39.8626976013184
1724,355.2,1336.75915527344
1725,355.3,38.8683319091797
1726,355.5,1.19858360290527
1727,355.7,1.27735221385956
1728,355.8,1.84130656719208
1729,356.0,25.6745185852051
1730,356.1,210.689407348633
1731,356.2,587.993041992188
1732,356.4,6.27417278289795
1733,356.7,1.62537944316864
1734,356.9,6.61266088485718
1735,357.0,25.4065608978271
1736,357.2,471.495880126953
1737,357.3,79.3207092285156
1738,357.5,2.21592712402344
1739,357.7,0.972972989082336
1740,357.9,5.21419286727905
1741,358.1,111.81356048584
1742,358.2,339.930908203125
1743,358.4,11.5664110183716
1744,358.7,1.53100156784058
1745,358.8,1.40381562709808
1746,359.0,22.7034244537354
1747,359.2,198.674224853516
1748,359.3,81.2727279663086
1749,359.5,2.75617861747742
1750,359.7,0.43402224779129
1751,359.9,4.63188314437866
1752,360.1,91.1863021850586
1753,360.2,210.671340942383
1754,360.4,16.5409736633301
1755,360.7,1.99638676643372
1756,360.9,5.61005926132202
1757,361.1,71.5629425048828
1758,361.2,145.259429931641
1759,361.4,19.0515975952148
1760,361.6,1.63838708400726
1761,361.9,4.34282398223877
1762,362.1,100.35294342041
1763,362.2,239.709930419922
1764,362.4,15.8209276199341
1765,362.7,1.42939734458923
1766,362.9,5.59806346893311
1767,363.0,20.7571907043457
1768,363.2,156.52131652832
1769,363.3,60.1498756408691
1770,363.4,15.9575080871582
1771,363.6,1.57956349849701
1772,363.8,0.813556849956512
1773,364.0,20.5226192474365
1774,364.2,155.543579101563
1775,364.3,73.0342559814453
1776,364.5,3.11649084091187
1777,364.8,2.28775835037231
1778,365.0,19.364070892334
1779,365.2,103.946090698242
1780,365.3,60.3477363586426
1781,365.5,4.0212459564209
1782,365.8,2.03410887718201
1783,366.0,19.3195552825928
1784,366.2,145.978179931641
1785,366.3,65.0144500732422
1786,366.4,18.3361759185791
1787,366.6,0.758202075958252
1788,366.8,2.37895655632019
1789,366.9,3.77207684516907
1790,367.1,61.6248016357422
1791,367.2,105.160858154297
1792,367.4,13.4068508148193
1793,367.5,3.95606303215027
1794,367.8,2.07067489624023
1795,368.0,20.2146263122559
1796,368.2,151.025863647461
1797,368.3,64.6963424682617
1798,368.4,18.0618591308594
1799,368.6,1.02456998825073
1800,368.8,2.77525663375854
1801,369.0,23.3871955871582
1802,369.2,129.787536621094
1803,369.3,64.2701263427734
1804,369.5,3.12689685821533
1805,369.8,1.76788556575775
1806,370.0,16.4363346099854
1807,370.2,164.169815063477
1808,370.3,102.422607421875
1809,370.5,3.10044813156128
1810,370.7,0.807197570800781
1811,370.9,5.23630571365356
1812,371.1,66.3058242797852
1813,371.2,125.928169250488
1814,371.4,18.2318248748779
1815,371.7,2.50599789619446
1816,371.9,4.77655744552612
1817,372.1,67.7797393798828
1818,372.2,147.658767700195
1819,372.4,19.1822509765625
1820,372.6,2.44240498542786
1821,372.8,1.27287185192108
1822,373.0,23.6139621734619
1823,373.2,95.6414184570313
1824,373.3,57.2167930603027
1825,373.5,4.41638946533203
1826,373.8,2.24541115760803
1827,374.0,20.4675521850586
1828,374.2,141.719619750977
1829,374.3,80.7034225463867
1830,374.5,2.06474924087524
1831,374.7,1.63983237743378
1832,374.9,5.23023557662964
1833,375.1,48.574649810791
1834,375.3,87.7207717895508
1835,375.4,18.5477676391602
1836,375.6,1.06417107582092
1837,375.8,2.1235728263855
1838,376.0,17.4068508148193
1839,376.2,109.996238708496
1840,376.3,75.1037750244141
1841,376.5,5.49747085571289
1842,376.8,2.34918332099915
1843,377.0,16.815580368042
1844,377.2,74.1485748291016
1845,377.3,50.8118209838867
1846,377.5,4.08628416061401
1847,377.6,2.34311318397522
1848,377.9,5.51279067993164
1849,378.1,52.3954315185547
1850,378.2,52.8676109313965
1851,378.3,67.1297912597656
1852,378.5,5.16823244094849
1853,378.8,2.47087740898132
1854,378.9,3.11576819419861
1855,379.1,38.7696189880371
1856,379.2,69.8634185791016
1857,379.4,14.3527965545654
1858,379.5,4.69677686691284
1859,379.8,2.47261166572571
1860,380.0,18.4661083221436
1861,380.2,96.7011108398438
1862,380.3,73.7028503417969
1863,380.5,4.07110834121704
1864,380.7,0.858505547046661
1865,380.9,5.04812812805176
1866,381.1,40.7083396911621
1867,381.3,67.6289901733398
1868,381.4,18.0968341827393
1869,381.7,2.39991331100464
1870,381.9,5.05101871490479
1871,382.1,51.7498207092285
1872,382.2,55.9262886047363
1873,382.3,65.2936859130859
1874,382.5,5.80011558532715
1875,382.7,1.38488221168518
1876,382.9,7.87397003173828
1877,383.1,47.1188049316406
1878,383.2,68.2290802001953
1879,383.4,17.2222862243652
1880,383.6,2.3157970905304
1881,383.8,1.10738551616669
1882,384.0,16.6100597381592
1883,384.2,85.3139190673828
1884,384.3,60.2230072021484
1885,384.5,4.60182094573975
1886,384.7,4.8865442276001
1887,384.8,2.75704574584961
1888,385.0,28.1114330291748
1889,385.2,95.98193359375
1890,385.3,41.2503242492676
1891,385.5,3.78335022926331
1892,385.7,1.07428824901581
1893,385.9,6.43286609649658
1894,386.0,15.880763053894
1895,386.2,92.8191909790039
1896,386.3,58.8204956054688
1897,386.5,6.20913410186768
1898,386.7,1.82352936267853
1899,386.9,10.413498878479
1900,387.1,82.1757507324219
1901,387.2,94.8210754394531
1902,387.4,11.4145107269287
1903,387.7,1.87122416496277
1904,387.8,1.37172996997833
1905,388.0,22.0544872283936
1906,388.2,98.1488647460938
1907,388.3,44.3014869689941
1908,388.4,21.276195526123
1909,388.6,2.41552257537842
1910,388.9,6.76644039154053
1911,389.1,41.1793594360352
1912,389.3,66.6872406005859
1913,389.4,16.6190204620361
1914,389.7,2.52811098098755
1915,389.9,5.98800420761108
1916,390.1,38.1870193481445
1917,390.3,78.9833755493164
1918,390.4,21.9946517944336
1919,390.6,3.32172274589539
1920,390.9,4.59690713882446
1921,391.1,28.9128494262695
1922,391.2,26.2769184112549
1923,391.3,37.6269683837891
1924,391.5,5.59488344192505
1925,391.8,2.54068517684937
1926,392.0,13.464807510376
1927,392.2,63.3222999572754
1928,392.3,53.9820785522461
1929,392.5,6.60572338104248
1930,392.7,0.852435350418091
1931,392.9,4.2720046043396
1932,393.0,9.58780193328857
1933,393.2,40.7277069091797
1934,393.3,22.6314487457275
1935,393.4,17.7132530212402
1936,393.6,1.44804167747498
1937,393.8,2.86255240440369
1938,394.0,14.3211450576782
1939,394.2,60.6969223022461
1940,394.3,51.5891036987305
1941,394.5,6.10651826858521
1942,394.7,1.08353805541992
1943,394.9,4.70458173751831
1944,395.0,9.40482711791992
1945,395.2,40.8794631958008
1946,395.3,35.2322578430176
1947,395.5,5.88061857223511
1948,395.8,2.6288480758667
1949,396.0,13.0861396789551
1950,396.2,54.712963104248
1951,396.3,52.7217788696289
1952,396.5,6.55354833602905
1953,396.7,1.2669460773468
1954,396.9,5.43835830688477
1955,397.0,9.44688510894775
1956,397.2,41.500072479248
1957,397.3,33.4997825622559
1958,397.5,4.12848663330078
1959,397.6,3.13181090354919
1960,397.9,5.52912282943726
1961,398.1,33.6223449707031
1962,398.3,56.8875541687012
1963,398.4,16.5419864654541
1964,398.5,8.79433441162109
1965,398.8,5.2682466506958
1966,399.0,26.5205955505371
1967,399.2,72.0737075805664
1968,399.3,34.3996238708496
1969,399.5,4.26420021057129
1970,399.8,3.11331129074097
1971,400.0,20.2485904693604
1972,400.2,67.9680557250977
1973,400.3,44.0913429260254
1974,400.5,8.54097366333008
1975,400.8,6.43575668334961
1976,401.0,60.8875541687012
1977,401.1,118.284004211426
1978,401.2,137.043792724609
1979,401.4,5.89059114456177
1980,401.7,2.63173866271973
1981,401.9,10.4421157836914
1982,402.1,78.1094055175781
1983,402.2,62.927734375
1984,402.3,50.2607307434082
1985,402.5,4.28544569015503
1986,402.8,5.43503379821777
1987,402.9,9.06084728240967
1988,403.1,58.3390655517578
1989,403.2,42.0039024353027
1990,403.3,36.6486473083496
1991,403.5,4.4804162979126
1992,403.8,3.21636080741882
1993,404.0,16.597484588623
1994,404.1,23.7324752807617
1995,404.3,61.7764129638672
1996,404.4,19.1445293426514
1997,404.6,3.33270692825317
1998,404.9,6.02341365814209
1999,405.1,27.3895072937012
2000,405.3,39.3799667358398
2001,405.4,10.562219619751
2002,405.5,6.10391664505005
2003,405.8,2.84015035629272
2004,406.0,11.5849113464355
2005,406.2,45.0002899169922
2006,406.3,42.9648780822754
2007,406.5,7.90750122070313
2008,406.7,1.07660067081451
2009,406.9,4.53923988342285
2010,407.1,19.6330394744873
2011,407.2,17.8616847991943
2012,407.3,28.568000793457
2013,407.5,6.02688264846802
2014,407.8,2.44789719581604
2015,408.0,12.9536056518555
2016,408.2,42.5057106018066
2017,408.3,41.9142951965332
2018,408.5,7.57060289382935
2019,408.7,1.28934812545776
2020,408.9,3.97470736503601
2021,409.0,5.92484474182129
2022,409.2,29.0211009979248
2023,409.3,16.5269546508789
2024,409.4,15.9590978622437
2025,409.6,3.33834362030029
2026,409.8,1.56698942184448
2027,410.0,12.1240062713623
2028,410.2,40.0511627197266
2029,410.3,37.719612121582
2030,410.5,7.61150455474854
2031,410.8,2.58953595161438
2032,411.0,8.61728572845459
2033,411.1,11.6749534606934
2034,411.3,29.0385894775391
2035,411.4,14.5438642501831
2036,411.6,2.8639976978302
2037,411.9,4.40005779266357
2038,412.1,21.5197277069092
2039,412.2,22.4380683898926
2040,412.3,37.0020217895508
2041,412.5,7.80604124069214
2042,412.7,1.6237895488739
2043,412.9,5.55007934570313
2044,413.0,9.75531101226807
2045,413.2,32.6022529602051
2046,413.3,28.9877147674561
2047,413.5,6.73464393615723
2048,413.7,1.19121265411377
2049,413.9,4.61844205856323
2050,414.1,24.7392692565918
2051,414.2,22.2929611206055
2052,414.3,32.576961517334
2053,414.5,4.60109853744507
2054,414.8,3.581876039505
2055,415.0,35.3225898742676
2056,415.2,303.780303955078
2057,415.3,71.8407287597656
2058,415.5,1.31232833862305
2059,415.7,1.58722352981567
2060,415.9,6.87946224212646
2061,416.1,75.9061965942383
2062,416.2,76.3312606811523
2063,416.3,72.2773513793945
2064,416.5,4.30770349502563
2065,416.8,4.01849985122681
2066,417.0,24.6185855865479
2067,417.2,98.2118835449219
2068,417.3,37.4929885864258
2069,417.4,13.6235008239746
2070,417.7,1.96719181537628
2071,417.8,1.5366382598877
2072,418.0,15.9456567764282
2073,418.2,52.4656753540039
2074,418.3,44.5383720397949
2075,418.5,5.03714418411255
2076,418.6,3.25581741333008
2077,418.9,5.75444412231445
2078,419.1,24.0750102996826
2079,419.3,38.9554862976074
2080,419.4,15.443416595459
2081,419.6,2.79708051681519
2082,419.9,4.48258399963379
2083,420.1,22.1338348388672
2084,420.3,40.7502517700195
2085,420.4,19.770486831665
2086,420.6,3.10044813156128
2087,420.9,4.50339651107788
2088,421.0,6.44110441207886
2089,421.2,23.645902633667
2090,421.3,23.1300773620605
2091,421.5,4.78349494934082
2092,421.6,2.91284871101379
2093,421.8,1.31550800800323
2094,422.0,9.2787971496582
2095,422.2,32.4239044189453
2096,422.4,31.0440807342529
2097,422.5,8.97730922698975
2098,422.8,2.23457145690918
2099,422.9,2.54805612564087
2100,423.1,13.4380693435669
2101,423.3,23.8613967895508
2102,423.4,15.3814134597778
2103,423.6,3.44746351242065
2104,423.8,1.4227489233017
2105,424.0,7.95837545394897
2106,424.1,11.246711730957
2107,424.3,33.1105651855469
2108,424.4,20.5545597076416
2109,424.6,3.79910397529602
2110,424.8,1.21925139427185
2111,425.0,6.01185131072998
2112,425.2,20.3468704223633
2113,425.3,20.2163600921631
2114,425.5,6.39066362380981
2115,425.7,1.09105360507965
2116,425.9,3.90302062034607
2117,426.1,17.1247291564941
2118,426.3,32.9359741210938
2119,426.4,20.2225761413574
2120,426.6,3.81847095489502
2121,426.9,3.79303359985352
2122,427.0,5.14655303955078
2123,427.2,20.2185287475586
2124,427.3,12.1599941253662
2125,427.4,13.9338054656982
2126,427.6,3.51279091835022
2127,427.9,3.41638970375061
2128,428.1,18.6807346343994
2129,428.3,30.2668018341064
2130,428.4,14.6318836212158
2131,428.6,2.5357711315155
2132,428.9,7.50151777267456
2133,429.1,110.640121459961
2134,429.2,127.186729431152
2135,429.3,76.9436340332031
2136,429.5,2.3517849445343
2137,429.8,2.75112009048462
2138,430.0,22.7142658233643
2139,430.1,41.1841316223145
2140,430.3,100.775688171387
2141,430.4,18.8783054351807
2142,430.6,1.43185436725616
2143,430.8,3.62046527862549
2144,431.0,20.8148574829102
2145,431.2,77.8837966918945
2146,431.3,31.4963150024414
2147,431.4,16.8602390289307
2148,431.6,1.41667866706848
2149,431.8,2.20450925827026
2150,432.0,13.0679292678833
2151,432.2,40.070240020752
2152,432.3,35.9275894165039
2153,432.5,7.18239641189575
2154,432.8,3.02717161178589
2155,433.0,10.0409021377563
2156,433.2,28.509033203125
2157,433.3,25.5379390716553
2158,433.5,6.29715299606323
2159,433.7,1.16519725322723
2160,433.9,3.87657165527344
2161,434.1,16.8304672241211
2162,434.3,31.2131805419922
2163,434.4,18.1169242858887
2164,434.6,3.8570601940155
2165,434.9,3.59170389175415
2166,435.0,4.66584777832031
2167,435.2,17.4662532806396
2168,435.3,18.3081378936768
2169,435.5,6.20393133163452
2170,435.7,0.878595173358917
2171,435.9,3.0391674041748
2172,436.0,4.25596189498901
2173,436.2,21.672061920166
2174,436.4,25.9630012512207
2175,436.5,8.59473896026611
2176,436.7,3.20739984512329
2177,436.9,2.40526080131531
2178,437.1,13.3124732971191
2179,437.2,10.8580722808838
2180,437.3,18.2298011779785
2181,437.5,4.36334753036499
2182,437.6,3.06489372253418
2183,437.9,3.76629567146301
2184,438.0,4.93380546569824
2185,438.2,24.5810089111328
2186,438.4,25.1452522277832
2187,438.5,8.11620140075684
2188,438.8,2.7699089050293
2189,439.0,5.75747919082642
2190,439.2,14.815580368042
2191,439.4,16.2186737060547
2192,439.5,6.46148300170898
2193,439.8,2.28154349327087
2194,440.0,6.99696493148804
2195,440.2,19.6892623901367
2196,440.4,25.6477813720703
2197,440.5,9.23861789703369
2198,440.8,2.45989298820496
2199,441.0,6.52926731109619
2200,441.2,15.9735507965088
2201,441.3,16.3562660217285
2202,441.5,6.56973552703857
2203,441.8,2.39326500892639
2204,442.0,6.58707904815674
2205,442.2,20.7670192718506
2206,442.3,13.4207258224487
2207,442.4,18.3874835968018
2208,442.6,4.03526544570923
2209,442.9,4.50570869445801
2210,443.1,12.9968204498291
2211,443.3,19.5297012329102
2212,443.4,13.228645324707
2213,443.6,3.61901998519897
2214,443.9,3.13730311393738
2215,444.1,13.2764854431152
2216,444.3,24.8391380310059
2217,444.4,15.1599941253662
2218,444.6,4.90273141860962
2219,444.9,6.22879028320313
2220,445.0,6.67524194717407
2221,445.2,24.2235870361328
2222,445.3,20.356409072876
2223,445.5,6.06489372253418
2224,445.8,2.92816877365112
2225,446.0,8.13383483886719
2226,446.2,23.5438652038574
2227,446.3,22.2143363952637
2228,446.5,8.82208442687988
2229,446.8,4.21795034408569
2230,447.0,9.76846408843994
2231,447.2,22.9072113037109
2232,447.3,11.0667724609375
2233,447.4,11.0494289398193
2234,447.6,3.42462778091431
2235,447.9,3.8907356262207
2236,448.0,6.11764717102051
2237,448.2,21.0216789245605
2238,448.3,11.812689781189
2239,448.4,15.2537937164307
2240,448.6,2.51047849655151
2241,448.8,2.65862107276917
2242,449.0,5.36565971374512
2243,449.2,12.3812685012817
2244,449.3,15.003324508667
2245,449.5,3.89536070823669
2246,449.6,3.16216206550598
2247,449.9,2.67321872711182
2248,450.1,9.8833646774292
2249,450.3,20.3545303344727
2250,450.4,14.779881477356
2251,450.6,3.47333431243896
2252,450.9,2.38213610649109
2253,451.1,7.46263933181763
2254,451.3,13.1076745986938
2255,451.4,9.28096580505371
2256,451.6,2.10883069038391
2257,451.7,2.57060265541077
2258,451.9,1.39485478401184
2259,452.1,10.8164472579956
2260,452.3,20.2520599365234
2261,452.4,16.6294269561768
2262,452.6,3.95418405532837
2263,452.9,2.77366662025452
2264,453.1,6.77858066558838
2265,453.3,12.9273014068604
2266,453.4,9.96921539306641
2267,453.6,2.25625085830688
2268,453.8,2.52016186714172
2269,453.9,1.54921233654022
2270,454.1,9.53201293945313
2271,454.2,9.50527572631836
2272,454.4,19.2548065185547
2273,454.5,9.29310607910156
2274,454.7,1.52001738548279
2275,454.9,2.5993640422821
2276,455.1,6.88784503936768
2277,455.3,13.2683916091919
2278,455.4,10.0521755218506
2279,455.6,1.83436918258667
2280,455.8,2.57855176925659
2281,456.0,5.17401361465454
2282,456.2,15.0994367599487
2283,456.4,18.5711803436279
2284,456.5,9.18788814544678
2285,456.8,2.92961406707764
2286,456.9,1.83841598033905
2287,457.1,8.36146831512451
2288,457.3,14.1099872589111
2289,457.4,5.34961700439453
2290,457.5,6.13585758209229
2291,457.8,2.68030071258545
2292,458.0,5.07587814331055
2293,458.2,14.5174160003662
2294,458.4,16.4574356079102
2295,458.5,5.55875110626221
2296,458.7,5.8404393196106
2297,458.9,8.25205993652344
2298,459.0,7.4162449836731
2299,459.2,22.1816730499268
2300,459.3,16.649227142334
2301,459.5,5.6320276260376
2302,459.8,3.28689122200012
2303,460.0,7.52406406402588
2304,460.2,18.5002174377441
2305,460.3,15.9054775238037
2306,460.5,6.50195121765137
2307,460.8,7.25899696350098
2308,461.0,30.4409599304199
2309,461.2,71.1689529418945
2310,461.3,24.5932941436768
2311,461.4,12.1602830886841
2312,461.7,3.66483592987061
2313,461.8,2.31623077392578
2314,462.0,15.6009540557861
2315,462.2,37.4610481262207
2316,462.3,27.2085552215576
2317,462.5,6.50339651107788
2318,462.8,4.57089185714722
2319,463.0,12.2126026153564
2320,463.2,24.4880771636963
2321,463.3,18.7040042877197
2322,463.5,5.44572925567627
2323,463.8,2.75328803062439
2324,463.9,2.39774537086487
2325,464.1,12.1847085952759
2326,464.3,18.4572906494141
2327,464.4,7.8732476234436
2328,464.5,7.73290920257568
2329,464.7,1.16201758384705
2330,464.9,2.79187750816345
2331,465.1,7.34903907775879
2332,465.3,10.386905670166
2333,465.4,8.96357822418213
2334,465.6,2.8875560760498
2335,465.9,2.55109119415283
2336,466.1,7.09452247619629
2337,466.3,16.1757488250732
2338,466.4,12.4992046356201
2339,466.6,4.00086736679077
2340,466.9,2.21014595031738
2341,467.1,5.99349594116211
2342,467.3,10.3860387802124
2343,467.4,4.15522480010986
2344,467.5,5.79245567321777
2345,467.7,2.33863282203674
2346,468.0,3.93178200721741
2347,468.2,12.0792026519775
2348,468.4,15.8335018157959
2349,468.5,8.2756175994873
2350,468.7,1.63997685909271
2351,468.9,2.49804878234863
2352,469.0,1.52204072475433
2353,469.2,7.24743461608887
2354,469.3,4.48475217819214
2355,469.4,8.29888725280762
2356,469.6,3.10955333709717
2357,469.9,2.11605715751648
2358,470.0,2.22792315483093
2359,470.2,10.1388931274414
2360,470.4,14.1847085952759
2361,470.5,5.05463218688965
2362,470.6,3.92643451690674
2363,470.8,1.18745481967926
2364,471.0,3.33342957496643
2365,471.2,7.8382716178894
2366,471.4,9.38661670684814
2367,471.5,3.76253795623779
2368,471.6,3.11128783226013
2369,471.9,2.4785373210907
2370,472.1,6.53157949447632
2371,472.3,12.7167224884033
2372,472.4,10.3231678009033
2373,472.6,4.81254529953003
2374,472.9,4.38849544525146
2375,473.1,11.178783416748
2376,473.3,15.1880331039429
2377,473.4,8.09394454956055
2378,473.6,3.53562664985657
2379,473.8,1.38517129421234
2380,474.0,5.21592712402344
2381,474.2,12.4000577926636
2382,474.4,11.5130796432495
2383,474.5,4.1029052734375
2384,474.7,1.28298890590668
2385,474.9,6.41494417190552
2386,475.1,68.2053756713867
2387,475.2,163.579849243164
2388,475.4,19.663969039917
2389,475.6,2.06402659416199
2390,475.8,1.73406565189362
2391,476.0,18.3874835968018
2392,476.2,69.1699676513672
2393,476.3,35.3772239685059
2394,476.4,21.208122253418
2395,476.6,3.04321432113647
2396,476.8,2.34571480751038
2397,477.0,14.9550514221191
2398,477.2,44.3188323974609
2399,477.3,33.4171104431152
2400,477.5,5.76687383651733
2401,477.8,2.7505419254303
2402,478.0,8.28746891021729
2403,478.2,20.8277206420898
2404,478.3,10.7467842102051
2405,478.4,14.4153776168823
2406,478.6,2.30047702789307
2407,478.8,2.80213904380798
2408,479.0,5.38892889022827
2409,479.2,11.4723224639893
2410,479.4,11.5653991699219
2411,479.5,5.52290773391724
2412,479.7,2.02167940139771
2413,479.9,1.47781467437744
2414,480.1,6.44645166397095
2415,480.3,12.3045234680176
2416,480.4,10.0474052429199
2417,480.6,3.80893182754517
2418,480.9,2.58071970939636
2419,481.1,5.26420021057129
2420,481.2,4.49024438858032
2421,481.4,7.84925556182861
2422,481.5,5.13340091705322
2423,481.7,2.10304951667786
2424,481.9,1.30322301387787
2425,482.1,5.70096826553345
2426,482.3,11.1482877731323
2427,482.4,5.55528259277344
2428,482.5,7.18485307693481
2429,482.7,2.47420144081116
2430,483.0,2.89203643798828
2431,483.1,2.42665123939514
2432,483.3,7.31203937530518
2433,483.4,6.1595606803894
2434,483.6,1.84405255317688
2435,483.7,2.23023557662964
2436,484.0,2.91862988471985
2437,484.1,3.4191358089447
2438,484.3,9.39095211029053
2439,484.5,8.75834655761719
2440,484.6,4.16259574890137
2441,484.8,0.747506856918335
2442,485.0,2.97066044807434
2443,485.1,2.41364359855652
2444,485.3,6.64460182189941
2445,485.5,6.08093643188477
2446,485.6,2.76600670814514
2447,485.9,1.96964883804321
2448,486.0,1.82309579849243
2449,486.2,7.04755020141602
2450,486.4,9.10001468658447
2451,486.5,6.47535753250122
2452,486.8,2.74924111366272
2453,487.0,3.49862694740295
2454,487.2,7.46957635879517
2455,487.4,7.67249584197998
2456,487.5,4.77959251403809
2457,487.8,2.2309582233429
2458,488.0,3.7873969078064
2459,488.1,3.93033671379089
2460,488.3,9.61049270629883
2461,488.4,3.57479405403137
2462,488.5,3.60066485404968
2463,488.8,2.69012856483459
2464,489.0,16.7002449035645
2465,489.2,120.465240478516
2466,489.3,66.8748397827148
2467,489.4,23.2459888458252
2468,489.6,1.81196701526642
2469,489.9,4.52204084396362
2470,490.1,35.1624526977539
2471,490.2,34.9881477355957
2472,490.3,52.7002449035645
2473,490.5,6.38155794143677
2474,490.7,1.04942905902863
2475,490.9,6.76282691955566
2476,491.0,10.2941179275513
2477,491.2,42.135856628418
2478,491.3,36.4601821899414
2479,491.5,4.55571603775024
2480,491.6,2.3444139957428
2481,491.9,3.95490670204163
2482,492.1,13.0141639709473
2483,492.2,11.5755167007446
2484,492.3,19.2576961517334
2485,492.5,7.69229650497437
2486,492.7,1.38488221168518
2487,492.9,3.79780316352844
2488,493.1,9.05419826507568
2489,493.3,12.8108110427856
2490,493.4,5.03656578063965
2491,493.5,5.11851406097412
2492,493.7,0.997253954410553
2493,493.9,2.24179792404175
2494,494.1,5.80387353897095
2495,494.2,5.16433000564575
2496,494.4,11.0833930969238
2497,494.5,5.5688681602478
2498,494.8,2.71094083786011
2499,495.0,3.39037442207336
2500,495.2,6.43980360031128
2501,495.4,7.11114311218262
2502,495.5,2.86067342758179
2503,495.6,2.58996963500977
2504,495.9,1.83856046199799
2505,496.0,1.93149304389954
2506,496.2,6.86789989471436
2507,496.3,4.44760799407959
2508,496.5,7.50484180450439
2509,496.6,3.94002032279968
2510,496.9,1.84029483795166
2511,497.1,3.23081374168396
2512,497.3,5.529700756073
2513,497.4,5.11576795578003
2514,497.6,2.56034111976624
2515,497.9,1.70313632488251
2516,498.1,4.28746938705444
2517,498.3,7.41667890548706
2518,498.5,6.79563522338867
2519,498.6,3.75097560882568
2520,498.9,1.60543429851532
2521,499.0,1.30235588550568
2522,499.2,4.19222450256348
2523,499.3,2.74562788009644
2524,499.5,4.82165050506592
2525,499.6,2.699378490448
2526,499.8,0.639543294906616
2527,500.0,2.27980923652649
2528,500.2,5.29440689086914
2529,500.3,3.26246571540833
2530,500.5,6.01416397094727
2531,500.6,3.14539670944214
2532,500.9,2.17834949493408
2533,501.0,1.65818762779236
2534,501.2,4.87368106842041
2535,501.4,5.17675971984863
2536,501.5,3.93279385566711
2537,501.7,2.04928469657898
2538,501.9,1.07443273067474
2539,502.1,3.80069375038147
2540,502.2,3.27431702613831
2541,502.4,6.41566705703735
2542,502.5,4.58765697479248
2543,502.8,3.87122416496277
2544,503.0,11.6831912994385
2545,503.2,30.4535331726074
2546,503.3,15.3163747787476
2547,503.4,13.0637378692627
2548,503.6,1.70067930221558
2549,503.8,2.4947247505188
2550,504.0,7.58303213119507
2551,504.2,17.3331413269043
2552,504.3,17.0687961578369
2553,504.5,6.04581594467163
2554,504.8,3.42462778091431
2555,505.0,7.04841756820679
2556,505.2,15.2663679122925
2557,505.3,7.28457880020142
2558,505.4,8.79578018188477
2559,505.6,2.78436183929443
2560,505.8,1.55051302909851
2561,506.0,4.21144676208496
2562,506.1,4.16100597381592
2563,506.3,10.2188177108765
2564,506.4,4.45454549789429
2565,506.5,5.38777303695679
2566,506.8,3.09741282463074
2567,507.0,4.58245420455933
2568,507.2,8.84130668640137
2569,507.4,8.67741012573242
2570,507.5,4.20609903335571
2571,507.8,2.2789421081543
2572,508.0,3.24844622612
2573,508.1,2.91183686256409
2574,508.3,7.45093202590942
2575,508.5,7.04769468307495
2576,508.6,3.10854172706604
2577,508.9,1.92282116413116
2578,509.1,3.66093373298645
2579,509.3,5.49775981903076
2580,509.4,2.53432583808899
2581,509.5,2.9252781867981
2582,509.7,0.868911683559418
2583,509.9,1.68405842781067
2584,510.1,3.10218238830566
2585,510.2,2.43460035324097
2586,510.4,6.6149730682373
2587,510.5,2.64676976203918
2588,510.6,3.23630571365356
2589,510.9,2.02283573150635
2590,511.0,1.56380975246429
2591,511.2,4.71585512161255
2592,511.3,4.69952297210693
2593,511.5,3.12689685821533
2594,511.8,1.95028185844421
2595,512.0,2.42000293731689
2596,512.2,4.80676412582397
2597,512.4,6.45078754425049
2598,512.5,5.16259574890137
2599,512.8,2.31854319572449
2600,513.0,1.99869918823242
2601,513.2,3.74490523338318
2602,513.3,2.44139337539673
2603,513.4,3.56135272979736
2604,513.6,2.00534749031067
2605,513.8,0.819916188716888
2606,514.0,2.05376505851746
2607,514.2,4.31319570541382
2608,514.4,5.5620756149292
2609,514.5,4.26174306869507
2610,514.8,2.08758497238159
2611,515.0,2.02529263496399
2612,515.2,3.28486776351929
2613,515.4,4.43329954147339
2614,515.5,3.0276050567627
2615,515.7,1.02341377735138
2616,515.9,1.82656455039978
2617,516.1,2.98655867576599
2618,516.3,5.15797090530396
2619,516.5,5.00621461868286
2620,516.6,1.74808502197266
2621,516.7,2.37823390960693
2622,516.9,0.929469585418701
2623,517.1,3.44442844390869
2624,517.3,4.79765844345093
2625,517.5,4.04003477096558
2626,517.6,2.35077333450317
2627,517.8,0.829888701438904
2628,518.0,2.89839577674866
2629,518.1,1.60138750076294
2630,518.3,4.76282691955566
2631,518.5,4.79202175140381
2632,518.7,3.43011999130249
2633,518.9,4.23124742507935
2634,519.1,7.32302379608154
2635,519.3,9.27200508117676
2636,519.4,3.08613967895508
2637,519.5,3.72640562057495
2638,519.7,1.0802139043808
2639,519.9,2.34499216079712
2640,520.0,2.37982368469238
2641,520.2,7.37621021270752
2642,520.3,3.92166495323181
2643,520.4,5.18152904510498
2644,520.7,3.93582892417908
2645,520.8,2.21086859703064
2646,521.0,8.37129688262939
2647,521.2,12.0956783294678
2648,521.3,9.53562641143799
2649,521.5,4.14395141601563
2650,521.7,1.02890586853027
2651,521.9,3.84159564971924
2652,522.1,6.59213781356812
2653,522.2,3.921231508255
2654,522.4,8.30842590332031
2655,522.5,3.78913140296936
2656,522.8,2.40858507156372
2657,523.0,3.31926584243774
2658,523.2,5.13629150390625
2659,523.4,5.25090312957764
2660,523.6,2.92816877365112
2661,523.8,1.72727274894714
2662,523.9,1.12993204593658
2663,524.1,3.52550935745239
2664,524.2,1.97412919998169
2665,524.4,5.15681457519531
2666,524.5,2.25234866142273
2667,524.7,2.60008668899536
2668,524.9,1.89651679992676
2669,525.0,0.999277353286743
2670,525.2,2.90807914733887
2671,525.4,3.18933367729187
2672,525.5,2.42260432243347
2673,525.7,1.73666715621948
2674,526.0,2.17329096794128
2675,526.1,1.72047984600067
2676,526.3,4.48200607299805
2677,526.4,4.20263051986694
2678,526.6,2.72510480880737
2679,526.8,0.817748248577118
2680,526.9,1.41436624526978
2681,527.1,1.30394566059113
2682,527.3,2.82410764694214
2683,527.4,2.94507884979248
2684,527.6,1.17777132987976
2685,527.8,1.89854025840759
2686,528.0,1.64069950580597
2687,528.1,1.34846079349518
2688,528.3,3.4652407169342
2689,528.4,3.93799686431885
2690,528.6,2.67885541915894
2691,528.9,1.42029190063477
2692,529.1,2.22965741157532
2693,529.2,1.53591561317444
2694,529.4,3.15869355201721
2695,529.5,2.03223013877869
2696,529.8,1.39471018314362
2697,530.0,1.5025292634964
2698,530.1,1.33834373950958
2699,530.3,3.87975144386292
2700,530.4,1.9713830947876
2701,530.6,2.96213316917419
2702,530.8,1.85677123069763
2703,531.0,1.88697791099548
2704,531.1,1.28327798843384
2705,531.3,3.15117788314819
2706,531.4,1.64691424369812
2707,531.5,2.00896072387695
2708,531.8,1.68478107452393
2709,532.0,2.00245690345764
2710,532.1,1.21173584461212
2711,532.3,3.81326770782471
2712,532.5,3.47608041763306
2713,532.7,2.64416813850403
2714,532.9,3.38791728019714
2715,533.1,6.51987266540527
2716,533.2,7.04437065124512
2717,533.4,4.22199726104736
2718,533.6,2.1521897315979
2719,533.9,2.54791164398193
2720,534.0,2.13079929351807
2721,534.2,5.0212459564209
2722,534.3,5.72091341018677
2723,534.5,3.11316657066345
2724,534.8,4.34224605560303
2725,534.9,6.16404104232788
2726,535.1,31.2402076721191
2727,535.3,40.6707611083984
2728,535.4,13.4039602279663
2729,535.6,3.22647786140442
2730,535.9,6.68319129943848
2731,536.1,16.8150024414063
2732,536.2,11.2887697219849
2733,536.3,17.6480712890625
2734,536.5,3.27677416801453
2735,536.6,3.40265941619873
2736,536.9,4.73753452301025
2737,537.1,12.1524782180786
2738,537.2,7.84520864486694
2739,537.3,12.517560005188
2740,537.5,2.85127902030945
2741,537.6,2.89377069473267
2742,537.8,1.04740571975708
2743,538.0,4.16404104232788
2744,538.2,6.48475217819214
2745,538.4,6.91227054595947
2746,538.5,3.55398178100586
2747,538.7,1.26318836212158
2748,538.9,2.27417254447937
2749,539.1,2.85922813415527
2750,539.2,1.93727421760559
2751,539.3,4.09394407272339
2752,539.5,2.28342247009277
2753,539.8,1.59589540958405
2754,540.0,1.80141639709473
2755,540.2,3.23601675033569
2756,540.4,4.4840292930603
2757,540.6,2.78291654586792
2758,540.7,0.921664953231812
2759,540.9,1.47636938095093
2760,541.1,1.93394994735718
2761,541.2,1.33660936355591
2762,541.4,2.40381550788879
2763,541.6,2.14366245269775
2764,541.8,1.49414658546448
2765,542.0,1.69533169269562
2766,542.2,2.78378367424011
2767,542.4,3.31623077392578
2768,542.6,2.66078901290894
2769,542.7,0.824685633182526
2770,542.8,1.42939734458923
2771,543.0,0.609770178794861
2772,543.2,1.82425200939178
2773,543.3,1.4218817949295
2774,543.4,2.37201905250549
2775,543.7,1.59300482273102
2776,543.9,1.21101319789886
2777,544.1,1.72886252403259
2778,544.2,1.29426217079163
2779,544.4,2.99580860137939
2780,544.5,1.93785226345062
2781,544.8,1.60008668899536
2782,545.0,1.57002460956573
2783,545.1,0.759502828121185
2784,545.3,2.18239641189575
2785,545.4,1.32591414451599
2786,545.5,2.03468704223633
2787,545.7,1.33906638622284
2788,546.0,1.52334153652191
2789,546.2,2.11562371253967
2790,546.3,1.47550225257874
2791,546.5,2.91212606430054
2792,546.6,2.25726270675659
2793,546.8,1.18803298473358
2794,547.0,2.77540111541748
2795,547.2,4.30770349502563
2796,547.4,4.61034822463989
2797,547.6,2.81543564796448
2798,547.8,1.7547333240509
2799,547.9,0.884809970855713
2800,548.1,2.86761093139648
2801,548.3,3.43373322486877
2802,548.4,1.68319118022919
2803,548.5,2.04061269760132
2804,548.8,1.97080504894257
2805,549.0,11.7793035507202
2806,549.2,80.4153747558594
2807,549.3,90.3127593994141
2808,549.5,7.45714712142944
2809,549.6,2.98699235916138
2810,549.9,3.01777720451355
#"+ Scan (rt: 5.043-39.997 min, 6060 scans) CW700_2.D "
#Point,X(Thompsons),Y(Counts)
0,45.1,410.190277099609
1,45.3,10.2341585159302
2,45.6,0.577062726020813
3,45.8,5.09851503372192
4,46.0,39.577392578125
5,46.1,53.7689781188965
6,46.3,10.5112209320068
7,46.6,2.11072611808777
8,46.8,6.18432331085205
9,47.0,49.0811882019043
10,47.1,59.2189750671387
11,47.3,9.66138648986816
12,47.6,1.75495052337646
13,47.7,1.84521448612213
14,47.9,19.2366333007813
15,48.1,56.2881202697754
16,48.2,20.2894382476807
17,48.4,2.20396041870117
18,48.7,2.41155123710632
19,48.9,11.1399335861206
20,49.1,22.5026397705078
21,49.2,14.1108913421631
22,49.4,3.25874590873718
23,49.7,1.70676565170288
24,49.9,22.8731021881104
25,50.1,153.820297241211
26,50.2,72.3905944824219
27,50.4,3.10594058036804
28,50.7,0.87277227640152
29,50.9,19.8948841094971
30,51.1,234.786956787109
31,51.2,127.606597900391
32,51.4,1.61666667461395
33,51.5,1.42656767368317
34,51.8,5.93349838256836
35,52.0,63.1133651733398
36,52.1,115.314353942871
37,52.3,22.9699668884277
38,52.5,1.3237624168396
39,52.7,1.44455444812775
40,52.9,20.2957096099854
41,53.1,162.619476318359
42,53.2,105.378051757813
43,53.4,2.46518158912659
44,53.6,0.404785484075546
45,53.8,4.16567659378052
46,54.0,62.7306938171387
47,54.1,138.905609130859
48,54.3,24.671947479248
49,54.5,1.14042901992798
50,54.8,0.20627062022686
51,55.0,87.5090789794922
52,55.1,703.949645996094
53,55.3,29.2052803039551
54,55.5,0.114356435835361
55,55.8,1.96501648426056
56,56.0,75.5610580444336
57,56.2,287.715667724609
58,56.3,36.2587471008301
59,56.5,1.06650161743164
60,56.7,0.174422442913055
61,56.9,6.70610570907593
62,57.1,318.234985351563
63,57.2,404.900482177734
64,57.4,5.49950504302979
65,57.6,2.4193069934845
66,57.8,8.26963710784912
67,58.0,55.8249168395996
68,58.2,91.8107223510742
69,58.3,18.1059398651123
70,58.4,7.28085803985596
71,58.6,0.958580851554871
72,58.8,5.50247526168823
73,59.0,87.264518737793
74,59.1,138.153961181641
75,59.2,95.4323425292969
76,59.4,3.23663377761841
77,59.7,1.35544550418854
78,59.9,26.3521461486816
79,60.1,169.000335693359
80,60.2,77.8047866821289
81,60.4,3.30396032333374
82,60.6,0.549834966659546
83,60.8,6.10214519500732
84,61.0,68.7235946655273
85,61.1,114.320297241211
86,61.3,15.3330030441284
87,61.5,0.999504923820496
88,61.7,2.36237621307373
89,61.9,24.1867980957031
90,62.1,77.9820098876953
91,62.2,43.015510559082
92,62.4,3.7551155090332
93,62.7,2.0463695526123
94,62.9,25.8595714569092
95,63.0,78.369140625
96,63.1,213.358413696289
97,63.3,23.0925750732422
98,63.6,2.73465347290039
99,63.7,2.57013201713562
100,63.9,47.9160079956055
101,64.1,198.755447387695
102,64.2,57.3146858215332
103,64.4,4.45445537567139
104,64.6,0.906765699386597
105,64.8,6.96947193145752
106,65.0,78.4262390136719
107,65.1,175.095550537109
108,65.3,30.2285480499268
109,65.5,1.8900990486145
110,65.7,4.09950494766235
111,65.9,29.8292083740234
112,66.1,89.1542892456055
113,66.2,56.2986793518066
114,66.4,6.09835004806519
115,66.6,0.437788784503937
116,66.8,2.93564367294312
117,67.0,91.8498382568359
118,67.1,258.85693359375
119,67.3,30.8113861083984
120,67.4,4.11815166473389
121,67.7,1.36650168895721
122,67.9,21.2544555664063
123,68.1,145.253295898438
124,68.2,97.374755859375
125,68.4,7.68333339691162
126,68.6,0.992079198360443
127,68.8,1.65495049953461
128,69.0,102.258415222168
129,69.2,428.412719726563
130,69.3,52.0815162658691
131,69.5,2.54934000968933
132,69.7,4.86089086532593
133,69.9,29.0460395812988
134,70.1,178.603790283203
135,70.2,151.910064697266
136,70.4,9.13168334960938
137,70.5,4.1165018081665
138,70.7,1.21435642242432
139,70.9,19.973596572876
140,71.1,193.477386474609
141,71.2,195.707916259766
142,71.4,9.01485157012939
143,71.6,1.22128713130951
144,71.8,7.88366317749023
145,72.0,40.3740921020508
146,72.1,59.3504943847656
147,72.3,12.1155118942261
148,72.5,0.715511560440063
149,72.8,1.48151814937592
150,73.0,74.3650131225586
151,73.1,3240.44360351563
152,73.3,13.3409242630005
153,73.5,0.160231024026871
154,73.7,0.866996705532074
155,73.9,19.5998344421387
156,74.1,333.013519287109
157,74.2,149.391082763672
158,74.4,2.57343244552612
159,74.7,1.43085813522339
160,74.9,19.808910369873
161,75.1,493.435485839844
162,75.2,166.782501220703
163,75.4,3.43036293983459
164,75.6,0.871617138385773
165,75.8,10.6184816360474
166,76.0,111.608581542969
167,76.1,180.351654052734
168,76.3,28.6315174102783
169,76.5,2.22458744049072
170,76.8,2.64174914360046
171,76.9,20.8130359649658
172,77.1,474.642913818359
173,77.2,202.115844726563
174,77.4,1.86402642726898
175,77.6,0.145709574222565
176,77.8,4.57475233078003
177,78.0,114.289604187012
178,78.1,299.332183837891
179,78.3,31.939603805542
180,78.5,0.929537951946259
181,78.7,0.404950499534607
182,78.9,24.0308589935303
183,79.1,456.989105224609
184,79.2,156.339767456055
185,79.4,0.665676593780518
186,79.6,0.264851480722427
187,79.8,7.89174938201904
188,80.0,65.5018157958984
189,80.1,57.2100677490234
190,80.2,70.2769012451172
191,80.4,6.43085813522339
192,80.5,2.00099015235901
193,80.7,0.736633658409119
194,80.9,27.000825881958
195,81.1,354.841735839844
196,81.2,206.369964599609
197,81.4,8.00792121887207
198,81.6,8.54851531982422
199,81.8,26.5547847747803
200,82.0,143.023101806641
201,82.2,234.863037109375
202,82.3,66.3948822021484
203,82.5,15.9216175079346
204,82.8,21.7052803039551
205,83.0,106.417488098145
206,83.2,292.936309814453
207,83.3,61.110725402832
208,83.5,4.03861379623413
209,83.7,8.2551155090332
210,83.9,37.1975250244141
211,84.1,153.442077636719
212,84.2,117.091751098633
213,84.4,10.3369636535645
214,84.7,3.19851493835449
215,84.8,4.92029714584351
216,85.0,81.1100692749023
217,85.1,107.791091918945
218,85.2,153.71418762207
219,85.4,8.28778839111328
220,85.7,3.51518154144287
221,85.9,28.3057746887207
222,86.1,79.8678207397461
223,86.2,52.0452156066895
224,86.4,6.10742568969727
225,86.7,2.49158406257629
226,86.9,33.8554458618164
227,87.1,254.638610839844
228,87.2,115.027557373047
229,87.4,7.70082521438599
230,87.7,6.34983491897583
231,87.9,54.5962028503418
232,88.1,197.886306762695
233,88.2,99.0636978149414
234,88.4,5.46336650848389
235,88.5,5.08135318756104
236,88.8,12.7044553756714
237,89.0,202.290435791016
238,89.1,278.340423583984
239,89.3,20.578218460083
240,89.4,5.09125423431396
241,89.6,2.16534662246704
242,89.8,20.043399810791
243,89.9,23.8061046600342
244,90.1,60.8239288330078
245,90.2,28.9894390106201
246,90.3,26.1731014251709
247,90.5,3.74570965766907
248,90.8,5.4963698387146
249,91.0,136.539932250977
250,91.1,580.2724609375
251,91.3,31.8960399627686
252,91.6,1.42425739765167
253,91.8,8.92953777313232
254,92.0,70.6457061767578
255,92.1,92.6945571899414
256,92.2,90.812873840332
257,92.4,8.63531398773193
258,92.6,1.85445547103882
259,92.8,9.82623767852783
260,93.0,68.3971939086914
261,93.2,125.090927124023
262,93.3,68.1397705078125
263,93.5,28.4151821136475
264,93.7,17.1325073242188
265,93.9,64.8212890625
266,94.1,141.103790283203
267,94.2,116.882179260254
268,94.5,89.5623779296875
269,94.6,40.8737640380859
270,94.8,83.2709579467773
271,95.0,127.925079345703
272,95.2,197.73844909668
273,95.3,51.355281829834
274,95.5,1.39339935779572
275,95.7,2.27739262580872
276,95.9,23.5772285461426
277,96.1,1697.88732910156
278,96.2,354.387298583984
279,96.4,5.49818468093872
280,96.7,7.39818477630615
281,96.9,155.105606079102
282,97.1,276.635986328125
283,97.2,172.429870605469
284,97.4,10.284818649292
285,97.6,2.35528063774109
286,97.8,17.0044555664063
287,98.0,107.85676574707
288,98.1,106.813034057617
289,98.2,123.646041870117
290,98.4,7.357590675354
291,98.6,5.32425737380981
292,98.8,11.4077558517456
293,98.9,26.5412540435791
294,99.1,121.027061462402
295,99.2,91.8171615600586
296,99.4,9.3848180770874
297,99.5,7.52211236953735
298,99.7,5.08003282546997
299,99.9,42.5871276855469
300,100.1,133.4169921875
301,100.2,105.702308654785
302,100.4,20.4514846801758
303,100.6,2.79669976234436
304,100.8,19.1613864898682
305,101.0,140.772445678711
306,101.1,122.394882202148
307,101.2,128.688613891602
308,101.4,12.5183172225952
309,101.7,10.9351482391357
310,101.9,63.1990089416504
311,102.1,143.427551269531
312,102.2,55.950496673584
313,102.3,33.3396034240723
314,102.5,3.16617155075073
315,102.7,5.09471940994263
316,102.9,64.7782211303711
317,103.1,455.763702392578
318,103.2,93.9405975341797
319,103.4,6.0036301612854
320,103.7,7.39785480499268
321,103.9,60.810230255127
322,104.0,84.2666702270508
323,104.1,197.861053466797
324,104.3,31.0311889648438
325,104.5,2.73316836357117
326,104.7,3.48828387260437
327,104.9,41.9669952392578
328,105.1,357.486968994141
329,105.2,194.46435546875
330,105.4,17.3328380584717
331,105.7,15.0112209320068
332,105.9,54.7151832580566
333,106.1,114.772445678711
334,106.2,67.9026412963867
335,106.3,77.6067657470703
336,106.6,56.6008262634277
337,106.8,74.3387756347656
338,107.0,146.045547485352
339,107.2,185.567993164063
340,107.3,87.4287109375
341,107.6,28.568977355957
342,107.8,46.4668312072754
343,108.0,78.4556121826172
344,108.1,53.8440589904785
345,108.2,87.3437271118164
346,108.4,21.1409244537354
347,108.5,19.886302947998
348,108.7,9.12145233154297
349,108.9,55.5415840148926
350,109.0,73.2118835449219
351,109.2,174.110397338867
352,109.3,57.2688102722168
353,109.6,10.7554454803467
354,109.8,22.8077564239502
355,110.0,93.1516494750977
356,110.2,129.376403808594
357,110.3,32.4277229309082
358,110.4,19.9262371063232
359,110.6,5.107590675354
360,110.8,16.6826725006104
361,111.0,92.4207916259766
362,111.2,167.325241088867
363,111.3,54.9112205505371
364,111.5,10.9618816375732
365,111.8,21.9605617523193
366,111.9,37.267822265625
367,112.1,144.120620727539
368,112.2,133.053802490234
369,112.4,30.2610569000244
370,112.6,5.12557744979858
371,112.8,19.6915836334229
372,113.0,146.910064697266
373,113.1,152.023101806641
374,113.2,167.315353393555
375,113.4,11.0377883911133
376,113.5,11.2760725021362
377,113.7,8.4910888671875
378,113.9,60.1552810668945
379,114.1,109.811386108398
380,114.2,81.9222793579102
381,114.4,14.8465347290039
382,114.6,1.09191417694092
383,114.8,5.67788791656494
384,115.0,220.065505981445
385,115.1,583.632995605469
386,115.3,27.4166660308838
387,115.6,1.75396037101746
388,115.8,22.414192199707
389,116.0,114.984489440918
390,116.2,163.697525024414
391,116.3,36.6503295898438
392,116.5,5.17161703109741
393,116.8,10.0254125595093
394,117.0,159.990600585938
395,117.1,332.556091308594
396,117.3,47.8193054199219
397,117.5,10.6198015213013
398,117.8,30.1457099914551
399,118.0,104.40495300293
400,118.2,156.834655761719
401,118.3,84.6245880126953
402,118.5,31.5211219787598
403,118.8,31.2724418640137
404,119.0,308.100006103516
405,119.1,448.597534179688
406,119.3,72.6529693603516
407,119.6,19.3234329223633
408,119.8,83.5265655517578
409,120.0,110.944389343262
410,120.2,117.775245666504
411,120.3,65.2244186401367
412,120.5,9.81683158874512
413,120.7,13.7211217880249
414,120.9,68.413200378418
415,121.1,214.516174316406
416,121.2,118.90495300293
417,121.4,12.9963693618774
418,121.6,3.72607254981995
419,121.8,23.4099006652832
420,122.0,92.3760757446289
421,122.1,134.927719116211
422,122.3,55.9965362548828
423,122.6,13.8105611801147
424,122.8,24.4861392974854
425,123.0,82.4067687988281
426,123.2,116.185150146484
427,123.3,43.3587455749512
428,123.4,43.0830039978027
429,123.6,14.5503301620483
430,123.8,42.887622833252
431,123.9,44.9051170349121
432,124.1,135.558258056641
433,124.2,100.907920837402
434,124.4,14.7339935302734
435,124.5,9.25412559509277
436,124.7,4.10495042800903
437,124.9,56.8612213134766
438,125.1,290.160552978516
439,125.2,181.859573364258
440,125.4,12.961220741272
441,125.6,12.0592412948608
442,125.8,25.6844882965088
443,126.0,174.740753173828
444,126.2,278.262878417969
445,126.3,69.7963714599609
446,126.5,11.6343231201172
447,126.7,8.62079238891602
448,126.9,68.735481262207
449,127.1,179.577392578125
450,127.2,142.263702392578
451,127.4,27.561056137085
452,127.7,12.6473598480225
453,127.9,59.5777244567871
454,128.1,337.114837646484
455,128.2,125.012046813965
456,128.3,57.0065994262695
457,128.5,6.14768981933594
458,128.8,11.9909238815308
459,129.0,126.578056335449
460,129.1,147.362701416016
461,129.2,176.962203979492
462,129.4,12.8727722167969
463,129.6,9.70214557647705
464,129.7,7.85792064666748
465,129.9,58.2287139892578
466,130.1,108.246208190918
467,130.2,67.4927368164063
468,130.3,86.1348190307617
469,130.5,19.5054454803467
470,130.7,25.1579208374023
471,130.9,78.4072570800781
472,131.1,229.275253295898
473,131.2,123.027061462402
474,131.3,138.76106262207
475,131.5,63.0209579467773
476,131.8,110.925575256348
477,132.0,153.422607421875
478,132.1,68.2577590942383
479,132.2,102.640266418457
480,132.4,10.0268974304199
481,132.5,2.29950499534607
482,132.8,6.13102293014526
483,133.0,450.804138183594
484,133.1,1570.18957519531
485,133.3,15.301155090332
486,133.5,0.981023073196411
487,133.7,4.06666660308838
488,133.9,96.7183151245117
489,134.1,345.602630615234
490,134.2,154.407592773438
491,134.4,10.0910892486572
492,134.7,3.65990090370178
493,134.9,31.732177734375
494,135.1,596.202331542969
495,135.2,239.54670715332
496,135.4,5.77491760253906
497,135.6,1.21072602272034
498,135.8,20.2188110351563
499,135.9,43.0478553771973
500,136.1,160.534484863281
501,136.2,115.728385925293
502,136.4,22.7359733581543
503,136.6,2.74471950531006
504,136.8,12.5902643203735
505,137.0,175.032501220703
506,137.1,344.171295166016
507,137.3,46.2481842041016
508,137.5,2.49290418624878
509,137.7,8.55891132354736
510,137.9,63.5011558532715
511,138.0,96.0714492797852
512,138.2,223.210891723633
513,138.3,64.3501663208008
514,138.4,23.2567653656006
515,138.7,8.89884471893311
516,138.9,58.2211227416992
517,139.1,294.628387451172
518,139.2,192.929046630859
519,139.4,17.7107257843018
520,139.7,15.5947198867798
521,139.9,62.6504936218262
522,140.1,102.872108459473
523,140.2,62.0173263549805
524,140.3,72.8102340698242
525,140.5,16.1371288299561
526,140.7,26.2132015228271
527,140.8,25.6054458618164
528,141.0,141.110397338867
529,141.2,245.16667175293
530,141.3,78.079704284668
531,141.6,13.7603960037231
532,141.8,28.0849838256836
533,142.0,99.2699661254883
534,142.2,155.478210449219
535,142.3,82.6110534667969
536,142.5,19.5369644165039
537,142.7,29.6536312103271
538,142.9,71.4914169311523
539,143.1,103.817825317383
540,143.3,124.721122741699
541,143.4,52.0267333984375
542,143.6,77.2565994262695
543,143.8,78.4122085571289
544,144.0,109.638610839844
545,144.1,57.4631996154785
546,144.3,122.992408752441
547,144.4,76.151481628418
548,144.7,42.9783821105957
549,144.8,43.0734329223633
550,145.0,164.555603027344
551,145.1,100.549011230469
552,145.2,164.558090209961
553,145.4,33.2798690795898
554,145.7,22.3412532806396
555,145.9,82.6024780273438
556,146.1,142.038940429688
557,146.2,100.142570495605
558,146.4,9.6313533782959
559,146.7,2.36518144607544
560,146.9,23.2615509033203
561,147.0,193.938446044922
562,147.1,1220.09521484375
563,147.3,16.9755783081055
564,147.5,2.26798677444458
565,147.8,12.8782176971436
566,147.9,47.7731018066406
567,148.1,283.018493652344
568,148.2,181.878707885742
569,148.4,18.6759071350098
570,148.6,3.02128720283508
571,148.8,14.3432340621948
572,148.9,48.4830017089844
573,149.1,442.188598632813
574,149.2,186.335311889648
575,149.4,5.74867963790894
576,149.6,5.25825071334839
577,149.8,17.326732635498
578,150.0,186.040756225586
579,150.1,338.147857666016
580,150.3,61.9331665039063
581,150.4,20.8871288299561
582,150.7,8.92029666900635
583,150.9,64.5331649780273
584,151.1,389.665832519531
585,151.2,241.704788208008
586,151.4,18.7264022827148
587,151.7,10.3306932449341
588,151.9,61.1415824890137
589,152.1,372.277709960938
590,152.2,238.426406860352
591,152.4,15.1709575653076
592,152.5,11.2077560424805
593,152.8,29.6419143676758
594,153.0,151.803131103516
595,153.1,234.045211791992
596,153.3,48.4486808776855
597,153.4,18.5282173156738
598,153.6,4.45082521438599
599,153.8,22.8219470977783
600,154.0,105.438117980957
601,154.2,205.252639770508
602,154.3,56.0605621337891
603,154.4,42.7000007629395
604,154.6,8.25016498565674
605,154.8,36.0414199829102
606,155.0,123.436965942383
607,155.1,78.0518188476563
608,155.3,161.312545776367
609,155.4,55.5927391052246
610,155.6,58.3094062805176
611,155.7,30.4300327301025
612,155.9,93.9491729736328
613,156.0,42.7107276916504
614,156.2,90.3310241699219
615,156.4,121.380195617676
616,156.5,105.907424926758
617,156.8,122.249008178711
618,157.0,155.580368041992
619,157.1,68.0651779174805
620,157.3,153.215179443359
621,157.4,83.8231048583984
622,157.7,45.3270645141602
623,157.9,117.560394287109
624,158.1,153.629379272461
625,158.2,133.13151550293
626,158.4,29.2653465270996
627,158.5,25.0985145568848
628,158.8,38.6679878234863
629,159.0,124.662048339844
630,159.2,157.305114746094
631,159.3,89.5247497558594
632,159.5,14.7767324447632
633,159.7,27.7612209320068
634,159.9,69.8176574707031
635,160.1,111.701484680176
636,160.3,100.762214660645
637,160.4,23.1191425323486
638,160.5,14.736798286438
639,160.8,24.2231025695801
640,161.0,249.780853271484
641,161.1,298.434326171875
642,161.3,33.9707908630371
643,161.5,2.30726075172424
644,161.7,9.05676555633545
645,161.9,64.3712844848633
646,162.1,310.069458007813
647,162.2,203.433670043945
648,162.4,18.5498352050781
649,162.7,5.31617164611816
650,162.9,55.4572601318359
651,163.1,867.193237304688
652,163.2,228.426895141602
653,163.4,3.69818472862244
654,163.6,4.35115528106689
655,163.8,34.8968658447266
656,164.0,208.602478027344
657,164.1,252.564514160156
658,164.3,82.5853118896484
659,164.5,8.6947193145752
660,164.8,11.205940246582
661,165.0,270.986633300781
662,165.1,608.603149414063
663,165.3,28.775411605835
664,165.4,4.61815166473389
665,165.6,1.35907590389252
666,165.8,18.9739265441895
667,166.0,154.803298950195
668,166.2,251.061050415039
669,166.3,66.5777206420898
670,166.5,7.75181531906128
671,166.7,16.4412536621094
672,166.9,61.2971954345703
673,167.1,180.758255004883
674,167.2,96.9632034301758
675,167.3,83.7264022827148
676,167.5,15.3232669830322
677,167.7,26.0533008575439
678,167.9,70.2330017089844
679,168.1,106.798347473145
680,168.3,116.705940246582
681,168.4,98.1754150390625
682,168.6,33.1912536621094
683,168.8,92.1995086669922
684,169.0,119.594718933105
685,169.2,117.761222839355
686,169.3,68.4232635498047
687,169.4,97.944221496582
688,169.7,61.5181503295898
689,169.9,145.193557739258
690,170.1,140.779037475586
691,170.2,75.9369659423828
692,170.3,93.7270660400391
693,170.5,15.6130361557007
694,170.7,21.8400993347168
695,170.9,78.2247543334961
696,171.1,170.272445678711
697,171.3,160.14306640625
698,171.4,27.3831691741943
699,171.5,22.1561050415039
700,171.8,40.7108917236328
701,171.9,40.3735961914063
702,172.1,99.6519775390625
703,172.2,57.4521446228027
704,172.3,78.7178192138672
705,172.5,18.4417495727539
706,172.7,28.463695526123
707,172.9,74.9475250244141
708,173.1,115.977890014648
709,173.2,113.456268310547
710,173.4,25.171947479248
711,173.5,22.3387794494629
712,173.7,10.4206266403198
713,173.9,69.3349838256836
714,174.1,163.683670043945
715,174.2,110.825744628906
716,174.4,13.3628711700439
717,174.5,8.51122093200684
718,174.7,4.98630380630493
719,174.9,48.0580863952637
720,175.1,210.395538330078
721,175.2,132.657913208008
722,175.4,15.0792083740234
723,175.7,5.03960418701172
724,175.9,43.291748046875
725,176.1,384.822113037109
726,176.2,133.659896850586
727,176.3,36.0277214050293
728,176.5,3.32854795455933
729,176.7,1.63069307804108
730,176.9,40.6153450012207
731,177.1,963.781494140625
732,177.2,63.3745880126953
733,177.3,11.1264028549194
734,177.5,0.956270635128021
735,177.7,2.57392740249634
736,177.9,43.869140625
737,178.1,408.759735107422
738,178.2,177.806930541992
739,178.4,8.14141941070557
740,178.7,2.73828387260437
741,178.9,32.6262359619141
742,179.1,493.425903320313
743,179.2,151.341247558594
744,179.4,5.76584148406982
745,179.7,4.39257431030273
746,179.8,11.9580860137939
747,180.0,110.338119506836
748,180.2,187.919967651367
749,180.3,55.051815032959
750,180.5,9.62277221679688
751,180.8,17.1785469055176
752,180.9,33.5438957214355
753,181.1,215.361389160156
754,181.2,166.86865234375
755,181.4,18.9990100860596
756,181.6,5.65363025665283
757,181.8,24.4491748809814
758,182.0,96.0382843017578
759,182.2,151.367660522461
760,182.3,58.2590751647949
761,182.6,11.6694717407227
762,182.7,6.64653444290161
763,182.9,39.2018165588379
764,183.1,104.909072875977
765,183.2,95.6445541381836
766,183.4,20.9107265472412
767,183.6,3.64059400558472
768,183.8,17.4285469055176
769,184.0,69.3537979125977
770,184.2,109.395378112793
771,184.3,34.613697052002
772,184.4,18.4297027587891
773,184.7,9.23019790649414
774,184.9,33.6249160766602
775,185.1,111.487785339355
776,185.2,97.6280517578125
777,185.4,13.0632009506226
778,185.6,10.2534656524658
779,185.8,17.0521450042725
780,186.0,76.3455429077148
781,186.1,59.3194732666016
782,186.2,91.449836730957
783,186.4,11.2521448135376
784,186.5,5.48960399627686
785,186.7,2.13745880126953
786,186.9,27.5912532806396
787,187.0,66.6701354980469
788,187.1,210.478378295898
789,187.3,34.1311874389648
790,187.5,4.68118810653687
791,187.8,11.461220741272
792,188.0,73.8004913330078
793,188.1,73.5755767822266
794,188.2,98.7028045654297
795,188.4,10.4894390106201
796,188.7,2.20247530937195
797,188.9,17.6054458618164
798,189.1,478.769134521484
799,189.2,244.969299316406
800,189.4,3.48960399627686
801,189.7,2.25858092308044
802,189.9,23.3976898193359
803,190.1,202.733337402344
804,190.2,125.462707519531
805,190.4,3.63795375823975
806,190.7,1.95775580406189
807,190.9,18.9229373931885
808,191.1,2477.09545898438
809,191.2,60.1064338684082
810,191.4,2.55313539505005
811,191.7,1.51270627975464
812,191.9,23.0826740264893
813,192.1,595.043579101563
814,192.2,131.605438232422
815,192.4,4.03976917266846
816,192.7,2.25907588005066
817,192.9,26.8064365386963
818,193.1,1888.4443359375
819,193.2,105.368644714355
820,193.3,10.3722772598267
821,193.6,1.01221120357513
822,193.8,5.74191427230835
823,194.0,141.110061645508
824,194.1,298.952301025391
825,194.2,153.698348999023
826,194.4,4.53828382492065
827,194.7,1.8460396528244
828,194.9,24.1466999053955
829,195.1,350.90576171875
830,195.2,140.47541809082
831,195.4,3.07343244552612
832,195.6,1.62772274017334
833,195.8,6.51138591766357
834,196.0,74.1971969604492
835,196.2,154.222930908203
836,196.3,39.1666679382324
837,196.5,3.71419143676758
838,196.8,6.77953815460205
839,196.9,16.5656757354736
840,197.1,162.630859375
841,197.2,120.004623413086
842,197.4,7.60132026672363
843,197.7,3.60429048538208
844,197.9,23.9293727874756
845,198.1,126.111717224121
846,198.2,88.6511535644531
847,198.4,7.61930704116821
848,198.7,3.52392745018005
849,198.9,23.0544548034668
850,199.0,41.8008232116699
851,199.2,122.941581726074
852,199.3,27.9171619415283
853,199.4,9.53877925872803
854,199.6,1.50099015235901
855,199.8,5.48630380630493
856,200.0,82.5721130371094
857,200.1,249.651321411133
858,200.3,25.9039611816406
859,200.4,6.16237640380859
860,200.6,0.893894374370575
861,200.8,5.61386156082153
862,201.0,71.4910888671875
863,201.2,193.280532836914
864,201.3,29.5863037109375
865,201.5,2.56105613708496
866,201.8,4.13102293014526
867,202.0,71.3226089477539
868,202.2,456.912872314453
869,202.3,31.1914196014404
870,202.4,3.9211220741272
871,202.7,1.39488446712494
872,202.9,17.2419147491455
873,203.1,262.768310546875
874,203.2,146.150665283203
875,203.4,4.10528039932251
876,203.7,2.41980195045471
877,203.9,18.6706275939941
878,204.1,124.480033874512
879,204.2,102.352310180664
880,204.4,8.2100658416748
881,204.7,1.82722771167755
882,204.9,16.5914192199707
883,205.1,315.197021484375
884,205.2,136.073760986328
885,205.4,3.60330033302307
886,205.7,1.90957093238831
887,205.9,19.8838291168213
888,206.1,86.9197998046875
889,206.2,22.6892738342285
890,206.4,1.65198016166687
891,206.5,0.719141900539398
892,206.8,2.36402630805969
893,207.0,81.1846542358398
894,207.1,21877.6796875
895,207.3,8.92904281616211
896,207.5,0.0176567658782005
897,207.7,0.656930685043335
898,207.9,10.8818483352661
899,208.1,4621.0390625
900,208.2,166.601318359375
901,208.4,2.61336636543274
902,208.7,1.50198018550873
903,208.9,12.2178220748901
904,209.1,2837.72729492188
905,209.2,211.239440917969
906,209.4,2.05643558502197
907,209.6,0.220627069473267
908,209.8,2.96782183647156
909,210.0,119.22095489502
910,210.1,548.340087890625
911,210.3,15.5902643203735
912,210.6,1.07805275917053
913,210.8,4.31056118011475
914,211.0,105.64917755127
915,211.1,429.634490966797
916,211.3,21.0161724090576
917,211.5,1.19504952430725
918,211.8,4.03415822982788
919,211.9,13.0455446243286
920,212.1,157.858749389648
921,212.2,109.366172790527
922,212.4,5.50231027603149
923,212.7,2.03630352020264
924,212.9,11.3798675537109
925,213.1,261.045043945313
926,213.2,185.263702392578
927,213.4,3.71551156044006
928,213.6,1.40940594673157
929,213.7,0.819966971874237
930,213.9,13.7859735488892
931,214.1,149.20198059082
932,214.2,114.597526550293
933,214.4,4.67574262619019
934,214.5,1.91600656509399
935,214.8,3.43910884857178
936,215.0,56.5297012329102
937,215.1,175.882507324219
938,215.2,204.417327880859
939,215.4,3.94273924827576
940,215.6,0.847194731235504
941,215.8,3.69834995269775
942,216.0,60.6394386291504
943,216.1,103.453628540039
944,216.2,125.177230834961
945,216.4,5.29092407226563
946,216.7,2.12557744979858
947,216.9,14.0991744995117
948,217.1,123.11336517334
949,217.2,79.6740951538086
950,217.3,34.1085815429688
951,217.5,1.32211220264435
952,217.7,1.98019802570343
953,217.9,13.3369636535645
954,218.1,179.756759643555
955,218.2,151.233337402344
956,218.4,6.74884510040283
957,218.7,1.81270623207092
958,218.8,3.08795380592346
959,219.0,61.0887794494629
960,219.2,267.025909423828
961,219.3,30.1709575653076
962,219.5,2.09570956230164
963,219.8,4.9564356803894
964,220.0,51.5806922912598
965,220.2,149.505783081055
966,220.3,33.1234321594238
967,220.5,1.27293729782104
968,220.7,1.61798679828644
969,220.9,10.1412544250488
970,221.1,495.607604980469
971,221.2,397.775421142578
972,221.4,4.53894376754761
973,221.7,1.4021452665329
974,221.9,10.5343236923218
975,222.1,197.089431762695
976,222.2,168.533828735352
977,222.4,4.86864709854126
978,222.5,2.22937297821045
979,222.7,1.10264027118683
980,222.9,15.5942239761353
981,223.1,264.510223388672
982,223.2,151.880035400391
983,223.4,3.68267321586609
984,223.7,1.73762381076813
985,223.9,13.3224420547485
986,224.1,231.877227783203
987,224.2,160.541259765625
988,224.4,4.29059410095215
989,224.7,1.91749179363251
990,224.9,10.8554458618164
991,225.1,244.670791625977
992,225.2,161.610565185547
993,225.4,3.31848192214966
994,225.7,1.54884493350983
995,225.9,11.1209573745728
996,226.1,289.766174316406
997,226.2,189.900329589844
998,226.3,27.8801975250244
999,226.5,1.06699669361115
1000,226.8,2.75247526168823
1001,227.0,60.9392738342285
1002,227.2,262.1787109375
1003,227.3,31.2171611785889
1004,227.5,0.934488475322723
1005,227.7,1.58003294467926
1006,227.9,11.4674921035767
1007,228.1,198.150497436523
1008,228.2,157.783004760742
1009,228.4,3.33036303520203
1010,228.6,1.62062704563141
1011,228.7,0.977062702178955
1012,228.9,13.6924095153809
1013,229.1,163.355438232422
1014,229.2,137.024261474609
1015,229.4,5.55709552764893
1016,229.6,1.06204617023468
1017,229.8,3.67854785919189
1018,230.0,58.3861389160156
1019,230.1,102.557258605957
1020,230.2,119.140098571777
1021,230.4,7.226402759552
1022,230.6,1.84768974781036
1023,230.9,13.0777225494385
1024,231.1,206.07112121582
1025,231.2,200.638290405273
1026,231.4,5.49554443359375
1027,231.7,1.33976900577545
1028,231.9,11.7141914367676
1029,232.1,171.385482788086
1030,232.2,161.586135864258
1031,232.4,4.63910913467407
1032,232.6,1.55495047569275
1033,232.8,2.86749172210693
1034,233.0,48.4437294006348
1035,233.2,233.569808959961
1036,233.3,35.7542915344238
1037,233.5,1.55495047569275
1038,233.8,3.67145204544067
1039,234.0,57.2179870605469
1040,234.2,243.544891357422
1041,234.3,32.8394393920898
1042,234.5,1.28547859191895
1043,234.7,2.23778867721558
1044,234.9,16.1372928619385
1045,235.1,236.858581542969
1046,235.2,125.847358703613
1047,235.4,3.50247526168823
1048,235.7,2.01980209350586
1049,235.9,14.5693073272705
1050,236.1,178.826736450195
1051,236.2,128.72673034668
1052,236.4,5.18861389160156
1053,236.7,1.89620459079742
1054,236.9,11.4826736450195
1055,237.1,286.838775634766
1056,237.2,191.551483154297
1057,237.4,3.12706279754639
1058,237.7,1.55181515216827
1059,237.9,13.8404293060303
1060,238.1,175.827224731445
1061,238.2,145.237121582031
1062,238.4,5.06600666046143
1063,238.6,0.659075915813446
1064,238.8,3.01798677444458
1065,239.0,49.5579223632813
1066,239.1,263.511383056641
1067,239.2,308.604278564453
1068,239.4,3.43415832519531
1069,239.5,1.64999997615814
1070,239.7,0.746039628982544
1071,239.9,9.80280494689941
1072,240.1,183.663528442383
1073,240.2,164.74983215332
1074,240.4,3.9244225025177
1075,240.7,1.55643558502197
1076,240.9,12.8570957183838
1077,241.1,150.91716003418
1078,241.2,94.0386123657227
1079,241.3,35.0770645141602
1080,241.6,2.31782174110413
1081,241.7,1.24009895324707
1082,241.9,12.4132013320923
1083,242.1,170.361557006836
1084,242.2,141.901321411133
1085,242.4,6.00759077072144
1086,242.6,0.823432326316833
1087,242.8,3.62409234046936
1088,243.0,49.4950485229492
1089,243.2,178.165679931641
1090,243.3,28.5805282592773
1091,243.4,5.43102312088013
1092,243.7,1.93960392475128
1093,243.9,11.7297029495239
1094,244.1,139.443237304688
1095,244.2,128.307418823242
1096,244.4,6.76897668838501
1097,244.6,1.7935643196106
1098,244.9,8.86155128479004
1099,245.1,190.420303344727
1100,245.2,184.094055175781
1101,245.4,4.90891075134277
1102,245.7,0.98646867275238
1103,245.8,2.05148506164551
1104,246.0,44.9165000915527
1105,246.2,267.617340087891
1106,246.3,38.7033004760742
1107,246.5,1.835808634758
1108,246.8,2.44042897224426
1109,247.0,44.3198013305664
1110,247.2,646.932861328125
1111,247.3,27.7283821105957
1112,247.4,4.35726070404053
1113,247.7,1.32277226448059
1114,247.8,1.92260730266571
1115,248.0,51.3138618469238
1116,248.2,690.33349609375
1117,248.3,33.4272270202637
1118,248.6,2.05726075172424
1119,248.7,1.39669966697693
1120,248.9,16.8292083740234
1121,249.1,783.731018066406
1122,249.2,133.540100097656
1123,249.4,2.58382844924927
1124,249.6,0.587128698825836
1125,249.8,3.23795390129089
1126,250.0,84.413200378418
1127,250.1,354.868316650391
1128,250.2,255.279037475586
1129,250.4,2.85280537605286
1130,250.7,2.33498358726501
1131,250.9,18.0612201690674
1132,251.1,552.435119628906
1133,251.2,129.11897277832
1134,251.4,2.09752464294434
1135,251.6,0.749174892902374
1136,251.8,2.97640252113342
1137,252.0,56.4336624145508
1138,252.2,526.886108398438
1139,252.3,28.5841579437256
1140,252.6,1.92557752132416
1141,252.8,4.62458753585815
1142,252.9,10.1605606079102
1143,253.1,393.352630615234
1144,253.2,238.883834838867
1145,253.4,2.43663358688354
1146,253.7,1.54587459564209
1147,253.9,14.3399343490601
1148,254.1,202.283493041992
1149,254.2,122.499336242676
1150,254.3,32.1153450012207
1151,254.6,1.9313530921936
1152,254.8,3.40132021903992
1153,255.0,61.6665000915527
1154,255.2,291.556945800781
1155,255.3,22.1645221710205
1156,255.4,3.98844885826111
1157,255.7,1.57524752616882
1158,255.9,9.56749153137207
1159,256.0,37.036304473877
1160,256.2,254.212707519531
1161,256.3,46.0717811584473
1162,256.5,2.22953796386719
1163,256.8,3.27722764015198
1164,257.0,44.5513191223145
1165,257.2,193.727066040039
1166,257.3,35.2636947631836
1167,257.5,1.52095711231232
1168,257.7,1.76617157459259
1169,257.9,11.9983501434326
1170,258.1,182.177398681641
1171,258.2,176.125900268555
1172,258.4,5.90742588043213
1173,258.7,1.39488446712494
1174,258.8,1.95891094207764
1175,259.0,45.605281829834
1176,259.1,149.081512451172
1177,259.2,209.70329284668
1178,259.4,5.24917507171631
1179,259.5,2.24026393890381
1180,259.7,1.17557752132416
1181,259.9,8.67079162597656
1182,260.1,171.117980957031
1183,260.2,197.937957763672
1184,260.4,5.82673263549805
1185,260.5,2.35841584205627
1186,260.8,2.38960385322571
1187,261.0,42.0740928649902
1188,261.2,557.695556640625
1189,261.3,35.2783813476563
1190,261.5,1.55907595157623
1191,261.8,2.09966993331909
1192,261.9,5.32491731643677
1193,262.1,293.247680664063
1194,262.2,515.15478515625
1195,262.4,4.29455423355103
1196,262.6,0.603960394859314
1197,262.8,2.40082502365112
1198,263.0,42.6929054260254
1199,263.2,560.855102539063
1200,263.3,30.9811878204346
1201,263.5,2.01138615608215
1202,263.8,2.10132002830505
1203,264.0,42.5651817321777
1204,264.2,482.204772949219
1205,264.3,42.5075912475586
1206,264.5,1.89059400558472
1207,264.8,4.56155109405518
1208,265.0,103.800491333008
1209,265.1,952.691101074219
1210,265.3,11.0724420547485
1211,265.5,1.31501650810242
1212,265.8,2.93349838256836
1213,265.9,8.62079238891602
1214,266.1,334.875732421875
1215,266.2,210.789443969727
1216,266.3,26.0222778320313
1217,266.5,1.65313529968262
1218,266.8,7.18036317825317
1219,267.0,215.862548828125
1220,267.1,1241.41796875
1221,267.3,8.47986793518066
1222,267.4,2.72805285453796
1223,267.6,0.508415818214417
1224,267.8,4.1224422454834
1225,268.0,100.064353942871
1226,268.1,713.031005859375
1227,268.3,16.7496700286865
1228,268.6,1.71600663661957
1229,268.8,4.55561065673828
1230,269.0,92.2831649780273
1231,269.1,609.499694824219
1232,269.3,18.8417491912842
1233,269.4,3.39521455764771
1234,269.6,0.476072609424591
1235,269.8,3.01006603240967
1236,270.0,52.3343238830566
1237,270.2,345.567993164063
1238,270.3,35.0207939147949
1239,270.6,2.04999995231628
1240,270.8,3.33712863922119
1241,271.0,59.9290428161621
1242,271.1,160.479370117188
1243,271.2,196.985641479492
1244,271.4,4.8900990486145
1245,271.7,1.51303625106812
1246,271.8,2.17046213150024
1247,272.0,47.7528038024902
1248,272.2,345.101989746094
1249,272.3,41.7409248352051
1250,272.5,1.54966998100281
1251,272.8,2.66617155075073
1252,273.0,39.0983505249023
1253,273.1,157.492416381836
1254,273.2,247.002807617188
1255,273.4,3.04669976234436
1256,273.5,2.27244234085083
1257,273.7,0.791584134101868
1258,273.9,9.52623748779297
1259,274.1,212.094055175781
1260,274.2,220.74983215332
1261,274.3,39.8793716430664
1262,274.6,1.63696372509003
1263,274.7,0.984488427639008
1264,274.9,8.47706317901611
1265,275.0,28.8524761199951
1266,275.2,366.39208984375
1267,275.3,42.803466796875
1268,275.6,1.70445549488068
1269,275.8,1.83729374408722
1270,276.0,35.2214508056641
1271,276.1,219.033493041992
1272,276.2,494.854278564453
1273,276.4,4.57046222686768
1274,276.6,0.505610585212708
1275,276.8,2.1400990486145
1276,277.0,35.6788787841797
1277,277.2,405.369812011719
1278,277.3,45.578052520752
1279,277.5,0.971617162227631
1280,277.7,1.16798675060272
1281,277.9,6.93085813522339
1282,278.0,29.371452331543
1283,278.2,448.209747314453
1284,278.3,43.9404296875
1285,278.5,1.87458741664886
1286,278.8,2.56270623207092
1287,279.0,43.0188102722168
1288,279.2,374.669464111328
1289,279.3,44.6686477661133
1290,279.5,1.49323427677155
1291,279.8,2.3742573261261
1292,279.9,6.45577573776245
1293,280.1,133.151489257813
1294,280.2,133.734985351563
1295,280.4,1.16023099422455
1296,280.6,0.438943892717361
1297,280.8,3.98415851593018
1298,281.0,80.9575881958008
1299,281.1,9093.873046875
1300,281.3,15.3339929580688
1301,281.5,0.863201320171356
1302,281.7,0.636798679828644
1303,281.9,11.7605609893799
1304,282.1,2066.85815429688
1305,282.2,1143.61572265625
1306,282.3,18.2036304473877
1307,282.5,0.633168339729309
1308,282.7,1.40990102291107
1309,282.9,11.1169967651367
1310,283.0,49.3100662231445
1311,283.1,2123.64208984375
1312,283.3,14.4938945770264
1313,283.5,0.672607243061066
1314,283.7,1.32805275917053
1315,283.9,8.99719429016113
1316,284.1,442.066345214844
1317,284.2,421.254608154297
1318,284.4,3.49323439598083
1319,284.7,1.62788784503937
1320,284.8,2.97623753547668
1321,285.0,59.9750823974609
1322,285.2,568.849365234375
1323,285.3,36.0881195068359
1324,285.5,0.688448846340179
1325,285.7,1.40693068504333
1326,285.9,10.7133665084839
1327,286.1,207.06005859375
1328,286.2,256.307586669922
1329,286.4,4.71402645111084
1330,286.6,0.675907611846924
1331,286.8,2.75561046600342
1332,287.0,46.5536308288574
1333,287.2,501.018157958984
1334,287.3,37.5599021911621
1335,287.5,0.728217840194702
1336,287.7,1.53795385360718
1337,287.8,1.68630361557007
1338,288.0,37.0905952453613
1339,288.2,426.794891357422
1340,288.3,41.6310234069824
1341,288.4,4.54669952392578
1342,288.6,0.785808563232422
1343,288.8,2.4262375831604
1344,289.0,41.4264030456543
1345,289.2,432.446380615234
1346,289.3,49.9800338745117
1347,289.5,0.701485157012939
1348,289.7,1.45280528068542
1349,289.9,5.98036289215088
1350,290.0,28.7171611785889
1351,290.2,491.596862792969
1352,290.3,55.476734161377
1353,290.6,1.49884486198425
1354,290.7,0.764686465263367
1355,290.9,5.3790431022644
1356,291.1,173.39241027832
1357,291.2,245.438125610352
1358,291.4,5.32706260681152
1359,291.7,1.4925742149353
1360,291.9,6.03514862060547
1361,292.0,25.2094058990479
1362,292.2,365.647857666016
1363,292.3,47.7069320678711
1364,292.4,6.63333320617676
1365,292.7,1.80577552318573
1366,292.9,7.67194700241089
1367,293.1,160.807418823242
1368,293.2,206.5234375
1369,293.4,6.15181541442871
1370,293.6,1.53877890110016
1371,293.9,7.24785470962524
1372,294.1,314.241577148438
1373,294.2,267.865661621094
1374,294.3,47.7179870605469
1375,294.5,1.01897692680359
1376,294.7,1.35478544235229
1377,294.9,6.54983520507813
1378,295.1,261.316497802734
1379,295.2,449.201812744141
1380,295.4,5.64554452896118
1381,295.7,1.44884490966797
1382,295.8,1.196204662323
1383,296.0,30.9846534729004
1384,296.2,707.265502929688
1385,296.3,59.4221115112305
1386,296.5,1.61617159843445
1387,296.7,0.947524726390839
1388,296.9,6.92739295959473
1389,297.1,217.401977539063
1390,297.2,300.707427978516
1391,297.3,53.9293746948242
1392,297.5,2.30643558502197
1393,297.7,0.604290425777435
1394,297.9,6.50858068466187
1395,298.1,233.39289855957
1396,298.2,476.858245849609
1397,298.4,4.85065984725952
1398,298.6,0.58135312795639
1399,298.8,2.67310237884521
1400,298.9,6.65544557571411
1401,299.1,207.577056884766
1402,299.2,291.166656494141
1403,299.4,5.98943901062012
1404,299.6,0.528877913951874
1405,299.8,2.18762373924255
1406,299.9,5.81584167480469
1407,300.1,232.866668701172
1408,300.2,353.311553955078
1409,300.4,4.91468667984009
1410,300.7,1.5709570646286
1411,300.9,5.93300342559814
1412,301.1,200.585479736328
1413,301.2,290.126739501953
1414,301.4,4.86996698379517
1415,301.7,1.44504952430725
1416,301.9,4.71534633636475
1417,302.1,243.455947875977
1418,302.2,435.445861816406
1419,302.4,6.3937292098999
1420,302.7,1.21914196014404
1421,302.9,5.40099000930786
1422,303.1,204.852645874023
1423,303.2,257.336791992188
1424,303.3,66.4199676513672
1425,303.5,0.787953794002533
1426,303.7,1.46584153175354
1427,303.8,1.23696374893188
1428,304.0,31.336799621582
1429,304.2,524.704467773438
1430,304.3,71.7349853515625
1431,304.5,0.951155126094818
1432,304.7,1.20511555671692
1433,304.9,4.97920799255371
1434,305.1,176.326232910156
1435,305.2,239.919143676758
1436,305.3,73.0570983886719
1437,305.5,1.58019804954529
1438,305.7,0.586468636989594
1439,305.9,6.27524757385254
1440,306.0,30.8833332061768
1441,306.2,318.501495361328
1442,306.3,59.007755279541
1443,306.6,1.45231020450592
1444,306.8,1.76089107990265
1445,306.9,5.22887802124023
1446,307.1,141.807754516602
1447,307.2,165.753295898438
1448,307.3,57.9640274047852
1449,307.5,1.47260725498199
1450,307.7,1.37838280200958
1451,307.9,5.90396022796631
1452,308.1,172.876892089844
1453,308.2,252.193069458008
1454,308.4,5.31105613708496
1455,308.5,1.92508256435394
1456,308.7,0.791254103183746
1457,308.9,7.17244243621826
1458,309.0,26.2165012359619
1459,309.2,384.936126708984
1460,309.3,71.276237487793
1461,309.5,1.46914196014404
1462,309.8,1.84108912944794
1463,310.0,29.7183170318604
1464,310.2,452.945220947266
1465,310.3,81.9303665161133
1466,310.6,1.84257423877716
1467,310.8,2.75099015235901
1468,311.0,38.8004951477051
1469,311.1,178.169143676758
1470,311.2,319.342254638672
1471,311.4,3.18960404396057
1472,311.5,1.55990099906921
1473,311.8,2.47656774520874
1474,312.0,30.6828384399414
1475,312.2,570.901672363281
1476,312.3,69.2394409179688
1477,312.5,1.6001650094986
1478,312.8,2.18861389160156
1479,313.0,31.6622104644775
1480,313.2,574.376098632813
1481,313.3,66.7887802124023
1482,313.5,0.953960418701172
1483,313.7,1.11600661277771
1484,313.9,4.75082492828369
1485,314.1,196.422119140625
1486,314.2,336.632171630859
1487,314.4,5.37029695510864
1488,314.7,1.1762375831604
1489,314.9,5.4475245475769
1490,315.1,179.883010864258
1491,315.2,345.777221679688
1492,315.4,8.19273948669434
1493,315.6,0.426732659339905
1494,315.8,2.21320128440857
1495,316.0,20.6267318725586
1496,316.2,657.486633300781
1497,316.3,85.7914199829102
1498,316.5,0.94290429353714
1499,316.7,1.21881186962128
1500,316.8,1.16600656509399
1501,317.0,29.4272270202637
1502,317.2,425.406433105469
1503,317.3,85.4740905761719
1504,317.4,8.01815223693848
1505,317.6,0.783003270626068
1506,317.8,1.72920787334442
1507,318.0,23.4346542358398
1508,318.2,542.974426269531
1509,318.3,84.0432357788086
1510,318.5,1.65412545204163
1511,318.8,1.15016496181488
1512,319.0,29.7821788787842
1513,319.2,382.129364013672
1514,319.3,84.0237655639648
1515,319.5,1.09900987148285
1516,319.7,0.969306945800781
1517,319.9,5.9712872505188
1518,320.1,147.694717407227
1519,320.2,180.776565551758
1520,320.3,76.7815170288086
1521,320.5,1.10957098007202
1522,320.7,1.13250827789307
1523,320.9,6.06848192214966
1524,321.1,141.446197509766
1525,321.2,235.815673828125
1526,321.4,7.18613862991333
1527,321.6,1.21749174594879
1528,321.9,5.49372959136963
1529,322.1,193.016174316406
1530,322.2,292.776885986328
1531,322.4,6.00445556640625
1532,322.7,1.35198020935059
1533,322.9,6.19554471969604
1534,323.1,173.072280883789
1535,323.2,268.8212890625
1536,323.4,6.50346517562866
1537,323.7,1.30957090854645
1538,323.9,4.70297050476074
1539,324.1,225.913208007813
1540,324.2,388.800170898438
1541,324.3,72.5234298706055
1542,324.6,2.01567649841309
1543,324.7,1.68267321586609
1544,324.9,11.0750827789307
1545,325.1,316.095062255859
1546,325.2,257.351165771484
1547,325.3,42.0384483337402
1548,325.5,0.902475237846375
1549,325.7,1.34983503818512
1550,325.8,1.7592408657074
1551,326.0,26.2938938140869
1552,326.2,1357.59094238281
1553,326.3,76.9330062866211
1554,326.4,4.73333311080933
1555,326.6,1.1011551618576
1556,326.8,6.392409324646
1557,327.0,62.8976898193359
1558,327.1,459.61865234375
1559,327.2,561.596069335938
1560,327.4,3.91452145576477
1561,327.7,1.78399336338043
1562,327.9,8.72194766998291
1563,328.0,27.4900989532471
1564,328.2,769.567504882813
1565,328.3,80.9315185546875
1566,328.4,5.76138591766357
1567,328.7,1.81006598472595
1568,328.9,6.63745880126953
1569,329.1,239.282501220703
1570,329.2,395.212036132813
1571,329.4,6.93283843994141
1572,329.7,1.24686467647552
1573,329.9,4.55495071411133
1574,330.1,187.673431396484
1575,330.2,478.258087158203
1576,330.4,7.81798696517944
1577,330.5,2.25280523300171
1578,330.7,0.61419141292572
1579,330.9,5.56815195083618
1580,331.1,152.45329284668
1581,331.2,298.268157958984
1582,331.4,8.75940608978271
1583,331.5,2.08580851554871
1584,331.8,1.41914188861847
1585,332.0,27.3755779266357
1586,332.2,547.4296875
1587,332.3,108.51749420166
1588,332.5,0.927557766437531
1589,332.7,1.21089112758636
1590,332.9,4.57871294021606
1591,333.1,136.257583618164
1592,333.2,193.318145751953
1593,333.3,103.593070983887
1594,333.5,2.13052797317505
1595,333.8,1.90544557571411
1596,334.0,30.6597366333008
1597,334.2,324.744873046875
1598,334.3,74.7980194091797
1599,334.4,10.1618814468384
1600,334.6,0.619141936302185
1601,334.8,2.17739272117615
1602,334.9,4.36996698379517
1603,335.1,122.35082244873
1604,335.2,166.367324829102
1605,335.3,84.5666656494141
1606,335.5,2.03580856323242
1607,335.8,2.15346527099609
1608,336.0,26.7338275909424
1609,336.2,278.484832763672
1610,336.3,81.9356460571289
1611,336.5,1.60874593257904
1612,336.6,1.4651814699173
1613,336.9,5.44801998138428
1614,337.1,147.9521484375
1615,337.2,203.003463745117
1616,337.3,78.7430725097656
1617,337.5,1.68531358242035
1618,337.7,0.994554460048676
1619,337.9,6.08613872528076
1620,338.1,123.573104858398
1621,338.2,293.654113769531
1622,338.4,9.68927383422852
1623,338.5,2.01782178878784
1624,338.7,0.808580875396729
1625,338.9,5.93613862991333
1626,339.1,186.701156616211
1627,339.2,349.795532226563
1628,339.3,88.5382843017578
1629,339.5,0.970297038555145
1630,339.7,1.39141917228699
1631,339.8,1.20709574222565
1632,340.0,20.7381191253662
1633,340.2,684.002990722656
1634,340.3,150.449508666992
1635,340.5,1.44768977165222
1636,340.7,2.1183168888092
1637,340.9,16.3679866790771
1638,341.1,639.494567871094
1639,341.2,610.694213867188
1640,341.4,4.17442226409912
1641,341.7,1.93052804470062
1642,341.9,9.08151817321777
1643,342.0,25.8455448150635
1644,342.2,945.455261230469
1645,342.3,101.808578491211
1646,342.5,1.79372942447662
1647,342.8,3.61419153213501
1648,343.0,35.6955451965332
1649,343.1,224.326904296875
1650,343.2,479.878875732422
1651,343.4,6.00032997131348
1652,343.7,1.46204614639282
1653,343.9,5.05660057067871
1654,344.1,158.625579833984
1655,344.2,357.303619384766
1656,344.3,151.391418457031
1657,344.5,2.2861385345459
1658,344.8,2.68151807785034
1659,345.0,32.4156761169434
1660,345.2,362.543731689453
1661,345.3,104.034652709961
1662,345.5,1.99372935295105
1663,345.8,1.74389433860779
1664,346.0,23.1054458618164
1665,346.2,377.707427978516
1666,346.3,111.807258605957
1667,346.5,1.86815178394318
1668,346.8,2.12475252151489
1669,347.0,29.5917491912842
1670,347.2,250.730194091797
1671,347.3,100.966835021973
1672,347.5,1.95445549488068
1673,347.7,1.3381187915802
1674,347.9,3.74933981895447
1675,348.0,16.8153457641602
1676,348.2,467.074249267578
1677,348.3,100.627227783203
1678,348.5,1.46633660793304
1679,348.7,1.19504952430725
1680,348.9,4.00016498565674
1681,349.0,23.8900985717773
1682,349.2,224.431350708008
1683,349.3,82.7100677490234
1684,349.5,2.02772283554077
1685,349.7,1.6836633682251
1686,349.8,1.29125416278839
1687,350.0,25.473762512207
1688,350.2,264.121948242188
1689,350.3,93.4123764038086
1690,350.5,1.21320128440857
1691,350.7,1.63646864891052
1692,350.8,0.91006600856781
1693,351.0,25.1265678405762
1694,351.2,169.016006469727
1695,351.3,70.5146865844727
1696,351.5,2.01485157012939
1697,351.6,1.67079210281372
1698,351.8,0.930693089962006
1699,352.0,25.2566013336182
1700,352.2,228.699340820313
1701,352.3,84.5254135131836
1702,352.4,14.8328380584717
1703,352.7,1.15841579437256
1704,352.8,1.15198016166687
1705,353.0,25.9702968597412
1706,353.2,180.849670410156
1707,353.3,76.8524780273438
1708,353.5,3.11980199813843
1709,353.8,2.17079210281372
1710,354.0,20.5760726928711
1711,354.2,277.635803222656
1712,354.3,117.799507141113
1713,354.5,2.02145218849182
1714,354.8,4.42904281616211
1715,355.0,41.9511566162109
1716,355.2,1521.44287109375
1717,355.3,36.8932342529297
1718,355.4,5.2825083732605
1719,355.7,1.0686469078064
1720,355.9,6.61287117004395
1721,356.1,261.399353027344
1722,356.2,668.444030761719
1723,356.4,5.88234329223633
1724,356.6,0.702475249767303
1725,356.8,2.62953805923462
1726,356.9,4.85544538497925
1727,357.1,228.181350708008
1728,357.2,420.106597900391
1729,357.4,6.11666679382324
1730,357.6,0.761056125164032
1731,357.7,1.65132009983063
1732,357.9,4.54026412963867
1733,358.1,125.98168182373
1734,358.2,386.119964599609
1735,358.4,12.3475246429443
1736,358.7,1.49686467647552
1737,358.8,1.46023106575012
1738,359.0,24.9445552825928
1739,359.1,85.0348205566406
1740,359.2,218.83415222168
1741,359.4,14.6636962890625
1742,359.6,1.50445544719696
1743,359.9,4.63432359695435
1744,360.1,103.01831817627
1745,360.2,146.984817504883
1746,360.3,108.275581359863
1747,360.5,3.19933986663818
1748,360.8,2.29554462432861
1749,361.0,24.1217823028564
1750,361.2,164.572937011719
1751,361.3,80.1765670776367
1752,361.5,3.87392735481262
1753,361.8,1.87392735481262
1754,362.0,22.6930694580078
1755,362.2,273.081695556641
1756,362.3,108.534652709961
1757,362.5,2.86204624176025
1758,362.8,2.06567645072937
1759,363.0,27.7998352050781
1760,363.2,177.755279541016
1761,363.3,83.7764053344727
1762,363.5,3.10148525238037
1763,363.7,0.655115485191345
1764,363.9,5.02409219741821
1765,364.1,89.4234313964844
1766,364.2,105.607917785645
1767,364.3,82.4379501342773
1768,364.5,3.27706265449524
1769,364.8,2.37376236915588
1770,364.9,4.10181522369385
1771,365.1,69.342903137207
1772,365.2,65.9590759277344
1773,365.3,68.0660095214844
1774,365.5,2.86815190315247
1775,365.6,2.45148515701294
1776,365.8,1.08019804954529
1777,366.0,21.5009899139404
1778,366.2,165.640594482422
1779,366.3,73.9567642211914
1780,366.4,20.2717819213867
1781,366.6,0.811881184577942
1782,366.8,2.55891084671021
1783,367.0,24.4820137023926
1784,367.2,118.354949951172
1785,367.3,50.1394386291504
1786,367.4,18.2165012359619
1787,367.7,1.81831681728363
1788,367.9,4.97623777389526
1789,368.1,86.8396072387695
1790,368.2,176.457748413086
1791,368.4,20.1004943847656
1792,368.7,2.63234329223633
1793,368.9,6.15841579437256
1794,369.0,21.0948848724365
1795,369.2,146.83349609375
1796,369.3,57.6668319702148
1797,369.4,16.7805271148682
1798,369.6,2.16221117973328
1799,369.9,3.81138610839844
1800,370.0,15.04323387146
1801,370.2,186.328384399414
1802,370.3,116.032508850098
1803,370.5,3.19273924827576
1804,370.8,1.93613862991333
1805,371.0,23.4924087524414
1806,371.2,139.401321411133
1807,371.3,77.172607421875
1808,371.5,2.43052816390991
1809,371.7,2.74207925796509
1810,371.8,1.00693070888519
1811,372.0,22.5463695526123
1812,372.2,154.599334716797
1813,372.3,89.5405960083008
1814,372.5,4.55297040939331
1815,372.7,1.00808584690094
1816,372.9,7.25346517562866
1817,373.0,20.4603958129883
1818,373.2,108.480857849121
1819,373.3,64.8816833496094
1820,373.5,3.23531341552734
1821,373.6,2.6298680305481
1822,373.8,1.11303627490997
1823,374.0,22.8127059936523
1824,374.1,58.131519317627
1825,374.2,177.892242431641
1826,374.4,18.569637298584
1827,374.7,1.68283832073212
1828,374.9,5.73976898193359
1829,375.1,55.0067672729492
1830,375.3,99.6330032348633
1831,375.4,20.7463703155518
1832,375.6,1.9777227640152
1833,375.9,4.79570960998535
1834,376.1,63.8820114135742
1835,376.2,77.0635299682617
1836,376.3,85.1595687866211
1837,376.5,6.00396060943604
1838,376.8,2.47689771652222
1839,377.0,18.9734325408936
1840,377.2,84.0844879150391
1841,377.3,57.4468650817871
1842,377.5,6.0699667930603
1843,377.8,2.64092397689819
1844,378.0,22.3580856323242
1845,378.2,101.544059753418
1846,378.3,76.0232696533203
1847,378.5,4.09603977203369
1848,378.6,2.45627069473267
1849,378.9,4.9985146522522
1850,379.0,14.0702972412109
1851,379.2,73.5884475708008
1852,379.3,51.4871292114258
1853,379.5,3.3975248336792
1854,379.6,2.92508244514465
1855,379.9,4.94158411026001
1856,380.1,59.7367973327637
1857,380.2,67.1207885742188
1858,380.3,83.7158432006836
1859,380.5,4.30643558502197
1860,380.8,2.56336641311646
1861,380.9,3.90016508102417
1862,381.1,45.855281829834
1863,381.3,76.6264038085938
1864,381.4,20.301815032959
1865,381.7,2.41947197914124
1866,381.9,5.51155138015747
1867,382.0,15.4851484298706
1868,382.2,106.421455383301
1869,382.3,53.3834991455078
1870,382.4,25.9838275909424
1871,382.6,0.879372954368591
1872,382.8,3.73597359657288
1873,383.0,24.7376232147217
1874,383.2,79.1270599365234
1875,383.3,33.2721138000488
1876,383.4,19.2587451934814
1877,383.6,2.48712873458862
1878,383.9,4.5899338722229
1879,384.1,54.1153450012207
1880,384.3,106.305610656738
1881,384.4,24.6341590881348
1882,384.7,5.40907573699951
1883,384.9,10.7485151290894
1884,385.1,75.630859375
1885,385.2,92.0734329223633
1886,385.4,14.5856437683105
1887,385.7,2.43283820152283
1888,385.8,1.70016503334045
1889,386.0,23.1358089447021
1890,386.2,105.355941772461
1891,386.3,66.65478515625
1892,386.5,6.83415842056274
1893,386.7,1.92607259750366
1894,386.9,11.5285482406616
1895,387.0,27.7919139862061
1896,387.2,137.239273071289
1897,387.3,45.9745864868164
1898,387.5,3.55957102775574
1899,387.8,2.45082497596741
1900,388.0,24.9823436737061
1901,388.1,45.0805282592773
1902,388.2,116.799171447754
1903,388.4,20.1211223602295
1904,388.5,5.16303634643555
1905,388.8,3.22145223617554
1906,389.0,20.491418838501
1907,389.2,71.9290466308594
1908,389.3,50.1508255004883
1909,389.5,5.14290428161621
1910,389.8,3.05676579475403
1911,390.0,18.5965347290039
1912,390.2,76.6169967651367
1913,390.3,62.0460395812988
1914,390.5,7.3960394859314
1915,390.7,1.33613860607147
1916,390.9,4.9564356803894
1917,391.0,10.8694715499878
1918,391.2,51.7740936279297
1919,391.3,42.6122093200684
1920,391.5,6.30363035202026
1921,391.7,1.13234329223633
1922,391.9,5.16897678375244
1923,392.1,40.8209571838379
1924,392.3,83.1059417724609
1925,392.4,20.7572612762451
1926,392.5,7.38712882995605
1927,392.8,2.2189769744873
1928,393.0,14.1580858230591
1929,393.2,46.2133674621582
1930,393.3,25.7089099884033
1931,393.4,20.0305271148682
1932,393.7,3.00247526168823
1933,393.9,5.31732654571533
1934,394.1,40.6250839233398
1935,394.2,40.6290435791016
1936,394.3,58.6132011413574
1937,394.5,6.75412559509277
1938,394.8,2.50412535667419
1939,395.0,14.4334983825684
1940,395.1,21.0437297821045
1941,395.3,50.611385345459
1942,395.4,19.3331680297852
1943,395.6,1.66287124156952
1944,395.8,2.82755780220032
1945,396.0,14.6293725967407
1946,396.2,62.0927391052246
1947,396.3,38.1140251159668
1948,396.4,27.7876243591309
1949,396.7,2.6980197429657
1950,396.8,1.83778882026672
1951,397.0,14.7985153198242
1952,397.1,19.5668315887451
1953,397.3,51.7981834411621
1954,397.4,18.23366355896
1955,397.6,3.39983487129211
1956,397.9,6.09009885787964
1957,398.0,11.9519805908203
1958,398.2,57.5526390075684
1959,398.3,51.6295394897461
1960,398.5,6.22277212142944
1961,398.6,6.04108905792236
1962,398.8,3.19141912460327
1963,399.0,29.9805278778076
1964,399.2,81.7163391113281
1965,399.3,28.335807800293
1966,399.4,13.6123762130737
1967,399.6,2.7935643196106
1968,399.8,2.13778877258301
1969,400.0,22.664026260376
1970,400.1,33.5924110412598
1971,400.2,78.0128707885742
1972,400.4,21.7052803039551
1973,400.6,3.18283820152283
1974,400.8,6.73613882064819
1975,401.0,68.5282211303711
1976,401.2,255.980865478516
1977,401.3,38.6963691711426
1978,401.6,2.01452136039734
1979,401.8,4.77557754516602
1980,402.0,37.2892723083496
1981,402.2,131.228057861328
1982,402.3,56.8448829650879
1983,402.5,2.93564367294312
1984,402.7,4.32194709777832
1985,402.9,13.341254234314
1986,403.1,65.8080825805664
1987,403.2,77.6288757324219
1988,403.4,11.3635311126709
1989,403.5,4.98399353027344
1990,403.7,1.48415839672089
1991,403.9,7.02376222610474
1992,404.0,13.5747528076172
1993,404.2,64.7574234008789
1994,404.3,49.2590751647949
1995,404.5,6.80775594711304
1996,404.8,3.6813530921936
1997,405.0,15.9735975265503
1998,405.2,43.1471939086914
1999,405.3,32.7334976196289
2000,405.5,4.74455451965332
2001,405.7,3.71105599403381
2002,405.8,1.37673270702362
2003,406.0,12.8863039016724
2004,406.2,51.0344886779785
2005,406.3,29.1643562316895
2006,406.4,26.2183170318604
2007,406.6,2.12095713615417
2008,406.8,2.86204624176025
2009,407.0,10.5161714553833
2010,407.2,35.078052520752
2011,407.3,19.0158424377441
2012,407.4,17.7133655548096
2013,407.6,3.53580856323242
2014,407.8,1.3386138677597
2015,408.0,14.3950490951538
2016,408.1,19.7569313049316
2017,408.3,56.9701309204102
2018,408.4,18.7549495697021
2019,408.5,8.36666679382324
2020,408.7,1.43217825889587
2021,408.9,4.3488450050354
2022,409.1,20.5600662231445
2023,409.3,37.7981834411621
2024,409.4,18.0551147460938
2025,409.6,2.17986798286438
2026,409.8,3.26171612739563
2027,410.0,13.4386138916016
2028,410.2,45.4077568054199
2029,410.3,25.4579200744629
2030,410.4,24.2127056121826
2031,410.6,3.06188130378723
2032,410.8,1.583003282547
2033,411.0,9.52920818328857
2034,411.1,13.1800327301025
2035,411.3,32.8689765930176
2036,411.4,11.1150169372559
2037,411.5,7.18465328216553
2038,411.8,2.63531351089478
2039,412.0,11.3473596572876
2040,412.2,41.8531341552734
2041,412.3,41.9359741210938
2042,412.5,8.75577545166016
2043,412.8,3.71155118942261
2044,413.0,15.1372938156128
2045,413.1,16.8504943847656
2046,413.3,39.489933013916
2047,413.4,19.0206279754639
2048,413.6,3.1711220741272
2049,413.8,1.99092411994934
2050,414.0,10.9915838241577
2051,414.2,45.2504959106445
2052,414.3,36.930362701416
2053,414.5,5.02805280685425
2054,414.8,3.63102316856384
2055,415.0,39.396369934082
2056,415.2,345.517669677734
2057,415.3,72.2470321655273
2058,415.4,10.0442247390747
2059,415.7,1.61105608940125
2060,415.9,7.47062683105469
2061,416.1,86.0943908691406
2062,416.2,149.899673461914
2063,416.4,22.1991748809814
2064,416.6,1.51699674129486
2065,416.8,4.30594062805176
2066,417.0,27.422607421875
2067,417.2,111.100662231445
2068,417.3,54.5160064697266
2069,417.5,2.92871284484863
2070,417.7,2.07442235946655
2071,417.9,5.93547868728638
2072,418.0,13.6486797332764
2073,418.2,59.4988441467285
2074,418.3,50.4673271179199
2075,418.5,7.6113862991333
2076,418.8,3.4948844909668
2077,419.0,13.7702970504761
2078,419.2,39.7293739318848
2079,419.3,21.7869644165039
2080,419.4,17.224422454834
2081,419.6,2.96683168411255
2082,419.8,1.50874590873718
2083,420.0,11.1801977157593
2084,420.2,40.77392578125
2085,420.3,37.6986808776855
2086,420.5,7.25709581375122
2087,420.6,3.46848177909851
2088,420.8,1.86336636543274
2089,421.0,10.3311882019043
2090,421.2,26.6077556610107
2091,421.3,14.7816829681396
2092,421.4,16.6067657470703
2093,421.6,3.09191417694092
2094,421.9,4.58646869659424
2095,422.1,22.3627071380615
2096,422.2,21.612377166748
2097,422.4,35.2257423400879
2098,422.5,10.0640268325806
2099,422.7,0.969636976718903
2100,422.9,4.24587440490723
2101,423.0,5.76336622238159
2102,423.2,22.7896041870117
2103,423.4,25.8257427215576
2104,423.5,7.73663377761841
2105,423.8,2.90148520469666
2106,423.9,2.54075908660889
2107,424.1,19.1153469085693
2108,424.2,18.5537948608398
2109,424.4,34.4876251220703
2110,424.5,7.75214529037476
2111,424.6,4.18597364425659
2112,424.8,1.31336629390717
2113,425.0,6.71716165542603
2114,425.2,23.0275573730469
2115,425.3,13.0042905807495
2116,425.4,14.8495054244995
2117,425.6,2.22425746917725
2118,425.8,2.68019795417786
2119,425.9,2.74108910560608
2120,426.1,19.3958740234375
2121,426.3,37.3754119873047
2122,426.4,22.9250831604004
2123,426.6,4.24570941925049
2124,426.9,4.10594081878662
2125,427.1,16.1526393890381
2126,427.3,26.2221126556396
2127,427.4,10.3070955276489
2128,427.5,7.82194709777832
2129,427.8,2.89983487129211
2130,428.0,9.95131969451904
2131,428.2,30.4768981933594
2132,428.3,28.3727722167969
2133,428.5,6.92392730712891
2134,428.8,3.06650161743164
2135,429.0,32.9773941040039
2136,429.2,243.044555664063
2137,429.3,76.9308547973633
2138,429.4,11.8235969543457
2139,429.7,1.74669969081879
2140,429.9,7.79554462432861
2141,430.1,66.4516525268555
2142,430.2,114.475410461426
2143,430.4,16.6600666046143
2144,430.5,5.95148515701294
2145,430.7,1.58234322071075
2146,430.9,8.11287117004395
2147,431.0,17.5778884887695
2148,431.2,88.3716201782227
2149,431.3,50.446533203125
2150,431.5,5.56204605102539
2151,431.8,2.34455442428589
2152,432.0,14.6689767837524
2153,432.1,17.681022644043
2154,432.3,52.6696357727051
2155,432.4,21.9201316833496
2156,432.6,3.36749172210693
2157,432.8,1.9123762845993
2158,433.0,11.246039390564
2159,433.1,14.34521484375
2160,433.3,34.7828369140625
2161,433.4,17.102970123291
2162,433.6,3.30924081802368
2163,433.8,1.43085813522339
2164,434.0,9.63531398773193
2165,434.2,29.5112209320068
2166,434.3,30.7859745025635
2167,434.5,7.56699657440186
2168,434.6,4.2064356803894
2169,434.8,1.37491750717163
2170,435.0,7.90148496627808
2171,435.2,19.7734317779541
2172,435.3,20.7396030426025
2173,435.5,6.90577554702759
2174,435.8,1.99834978580475
2175,436.0,7.16650152206421
2176,436.2,24.5052814483643
2177,436.3,15.3087463378906
2178,436.4,20.9257431030273
2179,436.6,4.9787130355835
2180,436.8,1.36336636543274
2181,437.0,8.23019790649414
2182,437.2,21.7760734558105
2183,437.3,20.7001647949219
2184,437.5,4.88778877258301
2185,437.6,3.39801979064941
2186,437.8,1.5514851808548
2187,438.0,8.14455413818359
2188,438.2,27.8541259765625
2189,438.4,28.4797039031982
2190,438.5,9.09290409088135
2191,438.7,1.51551151275635
2192,438.9,3.78300333023071
2193,439.1,11.5889434814453
2194,439.3,19.3676567077637
2195,439.4,13.2673263549805
2196,439.6,3.46716165542603
2197,439.8,1.18300330638885
2198,440.0,7.80808591842651
2199,440.2,22.3260726928711
2200,440.4,29.0523109436035
2201,440.5,10.3821783065796
2202,440.7,2.74026393890381
2203,440.9,2.44752478599548
2204,441.1,13.6447191238403
2205,441.3,19.4788780212402
2206,441.4,13.2645215988159
2207,441.6,3.54801988601685
2208,441.9,3.49323439598083
2209,442.0,5.16270637512207
2210,442.2,23.5316829681396
2211,442.4,28.3585815429688
2212,442.5,10.6694717407227
2213,442.7,1.45148515701294
2214,442.9,4.9351487159729
2215,443.1,14.5630359649658
2216,443.3,22.147029876709
2217,443.4,9.82343196868896
2218,443.5,7.46204614639282
2219,443.7,2.96831679344177
2220,443.9,2.06584167480469
2221,444.1,14.9282178878784
2222,444.3,28.1359729766846
2223,444.4,17.1793727874756
2224,444.6,5.46716165542603
2225,444.8,2.54653453826904
2226,445.0,11.7790431976318
2227,445.2,27.4465351104736
2228,445.3,22.9897689819336
2229,445.5,6.67491769790649
2230,445.8,3.19273924827576
2231,446.0,9.1262378692627
2232,446.2,26.6915836334229
2233,446.3,14.2183170318604
2234,446.4,17.5929050445557
2235,446.6,5.48085784912109
2236,446.8,2.33976888656616
2237,447.0,10.9726076126099
2238,447.1,11.7594060897827
2239,447.3,26.7978553771973
2240,447.4,12.4092407226563
2241,447.6,2.39570951461792
2242,447.8,2.96518158912659
2243,448.0,9.61897659301758
2244,448.1,9.64422416687012
2245,448.3,27.5334987640381
2246,448.4,17.1056098937988
2247,448.6,4.2838282585144
2248,448.9,3.68828392028809
2249,449.1,9.30726051330566
2250,449.2,8.45165061950684
2251,449.3,16.9508247375488
2252,449.5,4.42392730712891
2253,449.6,3.46452140808105
2254,449.9,2.9605610370636
2255,450.1,11.093729019165
2256,450.3,23.0533008575439
2257,450.4,16.6798686981201
2258,450.6,3.76419138908386
2259,450.9,2.64207911491394
2260,451.1,8.35907554626465
2261,451.3,14.819637298584
2262,451.4,6.51551151275635
2263,451.5,6.29884481430054
2264,451.8,2.79537963867188
2265,452.0,5.56600666046143
2266,452.2,19.1301975250244
2267,452.4,23.7123756408691
2268,452.5,10.1475248336792
2269,452.8,2.72854781150818
2270,452.9,1.75891089439392
2271,453.1,7.58514833450317
2272,453.2,7.08366346359253
2273,453.4,14.3069305419922
2274,453.5,4.41765689849854
2275,453.6,3.80231022834778
2276,453.9,3.20016503334045
2277,454.0,3.6442244052887
2278,454.2,17.8650169372559
2279,454.4,21.7958736419678
2280,454.5,7.56600666046143
2281,454.6,4.57821798324585
2282,454.9,2.94471955299377
2283,455.1,7.55313539505005
2284,455.3,14.9264030456543
2285,455.4,6.62277221679688
2286,455.5,6.73316812515259
2287,455.8,2.77706265449524
2288,456.0,5.68762397766113
2289,456.1,7.0899338722229
2290,456.3,21.5151805877686
2291,456.4,16.1277236938477
2292,456.6,5.21798658370972
2293,456.9,3.61039614677429
2294,457.1,9.41848182678223
2295,457.2,8.16006565093994
2296,457.3,13.8765678405762
2297,457.5,4.55577564239502
2298,457.6,3.79537963867188
2299,457.9,3.42772269248962
2300,458.0,3.73828387260437
2301,458.2,16.4356441497803
2302,458.3,9.70429039001465
2303,458.4,15.1150169372559
2304,458.7,6.55264043807983
2305,458.9,9.17607307434082
2306,459.1,19.9702968597412
2307,459.3,24.629207611084
2308,459.4,11.2825078964233
2309,459.6,4.11369657516479
2310,459.9,4.9912543296814
2311,460.1,14.6018152236938
2312,460.2,11.7363033294678
2313,460.3,17.9610557556152
2314,460.6,7.32194709777832
2315,460.8,8.04768943786621
2316,461.0,34.5305290222168
2317,461.2,80.9808578491211
2318,461.3,38.3976898193359
2319,461.5,4.99521446228027
2320,461.7,2.10511541366577
2321,461.9,8.45445537567139
2322,462.0,11.7797031402588
2323,462.2,42.5003318786621
2324,462.3,30.9085807800293
2325,462.5,7.1938943862915
2326,462.8,5.05412530899048
2327,463.0,13.7275581359863
2328,463.1,12.8427391052246
2329,463.3,28.2970294952393
2330,463.4,11.3915843963623
2331,463.6,3.90462040901184
2332,463.9,4.15759086608887
2333,464.0,4.60924100875854
2334,464.2,19.2912540435791
2335,464.3,10.7275581359863
2336,464.4,14.8087463378906
2337,464.6,4.22524738311768
2338,464.8,1.28217816352844
2339,465.0,4.56551170349121
2340,465.2,11.3097362518311
2341,465.4,11.5211219787598
2342,465.5,4.43481826782227
2343,465.6,3.23102307319641
2344,465.9,2.82343244552612
2345,466.1,7.99702978134155
2346,466.3,18.3036308288574
2347,466.4,14.1193065643311
2348,466.6,4.38300323486328
2349,466.9,2.42607259750366
2350,467.1,6.68019819259644
2351,467.2,5.44735956192017
2352,467.3,11.0519800186157
2353,467.5,6.44966983795166
2354,467.8,2.52937293052673
2355,468.0,4.38580846786499
2356,468.2,13.7320127487183
2357,468.4,17.8433990478516
2358,468.5,9.32689762115479
2359,468.7,2.9136962890625
2360,469.0,3.23316836357117
2361,469.1,3.38877892494202
2362,469.3,9.72442245483398
2363,469.4,9.37277221679688
2364,469.6,3.38052797317505
2365,469.9,2.21881198883057
2366,470.1,6.9336633682251
2367,470.2,6.93415832519531
2368,470.4,15.98366355896
2369,470.5,8.72326755523682
2370,470.7,1.43597364425659
2371,470.9,2.76023101806641
2372,471.0,2.28514862060547
2373,471.2,8.83036327362061
2374,471.4,10.5084161758423
2375,471.5,6.46996688842773
2376,471.7,1.26815176010132
2377,471.9,2.66815185546875
2378,472.0,2.70462036132813
2379,472.2,11.1166667938232
2380,472.4,14.9542903900146
2381,472.5,7.5648512840271
2382,472.8,4.33333349227905
2383,472.9,2.82079219818115
2384,473.1,12.6181516647339
2385,473.3,17.11155128479
2386,473.4,5.34686470031738
2387,473.5,6.2323431968689
2388,473.8,2.91089105606079
2389,473.9,2.45693063735962
2390,474.1,9.23052787780762
2391,474.2,8.10478591918945
2392,474.3,12.9394388198853
2393,474.5,4.53448867797852
2394,474.7,1.41501653194427
2395,474.9,7.0087456703186
2396,475.0,18.8318481445313
2397,475.2,161.118148803711
2398,475.3,103.200828552246
2399,475.5,3.54768967628479
2400,475.8,2.88217830657959
2401,476.0,20.6839942932129
2402,476.2,78.521125793457
2403,476.3,58.7963714599609
2404,476.5,7.48135328292847
2405,476.8,3.87491750717163
2406,477.0,16.9122104644775
2407,477.1,21.4075908660889
2408,477.3,52.8702964782715
2409,477.4,13.9478549957275
2410,477.5,6.46600675582886
2411,477.8,2.99273920059204
2412,478.0,9.23217868804932
2413,478.2,23.516996383667
2414,478.4,22.8242568969727
2415,478.5,8.32788753509521
2416,478.8,3.06006598472595
2417,479.0,6.06353139877319
2418,479.2,12.8701324462891
2419,479.4,13.0930690765381
2420,479.5,6.22722768783569
2421,479.7,1.27013206481934
2422,479.9,2.56567645072937
2423,480.0,2.60528063774109
2424,480.2,11.5206270217896
2425,480.3,7.05775594711304
2426,480.4,11.3834981918335
2427,480.6,2.72706270217896
2428,480.7,2.82673263549805
2429,481.0,3.89059400558472
2430,481.1,3.60676574707031
2431,481.3,9.34554481506348
2432,481.4,4.57805299758911
2433,481.5,5.69801998138428
2434,481.8,2.22524762153625
2435,482.0,3.64141917228699
2436,482.2,9.87326717376709
2437,482.4,13.1485147476196
2438,482.5,5.15825080871582
2439,482.6,4.51831674575806
2440,482.9,2.3181517124176
2441,483.1,4.59009885787964
2442,483.3,8.22920799255371
2443,483.4,3.84521460533142
2444,483.5,5.22112226486206
2445,483.7,2.40181517601013
2446,483.9,1.01848185062408
2447,484.1,6.05280542373657
2448,484.2,4.6113862991333
2449,484.4,11.2641916275024
2450,484.5,7.46881198883057
2451,484.7,2.59537959098816
2452,485.0,3.26204609870911
2453,485.2,6.09719467163086
2454,485.4,7.82343244552612
2455,485.5,5.16914176940918
2456,485.8,1.7504950761795
2457,486.0,3.40462040901184
2458,486.1,3.28382849693298
2459,486.3,9.60231018066406
2460,486.4,5.3599009513855
2461,486.5,7.20709562301636
2462,486.8,2.96930694580078
2463,486.9,1.77310228347778
2464,487.1,5.86749172210693
2465,487.3,9.08003330230713
2466,487.4,4.24950504302979
2467,487.5,5.28877878189087
2468,487.8,2.42062711715698
2469,488.0,4.17986822128296
2470,488.2,9.79026412963867
2471,488.3,9.42029666900635
2472,488.5,3.94224429130554
2473,488.7,1.28448843955994
2474,488.9,5.42739295959473
2475,489.1,67.1100692749023
2476,489.3,160.890594482422
2477,489.4,22.9871292114258
2478,489.5,4.34603977203369
2479,489.8,1.87326729297638
2480,490.0,15.6148519515991
2481,490.2,67.8589096069336
2482,490.3,59.7798690795898
2483,490.5,7.17359733581543
2484,490.7,1.14026403427124
2485,490.9,7.47425746917725
2486,491.1,32.2963714599609
2487,491.3,53.6173248291016
2488,491.4,19.8062705993652
2489,491.6,2.54587459564209
2490,491.9,4.3001651763916
2491,492.0,5.37821769714355
2492,492.2,22.4128704071045
2493,492.3,21.8501644134521
2494,492.5,6.28003311157227
2495,492.6,3.85742568969727
2496,492.8,1.74191415309906
2497,493.0,6.62343215942383
2498,493.2,13.5186471939087
2499,493.4,12.5193071365356
2500,493.5,5.6688117980957
2501,493.8,2.22425746917725
2502,493.9,1.38481843471527
2503,494.1,6.4912543296814
2504,494.3,12.4752473831177
2505,494.4,5.87211227416992
2506,494.5,6.23498344421387
2507,494.7,2.9244225025177
2508,495.0,3.69900989532471
2509,495.2,7.21699666976929
2510,495.4,7.92128705978394
2511,495.5,4.97623777389526
2512,495.7,1.09471952915192
2513,495.9,1.99570953845978
2514,496.0,2.16468644142151
2515,496.2,7.69801998138428
2516,496.4,9.61930656433105
2517,496.5,3.90181517601013
2518,496.6,4.34471940994263
2519,496.9,1.97887790203094
2520,497.0,1.33052802085876
2521,497.2,5.09917497634888
2522,497.4,6.70825099945068
2523,497.6,4.23300313949585
2524,497.7,0.891419112682343
2525,497.9,1.87458741664886
2526,498.1,4.8001651763916
2527,498.2,3.6744225025177
2528,498.4,8.73910903930664
2529,498.5,5.98217821121216
2530,498.7,2.42887783050537
2531,498.9,0.951980173587799
2532,499.1,3.56386137008667
2533,499.3,5.73184823989868
2534,499.5,5.34851503372192
2535,499.6,1.69141912460327
2536,499.7,1.97574257850647
2537,500.0,2.46749186515808
2538,500.2,5.89967012405396
2539,500.4,7.40346527099609
2540,500.5,5.37425756454468
2541,500.7,1.23811876773834
2542,500.9,2.28531360626221
2543,501.1,4.368812084198
2544,501.2,2.87029695510864
2545,501.4,5.83745861053467
2546,501.5,2.5681517124176
2547,501.6,3.07029700279236
2548,501.8,1.01023101806641
2549,502.0,2.87227725982666
2550,502.1,2.5579206943512
2551,502.3,7.32970285415649
2552,502.4,6.57095718383789
2553,502.7,4.20775556564331
2554,502.9,7.2087459564209
2555,503.1,22.6679859161377
2556,503.3,37.3493385314941
2557,503.4,14.565016746521
2558,503.6,3.18234324455261
2559,503.9,4.46089124679565
2560,504.0,5.39306926727295
2561,504.2,19.5912532806396
2562,504.3,19.2381191253662
2563,504.5,6.69290447235107
2564,504.8,3.73267316818237
2565,505.0,7.83085823059082
2566,505.2,17.1382846832275
2567,505.3,14.9264030456543
2568,505.5,3.14092397689819
2569,505.6,3.01353144645691
2570,505.9,3.34257435798645
2571,506.1,7.73927402496338
2572,506.2,5.65280532836914
2573,506.4,10.90478515625
2574,506.5,3.6257426738739
2575,506.6,4.15775585174561
2576,506.8,1.71039605140686
2577,507.0,5.07095718383789
2578,507.2,9.82046222686768
2579,507.4,9.78498363494873
2580,507.5,4.67986822128296
2581,507.7,1.21963691711426
2582,507.9,2.55808591842651
2583,508.1,5.51419162750244
2584,508.3,8.4115514755249
2585,508.4,4.13085794448853
2586,508.5,5.83580875396729
2587,508.7,2.30247521400452
2588,509.0,2.78679871559143
2589,509.2,5.11782169342041
2590,509.4,6.21287107467651
2591,509.5,3.19455456733704
2592,509.8,1.8334983587265
2593,510.0,2.32409238815308
2594,510.2,4.86402654647827
2595,510.4,7.45775556564331
2596,510.5,2.96320128440857
2597,510.6,3.58729362487793
2598,510.9,2.16980195045471
2599,511.1,4.10594081878662
2600,511.3,5.77013206481934
2601,511.5,4.20346546173096
2602,511.6,2.59372925758362
2603,511.8,1.03382837772369
2604,512.0,2.70445537567139
2605,512.1,2.39587450027466
2606,512.3,6.43894386291504
2607,512.4,3.72986793518066
2608,512.5,5.70907592773438
2609,512.8,2.5199670791626
2610,513.0,2.18300318717957
2611,513.2,4.17920780181885
2612,513.3,2.75808572769165
2613,513.5,3.97656774520874
2614,513.6,2.22722768783569
2615,513.9,1.99719476699829
2616,514.1,3.22359728813171
2617,514.2,2.71270632743835
2618,514.4,6.22227716445923
2619,514.5,4.74240922927856
2620,514.7,2.27524757385254
2621,515.0,2.1887788772583
2622,515.2,3.67590761184692
2623,515.4,4.94603967666626
2624,515.5,3.36947202682495
2625,515.7,1.99141919612885
2626,515.9,1.15099012851715
2627,516.1,3.35264015197754
2628,516.3,5.773597240448
2629,516.5,5.57079219818115
2630,516.6,3.47871279716492
2631,516.9,2.08399343490601
2632,517.1,3.84587454795837
2633,517.2,2.4420793056488
2634,517.3,5.17557764053345
2635,517.5,3.60033011436462
2636,517.7,2.08960390090942
2637,517.9,1.42739272117615
2638,518.1,3.58085799217224
2639,518.3,5.31155109405518
2640,518.4,2.78976893424988
2641,518.5,4.51584148406982
2642,518.7,1.82293725013733
2643,518.9,4.60099029541016
2644,519.1,8.16320133209229
2645,519.3,10.4490098953247
2646,519.4,5.99686479568481
2647,519.6,2.7986798286438
2648,519.8,1.07442247867584
2649,520.0,4.1998348236084
2650,520.2,8.18003273010254
2651,520.3,7.63465356826782
2652,520.6,4.84966993331909
2653,520.7,1.96633660793304
2654,520.9,6.67887783050537
2655,521.1,11.9196367263794
2656,521.3,13.2026405334473
2657,521.4,7.43580865859985
2658,521.6,2.71782183647156
2659,521.9,4.17128705978394
2660,522.1,7.47293710708618
2661,522.2,4.40973615646362
2662,522.4,9.30544567108154
2663,522.5,4.23498344421387
2664,522.8,2.63976907730103
2665,523.0,3.73069310188293
2666,523.2,5.81534671783447
2667,523.4,5.88663387298584
2668,523.5,1.70924091339111
2669,523.6,2.55643558502197
2670,523.9,2.08531355857849
2671,524.1,3.92194724082947
2672,524.2,2.21452140808105
2673,524.4,5.69900989532471
2674,524.5,3.99504947662354
2675,524.7,2.43052816390991
2676,525.0,2.16287136077881
2677,525.1,1.31336629390717
2678,525.3,3.48580861091614
2679,525.4,3.45181512832642
2680,525.6,1.08745872974396
2681,525.7,1.87227725982666
2682,525.9,1.01881182193756
2683,526.1,3.15379548072815
2684,526.2,2.32029700279236
2685,526.4,5.38943910598755
2686,526.5,3.64471936225891
2687,526.7,2.21171617507935
2688,526.9,0.869471967220306
2689,527.1,2.14059400558472
2690,527.2,1.41287124156952
2691,527.4,3.71699666976929
2692,527.6,2.58333325386047
2693,527.8,1.91732668876648
2694,528.0,1.77293729782104
2695,528.2,3.27227711677551
2696,528.4,4.55561065673828
2697,528.6,3.59884476661682
2698,528.7,2.04158425331116
2699,528.9,0.812706291675568
2700,529.1,2.43630361557007
2701,529.2,1.72244226932526
2702,529.4,3.40792083740234
2703,529.5,2.24174928665161
2704,529.7,1.51749169826508
2705,530.0,1.5834983587265
2706,530.1,1.49174916744232
2707,530.3,4.28976917266846
2708,530.4,2.20065999031067
2709,530.5,3.26551151275635
2710,530.8,1.96485149860382
2711,531.0,1.99818480014801
2712,531.2,3.17178225517273
2713,531.4,3.59075903892517
2714,531.5,2.19422435760498
2715,531.8,1.84570956230164
2716,532.0,2.1316831111908
2717,532.2,3.44554448127747
2718,532.4,3.99125409126282
2719,532.5,3.3724422454834
2720,532.8,3.32920789718628
2721,533.0,5.31369638442993
2722,533.2,8.52277183532715
2723,533.4,6.56072616577148
2724,533.5,1.47392737865448
2725,533.6,2.32095718383789
2726,533.9,2.81435632705688
2727,534.1,5.0575909614563
2728,534.3,6.47425746917725
2729,534.4,4.68069314956665
2730,534.7,3.41947197914124
2731,534.8,2.95379543304443
2732,535.0,20.4557762145996
2733,535.1,21.92112159729
2734,535.2,46.0089111328125
2735,535.4,11.7049503326416
2736,535.5,5.59620475769043
2737,535.8,4.25676584243774
2738,535.9,4.65709590911865
2739,536.1,19.0282173156738
2740,536.2,12.835973739624
2741,536.3,20.0361385345459
2742,536.5,5.95742559432983
2743,536.8,3.79801988601685
2744,537.0,9.17277240753174
2745,537.2,16.2782173156738
2746,537.3,14.1084156036377
2747,537.5,5.03514862060547
2748,537.7,1.39405941963196
2749,537.9,3.0445544719696
2750,538.1,6.09356451034546
2751,538.3,8.20709609985352
2752,538.4,3.54405951499939
2753,538.5,3.93481850624084
2754,538.8,2.7374587059021
2755,539.0,2.78894400596619
2756,539.2,3.60693073272705
2757,539.3,4.50462055206299
2758,539.5,2.43316841125488
2759,539.7,0.893399357795715
2760,539.9,1.72854781150818
2761,540.0,1.07920789718628
2762,540.2,3.5848183631897
2763,540.3,2.47079205513
2764,540.4,4.21584177017212
2765,540.6,2.35693073272705
2766,540.8,0.91683167219162
2767,541.0,1.7843234539032
2768,541.2,2.59306931495667
2769,541.4,2.70379543304443
2770,541.5,1.17706274986267
2771,541.6,1.83399343490601
2772,541.9,1.74339938163757
2773,542.0,1.00990104675293
2774,542.2,3.0630362033844
2775,542.3,1.99554455280304
2776,542.5,3.30049514770508
2777,542.6,2.32392740249634
2778,542.8,1.47920787334442
2779,543.1,1.61798679828644
2780,543.3,2.70957088470459
2781,543.4,2.61188125610352
2782,543.7,1.70627057552338
2783,543.9,1.25396037101746
2784,544.1,1.90775573253632
2785,544.3,2.94323420524597
2786,544.4,3.08151817321777
2787,544.7,1.8506600856781
2788,544.8,0.790099024772644
2789,545.0,1.65792083740234
2790,545.2,1.85709571838379
2791,545.4,2.78976893424988
2792,545.5,1.2889438867569
2793,545.7,1.78679871559143
2794,545.8,0.573102295398712
2795,546.0,1.52376234531403
2796,546.2,2.30066013336182
2797,546.4,3.08514857292175
2798,546.5,1.7820131778717
2799,546.6,2.48811888694763
2800,546.9,2.92178225517273
2801,547.1,3.78811883926392
2802,547.2,2.40660071372986
2803,547.4,5.18118810653687
2804,547.5,1.66749179363251
2805,547.6,2.35544562339783
2806,547.9,1.86237621307373
2807,548.1,3.10528063774109
2808,548.2,1.86435639858246
2809,548.4,3.79702973365784
2810,548.5,2.25429034233093
2811,548.8,2.08844876289368
2812,549.0,13.1871290206909
2813,549.2,91.5074234008789
2814,549.3,66.4191436767578
2815,549.4,44.7334976196289
2816,549.6,3.19158411026001
2817,549.9,3.34455442428589
