#"+ Scan (rt: 0.088-39.999 min, 13080 scans) DM_031125.D "
#Point,X(Thompsons),Y(Counts)
0,45.2,1003.38208007813
1,45.3,10.0321865081787
2,45.5,0.637155950069427
3,45.7,3.71681952476501
4,45.8,6.9505352973938
5,46.0,50.0180435180664
6,46.1,209.092132568359
7,46.3,9.42308902740479
8,46.6,2.56467890739441
9,46.8,9.53027534484863
10,47.0,37.0295104980469
11,47.1,90.6897583007813
12,47.3,4.7879204750061
13,47.4,3.09525990486145
14,47.6,1.44220185279846
15,47.8,9.50473976135254
16,48.0,61.6746940612793
17,48.1,320.270477294922
18,48.3,5.44801235198975
19,48.6,2.10795116424561
20,48.8,6.11154413223267
21,49.0,27.906421661377
22,49.2,116.70841217041
23,49.3,8.15114688873291
24,49.6,1.69946479797363
25,49.8,6.15359306335449
26,50.0,104.751525878906
27,50.2,917.112609863281
28,50.3,13.9064989089966
29,50.5,1.2118501663208
30,50.8,4.66483163833618
31,51.0,104.165824890137
32,51.1,703.358581542969
33,51.2,789.023681640625
34,51.4,2.08149838447571
35,51.7,1.93746173381805
36,51.9,23.0155963897705
37,52.1,291.098175048828
38,52.2,287.787933349609
39,52.4,3.19021415710449
40,52.5,1.38990831375122
41,52.8,4.34938859939575
42,53.0,88.24365234375
43,53.2,770.787292480469
44,53.3,14.0416669845581
45,53.4,2.00978589057922
46,53.7,1.73929667472839
47,53.9,21.7116966247559
48,54.1,191.891510009766
49,54.2,200.399536132813
50,54.4,4.15038204193115
51,54.7,0.510779798030853
52,54.9,9.29143714904785
53,55.0,69.7289733886719
54,55.2,1475.62329101563
55,55.3,19.4140682220459
56,55.6,0.685779809951782
57,55.7,0.562614679336548
58,55.9,16.0984706878662
59,56.1,265.324005126953
60,56.2,621.4580078125
61,56.3,31.6462535858154
62,56.5,0.929434239864349
63,56.7,1.28738534450531
64,56.9,13.1329507827759
65,57.1,292.259185791016
66,57.2,663.648498535156
67,57.4,11.8854742050171
68,57.6,22.4249992370605
69,57.7,11.3220949172974
70,57.9,35.8542823791504
71,58.1,170.899688720703
72,58.2,72.8662872314453
73,58.3,20.2417430877686
74,58.6,5.24342489242554
75,58.7,3.32714056968689
76,58.9,32.9276008605957
77,59.1,218.78157043457
78,59.2,152.242660522461
79,59.4,2.45925068855286
80,59.6,2.49969410896301
81,59.7,1.88830280303955
82,59.9,30.3091735839844
83,60.1,255.491897583008
84,60.2,87.3669738769531
85,60.4,3.50168204307556
86,60.6,1.40290522575378
87,60.8,12.0446481704712
88,61.0,84.1420516967773
89,61.1,292.487915039063
90,61.3,11.0533638000488
91,61.6,2.10489296913147
92,61.8,9.15443420410156
93,62.0,92.1964797973633
94,62.1,273.271240234375
95,62.2,330.755340576172
96,62.4,2.8642201423645
97,62.6,0.681574940681458
98,62.8,6.15779829025269
99,63.0,123.755500793457
100,63.1,1469.98779296875
101,63.3,18.1038990020752
102,63.5,1.08302748203278
103,63.7,4.56085634231567
104,63.9,49.5277519226074
105,64.0,174.014831542969
106,64.1,1059.134765625
107,64.3,19.8262233734131
108,64.6,3.54640674591064
109,64.8,6.01360845565796
110,65.0,110.189834594727
111,65.2,2018.05444335938
112,65.3,25.5230121612549
113,65.6,5.61292028427124
114,65.8,12.7185010910034
115,65.9,23.1994647979736
116,66.1,361.868041992188
117,66.2,301.829650878906
118,66.3,20.1337146759033
119,66.5,2.28922009468079
120,66.8,4.84396028518677
121,66.9,16.7793579101563
122,67.1,578.823181152344
123,67.2,482.820648193359
124,67.4,2.09938836097717
125,67.5,1.60657489299774
126,67.8,6.10535144805908
127,68.0,83.8831024169922
128,68.1,192.126373291016
129,68.2,183.476303100586
130,68.4,5.28157472610474
131,68.7,1.76467895507813
132,68.9,17.7026767730713
133,69.0,82.3714065551758
134,69.2,731.287475585938
135,69.3,53.223316192627
136,69.6,13.539984703064
137,69.8,20.0337924957275
138,70.0,83.2097854614258
139,70.2,525.103088378906
140,70.3,43.7538986206055
141,70.6,12.0701837539673
142,70.8,13.637767791748
143,71.0,87.4675064086914
144,71.2,491.500396728516
145,71.3,34.099235534668
146,71.6,3.91536688804626
147,71.8,10.6204891204834
148,72.0,57.1103973388672
149,72.1,104.574691772461
150,72.2,116.693885803223
151,72.4,6.48532104492188
152,72.7,3.84105515480042
153,72.9,27.2780590057373
154,73.1,1137.33544921875
155,73.2,547.746459960938
156,73.4,2.84984707832336
157,73.6,1.78715598583221
158,73.8,6.9839448928833
159,74.0,162.168655395508
160,74.1,433.066528320313
161,74.3,13.7049694061279
162,74.4,2.89518356323242
163,74.7,1.68356263637543
164,74.9,34.7250747680664
165,75.0,146.72492980957
166,75.1,445.150085449219
167,75.3,23.3720188140869
168,75.6,3.81093263626099
169,75.8,12.937614440918
170,75.9,32.4154434204102
171,76.1,314.133270263672
172,76.2,168.859100341797
173,76.4,7.62515306472778
174,76.6,1.1684250831604
175,76.8,6.03539752960205
176,76.9,22.8065757751465
177,77.1,1545.060546875
178,77.2,487.104583740234
179,77.4,2.12048935890198
180,77.7,1.63876152038574
181,77.9,32.1961784362793
182,78.1,666.50341796875
183,78.2,278.520935058594
184,78.3,24.9667434692383
185,78.6,2.52530574798584
186,78.8,6.47706413269043
187,79.0,178.6552734375
188,79.1,1348.50842285156
189,79.3,11.8772172927856
190,79.5,0.433868497610092
191,79.7,3.12385320663452
192,79.9,28.5870037078857
193,80.1,233.345794677734
194,80.2,182.948013305664
195,80.4,4.57782888412476
196,80.5,3.18799686431885
197,80.8,8.34411334991455
198,81.0,149.018661499023
199,81.1,660.472717285156
200,81.3,37.6055030822754
201,81.4,19.9602451324463
202,81.7,16.630199432373
203,81.9,55.9311943054199
204,82.0,104.401374816895
205,82.1,422.474853515625
206,82.3,67.5226287841797
207,82.6,33.3570327758789
208,82.8,38.0508422851563
209,82.9,33.6080284118652
210,83.1,281.041961669922
211,83.2,228.103668212891
212,83.4,9.40940380096436
213,83.5,10.4399080276489
214,83.8,18.7193431854248
215,84.0,86.2288970947266
216,84.2,307.719177246094
217,84.3,29.260627746582
218,84.5,3.16169714927673
219,84.7,5.79258394241333
220,84.9,33.8981666564941
221,85.1,261.473327636719
222,85.2,214.364608764648
223,85.4,6.28746175765991
224,85.6,4.9726300239563
225,85.8,15.1906728744507
226,86.0,82.2604751586914
227,86.1,206.325302124023
228,86.3,9.91139125823975
229,86.4,4.36865425109863
230,86.7,4.7707953453064
231,86.9,57.7507629394531
232,87.0,102.849769592285
233,87.1,224.478744506836
234,87.3,15.1706418991089
235,87.4,8.27217102050781
236,87.7,10.1320333480835
237,87.9,56.3811149597168
238,88.1,156.966506958008
239,88.2,68.9272155761719
240,88.4,9.59350109100342
241,88.6,2.73860859870911
242,88.8,17.1395263671875
243,89.0,216.28157043457
244,89.1,1042.47448730469
245,89.3,21.4111614227295
246,89.6,7.68019866943359
247,89.8,22.5666675567627
248,90.0,68.4996948242188
249,90.1,223.539520263672
250,90.3,23.5845565795898
251,90.5,7.08348608016968
252,90.8,10.0178899765015
253,91.0,145.863372802734
254,91.2,13471.5625
255,91.3,13.068883895874
256,91.6,1.54105508327484
257,91.8,8.90894508361816
258,92.0,116.270568847656
259,92.2,8295.216796875
260,92.3,19.4678897857666
261,92.6,3.16766047477722
262,92.8,9.08853244781494
263,93.0,105.196479797363
264,93.2,934.192810058594
265,93.3,36.0035171508789
266,93.6,17.4440364837646
267,93.8,24.3005352020264
268,94.0,110.782722473145
269,94.1,855.205505371094
270,94.4,57.4626159667969
271,94.5,28.9022941589355
272,94.7,61.9070320129395
273,94.9,62.8525238037109
274,95.1,370.491668701172
275,95.2,153.621948242188
276,95.3,34.0292816162109
277,95.6,8.41032123565674
278,95.8,14.4471712112427
279,96.0,340.017517089844
280,96.1,1162.53796386719
281,96.3,33.6914367675781
282,96.6,8.35955619812012
283,96.8,41.5266036987305
284,97.0,177.180358886719
285,97.1,493.571868896484
286,97.3,39.6194953918457
287,97.6,11.010856628418
288,97.7,7.21934270858765
289,97.9,47.9308090209961
290,98.0,69.1671981811523
291,98.1,220.597396850586
292,98.3,25.4649848937988
293,98.6,7.19954109191895
294,98.8,16.8110847473145
295,99.0,73.5295867919922
296,99.1,66.783561706543
297,99.2,66.5597839355469
298,99.4,8.64136123657227
299,99.7,7.61620807647705
300,99.9,32.6934242248535
301,100.1,75.6102447509766
302,100.2,45.1807327270508
303,100.4,10.6793575286865
304,100.7,8.47974014282227
305,100.9,50.0804290771484
306,101.1,190.888687133789
307,101.2,80.5946502685547
308,101.4,6.91047382354736
309,101.6,8.93080997467041
310,101.8,23.6909790039063
311,101.9,37.5972480773926
312,102.1,237.480117797852
313,102.2,80.6960983276367
314,102.4,6.54174327850342
315,102.6,8.9688835144043
316,102.8,21.7025985717773
317,103.0,245.153137207031
318,103.1,479.762084960938
319,103.3,17.6192665100098
320,103.5,2.83776760101318
321,103.7,10.8314218521118
322,103.9,59.0213317871094
323,104.1,283.972564697266
324,104.2,106.447860717773
325,104.4,4.96422004699707
326,104.5,4.29495429992676
327,104.8,14.133563041687
328,105.0,175.917663574219
329,105.1,1010.16180419922
330,105.3,21.8522930145264
331,105.5,3.80321097373962
332,105.7,9.05481624603271
333,105.9,38.4973258972168
334,106.0,65.284782409668
335,106.1,501.364837646484
336,106.3,38.6980895996094
337,106.6,27.9345569610596
338,106.8,31.5776767730713
339,107.0,133.738677978516
340,107.1,2451.55004882813
341,107.3,26.1317272186279
342,107.5,30.3258419036865
343,107.6,12.9502296447754
344,107.8,32.2380752563477
345,108.0,109.358253479004
346,108.1,1238.19836425781
347,108.2,124.122550964355
348,108.4,15.6861619949341
349,108.7,12.5448007583618
350,108.9,41.6070327758789
351,109.1,311.264129638672
352,109.2,131.862686157227
353,109.4,10.6965599060059
354,109.7,9.77232456207275
355,109.9,42.7175064086914
356,110.1,307.003814697266
357,110.2,93.7889938354492
358,110.4,14.5190362930298
359,110.6,4.63685035705566
360,110.8,18.8883018493652
361,111.0,120.145179748535
362,111.1,203.633483886719
363,111.2,112.02416229248
364,111.4,10.7654438018799
365,111.6,3.7768349647522
366,111.8,18.8484706878662
367,112.0,78.7580261230469
368,112.1,152.716430664063
369,112.3,26.2966365814209
370,112.6,9.12973976135254
371,112.8,20.8710250854492
372,112.9,36.3140678405762
373,113.1,177.115982055664
374,113.2,78.9535903930664
375,113.4,7.20932722091675
376,113.6,8.57996940612793
377,113.8,21.3474006652832
378,114.0,72.3623123168945
379,114.1,80.4402923583984
380,114.3,23.3932723999023
381,114.5,3.2714831829071
382,114.7,5.80749225616455
383,114.9,50.9263763427734
384,115.1,1334.92260742188
385,115.2,203.669570922852
386,115.4,3.29074931144714
387,115.6,7.10619258880615
388,115.8,21.6517581939697
389,115.9,33.0308876037598
390,116.1,350.168579101563
391,116.2,93.3935775756836
392,116.4,4.65565729141235
393,116.6,5.28524446487427
394,116.8,16.8943424224854
395,117.0,171.475921630859
396,117.1,563.048400878906
397,117.3,19.1770648956299
398,117.5,2.72270631790161
399,117.7,10.3325691223145
400,117.9,50.1827201843262
401,118.1,252.543579101563
402,118.2,87.1061935424805
403,118.4,7.9573392868042
404,118.5,9.71047401428223
405,118.8,18.7982406616211
406,119.0,263.653503417969
407,119.1,403.493591308594
408,119.2,210.822937011719
409,119.5,16.080810546875
410,119.7,23.392126083374
411,119.9,56.8073387145996
412,120.1,289.128753662109
413,120.2,215.105651855469
414,120.4,12.2505350112915
415,120.7,11.344877243042
416,120.9,50.3785934448242
417,121.1,1104.49548339844
418,121.2,186.941970825195
419,121.4,8.22102451324463
420,121.7,9.58073425292969
421,121.9,42.6275978088379
422,122.1,894.775085449219
423,122.2,112.568733215332
424,122.4,15.1386089324951
425,122.7,12.5600156784058
426,122.9,40.2253837585449
427,123.1,312.974395751953
428,123.2,95.3409805297852
429,123.4,6.54036712646484
430,123.6,9.00168228149414
431,123.7,6.59457206726074
432,123.9,38.1253814697266
433,124.0,70.4011459350586
434,124.1,209.369262695313
435,124.3,15.1439599990845
436,124.4,9.71414375305176
437,124.6,3.1359326839447
438,124.8,22.4385318756104
439,124.9,44.7430419921875
440,125.1,223.730880737305
441,125.2,76.6637649536133
442,125.4,13.414755821228
443,125.7,13.5872325897217
444,125.9,53.2450294494629
445,126.1,280.785766601563
446,126.2,95.2925109863281
447,126.4,6.01337909698486
448,126.6,10.2034406661987
449,126.8,18.9372329711914
450,127.0,146.94938659668
451,127.1,280.887908935547
452,127.2,109.747856140137
453,127.4,6.60206413269043
454,127.6,10.3053512573242
455,127.7,5.00214052200317
456,127.9,37.6675834655762
457,128.1,848.778198242188
458,128.2,175.146942138672
459,128.4,7.2836389541626
460,128.6,2.33203363418579
461,128.8,13.7105503082275
462,129.0,133.108413696289
463,129.1,547.798645019531
464,129.2,156.426681518555
465,129.4,7.90932703018188
466,129.6,2.87714076042175
467,129.8,16.1944198608398
468,130.0,96.1575698852539
469,130.1,292.645172119141
470,130.3,24.46750831604
471,130.6,9.30649852752686
472,130.8,20.4962539672852
473,130.9,32.6716346740723
474,131.1,736.724060058594
475,131.2,142.521102905273
476,131.4,18.345947265625
477,131.7,18.4168968200684
478,131.9,51.0100898742676
479,132.1,386.308868408203
480,132.2,91.2744674682617
481,132.4,2.3910551071167
482,132.6,1.70902144908905
483,132.8,8.21330261230469
484,133.0,541.15380859375
485,133.1,869.809997558594
486,133.2,136.539672851563
487,133.4,2.23715591430664
488,133.7,5.8584098815918
489,133.9,79.5304260253906
490,134.1,426.720550537109
491,134.2,138.381423950195
492,134.4,6.06215620040894
493,134.7,5.27629947662354
494,134.9,54.7124633789063
495,135.1,563.074035644531
496,135.2,143.833023071289
497,135.4,2.68004584312439
498,135.6,3.77943420410156
499,135.7,5.08952617645264
500,135.9,48.6121559143066
501,136.1,383.275695800781
502,136.2,103.076988220215
503,136.4,4.42110109329224
504,136.6,4.83272171020508
505,136.7,4.35412836074829
506,136.9,57.3235473632813
507,137.0,110.002754211426
508,137.1,200.798477172852
509,137.3,18.1433486938477
510,137.5,2.14036703109741
511,137.7,6.24128437042236
512,137.9,42.7452583312988
513,138.0,63.312614440918
514,138.1,127.019645690918
515,138.3,20.8251533508301
516,138.5,3.06345558166504
517,138.7,8.5974006652832
518,138.9,49.075382232666
519,139.1,363.752380371094
520,139.2,75.2570343017578
521,139.4,5.28860855102539
522,139.6,6.58004570007324
523,139.7,5.38264513015747
524,139.9,38.0209465026855
525,140.1,120.714370727539
526,140.2,54.4908256530762
527,140.4,9.45535182952881
528,140.6,3.15993881225586
529,140.8,14.6798162460327
530,141.0,127.212615966797
531,141.1,751.152526855469
532,141.3,12.6847095489502
533,141.5,6.59602451324463
534,141.6,2.9782874584198
535,141.8,14.2567281723022
536,142.0,113.651145935059
537,142.1,417.769195556641
538,142.3,18.4988536834717
539,142.5,3.39908266067505
540,142.7,9.05351638793945
541,142.9,31.2016048431396
542,143.1,337.991363525391
543,143.2,91.4955673217773
544,143.3,21.7128448486328
545,143.6,8.99625396728516
546,143.8,15.6042814254761
547,144.0,96.3181991577148
548,144.1,330.151611328125
549,144.2,110.920715332031
550,144.4,11.5361623764038
551,144.7,11.0383024215698
552,144.9,42.181957244873
553,145.0,105.138458251953
554,145.1,709.923522949219
555,145.3,16.910551071167
556,145.6,6.00145244598389
557,145.8,17.2932720184326
558,146.0,100.675079345703
559,146.1,421.677459716797
560,146.3,12.5611619949341
561,146.6,1.6795107126236
562,146.8,6.54304265975952
563,147.0,379.259033203125
564,147.1,718.737976074219
565,147.3,6.89243125915527
566,147.5,0.339143723249435
567,147.7,4.20810413360596
568,147.9,53.930046081543
569,148.1,354.714752197266
570,148.2,71.1300430297852
571,148.3,16.0814990997314
572,148.6,3.88035178184509
573,148.8,18.7598628997803
574,149.0,188.551834106445
575,149.1,228.379898071289
576,149.3,11.9765291213989
577,149.4,4.22010707855225
578,149.6,1.99556577205658
579,149.8,16.6176605224609
580,150.0,137.316665649414
581,150.1,226.095260620117
582,150.3,11.7573394775391
583,150.4,5.41995429992676
584,150.6,2.26651382446289
585,150.8,14.5310401916504
586,151.0,221.202453613281
587,151.1,269.74365234375
588,151.3,12.1944189071655
589,151.6,3.94373083114624
590,151.7,3.21659016609192
591,151.9,34.5971717834473
592,152.1,602.021728515625
593,152.2,98.9487762451172
594,152.4,5.79510688781738
595,152.7,6.45084095001221
596,152.9,35.9202613830566
597,153.1,424.040679931641
598,153.2,85.2707977294922
599,153.4,4.83593273162842
600,153.7,6.24839448928833
601,153.9,38.5513000488281
602,154.1,214.572784423828
603,154.2,61.4795875549316
604,154.3,18.8248462677002
605,154.6,5.76727819442749
606,154.7,4.79992341995239
607,154.9,32.8128433227539
608,155.1,422.517059326172
609,155.2,102.291206359863
610,155.3,13.7097854614258
611,155.5,2.48600912094116
612,155.7,6.61582565307617
613,155.9,27.2425079345703
614,156.1,370.398468017578
615,156.2,68.6777496337891
616,156.3,16.7979354858398
617,156.6,4.98111629486084
618,156.8,11.600305557251
619,157.0,96.1278305053711
620,157.1,560.403381347656
621,157.3,9.71269130706787
622,157.4,4.85359334945679
623,157.6,2.00779819488525
624,157.8,10.2150611877441
625,158.0,94.7172775268555
626,158.1,438.910705566406
627,158.2,97.0357055664063
628,158.4,4.67255353927612
629,158.7,5.85871553421021
630,158.8,8.33570289611816
631,159.0,107.489677429199
632,159.1,467.976135253906
633,159.3,11.8519878387451
634,159.6,4.13249254226685
635,159.8,11.50963306427
636,160.0,84.4373092651367
637,160.1,332.802001953125
638,160.3,9.83662033081055
639,160.4,4.02691125869751
640,160.6,1.89273703098297
641,160.8,28.1551990509033
642,161.0,204.489608764648
643,161.1,348.787170410156
644,161.3,7.71796655654907
645,161.5,1.13348627090454
646,161.7,7.71819591522217
647,161.8,14.8198013305664
648,162.0,118.466743469238
649,162.1,254.428283691406
650,162.3,8.99495410919189
651,162.4,3.67148327827454
652,162.7,4.95779800415039
653,162.9,113.722557067871
654,163.0,429.621704101563
655,163.2,53.8928909301758
656,163.4,1.32117736339569
657,163.6,2.80191135406494
658,163.8,18.3870792388916
659,163.9,39.9749221801758
660,164.1,212.483947753906
661,164.2,62.2834854125977
662,164.4,1.92966365814209
663,164.6,1.82117736339569
664,164.8,15.2982416152954
665,165.0,270.967803955078
666,165.1,652.991577148438
667,165.2,89.024543762207
668,165.4,1.53172779083252
669,165.7,4.38157510757446
670,165.9,48.6996192932129
671,166.1,334.798614501953
672,166.2,64.28662109375
673,166.4,3.16200304031372
674,166.6,1.58501529693604
675,166.8,13.095871925354
676,166.9,24.9217891693115
677,167.1,271.90283203125
678,167.2,71.4934234619141
679,167.4,2.72928142547607
680,167.6,3.28318047523499
681,167.7,2.9888379573822
682,167.9,29.6465587615967
683,168.0,70.4973983764648
684,168.1,194.748626708984
685,168.3,12.6906728744507
686,168.5,1.68081045150757
687,168.7,4.11131477355957
688,168.8,6.69870042800903
689,169.0,86.339599609375
690,169.1,306.847259521484
691,169.3,11.1370029449463
692,169.6,2.96123862266541
693,169.8,9.18952560424805
694,170.0,72.6565017700195
695,170.1,229.375762939453
696,170.2,117.014984130859
697,170.4,4.26146793365479
698,170.6,1.35229361057281
699,170.8,8.76185035705566
700,171.0,99.1178131103516
701,171.1,289.395629882813
702,171.2,93.1761474609375
703,171.4,2.08058094978333
704,171.6,2.81743121147156
705,171.7,2.19258403778076
706,171.9,22.8849391937256
707,172.1,367.846496582031
708,172.2,84.8395233154297
709,172.4,1.83463299274445
710,172.6,2.70259928703308
711,172.7,2.36788988113403
712,172.9,25.1883029937744
713,173.1,275.209320068359
714,173.2,85.6035919189453
715,173.4,2.11529040336609
716,173.6,2.38608551025391
717,173.8,9.22622299194336
718,173.9,21.1300449371338
719,174.1,229.842361450195
720,174.2,72.6565780639648
721,174.4,3.18891429901123
722,174.7,4.98769092559814
723,174.9,40.8379974365234
724,175.0,81.5061950683594
725,175.1,201.376525878906
726,175.3,10.1682720184326
727,175.6,2.37071871757507
728,175.8,18.1824932098389
729,176.0,191.948928833008
730,176.1,280.526458740234
731,176.3,8.87874603271484
732,176.5,0.544113159179688
733,176.7,2.53035163879395
734,176.9,115.301071166992
735,177.0,551.078308105469
736,177.2,38.6485481262207
737,177.3,7.82194185256958
738,177.5,0.527370035648346
739,177.7,4.71827220916748
740,177.9,64.4124603271484
741,178.1,497.944946289063
742,178.2,67.2168960571289
743,178.3,8.51559638977051
744,178.6,1.53310394287109
745,178.8,15.0801219940186
746,179.0,268.777069091797
747,179.1,335.992736816406
748,179.2,72.1512222290039
749,179.4,1.61039757728577
750,179.7,3.608562707901
751,179.9,45.5
752,180.0,101.338073730469
753,180.1,261.159637451172
754,180.3,11.1296634674072
755,180.6,2.12614679336548
756,180.8,11.6337156295776
757,181.0,130.670028686523
758,181.1,377.718048095703
759,181.2,74.2152938842773
760,181.4,2.90451073646545
761,181.7,3.14579510688782
762,181.8,6.40451049804688
763,182.0,92.0782089233398
764,182.1,320.414825439453
765,182.3,7.06047391891479
766,182.4,3.28547406196594
767,182.6,1.05581045150757
768,182.8,7.72821092605591
769,183.0,84.6892166137695
770,183.1,245.507415771484
771,183.3,7.96444940567017
772,183.4,3.38119268417358
773,183.6,1.06337916851044
774,183.8,7.93272161483765
775,184.0,92.2801971435547
776,184.1,302.356109619141
777,184.3,8.72377681732178
778,184.6,1.9615443944931
779,184.8,7.81880712509155
780,185.0,90.9277496337891
781,185.1,210.384780883789
782,185.3,9.30718612670898
783,185.6,1.77392971515656
784,185.8,8.24954128265381
785,186.0,79.2873077392578
786,186.1,207.910781860352
787,186.3,10.1233949661255
788,186.6,2.17094802856445
789,186.8,9.23761463165283
790,187.0,112.822937011719
791,187.1,127.831878662109
792,187.2,55.8002281188965
793,187.4,2.8802752494812
794,187.7,3.60374617576599
795,187.8,6.45848608016968
796,188.0,87.7889175415039
797,188.1,102.068809509277
798,188.2,55.8449554443359
799,188.4,1.81941890716553
800,188.6,1.95779812335968
801,188.8,11.5419721603394
802,189.0,204.152374267578
803,189.1,364.120941162109
804,189.3,6.93172788619995
805,189.6,1.64212536811829
806,189.8,10.6649084091187
807,190.0,117.892585754395
808,190.1,193.52018737793
809,190.3,8.1159782409668
810,190.6,1.36605501174927
811,190.8,10.4180431365967
812,190.9,52.6865425109863
813,191.0,1558.88842773438
814,191.2,48.6423530578613
815,191.3,5.35519886016846
816,191.6,1.3095566034317
817,191.7,1.75107038021088
818,191.9,79.9231643676758
819,192.1,493.076751708984
820,192.2,59.8502311706543
821,192.3,9.79334831237793
822,192.6,1.80626916885376
823,192.8,11.7989292144775
824,193.0,665.864135742188
825,193.1,563.377624511719
826,193.3,6.30550479888916
827,193.5,0.453593283891678
828,193.7,2.93914365768433
829,193.9,67.8095550537109
830,194.1,418.339141845703
831,194.2,73.6941909790039
832,194.3,8.82117748260498
833,194.6,2.00007653236389
834,194.8,14.4597091674805
835,194.9,41.8301239013672
836,195.1,503.844879150391
837,195.2,80.5600128173828
838,195.3,6.69633007049561
839,195.6,1.56903672218323
840,195.8,9.34204864501953
841,196.0,86.7631530761719
842,196.1,359.348999023438
843,196.3,11.0675840377808
844,196.6,1.94411313533783
845,196.7,2.65542817115784
846,196.9,28.4882259368896
847,197.1,336.895568847656
848,197.2,60.927906036377
849,197.4,1.79862380027771
850,197.6,1.59808874130249
851,197.7,1.89396023750305
852,197.9,24.1952590942383
853,198.1,295.475921630859
854,198.2,54.5113906860352
855,198.3,8.20351696014404
856,198.6,1.9509174823761
857,198.8,7.65871572494507
858,199.0,80.3339462280273
859,199.1,143.354736328125
860,199.3,9.84625339508057
861,199.5,0.687538206577301
862,199.7,3.09594798088074
863,199.9,30.3893737792969
864,200.1,214.125534057617
865,200.2,43.0017585754395
866,200.3,10.8105506896973
867,200.6,2.80512237548828
868,200.8,9.36674308776855
869,201.0,95.7664337158203
870,201.1,123.193046569824
871,201.3,10.840672492981
872,201.5,0.939143717288971
873,201.7,3.04992365837097
874,201.9,25.9598617553711
875,202.0,120.505500793457
876,202.1,320.71484375
877,202.3,9.07974052429199
878,202.6,2.05558109283447
879,202.8,14.4372320175171
880,203.0,144.648544311523
881,203.1,211.00358581543
882,203.3,7.49518346786499
883,203.6,1.70886850357056
884,203.8,10.3155965805054
885,204.0,97.1458740234375
886,204.1,134.469955444336
887,204.3,7.76498460769653
888,204.4,2.61834859848022
889,204.7,4.24189615249634
890,204.9,54.7076454162598
891,205.1,288.919494628906
892,205.2,53.5450286865234
893,205.3,8.43983173370361
894,205.6,1.70779812335968
895,205.8,5.54984712600708
896,206.0,48.2755355834961
897,206.1,149.517044067383
898,206.2,45.647705078125
899,206.4,0.789373099803925
900,206.6,1.16422021389008
901,206.8,11.4067277908325
902,207.0,3200.78198242188
903,207.1,9301.5048828125
904,207.3,3.05573391914368
905,207.4,0.882492363452911
906,207.7,2.70626902580261
907,207.9,34.0449523925781
908,208.1,2860.09326171875
909,208.2,67.5084075927734
910,208.4,0.950764536857605
911,208.6,1.24556577205658
912,208.8,9.68348598480225
913,209.0,882.029602050781
914,209.1,1079.81237792969
915,209.3,3.55741596221924
916,209.5,0.298929661512375
917,209.7,2.02492356300354
918,209.9,57.6578750610352
919,210.0,182.639221191406
920,210.1,374.607269287109
921,210.3,5.78088665008545
922,210.5,2.01651382446289
923,210.7,3.24785923957825
924,210.9,54.6352462768555
925,211.1,382.522003173828
926,211.2,59.1660537719727
927,211.4,1.76406729221344
928,211.6,0.717278301715851
929,211.8,9.56215572357178
930,211.9,19.6188831329346
931,212.1,259.833404541016
932,212.2,53.211009979248
933,212.4,2.48241591453552
934,212.7,3.32912850379944
935,212.8,6.27614688873291
936,213.0,120.108871459961
937,213.1,177.99365234375
938,213.3,7.53058099746704
939,213.6,1.56529057025909
940,213.8,9.06743144989014
941,214.0,85.5889129638672
942,214.1,80.3897552490234
943,214.2,41.0715599060059
944,214.4,2.88486242294312
945,214.6,1.08967888355255
946,214.8,7.33310413360596
947,215.0,113.594039916992
948,215.1,214.852752685547
949,215.2,56.8173561096191
950,215.4,1.39533638954163
951,215.6,1.54388380050659
952,215.7,2.07484698295593
953,215.9,27.2813453674316
954,216.1,216.606338500977
955,216.2,47.7573394775391
956,216.4,1.49763000011444
957,216.6,2.10129976272583
958,216.8,8.3704891204834
959,217.0,82.6327209472656
960,217.1,101.145645141602
961,217.2,41.4817276000977
962,217.4,1.88753819465637
963,217.6,2.36399078369141
964,217.7,2.33600926399231
965,217.9,26.6399078369141
966,218.0,73.2477035522461
967,218.1,151.5859375
968,218.3,8.94281387329102
969,218.6,2.549311876297
970,218.8,11.2933483123779
971,219.0,92.7842483520508
972,219.1,176.694412231445
973,219.3,7.51330280303955
974,219.5,0.938302755355835
975,219.7,4.21444940567017
976,219.8,6.82240056991577
977,220.0,69.3116989135742
978,220.1,193.682342529297
979,220.3,8.16376113891602
980,220.6,1.63081037998199
981,220.8,9.095871925354
982,221.0,219.300231933594
983,221.1,365.286865234375
984,221.3,7.06758403778076
985,221.6,1.57897555828094
986,221.8,10.7714071273804
987,222.0,112.596710205078
988,222.1,240.695266723633
989,222.3,9.94999980926514
990,222.5,0.876376152038574
991,222.7,4.50214052200317
992,222.9,40.8186531066895
993,223.1,251.428817749023
994,223.2,64.1095581054688
995,223.4,2.10481643676758
996,223.6,1.11047399044037
997,223.8,9.271559715271
998,224.0,91.8766784667969
999,224.1,224.044036865234
1000,224.3,10.6814985275269
1001,224.6,2.18662071228027
1002,224.8,11.7402906417847
1003,225.0,114.364753723145
1004,225.1,126.336776733398
1005,225.2,53.3057327270508
1006,225.4,2.47905206680298
1007,225.7,3.0158257484436
1008,225.9,27.6432723999023
1009,226.1,288.987762451172
1010,226.2,45.0805816650391
1011,226.3,9.27438831329346
1012,226.6,1.61146783828735
1013,226.7,2.43157482147217
1014,226.9,29.6660556793213
1015,227.1,163.409866333008
1016,227.2,39.7234725952148
1017,227.4,2.67561173439026
1018,227.7,3.06796646118164
1019,227.9,25.9504585266113
1020,228.0,74.7019882202148
1021,228.1,153.498626708984
1022,228.3,9.10703372955322
1023,228.6,2.10779809951782
1024,228.8,8.44701862335205
1025,229.0,84.4609298706055
1026,229.1,154.577056884766
1027,229.3,6.75244665145874
1028,229.4,2.76108551025391
1029,229.7,3.01811933517456
1030,229.9,26.897554397583
1031,230.0,55.2524452209473
1032,230.1,178.797317504883
1033,230.3,11.3977832794189
1034,230.6,3.00611615180969
1035,230.8,7.640061378479
1036,230.9,16.3762226104736
1037,231.1,225.941436767578
1038,231.2,50.7379951477051
1039,231.4,1.94900608062744
1040,231.6,1.77637612819672
1041,231.7,1.98409783840179
1042,231.9,22.4263000488281
1043,232.1,221.888687133789
1044,232.2,50.6241607666016
1045,232.4,3.04166674613953
1046,232.7,3.67209482192993
1047,232.9,23.2978591918945
1048,233.1,178.033493041992
1049,233.2,40.882568359375
1050,233.4,2.77025985717773
1051,233.7,3.85672783851624
1052,233.9,22.3914375305176
1053,234.0,62.621711730957
1054,234.1,189.078826904297
1055,234.3,8.41934204101563
1056,234.6,2.99067282676697
1057,234.8,16.6753063201904
1058,235.0,103.545257568359
1059,235.1,163.969955444336
1060,235.3,6.75443410873413
1061,235.6,2.6952600479126
1062,235.8,10.1690368652344
1063,236.0,85.541130065918
1064,236.1,149.437545776367
1065,236.3,8.24472522735596
1066,236.5,1.1139143705368
1067,236.7,5.57989311218262
1068,236.9,39.4336395263672
1069,237.1,191.791137695313
1070,237.2,43.3371543884277
1071,237.4,3.51865434646606
1072,237.7,4.59189605712891
1073,237.9,25.7899856567383
1074,238.1,162.265823364258
1075,238.2,38.6058120727539
1076,238.3,9.16873073577881
1077,238.6,2.17645263671875
1078,238.7,2.63157486915588
1079,238.9,31.0392208099365
1080,239.1,217.512161254883
1081,239.2,43.4320335388184
1082,239.4,1.7558867931366
1083,239.6,1.85114681720734
1084,239.8,7.09587144851685
1085,240.0,89.5200271606445
1086,240.1,125.567886352539
1087,240.3,8.71536731719971
1088,240.5,0.922706425189972
1089,240.7,3.26146793365479
1090,240.9,24.4522933959961
1091,241.1,119.692657470703
1092,241.2,27.73073387146
1093,241.3,8.62339496612549
1094,241.6,2.01628446578979
1095,241.7,1.68409788608551
1096,241.9,24.3926601409912
1097,242.0,57.7203369140625
1098,242.1,115.608253479004
1099,242.3,8.6144495010376
1100,242.6,1.92133033275604
1101,242.8,7.5870795249939
1102,243.0,63.552677154541
1103,243.1,106.063301086426
1104,243.3,7.78944969177246
1105,243.6,1.82805812358856
1106,243.8,7.51613140106201
1107,243.9,15.9834098815918
1108,244.1,159.548934936523
1109,244.2,47.7662086486816
1110,244.4,2.17706418037415
1111,244.5,2.17645263671875
1112,244.7,1.89747703075409
1113,244.9,18.6485481262207
1114,245.0,60.221866607666
1115,245.1,190.133026123047
1116,245.3,5.31659030914307
1117,245.4,2.86376142501831
1118,245.7,2.96926593780518
1119,245.9,18.3229351043701
1120,246.1,214.620864868164
1121,246.2,43.267276763916
1122,246.3,8.61720180511475
1123,246.5,1.16131496429443
1124,246.7,3.43891429901123
1125,246.9,24.0266819000244
1126,247.0,61.1009178161621
1127,247.1,138.98844909668
1128,247.3,7.35825681686401
1129,247.6,2.37851691246033
1130,247.7,2.55068802833557
1131,247.9,22.8201065063477
1132,248.1,185.806503295898
1133,248.2,42.7551231384277
1134,248.5,2.54808878898621
1135,248.6,1.17278289794922
1136,248.8,21.2971706390381
1137,248.9,121.761009216309
1138,249.0,331.782043457031
1139,249.2,23.2811164855957
1140,249.3,4.21536684036255
1141,249.6,1.98126912117004
1142,249.8,19.1295108795166
1143,250.0,150.504592895508
1144,250.1,150.226531982422
1145,250.3,7.39319562911987
1146,250.6,2.67568802833557
1147,250.8,24.1482410430908
1148,250.9,82.1163635253906
1149,251.0,233.904510498047
1150,251.2,28.3396015167236
1151,251.4,2.17033648490906
1152,251.7,5.69403648376465
1153,251.9,46.3676605224609
1154,252.0,92.276985168457
1155,252.1,155.990447998047
1156,252.3,7.45344018936157
1157,252.4,3.30481648445129
1158,252.7,5.96934270858765
1159,252.8,14.6973237991333
1160,253.0,136.354431152344
1161,253.1,87.3394470214844
1162,253.2,32.1036682128906
1163,253.4,2.65496945381165
1164,253.7,4.84097862243652
1165,253.9,32.7449531555176
1166,254.1,120.916358947754
1167,254.2,28.3253059387207
1168,254.3,8.93501567840576
1169,254.6,2.29977059364319
1170,254.8,10.938455581665
1171,254.9,24.7845573425293
1172,255.1,111.867431640625
1173,255.2,30.7545108795166
1174,255.4,1.90298163890839
1175,255.6,1.8427369594574
1176,255.8,7.88922023773193
1177,256.0,62.7163619995117
1178,256.1,108.692276000977
1179,256.3,7.62339448928833
1180,256.4,3.16574931144714
1181,256.7,3.04625391960144
1182,256.8,5.24740076065063
1183,257.0,55.5455665588379
1184,257.1,90.2503814697266
1185,257.3,8.0652904510498
1186,257.6,2.06827211380005
1187,257.8,7.59357786178589
1188,258.0,64.4986267089844
1189,258.1,92.2945709228516
1190,258.2,38.1727828979492
1191,258.4,3.26475524902344
1192,258.6,0.821559607982635
1193,258.8,6.90229368209839
1194,259.0,63.0447235107422
1195,259.1,130.257873535156
1196,259.3,7.85902118682861
1197,259.6,1.93929660320282
1198,259.7,1.72484707832336
1199,259.9,16.3846321105957
1200,260.1,163.796096801758
1201,260.2,51.0754585266113
1202,260.4,2.02492356300354
1203,260.6,2.09457182884216
1204,260.8,7.59564208984375
1205,261.0,68.3441162109375
1206,261.1,110.430198669434
1207,261.3,5.58019876480103
1208,261.4,2.54877686500549
1209,261.7,2.68493890762329
1210,261.9,19.4315757751465
1211,262.1,150.177215576172
1212,262.2,36.2077980041504
1213,262.4,1.93172788619995
1214,262.6,2.17660546302795
1215,262.8,8.96085643768311
1216,263.0,89.7286682128906
1217,263.1,103.459785461426
1218,263.3,6.8084864616394
1219,263.4,2.84564208984375
1220,263.7,3.10718655586243
1221,263.9,25.5402908325195
1222,264.1,121.739448547363
1223,264.2,36.1922035217285
1224,264.4,1.58723247051239
1225,264.6,2.16070342063904
1226,264.7,2.45022940635681
1227,264.9,100.486541748047
1228,265.0,398.017211914063
1229,265.2,21.8036689758301
1230,265.3,4.37171268463135
1231,265.5,0.682415902614594
1232,265.7,3.69143724441528
1233,265.9,53.4926605224609
1234,266.0,87.760627746582
1235,266.1,134.986618041992
1236,266.3,7.61957168579102
1237,266.4,3.54648327827454
1238,266.7,7.22140693664551
1239,266.9,159.54411315918
1240,267.0,520.6416015625
1241,267.2,15.1903667449951
1242,267.3,4.51735496520996
1243,267.5,0.815749228000641
1244,267.7,5.9460244178772
1245,267.9,81.7168197631836
1246,268.0,107.474617004395
1247,268.1,112.191131591797
1248,268.3,7.77324151992798
1249,268.6,2.78577971458435
1250,268.8,20.8726291656494
1251,269.0,143.87629699707
1252,269.1,100.758102416992
1253,269.3,6.4952597618103
1254,269.6,2.11597847938538
1255,269.8,11.2176609039307
1256,270.0,81.2786712646484
1257,270.1,115.452827453613
1258,270.3,8.34510707855225
1259,270.6,2.56337928771973
1260,270.7,3.47545862197876
1261,270.9,26.9834098815918
1262,271.1,118.786697387695
1263,271.2,23.5827217102051
1264,271.3,8.01873111724854
1265,271.6,2.26406717300415
1266,271.7,2.27637624740601
1267,271.9,21.3700313568115
1268,272.1,116.713989257813
1269,272.2,37.4724006652832
1270,272.4,3.13287472724915
1271,272.7,3.41139149665833
1272,272.8,5.18761444091797
1273,273.0,57.371711730957
1274,273.1,83.303825378418
1275,273.3,8.46100902557373
1276,273.6,1.97201836109161
1277,273.8,6.94243097305298
1278,274.0,68.8285140991211
1279,274.1,116.914909362793
1280,274.3,8.36490821838379
1281,274.6,2.05840969085693
1282,274.8,7.52782869338989
1283,274.9,14.2490825653076
1284,275.1,88.7557373046875
1285,275.2,22.5188064575195
1286,275.3,8.41123867034912
1287,275.6,2.22117733955383
1288,275.8,8.30649852752686
1289,276.0,82.1037445068359
1290,276.1,81.4404449462891
1291,276.2,37.5457191467285
1292,276.4,1.98402142524719
1293,276.6,2.17545866966248
1294,276.8,8.2681188583374
1295,277.0,60.7243118286133
1296,277.1,67.4038238525391
1297,277.3,9.27392959594727
1298,277.6,2.07308864593506
1299,277.7,2.32255363464355
1300,277.9,25.4309635162354
1301,278.0,45.1036682128906
1302,278.1,72.3012237548828
1303,278.3,6.89487791061401
1304,278.4,3.87683486938477
1305,278.7,3.91177368164063
1306,278.9,29.3349380493164
1307,279.1,88.3146057128906
1308,279.2,21.9606266021729
1309,279.3,8.96261501312256
1310,279.6,2.31880736351013
1311,279.8,6.22408246994019
1312,280.0,27.9206428527832
1313,280.1,23.6069564819336
1314,280.2,15.034556388855
1315,280.4,1.13318037986755
1316,280.6,3.35948014259338
1317,280.8,20.7244644165039
1318,281.0,2937.9765625
1319,281.1,2083.26293945313
1320,281.3,3.99885320663452
1321,281.5,0.549541294574738
1322,281.7,4.33478593826294
1323,281.9,45.5344047546387
1324,282.0,812.33935546875
1325,282.1,686.08984375
1326,282.3,4.73348617553711
1327,282.5,0.880657494068146
1328,282.7,4.71376132965088
1329,282.9,55.1284408569336
1330,283.0,980.789428710938
1331,283.2,22.1010704040527
1332,283.4,1.63784408569336
1333,283.7,3.13172793388367
1334,283.8,9.00382232666016
1335,284.0,186.617736816406
1336,284.1,142.847702026367
1337,284.3,6.9626145362854
1338,284.5,1.48394501209259
1339,284.7,5.26337909698486
1340,284.9,49.0315742492676
1341,285.0,78.4405212402344
1342,285.1,95.4313430786133
1343,285.3,7.3810396194458
1344,285.5,0.855275213718414
1345,285.7,3.90649843215942
1346,285.9,27.3017578125
1347,286.0,46.6315765380859
1348,286.1,82.3134536743164
1349,286.3,8.7344799041748
1350,286.6,2.50259947776794
1351,286.8,9.82584095001221
1352,286.9,18.4712543487549
1353,287.1,88.394416809082
1354,287.2,27.307186126709
1355,287.4,2.2116973400116
1356,287.6,2.01207947731018
1357,287.8,7.49220180511475
1358,288.0,54.6059646606445
1359,288.1,75.2353973388672
1360,288.3,7.76047420501709
1361,288.6,2.12186551094055
1362,288.8,9.55068778991699
1363,289.0,52.3457183837891
1364,289.1,58.2480125427246
1365,289.3,8.09594821929932
1366,289.6,1.98295104503632
1367,289.8,8.58501529693604
1368,290.0,60.8379211425781
1369,290.1,68.8292846679688
1370,290.3,9.23096370697021
1371,290.6,2.06681966781616
1372,290.7,2.29105496406555
1373,290.9,21.9282875061035
1374,291.0,27.020336151123
1375,291.1,41.1572647094727
1376,291.3,5.97110080718994
1377,291.4,2.79082560539246
1378,291.7,3.39418959617615
1379,291.9,22.637767791748
1380,292.1,72.6076431274414
1381,292.2,26.8188076019287
1382,292.4,2.9135320186615
1383,292.6,2.67064213752747
1384,292.8,10.840443611145
1385,293.0,54.1934242248535
1386,293.1,46.1480903625488
1387,293.3,7.22308874130249
1388,293.6,2.31681966781616
1389,293.8,9.12056541442871
1390,294.0,52.604434967041
1391,294.1,39.9838676452637
1392,294.2,29.7200298309326
1393,294.4,3.99113154411316
1394,294.6,1.79663610458374
1395,294.8,12.9655199050903
1396,295.0,77.0891418457031
1397,295.1,52.554126739502
1398,295.2,34.0755348205566
1399,295.4,2.15642189979553
1400,295.6,2.48195719718933
1401,295.8,9.81704902648926
1402,296.0,60.1525230407715
1403,296.1,72.1382293701172
1404,296.3,9.35863876342773
1405,296.6,3.15229368209839
1406,296.8,10.0451068878174
1407,296.9,17.6654434204102
1408,297.1,63.2908248901367
1409,297.2,25.2722473144531
1410,297.4,3.51070332527161
1411,297.7,3.48662090301514
1412,297.8,5.72622346878052
1413,298.0,48.7102432250977
1414,298.1,58.1954116821289
1415,298.3,6.37691116333008
1416,298.4,3.80366969108582
1417,298.6,1.82178902626038
1418,298.8,10.8854742050171
1419,299.0,55.8136100769043
1420,299.1,52.1346321105957
1421,299.3,5.7276759147644
1422,299.4,3.46995401382446
1423,299.7,3.75496935844421
1424,299.9,22.6499996185303
1425,300.1,76.507568359375
1426,300.2,26.1097850799561
1427,300.4,2.01207947731018
1428,300.6,2.37087154388428
1429,300.8,7.99984693527222
1430,301.0,37.605655670166
1431,301.1,40.0652923583984
1432,301.3,5.00137615203857
1433,301.4,3.01123857498169
1434,301.7,3.64365434646606
1435,301.8,6.16666650772095
1436,302.0,48.4760704040527
1437,302.1,33.4903678894043
1438,302.2,22.2438068389893
1439,302.4,2.44831800460815
1440,302.6,2.35252285003662
1441,302.7,2.23042821884155
1442,302.9,18.775764465332
1443,303.1,39.3603210449219
1444,303.2,12.3030576705933
1445,303.3,8.08929634094238
1446,303.6,2.44006109237671
1447,303.7,2.47171258926392
1448,303.9,19.2138385772705
1449,304.1,49.8165130615234
1450,304.2,22.9733180999756
1451,304.4,3.81613159179688
1452,304.7,3.58333325386047
1453,304.8,6.16597843170166
1454,305.0,32.8408241271973
1455,305.1,29.2815742492676
1456,305.3,7.69701814651489
1457,305.6,2.02217125892639
1458,305.8,8.44587135314941
1459,306.0,44.4308853149414
1460,306.1,39.8558120727539
1461,306.3,6.13899087905884
1462,306.4,3.83004593849182
1463,306.7,4.32010698318481
1464,306.8,6.5494647026062
1465,307.0,33.1590232849121
1466,307.1,29.8105506896973
1467,307.3,7.33952617645264
1468,307.5,1.44373083114624
1469,307.7,3.44793581962585
1470,307.8,6.35428142547607
1471,308.0,40.7289009094238
1472,308.1,40.8321876525879
1473,308.3,8.98837947845459
1474,308.6,2.68937301635742
1475,308.8,8.87201881408691
1476,309.0,35.2743873596191
1477,309.1,36.8316497802734
1478,309.3,5.53952598571777
1479,309.4,3.77836394309998
1480,309.7,3.58493876457214
1481,309.8,6.01712560653687
1482,310.0,39.634708404541
1483,310.1,44.6183471679688
1484,310.3,8.36093235015869
1485,310.6,3.80741596221924
1486,310.8,11.4136848449707
1487,310.9,17.7958717346191
1488,311.1,44.143196105957
1489,311.2,12.5331039428711
1490,311.3,6.88081026077271
1491,311.5,1.72163605690002
1492,311.7,4.48409795761108
1493,311.8,6.54082584381104
1494,312.0,36.6737785339355
1495,312.1,37.7058868408203
1496,312.3,5.61131477355957
1497,312.4,3.96093273162842
1498,312.6,1.82951068878174
1499,312.8,11.9801988601685
1500,313.0,41.0967903137207
1501,313.1,35.4193420410156
1502,313.3,7.73425054550171
1503,313.5,1.06269109249115
1504,313.7,4.14189624786377
1505,313.8,6.27354717254639
1506,314.0,37.5250778198242
1507,314.1,37.6201820373535
1508,314.3,7.92958736419678
1509,314.6,2.23784399032593
1510,314.8,7.38868522644043
1511,315.0,26.7067279815674
1512,315.1,25.1973247528076
1513,315.3,6.88585615158081
1514,315.5,1.1740825176239
1515,315.7,3.28631496429443
1516,315.9,17.6472473144531
1517,316.0,18.6508407592773
1518,316.1,31.7449550628662
1519,316.3,8.19900608062744
1520,316.5,0.936162054538727
1521,316.7,3.32415890693665
1522,316.9,12.9216356277466
1523,317.1,23.1711006164551
1524,317.2,8.41032123565674
1525,317.3,6.98669719696045
1526,317.5,1.0108562707901
1527,317.7,3.5649847984314
1528,317.9,16.2666664123535
1529,318.1,30.6763000488281
1530,318.2,16.0986995697021
1531,318.4,3.39151382446289
1532,318.6,1.22844040393829
1533,318.8,7.51261472702026
1534,319.0,19.7443428039551
1535,319.1,18.7756118774414
1536,319.3,6.76399087905884
1537,319.5,2.66024470329285
1538,319.8,8.17683506011963
1539,320.0,27.0152912139893
1540,320.1,27.1780586242676
1541,320.3,8.50542831420898
1542,320.6,2.52262997627258
1543,320.7,2.43922019004822
1544,320.9,14.2297401428223
1545,321.1,23.150764465332
1546,321.2,13.3431196212769
1547,321.4,3.12805819511414
1548,321.7,3.84051990509033
1549,321.9,16.2818813323975
1550,322.1,32.0178909301758
1551,322.2,17.6902141571045
1552,322.4,4.54258394241333
1553,322.6,1.95925080776215
1554,322.8,12.6382265090942
1555,323.0,36.6505355834961
1556,323.1,25.9673538208008
1557,323.3,6.47607040405273
1558,323.6,3.03019881248474
1559,323.8,9.63318061828613
1560,324.0,30.9717884063721
1561,324.1,27.8519878387451
1562,324.3,6.00229358673096
1563,324.4,5.81345558166504
1564,324.7,11.3751525878906
1565,324.9,60.5625381469727
1566,325.0,70.578971862793
1567,325.2,13.5363912582397
1568,325.5,3.21200299263
1569,325.7,7.3744649887085
1570,325.9,27.7615451812744
1571,326.0,24.1736240386963
1572,326.1,29.8655967712402
1573,326.3,5.54655981063843
1574,326.5,4.44380712509155
1575,326.6,4.22461795806885
1576,326.8,35.2416648864746
1577,327.0,141.741821289063
1578,327.1,49.7843284606934
1579,327.3,5.05237007141113
1580,327.5,1.45443427562714
1581,327.7,7.93929672241211
1582,327.9,35.4832572937012
1583,328.0,55.9190368652344
1584,328.2,16.5516052246094
1585,328.5,3.99373078346252
1586,328.7,8.1561164855957
1587,328.9,26.8824920654297
1588,329.0,19.6241588592529
1589,329.1,23.4977836608887
1590,329.3,5.3865442276001
1591,329.5,1.21299695968628
1592,329.7,4.33692646026611
1593,329.9,16.7042045593262
1594,330.1,26.818042755127
1595,330.2,13.5454130172729
1596,330.4,3.15397548675537
1597,330.7,3.46804285049438
1598,330.8,3.88440370559692
1599,331.0,15.4506883621216
1600,331.1,14.0721712112427
1601,331.3,3.74464821815491
1602,331.5,2.82958722114563
1603,331.7,3.73822641372681
1604,331.8,4.45863914489746
1605,332.0,17.9443416595459
1606,332.1,9.83753776550293
1607,332.2,12.0811929702759
1608,332.4,3.20435786247253
1609,332.7,3.17385315895081
1610,332.9,8.95168209075928
1611,333.0,7.04686546325684
1612,333.1,12.0685777664185
1613,333.3,5.79900598526001
1614,333.5,1.08340978622437
1615,333.7,2.8318042755127
1616,333.9,11.4991588592529
1617,334.0,9.39197254180908
1618,334.2,18.3252296447754
1619,334.3,4.43921995162964
1620,334.4,4.05840969085693
1621,334.7,2.98555040359497
1622,334.8,3.61391448974609
1623,335.0,12.7387619018555
1624,335.1,7.64281368255615
1625,335.2,9.21345520019531
1626,335.4,2.01146793365479
1627,335.6,2.16322636604309
1628,335.8,5.97461795806885
1629,336.0,17.7111625671387
1630,336.1,18.658332824707
1631,336.3,6.6950306892395
1632,336.6,2.50741600990295
1633,336.7,1.79816508293152
1634,336.9,9.30313491821289
1635,337.1,15.2486238479614
1636,337.2,5.95321083068848
1637,337.3,5.3363151550293
1638,337.5,1.21345567703247
1639,337.7,3.46704888343811
1640,337.9,11.1319570541382
1641,338.1,18.9625377655029
1642,338.2,10.8284406661987
1643,338.4,4.15833330154419
1644,338.6,2.25535178184509
1645,338.8,14.8561162948608
1646,338.9,16.8567276000977
1647,339.0,35.1081047058105
1648,339.2,8.98914337158203
1649,339.3,5.56827211380005
1650,339.5,1.30848622322083
1651,339.7,4.90198755264282
1652,339.9,14.7304277420044
1653,340.0,11.8135318756104
1654,340.1,17.2277526855469
1655,340.3,4.65871572494507
1656,340.5,1.50611615180969
1657,340.7,10.085244178772
1658,340.9,132.820114135742
1659,341.0,172.418884277344
1660,341.1,94.7046661376953
1661,341.3,3.57584095001221
1662,341.6,3.45076441764832
1663,341.8,22.8060398101807
1664,342.0,95.7590179443359
1665,342.1,46.4660568237305
1666,342.3,6.31941890716553
1667,342.6,4.44999980926514
1668,342.7,6.76513767242432
1669,342.9,49.4767570495605
1670,343.0,62.078441619873
1671,343.2,13.7765293121338
1672,343.4,1.34908258914948
1673,343.6,2.96827220916748
1674,343.8,10.9958715438843
1675,344.0,25.6493892669678
1676,344.1,21.344877243042
1677,344.3,6.77798175811768
1678,344.6,3.56246185302734
1679,344.8,10.0460243225098
1680,344.9,8.76498508453369
1681,345.1,21.5573387145996
1682,345.2,6.25183486938477
1683,345.3,5.46391439437866
1684,345.5,1.01009178161621
1685,345.7,3.73662090301514
1686,345.8,4.07499980926514
1687,346.0,13.3904438018799
1688,346.1,13.3498468399048
1689,346.3,5.85061168670654
1690,346.5,1.08233940601349
1691,346.7,2.97607040405273
1692,346.9,7.78004598617554
1693,347.0,5.18409776687622
1694,347.2,9.24350166320801
1695,347.3,4.4086389541626
1696,347.5,0.94250762462616
1697,347.7,2.71536707878113
1698,347.8,2.96062684059143
1699,348.0,10.9927368164063
1700,348.1,12.4281349182129
1701,348.3,5.91399097442627
1702,348.5,2.29885315895081
1703,348.8,3.88394498825073
1704,349.0,8.08425045013428
1705,349.2,7.95252275466919
1706,349.3,3.07981657981873
1707,349.4,3.30015301704407
1708,349.7,2.76024460792542
1709,349.8,3.00948023796082
1710,350.0,11.6633796691895
1711,350.2,11.6991586685181
1712,350.3,3.55519866943359
1713,350.4,3.28906726837158
1714,350.6,0.938379228115082
1715,350.8,4.17874622344971
1716,351.0,8.18111610412598
1717,351.2,8.98738574981689
1718,351.3,4.39648294448853
1719,351.5,1.28662073612213
1720,351.7,2.72752285003662
1721,351.9,7.46001529693604
1722,352.1,12.255428314209
1723,352.2,9.15787506103516
1724,352.4,2.00344038009644
1725,352.6,2.29503059387207
1726,352.7,2.04503059387207
1727,352.9,8.31903648376465
1728,353.1,11.3662843704224
1729,353.2,8.36169719696045
1730,353.4,2.81123852729797
1731,353.7,3.01353216171265
1732,353.8,2.66093277931213
1733,354.0,9.03142166137695
1734,354.1,4.31376123428345
1735,354.2,3.52545881271362
1736,354.5,1.74365448951721
1737,354.7,7.24327230453491
1738,354.8,12.3638381958008
1739,355.0,440.035400390625
1740,355.1,224.678970336914
1741,355.2,27.8471717834473
1742,355.4,0.830351710319519
1743,355.6,1.70298171043396
1744,355.8,17.7832565307617
1745,356.0,160.827529907227
1746,356.1,95.8362350463867
1747,356.3,4.52844047546387
1748,356.4,2.00863909721375
1749,356.7,6.28784418106079
1750,356.9,61.7857780456543
1751,357.0,121.234558105469
1752,357.2,19.5801219940186
1753,357.4,2.16108560562134
1754,357.6,1.71544337272644
1755,357.8,12.6889142990112
1756,358.0,34.8137626647949
1757,358.1,15.8207950592041
1758,358.2,14.5601682662964
1759,358.4,2.80359315872192
1760,358.7,5.39388370513916
1761,358.9,15.7935781478882
1762,359.1,22.5211009979248
1763,359.2,9.8026762008667
1764,359.4,2.58272171020508
1765,359.7,3.4727828502655
1766,359.9,8.34212493896484
1767,360.1,12.6611623764038
1768,360.2,8.02071857452393
1769,360.4,2.74663615226746
1770,360.7,3.01827216148376
1771,360.9,5.92194175720215
1772,361.0,4.67415904998779
1773,361.1,7.70481634140015
1774,361.3,3.80879211425781
1775,361.6,2.04051995277405
1776,361.8,3.65045881271362
1777,362.0,8.51230907440186
1778,362.2,8.76980113983154
1779,362.3,2.57110095024109
1780,362.4,3.21980118751526
1781,362.7,2.61314988136292
1782,362.9,5.38707971572876
1783,363.0,4.25596332550049
1784,363.2,7.30718660354614
1785,363.3,2.44449543952942
1786,363.5,2.39678907394409
1787,363.7,2.44319581985474
1788,363.9,5.68073415756226
1789,364.1,8.89449501037598
1790,364.2,7.113685131073
1791,364.4,3.11276769638062
1792,364.7,2.325688123703
1793,364.9,4.26559638977051
1794,365.0,3.25657486915588
1795,365.2,7.09533643722534
1796,365.3,3.80756878852844
1797,365.5,1.20443427562714
1798,365.7,2.26796627044678
1799,365.9,5.21529054641724
1800,366.0,3.56880736351013
1801,366.2,8.11995410919189
1802,366.3,4.79051971435547
1803,366.5,1.10527527332306
1804,366.7,3.09992361068726
1805,366.8,2.8967125415802
1806,367.0,8.68065738677979
1807,367.2,9.16857814788818
1808,367.3,2.74327206611633
1809,367.4,2.73073387145996
1810,367.7,2.75833344459534
1811,367.9,6.15496921539307
1812,368.1,9.6289758682251
1813,368.2,4.24678897857666
1814,368.3,5.31567287445068
1815,368.5,1.65978598594666
1816,368.7,4.48134565353394
1817,368.9,13.6506881713867
1818,369.1,18.5639915466309
1819,369.2,10.220871925354
1820,369.4,3.37155961990356
1821,369.7,3.18769121170044
1822,369.9,8.08616161346436
1823,370.1,11.9775228500366
1824,370.2,4.75657510757446
1825,370.3,5.84090232849121
1826,370.6,3.2443425655365
1827,370.7,3.14357805252075
1828,370.9,9.83952617645264
1829,371.1,14.1305809020996
1830,371.2,4.52484703063965
1831,371.3,4.2068042755127
1832,371.6,2.46605515480042
1833,371.7,1.63677370548248
1834,371.9,6.25206422805786
1835,372.0,4.65114688873291
1836,372.1,8.57996940612793
1837,372.3,4.42813444137573
1838,372.5,1.22438836097717
1839,372.7,4.01460266113281
1840,372.9,8.69992351531982
1841,373.1,10.9816513061523
1842,373.2,5.7394495010376
1843,373.4,1.21032106876373
1844,373.6,2.0868501663208
1845,373.7,1.44189608097076
1846,373.9,6.12698793411255
1847,374.1,8.21796607971191
1848,374.2,6.05665159225464
1849,374.4,2.28142189979553
1850,374.7,2.34923553466797
1851,374.9,4.36337900161743
1852,375.1,5.50466346740723
1853,375.2,2.30626916885376
1854,375.3,2.84365439414978
1855,375.6,1.58990824222565
1856,375.7,0.976146817207336
1857,375.9,4.30428123474121
1858,376.1,6.66330289840698
1859,376.3,5.5318808555603
1860,376.4,2.63295102119446
1861,376.7,1.90305805206299
1862,376.9,3.2938072681427
1863,377.0,2.18027520179749
1864,377.2,4.79548931121826
1865,377.3,2.93386840820313
1866,377.5,1.0052752494812
1867,377.7,1.78027522563934
1868,377.9,4.36009168624878
1869,378.1,6.24059629440308
1870,378.3,5.33256864547729
1871,378.4,1.71085631847382
1872,378.5,2.16720175743103
1873,378.7,1.18417429924011
1874,378.9,3.36016821861267
1875,379.1,4.64143753051758
1876,379.2,4.15496921539307
1877,379.4,2.38769102096558
1878,379.6,0.936850130558014
1879,379.8,2.65955662727356
1880,379.9,2.37973999977112
1881,380.1,5.77591753005981
1882,380.2,5.12981653213501
1883,380.4,2.6631498336792
1884,380.6,0.740519881248474
1885,380.8,2.86995410919189
1886,381.0,5.10183477401733
1887,381.2,5.01620817184448
1888,381.3,3.60802745819092
1889,381.6,2.02515292167664
1890,381.7,1.10366976261139
1891,381.9,4.08822631835938
1892,382.1,5.97010707855225
1893,382.2,2.61330270767212
1894,382.4,3.56689596176147
1895,382.6,3.12821102142334
1896,382.7,2.707186460495
1897,382.9,7.92714071273804
1898,383.1,8.73593235015869
1899,383.2,5.66077995300293
1900,383.4,1.49181962013245
1901,383.6,2.25336384773254
1902,383.8,3.96789002418518
1903,384.0,6.56513738632202
1904,384.2,6.0489296913147
1905,384.3,2.05137610435486
1906,384.5,3.90053510665894
1907,384.7,6.97285938262939
1908,384.9,14.4226303100586
1909,385.0,9.34128475189209
1910,385.1,10.9379205703735
1911,385.3,2.24480128288269
1912,385.5,2.90045881271362
1913,385.7,4.43983173370361
1914,385.9,7.66620779037476
1915,386.1,8.43088722229004
1916,386.2,3.11681962013245
1917,386.3,3.78715586662292
1918,386.6,4.35565757751465
1919,386.8,15.0040521621704
1920,387.0,25.3554286956787
1921,387.1,14.8413610458374
1922,387.3,3.72423553466797
1923,387.5,1.25282871723175
1924,387.7,4.66857814788818
1925,387.9,9.78142166137695
1926,388.1,10.9695720672607
1927,388.2,6.77844047546387
1928,388.4,2.74877667427063
1929,388.7,3.62652897834778
1930,388.9,7.01414394378662
1931,389.1,7.31888389587402
1932,389.2,4.65603971481323
1933,389.4,2.07912850379944
1934,389.7,2.16391444206238
1935,389.9,4.74311923980713
1936,390.1,5.66414356231689
1937,390.2,4.89067268371582
1938,390.4,2.434250831604
1939,390.7,2.00366973876953
1940,390.9,3.0813455581665
1941,391.1,3.9403669834137
1942,391.2,3.00688076019287
1943,391.5,1.93761467933655
1944,391.6,0.749464809894562
1945,391.8,2.10397553443909
1946,392.0,4.14954137802124
1947,392.2,4.67278289794922
1948,392.3,3.1905198097229
1949,392.5,1.65902137756348
1950,392.8,1.94281339645386
1951,393.0,3.00160551071167
1952,393.2,3.63960242271423
1953,393.3,2.42454123497009
1954,393.6,1.83081042766571
1955,393.8,2.17836380004883
1956,394.0,3.72591733932495
1957,394.1,2.21399092674255
1958,394.2,4.09143733978271
1959,394.4,2.46651387214661
1960,394.6,0.690596342086792
1961,394.8,1.98509168624878
1962,395.0,2.90451073646545
1963,395.2,3.48700308799744
1964,395.3,2.44801211357117
1965,395.5,0.876146793365479
1966,395.7,1.61513757705688
1967,395.8,1.07821094989777
1968,396.0,3.48891448974609
1969,396.2,4.94334840774536
1970,396.4,4.00122308731079
1971,396.5,2.61926603317261
1972,396.8,3.30489301681519
1973,396.9,1.967125415802
1974,397.1,4.79548931121826
1975,397.2,3.86574912071228
1976,397.4,2.18593263626099
1977,397.7,2.08501529693604
1978,397.9,3.43050456047058
1979,398.0,2.33639144897461
1980,398.2,4.33256864547729
1981,398.3,1.95443427562714
1982,398.5,3.96100926399231
1983,398.7,7.75886869430542
1984,398.9,16.1441898345947
1985,399.0,15.9843273162842
1986,399.2,6.4610857963562
1987,399.5,2.12530589103699
1988,399.7,4.35756874084473
1989,399.9,7.68807315826416
1990,400.1,8.49801254272461
1991,400.2,4.53256893157959
1992,400.4,1.72370028495789
1993,400.6,6.82400608062744
1994,400.7,9.66383838653564
1995,400.9,59.5126152038574
1996,401.0,57.5579528808594
1997,401.2,12.9512996673584
1998,401.4,1.25214064121246
1999,401.6,4.43753814697266
2000,401.8,17.0402908325195
2001,402.0,26.4707946777344
2002,402.1,15.8614683151245
2003,402.3,4.40221691131592
2004,402.5,1.43172788619995
2005,402.7,8.46322631835938
2006,402.9,17.6148319244385
2007,403.0,16.4922790527344
2008,403.2,6.87064218521118
2009,403.5,2.19915890693665
2010,403.6,1.38814985752106
2011,403.8,4.99610090255737
2012,404.0,7.5707950592041
2013,404.1,6.16582584381104
2014,404.3,3.16215586662292
2015,404.5,1.20825684070587
2016,404.7,2.86047410964966
2017,404.8,2.05282878875732
2018,405.0,5.38325691223145
2019,405.1,4.06666660308838
2020,405.3,2.21727824211121
2021,405.5,0.875229358673096
2022,405.7,1.78799688816071
2023,405.9,2.90993881225586
2024,406.0,2.30489301681519
2025,406.2,3.90695714950562
2026,406.3,1.69074928760529
2027,406.4,2.12133026123047
2028,406.6,0.767431199550629
2029,406.8,1.79999995231628
2030,407.0,2.74900603294373
2031,407.1,1.37186539173126
2032,407.2,2.46314978599548
2033,407.4,1.8587920665741
2034,407.7,1.56643736362457
2035,407.9,2.55068802833557
2036,408.1,3.10198783874512
2037,408.3,3.48035168647766
2038,408.4,1.14090216159821
2039,408.5,1.65183484554291
2040,408.8,1.53073394298553
2041,409.0,2.2931957244873
2042,409.2,2.59082579612732
2043,409.3,1.05787456035614
2044,409.5,1.99648320674896
2045,409.7,1.41406726837158
2046,409.9,2.00833344459534
2047,410.0,1.72866976261139
2048,410.2,3.60871553421021
2049,410.3,2.69610095024109
2050,410.6,1.88425076007843
2051,410.8,2.01322627067566
2052,411.0,2.10099387168884
2053,411.1,3.01345562934875
2054,411.3,1.09059631824493
2055,411.4,1.84197247028351
2056,411.7,1.60573399066925
2057,411.8,0.98532110452652
2058,412.0,2.58845567703247
2059,412.2,3.34862375259399
2060,412.4,2.67102456092834
2061,412.6,2.42706418037415
2062,412.7,1.68096327781677
2063,412.9,5.0434250831604
2064,413.1,5.66353225708008
2065,413.2,2.15833330154419
2066,413.3,2.4403669834137
2067,413.6,1.96085631847382
2068,413.8,3.02912855148315
2069,413.9,1.92362380027771
2070,414.1,4.38218641281128
2071,414.3,2.71613144874573
2072,414.4,1.09961771965027
2073,414.6,3.44954133033752
2074,414.8,23.8777523040771
2075,415.0,112.000915527344
2076,415.1,67.2361602783203
2077,415.3,6.6187310218811
2078,415.5,1.20259940624237
2079,415.7,6.62133026123047
2080,415.9,33.1330261230469
2081,416.1,43.5389137268066
2082,416.2,15.2772169113159
2083,416.4,3.60611629486084
2084,416.7,6.89120817184448
2085,416.9,25.5826454162598
2086,417.0,17.4626903533936
2087,417.1,23.246789932251
2088,417.3,4.95214080810547
2089,417.6,2.5647554397583
2090,417.8,6.39273691177368
2091,418.0,10.7906732559204
2092,418.1,5.1084098815918
2093,418.2,6.48685026168823
2094,418.4,2.25114679336548
2095,418.6,1.30932724475861
2096,418.8,4.72568798065186
2097,419.0,7
2098,419.1,5.54411315917969
2099,419.3,2.3751528263092
2100,419.5,1.03960239887238
2101,419.7,1.82614684104919
2102,419.8,1.35818040370941
2103,420.0,3.77897548675537
2104,420.2,3.39174318313599
2105,420.4,2.26758408546448
2106,420.6,1.48837924003601
2107,420.8,1.87079513072968
2108,421.0,3.43134546279907
2109,421.2,2.96307349205017
2110,421.4,1.87163603305817
2111,421.5,0.674541294574738
2112,421.7,1.37698781490326
2113,421.9,2.05191135406494
2114,422.1,2.77912855148315
2115,422.3,2.65970945358276
2116,422.5,1.84686541557312
2117,422.7,1.59724771976471
2118,422.9,1.62813460826874
2119,423.0,1.04961776733398
2120,423.2,2.60963296890259
2121,423.4,1.68685019016266
2122,423.5,0.766513764858246
2123,423.7,1.37859332561493
2124,423.9,1.89197242259979
2125,424.0,1.32262992858887
2126,424.2,2.77790522575378
2127,424.4,2.79885315895081
2128,424.5,1.95206427574158
2129,424.8,1.70214068889618
2130,425.0,2.01292037963867
2131,425.2,2.53868508338928
2132,425.3,1.15061163902283
2133,425.5,1.78035163879395
2134,425.7,1.36322629451752
2135,425.9,1.7441132068634
2136,426.1,2.18287467956543
2137,426.3,2.59847092628479
2138,426.4,1.11307334899902
2139,426.6,1.7823394536972
2140,426.8,2.136314868927
2141,427.0,2.66414380073547
2142,427.2,2.6572630405426
2143,427.3,1.77224767208099
2144,427.6,1.49801218509674
2145,427.7,0.87721711397171
2146,427.9,2.2282874584198
2147,428.1,2.924311876297
2148,428.2,2.13256883621216
2149,428.4,1.00802755355835
2150,428.6,3.44870018959045
2151,428.8,23.0886840820313
2152,429.0,84.1026763916016
2153,429.1,53.9545860290527
2154,429.3,6.88417434692383
2155,429.5,1.06903672218323
2156,429.7,6.40359306335449
2157,429.9,26.8456420898438
2158,430.1,34.0286712646484
2159,430.2,13.8563451766968
2160,430.4,3.1625382900238
2161,430.6,2.11613154411316
2162,430.8,12.3966360092163
2163,431.0,28.9759941101074
2164,431.1,12.1181955337524
2165,431.2,11.5575685501099
2166,431.4,2.95366978645325
2167,431.7,3.52354741096497
2168,431.8,3.60397553443909
2169,432.0,10.1558103561401
2170,432.1,8.54159069061279
2171,432.3,3.51834869384766
2172,432.6,2.05366969108582
2173,432.7,1.81857800483704
2174,432.9,5.63769102096558
2175,433.0,4.04564237594604
2176,433.1,6.28318023681641
2177,433.3,1.86016821861267
2178,433.4,1.80688071250916
2179,433.7,1.87897551059723
2180,433.9,2.75435781478882
2181,434.0,1.86957192420959
2182,434.1,3.2711009979248
2183,434.3,2.31437301635742
2184,434.5,1.39808869361877
2185,434.7,0.830122351646423
2186,434.9,2.5269877910614
2187,435.0,1.47889912128448
2188,435.1,2.7932722568512
2189,435.3,0.960015296936035
2190,435.4,1.58363914489746
2191,435.6,1.26177370548248
2192,435.9,1.8858562707901
2193,436.1,2.58929657936096
2194,436.3,2.32775235176086
2195,436.4,0.871483206748962
2196,436.5,1.28937304019928
2197,436.8,1.84097862243652
2198,437.0,2.41123843193054
2199,437.2,2.12859320640564
2200,437.4,1.6793577671051
2201,437.5,1.41926610469818
2202,437.7,0.721636056900024
2203,437.9,1.91689598560333
2204,438.0,1.30902135372162
2205,438.2,2.36215591430664
2206,438.4,1.85749232769012
2207,438.5,0.843577980995178
2208,438.7,1.60099387168884
2209,438.9,1.77966356277466
2210,439.1,2.15649843215942
2211,439.3,1.79288995265961
2212,439.4,0.803975522518158
2213,439.6,1.41452598571777
2214,439.8,1.31100916862488
2215,440.0,1.93616211414337
2216,440.2,2.09082579612732
2217,440.3,1.74212539196014
2218,440.5,0.835626900196075
2219,440.7,1.91743123531342
2220,440.8,1.3586391210556
2221,441.0,2.72446489334106
2222,441.2,2.52576446533203
2223,441.3,0.838914394378662
2224,441.4,1.5868501663208
2225,441.7,1.3529816865921
2226,441.9,1.97438836097717
2227,442.0,1.08891439437866
2228,442.2,2.33501529693604
2229,442.3,0.993883788585663
2230,442.5,1.38302755355835
2231,442.7,2.53004598617554
2232,442.9,3.0168194770813
2233,443.1,3.27362394332886
2234,443.2,1.30359327793121
2235,443.3,1.7448011636734
2236,443.5,1.42652904987335
2237,443.8,1.96246182918549
2238,444.0,2.72469425201416
2239,444.2,2.78899073600769
2240,444.4,1.77974009513855
2241,444.5,1.31597864627838
2242,444.7,3.45221710205078
2243,444.9,6.01062679290771
2244,445.1,5.68325710296631
2245,445.2,2.93004584312439
2246,445.4,1.74717128276825
2247,445.7,2.07500004768372
2248,445.9,3.11177372932434
2249,446.1,3.61452603340149
2250,446.2,1.25420486927032
2251,446.3,1.9129204750061
2252,446.6,2.28845572471619
2253,446.8,4.25711011886597
2254,447.0,5.65084075927734
2255,447.1,4.38837909698486
2256,447.3,1.52331805229187
2257,447.5,1.57844030857086
2258,447.6,0.926681935787201
2259,447.8,2.58486247062683
2260,447.9,1.37392961978912
2261,448.1,3.1415901184082
2262,448.2,2.49892973899841
2263,448.4,1.73539757728577
2264,448.7,1.93730890750885
2265,448.9,2.29166674613953
2266,449.1,2.40451073646545
2267,449.3,1.97996938228607
2268,449.5,1.31422019004822
2269,449.7,1.097935795784
2270,449.8,0.820642173290253
2271,450.0,1.99380731582642
2272,450.2,1.94648313522339
2273,450.4,1.50328743457794
2274,450.6,1.42813456058502
2275,450.7,0.660168170928955
2276,450.9,1.32561159133911
2277,451.1,1.70542812347412
2278,451.2,0.664373099803925
2279,451.4,1.33891439437866
2280,451.6,1.22117733955383
2281,451.8,1.51368498802185
2282,452.0,1.68211007118225
2283,452.1,0.939067304134369
2284,452.3,2.15519881248474
2285,452.4,0.798700332641602
2286,452.6,1.35688078403473
2287,452.8,1.4509938955307
2288,452.9,0.85229355096817
2289,453.1,1.55558109283447
2290,453.2,0.867736995220184
2291,453.4,1.33929657936096
2292,453.5,0.501146793365479
2293,453.7,1.28371560573578
2294,453.8,0.740443408489227
2295,454.0,1.70022940635681
2296,454.2,1.65657496452332
2297,454.4,1.45932722091675
2298,454.6,1.34610092639923
2299,454.8,1.30175840854645
2300,454.9,0.691437304019928
2301,455.1,1.76215600967407
2302,455.2,1.34755349159241
2303,455.5,1.48860859870911
2304,455.7,1.23532104492188
2305,455.9,1.42454123497009
2306,456.1,1.67492353916168
2307,456.3,1.76941895484924
2308,456.4,0.975458741188049
2309,456.6,1.63952600955963
2310,456.8,1.96727824211121
2311,457.0,2.52912855148315
2312,457.2,2.02522945404053
2313,457.4,1.66207945346832
2314,457.6,1.36284399032593
2315,457.7,0.863761484622955
2316,457.9,1.85259938240051
2317,458.1,2.07561159133911
2318,458.3,1.7447247505188
2319,458.5,1.75603973865509
2320,458.7,3.79029059410095
2321,458.8,3.23188066482544
2322,459.0,6.30626916885376
2323,459.1,4.57889890670776
2324,459.3,1.06444954872131
2325,459.5,1.75053513050079
2326,459.7,2.44266057014465
2327,459.8,1.75856268405914
2328,460.0,3.83967900276184
2329,460.1,1.80649852752686
2330,460.2,2.19862389564514
2331,460.4,1.0269877910614
2332,460.6,4.35772180557251
2333,460.8,15.6152143478394
2334,460.9,12.938455581665
2335,461.0,23.0432720184326
2336,461.2,6.00420475006104
2337,461.3,3.80565738677979
2338,461.6,3.17714071273804
2339,461.8,8.67064189910889
2340,462.0,11.569953918457
2341,462.1,7.84831809997559
2342,462.3,2.103440284729
2343,462.5,2.26429653167725
2344,462.6,1.47629964351654
2345,462.8,5.44021415710449
2346,462.9,4.16184997558594
2347,463.1,7.13761472702026
2348,463.2,2.37255358695984
2349,463.3,2.35428142547607
2350,463.5,0.768730878829956
2351,463.7,2.56169724464417
2352,463.9,3.42737007141113
2353,464.1,3.0917432308197
2354,464.2,2.1302752494812
2355,464.4,1.55229353904724
2356,464.6,0.834556579589844
2357,464.8,2.0543577671051
2358,465.0,2.09732413291931
2359,465.2,1.8753057718277
2360,465.4,1.34564220905304
2361,465.6,1.16437304019928
2362,465.7,0.802905201911926
2363,465.9,1.3365443944931
2364,466.1,1.76490831375122
2365,466.2,0.595948040485382
2366,466.3,1.35519874095917
2367,466.5,1.22033643722534
2368,466.7,0.592354714870453
2369,466.9,1.25420486927032
2370,467.1,1.43195724487305
2371,467.3,1.54633033275604
2372,467.5,1.31429660320282
2373,467.7,1.07500004768372
2374,467.9,1.28363919258118
2375,468.1,1.76322627067566
2376,468.2,0.756574928760529
2377,468.4,1.36513757705688
2378,468.5,1.32492351531982
2379,468.8,1.13371562957764
2380,469.0,1.40145254135132
2381,469.2,1.3805046081543
2382,469.4,1.35680425167084
2383,469.6,0.922477066516876
2384,469.8,1.43646788597107
2385,470.0,1.41681957244873
2386,470.1,0.909633040428162
2387,470.2,1.5162079334259
2388,470.5,1.25374615192413
2389,470.7,1.3259174823761
2390,470.8,0.883333325386047
2391,471.0,1.8582569360733
2392,471.2,1.72576451301575
2393,471.3,0.780122339725494
2394,471.5,1.14105498790741
2395,471.7,1.0109326839447
2396,471.8,0.633562684059143
2397,472.0,1.35282874107361
2398,472.1,0.936467885971069
2399,472.3,1.40986239910126
2400,472.4,0.632492363452911
2401,472.6,1.73004591464996
2402,472.8,3.51651382446289
2403,472.9,2.255122423172
2404,473.1,4.50282859802246
2405,473.2,1.50244653224945
2406,473.3,1.84610092639923
2407,473.6,1.52660548686981
2408,473.7,0.914067268371582
2409,473.9,2.88035178184509
2410,474.0,1.44258415699005
2411,474.1,2.52201843261719
2412,474.3,0.67324161529541
2413,474.5,2.44296646118164
2414,474.7,7.6149845123291
2415,474.9,37.19189453125
2416,475.1,61.7792816162109
2417,475.2,15.9176607131958
2418,475.3,8.91337966918945
2419,475.6,3.49235463142395
2420,475.8,11.2604742050171
2421,476.0,27.7727069854736
2422,476.1,23.1169719696045
2423,476.3,4.46819591522217
2424,476.4,3.93639135360718
2425,476.7,4.69663619995117
2426,476.9,13.0061922073364
2427,477.0,9.94403648376465
2428,477.1,14.1270637512207
2429,477.3,3.68111610412598
2430,477.4,2.33149838447571
2431,477.7,2.46360850334167
2432,477.9,5.34778308868408
2433,478.0,3.18295097351074
2434,478.1,5.90152883529663
2435,478.3,2.69885325431824
2436,478.5,0.924770653247833
2437,478.7,2.18386840820313
2438,478.9,3.2331805229187
2439,479.0,1.83081042766571
2440,479.1,3.2985475063324
2441,479.4,1.99029052257538
2442,479.6,1.42041289806366
2443,479.8,1.75129973888397
2444,479.9,0.901605486869812
2445,480.1,1.99189603328705
2446,480.2,0.935244619846344
2447,480.4,1.69403672218323
2448,480.6,1.34029054641724
2449,480.7,0.620489299297333
2450,480.9,1.56758415699005
2451,481.1,1.59862387180328
2452,481.2,0.742736995220184
2453,481.4,1.35726296901703
2454,481.5,0.610550463199615
2455,481.7,1.11085629463196
2456,481.8,0.51949542760849
2457,482.0,1.34296631813049
2458,482.2,1.19870030879974
2459,482.4,1.46551990509033
2460,482.6,1.1847859621048
2461,482.8,1.19740056991577
2462,483.0,1.30711007118225
2463,483.2,1.34403669834137
2464,483.3,0.621330261230469
2465,483.5,1.14992356300354
2466,483.7,1.20779812335968
2467,483.9,1.26261472702026
2468,484.1,1.35787463188171
2469,484.2,0.755963325500488
2470,484.3,1.15680432319641
2471,484.5,0.493577986955643
2472,484.7,1.31452596187592
2473,484.8,0.455122321844101
2474,485.0,1.33922016620636
2475,485.2,1.46659016609192
2476,485.4,1.28906726837158
2477,485.5,1.04480123519897
2478,485.7,0.537003040313721
2479,485.9,1.25825691223145
2480,486.1,1.40603971481323
2481,486.2,0.633180439472198
2482,486.4,1.42446482181549
2483,486.6,1.43906724452972
2484,486.8,1.84908258914948
2485,487.0,2.30932712554932
2486,487.2,2.07056570053101
2487,487.4,1.54633033275604
2488,487.6,1.51322627067566
2489,487.8,1.84518349170685
2490,488.0,2.01376152038574
2491,488.2,1.75244653224945
2492,488.3,0.816513776779175
2493,488.5,1.55237007141113
2494,488.7,6.96116209030151
2495,488.9,34.4649848937988
2496,489.1,60.7377662658691
2497,489.2,24.7265281677246
2498,489.4,4.06047391891479
2499,489.7,5.56590223312378
2500,489.8,7.2402138710022
2501,490.0,26.3324928283691
2502,490.1,12.835244178772
2503,490.2,14.0516052246094
2504,490.4,2.03172779083252
2505,490.6,2.74235463142395
2506,490.8,9.20412826538086
2507,490.9,8.25382232666016
2508,491.1,20.6715602874756
2509,491.2,6.80535173416138
2510,491.3,5.85405206680298
2511,491.5,0.915749251842499
2512,491.7,2.84373092651367
2513,491.9,5.83899068832397
2514,492.0,3.41047406196594
2515,492.1,6.36758422851563
2516,492.3,2.0435779094696
2517,492.4,2.13868498802185
2518,492.6,0.825229346752167
2519,492.8,2.5435779094696
2520,493.0,4.05519866943359
2521,493.2,3.32010698318481
2522,493.3,2.19136095046997
2523,493.6,1.43784403800964
2524,493.7,0.874617755413055
2525,493.9,2.12056565284729
2526,494.0,1.06559634208679
2527,494.2,2.09396028518677
2528,494.3,0.830122351646423
2529,494.5,1.26697242259979
2530,494.7,1.25076448917389
2531,494.9,1.5709480047226
2532,495.1,1.90550458431244
2533,495.2,0.700229346752167
2534,495.3,1.29067277908325
2535,495.6,1.0706422328949
2536,495.8,1.23188078403473
2537,496.0,1.59258413314819
2538,496.2,1.63165140151978
2539,496.4,1.39938843250275
2540,496.6,1.29143726825714
2541,496.7,0.61093270778656
2542,496.9,1.26215600967407
2543,497.0,0.840519905090332
2544,497.2,1.12125384807587
2545,497.3,0.536009192466736
2546,497.5,1.08967888355255
2547,497.7,1.33218657970428
2548,497.9,1.22354745864868
2549,498.1,1.1686544418335
2550,498.3,1.31628441810608
2551,498.4,1.25152909755707
2552,498.7,1.15466356277466
2553,498.9,1.07805812358856
2554,499.0,1.20879209041595
2555,499.3,1.39021408557892
2556,499.5,1.12240064144135
2557,499.7,1.15359330177307
2558,499.9,1.20137619972229
2559,500.1,1.15596330165863
2560,500.3,1.27232420444489
2561,500.5,1.37278282642365
2562,500.7,1.41559636592865
2563,500.8,1.77935779094696
2564,501.0,0.854510724544525
2565,501.2,1.71896028518677
2566,501.4,1.33027517795563
2567,501.6,1.40932726860046
2568,501.7,0.740672767162323
2569,501.9,1.67599391937256
2570,502.1,1.91613149642944
2571,502.3,1.52545869350433
2572,502.5,1.49357795715332
2573,502.7,4.57798147201538
2574,502.8,4.8260703086853
2575,503.0,13.1913604736328
2576,503.1,12.4986238479614
2577,503.3,3.86146783828735
2578,503.6,2.01429653167725
2579,503.7,1.5869265794754
2580,503.9,6.18967866897583
2581,504.1,6.96192646026611
2582,504.2,2.79548931121826
2583,504.3,2.92232418060303
2584,504.6,1.91949546337128
2585,504.8,4.26429653167725
2586,505.0,6.30168199539185
2587,505.2,5.43157482147217
2588,505.3,2.73814988136292
2589,505.5,0.610703349113464
2590,505.7,1.88318037986755
2591,505.8,1.26727831363678
2592,506.0,3.02645254135132
2593,506.1,2.61246180534363
2594,506.3,1.89342510700226
2595,506.6,1.5327981710434
2596,506.8,2.42133021354675
2597,506.9,1.51689600944519
2598,507.1,3.18065738677979
2599,507.2,2.36269116401672
2600,507.4,0.876452624797821
2601,507.6,1.17859327793121
2602,507.7,0.712155938148499
2603,507.9,1.77675843238831
2604,508.0,0.880275249481201
2605,508.2,1.78165137767792
2606,508.3,1.23990821838379
2607,508.6,1.23608565330505
2608,508.8,1.56399083137512
2609,509.0,1.74021410942078
2610,509.2,1.26551985740662
2611,509.3,1.299311876297
2612,509.5,0.459556579589844
2613,509.7,1.08876144886017
2614,509.9,1.26681959629059
2615,510.0,0.612155973911285
2616,510.2,1.2607798576355
2617,510.4,1.25313460826874
2618,510.6,1.1032874584198
2619,510.8,1.09426605701447
2620,511.0,1.26238536834717
2621,511.1,1.37882268428802
2622,511.3,1.28677368164063
2623,511.6,1.14480125904083
2624,511.8,1.15955662727356
2625,511.9,0.654969394207001
2626,512.1,1.29824161529541
2627,512.2,0.644189596176147
2628,512.4,1.21292054653168
2629,512.6,1.08799695968628
2630,512.8,0.974388360977173
2631,513.0,1.25068807601929
2632,513.2,1.14717125892639
2633,513.3,1.08822631835938
2634,513.6,1.35221707820892
2635,513.8,0.944571852684021
2636,514.0,1.08287465572357
2637,514.1,0.728058099746704
2638,514.3,1.22324156761169
2639,514.5,1.07217121124268
2640,514.7,1.24946486949921
2641,514.9,1.37278282642365
2642,515.1,1.46987771987915
2643,515.2,1.35619270801544
2644,515.5,1.20779812335968
2645,515.7,1.14915907382965
2646,515.9,1.135626912117
2647,516.1,1.22897553443909
2648,516.2,0.665443420410156
2649,516.4,0.986162066459656
2650,516.6,1.24709475040436
2651,516.8,1.70925080776215
2652,516.9,0.819801211357117
2653,517.1,1.71506118774414
2654,517.2,0.71360856294632
2655,517.4,1.15626907348633
2656,517.6,1.13547396659851
2657,517.7,0.860168218612671
2658,517.9,1.31238532066345
2659,518.1,1.20030581951141
2660,518.3,1.62645256519318
2661,518.5,1.27561163902283
2662,518.7,2.39541292190552
2663,518.9,2.84472465515137
2664,519.0,1.83119261264801
2665,519.2,2.59724760055542
2666,519.3,1.69396018981934
2667,519.6,1.51399087905884
2668,519.8,1.92033636569977
2669,520.0,2.15061163902283
2670,520.1,1.125
2671,520.2,1.72133028507233
2672,520.4,0.782339453697205
2673,520.6,2.22423553466797
2674,520.8,3.8370795249939
2675,521.0,4.76337909698486
2676,521.2,3.73837924003601
2677,521.3,1.98149847984314
2678,521.6,1.47408258914948
2679,521.7,1.12224769592285
2680,521.9,2.75305819511414
2681,522.0,1.26934254169464
2682,522.2,2.28608560562134
2683,522.3,0.802675843238831
2684,522.5,1.13677370548248
2685,522.7,1.7007645368576
2686,522.8,1.0108562707901
2687,523.0,2.15603971481323
2688,523.2,2.15428137779236
2689,523.3,1.42025995254517
2690,523.5,0.597477078437805
2691,523.7,1.24847090244293
2692,523.9,1.40107035636902
2693,524.0,0.733486235141754
2694,524.2,1.30489301681519
2695,524.3,0.656727850437164
2696,524.5,1.00420486927032
2697,524.7,1.11697244644165
2698,524.9,1.31353211402893
2699,525.1,1.16422021389008
2700,525.3,1.25603973865509
2701,525.5,1.10267579555511
2702,525.6,0.476299703121185
2703,525.8,0.972171247005463
2704,526.0,1.18570339679718
2705,526.1,0.46934249997139
2706,526.3,0.834709465503693
2707,526.5,1.11651372909546
2708,526.6,0.508409798145294
2709,526.8,1.19365441799164
2710,527.0,1.27385318279266
2711,527.2,1.2450305223465
2712,527.4,1.14778292179108
2713,527.6,1.38738536834717
2714,527.8,1.21345567703247
2715,527.9,0.377140671014786
2716,528.1,1.01903665065765
2717,528.3,1.10948014259338
2718,528.5,1.14923548698425
2719,528.7,1.00474011898041
2720,528.9,1.18241584300995
2721,529.1,0.939831793308258
2722,529.3,1.07301223278046
2723,529.5,1.16391432285309
2724,529.7,0.990596354007721
2725,529.8,1.12599384784698
2726,530.1,1.29327213764191
2727,530.3,0.991743147373199
2728,530.5,1.13830280303955
2729,530.7,1.03149843215942
2730,530.9,1.49778282642365
2731,531.0,0.675611615180969
2732,531.2,1.293501496315
2733,531.4,1.08402144908905
2734,531.6,1.0601681470871
2735,531.8,1.13707947731018
2736,532.0,1.44120800495148
2737,532.2,1.38203358650208
2738,532.3,0.576911330223083
2739,532.5,1.34480118751526
2740,532.7,1.94870030879974
2741,532.8,1.25894498825073
2742,533.0,3.00779819488525
2743,533.1,2.85542821884155
2744,533.3,0.863302767276764
2745,533.4,1.35764527320862
2746,533.6,0.75703364610672
2747,533.8,1.69732415676117
2748,533.9,1.18914377689362
2749,534.1,2.22018337249756
2750,534.2,1.84900605678558
2751,534.4,0.780045866966248
2752,534.6,3.77637624740601
2753,534.8,10.9269113540649
2754,535.0,16.1513004302979
2755,535.1,7.43585634231567
2756,535.2,7.57171249389648
2757,535.4,1.41957187652588
2758,535.6,2.77408266067505
2759,535.7,2.41223239898682
2760,535.9,7.19938850402832
2761,536.1,8.63937282562256
2762,536.2,4.79495429992676
2763,536.5,2.16704893112183
2764,536.7,3.03425073623657
2765,536.9,5.57798147201538
2766,537.1,5.66429662704468
2767,537.2,3.93853211402893
2768,537.5,1.54235470294952
2769,537.7,1.97224771976471
2770,537.9,2.77530574798584
2771,538.1,2.99304270744324
2772,538.3,2.18853211402893
2773,538.4,1.21995413303375
2774,538.7,1.35596334934235
2775,538.9,1.85290515422821
2776,539.1,1.61605501174927
2777,539.3,1.39036703109741
2778,539.5,1.13241589069366
2779,539.6,0.579128444194794
2780,539.8,1.11712539196014
2781,540.0,1.18746173381805
2782,540.1,0.640061140060425
2783,540.3,1.09724771976471
2784,540.4,0.696177363395691
2785,540.6,1.09472477436066
2786,540.8,1.01490831375122
2787,541.0,1.34388375282288
2788,541.2,1.28662073612213
2789,541.3,0.579740047454834
2790,541.5,1.00833332538605
2791,541.7,0.723088681697845
2792,541.9,1.10940361022949
2793,542.1,1.00443422794342
2794,542.3,1.13409781455994
2795,542.5,1.03669726848602
2796,542.7,1.01330280303955
2797,542.9,1.10275232791901
2798,543.0,0.977522909641266
2799,543.3,1.21506118774414
2800,543.4,0.534250736236572
2801,543.6,1.14342510700226
2802,543.8,1.02874612808228
2803,543.9,0.509556591510773
2804,544.1,1.06452596187592
2805,544.2,0.700152933597565
2806,544.4,1.0704128742218
2807,544.6,1.15122318267822
2808,544.7,0.573853194713593
2809,544.9,0.861391425132751
2810,545.1,1.35015285015106
2811,545.2,0.587767601013184
2812,545.4,0.929434239864349
2813,545.6,1.17033636569977
2814,545.7,0.950152933597565
2815,545.9,0.433486253023148
2816,546.1,1.11322629451752
2817,546.3,0.907110095024109
2818,546.4,0.573318064212799
2819,546.5,1.05588686466217
2820,546.7,0.733409762382507
2821,546.9,2.03379201889038
2822,547.0,1.03562688827515
2823,547.2,2.00290513038635
2824,547.3,0.781269133090973
2825,547.4,1.1249235868454
2826,547.6,0.543730914592743
2827,547.8,1.34610092639923
2828,548.0,1.69319570064545
2829,548.2,1.53409790992737
2830,548.4,1.31743121147156
2831,548.6,2.05535173416138
2832,548.8,13.5250768661499
2833,549.0,36.4467887878418
2834,549.1,36.7026748657227
2835,549.3,11.2928895950317
2836,549.6,3.01597857475281
2837,549.8,8.18188095092773
2838,549.9,9.60367012023926
#"+ Scan (rt: 5.041-39.999 min, 11457 scans) DM_031125.D "
#Point,X(Thompsons),Y(Counts)
0,45.2,630.474975585938
1,45.3,10.2823600769043
2,45.5,0.709260702133179
3,45.7,3.82944917678833
4,45.9,21.7097835540771
5,46.0,23.4646949768066
6,46.1,48.8472557067871
7,46.3,9.49952030181885
8,46.6,2.63507032394409
9,46.8,9.85292816162109
10,47.0,37.0778579711914
11,47.1,32.4263763427734
12,47.2,22.7883396148682
13,47.4,3.17159819602966
14,47.7,4.02618503570557
15,47.9,24.4441833496094
16,48.1,58.1243782043457
17,48.2,14.9395999908447
18,48.4,1.13520121574402
19,48.6,2.25521516799927
20,48.7,1.95670771598816
21,48.9,13.6763553619385
22,49.0,14.5740594863892
23,49.1,34.3229484558105
24,49.3,7.37234878540039
25,49.6,1.77481019496918
26,49.7,1.25032734870911
27,49.9,24.8108577728271
28,50.1,347.386840820313
29,50.2,138.416244506836
30,50.4,1.91507375240326
31,50.6,1.30697393417358
32,50.7,0.88871431350708
33,50.9,20.319019317627
34,51.1,613.882080078125
35,51.2,320.036743164063
36,51.4,1.48293614387512
37,51.6,1.19874310493469
38,51.8,6.29161214828491
39,52.0,83.3843078613281
40,52.1,293.695648193359
41,52.3,19.7179889678955
42,52.5,0.880684316158295
43,52.7,1.81880068778992
44,52.9,19.1734313964844
45,53.1,390.593688964844
46,53.2,229.501098632813
47,53.4,1.43850922584534
48,53.6,1.17247092723846
49,53.8,5.95932626724243
50,53.9,18.1088409423828
51,54.1,171.086151123047
52,54.2,104.290130615234
53,54.4,4.31151247024536
54,54.6,0.255127876996994
55,54.8,1.46198832988739
56,55.0,84.4438323974609
57,55.2,999.918884277344
58,55.3,20.3619613647461
59,55.5,0.318495243787766
60,55.7,0.984114527702332
61,55.9,17.5385360717773
62,56.1,220.597625732422
63,56.2,267.748626708984
64,56.4,5.59299993515015
65,56.6,0.699048638343811
66,56.8,2.7596230506897
67,57.0,71.4199142456055
68,57.2,766.186584472656
69,57.3,65.2583541870117
70,57.5,9.79855155944824
71,57.7,28.4746437072754
72,57.9,38.4308280944824
73,58.1,109.44287109375
74,58.2,58.8956108093262
75,58.4,8.83006000518799
76,58.6,2.60932183265686
77,58.8,11.6062669754028
78,59.0,99.8373947143555
79,59.2,309.696441650391
80,59.3,16.2059879302979
81,59.6,2.59605479240417
82,59.7,2.073317527771
83,59.9,31.2249279022217
84,60.1,151.955047607422
85,60.2,67.7171173095703
86,60.4,2.3713014125824
87,60.6,2.98079776763916
88,60.8,12.8160953521729
89,61.0,86.2710113525391
90,61.1,125.556602478027
91,61.3,9.18023872375488
92,61.4,3.49951982498169
93,61.6,1.17142355442047
94,61.8,9.40246105194092
95,62.0,93.2745056152344
96,62.1,223.808410644531
97,62.3,13.6844720840454
98,62.6,1.29344511032104
99,62.8,6.39914464950562
100,63.0,128.580261230469
101,63.1,670.576416015625
102,63.3,17.2301654815674
103,63.4,3.31727337837219
104,63.7,5.01187038421631
105,63.9,49.1603393554688
106,64.1,350.669097900391
107,64.2,111.305313110352
108,64.4,6.41363382339478
109,64.6,1.88269186019897
110,64.8,6.3273983001709
111,65.0,112.848648071289
112,65.1,712.395751953125
113,65.3,27.4066505432129
114,65.6,6.27066421508789
115,65.8,13.5925636291504
116,66.0,90.9918823242188
117,66.1,376.291168212891
118,66.3,20.9036388397217
119,66.5,2.49698877334595
120,66.8,5.15964031219482
121,67.0,101.872482299805
122,67.1,575.060729980469
123,67.3,18.7776908874512
124,67.4,3.27799606323242
125,67.7,2.40333414077759
126,67.9,24.4152927398682
127,68.1,223.616821289063
128,68.2,114.267433166504
129,68.4,5.66177892684937
130,68.6,0.924500286579132
131,68.8,4.1640043258667
132,69.0,101.057693481445
133,69.2,627.81689453125
134,69.3,43.4824142456055
135,69.4,21.5642833709717
136,69.6,7.30426836013794
137,69.8,22.5639343261719
138,70.0,86.7478408813477
139,70.1,146.578155517578
140,70.2,231.316482543945
141,70.4,11.3617000579834
142,70.6,13.6591606140137
143,70.8,14.9931917190552
144,70.9,23.9093132019043
145,71.1,252.204071044922
146,71.2,333.538970947266
147,71.4,8.76634407043457
148,71.6,1.94317889213562
149,71.8,11.4630355834961
150,72.0,59.2285079956055
151,72.2,191.813919067383
152,72.3,17.7600593566895
153,72.5,4.5168890953064
154,72.8,7.87789106369019
155,73.0,93.6089706420898
156,73.1,1177.72790527344
157,73.2,608.99267578125
158,73.4,4.01143407821655
159,73.7,2.15178489685059
160,73.8,5.59980773925781
161,74.0,169.212005615234
162,74.1,228.92170715332
163,74.2,111.881469726563
164,74.4,3.02766871452332
165,74.7,1.56218910217285
166,74.9,35.3413619995117
167,75.0,160.074798583984
168,75.1,413.651397705078
169,75.3,25.6425762176514
170,75.6,4.02112245559692
171,75.8,13.4078731536865
172,76.0,145.896301269531
173,76.1,327.290740966797
174,76.3,32.6765289306641
175,76.5,3.92921352386475
176,76.7,1.3946932554245
177,76.9,27.7211303710938
178,77.1,1508.8720703125
179,77.2,419.819396972656
180,77.4,2.13869261741638
181,77.7,1.79601991176605
182,77.9,31.698787689209
183,78.1,554.836364746094
184,78.2,273.459381103516
185,78.4,3.52980709075928
186,78.6,2.78807711601257
187,78.7,1.30714845657349
188,78.9,36.95068359375
189,79.1,863.360107421875
190,79.2,429.710845947266
191,79.4,1.27721047401428
192,79.6,1.5149689912796
193,79.8,9.52910900115967
194,80.0,88.5567779541016
195,80.1,144.435806274414
196,80.2,144.290481567383
197,80.4,7.13493919372559
198,80.6,1.20363092422485
199,80.8,8.86540985107422
200,81.0,161.668243408203
201,81.1,547.436950683594
202,81.3,54.9080924987793
203,81.6,16.4057788848877
204,81.8,29.6961688995361
205,82.0,154.66552734375
206,82.1,366.304107666016
207,82.3,74.8476943969727
208,82.5,19.477611541748
209,82.7,38.739372253418
210,82.9,58.8803367614746
211,83.0,89.490966796875
212,83.2,398.979736328125
213,83.3,48.8139114379883
214,83.5,11.8188877105713
215,83.8,20.6904945373535
216,84.0,87.6015548706055
217,84.2,209.416778564453
218,84.3,31.4886093139648
219,84.5,6.23880577087402
220,84.8,12.2522478103638
221,85.0,96.4119720458984
222,85.2,332.549438476563
223,85.3,35.7592735290527
224,85.5,2.77053332328796
225,85.7,7.92170715332031
226,85.9,41.5493583679199
227,86.1,123.474647521973
228,86.2,46.8668060302734
229,86.4,4.63908529281616
230,86.7,4.91699409484863
231,86.8,13.9783535003662
232,87.0,164.679672241211
233,87.1,125.783363342285
234,87.2,79.1792755126953
235,87.4,9.14358043670654
236,87.7,11.0851011276245
237,87.9,62.5022239685059
238,88.1,173.589157104492
239,88.2,77.0443420410156
240,88.4,10.6252946853638
241,88.7,6.81574583053589
242,88.9,70.2738037109375
243,89.1,589.639892578125
244,89.2,181.775329589844
245,89.4,4.66116762161255
246,89.6,8.30924320220947
247,89.8,24.9565334320068
248,90.0,75.9955520629883
249,90.1,253.646331787109
250,90.3,26.4407787322998
251,90.5,7.79366302490234
252,90.8,10.3026094436646
253,91.0,156.085189819336
254,91.1,2245.56567382813
255,91.3,13.2419481277466
256,91.5,0.694248080253601
257,91.7,2.91708135604858
258,91.9,35.4759521484375
259,92.1,396.019470214844
260,92.2,147.833984375
261,92.4,6.12446546554565
262,92.7,4.33961772918701
263,92.9,32.2305145263672
264,93.1,334.000091552734
265,93.2,167.521347045898
266,93.4,11.7262811660767
267,93.6,19.6976528167725
268,93.8,26.5841846466064
269,94.0,118.547088623047
270,94.1,887.946472167969
271,94.4,63.6796722412109
272,94.6,69.1712493896484
273,94.7,34.0360488891602
274,94.9,69.6046981811523
275,95.1,381.812255859375
276,95.2,176.102554321289
277,95.4,8.72793960571289
278,95.6,9.35166263580322
279,95.8,15.4549188613892
280,96.0,376.945617675781
281,96.1,1266.00061035156
282,96.3,35.701057434082
283,96.5,4.58837413787842
284,96.7,16.1952514648438
285,96.9,98.4727249145508
286,97.1,398.472717285156
287,97.2,234.053680419922
288,97.4,14.2386312484741
289,97.7,14.2203893661499
290,97.9,52.8990135192871
291,98.1,178.676879882813
292,98.2,91.2673492431641
293,98.4,11.1516981124878
294,98.6,3.78755354881287
295,98.8,18.8058834075928
296,98.9,28.2523345947266
297,99.1,122.12525177002
298,99.2,72.7631988525391
299,99.4,6.12795686721802
300,99.6,6.42594051361084
301,99.8,17.2410755157471
302,99.9,23.7110939025879
303,100.1,79.6138610839844
304,100.2,43.757266998291
305,100.4,7.07008838653564
306,100.5,8.6664924621582
307,100.8,20.7293357849121
308,101.0,134.5751953125
309,101.1,193.462509155273
310,101.3,28.4136333465576
311,101.5,5.26656198501587
312,101.7,13.0727939605713
313,101.9,60.2168998718262
314,102.1,269.685333251953
315,102.2,91.2074737548828
316,102.4,12.1341533660889
317,102.6,4.96211910247803
318,102.8,23.5050182342529
319,103.0,276.668487548828
320,103.1,545.296142578125
321,103.3,19.2235317230225
322,103.6,6.99371576309204
323,103.8,28.0768966674805
324,104.0,150.940124511719
325,104.1,314.987701416016
326,104.3,21.3457279205322
327,104.4,8.39207458496094
328,104.7,5.22492790222168
329,104.9,52.0616226196289
330,105.1,981.14404296875
331,105.2,342.504333496094
332,105.4,9.796630859375
333,105.7,9.81417465209961
334,105.9,42.2064247131348
335,106.1,439.565582275391
336,106.2,229.029159545898
337,106.4,18.2255382537842
338,106.6,31.4577980041504
339,106.8,35.1080551147461
340,106.9,36.724536895752
341,107.1,2729.47900390625
342,107.2,178.977127075195
343,107.3,47.3643188476563
344,107.6,30.5530242919922
345,107.8,35.7968063354492
346,107.9,34.3195419311523
347,108.1,1496.75268554688
348,108.2,138.24674987793
349,108.4,9.86191844940186
350,108.6,14.1859998703003
351,108.8,20.3446807861328
352,109.0,133.382034301758
353,109.1,369.992156982422
354,109.3,36.4186096191406
355,109.5,3.98856592178345
356,109.7,10.6897096633911
357,109.9,47.1596412658691
358,110.1,338.440765380859
359,110.2,98.5729217529297
360,110.4,16.2745914459229
361,110.6,5.16863059997559
362,110.8,21.098804473877
363,111.0,135.699142456055
364,111.1,333.692230224609
365,111.3,31.3562889099121
366,111.5,4.84882593154907
367,111.7,10.9463214874268
368,111.9,44.5158424377441
369,112.1,166.231292724609
370,112.2,72.0160598754883
371,112.4,12.7061185836792
372,112.6,5.12612390518188
373,112.8,23.3328971862793
374,113.0,127.07218170166
375,113.1,183.110412597656
376,113.3,28.4722881317139
377,113.6,9.52439594268799
378,113.7,8.09452724456787
379,113.9,46.7501945495605
380,114.1,104.24299621582
381,114.2,34.6760940551758
382,114.3,25.8974418640137
383,114.5,3.57650351524353
384,114.7,5.94370269775391
385,114.9,55.5593070983887
386,115.1,1519.306640625
387,115.2,229.956527709961
388,115.5,7.34843349456787
389,115.7,10.5674257278442
390,115.9,54.5312919616699
391,116.1,397.739562988281
392,116.2,86.7616271972656
393,116.3,23.7104835510254
394,116.6,5.64327478408813
395,116.8,18.396614074707
396,117.0,193.302261352539
397,117.1,491.101867675781
398,117.2,165.7509765625
399,117.4,7.68717813491821
400,117.6,4.10840511322021
401,117.8,23.2720603942871
402,118.0,127.538795471191
403,118.1,277.329498291016
404,118.3,20.3615264892578
405,118.4,15.3029584884644
406,118.6,4.29335784912109
407,118.8,20.2700538635254
408,119.0,298.568908691406
409,119.1,459.518463134766
410,119.2,239.30339050293
411,119.5,17.9894390106201
412,119.6,11.1250762939453
413,119.8,38.4590225219727
414,120.0,128.311080932617
415,120.2,460.360900878906
416,120.3,33.7131004333496
417,120.6,9.41468143463135
418,120.8,22.6746959686279
419,121.0,168.325210571289
420,121.1,1326.3486328125
421,121.3,23.984899520874
422,121.6,7.69835042953491
423,121.8,20.59055519104
424,121.9,33.0640640258789
425,122.1,1019.91577148438
426,122.2,127.283409118652
427,122.4,17.0142269134521
428,122.6,6.21323204040527
429,122.8,21.1281318664551
430,123.0,136.02522277832
431,123.1,340.429504394531
432,123.3,26.8935146331787
433,123.5,5.24386835098267
434,123.7,12.1107616424561
435,123.8,12.8000345230103
436,124.0,109.912628173828
437,124.1,238.240982055664
438,124.3,17.0568218231201
439,124.4,10.6882257461548
440,124.7,10.2670860290527
441,124.9,69.0473098754883
442,125.0,105.871520996094
443,125.1,212.536529541016
444,125.3,32.009162902832
445,125.6,12.8487386703491
446,125.8,24.1645278930664
447,125.9,44.2077331542969
448,126.1,319.395568847656
449,126.2,83.461555480957
450,126.3,31.1569347381592
451,126.6,11.1068344116211
452,126.8,20.4731597900391
453,127.0,162.743743896484
454,127.1,424.609588623047
455,127.3,27.1750888824463
456,127.5,4.9153356552124
457,127.7,11.7568302154541
458,127.9,41.2574844360352
459,128.0,130.001831054688
460,128.1,1018.61535644531
461,128.3,19.8842620849609
462,128.5,2.74391198158264
463,128.7,6.86375141143799
464,128.9,43.1536178588867
465,129.1,741.198974609375
466,129.2,177.274948120117
467,129.4,8.78676795959473
468,129.7,8.86942481994629
469,129.8,12.0745391845703
470,130.0,108.61848449707
471,130.1,332.792449951172
472,130.3,19.4585838317871
473,130.4,12.39635181427
474,130.7,13.3630094528198
475,130.8,14.9602861404419
476,131.0,173.863922119141
477,131.1,840.512023925781
478,131.3,34.092170715332
479,131.6,18.8848743438721
480,131.8,31.0535907745361
481,132.0,134.697998046875
482,132.1,431.962646484375
483,132.3,15.4042072296143
484,132.5,0.633062779903412
485,132.7,2.83931231498718
486,132.8,5.40961837768555
487,133.0,611.982482910156
488,133.1,1135.77746582031
489,133.3,7.97852849960327
490,133.4,2.15239596366882
491,133.7,6.23976612091064
492,133.9,89.42724609375
493,134.1,485.609588623047
494,134.2,139.140869140625
495,134.3,22.4090957641602
496,134.5,3.76459813117981
497,134.8,15.4946317672729
498,134.9,48.7883377075195
499,135.1,638.5693359375
500,135.2,162.463043212891
501,135.4,4.58357334136963
502,135.6,2.2271101474762
503,135.8,20.7159824371338
504,136.0,127.373748779297
505,136.1,450.885314941406
506,136.3,18.892728805542
507,136.6,5.11503887176514
508,136.8,18.0222568511963
509,137.0,173.67887878418
510,137.1,226.992584228516
511,137.3,19.9256343841553
512,137.6,5.2030200958252
513,137.8,17.819673538208
514,138.0,106.05647277832
515,138.1,144.09504699707
516,138.3,23.2862873077393
517,138.6,6.36781024932861
518,138.7,6.3389196395874
519,138.9,54.8650588989258
520,139.1,413.536102294922
521,139.2,85.2294692993164
522,139.4,5.89115810394287
523,139.6,7.22562646865845
524,139.8,18.0497512817383
525,139.9,30.5296325683594
526,140.1,137.063369750977
527,140.2,61.6674537658691
528,140.4,10.5018768310547
529,140.7,9.13101196289063
530,140.9,37.196647644043
531,141.1,846.559753417969
532,141.2,138.73291015625
533,141.4,3.94946312904358
534,141.6,6.56018161773682
535,141.8,14.4866018295288
536,141.9,26.2161998748779
537,142.1,493.046447753906
538,142.2,87.9723281860352
539,142.4,9.74635601043701
540,142.6,3.93488693237305
541,142.8,16.423059463501
542,143.0,102.479095458984
543,143.1,410.451507568359
544,143.3,24.3373489379883
545,143.6,9.91856479644775
546,143.8,17.2290306091309
547,144.0,108.589424133301
548,144.1,485.409698486328
549,144.3,24.293270111084
550,144.6,10.8313694000244
551,144.8,20.9368953704834
552,144.9,33.2766876220703
553,145.1,792.861145019531
554,145.2,149.993896484375
555,145.4,7.47595357894897
556,145.7,10.092170715332
557,145.9,42.1477699279785
558,146.1,464.729858398438
559,146.2,111.379768371582
560,146.4,3.38579034805298
561,146.7,2.00916481018066
562,146.9,49.7879905700684
563,147.1,1104.64270019531
564,147.2,103.792350769043
565,147.4,0.769224047660828
566,147.6,1.10351753234863
567,147.8,19.7454833984375
568,148.0,166.381942749023
569,148.1,362.711791992188
570,148.3,17.9602870941162
571,148.6,4.13589954376221
572,148.8,20.7041988372803
573,149.0,213.808242797852
574,149.1,188.003143310547
575,149.2,84.6060028076172
576,149.4,4.55887222290039
577,149.6,2.2147159576416
578,149.8,18.3004283905029
579,150.0,155.605392456055
580,150.1,180.059356689453
581,150.2,90.3206787109375
582,150.4,5.87082147598267
583,150.6,2.48415803909302
584,150.8,16.0306358337402
585,151.0,251.215759277344
586,151.1,306.800903320313
587,151.3,10.4716768264771
588,151.4,4.69389915466309
589,151.7,5.95042324066162
590,151.9,38.2050285339355
591,152.0,172.964218139648
592,152.1,613.683166503906
593,152.3,14.8959589004517
594,152.6,4.81181812286377
595,152.8,15.4617261886597
596,153.0,162.529632568359
597,153.1,434.565856933594
598,153.3,13.5961418151855
599,153.6,4.53574228286743
600,153.7,4.16749572753906
601,153.9,43.1803245544434
602,154.1,243.881637573242
603,154.2,69.8407974243164
604,154.3,20.9999122619629
605,154.6,6.29876947402954
606,154.8,16.3571624755859
607,155.0,110.802917480469
608,155.1,512.408752441406
609,155.3,15.1925458908081
610,155.6,5.87038469314575
611,155.8,13.727765083313
612,155.9,20.3768882751465
613,156.1,421.571533203125
614,156.2,92.1345901489258
615,156.4,4.75133085250854
616,156.6,5.49611568450928
617,156.8,12.6008558273315
618,157.0,108.786071777344
619,157.1,638.98876953125
620,157.3,14.2982454299927
621,157.6,4.048180103302
622,157.8,11.1479444503784
623,158.0,107.166969299316
624,158.1,600.184936523438
625,158.3,13.486515045166
626,158.6,3.92188191413879
627,158.8,13.6083612442017
628,158.9,24.1431446075439
629,159.1,510.596740722656
630,159.2,130.869155883789
631,159.4,5.21244668960571
632,159.6,2.23653650283813
633,159.8,12.773325920105
634,159.9,18.5636730194092
635,160.1,366.003143310547
636,160.2,90.4344940185547
637,160.3,13.9419565200806
638,160.6,3.43527984619141
639,160.8,31.5482234954834
640,161.0,232.591339111328
641,161.1,397.246917724609
642,161.3,8.2650785446167
643,161.6,3.40638899803162
644,161.8,22.8146114349365
645,161.9,38.7742004394531
646,162.1,333.591857910156
647,162.2,62.0699119567871
648,162.4,3.95915150642395
649,162.7,4.95147085189819
650,162.9,128.465301513672
651,163.0,489.248657226563
652,163.2,60.7475776672363
653,163.5,2.86968660354614
654,163.7,6.56279993057251
655,163.9,60.5571250915527
656,164.1,241.790252685547
657,164.2,70.5754547119141
658,164.4,2.9943265914917
659,164.7,3.2272846698761
660,164.8,14.0858860015869
661,165.0,307.406555175781
662,165.1,841.118530273438
663,165.3,5.13773250579834
664,165.5,0.486514806747437
665,165.7,4.58086776733398
666,165.9,54.7547340393066
667,166.1,381.233917236328
668,166.2,63.8991889953613
669,166.3,10.5880250930786
670,166.5,1.47089111804962
671,166.7,5.16496467590332
672,166.9,38.9797515869141
673,167.1,309.300872802734
674,167.2,80.8850479125977
675,167.4,4.65523242950439
676,167.6,1.72759008407593
677,167.8,11.7336130142212
678,168.0,104.756568908691
679,168.1,221.533828735352
680,168.3,14.1806755065918
681,168.6,3.41712498664856
682,168.8,10.167932510376
683,169.0,97.8908996582031
684,169.1,349.756042480469
685,169.3,9.72470951080322
686,169.4,4.25076389312744
687,169.6,1.67347478866577
688,169.8,9.91385173797607
689,170.0,82.2162017822266
690,170.1,382.495147705078
691,170.3,15.2635946273804
692,170.5,1.41398274898529
693,170.7,3.96534872055054
694,170.9,29.8462066650391
695,171.1,420.030731201172
696,171.2,97.6545333862305
697,171.3,10.4495067596436
698,171.6,3.06345462799072
699,171.7,2.36431884765625
700,171.9,25.6265163421631
701,172.1,419.269256591797
702,172.2,96.4564895629883
703,172.4,1.88496112823486
704,172.6,2.8685519695282
705,172.8,9.513747215271
706,173.0,105.692153930664
707,173.1,229.286117553711
708,173.2,97.1625213623047
709,173.4,3.46225023269653
710,173.6,1.2880334854126
711,173.8,10.1644411087036
712,174.0,104.289077758789
713,174.1,254.750289916992
714,174.3,9.13022613525391
715,174.4,3.41616487503052
716,174.6,1.24273371696472
717,174.8,16.8128662109375
718,175.0,126.205551147461
719,175.1,229.372436523438
720,175.3,11.3287944793701
721,175.6,2.38273549079895
722,175.8,20.291088104248
723,176.0,218.371383666992
724,176.1,319.573272705078
725,176.3,9.82674312591553
726,176.6,1.08038759231567
727,176.8,10.6019897460938
728,177.0,533.974670410156
729,177.1,257.958374023438
730,177.3,7.4322247505188
731,177.4,1.50039279460907
732,177.6,1.02539932727814
733,177.8,20.2819232940674
734,178.0,230.279479980469
735,178.1,469.408050537109
736,178.3,7.99790525436401
737,178.4,1.93750548362732
738,178.7,3.58680272102356
739,178.9,94.0819549560547
740,179.1,608.316284179688
741,179.2,81.769401550293
742,179.4,1.15510165691376
743,179.6,1.00096011161804
744,179.8,14.2965002059937
745,180.0,155.570571899414
746,180.1,297.381591796875
747,180.3,12.1540546417236
748,180.6,2.19254612922668
749,180.8,12.9087896347046
750,181.0,148.161041259766
751,181.1,508.363616943359
752,181.3,8.60591793060303
753,181.6,2.27502846717834
754,181.7,2.17133641242981
755,181.9,29.3506145477295
756,182.1,376.458770751953
757,182.2,78.7275009155273
758,182.4,3.47412061691284
759,182.7,3.24159908294678
760,182.8,6.28829526901245
761,183.0,96.1693267822266
762,183.1,203.096008300781
763,183.2,85.5316390991211
764,183.4,3.51444530487061
765,183.7,3.39905738830566
766,183.9,27.5690841674805
767,184.1,328.633514404297
768,184.2,106.99284362793
769,184.4,2.07506322860718
770,184.6,1.9218817949295
771,184.8,8.45858383178711
772,185.0,103.260101318359
773,185.1,174.555816650391
774,185.2,73.578857421875
775,185.4,2.62223958969116
776,185.7,3.45762419700623
777,185.9,27.2300777435303
778,186.0,69.5596542358398
779,186.1,236.894561767578
780,186.3,8.78703022003174
781,186.4,3.51043033599854
782,186.6,1.23164880275726
783,186.8,10.1791048049927
784,187.0,128.135375976563
785,187.1,200.779342651367
786,187.3,8.30426788330078
787,187.4,3.00916481018066
788,187.7,3.81216716766357
789,187.9,31.8955230712891
790,188.1,191.188003540039
791,188.2,63.506763458252
792,188.4,1.98926424980164
793,188.6,1.96142101287842
794,188.8,12.7264556884766
795,189.0,232.208435058594
796,189.1,415.001556396484
797,189.3,6.0846643447876
798,189.4,2.12865495681763
799,189.7,3.55922150611877
800,189.9,38.364143371582
801,190.1,268.006378173828
802,190.2,57.1396522521973
803,190.3,8.90878963470459
804,190.5,0.536266028881073
805,190.7,3.11486434936523
806,190.9,65.5132217407227
807,191.0,1774.68798828125
808,191.2,59.5686492919922
809,191.4,1.11931574344635
810,191.7,2.5750195980072
811,191.9,89.9235382080078
812,192.1,561.46337890625
813,192.2,77.2039794921875
814,192.4,2.3939950466156
815,192.7,3.86776638031006
816,192.9,65.8174057006836
817,193.1,1278.12658691406
818,193.2,64.1555404663086
819,193.4,1.1799772977829
820,193.7,2.86680626869202
821,193.9,76.0433807373047
822,194.1,476.3671875
823,194.2,92.3657150268555
824,194.4,1.01012480258942
825,194.6,1.92912626266479
826,194.7,3.03220748901367
827,194.9,59.6355934143066
828,195.1,573.720458984375
829,195.2,97.5442962646484
830,195.4,1.19926679134369
831,195.6,1.51514363288879
832,195.8,10.1816358566284
833,196.0,98.4027252197266
834,196.1,409.684478759766
835,196.3,12.358208656311
836,196.5,0.891158223152161
837,196.7,3.81242918968201
838,196.9,31.6919784545898
839,197.1,383.938018798828
840,197.2,62.1502151489258
841,197.3,8.83163166046143
842,197.6,1.6464170217514
843,197.8,8.68272686004639
844,198.0,108.83390045166
845,198.1,310.367370605469
846,198.3,9.04434013366699
847,198.6,2.02208256721497
848,198.8,8.38238620758057
849,199.0,91.1698532104492
850,199.1,163.255477905273
851,199.3,10.9828929901123
852,199.6,1.4977742433548
853,199.8,10.0487041473389
854,199.9,26.4708042144775
855,200.1,243.907485961914
856,200.2,58.7065544128418
857,200.4,3.69049477577209
858,200.7,4.50152730941772
859,200.9,33.7230529785156
860,201.1,179.454833984375
861,201.2,42.8639259338379
862,201.3,12.1571092605591
863,201.5,1.01239418983459
864,201.7,3.12952780723572
865,201.9,28.9935417175293
866,202.1,436.911071777344
867,202.2,65.8463821411133
868,202.3,9.99074840545654
869,202.5,0.870384931564331
870,202.7,4.86532258987427
871,202.9,49.4183464050293
872,203.1,315.586700439453
873,203.2,51.7364921569824
874,203.3,8.28506565093994
875,203.6,1.74609410762787
876,203.8,11.3492183685303
877,204.0,110.569953918457
878,204.1,152.883560180664
879,204.3,10.7034130096436
880,204.5,0.807715833187103
881,204.7,4.49576663970947
882,204.8,12.278956413269
883,205.0,180.670684814453
884,205.1,197.946319580078
885,205.2,68.3594284057617
886,205.4,2.69093132019043
887,205.6,0.850571691989899
888,205.8,5.89098358154297
889,206.0,54.5389709472656
890,206.1,216.77734375
891,206.3,6.13162279129028
892,206.6,0.934188723564148
893,206.8,8.35506629943848
894,207.0,3605.55859375
895,207.1,10587.72265625
896,207.3,2.79043388366699
897,207.4,0.753862261772156
898,207.7,2.089115858078
899,207.9,33.3968734741211
900,208.1,3253.19116210938
901,208.2,74.8360824584961
902,208.4,1.38709962368011
903,208.7,2.90032291412354
904,208.9,28.890983581543
905,209.1,2133.69604492188
906,209.2,74.5588760375977
907,209.4,0.798725664615631
908,209.7,1.83582091331482
909,209.8,8.42786026000977
910,210.0,263.899261474609
911,210.1,339.811462402344
912,210.2,93.1121597290039
913,210.4,1.17020165920258
914,210.5,1.69049489498138
915,210.8,13.903377532959
916,211.0,204.332290649414
917,211.1,341.188079833984
918,211.3,6.56829881668091
919,211.6,1.33045303821564
920,211.8,10.3631839752197
921,212.0,101.738151550293
922,212.1,216.456573486328
923,212.2,60.3294944763184
924,212.4,1.6827267408371
925,212.6,1.8382648229599
926,212.8,9.29178714752197
927,213.0,136.396789550781
928,213.1,156.038055419922
929,213.2,53.3808135986328
930,213.4,1.39704978466034
931,213.6,1.52247536182404
932,213.8,9.94876480102539
933,214.0,97.2457885742188
934,214.1,91.5605316162109
935,214.2,46.6296577453613
936,214.4,2.27328276634216
937,214.6,1.91743040084839
938,214.7,1.9948502779007
939,214.9,29.446626663208
940,215.1,350.673645019531
941,215.2,64.5075531005859
942,215.4,2.1030809879303
943,215.7,3.23112511634827
944,215.9,30.7382392883301
945,216.0,76.9376831054688
946,216.1,216.161392211914
947,216.3,9.37365818023682
948,216.6,2.08963942527771
949,216.8,9.11669731140137
950,216.9,23.2504138946533
951,217.1,185.661254882813
952,217.2,47.046085357666
953,217.4,3.10072445869446
954,217.7,3.7186872959137
955,217.9,29.6062660217285
956,218.0,83.2084350585938
957,218.1,172.57160949707
958,218.3,9.92179489135742
959,218.6,2.50519323348999
960,218.8,12.0258359909058
961,219.0,105.098976135254
962,219.1,201.07585144043
963,219.3,8.26045227050781
964,219.6,2.18879294395447
965,219.8,10.2795667648315
966,220.0,78.0453872680664
967,220.1,220.330718994141
968,220.3,9.0850133895874
969,220.6,1.55913412570953
970,220.8,8.46233749389648
971,221.0,246.22004699707
972,221.1,413.712829589844
973,221.3,7.33211135864258
974,221.6,1.55852317810059
975,221.8,11.3957405090332
976,221.9,30.2404651641846
977,222.1,297.297821044922
978,222.2,81.9472808837891
979,222.4,2.93026089668274
980,222.7,4.73169231414795
981,222.8,11.5933494567871
982,223.0,134.894119262695
983,223.1,249.28157043457
984,223.3,10.0056734085083
985,223.6,1.74993455410004
986,223.8,10.2156763076782
987,223.9,22.5127868652344
988,224.1,272.995727539063
989,224.2,63.9666595458984
990,224.3,11.9245004653931
991,224.6,2.097407579422
992,224.7,2.96569776535034
993,224.9,42.1647911071777
994,225.1,240.781265258789
995,225.2,52.4481086730957
996,225.3,9.73631858825684
997,225.5,0.88112074136734
998,225.7,3.19455361366272
999,225.9,30.9653491973877
1000,226.1,329.245880126953
1001,226.2,59.7743721008301
1002,226.4,2.65584349632263
1003,226.7,3.41520476341248
1004,226.9,33.4630355834961
1005,227.1,186.052810668945
1006,227.2,36.7580528259277
1007,227.3,10.5099067687988
1008,227.5,0.691978693008423
1009,227.7,3.27677392959595
1010,227.8,5.91289186477661
1011,228.0,108.4560546875
1012,228.1,174.90983581543
1013,228.3,10.1292657852173
1014,228.6,2.23915505409241
1015,228.8,9.3047046661377
1016,229.0,95.9536514282227
1017,229.1,176.13703918457
1018,229.3,7.55843591690063
1019,229.4,2.83555912971497
1020,229.7,3.13825607299805
1021,229.9,30.3576850891113
1022,230.1,221.245178222656
1023,230.2,54.9870834350586
1024,230.4,4.70550775527954
1025,230.7,4.1980447769165
1026,230.8,5.9208345413208
1027,231.0,97.5421142578125
1028,231.1,178.480224609375
1029,231.2,57.5349578857422
1030,231.4,2.0719211101532
1031,231.6,1.81173086166382
1032,231.8,7.89718055725098
1033,231.9,19.624683380127
1034,232.1,252.807983398438
1035,232.2,57.3910255432129
1036,232.4,2.12961506843567
1037,232.6,2.09845519065857
1038,232.8,9.91647052764893
1039,233.0,91.4181747436523
1040,233.1,170.958984375
1041,233.3,5.83634471893311
1042,233.4,2.90407609939575
1043,233.7,4.13083696365356
1044,233.8,6.12394189834595
1045,234.0,90.2148895263672
1046,234.1,215.312728881836
1047,234.3,9.3565502166748
1048,234.6,3.06650948524475
1049,234.8,18.4527359008789
1050,235.0,117.419914245605
1051,235.1,186.740600585938
1052,235.3,6.00829172134399
1053,235.4,2.61743903160095
1054,235.7,4.90748023986816
1055,235.9,28.7188625335693
1056,236.0,76.3229446411133
1057,236.1,170.088333129883
1058,236.3,6.85057163238525
1059,236.4,3.37278509140015
1060,236.6,1.7124902009964
1061,236.8,16.752290725708
1062,237.0,124.838348388672
1063,237.1,125.733352661133
1064,237.2,49.1557998657227
1065,237.4,3.83948683738708
1066,237.7,4.96220636367798
1067,237.9,29.054027557373
1068,238.0,67.4900970458984
1069,238.1,161.321899414063
1070,238.3,10.2456140518188
1071,238.6,2.25521516799927
1072,238.7,2.76555824279785
1073,238.9,34.9670066833496
1074,239.0,109.199966430664
1075,239.1,180.702621459961
1076,239.3,9.1692419052124
1077,239.5,1.80597019195557
1078,239.8,7.87492370605469
1079,240.0,101.928077697754
1080,240.1,142.882080078125
1081,240.3,9.74487209320068
1082,240.6,1.86558437347412
1083,240.8,8.95374011993408
1084,240.9,21.2086067199707
1085,241.1,136.287948608398
1086,241.2,39.4326629638672
1087,241.4,2.59561848640442
1088,241.7,3.00802993774414
1089,241.9,27.4839839935303
1090,242.1,164.320938110352
1091,242.2,40.5141830444336
1092,242.4,3.02627205848694
1093,242.7,3.68246483802795
1094,242.9,24.603910446167
1095,243.1,142.826400756836
1096,243.2,38.3861389160156
1097,243.4,2.64048171043396
1098,243.7,3.35044074058533
1099,243.9,24.0130920410156
1100,244.0,53.8337249755859
1101,244.1,173.876754760742
1102,244.3,8.27773380279541
1103,244.4,3.63960886001587
1104,244.6,1.00933921337128
1105,244.8,7.44208765029907
1106,244.9,15.5096445083618
1107,245.1,238.117309570313
1108,245.2,47.2574844360352
1109,245.3,7.79898738861084
1110,245.5,1.13773238658905
1111,245.7,3.05202054977417
1112,245.9,20.4965515136719
1113,246.1,244.677841186523
1114,246.2,56.8573799133301
1115,246.4,3.12219595909119
1116,246.6,1.20947897434235
1117,246.8,9.77419948577881
1118,247.0,89.4715042114258
1119,247.1,117.954696655273
1120,247.2,46.8587760925293
1121,247.4,2.64851188659668
1122,247.7,4.12874221801758
1123,247.9,25.3949546813965
1124,248.1,211.541412353516
1125,248.2,48.4372863769531
1126,248.5,2.66483378410339
1127,248.7,3.69992136955261
1128,248.8,21.2117481231689
1129,249.0,382.125701904297
1130,249.1,134.60417175293
1131,249.2,29.9773063659668
1132,249.4,1.60696518421173
1133,249.7,5.69093132019043
1134,249.9,69.452995300293
1135,250.1,250.994583129883
1136,250.2,38.0553359985352
1137,250.3,8.20686054229736
1138,250.6,2.67495846748352
1139,250.7,4.50222587585449
1140,250.9,115.928604125977
1141,251.0,164.078033447266
1142,251.1,129.322677612305
1143,251.3,4.67364931106567
1144,251.4,2.19979047775269
1145,251.7,5.71606874465942
1146,251.8,12.9178667068481
1147,252.0,144.157196044922
1148,252.1,177.656982421875
1149,252.3,10.8483018875122
1150,252.6,2.43711256980896
1151,252.8,21.3963508605957
1152,253.0,154.837127685547
1153,253.1,129.348251342773
1154,253.3,6.14148569107056
1155,253.4,2.84987354278564
1156,253.7,5.30418062210083
1157,253.9,36.9611587524414
1158,254.1,137.617706298828
1159,254.2,32.1772727966309
1160,254.3,9.84882640838623
1161,254.5,1.03019988536835
1162,254.7,4.39608955383301
1163,254.9,37.0625801086426
1164,255.1,127.294143676758
1165,255.2,27.4245433807373
1166,255.3,9.42236232757568
1167,255.6,1.91647028923035
1168,255.8,8.71301364898682
1169,256.0,71.2908248901367
1170,256.1,123.663352966309
1171,256.3,10.9850749969482
1172,256.6,2.07357954978943
1173,256.8,8.00637149810791
1174,257.0,63.0607490539551
1175,257.1,102.753860473633
1176,257.3,9.00872802734375
1177,257.6,2.12725853919983
1178,257.8,8.33621406555176
1179,258.0,73.2632446289063
1180,258.1,141.293273925781
1181,258.3,7.31570196151733
1182,258.4,3.59238886833191
1183,258.7,3.04224491119385
1184,258.9,21.1578941345215
1185,259.1,162.870208740234
1186,259.2,47.9222297668457
1187,259.4,3.34223628044128
1188,259.6,1.08833026885986
1189,259.8,7.06031227111816
1190,259.9,13.1120710372925
1191,260.1,186.672958374023
1192,260.2,58.0341262817383
1193,260.4,3.36588978767395
1194,260.6,1.15187227725983
1195,260.8,8.38509178161621
1196,261.0,77.7549133300781
1197,261.1,125.756309509277
1198,261.3,6.24543952941895
1199,261.4,2.66561937332153
1200,261.6,0.928689897060394
1201,261.8,7.66823768615723
1202,262.0,80.0423355102539
1203,262.1,107.380638122559
1204,262.2,41.061710357666
1205,262.4,3.28009080886841
1206,262.7,3.85065889358521
1207,262.8,7.25940465927124
1208,263.0,102.047134399414
1209,263.1,117.787376403809
1210,263.3,9.69040775299072
1211,263.5,1.07008814811707
1212,263.7,3.36047840118408
1213,263.9,28.8124294281006
1214,264.1,138.758407592773
1215,264.2,41.0609245300293
1216,264.4,1.79514706134796
1217,264.6,2.17316913604736
1218,264.8,13.9298248291016
1219,265.0,391.618133544922
1220,265.1,189.053680419922
1221,265.3,4.64650440216064
1222,265.5,0.632451772689819
1223,265.7,3.86698079109192
1224,265.9,60.5990219116211
1225,266.1,216.004013061523
1226,266.2,37.6954689025879
1227,266.3,10.7092609405518
1228,266.6,3.70672941207886
1229,266.8,20.3321990966797
1230,267.0,609.008728027344
1231,267.1,146.786682128906
1232,267.2,20.2541675567627
1233,267.4,1.24797070026398
1234,267.6,2.03831720352173
1235,267.8,28.0727062225342
1236,268.0,191.540802001953
1237,268.1,127.192199707031
1238,268.3,6.45762395858765
1239,268.4,3.13563752174377
1240,268.6,1.81661868095398
1241,268.8,23.0209484100342
1242,269.0,162.884704589844
1243,269.1,113.88801574707
1244,269.3,7.09766960144043
1245,269.5,0.889499843120575
1246,269.7,4.75010919570923
1247,269.8,8.95740604400635
1248,270.0,92.3854446411133
1249,270.1,99.4889602661133
1250,270.2,39.0049743652344
1251,270.4,2.07218289375305
1252,270.6,2.65147948265076
1253,270.8,12.4216632843018
1254,271.0,78.9265060424805
1255,271.1,77.1373825073242
1256,271.2,33.0078544616699
1257,271.4,2.44304800033569
1258,271.6,2.38160085678101
1259,271.8,9.08614826202393
1260,272.0,72.5295486450195
1261,272.1,77.7568283081055
1262,272.2,42.3124732971191
1263,272.4,3.38605213165283
1264,272.7,3.707515001297
1265,272.8,5.73300170898438
1266,273.0,65.0612716674805
1267,273.1,94.77978515625
1268,273.3,7.41546630859375
1269,273.4,2.98481273651123
1270,273.7,3.36257314682007
1271,273.8,5.61831188201904
1272,274.0,78.3496551513672
1273,274.1,133.301651000977
1274,274.3,6.64624261856079
1275,274.4,3.69739031791687
1276,274.7,3.68054461479187
1277,274.9,22.0762844085693
1278,275.0,45.2645530700684
1279,275.1,81.294059753418
1280,275.3,6.83800315856934
1281,275.4,3.65916037559509
1282,275.6,1.14515137672424
1283,275.8,9.22990322113037
1284,276.0,93.4408645629883
1285,276.1,127.679237365723
1286,276.3,9.91053485870361
1287,276.6,2.34136343002319
1288,276.8,9.18905448913574
1289,277.0,69.0744552612305
1290,277.1,76.6278228759766
1291,277.3,10.3309764862061
1292,277.6,2.15483975410461
1293,277.8,8.89543533325195
1294,277.9,22.3319358825684
1295,278.1,107.935325622559
1296,278.2,33.4910545349121
1297,278.4,2.66195344924927
1298,278.6,2.95662045478821
1299,278.7,2.85641956329346
1300,278.9,33.1044769287109
1301,279.1,100.254081726074
1302,279.2,24.9924068450928
1303,279.3,10.016845703125
1304,279.5,1.31971716880798
1305,279.7,2.98830413818359
1306,279.8,4.95906448364258
1307,280.0,31.6631755828857
1308,280.1,39.6362915039063
1309,280.3,3.99694514274597
1310,280.5,2.28052711486816
1311,280.7,6.36004209518433
1312,280.9,60.4162521362305
1313,281.0,5654.552734375
1314,281.2,18.0439910888672
1315,281.4,1.36911928653717
1316,281.7,4.08789396286011
1317,281.9,49.4257659912109
1318,282.1,1688.1279296875
1319,282.2,22.6278266906738
1320,282.4,2.2751157283783
1321,282.7,4.61918497085571
1322,282.8,8.14480209350586
1323,283.0,708.117309570313
1324,283.1,483.069030761719
1325,283.3,3.14855551719666
1326,283.4,1.68822550773621
1327,283.7,3.16967797279358
1328,283.9,62.8530158996582
1329,284.1,291.696960449219
1330,284.2,35.9656105041504
1331,284.5,3.27581381797791
1332,284.7,5.50528049468994
1333,284.9,54.7864189147949
1334,285.1,168.013702392578
1335,285.2,28.9425678253174
1336,285.3,8.15283203125
1337,285.6,1.98324167728424
1338,285.8,10.6383867263794
1339,286.0,75.9213562011719
1340,286.1,93.3623962402344
1341,286.3,9.75298976898193
1342,286.5,1.24098801612854
1343,286.7,4.30191135406494
1344,286.9,28.5572147369385
1345,287.0,49.2006645202637
1346,287.1,74.6864776611328
1347,287.3,7.34302186965942
1348,287.4,3.26193594932556
1349,287.6,1.23007762432098
1350,287.8,8.26813316345215
1351,287.9,16.3113384246826
1352,288.1,105.062492370605
1353,288.2,26.1101512908936
1354,288.3,8.63576889038086
1355,288.6,2.19149875640869
1356,288.8,10.6510429382324
1357,289.0,59.394344329834
1358,289.1,66.1445388793945
1359,289.3,9.01728248596191
1360,289.6,1.95574760437012
1361,289.8,9.57667827606201
1362,289.9,20.3670253753662
1363,290.1,100.917427062988
1364,290.2,33.7653846740723
1365,290.4,2.66369915008545
1366,290.6,2.17980265617371
1367,290.7,2.52945804595947
1368,290.9,24.8797245025635
1369,291.1,59.4476737976074
1370,291.2,24.730993270874
1371,291.4,3.0550754070282
1372,291.7,3.7441737651825
1373,291.9,25.6906700134277
1374,292.1,82.5923004150391
1375,292.2,30.392162322998
1376,292.4,3.23522734642029
1377,292.6,2.83477354049683
1378,292.7,3.4618136882782
1379,292.9,31.0048007965088
1380,293.0,39.0457344055176
1381,293.1,52.3359527587891
1382,293.3,7.99362850189209
1383,293.6,2.43292307853699
1384,293.8,10.1254253387451
1385,294.0,59.7405967712402
1386,294.1,70.0784683227539
1387,294.3,11.8141746520996
1388,294.6,3.52779960632324
1389,294.8,14.1511735916138
1390,295.0,86.8603439331055
1391,295.1,59.4790954589844
1392,295.2,38.3452033996582
1393,295.4,3.54822373390198
1394,295.6,1.48860955238342
1395,295.8,10.8446369171143
1396,296.0,68.1345062255859
1397,296.1,81.8980560302734
1398,296.3,7.25879383087158
1399,296.4,4.65593099594116
1400,296.6,1.9229291677475
1401,296.8,10.9702367782593
1402,297.0,53.8825187683105
1403,297.1,58.300952911377
1404,297.3,7.89822816848755
1405,297.4,3.74330115318298
1406,297.7,3.77559566497803
1407,297.8,6.41555404663086
1408,298.0,55.1893157958984
1409,298.1,43.5203819274902
1410,298.2,29.7051582336426
1411,298.4,4.05044937133789
1412,298.7,4.95531129837036
1413,298.9,31.7254085540771
1414,299.0,40.4790077209473
1415,299.1,59.0240898132324
1416,299.3,8.69093132019043
1417,299.5,1.47202587127686
1418,299.7,4.10281944274902
1419,299.9,25.5623626708984
1420,300.1,87.0189437866211
1421,300.2,22.6385612487793
1422,300.3,9.15134811401367
1423,300.5,1.17255830764771
1424,300.7,4.25573873519897
1425,300.8,5.84856414794922
1426,301.0,42.6645736694336
1427,301.1,28.6557559967041
1428,301.2,22.2309513092041
1429,301.4,3.17875528335571
1430,301.7,4.04320526123047
1431,301.9,25.2575721740723
1432,302.1,74.8917694091797
1433,302.2,25.1105003356934
1434,302.4,3.94597196578979
1435,302.7,3.70585680007935
1436,302.9,21.1361618041992
1437,303.0,21.8237762451172
1438,303.1,36.6677131652832
1439,303.3,6.59963321685791
1440,303.4,3.70838785171509
1441,303.7,4.0164966583252
1442,303.9,21.7425155639648
1443,304.0,28.8789386749268
1444,304.1,46.8235130310059
1445,304.3,6.93305397033691
1446,304.4,4.21061372756958
1447,304.6,1.28332018852234
1448,304.8,9.49393367767334
1449,305.0,37.2461395263672
1450,305.1,20.3871002197266
1451,305.2,18.9382915496826
1452,305.4,2.49044251441956
1453,305.6,2.14070010185242
1454,305.8,9.47412109375
1455,305.9,17.9334907531738
1456,306.1,59.4975128173828
1457,306.2,25.1185302734375
1458,306.4,4.07436513900757
1459,306.7,4.63157892227173
1460,306.9,22.2538185119629
1461,307.1,43.6789741516113
1462,307.2,18.5912551879883
1463,307.4,4.02426481246948
1464,307.7,3.7599720954895
1465,307.9,24.7945365905762
1466,308.1,58.5979766845703
1467,308.2,16.2984199523926
1468,308.3,10.0906000137329
1469,308.6,2.91437554359436
1470,308.7,3.08300590515137
1471,308.9,22.9750366210938
1472,309.0,23.7028884887695
1473,309.1,41.7232246398926
1474,309.3,9.20677280426025
1475,309.6,2.55337357521057
1476,309.8,9.21558856964111
1477,310.0,44.9619445800781
1478,310.1,50.6478996276855
1479,310.3,9.35855770111084
1480,310.6,4.09382915496826
1481,310.8,12.7256698608398
1482,311.0,46.055248260498
1483,311.1,38.2164611816406
1484,311.3,7.68988370895386
1485,311.6,3.64667892456055
1486,311.7,3.10631060600281
1487,311.9,23.2678718566895
1488,312.1,52.2116622924805
1489,312.2,16.2270221710205
1490,312.3,8.95522403717041
1491,312.6,3.63498306274414
1492,312.7,3.82744169235229
1493,312.9,28.4170379638672
1494,313.1,53.0274925231934
1495,313.2,14.6503448486328
1496,313.3,8.53530597686768
1497,313.5,1.09828054904938
1498,313.7,4.47796106338501
1499,313.9,23.1098022460938
1500,314.0,26.5912551879883
1501,314.1,42.7236633300781
1502,314.3,8.85292816162109
1503,314.5,1.2641179561615
1504,314.7,3.58802485466003
1505,314.9,17.5148811340332
1506,315.0,18.4560527801514
1507,315.1,28.390417098999
1508,315.3,7.67993354797363
1509,315.6,2.40874576568604
1510,315.8,9.10517597198486
1511,316.0,34.3255653381348
1512,316.1,36.0274925231934
1513,316.3,9.09304332733154
1514,316.5,0.992057263851166
1515,316.7,3.68421053886414
1516,316.9,14.484245300293
1517,317.0,13.6280002593994
1518,317.1,22.1145153045654
1519,317.3,5.36484241485596
1520,317.4,3.36667537689209
1521,317.7,3.95723128318787
1522,317.9,18.2743301391602
1523,318.1,34.7138862609863
1524,318.2,11.6860437393188
1525,318.3,8.91865253448486
1526,318.6,2.68613076210022
1527,318.8,8.35340881347656
1528,319.0,22.4013271331787
1529,319.1,21.1956882476807
1530,319.3,7.52299880981445
1531,319.5,1.58270049095154
1532,319.7,3.70969724655151
1533,319.8,6.69232797622681
1534,320.0,30.6008548736572
1535,320.1,30.7763805389404
1536,320.3,9.57903480529785
1537,320.5,1.2818363904953
1538,320.7,4.08370447158813
1539,320.9,16.0944404602051
1540,321.0,12.6750459671021
1541,321.1,23.8086757659912
1542,321.3,4.82639455795288
1543,321.4,3.35864543914795
1544,321.7,4.23095035552979
1545,321.8,6.31779718399048
1546,322.0,30.292049407959
1547,322.1,30.8017807006836
1548,322.3,7.29798364639282
1549,322.4,5.02993822097778
1550,322.7,6.69381141662598
1551,322.9,27.8485641479492
1552,323.0,23.2175960540771
1553,323.1,29.3536701202393
1554,323.3,5.27659940719604
1555,323.4,3.44531726837158
1556,323.7,5.03377866744995
1557,323.9,21.7422542572021
1558,324.1,39.7683525085449
1559,324.2,19.4752559661865
1560,324.4,6.30810880661011
1561,324.7,12.5696954727173
1562,324.8,23.4153785705566
1563,325.0,94.5834884643555
1564,325.1,30.6829891204834
1565,325.2,15.2251024246216
1566,325.5,3.45151424407959
1567,325.6,2.27389359474182
1568,325.8,16.8399238586426
1569,326.0,47.6484260559082
1570,326.1,33.6733856201172
1571,326.3,6.26149940490723
1572,326.5,4.87981128692627
1573,326.7,14.6877889633179
1574,326.9,100.834602355957
1575,327.0,133.324432373047
1576,327.2,15.3208522796631
1577,327.5,3.20773315429688
1578,327.7,8.69887447357178
1579,327.9,40.1159133911133
1580,328.0,35.6969528198242
1581,328.1,40.2634201049805
1582,328.3,6.06938982009888
1583,328.5,4.36746072769165
1584,328.7,8.82717990875244
1585,328.9,30.2101764678955
1586,329.0,39.2012748718262
1587,329.2,13.6753950119019
1588,329.4,3.18757081031799
1589,329.7,4.7007942199707
1590,329.9,18.843240737915
1591,330.1,30.2629833221436
1592,330.2,15.3356895446777
1593,330.4,3.42323470115662
1594,330.7,3.77577018737793
1595,330.9,12.2085189819336
1596,331.1,19.4981231689453
1597,331.2,5.97372770309448
1598,331.3,5.78973531723022
1599,331.6,2.60146641731262
1600,331.7,2.76145577430725
1601,331.9,13.5799951553345
1602,332.1,22.767391204834
1603,332.2,13.5414161682129
1604,332.4,2.30557727813721
1605,332.6,2.36763548851013
1606,332.7,2.17727160453796
1607,332.9,9.95871543884277
1608,333.1,15.685432434082
1609,333.2,9.89927577972412
1610,333.4,3.41642665863037
1611,333.7,3.11826825141907
1612,333.9,12.9170808792114
1613,334.1,21.7573528289795
1614,334.2,9.59334945678711
1615,334.3,7.97067308425903
1616,334.5,2.56576776504517
1617,334.8,6.23924255371094
1618,335.0,14.337347984314
1619,335.1,14.4690580368042
1620,335.3,6.69232797622681
1621,335.6,2.26918029785156
1622,335.8,6.63507032394409
1623,336.0,20.0532417297363
1624,336.1,21.1584186553955
1625,336.3,7.41721200942993
1626,336.6,2.70105624198914
1627,336.8,6.22091293334961
1628,337.0,14.7242736816406
1629,337.1,8.61098003387451
1630,337.2,10.6404819488525
1631,337.4,2.00872826576233
1632,337.6,2.89002346992493
1633,337.8,6.83547163009644
1634,338.0,18.6936378479004
1635,338.1,18.249454498291
1636,338.3,4.39931917190552
1637,338.4,4.56655311584473
1638,338.7,7.78772783279419
1639,338.9,30.3113384246826
1640,339.0,39.7216529846191
1641,339.2,14.6297464370728
1642,339.4,3.17552590370178
1643,339.7,5.38465547561646
1644,339.9,16.4958534240723
1645,340.1,25.5851440429688
1646,340.2,7.02120971679688
1647,340.3,5.11661005020142
1648,340.6,4.20572566986084
1649,340.8,37.3161392211914
1650,341.0,315.759094238281
1651,341.1,106.525527954102
1652,341.3,2.7372784614563
1653,341.5,2.28279662132263
1654,341.6,2.40438151359558
1655,341.8,25.4207916259766
1656,342.0,108.407173156738
1657,342.1,37.7282867431641
1658,342.2,19.6711177825928
1659,342.4,1.93087196350098
1660,342.6,4.68290138244629
1661,342.8,26.5725765228271
1662,342.9,36.3378715515137
1663,343.0,69.9384689331055
1664,343.2,15.287335395813
1665,343.4,1.46547961235046
1666,343.6,3.15545082092285
1667,343.7,4.33141326904297
1668,343.9,20.2289428710938
1669,344.1,31.3689441680908
1670,344.2,14.3737449645996
1671,344.4,3.95522379875183
1672,344.7,6.10683441162109
1673,344.9,16.6132488250732
1674,345.1,23.8491744995117
1675,345.2,10.9194383621216
1676,345.4,2.76966047286987
1677,345.7,3.9574933052063
1678,345.8,4.54080486297607
1679,346.0,14.993540763855
1680,346.1,14.8426294326782
1681,346.3,4.17578792572021
1682,346.4,3.36178755760193
1683,346.7,3.1851270198822
1684,346.9,8.53006935119629
1685,347.1,11.3480844497681
1686,347.2,4.61429691314697
1687,347.3,4.85476112365723
1688,347.5,1.00715720653534
1689,347.7,2.93994927406311
1690,347.8,3.23723483085632
1691,348.0,12.3858776092529
1692,348.1,7.94413900375366
1693,348.2,9.94256782531738
1694,348.4,3.96779251098633
1695,348.7,2.83285331726074
1696,348.8,2.55564284324646
1697,349.0,8.95330333709717
1698,349.2,8.94038581848145
1699,349.3,5.54595422744751
1700,349.5,1.42096531391144
1701,349.7,3.0226936340332
1702,349.8,3.28157448768616
1703,350.0,13.0941781997681
1704,350.2,13.1797151565552
1705,350.3,3.92109632492065
1706,350.4,3.56201457977295
1707,350.7,2.57493233680725
1708,350.8,2.95007419586182
1709,351.0,9.08370399475098
1710,351.1,5.20397996902466
1711,351.2,7.98952627182007
1712,351.4,3.06694602966309
1713,351.7,2.86139488220215
1714,351.8,3.37645101547241
1715,352.0,11.6672773361206
1716,352.1,7.07174634933472
1717,352.2,10.354193687439
1718,352.4,3.4602427482605
1719,352.6,1.17657327651978
1720,352.8,5.86968660354614
1721,352.9,5.65732717514038
1722,353.1,12.6350698471069
1723,353.2,9.3507022857666
1724,353.4,3.10002613067627
1725,353.7,3.20546388626099
1726,353.9,7.80631923675537
1727,354.1,9.9381160736084
1728,354.2,3.80597019195557
1729,354.4,0.77140611410141
1730,354.6,3.03692054748535
1731,354.8,17.9965953826904
1732,355.0,499.181030273438
1733,355.1,281.918121337891
1734,355.3,4.49201345443726
1735,355.6,1.67478394508362
1736,355.8,19.6217155456543
1737,356.0,182.400100708008
1738,356.1,108.545082092285
1739,356.3,6.22964143753052
1740,356.6,2.67548227310181
1741,356.8,21.5625381469727
1742,357.0,133.276077270508
1743,357.1,74.3390960693359
1744,357.3,5.9093132019043
1745,357.6,2.66788864135742
1746,357.8,14.1962118148804
1747,358.0,39.306884765625
1748,358.1,17.833812713623
1749,358.2,16.2649917602539
1750,358.4,2.97538614273071
1751,358.7,5.71964740753174
1752,358.9,17.5925636291504
1753,359.1,25.3401412963867
1754,359.2,10.9381160736084
1755,359.4,2.73937320709229
1756,359.7,3.72654271125793
1757,359.8,3.8136510848999
1758,360.0,12.5205554962158
1759,360.1,12.1314477920532
1760,360.3,5.88915061950684
1761,360.6,2.34651303291321
1762,360.8,4.63768863677979
1763,361.0,9.12455272674561
1764,361.1,8.54935836791992
1765,361.3,4.09566211700439
1766,361.5,1.12708389759064
1767,361.7,2.47054195404053
1768,361.9,6.45675134658813
1769,362.1,10.8783273696899
1770,362.2,7.44950675964355
1771,362.4,3.504145860672
1772,362.7,2.85275387763977
1773,362.8,2.4901807308197
1774,363.0,8.14977741241455
1775,363.2,8.19944095611572
1776,363.3,4.03971385955811
1777,363.5,2.14523863792419
1778,363.7,1.65505802631378
1779,363.9,6.30636310577393
1780,364.1,9.88705635070801
1781,364.2,7.93392705917358
1782,364.4,3.34974241256714
1783,364.7,2.3828227519989
1784,364.9,4.68421030044556
1785,365.1,7.43536710739136
1786,365.2,6.52902173995972
1787,365.4,1.7537750005722
1788,365.6,2.47202587127686
1789,365.8,3.60644149780273
1790,366.0,7.37330865859985
1791,366.2,9.03037452697754
1792,366.3,5.30906867980957
1793,366.6,2.5633237361908
1794,366.8,5.20171070098877
1795,367.0,9.70114326477051
1796,367.2,10.2565240859985
1797,367.3,3.02190804481506
1798,367.4,2.87335252761841
1799,367.7,2.94431352615356
1800,367.9,6.84577131271362
1801,368.1,10.7700099945068
1802,368.2,4.78214168548584
1803,368.3,5.82831478118896
1804,368.5,1.76529633998871
1805,368.7,4.89168214797974
1806,368.9,15.1301383972168
1807,369.1,20.7132759094238
1808,369.2,11.2560882568359
1809,369.4,3.63192796707153
1810,369.7,3.33874487876892
1811,369.9,8.98647117614746
1812,370.1,13.2888193130493
1813,370.2,9.12847995758057
1814,370.4,4.24447917938232
1815,370.6,1.86619532108307
1816,370.8,8.140700340271
1817,370.9,6.33359527587891
1818,371.1,15.8348608016968
1819,371.2,8.1015100479126
1820,371.5,3.00899004936218
1821,371.6,1.25835728645325
1822,371.8,4.80544662475586
1823,371.9,3.97852849960327
1824,372.1,10.7041110992432
1825,372.2,7.04407787322998
1826,372.4,3.13459014892578
1827,372.7,4.23679828643799
1828,372.9,9.49079132080078
1829,373.1,12.1986560821533
1830,373.2,6.25870656967163
1831,373.4,2.27982902526855
1832,373.7,2.72017097473145
1833,373.9,6.76599454879761
1834,374.1,9.1753511428833
1835,374.2,6.68752717971802
1836,374.4,2.46801090240479
1837,374.7,2.47769927978516
1838,374.9,4.77236604690552
1839,375.0,3.12734580039978
1840,375.2,5.49096632003784
1841,375.3,1.91943788528442
1842,375.4,2.08152222633362
1843,375.7,1.87658202648163
1844,375.8,2.04617261886597
1845,376.0,6.30741024017334
1846,376.2,7.11198377609253
1847,376.3,2.84280347824097
1848,376.4,2.77454829216003
1849,376.7,2.03735709190369
1850,376.9,3.57187747955322
1851,377.1,5.16077518463135
1852,377.2,4.37252330780029
1853,377.4,2.48538017272949
1854,377.7,1.93331587314606
1855,377.8,1.93663263320923
1856,378.0,6.22597551345825
1857,378.2,6.8986644744873
1858,378.3,2.56253814697266
1859,378.4,3.21122455596924
1860,378.7,2.2021472454071
1861,378.8,1.62110495567322
1862,379.0,4.61787557601929
1863,379.2,5.23348188400269
1864,379.4,3.37976789474487
1865,379.6,1.94431352615356
1866,379.8,2.87204337120056
1867,380.0,5.77917432785034
1868,380.2,6.41249895095825
1869,380.3,4.14454030990601
1870,380.5,1.2570481300354
1871,380.7,2.08771920204163
1872,380.9,4.3305401802063
1873,381.1,5.80466079711914
1874,381.3,4.95819139480591
1875,381.4,2.53809905052185
1876,381.7,2.37968063354492
1877,381.8,1.8446364402771
1878,382.0,5.52998161315918
1879,382.1,3.74469757080078
1880,382.2,4.98943853378296
1881,382.4,3.26743483543396
1882,382.7,5.04137229919434
1883,382.8,3.8515317440033
1884,383.0,10.0851879119873
1885,383.1,8.38998031616211
1886,383.3,2.50484418869019
1887,383.4,2.75333857536316
1888,383.7,3.02042412757874
1889,383.8,2.59500741958618
1890,384.0,7.26673650741577
1891,384.2,6.77838897705078
1892,384.4,4.21288299560547
1893,384.6,5.16662311553955
1894,384.8,11.6861305236816
1895,385.0,19.8084144592285
1896,385.1,12.2298154830933
1897,385.3,2.49917078018188
1898,385.5,3.08798122406006
1899,385.7,4.87352705001831
1900,385.9,8.42271137237549
1901,386.1,9.36929416656494
1902,386.2,5.82883834838867
1903,386.5,3.4784848690033
1904,386.7,9.3957405090332
1905,386.8,10.5834856033325
1906,387.0,28.7063808441162
1907,387.1,16.7697486877441
1908,387.3,4.09644746780396
1909,387.6,3.14934110641479
1910,387.7,3.34371995925903
1911,387.9,10.9108839035034
1912,388.1,12.226411819458
1913,388.2,7.5029239654541
1914,388.4,2.87911319732666
1915,388.6,1.64240205287933
1916,388.8,5.89368963241577
1917,389.0,8.39382076263428
1918,389.1,6.96761798858643
1919,389.3,3.341712474823
1920,389.6,1.76442348957062
1921,389.8,3.6230251789093
1922,390.0,6.08265686035156
1923,390.2,6.32949304580688
1924,390.3,3.78702974319458
1925,390.5,1.0051497220993
1926,390.7,2.08763194084167
1927,390.8,1.31378197669983
1928,391.0,4.2460503578186
1929,391.2,3.99659585952759
1930,391.3,2.28881907463074
1931,391.5,1.80335164070129
1932,391.8,2.21637415885925
1933,392.0,4.52902173995972
1934,392.1,2.6767041683197
1935,392.2,4.58156585693359
1936,392.4,2.54019379615784
1937,392.7,1.60207736492157
1938,392.9,2.75700449943542
1939,393.1,3.69660472869873
1940,393.2,3.52736330032349
1941,393.4,1.06328010559082
1942,393.6,1.81164348125458
1943,393.7,0.863053143024445
1944,393.9,3.34118890762329
1945,394.0,2.2217857837677
1946,394.2,5.08649730682373
1947,394.4,3.54412150382996
1948,394.5,1.67818796634674
1949,394.7,0.993453800678253
1950,394.9,2.665531873703
1951,395.1,3.5748450756073
1952,395.2,3.46617794036865
1953,395.5,2.01431441307068
1954,395.7,1.66378629207611
1955,395.8,1.15195953845978
1956,396.0,3.85467410087585
1957,396.1,2.8449854850769
1958,396.3,5.04041194915771
1959,396.4,3.73876237869263
1960,396.7,2.67190361022949
1961,396.9,4.24823236465454
1962,397.0,2.6455442905426
1963,397.2,4.99170827865601
1964,397.3,1.86148202419281
1965,397.4,2.38212442398071
1966,397.6,1.13240814208984
1967,397.8,2.45195078849792
1968,397.9,2.27537751197815
1969,398.1,4.95417642593384
1970,398.2,2.47708821296692
1971,398.4,4.09251976013184
1972,398.5,2.40586543083191
1973,398.7,8.59238910675049
1974,398.8,8.68874931335449
1975,399.0,19.5894222259521
1976,399.1,7.69424819946289
1977,399.2,7.15579986572266
1978,399.4,0.963777601718903
1979,399.6,3.00401496887207
1980,399.7,3.14995193481445
1981,399.9,8.46966934204102
1982,400.0,5.1020336151123
1983,400.1,7.32451772689819
1984,400.4,3.87902593612671
1985,400.6,7.40350866317749
1986,400.8,35.7402458190918
1987,400.9,42.1907119750977
1988,401.0,65.1095428466797
1989,401.2,14.4148559570313
1990,401.5,2.81068348884583
1991,401.7,10.809287071228
1992,401.8,11.4520378112793
1993,402.0,29.8277034759521
1994,402.1,17.7801342010498
1995,402.3,4.85039710998535
1996,402.6,4.72217845916748
1997,402.7,6.17412948608398
1998,402.9,19.5652446746826
1999,403.0,10.3855285644531
2000,403.1,13.4456663131714
2001,403.3,2.3179714679718
2002,403.5,2.28323292732239
2003,403.6,1.44226241111755
2004,403.8,5.49402093887329
2005,404.0,8.4462776184082
2006,404.1,6.87806558609009
2007,404.3,3.45037961006165
2008,404.5,1.25285851955414
2009,404.7,3.1256000995636
2010,404.9,4.74155521392822
2011,405.0,6.15667295455933
2012,405.2,3.17229652404785
2013,405.5,1.89875185489655
2014,405.7,1.9463210105896
2015,405.9,3.14244556427002
2016,406.1,4.66509580612183
2017,406.2,3.90355253219604
2018,406.4,2.21358132362366
2019,406.7,1.5280613899231
2020,406.8,1.07087373733521
2021,407.0,2.92982459068298
2022,407.1,1.51226329803467
2023,407.2,2.64179110527039
2024,407.4,1.96325385570526
2025,407.7,1.66125512123108
2026,407.9,2.78606963157654
2027,408.1,3.31596398353577
2028,408.2,1.76293969154358
2029,408.3,3.16662311553955
2030,408.5,1.78633153438568
2031,408.7,0.792964994907379
2032,408.9,1.76791477203369
2033,409.0,1.52395915985107
2034,409.2,2.71231555938721
2035,409.3,1.18888020515442
2036,409.4,1.98079776763916
2037,409.7,1.365802526474
2038,409.9,2.11207127571106
2039,410.1,3.70070695877075
2040,410.2,3.78414940834045
2041,410.5,2.37845849990845
2042,410.6,0.891245543956757
2043,410.8,2.00157117843628
2044,411.0,2.26952958106995
2045,411.2,3.23967885971069
2046,411.4,2.28899359703064
2047,411.6,1.72907388210297
2048,411.7,0.849262475967407
2049,411.9,2.16068768501282
2050,412.1,3.47700095176697
2051,412.3,3.28209829330444
2052,412.4,2.44051671028137
2053,412.7,3.35192465782166
2054,412.9,5.44051694869995
2055,413.1,6.21384286880493
2056,413.2,2.40865850448608
2057,413.3,2.73754048347473
2058,413.6,2.03002524375916
2059,413.7,1.39739894866943
2060,413.9,3.86514782905579
2061,414.0,2.21052622795105
2062,414.1,4.18303203582764
2063,414.4,2.41991806030273
2064,414.5,0.98437637090683
2065,414.7,9.36763572692871
2066,414.9,73.5917816162109
2067,415.0,73.2522506713867
2068,415.1,76.0087280273438
2069,415.3,7.18608713150024
2070,415.6,3.37426900863647
2071,415.8,19.7159824371338
2072,416.0,49.420093536377
2073,416.1,34.5956192016602
2074,416.3,5.03142166137695
2075,416.4,3.96988749504089
2076,416.7,7.52954530715942
2077,416.9,28.5859298706055
2078,417.1,36.3668518066406
2079,417.2,12.9718074798584
2080,417.4,2.9394257068634
2081,417.7,4.61499500274658
2082,417.9,9.97660827636719
2083,418.1,11.9040765762329
2084,418.2,7.18870544433594
2085,418.4,2.47228765487671
2086,418.7,3.61508250236511
2087,418.9,6.86549711227417
2088,419.0,3.72252774238586
2089,419.1,6.09217071533203
2090,419.3,1.46390855312347
2091,419.5,2.13659763336182
2092,419.6,0.810247004032135
2093,419.8,2.51086664199829
2094,420.0,4.0164966583252
2095,420.2,3.68918561935425
2096,420.3,2.42157626152039
2097,420.6,1.54447066783905
2098,420.7,0.84070873260498
2099,420.9,2.7968053817749
2100,421.0,3.72680449485779
2101,421.2,2.52753782272339
2102,421.4,1.61831200122833
2103,421.7,1.42148900032043
2104,421.8,1.01614737510681
2105,422.0,2.62014484405518
2106,422.2,3.00680804252625
2107,422.3,1.38561582565308
2108,422.5,1.95278000831604
2109,422.7,1.63323736190796
2110,422.8,0.914811909198761
2111,423.0,1.95958805084229
2112,423.2,2.79567074775696
2113,423.3,0.943440675735474
2114,423.5,1.66849958896637
2115,423.6,0.576328873634338
2116,423.7,1.63690316677094
2117,424.0,2.68656706809998
2118,424.1,1.32530331611633
2119,424.3,3.29213571548462
2120,424.4,1.50528061389923
2121,424.5,2.01789307594299
2122,424.7,0.673649311065674
2123,424.9,2.09531283378601
2124,425.1,2.70210361480713
2125,425.3,2.50466966629028
2126,425.4,1.81696784496307
2127,425.6,0.652875959873199
2128,425.8,1.57772541046143
2129,425.9,1.10500133037567
2130,426.1,2.3048791885376
2131,426.3,2.73640561103821
2132,426.4,2.12821865081787
2133,426.7,2.04721999168396
2134,426.9,2.62119221687317
2135,427.0,1.54237580299377
2136,427.2,2.9093132019043
2137,427.3,1.06581127643585
2138,427.5,1.58627915382385
2139,427.7,1.63882339000702
2140,427.8,0.998167037963867
2141,428.0,2.92301654815674
2142,428.1,2.83459901809692
2143,428.4,2.03342938423157
2144,428.6,3.67888617515564
2145,428.7,6.00471305847168
2146,428.9,60.7145843505859
2147,429.0,54.2299919128418
2148,429.1,60.7033271789551
2149,429.3,7.49166440963745
2150,429.6,3.01510000228882
2151,429.8,16.1814613342285
2152,429.9,19.1872215270996
2153,430.1,38.3320236206055
2154,430.2,15.4320507049561
2155,430.4,3.37889504432678
2156,430.7,7.01300525665283
2157,430.8,9.07410335540771
2158,431.0,32.5594825744629
2159,431.1,22.6023387908936
2160,431.3,4.00837898254395
2161,431.4,3.12717127799988
2162,431.7,3.8671555519104
2163,431.9,9.21070098876953
2164,432.0,5.9801869392395
2165,432.1,9.47377109527588
2166,432.3,2.31587672233582
2167,432.4,2.50397133827209
2168,432.6,1.28558957576752
2169,432.8,4.53879737854004
2170,433.0,7.96657085418701
2171,433.1,6.81853866577148
2172,433.3,3.20546388626099
2173,433.5,0.7782142162323
2174,433.7,1.87396347522736
2175,433.8,1.39766085147858
2176,434.0,3.6157808303833
2177,434.1,3.64510774612427
2178,434.3,2.40272331237793
2179,434.5,1.49594140052795
2180,434.8,2.10569953918457
2181,435.0,3.05018758773804
2182,435.1,1.80055856704712
2183,435.3,2.13956522941589
2184,435.4,0.916993975639343
2185,435.6,1.54132843017578
2186,435.8,1.44915771484375
2187,436.0,2.50789904594421
2188,436.2,2.58496999740601
2189,436.3,2.07270669937134
2190,436.5,1.31570219993591
2191,436.8,1.95321643352509
2192,436.9,1.27659940719604
2193,437.1,2.41773581504822
2194,437.2,1.20171070098877
2195,437.4,1.79863834381104
2196,437.5,0.820546388626099
2197,437.7,1.35559046268463
2198,437.8,0.976782739162445
2199,438.0,2.38840889930725
2200,438.1,1.31648778915405
2201,438.2,2.17020153999329
2202,438.4,1.01125943660736
2203,438.6,1.71039533615112
2204,438.8,1.8563324213028
2205,439.0,2.14000177383423
2206,439.1,1.07480144500732
2207,439.3,1.92546045780182
2208,439.4,0.863664150238037
2209,439.6,1.47272408008575
2210,439.8,1.36466789245605
2211,440.0,1.97573530673981
2212,440.1,1.1201012134552
2213,440.3,2.08265686035156
2214,440.5,1.67172908782959
2215,440.7,2.0411102771759
2216,440.9,3.00130915641785
2217,441.1,2.87335252761841
2218,441.2,2.19970321655273
2219,441.4,1.62311255931854
2220,441.7,1.38788509368896
2221,441.8,0.980448663234711
2222,442.0,2.28951740264893
2223,442.2,2.52919602394104
2224,442.3,1.02478837966919
2225,442.5,1.50449502468109
2226,442.7,2.72052025794983
2227,442.9,3.3232958316803
2228,443.1,3.50248765945435
2229,443.2,2.54185223579407
2230,443.5,1.66247713565826
2231,443.7,1.54089200496674
2232,443.9,2.57947111129761
2233,444.0,1.47141480445862
2234,444.2,3.04285597801208
2235,444.3,0.946233749389648
2236,444.5,2.36658811569214
2237,444.6,1.47167670726776
2238,444.8,5.52064228057861
2239,445.0,6.75237846374512
2240,445.1,4.92336559295654
2241,445.3,1.25181114673615
2242,445.4,1.81609499454498
2243,445.6,1.01998782157898
2244,445.8,2.71152997016907
2245,446.0,3.98254346847534
2246,446.1,1.95845329761505
2247,446.3,2.58270049095154
2248,446.4,0.728026509284973
2249,446.6,2.42890810966492
2250,446.8,4.62223958969116
2251,447.0,6.21925449371338
2252,447.1,2.76756572723389
2253,447.2,3.74583220481873
2254,447.4,0.898402750492096
2255,447.6,1.72636818885803
2256,447.8,2.81321454048157
2257,448.0,3.40385794639587
2258,448.2,3.08143496513367
2259,448.4,2.21279573440552
2260,448.5,0.698437631130219
2261,448.7,2.06022524833679
2262,448.9,2.46844720840454
2263,449.1,2.55023121833801
2264,449.3,2.13118624687195
2265,449.4,1.39355850219727
2266,449.6,0.572139322757721
2267,449.8,1.42471849918365
2268,450.0,2.1865234375
2269,450.2,2.10456490516663
2270,450.4,1.58444619178772
2271,450.5,1.44653928279877
2272,450.8,1.32635068893433
2273,451.0,1.55599200725555
2274,451.1,1.01108491420746
2275,451.3,1.38247358798981
2276,451.5,1.30295884609222
2277,451.7,1.28899359703064
2278,451.9,1.74818885326385
2279,452.1,1.97372782230377
2280,452.3,2.25495338439941
2281,452.4,1.58470809459686
2282,452.7,1.42367112636566
2283,452.9,1.57833635807037
2284,453.1,1.61979579925537
2285,453.2,1.71170461177826
2286,453.4,1.12350523471832
2287,453.7,1.34371995925903
2288,453.9,1.56122899055481
2289,454.0,0.903290569782257
2290,454.2,1.72933578491211
2291,454.3,0.710657238960266
2292,454.4,1.50370955467224
2293,454.6,0.729946732521057
2294,454.7,1.33464252948761
2295,455.0,1.65331244468689
2296,455.2,1.76957321166992
2297,455.4,1.4604172706604
2298,455.6,1.44950687885284
2299,455.8,1.35384476184845
2300,456.0,1.72200405597687
2301,456.1,0.85868901014328
2302,456.3,1.8554595708847
2303,456.4,1.06092345714569
2304,456.6,1.76320159435272
2305,456.8,2.08806848526001
2306,457.0,2.69093132019043
2307,457.2,2.19210958480835
2308,457.3,0.879025936126709
2309,457.4,1.41834688186646
2310,457.6,0.861307501792908
2311,457.8,1.6942480802536
2312,458.0,2.20363092422485
2313,458.1,2.06301832199097
2314,458.4,1.7130138874054
2315,458.6,2.74443578720093
2316,458.8,6.00122213363647
2317,459.0,7.04442691802979
2318,459.1,5.10386657714844
2319,459.3,2.09356713294983
2320,459.6,1.96526145935059
2321,459.8,3.57100462913513
2322,460.0,4.1610369682312
2323,460.1,3.38343381881714
2324,460.4,2.02583575248718
2325,460.6,4.77865076065063
2326,460.8,17.6096706390381
2327,461.0,29.6199703216553
2328,461.1,11.0248756408691
2329,461.2,9.44147682189941
2330,461.5,2.84708046913147
2331,461.7,5.9320068359375
2332,461.9,12.2554769515991
2333,462.0,11.4487209320068
2334,462.2,6.06668424606323
2335,462.4,1.26787114143372
2336,462.6,2.72732830047607
2337,462.8,6.07698345184326
2338,462.9,4.62852382659912
2339,463.1,7.90573453903198
2340,463.2,4.42244911193848
2341,463.5,1.53294932842255
2342,463.7,2.63812518119812
2343,463.9,3.66003322601318
2344,464.0,1.79916203022003
2345,464.2,2.92022347450256
2346,464.4,1.93628346920013
2347,464.6,1.57021903991699
2348,464.8,2.11198401451111
2349,465.0,2.23470377922058
2350,465.1,1.08143496513367
2351,465.3,1.51793658733368
2352,465.4,0.681853890419006
2353,465.6,1.22562623023987
2354,465.7,0.829798400402069
2355,465.9,1.41511738300323
2356,466.1,1.87090861797333
2357,466.3,1.39172554016113
2358,466.5,1.37487995624542
2359,466.7,1.1438422203064
2360,466.8,0.590381443500519
2361,467.0,1.51322340965271
2362,467.2,1.55703938007355
2363,467.3,0.684646964073181
2364,467.5,1.32416868209839
2365,467.7,1.09705853462219
2366,467.9,1.3114253282547
2367,468.1,1.773064494133
2368,468.3,1.46015536785126
2369,468.5,1.59492015838623
2370,468.6,0.533298432826996
2371,468.8,1.20328187942505
2372,469.0,1.46879637241364
2373,469.2,1.44025480747223
2374,469.4,1.36143839359283
2375,469.6,0.928166210651398
2376,469.8,1.47237491607666
2377,470.0,1.46102821826935
2378,470.2,1.8618311882019
2379,470.3,0.674783945083618
2380,470.5,1.32713627815247
2381,470.6,0.591341555118561
2382,470.8,1.72872483730316
2383,471.0,1.93645811080933
2384,471.2,1.80998516082764
2385,471.3,1.35480487346649
2386,471.5,1.03482592105865
2387,471.8,1.30243515968323
2388,472.0,1.35524129867554
2389,472.1,1.75918650627136
2390,472.3,0.787728011608124
2391,472.5,1.50135290622711
2392,472.7,2.53155279159546
2393,472.9,4.70428562164307
2394,473.0,2.60076808929443
2395,473.1,3.98559832572937
2396,473.3,1.89054727554321
2397,473.6,1.62093043327332
2398,473.7,1.01396524906158
2399,473.9,3.09435272216797
2400,474.0,1.60932183265686
2401,474.1,2.62616729736328
2402,474.3,0.730295896530151
2403,474.5,2.5920398235321
2404,474.7,8.31517887115479
2405,474.8,13.7053327560425
2406,475.0,66.195686340332
2407,475.1,50.1794548034668
2408,475.3,9.99825477600098
2409,475.5,1.682377576828
2410,475.7,6.32792186737061
2411,475.9,22.9686660766602
2412,476.0,16.8166179656982
2413,476.1,26.0852756500244
2414,476.3,5.00192022323608
2415,476.4,4.29868221282959
2416,476.6,1.81155622005463
2417,476.8,9.33403205871582
2418,477.0,19.8901977539063
2419,477.1,15.9460592269897
2420,477.3,5.64423513412476
2421,477.6,1.9220564365387
2422,477.7,1.51374709606171
2423,477.9,5.86436223983765
2424,478.1,7.25355672836304
2425,478.2,2.8078031539917
2426,478.3,2.91079688072205
2427,478.5,0.965523242950439
2428,478.7,2.27048969268799
2429,478.9,3.54106664657593
2430,479.0,2.01710748672485
2431,479.1,3.65497064590454
2432,479.3,2.13799428939819
2433,479.6,1.50301122665405
2434,479.7,0.828052699565887
2435,479.9,1.934974193573
2436,480.0,0.916993975639343
2437,480.1,2.16339349746704
2438,480.3,1.75586974620819
2439,480.5,0.724273383617401
2440,480.7,1.29100108146667
2441,480.9,1.593785405159
2442,481.0,0.913589954376221
2443,481.2,1.54673993587494
2444,481.4,1.43231213092804
2445,481.5,1.15815663337708
2446,481.8,1.11983942985535
2447,481.9,1.36117660999298
2448,482.2,1.20843148231506
2449,482.4,1.53521859645844
2450,482.6,1.21811997890472
2451,482.8,1.17901718616486
2452,483.0,1.34860777854919
2453,483.2,1.39259839057922
2454,483.4,1.2993803024292
2455,483.6,1.18390500545502
2456,483.8,1.26211047172546
2457,483.9,0.629571437835693
2458,484.1,1.41852140426636
2459,484.2,1.42489302158356
2460,484.5,1.02697038650513
2461,484.7,1.31945538520813
2462,484.8,0.508771955966949
2463,485.0,1.28899359703064
2464,485.2,1.51051759719849
2465,485.4,1.29135024547577
2466,485.5,1.02059876918793
2467,485.8,1.17561316490173
2468,485.9,0.622676074504852
2469,486.1,1.52020597457886
2470,486.2,0.682464897632599
2471,486.4,1.40438163280487
2472,486.5,0.666841208934784
2473,486.7,1.71475958824158
2474,486.9,2.09915328025818
2475,487.1,2.59430909156799
2476,487.3,1.87946236133575
2477,487.4,0.737278521060944
2478,487.6,1.54848563671112
2479,487.8,1.95583486557007
2480,488.0,2.15152311325073
2481,488.2,1.82141923904419
2482,488.3,0.844461917877197
2483,488.5,1.59195256233215
2484,488.6,1.94701933860779
2485,488.8,18.7388496398926
2486,489.0,61.5806922912598
2487,489.1,53.2373237609863
2488,489.3,10.6981754302979
2489,489.5,1.42899537086487
2490,489.7,6.14253282546997
2491,489.9,21.2942314147949
2492,490.1,31.0226936340332
2493,490.2,15.7952346801758
2494,490.4,3.51278686523438
2495,490.7,5.25888109207153
2496,490.9,16.0172824859619
2497,491.0,12.1262111663818
2498,491.1,18.8284893035889
2499,491.3,4.6244215965271
2500,491.4,2.77489733695984
2501,491.7,3.09941530227661
2502,491.9,6.40202474594116
2503,492.0,3.83983588218689
2504,492.1,7.1073579788208
2505,492.3,3.57196474075317
2506,492.6,1.79191756248474
2507,492.8,2.80108237266541
2508,493.0,4.39774799346924
2509,493.1,1.86200571060181
2510,493.2,3.02635931968689
2511,493.4,1.68351221084595
2512,493.7,1.70393645763397
2513,493.8,0.956707715988159
2514,494.0,2.41197514533997
2515,494.2,2.30025315284729
2516,494.3,1.55380988121033
2517,494.6,1.1737802028656
2518,494.8,1.53486955165863
2519,495.0,1.92266738414764
2520,495.1,1.72828841209412
2521,495.3,1.31692409515381
2522,495.6,1.10447764396667
2523,495.7,0.515667259693146
2524,495.9,1.58025658130646
2525,496.1,1.62782573699951
2526,496.2,0.817404210567474
2527,496.3,1.3891943693161
2528,496.5,0.626952946186066
2529,496.7,1.30697393417358
2530,496.9,1.33935582637787
2531,497.0,0.872217833995819
2532,497.2,1.07680892944336
2533,497.3,0.556777536869049
2534,497.5,1.11870467662811
2535,497.7,1.28244745731354
2536,497.9,1.28009080886841
2537,498.1,1.15815663337708
2538,498.2,0.672514617443085
2539,498.4,1.35192453861237
2540,498.6,1.19027674198151
2541,498.8,1.15562534332275
2542,499.0,1.19010210037231
2543,499.2,1.26446712017059
2544,499.3,1.30653750896454
2545,499.5,0.51121586561203
2546,499.7,1.05455183982849
2547,499.9,1.21646153926849
2548,500.1,1.17753338813782
2549,500.3,1.2450031042099
2550,500.4,0.600855350494385
2551,500.5,1.51008117198944
2552,500.8,1.9039888381958
2553,501.0,1.68604350090027
2554,501.2,1.83791565895081
2555,501.3,0.680108249187469
2556,501.5,1.39617705345154
2557,501.7,1.49061703681946
2558,501.8,0.924413025379181
2559,502.0,1.67347478866577
2560,502.1,1.13869249820709
2561,502.3,1.63480842113495
2562,502.5,1.54569256305695
2563,502.7,4.94300413131714
2564,502.9,12.2006635665894
2565,503.0,7.90957498550415
2566,503.1,14.0098628997803
2567,503.3,2.90974950790405
2568,503.4,2.26036477088928
2569,503.6,1.07663440704346
2570,503.8,4.68778896331787
2571,504.0,7.37968063354492
2572,504.1,7.41633939743042
2573,504.3,2.26804566383362
2574,504.5,1.69363713264465
2575,504.7,3.18896746635437
2576,504.9,6.52456998825073
2577,505.0,3.31936812400818
2578,505.2,5.94684457778931
2579,505.3,1.78956091403961
2580,505.4,1.79191756248474
2581,505.7,2.04241943359375
2582,505.9,2.84533476829529
2583,506.0,1.75674259662628
2584,506.1,2.88487386703491
2585,506.3,2.05717039108276
2586,506.5,0.747054219245911
2587,506.7,2.04172110557556
2588,506.9,3.05847954750061
2589,507.0,1.86130750179291
2590,507.2,3.10788154602051
2591,507.3,1.01536178588867
2592,507.4,1.55861043930054
2593,507.7,1.35593962669373
2594,507.8,0.89072185754776
2595,508.0,1.93645811080933
2596,508.1,1.88382649421692
2597,508.3,1.34371995925903
2598,508.6,1.20930433273315
2599,508.8,1.59011960029602
2600,509.0,1.89473688602448
2601,509.2,1.27363181114197
2602,509.3,0.74495941400528
2603,509.4,1.00837910175323
2604,509.6,0.582525968551636
2605,509.8,1.12289428710938
2606,510.0,1.26455438137054
2607,510.2,1.36475515365601
2608,510.3,0.583049654960632
2609,510.4,1.25809550285339
2610,510.7,1.13328099250793
2611,510.9,1.36685001850128
2612,511.1,1.47761189937592
2613,511.3,1.34145069122314
2614,511.4,0.566116809844971
2615,511.6,1.17491495609283
2616,511.7,0.51243782043457
2617,511.9,1.2582700252533
2618,512.1,1.31046521663666
2619,512.2,0.642402052879333
2620,512.4,1.26865673065186
2621,512.6,1.00750637054443
2622,512.8,0.998254358768463
2623,513.0,1.20668590068817
2624,513.2,1.24247181415558
2625,513.4,1.06101071834564
2626,513.5,0.675918638706207
2627,513.6,1.2216112613678
2628,513.9,0.997643351554871
2629,514.1,1.27965438365936
2630,514.2,0.659509479999542
2631,514.4,1.08204591274261
2632,514.5,0.559745132923126
2633,514.7,1.2632452249527
2634,514.9,1.46853446960449
2635,515.0,0.690843999385834
2636,515.2,1.68892383575439
2637,515.3,0.575892448425293
2638,515.5,1.21096277236938
2639,515.7,1.09644758701324
2640,515.8,0.575456082820892
2641,516.0,1.24343192577362
2642,516.2,1.37042856216431
2643,516.3,0.494806677103043
2644,516.5,1.06179630756378
2645,516.7,1.36108934879303
2646,516.8,1.04608535766602
2647,517.0,1.80204236507416
2648,517.1,0.815745830535889
2649,517.3,1.41468095779419
2650,517.5,1.0423321723938
2651,517.7,1.48939514160156
2652,517.8,0.635593950748444
2653,518.0,1.50772452354431
2654,518.2,1.4733350276947
2655,518.4,1.32975471019745
2656,518.6,1.94667017459869
2657,518.8,2.68403601646423
2658,518.9,1.80274069309235
2659,519.0,3.53364753723145
2660,519.2,2.27337002754211
2661,519.5,1.48703849315643
2662,519.7,1.69931042194366
2663,519.8,1.17561316490173
2664,520.0,2.26883125305176
2665,520.2,2.26088857650757
2666,520.4,1.54647815227509
2667,520.6,2.38814687728882
2668,520.8,4.1975212097168
2669,521.0,5.32669973373413
2670,521.2,4.18076276779175
2671,521.3,2.09906601905823
2672,521.6,1.52500653266907
2673,521.7,1.18765819072723
2674,521.9,2.98289251327515
2675,522.1,2.72715377807617
2676,522.2,2.04163384437561
2677,522.5,1.14253294467926
2678,522.7,1.83809030056
2679,522.9,2.09260702133179
2680,523.1,2.44636464118958
2681,523.2,1.11556255817413
2682,523.3,1.42716240882874
2683,523.6,1.28384399414063
2684,523.8,1.27162432670593
2685,524.0,1.46783626079559
2686,524.1,0.660818696022034
2687,524.3,1.42009246349335
2688,524.4,0.481801509857178
2689,524.6,1.13240814208984
2690,524.8,1.20642399787903
2691,525.0,1.3115998506546
2692,525.1,0.568473398685455
2693,525.3,1.30496644973755
2694,525.5,1.11503887176514
2695,525.7,0.910011351108551
2696,525.9,1.1317971944809
2697,526.0,0.629833281040192
2698,526.2,0.923452913761139
2699,526.4,0.947019279003143
2700,526.5,1.02635943889618
2701,526.8,1.15972769260406
2702,527.0,1.29850745201111
2703,527.1,0.654185235500336
2704,527.3,1.26245963573456
2705,527.5,1.29868197441101
2706,527.6,0.793314158916473
2707,527.8,1.17107450962067
2708,528.0,0.915510177612305
2709,528.1,0.529981672763824
2710,528.3,1.14768266677856
2711,528.5,1.21654880046844
2712,528.6,0.479881286621094
2713,528.8,1.16566288471222
2714,528.9,1.10823082923889
2715,529.2,1.0118705034256
2716,529.4,1.09810590744019
2717,529.6,1.00200748443604
2718,529.8,1.08728289604187
2719,529.9,0.459893524646759
2720,530.1,1.29091382026672
2721,530.2,0.538709938526154
2722,530.4,1.05533730983734
2723,530.5,1.04634726047516
2724,530.8,1.26848220825195
2725,531.0,1.61202752590179
2726,531.1,0.58444619178772
2727,531.2,1.18233394622803
2728,531.4,0.493322849273682
2729,531.6,1.09958982467651
2730,531.8,1.17866802215576
2731,532.0,1.42768609523773
2732,532.2,1.3592563867569
2733,532.3,0.613773226737976
2734,532.5,1.43929469585419
2735,532.6,0.730645000934601
2736,532.8,2.75072002410889
2737,533.0,3.28017807006836
2738,533.1,1.72846293449402
2739,533.2,2.32015371322632
2740,533.4,0.770271420478821
2741,533.6,1.4193069934845
2742,533.8,1.80771577358246
2743,534.0,2.42995548248291
2744,534.2,2.33141303062439
2745,534.4,1.66998338699341
2746,534.5,1.52212619781494
2747,534.7,7.0791654586792
2748,534.8,7.71615600585938
2749,535.0,18.2441310882568
2750,535.1,13.6877021789551
2751,535.3,4.57685279846191
2752,535.6,2.9946756362915
2753,535.8,6.40010452270508
2754,536.0,9.10945320129395
2755,536.1,8.02566146850586
2756,536.3,2.12079954147339
2757,536.5,2.3121235370636
2758,536.6,1.17744612693787
2759,536.8,4.88670682907104
2760,537.0,6.79863834381104
2761,537.2,5.53923368453979
2762,537.3,1.6937243938446
2763,537.4,1.68543243408203
2764,537.7,2.05341720581055
2765,537.9,3.07419037818909
2766,538.1,3.2088680267334
2767,538.2,1.31465482711792
2768,538.3,1.81775331497192
2769,538.6,1.10500133037567
2770,538.8,1.75168025493622
2771,539.0,1.81260359287262
2772,539.2,1.64955925941467
2773,539.4,1.36213672161102
2774,539.5,0.576241612434387
2775,539.7,1.14061272144318
2776,539.9,1.27249717712402
2777,540.1,1.21785807609558
2778,540.2,0.547700107097626
2779,540.4,1.27127516269684
2780,540.6,1.15230858325958
2781,540.7,0.457013189792633
2782,540.9,1.19551360607147
2783,541.1,1.4970760345459
2784,541.3,1.19979047775269
2785,541.5,1.02644670009613
2786,541.7,0.755346059799194
2787,541.8,0.527101337909698
2788,541.9,0.988915085792542
2789,542.1,0.6169154047966
2790,542.3,1.14523875713348
2791,542.5,1.00532424449921
2792,542.6,0.493148297071457
2793,542.8,1.10046255588531
2794,543.0,1.2334817647934
2795,543.2,0.91996157169342
2796,543.3,1.19725930690765
2797,543.6,1.11757004261017
2798,543.8,1.00375318527222
2799,544.0,1.09138512611389
2800,544.2,1.19647371768951
2801,544.4,1.05446457862854
2802,544.6,1.20301997661591
2803,544.7,1.00864100456238
2804,545.0,1.14235842227936
2805,545.2,1.29073929786682
2806,545.3,0.961071848869324
2807,545.6,1.19106221199036
2808,545.7,0.931046545505524
2809,545.9,0.398359090089798
2810,546.1,1.10247015953064
2811,546.3,0.939512968063354
2812,546.5,1.1856507062912
2813,546.6,0.439207464456558
2814,546.8,1.8561577796936
2815,547.0,2.15239596366882
2816,547.1,1.14811909198761
2817,547.3,1.85275375843048
2818,547.4,1.19490265846252
2819,547.7,1.1144278049469
2820,547.9,1.71179187297821
2821,548.0,0.91114604473114
2822,548.2,1.59718954563141
2823,548.3,1.38107705116272
2824,548.6,2.1681067943573
2825,548.7,4.55913400650024
2826,548.9,27.8833026885986
2827,549.1,47.9075660705566
2828,549.2,27.27467918396
2829,549.4,4.67155456542969
2830,549.7,4.78196716308594
2831,549.9,16.9666576385498
