#"+ Scan (rt: 0.088-70.002 min, 12009 scans) LF1_17-8M_650_WHOLE.D "
#Point,X(Thompsons),Y(Counts)
0,40.1,15802.4365234375
1,41.0,0.185111165046692
2,41.2,119430.328125
3,42.0,2.06236982345581
4,42.2,32828.1171875
5,42.3,6.2999415397644
6,43.2,99487.3125
7,43.3,72.7799987792969
8,44.0,7.23940372467041
9,44.1,28149.498046875
10,44.8,0.0464651510119438
11,45.0,72.0402221679688
12,45.1,8608.1904296875
13,45.3,0.843367457389832
14,45.7,0.21209092438221
15,45.9,33.4081954956055
16,46.1,1103.40405273438
17,46.2,153.869934082031
18,46.4,1.95944702625275
19,46.8,0.647098004817963
20,46.9,9.95511722564697
21,47.1,1510.86352539063
22,47.2,185.868759155273
23,47.4,0.0243150964379311
24,47.5,0.0905987173318863
25,47.8,0.509867608547211
26,47.9,17.4677333831787
27,48.1,7920.05615234375
28,48.2,75.6905670166016
29,48.4,0.182030141353607
30,48.7,0.116912312805653
31,48.9,11.5054540634155
32,49.1,1228.76672363281
33,49.2,433.966033935547
34,49.4,1.07119655609131
35,49.6,0.0135731538757682
36,49.8,0.185194432735443
37,49.9,1.96669161319733
38,50.1,11990.755859375
39,50.2,1680.845703125
40,50.4,0.0935964658856392
41,50.7,0.056291114538908
42,50.9,0.753268361091614
43,51.1,22489.0078125
44,51.2,3201.00659179688
45,51.7,0.0925139486789703
46,51.9,2.21034216880798
47,52.1,7702.27587890625
48,52.2,3260.86279296875
49,52.4,0.488633513450623
50,52.6,0.0240652840584517
51,52.9,0.223832130432129
52,53.1,17518.82421875
53,53.2,13878.326171875
54,53.7,0.113748021423817
55,54.0,10.1000080108643
56,54.2,18891.517578125
57,54.3,36.6515960693359
58,55.2,127234.2890625
59,56.0,0.489716053009033
60,56.2,62493.6640625
61,56.3,5.42085123062134
62,57.2,98088.3671875
63,57.3,324.904907226563
64,57.6,200.65950012207
65,57.8,18.1177444458008
66,58.0,520.327331542969
67,58.2,8820.14453125
68,58.3,14.8486967086792
69,58.6,0.141727045178413
70,58.9,14.4154386520386
71,59.1,4333.08544921875
72,59.2,401.663665771484
73,59.4,0.071113333106041
74,59.7,0.042634692043066
75,59.9,11.3459901809692
76,60.1,5782.19677734375
77,60.2,268.396453857422
78,60.4,0.585144460201263
79,60.7,0.0998417884111404
80,60.9,8.29078197479248
81,61.1,3216.01391601563
82,61.2,323.206604003906
83,61.4,0.219502046704292
84,61.5,0.201765343546867
85,61.7,0.183279201388359
86,61.9,5.67416095733643
87,62.1,6496.7666015625
88,62.2,672.6044921875
89,62.4,0.568906664848328
90,62.6,0.0172370728105307
91,62.9,2.03047704696655
92,63.1,17884.3359375
93,63.2,1625.95788574219
94,63.5,0.0689482912421227
95,63.9,8.57789993286133
96,64.1,22837.966796875
97,64.2,748.025756835938
98,64.5,0.109084852039814
99,64.9,0.687234580516815
100,65.1,26881.259765625
101,65.2,3241.53784179688
102,65.7,0.117994837462902
103,65.9,2.65317678451538
104,66.1,11131.884765625
105,66.2,3148.7490234375
106,66.4,0.35981348156929
107,67.0,6.38138055801392
108,67.1,85471.8515625
109,68.0,6.96835708618164
110,68.2,31359.138671875
111,68.3,5.85694074630737
112,69.1,6229.69580078125
113,69.2,90138.390625
114,70.0,2.86926460266113
115,70.2,51204.1796875
116,70.3,169.674407958984
117,70.5,20.758430480957
118,71.0,36.4653167724609
119,71.2,62077.98046875
120,71.3,1.70388877391815
121,72.0,83.101676940918
122,72.2,5828.3349609375
123,72.3,39.4889678955078
124,72.8,0.761512219905853
125,73.0,42.0915985107422
126,73.1,8418.119140625
127,73.3,0.87767505645752
128,73.8,0.051211591809988
129,74.0,89.8714294433594
130,74.1,8064.48681640625
131,74.3,2.39853453636169
132,74.5,0.058039803057909
133,74.9,1.18103086948395
134,75.1,6768.7529296875
135,75.2,1500.86938476563
136,75.4,0.144891336560249
137,75.9,6.94171047210693
138,76.1,15090.0078125
139,76.2,1927.35717773438
140,76.4,0.471396446228027
141,77.1,59486.46875
142,77.2,1291.68103027344
143,77.9,0.314430832862854
144,78.1,25550.388671875
145,78.2,3286.97802734375
146,79.1,62111.32421875
147,79.2,9243.205078125
148,79.9,1.39945042133331
149,80.1,13280.8564453125
150,80.2,8098.50390625
151,80.4,0.108418688178062
152,81.1,17886.53125
153,81.2,64853.68359375
154,82.0,8.90923500061035
155,82.2,44331.21484375
156,82.3,475.804229736328
157,83.0,6.31692886352539
158,83.2,63722.99609375
159,83.3,0.467316180467606
160,83.8,0.0574569068849087
161,84.0,18.288200378418
162,84.2,29371.427734375
163,84.3,9.93346691131592
164,84.9,0.315013736486435
165,85.1,2724.82421875
166,85.2,38364.11328125
167,86.0,93.7644271850586
168,86.1,7191.02294921875
169,86.3,10.5794820785522
170,86.4,0.817969858646393
171,86.6,0.12465650588274
172,86.8,0.653926193714142
173,87.0,105.247398376465
174,87.1,6343.423828125
175,87.2,789.818908691406
176,87.5,0.754267632961273
177,87.7,1.22150051593781
178,87.9,21.1617946624756
179,88.1,5212.56640625
180,88.2,1132.42663574219
181,88.4,2.23340821266174
182,88.6,0.166541755199432
183,88.8,1.36864018440247
184,89.0,97.6044616699219
185,89.1,15812.8935546875
186,89.2,2060.74072265625
187,89.4,0.584478318691254
188,89.6,0.515529990196228
189,89.8,15.0084104537964
190,89.9,216.517364501953
191,90.1,2807.55810546875
192,90.2,1480.84521484375
193,90.4,0.244316756725311
194,90.7,0.0349737703800201
195,91.0,10.3889579772949
196,91.1,109823.3515625
197,91.3,0.844866335391998
198,91.5,0.0582063458859921
199,91.6,0.0598717629909515
200,91.9,1.6012157201767
201,92.1,18967.201171875
202,92.2,11615.435546875
203,92.4,0.291531354188919
204,92.7,0.0253143478184938
205,92.9,0.669914245605469
206,93.0,7.57889938354492
207,93.2,39310.58203125
208,93.3,52.9594459533691
209,93.5,0.0194853860884905
210,93.7,0.0346406847238541
211,93.9,2.06511783599854
212,94.1,6161.07861328125
213,94.2,16293.8505859375
214,94.4,481.659088134766
215,94.5,2.68357062339783
216,94.9,0.983845472335815
217,95.1,6556.17626953125
218,95.2,68666.046875
219,95.4,0.105504207313061
220,95.8,0.32708802819252
221,95.9,1.46115410327911
222,96.1,4261.25146484375
223,96.2,32296.66796875
224,96.3,90.0955963134766
225,96.6,0.100008323788643
226,96.8,0.240569576621056
227,97.0,2.29044890403748
228,97.2,67123.765625
229,97.3,1.89532852172852
230,97.5,0.0801898539066315
231,97.8,0.162045136094093
232,98.0,13.7907400131226
233,98.2,22742.30859375
234,98.3,10.1079187393188
235,98.5,0.0693646445870399
236,98.8,0.156132906675339
237,99.0,11.9616956710815
238,99.1,3446.44409179688
239,99.2,12211.89453125
240,99.4,0.176950618624687
241,99.6,0.0692813694477081
242,99.8,0.766758263111115
243,100.0,118.850364685059
244,100.1,2886.251953125
245,100.2,2947.2783203125
246,100.4,3.21517205238342
247,100.5,2.48763418197632
248,100.7,0.429011583328247
249,100.9,11.9187278747559
250,101.1,9783.384765625
251,101.2,1977.05590820313
252,101.4,2.0169038772583
253,101.7,1.8319593667984
254,101.9,30.6081275939941
255,102.1,9964.890625
256,102.2,1825.29138183594
257,102.4,4.1498875617981
258,102.6,0.850778579711914
259,102.9,20.4570732116699
260,103.1,14574.900390625
261,103.2,2978.40576171875
262,103.4,9.84936332702637
263,103.7,21.5748195648193
264,103.9,23.894495010376
265,104.1,11412.330078125
266,104.2,3786.90942382813
267,104.4,0.302439838647842
268,104.6,0.0482971109449863
269,104.9,2.13398289680481
270,105.1,38483.1953125
271,105.2,32523.681640625
272,105.4,0.0418019816279411
273,105.8,0.211258217692375
274,105.9,2.14505791664124
275,106.1,6840.89453125
276,106.2,24130.583984375
277,106.4,39.9825973510742
278,106.5,8.00274753570557
279,106.7,0.071279875934124
280,106.9,1.81821966171265
281,107.1,14707.947265625
282,107.2,26704.412109375
283,107.4,20.1025066375732
284,107.6,0.170538768172264
285,107.8,7.73444938659668
286,107.9,46.8382873535156
287,108.1,9494.37890625
288,108.2,14477.4814453125
289,108.4,16.068115234375
290,108.6,0.114081107079983
291,108.9,1.32184195518494
292,109.1,2068.42626953125
293,109.2,46899.11328125
294,109.4,0.27471062541008
295,109.7,0.102589726448059
296,109.9,1.27204596996307
297,110.1,2781.97143554688
298,110.2,21772.3046875
299,110.4,0.449995845556259
300,110.6,0.0161545500159264
301,110.8,0.185277715325356
302,110.9,0.568073928356171
303,111.1,9393.7939453125
304,111.2,37923.1796875
305,111.4,0.0532933622598648
306,111.5,0.0666167065501213
307,111.9,0.697476863861084
308,112.1,4982.98095703125
309,112.2,14123.3330078125
310,112.4,0.51219916343689
311,112.6,0.128736779093742
312,112.8,0.30627030134201
313,113.0,18.5010414123535
314,113.2,17871.3984375
315,113.3,26.8540267944336
316,113.5,0.117078855633736
317,113.7,0.515113651752472
318,113.9,19.7682571411133
319,114.1,4854.80908203125
320,114.2,4392.080078125
321,114.4,3.91839456558228
322,114.6,0.317095518112183
323,114.9,3.69356322288513
324,115.1,60090.3046875
325,115.2,2366.82446289063
326,115.4,0.272129237651825
327,115.6,0.0588725134730339
328,115.8,3.70022487640381
329,116.0,772.226501464844
330,116.1,18450.546875
331,116.3,10.4117746353149
332,116.4,1.06345236301422
333,116.7,0.216171205043793
334,116.9,2.99866771697998
335,117.1,26198.001953125
336,117.2,12386.5712890625
337,117.3,3.59930062294006
338,117.5,0.136564239859581
339,117.7,0.158880844712257
340,117.9,3.21425604820251
341,118.1,6601.64990234375
342,118.2,12111.73046875
343,118.4,44.7733383178711
344,118.5,0.270963430404663
345,118.8,1.0703638792038
346,119.0,15.6184530258179
347,119.1,5423.373046875
348,119.2,48122.24609375
349,119.4,0.652260780334473
350,119.7,0.296943962574005
351,119.9,74.5858917236328
352,120.1,6932.37744140625
353,120.2,22514.08203125
354,120.4,0.737779974937439
355,120.5,0.507452726364136
356,120.8,0.672578871250153
357,121.0,11.6894826889038
358,121.2,36264.86328125
359,121.3,20.0099086761475
360,121.4,0.26280289888382
361,121.6,0.0506286956369877
362,121.8,0.738695979118347
363,121.9,6.15055370330811
364,122.1,7042.07763671875
365,122.2,13892.6513671875
366,122.4,0.76301109790802
367,122.6,0.0159880090504885
368,122.8,0.467066377401352
369,123.0,5.06228685379028
370,123.2,34068.84375
371,123.3,9.34923839569092
372,123.6,0.192855358123779
373,123.7,0.047547671943903
374,123.9,1.3539844751358
375,124.1,2962.39624023438
376,124.2,15071.642578125
377,124.4,0.345907241106033
378,124.5,0.111832790076733
379,124.8,0.502872824668884
380,125.0,7.38637685775757
381,125.2,29863.15234375
382,125.3,16.1421432495117
383,125.6,0.0597052201628685
384,125.8,0.644766449928284
385,126.0,21.2028484344482
386,126.1,7525.00341796875
387,126.2,13946.2412109375
388,126.4,1.2837039232254
389,126.6,0.447914063930511
390,126.8,1.49696063995361
391,127.0,42.4449996948242
392,127.1,27638.2578125
393,127.3,41.6167030334473
394,127.5,0.511949360370636
395,127.7,0.10658672451973
396,127.9,4.67890739440918
397,128.1,50015.96875
398,128.2,6210.90380859375
399,128.3,18.0778579711914
400,128.5,0.0603713877499104
401,128.7,0.319094002246857
402,128.9,6.85877275466919
403,129.0,31.219669342041
404,129.1,50078.16796875
405,129.3,6.76234483718872
406,129.5,0.183279201388359
407,129.8,1.09309685230255
408,130.0,259.440338134766
409,130.2,22059.57421875
410,130.3,257.711975097656
411,130.5,0.217503532767296
412,130.7,0.466816544532776
413,130.9,4.4879674911499
414,131.1,9922.2392578125
415,131.2,27178.359375
416,131.4,192.644439697266
417,131.5,41.6227836608887
418,131.8,196.71337890625
419,132.0,627.071838378906
420,132.2,17982.087890625
421,132.3,1858.13403320313
422,132.5,43.511531829834
423,132.7,0.345074534416199
424,132.9,7.30676984786987
425,133.1,4946.42236328125
426,133.2,31577.5390625
427,133.4,0.278874188661575
428,133.5,0.294029474258423
429,133.7,0.0965109467506409
430,133.9,6.81505537033081
431,134.1,6359.0576171875
432,134.2,17399.837890625
433,134.4,0.626030504703522
434,134.6,0.174119412899017
435,134.8,1.03155970573425
436,135.0,15.4723958969116
437,135.2,28594.2421875
438,135.3,8.25547504425049
439,135.5,0.133816301822662
440,135.8,0.569239735603333
441,136.0,20.8772583007813
442,136.1,2434.55590820313
443,136.2,12679.9482421875
444,136.4,0.749354660511017
445,136.7,0.32933634519577
446,136.9,6.57498550415039
447,137.1,3077.3671875
448,137.2,20515.275390625
449,137.4,0.209009915590286
450,137.7,0.144724786281586
451,137.9,3.08218836784363
452,138.1,2862.9794921875
453,138.2,12128.603515625
454,138.4,1.76717460155487
455,138.7,0.366225332021713
456,138.9,3.72570562362671
457,139.0,20.0021648406982
458,139.2,26186.994140625
459,139.3,40.7516860961914
460,139.5,0.0844366699457169
461,139.8,8.09317970275879
462,140.0,464.228149414063
463,140.1,3274.60693359375
464,140.2,9250.1845703125
465,140.4,30.3683071136475
466,140.6,0.530602037906647
467,140.9,6.99267196655273
468,141.1,27039.376953125
469,141.2,25230.693359375
470,141.4,1.02356564998627
471,141.7,0.469897568225861
472,141.9,8.61520481109619
473,142.1,12945.619140625
474,142.2,18343.724609375
475,142.3,63.5638275146484
476,142.5,0.578066468238831
477,142.8,1.02381551265717
478,143.0,25.6644191741943
479,143.2,36883.140625
480,143.3,287.083679199219
481,143.5,11.8205509185791
482,143.8,18.4998760223389
483,144.0,80.5956344604492
484,144.2,23556.8125
485,144.3,947.175476074219
486,144.5,65.7865753173828
487,144.6,1.11866104602814
488,144.9,5.98084783554077
489,145.1,5868.501953125
490,145.2,31190.56640625
491,145.4,1.03289198875427
492,145.7,0.444416701793671
493,145.8,3.14405870437622
494,146.0,322.888153076172
495,146.2,18282.353515625
496,146.3,150.685729980469
497,146.6,0.265384286642075
498,146.8,1.82812893390656
499,147.0,19.9506206512451
500,147.1,8946.2607421875
501,147.2,19781.64453125
502,147.4,0.51877760887146
503,147.6,0.324673175811768
504,147.8,1.24190187454224
505,148.0,244.181777954102
506,148.2,16183.615234375
507,148.3,82.9610290527344
508,148.4,1.97859942913055
509,148.7,0.358314603567123
510,148.9,6.08626842498779
511,149.1,3624.69213867188
512,149.2,19918.376953125
513,149.4,0.486801564693451
514,149.6,0.118078105151653
515,149.8,0.572070956230164
516,150.0,24.7969017028809
517,150.2,15598.181640625
518,150.3,49.9399604797363
519,150.4,1.71129989624023
520,150.6,0.0438004843890667
521,150.8,1.02223336696625
522,151.0,14.2443170547485
523,151.2,25144.90625
524,151.3,45.9612808227539
525,151.5,0.191606298089027
526,151.8,1.14081108570099
527,151.9,3.71596312522888
528,152.1,28863.525390625
529,152.2,9733.5029296875
530,152.4,1.23740530014038
531,152.6,0.745357632637024
532,152.9,6.67249584197998
533,153.1,18910.576171875
534,153.2,15838.4755859375
535,153.4,1.42135059833527
536,153.5,0.328087270259857
537,153.8,1.10267305374146
538,154.0,70.4969635009766
539,154.2,20966.345703125
540,154.3,166.369720458984
541,154.5,0.411191612482071
542,154.7,0.269298017024994
543,154.9,7.02031803131104
544,155.1,5786.818359375
545,155.2,35644.7734375
546,155.4,1.29236400127411
547,155.7,0.556249499320984
548,155.9,7.25605773925781
549,156.1,2912.13647460938
550,156.2,26393.26171875
551,156.4,20.9566993713379
552,156.6,0.992588877677917
553,156.8,3.22025156021118
554,157.0,39.0930976867676
555,157.2,33756.98046875
556,157.3,47.6319427490234
557,157.5,0.489549517631531
558,157.7,0.988342106342316
559,157.9,12.5301027297974
560,158.1,3269.82836914063
561,158.2,21802.80859375
562,158.4,2.50004172325134
563,158.5,1.04937958717346
564,158.8,2.71946048736572
565,159.0,50.008659362793
566,159.2,30357.37890625
567,159.3,25.7242069244385
568,159.6,0.238071441650391
569,159.8,2.716712474823
570,159.9,660.472412109375
571,160.2,16806.775390625
572,160.3,155.630187988281
573,160.5,1.8676825761795
574,160.8,3.07694220542908
575,161.0,42.2095909118652
576,161.2,23968.3359375
577,161.3,23.3325843811035
578,161.4,0.535181939601898
579,161.7,0.470147401094437
580,161.9,8.90890121459961
581,162.1,5762.962890625
582,162.2,9118.357421875
583,162.4,3.99425435066223
584,162.6,0.35756516456604
585,162.8,3.01348996162415
586,163.0,96.6741638183594
587,163.2,22461.38671875
588,163.3,27.7662582397461
589,163.7,0.823049366474152
590,163.9,10.8027315139771
591,164.1,2358.35229492188
592,164.2,11598.90234375
593,164.4,8.60179901123047
594,164.5,1.22000169754028
595,164.8,1.9642767906189
596,165.0,22.5559997558594
597,165.2,56146.875
598,165.3,54.0007476806641
599,165.5,0.191273212432861
600,165.8,0.964026987552643
601,166.0,36.3962860107422
602,166.2,23799.099609375
603,166.3,114.045463562012
604,166.5,0.759263873100281
605,166.8,0.878591060638428
606,167.0,17.8248805999756
607,167.2,28693.287109375
608,167.3,87.5986328125
609,167.5,0.462319940328598
610,167.8,1.44833040237427
611,168.0,32.8179702758789
612,168.1,2637.44995117188
613,168.2,16923.90625
614,168.4,6.12448978424072
615,168.6,0.404613196849823
616,168.9,1.97884917259216
617,169.1,939.572875976563
618,169.2,32047.828125
619,169.4,2.40144896507263
620,169.6,0.438504457473755
621,169.8,0.968523621559143
622,170.0,26.6520118713379
623,170.2,26505.357421875
624,170.3,152.028060913086
625,170.4,3.85052871704102
626,170.6,0.277125477790833
627,170.8,1.06861519813538
628,170.9,3.61670422554016
629,171.1,2419.27612304688
630,171.2,26713.607421875
631,171.4,1.52069282531738
632,171.7,0.693979501724243
633,171.9,5.56607532501221
634,172.1,1569.76501464844
635,172.2,18858.388671875
636,172.4,3.071946144104
637,172.5,1.43034386634827
638,172.8,1.24006998538971
639,173.0,22.070779800415
640,173.2,24322.451171875
641,173.3,31.7023067474365
642,173.5,0.289782673120499
643,173.8,1.37804985046387
644,174.0,44.151554107666
645,174.2,15109.544921875
646,174.3,54.2181701660156
647,174.5,0.868431985378265
648,174.7,0.162128403782845
649,174.9,2.14897155761719
650,175.0,11.513614654541
651,175.2,19821.888671875
652,175.3,38.3679733276367
653,175.4,1.36872351169586
654,175.6,0.0855191946029663
655,175.8,1.20984256267548
656,176.0,33.8332099914551
657,176.2,19441.974609375
658,176.3,74.8359527587891
659,176.5,0.508701801300049
660,176.8,1.38745939731598
661,177.0,23.7780838012695
662,177.2,17622.49609375
663,177.3,84.2818756103516
664,177.6,0.216087937355042
665,177.8,1.10816884040833
666,178.0,20.8301277160645
667,178.1,8479.76953125
668,178.2,26516.369140625
669,178.4,1.28886663913727
670,178.5,0.470647007226944
671,178.8,1.35523355007172
672,179.0,17.0996761322021
673,179.2,36204.94921875
674,179.3,170.78450012207
675,179.5,0.279457062482834
676,179.8,0.567740857601166
677,180.0,19.7219581604004
678,180.2,22751.97265625
679,180.3,263.879089355469
680,180.6,0.380881011486053
681,180.8,1.54758930206299
682,181.0,15.6464319229126
683,181.1,2599.65747070313
684,181.2,26515.666015625
685,181.4,2.73478221893311
686,181.6,0.0322258323431015
687,181.8,0.842118382453918
688,182.0,21.5892238616943
689,182.1,1461.05187988281
690,182.2,19533.83984375
691,182.4,3.45249390602112
692,182.6,0.231576323509216
693,182.9,1.40361392498016
694,183.1,273.184600830078
695,183.2,24925.369140625
696,183.3,177.99333190918
697,183.5,0.226829871535301
698,183.8,0.840203166007996
699,184.0,17.5741519927979
700,184.2,23718.158203125
701,184.3,133.025817871094
702,184.6,0.840619564056396
703,184.8,1.43850445747375
704,185.0,14.7904901504517
705,185.2,21657.7734375
706,185.3,35.1513862609863
707,185.4,1.13190102577209
708,185.6,0.124489963054657
709,185.8,1.33916234970093
710,186.0,17.5476722717285
711,186.1,963.506958007813
712,186.2,14903.78125
713,186.4,2.69780993461609
714,186.6,0.321841955184937
715,186.8,1.00766086578369
716,187.0,13.436089515686
717,187.1,1382.94934082031
718,187.2,18764.1328125
719,187.4,1.17819964885712
720,187.6,0.0283953696489334
721,187.8,1.05029559135437
722,188.0,22.3117656707764
723,188.2,13307.40234375
724,188.3,78.2502288818359
725,188.5,0.546673357486725
726,188.8,1.14472484588623
727,189.0,13.0567073822021
728,189.2,33467.24609375
729,189.3,86.9123153686523
730,189.5,0.247397780418396
731,189.7,0.17145474255085
732,189.9,3.32050967216492
733,190.1,3172.50268554688
734,190.2,16451.955078125
735,190.3,170.17253112793
736,190.6,0.321841955184937
737,190.8,2.79223918914795
738,191.0,45.1973533630371
739,191.2,34667.52734375
740,191.3,221.070449829102
741,191.6,0.249646097421646
742,191.8,1.30194020271301
743,192.0,880.9248046875
744,192.2,24123.48046875
745,192.3,282.428192138672
746,192.5,0.485552489757538
747,192.7,0.854775607585907
748,192.9,18.328670501709
749,193.1,1067.15380859375
750,193.2,29865.072265625
751,193.4,0.211008414626122
752,193.7,0.454992085695267
753,193.8,1.21350657939911
754,194.0,236.31201171875
755,194.2,26181.6953125
756,194.3,392.991088867188
757,194.6,0.35873094201088
758,194.8,2.07527685165405
759,195.0,21.3356647491455
760,195.1,656.240295410156
761,195.2,30217.56640625
762,195.4,3.12224173545837
763,195.7,0.151303187012672
764,195.9,2.08368730545044
765,196.1,361.833618164063
766,196.2,21585.984375
767,196.4,3.5139479637146
768,196.6,0.14780580997467
769,196.8,1.33974516391754
770,197.0,12.6402702331543
771,197.2,22834.517578125
772,197.3,142.470397949219
773,197.4,2.95803141593933
774,197.6,0.0404696464538574
775,197.8,1.26113748550415
776,198.0,24.7232074737549
777,198.1,2298.14184570313
778,198.2,16680.705078125
779,198.4,1.7078857421875
780,198.6,0.485719054937363
781,198.8,1.20784413814545
782,199.0,14.4206848144531
783,199.1,475.854431152344
784,199.2,16229.1962890625
785,199.4,2.32683825492859
786,199.6,0.391289860010147
787,199.8,0.830793559551239
788,200.0,18.7700061798096
789,200.1,1834.78491210938
790,200.2,13854.1689453125
791,200.4,1.10408854484558
792,200.7,0.611874401569366
793,200.9,4.52777099609375
794,201.1,427.074432373047
795,201.2,15504.048828125
796,201.3,90.2039337158203
797,201.5,0.416104584932327
798,201.8,0.917312026023865
799,202.0,12.0861024856567
800,202.2,29155.859375
801,202.3,152.402786254883
802,202.5,0.185860604047775
803,202.7,0.371637940406799
804,202.8,0.725039541721344
805,203.0,9.54059410095215
806,203.2,24355.509765625
807,203.3,168.522186279297
808,203.5,0.345574140548706
809,203.7,0.399700224399567
810,203.9,1.36081278324127
811,204.1,842.447570800781
812,204.2,16262.689453125
813,204.4,2.07777500152588
814,204.7,0.365309357643127
815,204.8,0.668914973735809
816,205.0,8.43733882904053
817,205.1,160.376129150391
818,205.2,23874.83203125
819,205.4,1.96152889728546
820,205.5,0.329919219017029
821,205.8,0.639770150184631
822,206.0,6.34648990631104
823,206.1,172.35514831543
824,206.2,21800.13671875
825,206.4,2.57090520858765
826,206.7,0.0502123422920704
827,206.9,6.63477373123169
828,207.1,7135.0546875
829,207.2,25274.787109375
830,207.4,0.0733616426587105
831,207.8,1.80614542961121
832,208.0,45.8954963684082
833,208.2,28415.123046875
834,208.3,447.747436523438
835,208.5,0.449329674243927
836,208.8,2.31667923927307
837,209.0,56.2232475280762
838,209.2,28553.908203125
839,209.3,117.484634399414
840,209.5,0.514364242553711
841,209.7,0.143059372901917
842,209.9,3.62328243255615
843,210.1,281.227752685547
844,210.2,20270.072265625
845,210.4,6.98617696762085
846,210.5,0.679823458194733
847,210.8,3.18827557563782
848,211.0,49.4394187927246
849,211.2,21360.595703125
850,211.3,157.013580322266
851,211.5,0.387043058872223
852,211.7,0.170622035861015
853,211.9,3.78524446487427
854,212.1,1509.98046875
855,212.2,14949.0166015625
856,212.4,3.02473139762878
857,212.5,0.647847473621368
858,212.8,2.0434672832489
859,213.0,27.5855617523193
860,213.2,18399.33984375
861,213.3,56.2901992797852
862,213.5,0.0982596352696419
863,213.7,0.256557583808899
864,213.9,11.482138633728
865,214.1,447.637115478516
866,214.2,11905.62109375
867,214.4,1.56216168403625
868,214.7,0.272628873586655
869,214.9,17.3892078399658
870,215.0,77.073860168457
871,215.2,29115.876953125
872,215.3,118.907905578613
873,215.6,0.171787828207016
874,215.8,2.27579307556152
875,216.0,47.1704559326172
876,216.2,18434.919921875
877,216.3,430.05419921875
878,216.6,0.379382133483887
879,216.8,1.75468397140503
880,217.0,17.1976852416992
881,217.1,193.276123046875
882,217.2,19878.61328125
883,217.4,1.64310097694397
884,217.7,0.220501288771629
885,217.9,7.01448917388916
886,218.1,333.699310302734
887,218.2,17165.533203125
888,218.4,2.04488301277161
889,218.6,0.594054460525513
890,218.8,1.5576651096344
891,219.0,13.7255392074585
892,219.2,20099.375
893,219.3,484.802825927734
894,219.5,0.423682242631912
895,219.7,0.0359730198979378
896,219.9,2.55433416366577
897,220.1,116.249649047852
898,220.2,20416.423828125
899,220.4,4.0879340171814
900,220.6,0.321009248495102
901,220.8,1.35123658180237
902,221.0,14.51611328125
903,221.2,23015.90625
904,221.3,308.246826171875
905,221.5,0.191856101155281
906,221.7,0.323091000318527
907,221.9,2.67083024978638
908,222.1,171.815719604492
909,222.2,22063.052734375
910,222.4,4.0807728767395
911,222.6,0.252976924180984
912,222.8,2.71521353721619
913,223.0,17.4310932159424
914,223.2,21752.20703125
915,223.3,172.205093383789
916,223.5,0.263469070196152
917,223.7,0.401282370090485
918,223.9,4.29427909851074
919,224.1,388.060363769531
920,224.2,18116.1875
921,224.4,12.9313850402832
922,224.5,0.829627752304077
923,224.8,3.9380464553833
924,225.0,27.9282207489014
925,225.2,17155.095703125
926,225.3,288.752258300781
927,225.6,0.346157044172287
928,225.8,1.44141888618469
929,226.0,22.915979385376
930,226.2,21803.58984375
931,226.3,256.052886962891
932,226.5,0.309184789657593
933,226.7,0.405279368162155
934,226.9,5.20751094818115
935,227.1,357.161560058594
936,227.2,16557.33203125
937,227.4,3.2207510471344
938,227.6,0.0586226992309093
939,227.8,0.961195766925812
940,228.0,11.3437423706055
941,228.1,637.211669921875
942,228.2,18526.267578125
943,228.4,1.20842707157135
944,228.7,0.479307174682617
945,228.8,1.11957693099976
946,229.0,16.290283203125
947,229.2,21641.751953125
948,229.3,412.142730712891
949,229.5,0.279873430728912
950,229.7,0.387376129627228
951,229.9,5.11000061035156
952,230.1,348.45556640625
953,230.2,19448.669921875
954,230.4,2.17212080955505
955,230.6,0.163210928440094
956,230.8,1.44591557979584
957,231.0,11.0605382919312
958,231.2,20848.99609375
959,231.3,545.563903808594
960,231.5,0.501124143600464
961,231.8,0.550170719623566
962,232.0,21.2728786468506
963,232.1,150.107666015625
964,232.2,18880.349609375
965,232.4,3.44899654388428
966,232.5,0.603880405426025
967,232.8,1.53076863288879
968,233.0,11.0074110031128
969,233.1,79.091682434082
970,233.2,18177.58984375
971,233.4,5.5649094581604
972,233.6,0.0887667611241341
973,233.8,0.876259446144104
974,234.0,10.4021148681641
975,234.2,18633.326171875
976,234.3,578.146789550781
977,234.5,0.669331312179565
978,234.8,0.794154405593872
979,235.0,4.77899885177612
980,235.2,18236.541015625
981,235.3,464.374053955078
982,235.5,0.525272727012634
983,235.7,0.208926633000374
984,235.9,1.40502953529358
985,236.1,109.966026306152
986,236.2,16847.2890625
987,236.3,603.729309082031
988,236.5,0.688733458518982
989,236.7,0.979432106018066
990,236.9,13.9837617874146
991,237.1,183.817306518555
992,237.2,17415.833984375
993,237.4,8.97868251800537
994,237.5,0.753351628780365
995,237.8,1.58914148807526
996,238.0,9.88541889190674
997,238.2,13590.4912109375
998,238.3,632.449401855469
999,238.5,0.964693129062653
1000,238.8,1.07919061183929
1001,239.0,10.3245067596436
1002,239.2,21501
1003,239.3,686.939819335938
1004,239.5,1.05762350559235
1005,239.8,0.674910485744476
1006,240.0,8.27554321289063
1007,240.1,377.281219482422
1008,240.2,15389.66015625
1009,240.4,30.8381214141846
1010,240.7,0.465067863464355
1011,240.9,2.62120079994202
1012,241.1,188.874099731445
1013,241.2,16259.025390625
1014,241.4,6.67491054534912
1015,241.7,0.354733943939209
1016,241.9,2.01240730285645
1017,242.1,242.480056762695
1018,242.2,15402.1044921875
1019,242.4,2.64318418502808
1020,242.6,0.145724043250084
1021,242.8,0.490798562765121
1022,243.0,4.47614288330078
1023,243.2,16996.65234375
1024,243.3,785.4755859375
1025,243.5,0.432508945465088
1026,243.7,0.351736187934875
1027,243.9,2.12140893936157
1028,244.1,138.188186645508
1029,244.2,18712.2734375
1030,244.3,1237.91052246094
1031,244.5,0.648430347442627
1032,244.8,0.823465704917908
1033,245.0,6.57814979553223
1034,245.1,91.0525436401367
1035,245.2,21631.578125
1036,245.4,5.92905330657959
1037,245.6,0.102339908480644
1038,245.8,0.547506034374237
1039,246.0,5.14397525787354
1040,246.1,93.0716094970703
1041,246.2,18634.00390625
1042,246.4,8.78999042510986
1043,246.6,0.342742949724197
1044,246.9,1.33474898338318
1045,247.1,63.4179382324219
1046,247.2,16953.158203125
1047,247.4,13.8155546188354
1048,247.5,0.733449935913086
1049,247.7,0.240985929965973
1050,247.9,5.43042707443237
1051,248.1,155.54850769043
1052,248.2,16582.2734375
1053,248.4,12.9703559875488
1054,248.7,0.828711807727814
1055,248.9,8.68065643310547
1056,249.1,185.23698425293
1057,249.2,15278.041015625
1058,249.4,18.7216262817383
1059,249.6,0.636022984981537
1060,249.8,1.23091018199921
1061,250.0,19.1408939361572
1062,250.1,213.879592895508
1063,250.2,16002.1513671875
1064,250.4,17.3271713256836
1065,250.5,1.4331750869751
1066,250.8,4.40952634811401
1067,251.0,33.9227256774902
1068,251.2,12895.484375
1069,251.3,314.730773925781
1070,251.4,13.3796319961548
1071,251.7,0.632192492485046
1072,251.9,7.72653865814209
1073,252.1,297.962768554688
1074,252.2,18147.666015625
1075,252.4,47.8790092468262
1076,252.5,1.37488555908203
1077,252.7,0.879507064819336
1078,252.9,9.01265716552734
1079,253.1,256.890075683594
1080,253.2,15595.1689453125
1081,253.4,16.6827373504639
1082,253.7,0.871096670627594
1083,253.8,1.27063035964966
1084,254.0,11.4952116012573
1085,254.2,12120.8837890625
1086,254.3,1666.65698242188
1087,254.5,0.764176845550537
1088,254.7,0.384211838245392
1089,254.9,3.86876511573792
1090,255.1,147.624526977539
1091,255.2,13873.3486328125
1092,255.4,18.8689308166504
1093,255.7,0.431759506464005
1094,255.8,331.363067626953
1095,255.9,554.944030761719
1096,256.2,13768.2587890625
1097,256.3,1384.88305664063
1098,256.5,0.331251561641693
1099,256.7,0.635773181915283
1100,256.9,54.8698463439941
1101,257.1,72.0712814331055
1102,257.2,15218.283203125
1103,257.4,11.9567823410034
1104,257.5,0.581980168819427
1105,257.8,77.3419952392578
1106,257.9,237.892669677734
1107,258.2,17904.3828125
1108,258.3,1222.70751953125
1109,258.5,0.284036964178085
1110,258.7,0.533183455467224
1111,258.9,11.3225917816162
1112,259.0,6.795569896698
1113,259.2,18316.4765625
1114,259.3,971.438110351563
1115,259.5,1.74835538864136
1116,259.8,1.58539426326752
1117,259.9,59.6367721557617
1118,260.2,15280.4931640625
1119,260.3,1358.21533203125
1120,260.5,0.590640366077423
1121,260.7,0.27970689535141
1122,260.8,0.530685305595398
1123,261.0,3.25930547714233
1124,261.1,52.4613189697266
1125,261.2,15340.7880859375
1126,261.4,24.9337158203125
1127,261.7,0.503205955028534
1128,261.9,6.60846042633057
1129,262.1,62.1798667907715
1130,262.2,14051.8388671875
1131,262.4,29.4922142028809
1132,262.6,0.132817059755325
1133,262.8,0.739611983299255
1134,263.0,4.65742349624634
1135,263.2,14864
1136,263.3,921.872436523438
1137,263.5,1.41976845264435
1138,263.8,1.01732039451599
1139,264.0,8.5568323135376
1140,264.2,11894.1953125
1141,264.3,1394.00329589844
1142,264.5,1.66125404834747
1143,264.8,2.71196603775024
1144,265.0,18.7561836242676
1145,265.2,14712.689453125
1146,265.3,758.722290039063
1147,265.5,1.79182279109955
1148,265.7,0.304604887962341
1149,265.9,6.84503269195557
1150,266.1,167.838043212891
1151,266.2,14636.462890625
1152,266.4,80.3046035766602
1153,266.5,1.97218751907349
1154,266.8,6.07144641876221
1155,266.9,25.2602214813232
1156,267.1,609.305541992188
1157,267.2,12629.5234375
1158,267.4,16.8130569458008
1159,267.7,1.33941209316254
1160,267.9,18.2001838684082
1161,268.1,238.092178344727
1162,268.2,11092.9931640625
1163,268.3,1915.68774414063
1164,268.5,0.877425253391266
1165,268.7,1.94978761672974
1166,268.9,19.6632518768311
1167,269.0,32.0042457580566
1168,269.2,11892.4580078125
1169,269.3,1111.1806640625
1170,269.5,0.52052628993988
1171,269.7,0.948205530643463
1172,269.9,6.37471914291382
1173,270.0,9.94653987884521
1174,270.2,12367.3955078125
1175,270.3,1547.64709472656
1176,270.6,1.0969272851944
1177,270.8,6.05096197128296
1178,271.0,47.6175384521484
1179,271.1,146.120162963867
1180,271.2,13731.25390625
1181,271.4,9.13781356811523
1182,271.6,0.283953696489334
1183,271.8,2.66683316230774
1184,272.0,14.33424949646
1185,272.2,14088.1474609375
1186,272.3,1506.50048828125
1187,272.4,18.4531593322754
1188,272.7,1.07627618312836
1189,272.9,5.96136236190796
1190,273.0,8.88158893585205
1191,273.2,13606.013671875
1192,273.3,1123.33972167969
1193,273.5,0.912399053573608
1194,273.6,0.448913305997849
1195,273.8,0.375718206167221
1196,274.0,4.65967178344727
1197,274.2,12872.236328125
1198,274.3,1463.37915039063
1199,274.5,1.32017648220062
1200,274.8,2.22341585159302
1201,275.0,12.0635356903076
1202,275.2,10051.265625
1203,275.3,1255.31298828125
1204,275.5,1.55958032608032
1205,275.6,0.429011583328247
1206,275.9,1.82071781158447
1207,276.1,167.984848022461
1208,276.2,14625.0654296875
1209,276.4,39.3301696777344
1210,276.6,0.125905573368073
1211,276.8,0.917728364467621
1212,277.0,6.4069447517395
1213,277.2,10742.1474609375
1214,277.3,1450.10388183594
1215,277.4,54.0697822570801
1216,277.6,0.800399720668793
1217,277.9,0.723124325275421
1218,278.1,99.6602554321289
1219,278.2,12166.341796875
1220,278.4,69.26513671875
1221,278.6,0.213506534695625
1222,278.8,0.95037055015564
1223,279.0,8.16887378692627
1224,279.2,10685.830078125
1225,279.3,1439.60095214844
1226,279.5,2.79565334320068
1227,279.8,0.526438474655151
1228,280.0,4.03006076812744
1229,280.2,10558.2802734375
1230,280.3,2650.17724609375
1231,280.4,82.6355209350586
1232,280.6,0.915646612644196
1233,280.9,14.8531932830811
1234,281.1,2357.47998046875
1235,281.2,12879.220703125
1236,281.4,1.49437916278839
1237,281.7,0.528936624526978
1238,281.9,14.4976263046265
1239,282.1,576.636779785156
1240,282.2,13230.5859375
1241,282.4,51.7895736694336
1242,282.7,1.17386960983276
1243,282.9,15.1498880386353
1244,283.1,375.486053466797
1245,283.2,11681.8076171875
1246,283.4,15.6493463516235
1247,283.6,0.625281035900116
1248,283.8,1.43125987052917
1249,284.0,15.0562076568604
1250,284.2,11129.306640625
1251,284.3,1735.21459960938
1252,284.5,0.67965692281723
1253,284.7,1.13531517982483
1254,284.9,22.660587310791
1255,285.1,275.045959472656
1256,285.2,12104.1630859375
1257,285.4,14.0664501190186
1258,285.6,0.119077362120152
1259,285.8,2.86226987838745
1260,286.0,23.7088012695313
1261,286.2,10930.8056640625
1262,286.3,1640.26184082031
1263,286.5,0.786160409450531
1264,286.7,1.2571405172348
1265,286.9,11.6805725097656
1266,287.1,127.845863342285
1267,287.2,11986.947265625
1268,287.4,35.4303436279297
1269,287.6,0.187526017427444
1270,287.8,1.17978179454803
1271,288.0,7.73128509521484
1272,288.2,9185.73046875
1273,288.3,2003.7080078125
1274,288.5,1.91015076637268
1275,288.8,5.46956443786621
1276,289.0,51.1070022583008
1277,289.2,9822.9140625
1278,289.3,1679.76379394531
1279,289.5,1.2217503786087
1280,289.8,1.82404863834381
1281,290.0,13.8262968063354
1282,290.2,8610.7734375
1283,290.3,2649.71923828125
1284,290.4,76.6596755981445
1285,290.7,0.662253320217133
1286,290.8,1.04996252059937
1287,291.0,10.6613368988037
1288,291.2,7518.845703125
1289,291.3,2063.85375976563
1290,291.4,73.822135925293
1291,291.7,0.816887319087982
1292,291.9,1.82962775230408
1293,292.1,68.0083236694336
1294,292.2,7314.716796875
1295,292.3,3174.41625976563
1296,292.5,2.47664260864258
1297,292.8,4.1239070892334
1298,293.0,25.4972095489502
1299,293.1,77.58056640625
1300,293.2,9308.2041015625
1301,293.4,42.6752433776855
1302,293.6,0.351403117179871
1303,293.8,2.17911577224731
1304,294.0,6.62769603729248
1305,294.2,8759.298828125
1306,294.3,2740.95751953125
1307,294.4,92.7923202514648
1308,294.6,0.455491721630096
1309,294.8,2.51045060157776
1310,295.0,10.737696647644
1311,295.2,8404.30078125
1312,295.3,1989.05358886719
1313,295.4,53.0676155090332
1314,295.7,0.671329855918884
1315,295.9,3.2379047870636
1316,296.1,63.8549423217773
1317,296.2,8841.2578125
1318,296.3,2337.80053710938
1319,296.5,1.20218169689178
1320,296.7,1.94062781333923
1321,296.8,4.2842869758606
1322,297.0,30.233907699585
1323,297.2,8043.7919921875
1324,297.3,1632.8466796875
1325,297.5,1.38712632656097
1326,297.7,0.541343986988068
1327,297.9,3.71637940406799
1328,298.1,63.2572250366211
1329,298.2,10571.798828125
1330,298.4,62.1202430725098
1331,298.6,0.408693492412567
1332,298.8,2.44858026504517
1333,299.0,15.5112829208374
1334,299.2,8451.572265625
1335,299.3,1462.26928710938
1336,299.6,1.73270046710968
1337,299.8,52.2878684997559
1338,300.0,6.62353229522705
1339,300.1,92.4165191650391
1340,300.2,10670.6240234375
1341,300.4,109.35514831543
1342,300.6,0.283787161111832
1343,300.8,1.35373473167419
1344,301.0,8.05645751953125
1345,301.2,7007.69873046875
1346,301.3,1988.00927734375
1347,301.5,2.21500539779663
1348,301.7,0.649929225444794
1349,301.9,2.79923391342163
1350,302.1,77.6756591796875
1351,302.2,9652.724609375
1352,302.4,198.446411132813
1353,302.6,0.707719206809998
1354,302.8,0.613206744194031
1355,303.0,7.39770174026489
1356,303.2,5651.22216796875
1357,303.3,2512.86376953125
1358,303.5,2.13098502159119
1359,303.8,3.02156710624695
1360,304.0,8.38579368591309
1361,304.2,5758.9326171875
1362,304.3,3240.32275390625
1363,304.5,2.16354393959045
1364,304.7,0.799900054931641
1365,304.8,0.555000424385071
1366,305.0,3.59497046470642
1367,305.2,5151.27001953125
1368,305.3,2605.29345703125
1369,305.4,96.4642333984375
1370,305.7,0.980930984020233
1371,305.9,4.71096658706665
1372,306.1,55.4790573120117
1373,306.2,9053.5673828125
1374,306.4,125.954032897949
1375,306.7,0.667582631111145
1376,306.9,1.44891333580017
1377,307.1,42.2381553649902
1378,307.2,7477.97802734375
1379,307.4,72.7386932373047
1380,307.6,0.833041906356812
1381,307.8,0.813389956951141
1382,308.0,2.7162127494812
1383,308.2,6933.0244140625
1384,308.3,2953.61352539063
1385,308.5,5.53659772872925
1386,308.8,0.592555582523346
1387,309.0,3.10275626182556
1388,309.2,6225.49609375
1389,309.3,2006.28295898438
1390,309.4,120.987258911133
1391,309.6,0.272129237651825
1392,309.8,0.468065619468689
1393,310.0,3.50828552246094
1394,310.2,6841.7119140625
1395,310.3,2535.4833984375
1396,310.5,2.20584559440613
1397,310.8,1.67124652862549
1398,311.0,7.1848611831665
1399,311.2,5976.4130859375
1400,311.3,1812.85705566406
1401,311.4,77.1181640625
1402,311.6,0.18952451646328
1403,311.8,0.776167869567871
1404,312.0,4.98609399795532
1405,312.1,38.0997581481934
1406,312.2,8550.6044921875
1407,312.4,138.528182983398
1408,312.6,1.07486057281494
1409,312.8,0.887917399406433
1410,313.0,5.77508544921875
1411,313.2,5744.23828125
1412,313.3,2206.3623046875
1413,313.4,108.517364501953
1414,313.7,0.301523864269257
1415,313.9,1.19019067287445
1416,314.1,58.46240234375
1417,314.2,5252.98974609375
1418,314.3,3202.40747070313
1419,314.5,2.85644102096558
1420,314.6,0.713631451129913
1421,314.8,0.62036806344986
1422,315.0,3.70555424690247
1423,315.1,41.5340156555176
1424,315.2,6959.5068359375
1425,315.4,163.526016235352
1426,315.6,0.277375310659409
1427,315.8,0.80431342124939
1428,316.0,2.96844029426575
1429,316.1,50.0524597167969
1430,316.3,7459.90234375
1431,316.4,326.785400390625
1432,316.6,0.543758869171143
1433,316.9,0.788658499717712
1434,317.1,64.9258041381836
1435,317.3,5821.34716796875
1436,317.4,204.595474243164
1437,317.6,0.682155072689056
1438,317.9,1.0531268119812
1439,318.1,41.1644592285156
1440,318.3,6807.64892578125
1441,318.4,193.723297119141
1442,318.6,0.316096246242523
1443,318.8,0.436089605093002
1444,319.0,1.50811886787415
1445,319.2,3327.31689453125
1446,319.3,2705.01635742188
1447,319.4,128.988418579102
1448,319.6,0.567491054534912
1449,319.8,0.549920916557312
1450,320.0,2.20176529884338
1451,320.2,4057.11083984375
1452,320.3,3541.58325195313
1453,320.5,6.74552440643311
1454,320.6,0.566824853420258
1455,320.8,0.137896582484245
1456,321.0,2.36938953399658
1457,321.2,3666.48413085938
1458,321.3,2426.59008789063
1459,321.5,6.50795221328735
1460,321.6,0.779248893260956
1461,321.9,0.66999751329422
1462,322.0,1.70030808448792
1463,322.2,4814.15087890625
1464,322.3,2991.07739257813
1465,322.4,218.198760986328
1466,322.6,0.380214840173721
1467,322.8,1.02806234359741
1468,323.0,4.699059009552
1469,323.2,3910.24389648438
1470,323.3,2450.03149414063
1471,323.5,6.41177463531494
1472,323.7,0.45848947763443
1473,323.9,1.08551919460297
1474,324.0,2.10841870307922
1475,324.2,4613.6337890625
1476,324.3,3044.92724609375
1477,324.5,3.03863763809204
1478,324.7,2.04213500022888
1479,324.9,21.657506942749
1480,325.1,124.696311950684
1481,325.2,6064.541015625
1482,325.4,141.986343383789
1483,325.7,1.04763090610504
1484,325.9,6.72337436676025
1485,326.1,74.7605972290039
1486,326.2,3856.19262695313
1487,326.3,3382.41918945313
1488,326.5,5.07819128036499
1489,326.8,10.2627191543579
1490,327.0,120.338912963867
1491,327.2,3761.90087890625
1492,327.3,2659.44116210938
1493,327.4,120.059204101563
1494,327.7,2.05695724487305
1495,327.9,15.7371139526367
1496,328.0,19.7977352142334
1497,328.2,2818.06518554688
1498,328.3,4210.32177734375
1499,328.5,3.88233828544617
1500,328.8,7.28195524215698
1501,329.0,34.9736862182617
1502,329.2,2217.4716796875
1503,329.3,3268.6328125
1504,329.4,194.92497253418
1505,329.7,1.442751288414
1506,329.9,4.70255661010742
1507,330.0,3.80348062515259
1508,330.2,2109.814453125
1509,330.3,4320.31494140625
1510,330.5,6.0898494720459
1511,330.8,4.59988355636597
1512,331.0,18.1346492767334
1513,331.2,1609.06921386719
1514,331.3,3315.81005859375
1515,331.5,5.90465497970581
1516,331.8,1.83262550830841
1517,332.0,5.15363454818726
1518,332.2,2121.50927734375
1519,332.3,3704.6748046875
1520,332.5,7.60521268844604
1521,332.7,1.2035139799118
1522,332.9,1.96943962574005
1523,333.1,35.3923721313477
1524,333.3,4541.55712890625
1525,333.4,219.86701965332
1526,333.6,0.989091515541077
1527,333.8,0.387376129627228
1528,334.0,2.26396870613098
1529,334.2,2425.85278320313
1530,334.3,3708.22875976563
1531,334.5,9.76192855834961
1532,334.8,0.742776274681091
1533,335.0,3.87675905227661
1534,335.2,2071.30688476563
1535,335.3,2820.80102539063
1536,335.5,8.81047534942627
1537,335.7,0.348322093486786
1538,335.9,0.719460427761078
1539,336.1,25.5335159301758
1540,336.3,5997.0263671875
1541,336.4,374.193695068359
1542,336.6,1.28095591068268
1543,336.8,0.427762508392334
1544,337.0,2.19893407821655
1545,337.2,1939.17724609375
1546,337.3,2989.22802734375
1547,337.5,8.25272750854492
1548,337.7,0.322341591119766
1549,337.9,0.985677421092987
1550,338.1,24.5358486175537
1551,338.3,5519.55078125
1552,338.4,463.689056396484
1553,338.6,0.963777184486389
1554,338.8,0.761928558349609
1555,339.0,6.69439601898193
1556,339.2,1707.03100585938
1557,339.3,3156.95385742188
1558,339.5,4.28936624526978
1559,339.6,1.18852531909943
1560,339.8,0.761345684528351
1561,340.0,4.58156394958496
1562,340.2,1563.01013183594
1563,340.3,4169.40625
1564,340.5,7.74211025238037
1565,340.8,6.71321487426758
1566,341.0,130.625946044922
1567,341.2,2473.96752929688
1568,341.3,3034.86328125
1569,341.5,0.981763660907745
1570,341.7,1.17212092876434
1571,341.8,4.13889598846436
1572,342.0,49.221752166748
1573,342.2,1673.73999023438
1574,342.3,4222.8779296875
1575,342.5,4.25880575180054
1576,342.7,2.21259045600891
1577,342.9,18.6616706848145
1578,343.1,130.159713745117
1579,343.3,4281.38818359375
1580,343.4,243.750183105469
1581,343.5,5.16004657745361
1582,343.7,0.494545757770538
1583,343.9,5.01890230178833
1584,344.1,43.2394866943359
1585,344.3,4789.1962890625
1586,344.4,548.936950683594
1587,344.7,3.71196603775024
1588,344.9,22.6150379180908
1589,345.1,120.38712310791
1590,345.3,3831.1513671875
1591,345.4,307.392028808594
1592,345.7,1.38454496860504
1593,345.9,6.11333179473877
1594,346.1,43.6747436523438
1595,346.3,4519.87939453125
1596,346.4,368.880432128906
1597,346.6,1.65692400932312
1598,346.9,5.52993583679199
1599,347.1,40.3997840881348
1600,347.3,3599.77392578125
1601,347.4,321.108428955078
1602,347.6,0.805146157741547
1603,347.8,2.82130074501038
1604,348.0,3.55100345611572
1605,348.1,18.0519618988037
1606,348.3,4483.3896484375
1607,348.4,571.408935546875
1608,348.5,16.8382873535156
1609,348.7,1.13839614391327
1610,348.9,6.55158615112305
1611,349.0,7.99283885955811
1612,349.2,886.564758300781
1613,349.3,3119.09912109375
1614,349.5,9.56357765197754
1615,349.7,0.791073381900787
1616,349.8,3.99758505821228
1617,350.1,27.5208587646484
1618,350.2,1159.78112792969
1619,350.3,4117.52099609375
1620,350.5,16.9593639373779
1621,350.8,0.790823519229889
1622,351.0,3.26829886436462
1623,351.2,737.89599609375
1624,351.3,3245.93481445313
1625,351.5,11.1065034866333
1626,351.7,1.168790102005
1627,351.8,1.03988671302795
1628,352.0,1.54250979423523
1629,352.2,836.059936523438
1630,352.3,4150.0126953125
1631,352.5,5.01848602294922
1632,352.8,1.28128898143768
1633,353.0,3.07552671432495
1634,353.2,539.7744140625
1635,353.3,3340.90063476563
1636,353.5,8.47314548492432
1637,353.8,0.588891685009003
1638,354.0,3.21525526046753
1639,354.1,19.7676734924316
1640,354.3,3970.56616210938
1641,354.4,694.128845214844
1642,354.7,2.28486967086792
1643,354.9,15.0419683456421
1644,355.1,393.396697998047
1645,355.3,4364.18505859375
1646,355.4,237.862518310547
1647,355.6,0.129902571439743
1648,355.8,2.07202935218811
1649,355.9,6.29178094863892
1650,356.1,129.455154418945
1651,356.3,4351.751953125
1652,356.4,602.565307617188
1653,356.6,1.09259724617004
1654,356.9,7.03239250183105
1655,357.1,94.5588302612305
1656,357.3,3308.73779296875
1657,357.4,557.335388183594
1658,357.7,0.982013463973999
1659,357.9,2.44166874885559
1660,358.1,36.1532173156738
1661,358.2,507.842376708984
1662,358.3,3974.34301757813
1663,358.5,18.6162052154541
1664,358.6,1.8845032453537
1665,358.9,10.5921392440796
1666,359.0,17.5315189361572
1667,359.2,560.315246582031
1668,359.3,2943.88500976563
1669,359.5,8.04022026062012
1670,359.8,1.40178203582764
1671,359.9,2.71804475784302
1672,360.1,34.3126831054688
1673,360.3,3581.66552734375
1674,360.4,625.635375976563
1675,360.6,0.922224998474121
1676,360.8,1.73594808578491
1677,361.0,8.9995002746582
1678,361.2,408.439514160156
1679,361.3,2852.34545898438
1680,361.5,15.2137565612793
1681,361.8,0.885086178779602
1682,361.9,0.934132754802704
1683,362.1,19.7559337615967
1684,362.3,3347.63598632813
1685,362.4,974.758911132813
1686,362.6,2.41851949691772
1687,362.8,2.23399114608765
1688,363.0,14.607045173645
1689,363.2,450.990600585938
1690,363.3,3001.9599609375
1691,363.5,12.1772832870483
1692,363.6,1.24464988708496
1693,363.9,2.14722299575806
1694,364.1,32.1200752258301
1695,364.3,3141.25927734375
1696,364.4,1254.55395507813
1697,364.6,1.23324167728424
1698,364.8,0.828212201595306
1699,365.0,3.92697143554688
1700,365.2,283.003326416016
1701,365.3,3357.68334960938
1702,365.5,20.3323345184326
1703,365.7,0.200682818889618
1704,365.9,0.754767239093781
1705,366.1,19.4953784942627
1706,366.3,2959.49267578125
1707,366.4,1299.05786132813
1708,366.7,1.0091598033905
1709,366.9,2.85127830505371
1710,367.1,17.0659503936768
1711,367.3,2391.21997070313
1712,367.4,941.678344726563
1713,367.6,0.84536600112915
1714,367.8,0.474144399166107
1715,368.0,2.38387870788574
1716,368.2,212.633026123047
1717,368.3,3812.15283203125
1718,368.5,17.1913566589355
1719,368.8,1.12124240398407
1720,368.9,0.779082357883453
1721,369.1,16.8879165649414
1722,369.3,2420.43530273438
1723,369.4,874.186279296875
1724,369.6,1.04987931251526
1725,369.9,0.61312347650528
1726,370.1,15.2622203826904
1727,370.2,200.499618530273
1728,370.3,3848.33544921875
1729,370.5,27.8445339202881
1730,370.8,1.29777669906616
1731,371.0,3.20101594924927
1732,371.2,153.748779296875
1733,371.3,2872.06201171875
1734,371.5,33.878589630127
1735,371.7,0.521692037582397
1736,371.9,0.804896354675293
1737,372.1,14.4889669418335
1738,372.3,2632.20922851563
1739,372.4,1228.81628417969
1740,372.5,59.0952606201172
1741,372.7,0.58597719669342
1742,372.9,1.95136976242065
1743,373.1,22.7341156005859
1744,373.3,1897.67919921875
1745,373.4,901.321594238281
1746,373.6,2.12515616416931
1747,373.9,1.26363563537598
1748,374.1,14.897910118103
1749,374.2,226.465728759766
1750,374.3,3242.29028320313
1751,374.5,32.9577827453613
1752,374.7,0.971188247203827
1753,375.0,2.93871259689331
1754,375.2,175.484802246094
1755,375.3,1618.65954589844
1756,375.4,877.502624511719
1757,375.6,1.38229656219482
1758,375.8,0.51219916343689
1759,376.0,1.42334914207458
1760,376.2,191.982269287109
1761,376.3,1996.56188964844
1762,376.4,1432.7587890625
1763,376.6,2.29069852828979
1764,376.9,1.06295275688171
1765,377.1,13.1841955184937
1766,377.2,179.510360717773
1767,377.3,2420.67553710938
1768,377.5,21.4755592346191
1769,377.6,1.98917484283447
1770,377.8,0.36722457408905
1771,378.0,1.23540675640106
1772,378.2,156.748931884766
1773,378.3,3384.00170898438
1774,378.5,32.1742858886719
1775,378.8,0.528353750705719
1776,378.9,0.488800078630447
1777,379.1,9.74444198608398
1778,379.2,121.887748718262
1779,379.3,2460.25390625
1780,379.5,28.9317188262939
1781,379.8,0.748272120952606
1782,380.0,1.35256886482239
1783,380.2,124.622032165527
1784,380.3,3270.34448242188
1785,380.5,22.8939952850342
1786,380.7,0.612790405750275
1787,381.0,1.70097422599792
1788,381.2,94.6515960693359
1789,381.3,2378.09375
1790,381.5,31.6437664031982
1791,381.8,0.602548062801361
1792,381.9,0.374302595853806
1793,382.1,8.98151397705078
1794,382.3,2101.33276367188
1795,382.4,1109.58264160156
1796,382.6,1.59830129146576
1797,382.9,2.93188452720642
1798,383.0,3.06578397750854
1799,383.2,83.7749176025391
1800,383.3,2401.68481445313
1801,383.5,47.9442100524902
1802,383.6,2.40544581413269
1803,383.9,0.937047243118286
1804,384.1,9.92813682556152
1805,384.3,1905.33532714844
1806,384.4,1365.98181152344
1807,384.6,3.54250979423523
1808,384.8,2.23290872573853
1809,385.0,13.9596967697144
1810,385.2,102.824546813965
1811,385.3,2305.15771484375
1812,385.5,67.1200790405273
1813,385.8,1.54167711734772
1814,386.0,4.37521839141846
1815,386.1,9.88233852386475
1816,386.3,1614.95874023438
1817,386.4,1592.97607421875
1818,386.6,3.69248056411743
1819,386.9,5.56849050521851
1820,387.0,8.00907611846924
1821,387.2,141.615295410156
1822,387.3,2108.16528320313
1823,387.5,52.6315269470215
1824,387.6,2.70322251319885
1825,387.8,0.774335920810699
1826,388.0,3.18119740486145
1827,388.1,11.4161882400513
1828,388.3,1479.615234375
1829,388.4,1421.11987304688
1830,388.5,60.6577568054199
1831,388.8,1.8232159614563
1832,389.0,5.74527454376221
1833,389.2,96.8475341796875
1834,389.4,2046.35485839844
1835,389.5,49.0567893981934
1836,389.7,1.28520274162292
1837,389.9,0.731201589107513
1838,390.1,9.42160034179688
1839,390.3,1360.93408203125
1840,390.4,1729.81567382813
1841,390.6,4.50445508956909
1842,390.9,1.89574480056763
1843,391.1,10.6646680831909
1844,391.3,1010.63116455078
1845,391.4,1128.5966796875
1846,391.6,2.50537085533142
1847,391.8,1.72362399101257
1848,392.0,1.69456243515015
1849,392.2,83.8916625976563
1850,392.3,1276.39501953125
1851,392.4,1662.08508300781
1852,392.6,3.06303596496582
1853,392.8,0.552502274513245
1854,393.0,1.34340906143188
1855,393.2,65.4272613525391
1856,393.4,1976.23461914063
1857,393.5,70.0831909179688
1858,393.7,1.55974686145782
1859,393.9,0.64518278837204
1860,394.1,6.38229656219482
1861,394.2,51.2044296264648
1862,394.4,2743.56176757813
1863,394.5,55.825798034668
1864,394.7,0.58597719669342
1865,394.9,0.630943477153778
1866,395.0,0.656424343585968
1867,395.2,48.9466247558594
1868,395.3,933.547607421875
1869,395.4,1053.70385742188
1870,395.6,2.73519849777222
1871,395.8,0.783745527267456
1872,396.0,0.668082296848297
1873,396.2,47.1144142150879
1874,396.4,2587.064453125
1875,396.5,88.1404800415039
1876,396.6,1.99367141723633
1877,396.9,0.700474619865417
1878,397.1,5.77408599853516
1879,397.3,825.702819824219
1880,397.4,1231.89172363281
1881,397.6,2.88267135620117
1882,397.8,0.389208108186722
1883,398.0,1.33824634552002
1884,398.2,41.8704299926758
1885,398.4,2658.58081054688
1886,398.5,195.851531982422
1887,398.8,3.25464224815369
1888,399.0,11.8101425170898
1889,399.1,16.614372253418
1890,399.3,807.278869628906
1891,399.4,1218.37475585938
1892,399.6,3.38720965385437
1893,399.8,1.32558917999268
1894,400.0,4.85694074630737
1895,400.2,53.6271133422852
1896,400.4,2500.74584960938
1897,400.5,267.22607421875
1898,400.6,12.0567903518677
1899,400.9,34.4830551147461
1900,401.1,163.228668212891
1901,401.3,1045.75561523438
1902,401.4,924.327819824219
1903,401.5,77.5930557250977
1904,401.8,6.51877737045288
1905,402.0,28.7487716674805
1906,402.2,126.741111755371
1907,402.4,2374.47412109375
1908,402.5,80.7565155029297
1909,402.8,7.18719291687012
1910,402.9,11.2818717956543
1911,403.1,50.1896095275879
1912,403.2,76.5674896240234
1913,403.4,1729.78784179688
1914,403.5,54.7059707641602
1915,403.8,2.54500794410706
1916,404.0,6.49229764938354
1917,404.2,62.4320907592773
1918,404.4,2379.98803710938
1919,404.5,102.098838806152
1920,404.7,2.13414931297302
1921,404.9,11.7474393844604
1922,405.0,13.8271293640137
1923,405.2,99.1710357666016
1924,405.3,575.36279296875
1925,405.4,1095.91467285156
1926,405.6,2.7778332233429
1927,405.8,2.282954454422
1928,405.9,2.29461240768433
1929,406.1,14.7068862915039
1930,406.3,756.666137695313
1931,406.4,1602.75146484375
1932,406.5,109.280288696289
1933,406.7,1.09018230438232
1934,406.9,3.69997501373291
1935,407.1,12.0749435424805
1936,407.2,39.8501129150391
1937,407.4,1528.01135253906
1938,407.5,99.5601654052734
1939,407.6,3.22699642181396
1940,407.8,0.653842926025391
1941,408.0,2.39745187759399
1942,408.2,38.3163452148438
1943,408.4,2194.22802734375
1944,408.5,127.014236450195
1945,408.6,2.64476633071899
1946,408.9,2.70980095863342
1947,409.1,8.22241687774658
1948,409.3,516.571166992188
1949,409.4,948.923217773438
1950,409.5,146.227661132813
1951,409.8,0.808227181434631
1952,410.0,1.63460743427277
1953,410.2,25.4426689147949
1954,410.4,2062.095703125
1955,410.5,187.878265380859
1956,410.8,0.736697494983673
1957,411.0,0.887667596340179
1958,411.2,20.7137145996094
1959,411.3,375.716461181641
1960,411.4,1233.07006835938
1961,411.6,5.14206027984619
1962,411.8,0.290948450565338
1963,412.0,0.792572259902954
1964,412.2,22.0493793487549
1965,412.4,2087.54467773438
1966,412.5,310.257476806641
1967,412.7,1.04271793365479
1968,413.0,2.56640863418579
1969,413.2,25.3113498687744
1970,413.4,1365.06616210938
1971,413.5,218.367813110352
1972,413.7,1.31501376628876
1973,414.0,1.60554587841034
1974,414.2,22.4418354034424
1975,414.4,2007.53430175781
1976,414.5,334.386474609375
1977,414.6,14.6986427307129
1978,414.9,16.984094619751
1979,415.1,115.183029174805
1980,415.3,829.150695800781
1981,415.4,995.609375
1982,415.6,3.51677918434143
1983,415.9,7.9130654335022
1984,416.0,12.9416275024414
1985,416.2,99.0389709472656
1986,416.4,1977.38513183594
1987,416.5,128.548095703125
1988,416.6,6.84886312484741
1989,416.9,7.53726387023926
1990,417.0,11.6531763076782
1991,417.2,90.1785354614258
1992,417.4,1402.65661621094
1993,417.5,79.4523239135742
1994,417.8,1.43125987052917
1995,418.0,4.82513093948364
1996,418.2,40.305103302002
1997,418.3,377.917053222656
1998,418.4,1693.93981933594
1999,418.6,7.67232894897461
2000,418.9,6.01290702819824
2001,419.1,33.2593879699707
2002,419.3,365.314605712891
2003,419.4,970.26953125
2004,419.5,99.1514663696289
2005,419.7,1.89965856075287
2006,420.0,5.24972915649414
2007,420.2,36.2195014953613
2008,420.4,1802.97888183594
2009,420.5,186.349151611328
2010,420.6,7.69439601898193
2011,420.9,3.70597052574158
2012,421.1,18.1067523956299
2013,421.2,40.8343734741211
2014,421.4,1163.84118652344
2015,421.5,155.460067749023
2016,421.6,5.87742519378662
2017,421.9,1.67282867431641
2018,422.1,7.17570161819458
2019,422.3,381.570495605469
2020,422.4,1515.76123046875
2021,422.6,4.73669767379761
2022,422.9,3.16246151924133
2023,423.1,13.3607292175293
2024,423.3,286.855682373047
2025,423.4,1021.19818115234
2026,423.6,5.11491394042969
2027,423.7,1.12582230567932
2028,423.9,0.601881921291351
2029,424.1,5.62578058242798
2030,424.3,352.995758056641
2031,424.4,1471.74658203125
2032,424.6,4.84878015518188
2033,424.8,1.07302856445313
2034,425.0,2.15621614456177
2035,425.1,3.1330668926239
2036,425.3,218.571823120117
2037,425.4,839.565063476563
2038,425.5,220.414611816406
2039,425.7,0.876925647258759
2040,425.8,0.870680332183838
2041,426.1,3.37038898468018
2042,426.2,13.2212505340576
2043,426.4,1521.76306152344
2044,426.5,404.000579833984
2045,426.7,0.636772394180298
2046,426.9,1.28661835193634
2047,427.1,3.87934041023254
2048,427.2,11.3783826828003
2049,427.4,1003.48760986328
2050,427.5,251.648681640625
2051,427.7,1.08360397815704
2052,427.9,1.33358311653137
2053,428.0,0.572653830051422
2054,428.2,13.5817308425903
2055,428.3,181.38005065918
2056,428.4,1663.61059570313
2057,428.6,18.4992923736572
2058,428.9,9.96760749816895
2059,429.1,87.4455795288086
2060,429.3,509.839874267578
2061,429.4,968.955444335938
2062,429.6,5.20134878158569
2063,429.8,1.45948874950409
2064,430.0,11.5116996765137
2065,430.2,80.3485717773438
2066,430.4,1559.34899902344
2067,430.5,176.434677124023
2068,430.8,3.26771593093872
2069,430.9,3.7787492275238
2070,431.1,26.030309677124
2071,431.2,44.107837677002
2072,431.4,1053.10412597656
2073,431.5,150.05696105957
2074,431.6,8.05937194824219
2075,431.9,2.24131894111633
2076,432.1,7.93263387680054
2077,432.2,24.418436050415
2078,432.4,1434.83117675781
2079,432.5,261.057220458984
2080,432.7,1.70547091960907
2081,432.9,3.81763672828674
2082,433.1,18.0346412658691
2083,433.3,212.547256469727
2084,433.4,787.511169433594
2085,433.5,164.768844604492
2086,433.7,1.65900576114655
2087,434.0,2.97185444831848
2088,434.2,23.6322765350342
2089,434.4,1333.00427246094
2090,434.5,289.722778320313
2091,434.7,0.970105767250061
2092,434.9,1.27762508392334
2093,435.1,5.77333688735962
2094,435.3,155.510787963867
2095,435.4,914.788757324219
2096,435.6,9.34823894500732
2097,435.8,0.85943877696991
2098,436.0,0.723957061767578
2099,436.2,13.1112499237061
2100,436.4,1131.52014160156
2101,436.5,395.475738525391
2102,436.7,1.53776335716248
2103,437.0,4.01315689086914
2104,437.2,43.6407699584961
2105,437.4,765.727844238281
2106,437.5,250.405029296875
2107,437.7,0.840036630630493
2108,437.8,1.4076110124588
2109,438.0,1.3008576631546
2110,438.2,23.3592300415039
2111,438.3,161.304183959961
2112,438.4,1291.87145996094
2113,438.6,9.40119934082031
2114,438.7,1.24623203277588
2115,438.9,0.374552428722382
2116,439.1,5.52618885040283
2117,439.2,13.044716835022
2118,439.4,707.654174804688
2119,439.5,295.680908203125
2120,439.7,1.81838619709015
2121,440.0,1.57789993286133
2122,440.2,10.5256061553955
2123,440.3,121.036720275879
2124,440.4,1410.53637695313
2125,440.6,10.7946538925171
2126,440.7,1.66233658790588
2127,441.0,1.30760264396667
2128,441.2,10.5978851318359
2129,441.3,89.8054809570313
2130,441.4,901.7666015625
2131,441.6,16.595386505127
2132,441.7,2.32517290115356
2133,442.0,1.04188525676727
2134,442.2,10.3876256942749
2135,442.4,1028.04333496094
2136,442.5,455.504119873047
2137,442.7,1.90074110031128
2138,443.0,1.51394784450531
2139,443.2,10.6973104476929
2140,443.3,76.078857421875
2141,443.4,895.952026367188
2142,443.6,18.7437763214111
2143,443.8,1.20551252365112
2144,444.0,0.437005579471588
2145,444.2,10.858772277832
2146,444.3,73.7112197875977
2147,444.4,1265.72900390625
2148,444.6,17.4344234466553
2149,444.9,2.16687488555908
2150,445.1,4.55483388900757
2151,445.2,10.7771673202515
2152,445.4,658.604309082031
2153,445.5,259.685729980469
2154,445.6,14.8598546981812
2155,445.8,1.38870847225189
2156,446.0,1.09218084812164
2157,446.2,11.9239740371704
2158,446.4,905.250305175781
2159,446.5,474.048217773438
2160,446.7,3.42884492874146
2161,447.0,2.30726957321167
2162,447.2,16.3939552307129
2163,447.4,603.111999511719
2164,447.5,276.259796142578
2165,447.7,1.77425265312195
2166,447.9,0.88217169046402
2167,448.1,2.26346898078918
2168,448.3,91.978515625
2169,448.4,1228.35290527344
2170,448.6,14.0068283081055
2171,448.7,2.03813815116882
2172,449.0,1.38754272460938
2173,449.2,11.2230825424194
2174,449.3,73.6648330688477
2175,449.4,755.720764160156
2176,449.6,12.7905740737915
2177,449.7,2.1056706905365
2178,450.0,1.13073527812958
2179,450.1,1.51378130912781
2180,450.3,83.6654205322266
2181,450.4,1140.04650878906
2182,450.6,12.3344993591309
2183,450.9,0.752685487270355
2184,451.1,2.77217078208923
2185,451.3,69.6127090454102
2186,451.4,728.381042480469
2187,451.6,17.4224338531494
2188,451.7,2.11791157722473
2189,452.0,0.685902237892151
2190,452.2,7.24531602859497
2191,452.4,705.240234375
2192,452.5,463.703216552734
2193,452.7,1.52402365207672
2194,452.9,0.621284008026123
2195,453.2,7.64135217666626
2196,453.3,57.468147277832
2197,453.5,719.26904296875
2198,453.6,23.2185020446777
2199,453.7,1.57215416431427
2200,453.9,0.643101036548615
2201,454.2,6.28953266143799
2202,454.3,56.6998901367188
2203,454.5,1161.16528320313
2204,454.6,23.6809062957764
2205,454.8,0.632359087467194
2206,455.0,0.335415095090866
2207,455.2,7.2320761680603
2208,455.4,436.730773925781
2209,455.5,358.859283447266
2210,455.7,2.09118151664734
2211,455.8,1.1152468919754
2212,456.1,1.44425010681152
2213,456.3,50.9985847473145
2214,456.5,1125.98486328125
2215,456.6,27.6022148132324
2216,456.7,2.47780823707581
2217,457.0,1.4507452249527
2218,457.1,1.42043471336365
2219,457.3,45.3416595458984
2220,457.4,377.244720458984
2221,457.5,362.9677734375
2222,457.7,3.00549578666687
2223,458.0,1.30002498626709
2224,458.2,6.45490884780884
2225,458.4,609.058227539063
2226,458.5,489.155883789063
2227,458.7,2.95428419113159
2228,458.9,4.46540117263794
2229,459.1,9.98093128204346
2230,459.3,61.6130409240723
2231,459.4,671.039978027344
2232,459.6,22.6152057647705
2233,459.8,1.08918309211731
2234,460.0,2.89141488075256
2235,460.1,2.65292692184448
2236,460.3,43.086353302002
2237,460.4,510.980438232422
2238,460.5,573.454711914063
2239,460.7,12.7065534591675
2240,461.0,25.8043975830078
2241,461.2,55.9015731811523
2242,461.4,485.778991699219
2243,461.5,256.204772949219
2244,461.8,4.79165649414063
2245,461.9,2.81697058677673
2246,462.1,11.3872098922729
2247,462.2,15.0137395858765
2248,462.4,549.004150390625
2249,462.5,509.213928222656
2250,462.6,19.4207668304443
2251,462.9,5.09717702865601
2252,463.1,11.457573890686
2253,463.3,66.2747116088867
2254,463.4,312.851959228516
2255,463.5,322.125244140625
2256,463.7,3.25539183616638
2257,463.9,1.07702553272247
2258,464.1,3.47780823707581
2259,464.3,46.598217010498
2260,464.4,402.916381835938
2261,464.5,547.275146484375
2262,464.7,3.1239902973175
2263,465.0,4.66758251190186
2264,465.2,12.6962280273438
2265,465.4,309.39453125
2266,465.5,330.435577392578
2267,465.7,2.97035551071167
2268,466.0,1.82513117790222
2269,466.1,1.65267717838287
2270,466.3,46.2978591918945
2271,466.5,866.055847167969
2272,466.6,33.170955657959
2273,466.8,0.775168597698212
2274,467.0,1.36797404289246
2275,467.2,7.40128231048584
2276,467.4,273.285614013672
2277,467.5,319.340148925781
2278,467.6,38.1075019836426
2279,467.8,1.00491297245026
2280,468.1,1.442418217659
2281,468.2,3.26271963119507
2282,468.4,394.081695556641
2283,468.5,555.178955078125
2284,468.6,37.868766784668
2285,468.9,1.00741112232208
2286,469.1,1.91597962379456
2287,469.3,35.0024147033691
2288,469.5,551.834716796875
2289,469.6,45.5911407470703
2290,469.8,0.811141669750214
2291,470.0,0.899575293064117
2292,470.2,4.52868700027466
2293,470.3,25.5038719177246
2294,470.5,874.386535644531
2295,470.6,51.7628440856934
2296,470.8,0.772837042808533
2297,471.1,1.86943125724792
2298,471.3,27.2969436645508
2299,471.4,220.553588867188
2300,471.5,367.231231689453
2301,471.7,3.2926139831543
2302,471.8,1.08776748180389
2303,472.0,0.563494026660919
2304,472.2,4.22408199310303
2305,472.4,317.015167236328
2306,472.5,548.918395996094
2307,472.7,3.72961950302124
2308,473.0,1.88808393478394
2309,473.2,7.17711734771729
2310,473.4,239.620788574219
2311,473.5,338.081359863281
2312,473.7,2.75726532936096
2313,473.8,1.67299520969391
2314,474.1,1.9467066526413
2315,474.3,23.6236152648926
2316,474.4,247.424011230469
2317,474.5,614.069213867188
2318,474.7,12.3571491241455
2319,475.0,23.3206768035889
2320,475.1,28.4719791412354
2321,475.3,179.654754638672
2322,475.4,523.937805175781
2323,475.6,12.7127990722656
2324,475.8,1.79165625572205
2325,476.0,8.37063884735107
2326,476.2,29.8626022338867
2327,476.4,409.252990722656
2328,476.5,490.496795654297
2329,476.7,2.79831790924072
2330,476.9,4.94046115875244
2331,477.1,12.0578737258911
2332,477.3,66.6099624633789
2333,477.4,225.094924926758
2334,477.5,291.104919433594
2335,477.7,3.68090605735779
2336,478.0,3.03197598457336
2337,478.1,2.79931712150574
2338,478.3,36.4758110046387
2339,478.5,730.610229492188
2340,478.6,43.4613189697266
2341,478.7,5.35598278045654
2342,479.0,8.99067401885986
2343,479.2,33.7598457336426
2344,479.4,217.089431762695
2345,479.5,305.356384277344
2346,479.7,2.7610125541687
2347,479.8,2.21550512313843
2348,480.0,1.53035223484039
2349,480.2,13.6772422790527
2350,480.3,26.073112487793
2351,480.5,669.771118164063
2352,480.6,51.7901573181152
2353,480.7,5.60363054275513
2354,481.0,9.68531894683838
2355,481.2,28.8548583984375
2356,481.4,192.985595703125
2357,481.5,306.185180664063
2358,481.7,3.74977111816406
2359,481.9,2.92372393608093
2360,482.1,6.51569652557373
2361,482.2,6.56665849685669
2362,482.4,218.054458618164
2363,482.5,553.500305175781
2364,482.7,4.14189338684082
2365,483.0,3.48555254936218
2366,483.2,9.99175643920898
2367,483.4,158.054702758789
2368,483.5,328.723205566406
2369,483.7,4.53593158721924
2370,483.9,0.941543817520142
2371,484.1,2.09059882164001
2372,484.2,3.72245812416077
2373,484.4,197.936706542969
2374,484.5,545.865173339844
2375,484.7,3.67965698242188
2376,484.8,0.881422281265259
2377,485.0,0.410275638103485
2378,485.2,3.59047389030457
2379,485.3,17.7938213348389
2380,485.5,390.936462402344
2381,485.6,64.6614227294922
2382,485.8,2.01382303237915
2383,486.1,1.22266638278961
2384,486.3,16.4323425292969
2385,486.5,602.331665039063
2386,486.6,74.8213806152344
2387,486.8,1.20592892169952
2388,487.1,2.28162217140198
2389,487.3,17.5405120849609
2390,487.5,370.165954589844
2391,487.6,59.2088432312012
2392,487.7,6.07128000259399
2393,487.9,0.407277882099152
2394,488.1,1.25006246566772
2395,488.3,14.01207447052
2396,488.4,140.220916748047
2397,488.5,536.089538574219
2398,488.7,14.4867181777954
2399,489.0,19.3065204620361
2400,489.1,22.317928314209
2401,489.3,151.317764282227
2402,489.4,408.642669677734
2403,489.6,24.0446338653564
2404,489.8,1.60504627227783
2405,490.0,7.43592309951782
2406,490.2,24.16037940979
2407,490.3,38.8764266967773
2408,490.5,619.895324707031
2409,490.6,56.1776161193848
2410,490.9,4.71404790878296
2411,491.1,11.1662082672119
2412,491.3,54.6880683898926
2413,491.5,368.411926269531
2414,491.6,48.6031303405762
2415,491.8,2.25830626487732
2416,492.0,1.32592225074768
2417,492.2,6.72603893280029
2418,492.4,162.882095336914
2419,492.5,462.452575683594
2420,492.7,5.61004257202148
2421,493.0,6.49712705612183
2422,493.2,23.4420852661133
2423,493.3,28.5920562744141
2424,493.5,327.716033935547
2425,493.6,63.693229675293
2426,493.9,2.7784161567688
2427,494.1,5.55025386810303
2428,494.2,6.541344165802
2429,494.4,144.590301513672
2430,494.5,445.807739257813
2431,494.7,6.80064964294434
2432,495.0,5.23257541656494
2433,495.1,6.38229656219482
2434,495.3,32.9237251281738
2435,495.5,298.150146484375
2436,495.6,67.3200073242188
2437,495.8,2.22682976722717
2438,496.0,1.32983601093292
2439,496.2,6.23698902130127
2440,496.4,133.536178588867
2441,496.5,460.986083984375
2442,496.7,6.64951276779175
2443,497.0,4.86193704605103
2444,497.2,23.8118076324463
2445,497.4,111.099678039551
2446,497.5,198.773330688477
2447,497.6,80.6198654174805
2448,497.8,1.23399114608765
2449,498.0,2.17720031738281
2450,498.2,10.8456153869629
2451,498.4,134.247146606445
2452,498.5,439.387390136719
2453,498.7,4.82096767425537
2454,498.9,1.24406695365906
2455,499.0,0.816887319087982
2456,499.2,6.60229825973511
2457,499.4,92.0151519775391
2458,499.5,186.216674804688
2459,499.6,90.873176574707
2460,499.8,1.96819055080414
2461,500.0,0.592638850212097
2462,500.2,2.97809982299805
2463,500.4,110.639854431152
2464,500.5,412.324096679688
2465,500.7,5.06278610229492
2466,500.9,0.366475135087967
2467,501.1,1.49462902545929
2468,501.2,2.4782247543335
2469,501.4,94.7292861938477
2470,501.5,241.439926147461
2471,501.7,8.98442840576172
2472,501.9,0.831792831420898
2473,502.1,0.553501546382904
2474,502.3,10.4628190994263
2475,502.4,86.3646469116211
2476,502.5,437.12841796875
2477,502.7,9.21292400360107
2478,502.9,5.6625862121582
2479,503.1,16.9283866882324
2480,503.2,22.768590927124
2481,503.4,139.428100585938
2482,503.5,217.384963989258
2483,503.7,7.26163721084595
2484,503.9,3.77325344085693
2485,504.0,2.7435257434845
2486,504.2,16.3525695800781
2487,504.4,113.273712158203
2488,504.5,413.004425048828
2489,504.7,8.8994083404541
2490,505.0,3.51419758796692
2491,505.2,14.2181701660156
2492,505.4,95.9250564575195
2493,505.5,226.594802856445
2494,505.7,8.72537231445313
2495,505.8,2.2912814617157
2496,506.1,2.51602959632874
2497,506.2,3.49254727363586
2498,506.4,96.8881683349609
2499,506.5,380.522277832031
2500,506.7,8.33250045776367
2501,507.0,4.25913906097412
2502,507.2,10.6513452529907
2503,507.4,93.4939651489258
2504,507.5,215.663330078125
2505,507.7,10.7838287353516
2506,508.0,2.32109260559082
2507,508.2,4.79273891448975
2508,508.4,94.4885482788086
2509,508.5,253.145217895508
2510,508.6,113.719207763672
2511,508.8,2.17478561401367
2512,509.1,2.2564742565155
2513,509.3,16.0826053619385
2514,509.5,194.559753417969
2515,509.6,86.2682952880859
2516,509.8,2.04180192947388
2517,510.1,0.812140882015228
2518,510.2,2.0089099407196
2519,510.4,66.9973373413086
2520,510.5,385.257629394531
2521,510.7,8.19776821136475
2522,511.0,2.14589047431946
2523,511.2,11.021900177002
2524,511.4,65.5593338012695
2525,511.5,214.219161987305
2526,511.7,15.9680242538452
2527,512.0,1.86002159118652
2528,512.2,6.3178448677063
2529,512.4,64.621452331543
2530,512.5,233.89973449707
2531,512.6,141.919555664063
2532,512.8,1.69814300537109
2533,513.1,1.56998920440674
2534,513.3,13.6321926116943
2535,513.4,55.3053550720215
2536,513.5,203.010665893555
2537,513.7,13.8509454727173
2538,513.9,0.812140882015228
2539,514.1,1.44316756725311
2540,514.3,8.67665958404541
2541,514.5,272.96044921875
2542,514.6,126.388793945313
2543,514.8,1.72653841972351
2544,515.1,1.2040137052536
2545,515.3,10.9760179519653
2546,515.4,48.7023887634277
2547,515.5,190.426849365234
2548,515.7,11.1924390792847
2549,515.8,2.41752028465271
2550,516.1,0.857440233230591
2551,516.3,7.43967008590698
2552,516.5,269.831451416016
2553,516.6,125.722373962402
2554,516.7,12.9912567138672
2555,517.0,1.16854023933411
2556,517.2,2.81513857841492
2557,517.3,9.63319206237793
2558,517.5,157.504791259766
2559,517.6,72.0311431884766
2560,517.7,14.7310352325439
2561,517.9,1.37421929836273
2562,518.1,0.549504518508911
2563,518.3,7.31634616851807
2564,518.5,253.216339111328
2565,518.6,131.952209472656
2566,518.9,2.89940881729126
2567,519.1,2.77550172805786
2568,519.2,3.83612298965454
2569,519.4,61.1293182373047
2570,519.5,175.923217773438
2571,519.7,16.4602375030518
2572,519.9,1.14031147956848
2573,520.1,1.55316841602325
2574,520.3,9.36272811889648
2575,520.4,46.8476142883301
2576,520.5,302.229736328125
2577,520.7,15.3957033157349
2578,521.0,3.09992504119873
2579,521.2,6.85402631759644
2580,521.4,61.1030044555664
2581,521.5,162.606384277344
2582,521.7,15.2992753982544
2583,521.9,2.46340250968933
2584,522.2,3.69381308555603
2585,522.4,58.3779678344727
2586,522.5,281.884765625
2587,522.7,16.9784336090088
2588,523.0,1.65817308425903
2589,523.2,4.12757110595703
2590,523.4,55.5807304382324
2591,523.5,151.697067260742
2592,523.7,16.342493057251
2593,523.9,2.04621529579163
2594,524.2,1.88775086402893
2595,524.4,48.5700721740723
2596,524.5,295.696136474609
2597,524.7,15.429178237915
2598,525.0,1.11957693099976
2599,525.2,2.68798398971558
2600,525.4,41.0115737915039
2601,525.5,157.728530883789
2602,525.7,16.5267715454102
2603,525.8,3.84603214263916
2604,526.1,1.15338492393494
2605,526.3,5.95145320892334
2606,526.4,38.5644111633301
2607,526.6,275.51953125
2608,526.7,20.9054870605469
2609,526.9,0.6988924741745
2610,527.2,2.06520104408264
2611,527.4,36.2991104125977
2612,527.6,154.988754272461
2613,527.7,22.4011154174805
2614,527.9,1.01432263851166
2615,528.0,0.98209673166275
2616,528.3,6.98592710494995
2617,528.5,176.040725708008
2618,528.6,128.045883178711
2619,528.8,1.38970768451691
2620,529.0,1.07061374187469
2621,529.2,1.80231487751007
2622,529.3,7.3895411491394
2623,529.5,106.879257202148
2624,529.6,83.9818496704102
2625,529.8,3.90490460395813
2626,530.0,0.37338662147522
2627,530.2,1.58664333820343
2628,530.4,38.4615707397461
2629,530.6,251.674331665039
2630,530.7,18.1043376922607
2631,530.8,2.07810807228088
2632,531.0,0.439253896474838
2633,531.2,2.2135899066925
2634,531.4,37.4300956726074
2635,531.5,132.943542480469
2636,531.7,17.5496711730957
2637,531.8,3.6993088722229
2638,532.1,0.998084783554077
2639,532.3,5.73228406906128
2640,532.5,149.111999511719
2641,532.6,141.597717285156
2642,532.8,2.74827218055725
2643,533.0,2.11866092681885
2644,533.2,5.15563344955444
2645,533.4,40.8888320922852
2646,533.6,128.352325439453
2647,533.7,17.084436416626
2648,533.8,4.47764158248901
2649,534.1,1.88558578491211
2650,534.2,1.63002753257751
2651,534.4,33.9543685913086
2652,534.6,207.304016113281
2653,534.7,49.4031143188477
2654,534.9,7.81538867950439
2655,535.1,21.8522777557373
2656,535.3,50.9241409301758
2657,535.5,116.958534240723
2658,535.6,39.5884742736816
2659,535.7,21.1151638031006
2660,535.9,7.86135387420654
2661,536.1,4.41776990890503
2662,536.3,20.991756439209
2663,536.5,161.735443115234
2664,536.6,90.7198791503906
2665,536.7,24.5463409423828
2666,537.0,4.95370149612427
2667,537.1,4.23190927505493
2668,537.3,19.8210506439209
2669,537.4,34.0629539489746
2670,537.6,108.017654418945
2671,537.7,23.6192855834961
2672,538.0,3.10184025764465
2673,538.1,1.06478476524353
2674,538.3,7.74677324295044
2675,538.5,129.094589233398
2676,538.6,106.742774963379
2677,538.7,29.8487796783447
2678,539.0,3.67840790748596
2679,539.2,6.28561925888062
2680,539.4,33.5918884277344
2681,539.6,107.974349975586
2682,539.7,26.4333419799805
2683,539.9,1.33225083351135
2684,540.0,2.07236242294312
2685,540.3,5.22658014297485
2686,540.4,25.972354888916
2687,540.6,198.997161865234
2688,540.7,30.2364063262939
2689,540.9,0.748938322067261
2690,541.1,1.88375389575958
2691,541.3,7.94820547103882
2692,541.5,75.7577667236328
2693,541.6,74.2328262329102
2694,541.8,5.65375947952271
2695,542.1,1.45724046230316
2696,542.3,5.29053211212158
2697,542.5,111.213920593262
2698,542.6,122.145637512207
2699,542.8,3.14064455032349
2700,543.1,1.2654675245285
2701,543.3,6.93688058853149
2702,543.4,21.6283626556396
2703,543.6,96.6187057495117
2704,543.7,22.3768844604492
2705,543.9,1.77391958236694
2706,544.2,1.39753520488739
2707,544.4,27.0056629180908
2708,544.6,184.324752807617
2709,544.7,27.2785415649414
2710,544.8,2.91256546974182
2711,545.1,1.2479807138443
2712,545.3,6.67907381057739
2713,545.5,65.3262557983398
2714,545.6,67.5806503295898
2715,545.8,4.89940881729126
2716,546.1,1.10075771808624
2717,546.3,5.11716222763062
2718,546.5,96.7431945800781
2719,546.6,119.089767456055
2720,546.8,4.65542507171631
2721,547.0,0.489382952451706
2722,547.2,2.21725368499756
2723,547.4,26.5968856811523
2724,547.6,85.8882522583008
2725,547.7,25.7809982299805
2726,547.9,1.14622366428375
2727,548.1,1.39578652381897
2728,548.3,5.85977172851563
2729,548.4,16.3685569763184
2730,548.6,129.297607421875
2731,548.7,40.362476348877
2732,548.8,28.5994663238525
2733,549.1,29.3911228179932
2734,549.3,97.7962341308594
2735,549.4,121.017570495605
2736,549.6,21.4584064483643
2737,549.9,8.14688968658447
#"+ Scan (rt: 5.043-54.975 min, 8577 scans) LF1_17-8M_650_WHOLE.D "
#Point,X(Thompsons),Y(Counts)
0,40.1,11869.3876953125
1,41.2,110508.671875
2,42.2,21218.796875
3,42.3,0.770082771778107
4,43.2,100651.078125
5,44.0,0.990206360816956
6,44.1,7753.28076171875
7,45.0,49.2813339233398
8,45.1,6406.03466796875
9,45.3,0.802261888980865
10,45.7,0.239827439188957
11,45.9,41.2857627868652
12,46.1,520.206481933594
13,46.2,143.694763183594
14,46.4,2.14667129516602
15,46.8,0.762037992477417
16,47.0,260.594604492188
17,47.1,1107.10314941406
18,47.3,0.837588906288147
19,47.8,0.362131267786026
20,47.9,16.9895076751709
21,48.1,880.596008300781
22,48.2,87.1894607543945
23,48.4,0.220007002353668
24,48.6,0.018537949770689
25,48.8,0.977148175239563
26,49.0,109.028327941895
27,49.1,837.747375488281
28,49.3,30.4540042877197
29,49.5,0.0615599863231182
30,50.0,13.0023317337036
31,50.1,10845.1181640625
32,50.3,0.422175586223602
33,51.0,1.42264199256897
34,51.1,25292.923828125
35,52.0,7.13174772262573
36,52.1,9467.0224609375
37,52.3,2.59531307220459
38,53.2,28220.482421875
39,54.2,16493.0703125
40,54.3,24.8061084747314
41,55.2,132436.65625
42,56.2,52704.09375
43,57.2,114398.1484375
44,57.3,298.956756591797
45,57.4,282.015625
46,57.6,154.383117675781
47,57.8,25.3673782348633
48,58.0,711.706909179688
49,58.2,9810.220703125
50,58.3,8.38031959533691
51,58.9,16.2977733612061
52,59.1,5292.8603515625
53,59.2,477.833160400391
54,59.9,7.61804819107056
55,60.1,4355.40966796875
56,60.2,346.835144042969
57,60.4,0.535268723964691
58,60.7,0.035327035933733
59,60.9,3.96968626976013
60,61.1,2845.94946289063
61,61.2,398.215698242188
62,62.0,46.0704193115234
63,62.1,7131.1484375
64,62.3,1.69010138511658
65,63.0,4.99895048141479
66,63.1,22054.400390625
67,63.9,0.456569910049438
68,64.1,10805.048828125
69,64.2,1028.86853027344
70,65.1,29233.009765625
71,66.0,2.62049674987793
72,66.1,11943.31640625
73,66.3,7.35047197341919
74,67.2,76709.09375
75,68.2,31809.4140625
76,69.2,108945.203125
77,69.3,45.5590515136719
78,70.2,51624.4921875
79,70.3,231.565353393555
80,70.5,29.0647087097168
81,71.0,48.2126617431641
82,71.2,75412.1171875
83,72.0,97.4267196655273
84,72.2,6568.65478515625
85,72.3,31.463098526001
86,72.8,1.06622362136841
87,73.0,45.7389526367188
88,73.1,8824.0185546875
89,73.3,0.998367726802826
90,74.1,8619.9462890625
91,74.2,474.315246582031
92,75.0,35.6868362426758
93,75.1,10441.0478515625
94,75.3,0.378104239702225
95,76.0,80.9090576171875
96,76.1,16148.27734375
97,76.3,4.13407945632935
98,77.1,66116.21875
99,78.0,22.9914894104004
100,78.1,22948.830078125
101,78.3,3.4716100692749
102,79.1,65213.21484375
103,80.2,20480.29296875
104,81.2,91070.828125
105,82.2,49593.08203125
106,82.3,661.799682617188
107,83.2,77706.6171875
108,84.0,10.2301502227783
109,84.2,31050.587890625
110,85.2,51038.13671875
111,86.0,95.158447265625
112,86.1,8188.73828125
113,86.3,1.08930861949921
114,87.0,65.6148986816406
115,87.1,9433.3779296875
116,87.3,2.14177441596985
117,87.7,0.371225357055664
118,88.0,136.349533081055
119,88.1,8236.21484375
120,88.3,6.75154495239258
121,89.0,44.5062370300293
122,89.1,23422.484375
123,89.8,12.3739070892334
124,90.0,1076.15942382813
125,90.1,4654.197265625
126,90.3,316.660247802734
127,91.1,121385.8828125
128,92.1,25523.1328125
129,93.2,49149.22265625
130,93.3,72.1613616943359
131,94.2,20387.509765625
132,94.3,4964.107421875
133,94.5,3.55555558204651
134,95.2,93974.8359375
135,96.0,244.001403808594
136,96.2,42134.015625
137,96.3,123.447357177734
138,97.2,82071.875
139,98.0,7.46461486816406
140,98.2,24879.81640625
141,99.1,4235.25732421875
142,99.2,15569.24609375
143,100.0,111.538650512695
144,100.1,6546.02880859375
145,100.3,19.8979835510254
146,100.4,0.116707473993301
147,100.9,2.62119626998901
148,101.1,13278.9326171875
149,101.2,2520.24633789063
150,101.4,0.0847615748643875
151,101.8,0.512883305549622
152,102.0,538.1923828125
153,102.1,15562.76171875
154,102.3,6.86405515670776
155,102.8,2.74315023422241
156,103.0,273.025299072266
157,103.1,23572.68359375
158,103.3,134.141418457031
159,103.6,11.6441650390625
160,103.7,21.9582595825195
161,104.0,330.496795654297
162,104.1,20322.396484375
163,104.3,5.40212202072144
164,105.2,95784.4765625
165,106.1,9160.77734375
166,106.2,32906.34765625
167,106.4,64.8665008544922
168,107.2,54492.35546875
169,107.3,858.967956542969
170,107.8,10.2161598205566
171,108.0,520.013061523438
172,108.2,31154.5234375
173,108.3,348.494812011719
174,109.2,63280.92578125
175,110.2,31912.21484375
176,110.3,66.1172866821289
177,111.2,61621.875
178,112.2,23786.525390625
179,112.3,12.1408414840698
180,113.0,8.04243946075439
181,113.2,23364.517578125
182,113.3,6.46018409729004
183,113.9,3.20030307769775
184,114.1,6416.95556640625
185,114.2,5549.099609375
186,114.5,0.03147953748703
187,114.8,0.175352692604065
188,115.0,12.8676691055298
189,115.1,85585.515625
190,115.3,0.980412721633911
191,115.6,0.0397574901580811
192,115.7,0.020403403788805
193,115.9,98.1530838012695
194,116.1,22213.05859375
195,116.2,3915.63940429688
196,116.4,0.0446543097496033
197,116.6,0.0774163454771042
198,116.9,1.3165442943573
199,117.1,35729.5234375
200,117.2,16657.98046875
201,117.4,0.170339286327362
202,117.8,0.133729740977287
203,118.0,9.44992446899414
204,118.2,24108.779296875
205,118.3,1038.26403808594
206,118.4,55.5744438171387
207,118.8,0.318176507949829
208,119.0,8.72041511535645
209,119.2,70198.640625
210,119.3,618.122985839844
211,119.4,0.204500406980515
212,119.7,0.0991022512316704
213,119.9,99.3098983764648
214,120.1,8890.6865234375
215,120.2,30569.939453125
216,120.4,0.261979699134827
217,120.6,0.0832458883523941
218,120.9,0.491313993930817
219,121.1,14769.4072265625
220,121.2,33267.95703125
221,121.4,0.0959542989730835
222,121.7,0.0460533984005451
223,122.0,34.0015144348145
224,122.2,27767.005859375
225,122.3,89.5479736328125
226,123.0,1.94228756427765
227,123.2,43741.80078125
228,123.3,6.34732437133789
229,124.1,3838.03857421875
230,124.2,19760.841796875
231,124.9,0.284481763839722
232,125.1,8521.5439453125
233,125.2,29754.654296875
234,125.4,0.620030283927917
235,126.1,9805.44921875
236,126.2,18363.65625
237,127.0,23.9712028503418
238,127.1,36947.13671875
239,127.3,28.979829788208
240,127.4,0.157980650663376
241,127.8,0.0430220365524292
242,128.0,738.034484863281
243,128.1,76047.59375
244,128.3,17.1860790252686
245,128.6,0.0532820336520672
246,128.8,0.272006541490555
247,129.0,16.7339401245117
248,129.1,67982.421875
249,129.3,5.56383371353149
250,129.5,0.134196102619171
251,129.8,0.671913266181946
252,130.0,320.210784912109
253,130.2,29837.73046875
254,130.3,179.173843383789
255,130.5,0.092806339263916
256,130.8,0.770082771778107
257,131.0,11.1982040405273
258,131.2,47110.01171875
259,131.3,2240.13012695313
260,131.5,50.0819625854492
261,131.8,203.202758789063
262,132.0,488.812530517578
263,132.2,24484.46875
264,132.3,1250.24267578125
265,132.4,601.7978515625
266,132.7,0.15040223300457
267,132.9,5.44292879104614
268,133.1,4888.69482421875
269,133.2,41824.2421875
270,133.4,0.128949522972107
271,133.5,0.0917570218443871
272,133.8,0.682406425476074
273,134.0,76.5862197875977
274,134.2,31178.689453125
275,134.3,17.8097229003906
276,134.5,0.0440713539719582
277,134.7,0.207298591732979
278,134.9,2.4360499382019
279,135.1,3239.33032226563
280,135.2,33569.87890625
281,135.3,7.97400045394897
282,135.6,0.0181881785392761
283,135.8,0.141424745321274
284,136.0,11.5709457397461
285,136.2,19561.66015625
286,136.3,26.369010925293
287,136.6,0.117523610591888
288,136.8,0.56301736831665
289,137.0,10.9067268371582
290,137.2,29382.685546875
291,137.3,8.17873382568359
292,137.7,0.0200536325573921
293,137.9,0.643348515033722
294,138.0,1.09653723239899
295,138.2,18130.818359375
296,138.3,11.006646156311
297,138.4,0.29136061668396
298,138.6,0.0539815798401833
299,138.8,0.296956986188889
300,139.0,9.08499431610107
301,139.1,33245.51953125
302,139.3,40.6543083190918
303,139.5,0.0431386269629002
304,139.7,0.0846449807286263
305,139.9,103.437446594238
306,140.1,4299.56494140625
307,140.2,11717.43359375
308,140.3,380.240295410156
309,140.5,0.101900428533554
310,140.7,0.207998141646385
311,140.8,0.45913490653038
312,141.0,9.65733909606934
313,141.2,70227.8046875
314,141.3,36.1882934570313
315,141.5,0.0812638476490974
316,141.7,0.124052695930004
317,141.9,2.40177226066589
318,142.1,17203.296875
319,142.2,24730.12109375
320,142.4,1.13559520244598
321,142.6,0.0488515794277191
322,142.8,0.491197377443314
323,143.0,14.8948354721069
324,143.2,49313.7109375
325,143.3,10.6152496337891
326,143.4,1.3236563205719
327,143.7,0.199370414018631
328,143.9,2.40072298049927
329,144.1,6986.76171875
330,144.2,25833.505859375
331,144.4,22.8820095062256
332,144.7,0.437448978424072
333,144.9,3.73417282104492
334,145.1,6030.98876953125
335,145.2,41617.6484375
336,145.4,0.436866044998169
337,145.7,0.145505428314209
338,145.9,3.38346743583679
339,146.0,42.0645904541016
340,146.2,23818.447265625
341,146.3,11.2268857955933
342,146.5,0.0977031588554382
343,146.7,0.448991477489471
344,146.9,6.75772428512573
345,147.0,9.8494815826416
346,147.2,36164.70703125
347,147.3,8.70759010314941
348,147.5,0.143989741802216
349,147.8,0.607321918010712
350,148.0,72.7361526489258
351,148.2,21017.416015625
352,148.3,33.5247764587402
353,148.6,0.181765183806419
354,148.8,1.11565816402435
355,149.0,10.2144107818604
356,149.2,29676.61328125
357,149.3,8.11076164245605
358,149.5,0.0225020404905081
359,149.7,0.309315621852875
360,149.9,0.900781154632568
361,150.0,4.40678548812866
362,150.2,19596.36328125
363,150.3,19.7408180236816
364,150.4,0.678792119026184
365,150.7,0.103299520909786
366,150.9,2.11857295036316
367,151.1,5890.73681640625
368,151.2,25529.556640625
369,151.4,0.604290544986725
370,151.7,0.113209746778011
371,151.9,1.43570017814636
372,152.1,39459.64453125
373,152.2,11659.8955078125
374,152.4,0.58633553981781
375,152.6,0.0504838526248932
376,152.8,0.981928408145905
377,153.0,14.8937854766846
378,153.2,45413.03125
379,153.3,55.6037063598633
380,153.5,0.259181529283524
381,153.8,0.369942873716354
382,154.0,5.95930957794189
383,154.2,27205.75390625
384,154.3,156.886093139648
385,154.4,1.02460062503815
386,154.7,0.212311998009682
387,154.9,5.31036472320557
388,155.1,6806.73779296875
389,155.2,47826.5859375
390,155.4,0.919785499572754
391,155.6,0.0796315744519234
392,155.8,0.424507409334183
393,156.0,10.3283195495605
394,156.2,38713.5078125
395,156.3,151.499481201172
396,156.5,0.0440713539719582
397,156.6,0.293925613164902
398,156.9,4.22338819503784
399,157.1,2763.53466796875
400,157.2,41395.62890625
401,157.4,0.967237949371338
402,157.5,0.401538997888565
403,157.7,0.201935410499573
404,157.9,3.19295787811279
405,158.1,3606.45874023438
406,158.2,29226.80078125
407,158.3,5.84097003936768
408,158.5,0.431969225406647
409,158.8,2.05141663551331
410,159.0,44.8133392333984
411,159.2,39165.30859375
412,159.3,7.43395137786865
413,159.6,0.232948586344719
414,159.8,0.92083477973938
415,159.9,821.081970214844
416,160.2,22036.42578125
417,160.3,4.60930395126343
418,160.5,0.116940654814243
419,160.7,0.446776270866394
420,160.9,5.345458984375
421,161.1,11453.94140625
422,161.2,19464.439453125
423,161.4,0.288795620203018
424,161.6,0.147021099925041
425,161.8,0.769733011722565
426,162.0,163.128601074219
427,162.2,19050.193359375
428,162.3,11.6335544586182
429,162.5,0.219424039125443
430,162.7,0.658155560493469
431,162.9,16.1969223022461
432,163.1,4789.3974609375
433,163.2,23593.302734375
434,163.4,0.302786529064178
435,163.7,0.423924446105957
436,163.9,3.12032175064087
437,164.1,2852.16552734375
438,164.2,15057.318359375
439,164.4,0.859507977962494
440,164.5,0.243908122181892
441,164.8,1.29870581626892
442,165.0,13.0524654388428
443,165.2,74646.8671875
444,165.3,68.7068939208984
445,165.5,0.175702452659607
446,165.8,0.5503089427948
447,166.0,4.10190057754517
448,166.2,31405.9765625
449,166.3,102.250434875488
450,166.6,0.203684270381927
451,166.8,0.523959398269653
452,167.0,5.33356666564941
453,167.1,6180.9658203125
454,167.2,31529.193359375
455,167.4,1.94870007038116
456,167.5,0.309665381908417
457,167.7,0.0960708856582642
458,167.9,1.07881546020508
459,168.1,3214.08129882813
460,168.2,22452.125
461,168.4,1.99510324001312
462,168.6,0.237495630979538
463,168.8,0.39396059513092
464,169.0,4.4248571395874
465,169.2,42946.6171875
466,169.3,153.3662109375
467,169.5,0.177801102399826
468,169.8,0.561501681804657
469,170.0,6.54412984848022
470,170.1,1284.57824707031
471,170.2,34084.70703125
472,170.4,2.56768107414246
473,170.7,0.158330425620079
474,170.9,2.58085584640503
475,171.1,2717.98828125
476,171.2,35290.87890625
477,171.4,1.23399794101715
478,171.7,0.290544480085373
479,171.9,2.54436278343201
480,172.1,1766.53503417969
481,172.2,25134.39453125
482,172.4,0.556954622268677
483,172.6,0.0926897525787354
484,172.8,0.820566654205322
485,173.0,14.1867790222168
486,173.2,31665.72265625
487,173.3,9.95196437835693
488,173.5,0.231199726462364
489,173.7,0.103532701730728
490,173.9,2.85962462425232
491,174.1,3219.25610351563
492,174.2,16698.541015625
493,174.4,0.65384167432785
494,174.7,0.161594957113266
495,174.9,2.08616065979004
496,175.1,6794.755859375
497,175.2,18833.88671875
498,175.4,0.889238655567169
499,175.7,0.126384511590004
500,175.9,1.61711549758911
501,176.1,11206.59375
502,176.2,14633.9375
503,176.4,0.96852046251297
504,176.7,0.366678327322006
505,176.9,5.28599739074707
506,177.0,8.30663394927979
507,177.2,22487.23046875
508,177.3,95.4428100585938
509,177.5,0.113792702555656
510,177.7,0.228751316666603
511,177.9,3.25743269920349
512,178.1,11080.2373046875
513,178.2,35580.93359375
514,178.4,1.09187364578247
515,178.6,0.292992889881134
516,178.7,0.289844930171967
517,178.9,4.92433261871338
518,179.1,1081.4697265625
519,179.2,46586.00390625
520,179.3,224.717269897461
521,179.5,0.180599272251129
522,179.7,0.236096531152725
523,179.9,2.09525465965271
524,180.1,1484.0048828125
525,180.2,28956.28125
526,180.4,0.83910459280014
527,180.7,0.227701991796494
528,180.9,3.84248566627502
529,181.1,3169.59106445313
530,181.2,35109.98046875
531,181.4,2.77707815170288
532,181.7,0.191209048032761
533,181.9,1.08709335327148
534,182.1,1679.27941894531
535,182.2,26097
536,182.4,3.03602647781372
537,182.7,0.141657918691635
538,182.9,1.20578289031982
539,183.1,109.321556091309
540,183.2,32820.0546875
541,183.4,4.74816370010376
542,183.7,0.205433130264282
543,183.9,1.76798415184021
544,184.0,9.57386016845703
545,184.2,31531.009765625
546,184.3,157.182815551758
547,184.4,2.51626443862915
548,184.6,0.465663999319077
549,184.8,0.782441437244415
550,185.0,9.38241767883301
551,185.2,28230.15234375
552,185.3,29.1235866546631
553,185.5,0.311064481735229
554,185.8,0.758540272712708
555,186.0,5.29847288131714
556,186.2,20887.787109375
557,186.3,16.9545288085938
558,186.4,1.22327148914337
559,186.7,0.339862436056137
560,186.9,3.21674251556396
561,187.1,1628.38940429688
562,187.2,24577.34375
563,187.4,1.0715868473053
564,187.7,0.146438151597977
565,187.9,3.08755970001221
566,188.0,5.34930610656738
567,188.2,17597.046875
568,188.3,55.8437690734863
569,188.5,0.129882246255875
570,188.7,0.228984490036964
571,188.9,3.27352213859558
572,189.1,10499.935546875
573,189.2,33571.96484375
574,189.3,113.450042724609
575,189.5,0.28902879357338
576,189.8,0.594263732433319
577,190.0,6.69639730453491
578,190.2,25909.0234375
579,190.3,211.439086914063
580,190.5,0.161128595471382
581,190.7,0.514632165431976
582,190.9,13.865104675293
583,191.1,627.465637207031
584,191.2,43264.65625
585,191.4,0.986358880996704
586,191.6,0.101084291934967
587,191.8,1.47778940200806
588,192.0,1221.44311523438
589,192.2,31384.0078125
590,192.3,380.558807373047
591,192.5,0.635536909103394
592,192.7,0.620030283927917
593,192.9,19.7732315063477
594,193.1,472.301971435547
595,193.2,38960.5703125
596,193.4,0.131048157811165
597,193.7,0.51882940530777
598,193.9,96.4066696166992
599,194.1,763.732177734375
600,194.2,34401.22265625
601,194.4,2.27352213859558
602,194.6,0.217208817601204
603,194.8,2.31526184082031
604,195.0,18.8029613494873
605,195.1,491.056793212891
606,195.2,39903.1328125
607,195.4,3.89448523521423
608,195.6,0.02215226739645
609,195.8,0.49772647023201
610,196.0,14.1329135894775
611,196.1,244.529907226563
612,196.2,28825.59765625
613,196.4,3.52908945083618
614,196.5,0.624577343463898
615,196.7,0.299988329410553
616,196.9,4.33904647827148
617,197.1,2268.00756835938
618,197.2,27634.8125
619,197.4,3.73953604698181
620,197.6,0.035327035933733
621,197.8,1.14655470848083
622,198.0,22.7421016693115
623,198.2,24965.15234375
624,198.3,148.086624145508
625,198.5,0.361898094415665
626,198.7,0.57560920715332
627,198.9,4.32925271987915
628,199.1,432.152374267578
629,199.2,21267.572265625
630,199.4,2.38941359519958
631,199.6,0.336597889661789
632,199.8,0.861606597900391
633,200.0,11.904278755188
634,200.2,20640.306640625
635,200.3,39.784423828125
636,200.6,0.197621539235115
637,200.8,1.22863471508026
638,201.0,8.86627006530762
639,201.1,370.771240234375
640,201.2,20406.73828125
641,201.4,1.47312581539154
642,201.5,0.339279472827911
643,201.8,0.767517805099487
644,202.0,5.84120321273804
645,202.1,5974.36181640625
646,202.2,32749.994140625
647,202.4,1.70455873012543
648,202.7,0.300221532583237
649,202.9,2.86848545074463
650,203.1,1049.1240234375
651,203.2,30838.833984375
652,203.4,1.3544362783432
653,203.5,0.573976933956146
654,203.8,0.252769023180008
655,204.0,2.85006403923035
656,204.2,21389.39453125
657,204.3,970.428466796875
658,204.5,0.344642639160156
659,204.8,0.926081359386444
660,205.0,8.21289539337158
661,205.1,52.1434059143066
662,205.2,30874.6015625
663,205.4,2.70047807693481
664,205.7,0.0750845298171043
665,205.9,1.68357229232788
666,206.1,99.1966857910156
667,206.2,28742.12890625
668,206.4,3.43978071212769
669,206.7,0.0703043043613434
670,206.9,7.13163089752197
671,207.1,746.786193847656
672,207.2,33985.37109375
673,207.4,0.102716565132141
674,207.7,0.166025415062904
675,207.9,10.6499938964844
676,208.1,544.315979003906
677,208.2,35951.640625
678,208.4,2.29987168312073
679,208.5,0.442345798015594
680,208.8,2.45447134971619
681,209.0,57.715518951416
682,209.2,36270.01953125
683,209.3,162.475692749023
684,209.5,0.556954622268677
685,209.8,0.974466621875763
686,210.0,8.05503082275391
687,210.2,26492.34765625
688,210.3,530.559387207031
689,210.5,0.762620985507965
690,210.7,0.817185521125793
691,210.9,17.8178844451904
692,211.1,1288.79748535156
693,211.2,26472.88671875
694,211.4,2.57887363433838
695,211.6,0.14457269012928
696,211.8,1.02285182476044
697,212.0,10.8318758010864
698,212.2,21508.966796875
699,212.3,197.166030883789
700,212.5,0.807158708572388
701,212.7,0.645913481712341
702,212.9,8.63099002838135
703,213.1,1050.25256347656
704,213.2,22810.40625
705,213.4,0.703276216983795
706,213.5,0.095487929880619
707,213.8,0.695697784423828
708,214.0,28.662935256958
709,214.1,372.659088134766
710,214.2,15785.89453125
711,214.4,1.24962103366852
712,214.7,0.381718546152115
713,214.9,16.126501083374
714,215.1,821.351623535156
715,215.2,37129.1015625
716,215.3,159.506698608398
717,215.6,0.171738371253014
718,215.8,2.31234693527222
719,216.0,51.5303726196289
720,216.1,703.096740722656
721,216.2,24020.841796875
722,216.4,1.14037537574768
723,216.7,0.5872682929039
724,216.9,6.50378942489624
725,217.1,103.475692749023
726,217.2,25715.400390625
727,217.4,2.06715631484985
728,217.6,0.0966538414359093
729,217.8,1.29182696342468
730,217.9,7.64812850952148
731,218.1,263.375305175781
732,218.2,22501.3359375
733,218.4,2.7952663898468
734,218.7,0.554156482219696
735,218.9,4.97073554992676
736,219.1,39.9691047668457
737,219.2,26236.556640625
738,219.4,4.44106340408325
739,219.5,0.506121039390564
740,219.8,0.733823001384735
741,220.0,6.01434087753296
742,220.2,26265.58203125
743,220.3,651.776611328125
744,220.4,4.80867433547974
745,220.6,0.355252414941788
746,220.8,1.28436517715454
747,221.0,16.170223236084
748,221.2,29041.650390625
749,221.3,425.980194091797
750,221.5,0.314095824956894
751,221.8,0.907310247421265
752,222.0,7.98659181594849
753,222.2,28130.958984375
754,222.3,722.462768554688
755,222.5,0.691150724887848
756,222.7,0.459601253271103
757,222.9,8.01947021484375
758,223.1,60.0419731140137
759,223.2,28187.623046875
760,223.4,8.75527572631836
761,223.6,0.552291035652161
762,223.8,1.07251954078674
763,223.9,4.25684976577759
764,224.1,292.522216796875
765,224.2,23899.8359375
766,224.4,18.3163108825684
767,224.7,0.731840968132019
768,224.9,13.6786756515503
769,225.1,253.563827514648
770,225.2,21956.802734375
771,225.4,7.11157751083374
772,225.5,0.39034628868103
773,225.8,1.67715990543365
774,226.0,23.5232601165771
775,226.2,28244.5625
776,226.3,349.826751708984
777,226.5,0.613501250743866
778,226.8,2.15424966812134
779,227.0,16.5674476623535
780,227.2,21181.482421875
781,227.3,383.119964599609
782,227.5,0.393377631902695
783,227.7,0.381135582923889
784,227.9,4.36213111877441
785,228.1,537.6572265625
786,228.2,24255.791015625
787,228.4,1.3823014497757
788,228.7,0.577358067035675
789,228.9,6.50378942489624
790,229.1,116.70491027832
791,229.2,28158.525390625
792,229.4,2.52862310409546
793,229.7,0.522093951702118
794,229.9,6.49807643890381
795,230.1,220.585632324219
796,230.2,25637.91015625
797,230.4,2.6662003993988
798,230.6,0.228518128395081
799,230.8,1.78314101696014
800,231.0,12.5046052932739
801,231.2,26669.68359375
802,231.3,734.562438964844
803,231.5,0.611052811145782
804,231.8,0.635536909103394
805,232.0,25.1364116668701
806,232.2,23345.83984375
807,232.3,1350.37854003906
808,232.4,4.99335432052612
809,232.6,0.512183725833893
810,232.9,3.93097829818726
811,233.1,16.1046981811523
812,233.2,23049.9921875
813,233.4,6.98857402801514
814,233.5,0.616182804107666
815,233.8,0.967820942401886
816,234.0,9.50553798675537
817,234.1,354.873260498047
818,234.2,24576.90234375
819,234.4,6.59414720535278
820,234.5,0.791185736656189
821,234.8,0.921534359455109
822,235.0,3.72577834129333
823,235.2,23139.384765625
824,235.3,615.852722167969
825,235.5,0.646379828453064
826,235.7,0.19575609266758
827,235.9,1.45493757724762
828,236.1,20.809024810791
829,236.2,21950.958984375
830,236.3,796.136169433594
831,236.5,0.877346396446228
832,236.7,1.16520929336548
833,236.9,10.8670864105225
834,237.0,11.6543083190918
835,237.2,21906.15625
836,237.3,384.744537353516
837,237.5,1.02973067760468
838,237.8,0.84260231256485
839,238.0,3.35466957092285
840,238.1,91.2651290893555
841,238.2,18342.56640625
842,238.4,30.0286808013916
843,238.6,0.206016093492508
844,238.8,0.939256131649017
845,239.0,6.87653017044067
846,239.2,26746.16015625
847,239.3,947.294128417969
848,239.5,1.43861484527588
849,239.8,0.807741641998291
850,240.0,3.78232479095459
851,240.1,243.330307006836
852,240.2,19888.345703125
853,240.4,42.0006980895996
854,240.5,0.664101660251617
855,240.8,1.11868953704834
856,241.0,5.51136779785156
857,241.2,19710.630859375
858,241.3,863.70703125
859,241.5,0.388247638940811
860,241.8,1.10668063163757
861,242.0,4.25451803207397
862,242.1,95.960823059082
863,242.2,19847.75
864,242.4,3.3567681312561
865,242.6,0.172904282808304
866,242.8,0.538300096988678
867,243.0,4.05258226394653
868,243.2,21277.03125
869,243.3,1066.24645996094
870,243.5,0.552524209022522
871,243.6,0.437682181596756
872,243.9,2.3840503692627
873,244.1,38.015625
874,244.2,25961.83984375
875,244.4,4.8951849937439
876,244.7,0.371691733598709
877,244.8,0.625276923179626
878,245.0,4.92981243133545
879,245.2,26499.3046875
880,245.3,1114.98205566406
881,245.5,0.460533976554871
882,245.7,0.270957201719284
883,245.9,1.16462635993958
884,246.1,6.28168344497681
885,246.2,24141.544921875
886,246.4,12.0076951980591
887,246.7,0.298589259386063
888,246.9,1.60405731201172
889,247.1,6.50134086608887
890,247.2,21356.33984375
891,247.4,19.1703395843506
892,247.5,0.765885531902313
893,247.8,0.514282405376434
894,247.9,8.93226051330566
895,248.2,20488.91796875
896,248.3,944.788513183594
897,248.5,0.747580766677856
898,248.7,0.941004991531372
899,248.9,10.6287746429443
900,249.0,12.7994632720947
901,249.2,18596.916015625
902,249.3,753.680419921875
903,249.5,0.777777791023254
904,249.6,0.728926181793213
905,249.9,12.8633556365967
906,250.1,74.1212539672852
907,250.2,20398.0625
908,250.4,25.2748050689697
909,250.6,0.592048525810242
910,250.8,5.41926097869873
911,251.0,37.2091636657715
912,251.2,15953.912109375
913,251.3,445.041046142578
914,251.5,0.534802377223969
915,251.7,0.816602528095245
916,251.9,10.0326452255249
917,252.0,7.25708293914795
918,252.2,21313.353515625
919,252.3,1597.998046875
920,252.4,68.044189453125
921,252.7,1.67168009281158
922,252.8,3.29614090919495
923,253.0,24.7945671081543
924,253.2,17937.2265625
925,253.3,1287.01037597656
926,253.5,1.32272350788116
927,253.8,2.41564655303955
928,254.0,7.96537256240845
929,254.2,14830.1240234375
930,254.3,2314.57934570313
931,254.5,0.585519433021545
932,254.7,0.886090695858002
933,254.9,5.1443395614624
934,255.1,38.7663536071777
935,255.2,17059.662109375
936,255.4,26.1289501190186
937,255.7,0.4964439868927
938,255.9,1206.55700683594
939,256.1,93.1734848022461
940,256.2,19094.908203125
941,256.4,6.24997091293335
942,256.6,0.817185521125793
943,256.8,1.51031827926636
944,256.9,75.3304214477539
945,257.1,20.7729969024658
946,257.2,18800.712890625
947,257.4,15.8422527313232
948,257.5,0.706074357032776
949,257.8,108.140258789063
950,257.9,329.429534912109
951,258.2,22628.111328125
952,258.3,1672.43701171875
953,258.6,0.702343463897705
954,258.8,1.10819637775421
955,258.9,22.7670516967773
956,259.2,22855.458984375
957,259.3,1299.19604492188
958,259.5,2.40760183334351
959,259.7,0.404920130968094
960,259.9,70.5728073120117
961,260.0,11.8669700622559
962,260.2,19391.23828125
963,260.3,1828.23034667969
964,260.5,0.689052104949951
965,260.7,0.214760407805443
966,260.9,2.00244832038879
967,261.1,12.9602422714233
968,261.2,18902.630859375
969,261.4,34.4998245239258
970,261.7,0.704558730125427
971,261.9,8.66748237609863
972,262.1,9.70910549163818
973,262.2,17849.537109375
974,262.4,39.9698028564453
975,262.7,0.667249619960785
976,262.9,1.56511604785919
977,263.1,16.3451099395752
978,263.2,18645.6875
979,263.4,39.1797828674316
980,263.5,1.91150748729706
981,263.8,1.28914535045624
982,264.0,8.65279197692871
983,264.2,14488.802734375
984,264.3,1899.23901367188
985,264.5,2.05095028877258
986,264.8,3.46776270866394
987,265.0,19.3516387939453
988,265.2,17001.96484375
989,265.3,1057.39428710938
990,265.5,2.14538884162903
991,265.7,0.624344170093536
992,265.8,1.88783955574036
993,266.0,18.4788379669189
994,266.2,15343.6650390625
995,266.3,2729.40893554688
996,266.4,113.516967773438
997,266.6,0.943570017814636
998,266.8,6.74443292617798
999,267.0,151.584121704102
1000,267.2,13356.3955078125
1001,267.3,1716.77941894531
1002,267.5,0.822548687458038
1003,267.8,5.8951849937439
1004,268.0,56.4240417480469
1005,268.1,46.1999549865723
1006,268.2,15795.646484375
1007,268.4,79.3729705810547
1008,268.7,2.43651628494263
1009,268.9,25.3943099975586
1010,269.1,93.169059753418
1011,269.2,13660.14453125
1012,269.3,1538.28979492188
1013,269.5,0.612801671028137
1014,269.7,1.18351399898529
1015,269.9,7.8230152130127
1016,270.1,26.4207763671875
1017,270.2,15152.765625
1018,270.3,2120.28637695313
1019,270.6,1.42998719215393
1020,270.8,8.09233951568604
1021,271.0,62.4308052062988
1022,271.2,15230.3828125
1023,271.3,1396.83142089844
1024,271.5,1.06494116783142
1025,271.8,3.56278419494629
1026,272.0,15.5880842208862
1027,272.1,21.3479080200195
1028,272.2,19375.544921875
1029,272.4,23.9713191986084
1030,272.5,1.32563829421997
1031,272.8,3.22443747520447
1032,273.0,15.4331350326538
1033,273.2,16589.591796875
1034,273.3,1458.88208007813
1035,273.4,35.1487693786621
1036,273.6,0.584353506565094
1037,273.8,0.485717624425888
1038,274.0,4.34953927993774
1039,274.2,15682.365234375
1040,274.3,1990.10888671875
1041,274.5,1.80529320240021
1042,274.8,3.03835844993591
1043,275.0,13.6530256271362
1044,275.2,11938.931640625
1045,275.3,1626.86511230469
1046,275.5,2.42380785942078
1047,275.8,0.864987730979919
1048,276.0,4.55194139480591
1049,276.2,14947.7890625
1050,276.3,1950.48461914063
1051,276.4,54.9056777954102
1052,276.7,0.594963252544403
1053,276.9,2.08149695396423
1054,277.1,38.3314666748047
1055,277.2,11527.845703125
1056,277.3,2049.359375
1057,277.5,2.03031373023987
1058,277.6,1.09828615188599
1059,277.9,0.59892737865448
1060,278.1,7.27876901626587
1061,278.2,13933.294921875
1062,278.4,96.4215927124023
1063,278.7,0.667832553386688
1064,278.9,2.15238428115845
1065,279.1,27.1592636108398
1066,279.2,13205.720703125
1067,279.4,43.3978080749512
1068,279.5,3.80307793617249
1069,279.8,0.542380809783936
1070,280.0,2.25626683235168
1071,280.2,11823.31640625
1072,280.3,3632.03125
1073,280.4,115.176986694336
1074,280.6,0.742217540740967
1075,280.8,1.61315143108368
1076,281.0,134.17756652832
1077,281.2,13042.5400390625
1078,281.3,1592.95532226563
1079,281.5,0.0904745236039162
1080,281.7,0.431736052036285
1081,281.8,3.23947763442993
1082,282.0,63.2449569702148
1083,282.2,12280.962890625
1084,282.3,2925.33422851563
1085,282.5,0.770315945148468
1086,282.7,1.25778245925903
1087,282.8,3.66468453407288
1088,283.0,59.258716583252
1089,283.2,11254.6552734375
1090,283.3,1777.47009277344
1091,283.6,0.495977610349655
1092,283.8,1.91920256614685
1093,284.0,16.1423568725586
1094,284.1,17.1055145263672
1095,284.2,15233.6845703125
1096,284.4,24.0081615447998
1097,284.5,1.19785475730896
1098,284.8,6.67611074447632
1099,285.0,99.1838607788086
1100,285.2,12518.6240234375
1101,285.3,1587.43859863281
1102,285.5,0.552524209022522
1103,285.8,3.6621196269989
1104,286.0,28.8796787261963
1105,286.2,12962.4306640625
1106,286.3,2234.91357421875
1107,286.5,1.67739307880402
1108,286.8,4.24437427520752
1109,287.0,42.4374504089355
1110,287.2,11788.794921875
1111,287.3,1767.48828125
1112,287.4,49.4266052246094
1113,287.7,0.667133033275604
1114,287.9,3.44421124458313
1115,288.1,13.8848085403442
1116,288.2,13248.8232421875
1117,288.4,150.162292480469
1118,288.7,2.41319799423218
1119,288.9,23.7557430267334
1120,289.0,51.552173614502
1121,289.2,8762.3359375
1122,289.3,2218.06176757813
1123,289.4,91.7874526977539
1124,289.6,0.339512646198273
1125,289.8,2.3805525302887
1126,290.0,16.7820911407471
1127,290.1,21.5088024139404
1128,290.2,11299.37109375
1129,290.4,103.121368408203
1130,290.5,3.97971320152283
1131,290.7,0.465547382831573
1132,290.9,5.76460313796997
1133,291.1,22.3283195495605
1134,291.2,6510.5849609375
1135,291.3,2930.68188476563
1136,291.5,6.0029149055481
1137,291.8,1.60673892498016
1138,292.0,4.09129047393799
1139,292.2,6242.8076171875
1140,292.3,4377.08447265625
1141,292.5,3.25008749961853
1142,292.8,5.37507295608521
1143,293.0,31.3617820739746
1144,293.2,5836.1572265625
1145,293.3,2707.6533203125
1146,293.5,3.18258142471313
1147,293.8,2.93027853965759
1148,293.9,7.14002561569214
1149,294.1,4.0691385269165
1150,294.2,11981.7373046875
1151,294.4,124.447128295898
1152,294.5,5.17372035980225
1153,294.8,3.38195180892944
1154,295.0,13.3923282623291
1155,295.2,6887.2412109375
1156,295.3,2795.39819335938
1157,295.5,3.26069712638855
1158,295.8,2.13069844245911
1159,296.0,5.65687322616577
1160,296.1,4.61326789855957
1161,296.2,11751.2880859375
1162,296.4,85.3748397827148
1163,296.7,1.9224671125412
1164,296.9,11.6287746429443
1165,297.0,13.4170455932617
1166,297.2,7460.71142578125
1167,297.3,2196.26782226563
1168,297.5,1.62259531021118
1169,297.8,1.17103886604309
1170,298.0,4.40736865997314
1171,298.2,9118.056640625
1172,298.3,2640.0087890625
1173,298.5,0.999883413314819
1174,298.7,1.36422991752625
1175,298.9,6.51451539993286
1176,299.1,49.0416221618652
1177,299.2,10403.48828125
1178,299.4,56.190975189209
1179,299.7,30.7036266326904
1180,299.8,45.5979957580566
1181,300.1,13.4668302536011
1182,300.2,8916.28125
1183,300.3,3014.5146484375
1184,300.5,2.16031241416931
1185,300.8,1.47487461566925
1186,301.0,8.39186191558838
1187,301.2,6952.60302734375
1188,301.3,2677.796875
1189,301.5,3.18899393081665
1190,301.8,1.89506816864014
1191,302.0,4.30523490905762
1192,302.2,6875.79296875
1193,302.3,3830.9296875
1194,302.5,3.16322731971741
1195,302.8,1.20368432998657
1196,303.0,7.97260093688965
1197,303.1,9.79853057861328
1198,303.2,7626.98779296875
1199,303.4,172.597534179688
1200,303.6,0.447592407464981
1201,303.8,4.18153190612793
1202,303.9,8.32878589630127
1203,304.2,4242.32373046875
1204,304.3,4464.0068359375
1205,304.5,3.40480351448059
1206,304.7,0.410866260528564
1207,304.9,2.1230034828186
1208,305.1,5.85880851745605
1209,305.3,6885.1669921875
1210,305.4,134.144927978516
1211,305.6,0.716917335987091
1212,305.8,4.01667261123657
1213,305.9,2.97073578834534
1214,306.1,5.94368648529053
1215,306.3,8021.3037109375
1216,306.4,175.990905761719
1217,306.6,0.837822079658508
1218,306.9,1.70187711715698
1219,307.0,1.41413080692291
1220,307.2,2873.611328125
1221,307.3,3169.39624023438
1222,307.5,6.74315023422241
1223,307.7,0.36469629406929
1224,307.9,2.30185389518738
1225,308.1,2.37717151641846
1226,308.3,7832.744140625
1227,308.4,195.221282958984
1228,308.6,0.82383120059967
1229,308.9,1.29031133651733
1230,309.1,4.71120452880859
1231,309.2,3386.93896484375
1232,309.3,2878.77197265625
1233,309.5,4.67704343795776
1234,309.6,0.658038914203644
1235,309.9,1.33718085289001
1236,310.1,3.03975749015808
1237,310.2,5396.47607421875
1238,310.3,3396.24536132813
1239,310.5,2.9176869392395
1240,310.8,2.26174664497375
1241,311.0,8.15156841278076
1242,311.2,4184.88330078125
1243,311.3,2529.84643554688
1244,311.5,1.92573165893555
1245,311.8,1.01620614528656
1246,312.0,3.17675185203552
1247,312.2,5212.83056640625
1248,312.3,3509.349609375
1249,312.5,2.43919777870178
1250,312.7,0.548093736171722
1251,312.9,3.07741641998291
1252,313.1,9.74524879455566
1253,313.2,7061.0087890625
1254,313.4,151.672729492188
1255,313.7,0.329952210187912
1256,313.9,1.44421124458313
1257,314.0,1.40631926059723
1258,314.2,4433.63720703125
1259,314.3,4369.501953125
1260,314.5,4.52582502365112
1261,314.8,1.16171157360077
1262,315.0,3.093505859375
1263,315.2,2776.939453125
1264,315.3,4110.60693359375
1265,315.5,5.48466825485229
1266,315.8,0.826279580593109
1267,316.0,2.01608943939209
1268,316.2,3276.20703125
1269,316.3,5005.009765625
1270,316.5,3.74676465988159
1271,316.8,0.366678327322006
1272,317.0,1.61000347137451
1273,317.2,1777.14672851563
1274,317.3,3821.82861328125
1275,317.4,283.442474365234
1276,317.6,0.883292555809021
1277,317.9,1.18293106555939
1278,318.0,1.04232251644135
1279,318.2,2046.68225097656
1280,318.3,4517.72998046875
1281,318.4,270.313507080078
1282,318.6,0.589600086212158
1283,318.9,0.842019379138947
1284,319.1,3.26524424552917
1285,319.3,5137.265625
1286,319.4,171.049667358398
1287,319.5,9.40876770019531
1288,319.8,0.667482793331146
1289,320.0,1.33974587917328
1290,320.1,1.80074620246887
1291,320.3,6186.85205078125
1292,320.4,313.509399414063
1293,320.5,9.94485282897949
1294,320.8,0.327154010534286
1295,320.9,0.454821020364761
1296,321.1,2.50915241241455
1297,321.3,4420.88818359375
1298,321.4,159.199493408203
1299,321.6,0.768800258636475
1300,321.7,0.487583070993423
1301,322.0,0.980062961578369
1302,322.2,1955.51525878906
1303,322.3,4279.193359375
1304,322.5,10.1973886489868
1305,322.8,1.42100965976715
1306,322.9,1.75609183311462
1307,323.1,7.50600433349609
1308,323.3,4074.44848632813
1309,323.4,307.554046630859
1310,323.5,8.95371341705322
1311,323.7,0.641949415206909
1312,323.9,1.31024837493896
1313,324.1,4.83210897445679
1314,324.2,2326.44946289063
1315,324.3,4001.6201171875
1316,324.5,2.60965371131897
1317,324.7,4.22618627548218
1318,324.9,29.6499938964844
1319,325.1,88.5465774536133
1320,325.3,4570.84033203125
1321,325.4,196.304061889648
1322,325.5,2.70665740966797
1323,325.7,0.898216187953949
1324,325.9,9.27725315093994
1325,326.1,21.8473815917969
1326,326.3,6234.767578125
1327,326.4,340.619110107422
1328,326.7,3.96478962898254
1329,326.9,59.4543533325195
1330,327.0,113.819282531738
1331,327.2,1678.62377929688
1332,327.3,3640.20043945313
1333,327.5,3.35373663902283
1334,327.8,8.40118885040283
1335,328.0,40.6135025024414
1336,328.2,1122.46203613281
1337,328.3,5251.11181640625
1338,328.4,454.716796875
1339,328.7,3.58318758010864
1340,328.9,25.6956977844238
1341,329.1,58.4779052734375
1342,329.3,4741.81689453125
1343,329.4,268.968170166016
1344,329.5,4.2011194229126
1345,329.8,3.93412613868713
1346,330.0,7.96537256240845
1347,330.1,5.022385597229
1348,330.3,5821.56689453125
1349,330.4,710.707458496094
1350,330.7,3.08825922012329
1351,330.9,13.9713182449341
1352,331.0,14.6307563781738
1353,331.2,433.902069091797
1354,331.3,4155.2236328125
1355,331.5,8.01608943939209
1356,331.7,0.991139113903046
1357,331.9,3.64707946777344
1358,332.1,8.1301155090332
1359,332.2,711.27294921875
1360,332.3,4878.05712890625
1361,332.5,11.2985897064209
1362,332.8,1.88772296905518
1363,333.0,5.3130464553833
1364,333.2,339.413299560547
1365,333.3,3523.29125976563
1366,333.4,305.291351318359
1367,333.6,0.778127551078796
1368,333.8,1.02611637115479
1369,334.0,2.15180134773254
1370,334.1,1.83082664012909
1371,334.3,4835.44921875
1372,334.4,451.730102539063
1373,334.6,1.29497492313385
1374,334.8,0.593564212322235
1375,335.0,4.32400608062744
1376,335.2,339.634033203125
1377,335.3,3298.21801757813
1378,335.5,11.553689956665
1379,335.6,1.08522796630859
1380,335.9,0.940188884735107
1381,336.0,0.827562093734741
1382,336.2,663.905578613281
1383,336.3,3801.57202148438
1384,336.4,522.747680664063
1385,336.6,1.22315490245819
1386,336.8,0.631806015968323
1387,336.9,0.769150078296661
1388,337.1,2.80715870857239
1389,337.3,2898.63818359375
1390,337.4,491.128936767578
1391,337.5,11.5549726486206
1392,337.8,0.957327723503113
1393,337.9,0.713769376277924
1394,338.1,3.09793639183044
1395,338.3,4106.7509765625
1396,338.4,645.703186035156
1397,338.7,1.26641011238098
1398,338.8,1.06680655479431
1399,339.0,7.46904516220093
1400,339.2,351.851806640625
1401,339.3,3105.43383789063
1402,339.5,6.84784889221191
1403,339.7,0.642765522003174
1404,339.9,2.61758184432983
1405,340.1,7.69208335876465
1406,340.3,4226.64794921875
1407,340.4,658.413635253906
1408,340.5,10.1840972900391
1409,340.8,8.80832481384277
1410,341.0,173.514404296875
1411,341.2,824.502502441406
1412,341.3,3334.08081054688
1413,341.5,1.33414947986603
1414,341.7,1.5171971321106
1415,341.9,26.3890628814697
1416,342.1,105.386383056641
1417,342.3,4776.13037109375
1418,342.4,595.284851074219
1419,342.5,6.52524185180664
1420,342.8,8.30266952514648
1421,343.0,62.3577003479004
1422,343.2,177.667373657227
1423,343.3,3301.85620117188
1424,343.4,345.437683105469
1425,343.6,0.732773721218109
1426,343.8,2.51591467857361
1427,344.0,12.8761806488037
1428,344.2,164.893905639648
1429,344.3,5046.859375
1430,344.5,19.1645088195801
1431,344.8,10.0409231185913
1432,345.0,66.8269805908203
1433,345.2,174.390228271484
1434,345.3,3592.9345703125
1435,345.5,8.06890487670898
1436,345.8,3.30558466911316
1437,346.0,15.9959192276001
1438,346.2,139.421127319336
1439,346.3,4493.21484375
1440,346.5,11.3414945602417
1441,346.8,3.2734055519104
1442,347.0,14.9745836257935
1443,347.2,78.6252746582031
1444,347.3,3294.51977539063
1445,347.5,17.825813293457
1446,347.8,3.82861137390137
1447,348.0,3.81590294837952
1448,348.2,99.314208984375
1449,348.3,4327.01171875
1450,348.5,21.950216293335
1451,348.7,3.02028679847717
1452,348.9,9.05141639709473
1453,349.1,20.6502265930176
1454,349.3,2566.41577148438
1455,349.4,491.730804443359
1456,349.5,13.3727407455444
1457,349.7,1.10761332511902
1458,349.8,5.53118801116943
1459,350.1,4.28098392486572
1460,350.2,127.636123657227
1461,350.3,4091.04443359375
1462,350.5,23.7262439727783
1463,350.7,0.300454705953598
1464,350.9,1.81858456134796
1465,351.1,4.06027746200562
1466,351.3,2036.14709472656
1467,351.4,842.579895019531
1468,351.7,3.10388255119324
1469,351.8,0.837122559547424
1470,352.0,1.28121721744537
1471,352.2,120.283782958984
1472,352.3,2736.19677734375
1473,352.4,1052.53454589844
1474,352.6,1.37064242362976
1475,352.9,2.40783500671387
1476,353.1,4.683922290802
1477,353.3,1944.26550292969
1478,353.4,805.089538574219
1479,353.6,0.827212333679199
1480,353.9,1.04756903648376
1481,354.0,0.854144811630249
1482,354.2,57.0349769592285
1483,354.3,2756.8046875
1484,354.4,962.127990722656
1485,354.7,3.10073447227478
1486,354.9,20.2531185150146
1487,355.1,344.382080078125
1488,355.3,2942.2685546875
1489,355.4,332.818115234375
1490,355.7,0.837705492973328
1491,355.9,10.6550073623657
1492,356.0,23.1420078277588
1493,356.2,147.155059814453
1494,356.3,3364.04711914063
1495,356.4,842.163818359375
1496,356.6,0.864171624183655
1497,356.8,3.13407945632935
1498,357.0,26.4280052185059
1499,357.2,110.729393005371
1500,357.3,2981.69702148438
1501,357.5,10.0060625076294
1502,357.8,1.49376237392426
1503,357.9,2.39302778244019
1504,358.1,13.6454467773438
1505,358.3,3019.58544921875
1506,358.4,1184.79479980469
1507,358.6,1.60860443115234
1508,358.8,4.02086973190308
1509,359.0,35.9671211242676
1510,359.2,148.091873168945
1511,359.3,2834.30932617188
1512,359.5,10.0978193283081
1513,359.7,1.71843302249908
1514,359.8,1.07496798038483
1515,360.0,11.404803276062
1516,360.2,44.5295562744141
1517,360.3,3814.85083007813
1518,360.5,21.9370403289795
1519,360.6,2.00641250610352
1520,360.9,5.20624923706055
1521,361.1,23.8100738525391
1522,361.3,1942.80773925781
1523,361.4,729.544250488281
1524,361.6,1.30430221557617
1525,361.8,1.1585636138916
1526,362.0,3.7804594039917
1527,362.1,3.69394898414612
1528,362.3,2432.46240234375
1529,362.4,1356.90014648438
1530,362.6,4.60090923309326
1531,362.9,8.42439079284668
1532,363.1,75.1681213378906
1533,363.3,1642.43811035156
1534,363.4,1039.93359375
1535,363.6,1.71878278255463
1536,363.8,0.915238440036774
1537,364.0,6.94415283203125
1538,364.1,18.7086391448975
1539,364.3,1893.36608886719
1540,364.4,1747.41687011719
1541,364.6,2.23936104774475
1542,364.9,1.52932262420654
1543,365.1,15.8578758239746
1544,365.2,14.4786052703857
1545,365.4,2858.94848632813
1546,365.5,27.9912548065186
1547,365.7,0.28098401427269
1548,365.8,0.973650455474854
1549,366.1,4.36248111724854
1550,366.3,1613.00744628906
1551,366.4,1805.45471191406
1552,366.7,1.39302790164948
1553,366.9,3.77323079109192
1554,367.1,8.19179153442383
1555,367.3,1124.73059082031
1556,367.4,1297.48425292969
1557,367.6,1.52489221096039
1558,367.9,0.843301832675934
1559,368.1,2.3526873588562
1560,368.2,6.20368432998657
1561,368.4,3131.52856445313
1562,368.5,22.8019123077393
1563,368.6,1.18491315841675
1564,368.9,1.8645213842392
1565,369.1,7.0894250869751
1566,369.3,1107.82238769531
1567,369.4,1149.25500488281
1568,369.5,30.528507232666
1569,369.7,0.693016231060028
1570,370.0,1.53468573093414
1571,370.2,8.06552410125732
1572,370.3,1727.73510742188
1573,370.4,1618.27758789063
1574,370.6,1.85927486419678
1575,370.8,1.70852279663086
1576,371.0,3.72193074226379
1577,371.2,12.8954181671143
1578,371.3,957.3017578125
1579,371.4,1295.94274902344
1580,371.6,1.85064709186554
1581,371.8,0.894834995269775
1582,372.0,1.19972014427185
1583,372.2,5.68613719940186
1584,372.4,3393.52807617188
1585,372.5,81.0475692749023
1586,372.7,0.659088253974915
1587,372.9,2.7129533290863
1588,373.1,14.0586452484131
1589,373.2,20.2556838989258
1590,373.4,2147.26416015625
1591,373.5,46.3333320617676
1592,373.7,1.46589720249176
1593,374.0,2.71062135696411
1594,374.2,10.2454242706299
1595,374.4,2954.87133789063
1596,374.5,46.0556144714355
1597,374.7,1.22222220897675
1598,375.0,3.36761116981506
1599,375.1,3.4236912727356
1600,375.3,880.416320800781
1601,375.4,1140.24206542969
1602,375.6,2.30756664276123
1603,375.9,0.785006403923035
1604,376.0,0.857525944709778
1605,376.2,4.18048286437988
1606,376.4,3010.83837890625
1607,376.5,57.1297645568848
1608,376.7,0.860090911388397
1609,377.0,3.46216630935669
1610,377.2,12.019003868103
1611,377.4,1913.244140625
1612,377.5,29.4775562286377
1613,377.6,2.69336605072021
1614,377.9,1.03334498405457
1615,378.1,2.55975294113159
1616,378.2,3.68543791770935
1617,378.4,2857.57885742188
1618,378.5,42.2852973937988
1619,378.6,2.3597993850708
1620,378.8,0.347324252128601
1621,379.0,1.25335204601288
1622,379.2,6.20974683761597
1623,379.4,1891.89233398438
1624,379.5,38.9953346252441
1625,379.7,0.438848078250885
1626,379.8,0.595779418945313
1627,380.1,1.37402355670929
1628,380.3,850.031616210938
1629,380.4,1739.66625976563
1630,380.5,31.3137454986572
1631,380.8,0.552873969078064
1632,381.0,1.08009791374207
1633,381.2,6.56977987289429
1634,381.4,1651.58544921875
1635,381.5,43.0152740478516
1636,381.8,0.553340315818787
1637,382.0,0.755159139633179
1638,382.2,5.84423446655273
1639,382.4,2305.92846679688
1640,382.5,37.1794319152832
1641,382.6,1.82266521453857
1642,382.9,3.71831631660461
1643,383.1,6.50075769424438
1644,383.2,6.72985887527466
1645,383.4,1624.52685546875
1646,383.5,68.0080413818359
1647,383.8,0.91279000043869
1648,384.0,1.6432318687439
1649,384.2,4.07286930084229
1650,384.3,721.734741210938
1651,384.4,1750.22692871094
1652,384.6,4.21056318283081
1653,384.9,9.61956405639648
1654,385.1,18.9823951721191
1655,385.3,436.078704833984
1656,385.4,1175.78784179688
1657,385.5,92.1199722290039
1658,385.8,1.76600205898285
1659,386.0,3.92118453979492
1660,386.2,6.47324228286743
1661,386.3,575.162902832031
1662,386.4,1967.91821289063
1663,386.6,3.86440491676331
1664,386.9,7.46065044403076
1665,387.0,8.26804256439209
1666,387.2,21.6674823760986
1667,387.4,1498.93273925781
1668,387.5,75.5724639892578
1669,387.8,1.66456806659698
1670,388.0,2.92946243286133
1671,388.1,3.07904863357544
1672,388.3,500.8984375
1673,388.4,1804.94812011719
1674,388.6,3.43978071212769
1675,388.8,2.30954885482788
1676,389.0,6.69686365127563
1677,389.2,11.7531766891479
1678,389.4,1409.53295898438
1679,389.5,67.5211639404297
1680,389.7,1.54517900943756
1681,390.0,1.91045820713043
1682,390.2,5.29660701751709
1683,390.4,2410.33935546875
1684,390.5,77.1706924438477
1685,390.6,6.13349676132202
1686,390.9,2.57584238052368
1687,391.0,3.097003698349
1688,391.2,9.71761703491211
1689,391.4,1431.51513671875
1690,391.5,48.8766479492188
1691,391.6,4.61046981811523
1692,391.9,1.93086159229279
1693,392.1,1.96956980228424
1694,392.3,274.184204101563
1695,392.4,2133.67236328125
1696,392.6,4.2886791229248
1697,392.8,0.773580491542816
1698,393.0,1.42613971233368
1699,393.2,4.17710161209106
1700,393.4,1401.51904296875
1701,393.5,90.8422546386719
1702,393.6,5.38906383514404
1703,393.8,1.20461702346802
1704,394.0,0.372158110141754
1705,394.2,4.11717367172241
1706,394.4,2074.38500976563
1707,394.5,76.3646926879883
1708,394.7,0.733823001384735
1709,394.9,0.641599655151367
1710,395.1,1.22758543491364
1711,395.3,170.95849609375
1712,395.4,1160.98449707031
1713,395.6,3.56056904792786
1714,395.8,0.73650461435318
1715,396.0,0.32505539059639
1716,396.2,4.39081287384033
1717,396.4,1805.10693359375
1718,396.5,121.54273223877
1719,396.7,0.37635537981987
1720,396.9,0.407601714134216
1721,397.0,0.465663999319077
1722,397.2,4.82907772064209
1723,397.4,1160.63879394531
1724,397.5,166.138626098633
1725,397.7,0.680191218852997
1726,397.8,0.663402140140533
1727,398.1,1.056196808815
1728,398.3,175.268035888672
1729,398.4,1950.08728027344
1730,398.6,6.45610332489014
1731,398.8,2.3313512802124
1732,399.0,14.7549257278442
1733,399.2,25.4215927124023
1734,399.4,1111.15454101563
1735,399.5,181.167419433594
1736,399.6,4.82476377487183
1737,399.9,2.63810181617737
1738,400.1,7.05666303634644
1739,400.2,3.86207294464111
1740,400.4,1696.27770996094
1741,400.5,367.634735107422
1742,400.6,13.9626913070679
1743,400.8,11.4545879364014
1744,401.0,117.953010559082
1745,401.1,90.9468307495117
1746,401.3,281.162994384766
1747,401.4,890.320861816406
1748,401.5,107.834327697754
1749,401.7,2.16602540016174
1750,401.9,19.1046981811523
1751,402.0,24.3763561248779
1752,402.1,44.0903587341309
1753,402.4,1605.24438476563
1754,402.5,106.865455627441
1755,402.6,7.75317716598511
1756,402.8,6.68811941146851
1757,403.0,40.4804725646973
1758,403.1,48.6160659790039
1759,403.3,142.289840698242
1760,403.4,931.07568359375
1761,403.6,4.75993919372559
1762,403.9,5.41821146011353
1763,404.1,11.2634954452515
1764,404.3,68.4603042602539
1765,404.4,1732.80969238281
1766,404.6,9.72741031646729
1767,404.8,5.70246028900146
1768,405.0,28.6720294952393
1769,405.2,65.6350708007813
1770,405.4,973.764038085938
1771,405.5,80.7808074951172
1772,405.8,2.81462049484253
1773,406.0,8.44619369506836
1774,406.2,18.8686027526855
1775,406.4,1639.89831542969
1776,406.5,149.288452148438
1777,406.8,3.16590881347656
1778,406.9,2.80039644241333
1779,407.1,10.928879737854
1780,407.3,67.0712356567383
1781,407.4,1010.537109375
1782,407.6,3.95301389694214
1783,407.9,1.49621081352234
1784,408.1,3.05608010292053
1785,408.2,3.697096824646
1786,408.4,1479.20703125
1787,408.5,174.904281616211
1788,408.8,2.37658858299255
1789,409.0,4.99510335922241
1790,409.2,9.87489795684814
1791,409.4,768.29052734375
1792,409.5,192.167663574219
1793,409.8,0.952547490596771
1794,409.9,0.390113085508347
1795,410.1,2.28821277618408
1796,410.3,45.6054573059082
1797,410.4,1481.18896484375
1798,410.6,4.79864740371704
1799,410.8,0.391395598649979
1800,410.9,0.765535712242126
1801,411.2,3.61886429786682
1802,411.3,23.4761562347412
1803,411.4,925.428833007813
1804,411.6,6.30570125579834
1805,411.8,0.182581320405006
1806,411.9,0.325638324022293
1807,412.2,1.87000119686127
1808,412.4,1214.36840820313
1809,412.5,424.050964355469
1810,412.7,0.613851010799408
1811,412.9,1.30978202819824
1812,413.1,3.26955819129944
1813,413.3,26.3300685882568
1814,413.4,615.063415527344
1815,413.5,289.220825195313
1816,413.7,0.952780663967133
1817,413.8,0.810773015022278
1818,414.1,1.44094669818878
1819,414.2,1.51684737205505
1820,414.4,1005.94262695313
1821,414.5,469.770202636719
1822,414.8,8.95802688598633
1823,415.0,57.4519081115723
1824,415.1,77.7101516723633
1825,415.3,179.460189819336
1826,415.4,770.713745117188
1827,415.6,3.3266875743866
1828,415.8,3.64253234863281
1829,416.0,23.545295715332
1830,416.2,40.6631698608398
1831,416.4,1048.69506835938
1832,416.5,183.500640869141
1833,416.8,4.13839340209961
1834,417.0,22.0155067443848
1835,417.2,43.3617820739746
1836,417.4,649.074157714844
1837,417.5,101.236915588379
1838,417.8,1.715984582901
1839,417.9,1.72776031494141
1840,418.1,8.22805213928223
1841,418.3,33.0369606018066
1842,418.4,1000.99102783203
1843,418.5,242.537826538086
1844,418.8,4.86930179595947
1845,419.0,17.7975978851318
1846,419.2,62.8322257995605
1847,419.4,611.218017578125
1848,419.5,119.864288330078
1849,419.7,1.40503668785095
1850,419.9,2.92211723327637
1851,420.1,12.7365045547485
1852,420.3,33.6827545166016
1853,420.4,968.469177246094
1854,420.5,261.731384277344
1855,420.8,2.97668170928955
1856,421.0,9.97411727905273
1857,421.2,41.090705871582
1858,421.4,557.135375976563
1859,421.5,194.666198730469
1860,421.7,1.77591228485107
1861,422.0,3.09513807296753
1862,422.2,12.6680660247803
1863,422.4,846.207275390625
1864,422.5,311.233306884766
1865,422.6,5.65594053268433
1866,422.8,1.0887256860733
1867,423.0,7.68135690689087
1868,423.2,39.0160903930664
1869,423.3,27.8551940917969
1870,423.4,640.540405273438
1871,423.6,6.1717381477356
1872,423.7,1.23353159427643
1873,423.9,0.607205331325531
1874,424.1,4.68100738525391
1875,424.3,23.2820339202881
1876,424.4,1055.16845703125
1877,424.6,6.03882455825806
1878,424.8,1.16905677318573
1879,425.0,2.205899477005
1880,425.1,2.04080677032471
1881,425.3,20.5539226531982
1882,425.4,588.064819335938
1883,425.6,11.591814994812
1884,425.8,0.523959398269653
1885,426.1,1.52827334403992
1886,426.2,1.7088725566864
1887,426.4,600.319458007813
1888,426.5,532.824523925781
1889,426.7,0.891570508480072
1890,426.9,1.2284015417099
1891,427.1,1.68718671798706
1892,427.2,2.14422297477722
1893,427.4,336.053619384766
1894,427.5,285.880493164063
1895,427.7,1.75550889968872
1896,427.9,0.441063314676285
1897,428.1,0.869185030460358
1898,428.2,1.50110757350922
1899,428.4,483.891906738281
1900,428.5,530.907287597656
1901,428.8,6.17966651916504
1902,429.0,37.7051429748535
1903,429.2,175.995574951172
1904,429.4,479.499481201172
1905,429.5,148.341384887695
1906,429.7,0.859857738018036
1907,429.9,6.16241121292114
1908,430.1,33.8024940490723
1909,430.2,37.9427528381348
1910,430.4,620.514770507813
1911,430.5,217.02961730957
1912,430.6,9.52465915679932
1913,430.9,6.45831871032715
1914,431.1,27.7380199432373
1915,431.2,27.0389404296875
1916,431.4,350.022155761719
1917,431.5,145.037078857422
1918,431.6,10.3095483779907
1919,431.8,0.734872341156006
1920,432.0,3.62119626998901
1921,432.2,11.5617351531982
1922,432.4,546.399658203125
1923,432.5,287.203338623047
1924,432.6,14.8719835281372
1925,432.9,4.79923057556152
1926,433.0,6.85997438430786
1927,433.2,30.440013885498
1928,433.4,346.599517822266
1929,433.5,141.383590698242
1930,433.7,1.99790132045746
1931,434.0,3.34977269172668
1932,434.1,3.63483738899231
1933,434.3,22.1457386016846
1934,434.4,477.874542236328
1935,434.5,332.642883300781
1936,434.7,1.80575954914093
1937,435.0,2.54074859619141
1938,435.2,9.44164657592773
1939,435.4,247.497955322266
1940,435.5,236.650695800781
1941,435.7,0.908592760562897
1942,435.9,0.945435464382172
1943,436.0,0.593797385692596
1944,436.2,3.55182456970215
1945,436.4,353.655578613281
1946,436.5,428.274688720703
1947,436.8,1.7254284620285
1948,437.0,4.99230480194092
1949,437.2,43.689868927002
1950,437.4,215.058990478516
1951,437.5,226.984024047852
1952,437.7,1.52605807781219
1953,438.0,2.10504841804504
1954,438.2,18.2911281585693
1955,438.3,8.70584106445313
1956,438.5,711.082885742188
1957,438.6,12.0942058563232
1958,438.7,1.05608022212982
1959,438.9,0.404453784227371
1960,439.1,5.14690446853638
1961,439.2,6.64649629592896
1962,439.4,181.075546264648
1963,439.5,221.413192749023
1964,439.7,1.98192846775055
1965,440.0,1.24087679386139
1966,440.2,2.92293334007263
1967,440.3,6.80564308166504
1968,440.5,695.67724609375
1969,440.6,13.4830360412598
1970,440.7,1.48012125492096
1971,440.9,1.31164741516113
1972,441.2,3.26722621917725
1973,441.3,9.36667823791504
1974,441.5,369.160675048828
1975,441.6,18.4935283660889
1976,441.7,2.48256969451904
1977,441.9,0.328902870416641
1978,442.1,0.889471828937531
1979,442.3,5.94636821746826
1980,442.5,636.489929199219
1981,442.6,22.2217559814453
1982,442.9,1.1183397769928
1983,443.1,1.22338807582855
1984,443.3,10.5932140350342
1985,443.5,341.235504150391
1986,443.6,21.9172210693359
1987,443.8,0.887023448944092
1988,444.0,0.41506353020668
1989,444.2,2.04978442192078
1990,444.3,6.84341859817505
1991,444.5,506.461242675781
1992,444.6,21.4620494842529
1993,444.9,1.95989274978638
1994,445.1,2.88305926322937
1995,445.3,17.1525001525879
1996,445.5,277.847503662109
1997,445.6,18.7353382110596
1998,445.8,0.98927366733551
1999,446.0,0.589250326156616
2000,446.2,2.14655470848083
2001,446.3,6.43756580352783
2002,446.5,517.793029785156
2003,446.6,23.3593330383301
2004,446.9,1.48665034770966
2005,447.1,2.62714242935181
2006,447.3,17.4915466308594
2007,447.4,120.184448242188
2008,447.5,155.769500732422
2009,447.7,2.12533521652222
2010,448.0,0.651160061359406
2011,448.1,0.420076936483383
2012,448.3,10.5075197219849
2013,448.5,490.623870849609
2014,448.6,17.9022960662842
2015,448.7,2.2632622718811
2016,449.0,1.00687885284424
2017,449.2,2.93062853813171
2018,449.4,110.456687927246
2019,449.5,178.941818237305
2020,449.7,2.2597644329071
2021,450.0,0.715634822845459
2022,450.1,0.568730354309082
2023,450.3,6.35187149047852
2024,450.5,473.859497070313
2025,450.6,15.58225440979
2026,450.8,0.695231437683105
2027,451.1,1.6065057516098
2028,451.3,10.7053747177124
2029,451.5,247.408645629883
2030,451.6,19.4563369750977
2031,451.7,2.21009683609009
2032,452.0,0.470094442367554
2033,452.2,1.60860443115234
2034,452.4,135.542144775391
2035,452.5,334.311401367188
2036,452.7,1.6592048406601
2037,453.0,0.377288103103638
2038,453.2,1.97015273571014
2039,453.3,6.82499694824219
2040,453.5,222.126266479492
2041,453.6,24.9519653320313
2042,453.7,1.44444441795349
2043,453.9,0.253235399723053
2044,454.1,0.531771004199982
2045,454.3,5.15343379974365
2046,454.5,421.943115234375
2047,454.6,28.4141311645508
2048,454.9,0.528156697750092
2049,455.1,0.741168260574341
2050,455.2,1.10982859134674
2051,455.4,71.3514022827148
2052,455.5,174.775451660156
2053,455.7,2.34720754623413
2054,455.8,0.879095256328583
2055,456.0,0.117523610591888
2056,456.2,1.1071469783783
2057,456.4,81.381721496582
2058,456.5,348.328430175781
2059,456.7,3.00104928016663
2060,457.0,1.41646265983582
2061,457.1,0.910691380500793
2062,457.3,6.78745460510254
2063,457.5,198.483032226563
2064,457.6,29.0950222015381
2065,457.8,0.913256406784058
2066,458.0,0.74828028678894
2067,458.2,1.40083944797516
2068,458.4,87.3550186157227
2069,458.5,260.458099365234
2070,458.7,5.16346025466919
2071,458.9,2.9857759475708
2072,459.1,10.7241458892822
2073,459.3,16.0186538696289
2074,459.5,160.13151550293
2075,459.6,23.7634372711182
2076,459.8,0.782208204269409
2077,460.0,3.00944375991821
2078,460.2,3.54109835624695
2079,460.4,71.8045959472656
2080,460.5,265.083251953125
2081,460.8,14.0919904708862
2082,461.0,31.6238784790039
2083,461.1,20.3919792175293
2084,461.3,37.1547164916992
2085,461.5,157.174530029297
2086,461.6,16.5470447540283
2087,461.8,4.89028787612915
2088,462.0,8.97085189819336
2089,462.2,11.1755857467651
2090,462.3,8.94275379180908
2091,462.5,289.975524902344
2092,462.6,23.2500877380371
2093,462.9,6.035560131073
2094,463.1,12.2838983535767
2095,463.3,20.0759010314941
2096,463.5,145.815200805664
2097,463.6,21.6773929595947
2098,463.9,1.97726476192474
2099,464.1,2.42928767204285
2100,464.3,8.00279808044434
2101,464.4,68.1323318481445
2102,464.5,220.699310302734
2103,464.7,3.63133955001831
2104,464.9,2.3846333026886
2105,465.1,7.81263828277588
2106,465.3,13.6678323745728
2107,465.5,130.407257080078
2108,465.6,22.6615371704102
2109,465.7,3.21441054344177
2110,466.0,1.78885388374329
2111,466.2,3.05153322219849
2112,466.3,4.13827657699585
2113,466.5,253.268280029297
2114,466.6,33.0273971557617
2115,466.8,1.00186550617218
2116,467.0,1.35233759880066
2117,467.2,3.77824425697327
2118,467.4,41.3601493835449
2119,467.5,84.4197235107422
2120,467.6,28.3322849273682
2121,467.8,1.01725542545319
2122,468.1,0.922933399677277
2123,468.3,4.82896137237549
2124,468.5,227.926193237305
2125,468.6,42.2636108398438
2126,468.9,1.24239242076874
2127,469.1,1.34522557258606
2128,469.3,7.13652801513672
2129,469.4,30.2722396850586
2130,469.5,104.508918762207
2131,469.7,3.74466586112976
2132,470.0,0.727410495281219
2133,470.2,1.08627724647522
2134,470.4,34.1327972412109
2135,470.5,221.581436157227
2136,470.7,1.86417162418365
2137,470.8,0.806109368801117
2138,471.1,0.622945070266724
2139,471.3,5.03754234313965
2140,471.5,96.5287399291992
2141,471.6,36.1709213256836
2142,471.9,0.962341129779816
2143,472.0,0.271190404891968
2144,472.2,1.22711908817291
2145,472.4,33.0656394958496
2146,472.5,130.75993347168
2147,472.6,44.671329498291
2148,472.8,0.773114144802094
2149,473.0,1.72053170204163
2150,473.2,3.36492943763733
2151,473.4,34.1694068908691
2152,473.5,79.0340423583984
2153,473.7,2.40305471420288
2154,473.8,1.38323426246643
2155,474.1,1.39827442169189
2156,474.3,3.31561160087585
2157,474.4,30.9976673126221
2158,474.5,159.385452270508
2159,474.7,13.5350351333618
2160,475.0,27.5813217163086
2161,475.2,57.5231437683105
2162,475.4,81.6412506103516
2163,475.5,41.8971672058105
2164,475.6,12.7685670852661
2165,475.9,5.6899847984314
2166,476.1,15.4695110321045
2167,476.3,23.3167781829834
2168,476.4,55.3048858642578
2169,476.5,127.121955871582
2170,476.7,3.3171272277832
2171,476.9,5.5976448059082
2172,477.1,11.7899036407471
2173,477.3,23.8061084747314
2174,477.4,34.7395362854004
2175,477.5,59.2379608154297
2176,477.7,3.03824186325073
2177,477.9,2.17080569267273
2178,478.1,3.31386256217957
2179,478.3,8.34394264221191
2180,478.5,133.092926025391
2181,478.6,31.4219417572021
2182,478.7,6.19575595855713
2183,478.9,3.29287624359131
2184,479.1,22.6323890686035
2185,479.2,41.0676231384277
2186,479.5,72.0573654174805
2187,479.6,17.447826385498
2188,479.9,2.46566390991211
2189,480.0,2.05013418197632
2190,480.2,14.2194242477417
2191,480.3,8.6362361907959
2192,480.5,123.18701171875
2193,480.6,36.650577545166
2194,480.7,7.00431394577026
2195,480.9,3.57176160812378
2196,481.1,25.1653251647949
2197,481.3,35.0645904541016
2198,481.4,23.0661067962646
2199,481.5,60.663516998291
2200,481.7,3.50064134597778
2201,481.9,3.341961145401
2202,482.1,7.81252193450928
2203,482.2,5.47732305526733
2204,482.4,34.8191680908203
2205,482.5,82.5370178222656
2206,482.6,44.3586349487305
2207,482.9,2.96700477600098
2208,483.1,7.13116455078125
2209,483.2,5.02658271789551
2210,483.4,24.9594268798828
2211,483.5,35.3383483886719
2212,483.6,23.3997898101807
2213,483.9,1.87664687633514
2214,484.1,1.94485247135162
2215,484.2,1.72822666168213
2216,484.4,23.9847259521484
2217,484.5,115.696510314941
2218,484.7,3.94730091094971
2219,484.8,0.992188394069672
2220,485.0,0.376588553190231
2221,485.2,1.45248925685883
2222,485.3,2.87501454353333
2223,485.5,46.7117881774902
2224,485.6,24.7101554870605
2225,485.8,1.70689046382904
2226,486.1,0.724145948886871
2227,486.2,0.880960702896118
2228,486.4,21.4285888671875
2229,486.5,94.3797378540039
2230,486.7,5.01970386505127
2231,486.9,0.469977855682373
2232,487.1,2.0650577545166
2233,487.3,3.82079982757568
2234,487.5,40.4398956298828
2235,487.6,16.4178619384766
2236,487.7,4.86895179748535
2237,487.9,0.342427432537079
2238,488.1,0.891104102134705
2239,488.3,4.21079635620117
2240,488.4,14.9779644012451
2241,488.5,83.8799133300781
2242,488.7,15.1387434005737
2243,489.0,21.6773929595947
2244,489.2,50.5740928649902
2245,489.4,64.1448059082031
2246,489.5,19.2152271270752
2247,489.6,8.57805728912354
2248,489.9,4.40900087356567
2249,490.1,13.1715049743652
2250,490.3,21.565465927124
2251,490.5,80.7459487915039
2252,490.6,24.5372505187988
2253,490.9,4.49457836151123
2254,491.1,11.138277053833
2255,491.3,19.3890628814697
2256,491.4,18.2182579040527
2257,491.5,31.2589492797852
2258,491.7,5.3171272277832
2259,492.0,2.09583759307861
2260,492.2,3.93319344520569
2261,492.3,4.7946834564209
2262,492.5,57.889820098877
2263,492.6,26.5360851287842
2264,492.7,5.62154579162598
2265,493.0,8.54296398162842
2266,493.2,26.2863464355469
2267,493.3,16.703275680542
2268,493.5,39.0153884887695
2269,493.6,12.5352687835693
2270,493.9,2.58202171325684
2271,494.1,6.66818237304688
2272,494.2,6.16229438781738
2273,494.4,27.9642066955566
2274,494.5,65.9610595703125
2275,494.7,5.96840381622314
2276,495.0,6.88877248764038
2277,495.2,18.4229907989502
2278,495.4,25.8634719848633
2279,495.5,30.4485244750977
2280,495.7,4.72717714309692
2281,496.0,2.24519062042236
2282,496.2,5.81170558929443
2283,496.4,20.5007572174072
2284,496.5,61.1509857177734
2285,496.7,7.18059921264648
2286,497.0,6.46496438980103
2287,497.1,7.41961050033569
2288,497.2,39.9129066467285
2289,497.5,27.3702926635742
2290,497.6,16.2370300292969
2291,497.8,1.0278651714325
2292,498.0,2.68054103851318
2293,498.2,12.4578523635864
2294,498.4,20.8175354003906
2295,498.5,54.527458190918
2296,498.7,4.21744203567505
2297,498.9,1.3313512802124
2298,499.1,1.90439546108246
2299,499.2,5.13337993621826
2300,499.4,13.3946599960327
2301,499.5,24.4575023651123
2302,499.7,4.54646158218384
2303,499.9,0.83094322681427
2304,500.2,2.09548783302307
2305,500.4,14.429404258728
2306,500.5,24.0195865631104
2307,500.6,25.2425098419189
2308,500.8,0.952547490596771
2309,501.1,1.26769268512726
2310,501.2,1.25615012645721
2311,501.4,8.98554229736328
2312,501.5,12.1427068710327
2313,501.6,11.8385219573975
2314,501.8,0.800862789154053
2315,501.9,0.549726009368896
2316,502.1,0.24938790500164
2317,502.3,3.01923751831055
2318,502.5,28.0377750396729
2319,502.6,28.301155090332
2320,502.8,2.77871060371399
2321,503.0,9.84341812133789
2322,503.2,39.657341003418
2323,503.3,27.6845054626465
2324,503.5,15.8541450500488
2325,503.7,2.39442706108093
2326,503.9,3.13862657546997
2327,504.0,3.08056426048279
2328,504.2,18.4016551971436
2329,504.3,7.71085453033447
2330,504.5,31.6118698120117
2331,504.6,14.6384515762329
2332,504.7,6.50670385360718
2333,505.0,3.84668302536011
2334,505.2,14.3310012817383
2335,505.4,14.7690334320068
2336,505.5,15.8982162475586
2337,505.7,2.85694289207458
2338,505.8,1.73545527458191
2339,506.1,2.78605580329895
2340,506.2,2.47312569618225
2341,506.4,13.595196723938
2342,506.5,15.6162996292114
2343,506.6,18.9420547485352
2344,506.9,4.28972816467285
2345,507.1,7.29031133651733
2346,507.3,14.2456569671631
2347,507.4,9.50775337219238
2348,507.6,13.4530725479126
2349,507.7,3.30080437660217
2350,507.9,0.694065511226654
2351,508.1,2.85997438430786
2352,508.3,8.21744155883789
2353,508.5,26.1965713500977
2354,508.6,15.8979825973511
2355,508.8,1.32738721370697
2356,509.0,1.43220245838165
2357,509.2,3.39244484901428
2358,509.4,9.14737129211426
2359,509.5,7.04803562164307
2360,509.6,8.65710639953613
2361,509.8,0.646146655082703
2362,509.9,0.682523012161255
2363,510.2,1.34650814533234
2364,510.4,8.42753887176514
2365,510.6,27.9872913360596
2366,510.7,4.15168476104736
2367,510.9,1.96245777606964
2368,511.0,1.41506350040436
2369,511.2,12.7162179946899
2370,511.4,10.6447477340698
2371,511.5,11.8647546768188
2372,511.7,3.78605580329895
2373,512.0,1.67646026611328
2374,512.2,6.49877595901489
2375,512.4,8.27340602874756
2376,512.5,11.5351524353027
2377,512.6,17.2648944854736
2378,512.8,1.52092802524567
2379,513.1,1.6592048406601
2380,513.3,5.69196701049805
2381,513.4,4.39349412918091
2382,513.6,9.19493961334229
2383,513.7,3.63029026985168
2384,514.0,0.911041140556335
2385,514.2,1.34149467945099
2386,514.3,1.54028213024139
2387,514.5,13.595196723938
2388,514.6,9.43535041809082
2389,514.7,5.26850891113281
2390,514.9,0.461000353097916
2391,515.0,0.745482087135315
2392,515.3,3.03054690361023
2393,515.4,2.96572232246399
2394,515.6,7.67086410522461
2395,515.7,1.68392217159271
2396,515.8,1.13979244232178
2397,516.1,0.587734639644623
2398,516.3,1.58960008621216
2399,516.5,11.5532236099243
2400,516.6,9.54366302490234
2401,516.7,5.47021102905273
2402,516.9,0.409350574016571
2403,517.1,1.07123708724976
2404,517.3,1.98659205436707
2405,517.5,6.04500389099121
2406,517.6,5.58132219314575
2407,517.8,0.60965371131897
2408,518.0,0.927247285842896
2409,518.1,0.338813096284866
2410,518.3,2.08709335327148
2411,518.4,3.32587146759033
2412,518.6,14.9691038131714
2413,518.7,5.59624576568604
2414,519.0,3.04255557060242
2415,519.2,3.29485845565796
2416,519.4,5.68473815917969
2417,519.5,6.45260572433472
2418,519.7,2.57362723350525
2419,519.9,0.754809379577637
2420,520.1,1.4425790309906
2421,520.3,3.13676118850708
2422,520.4,4.50810289382935
2423,520.6,11.9783143997192
2424,520.7,4.9462513923645
2425,520.9,2.92083477973938
2426,521.2,4.73055839538574
2427,521.4,6.30336952209473
2428,521.5,5.79864740371704
2429,521.7,2.19493985176086
2430,521.9,0.87314909696579
2431,522.1,1.60044300556183
2432,522.3,3.9532470703125
2433,522.4,4.58003950119019
2434,522.6,10.6623525619507
2435,522.7,3.37285757064819
2436,522.8,2.20496678352356
2437,523.1,1.8189343214035
2438,523.3,2.43453431129456
2439,523.4,2.94566869735718
2440,523.6,4.85111331939697
2441,523.7,1.904745221138
2442,524.0,0.979596614837646
2443,524.2,1.02040338516235
2444,524.4,5.19598913192749
2445,524.6,10.549259185791
2446,524.7,4.07555103302002
2447,525.0,1.01154243946075
2448,525.1,0.865687310695648
2449,525.3,1.85018074512482
2450,525.4,1.46508097648621
2451,525.6,4.39979028701782
2452,525.7,1.58563601970673
2453,525.8,1.22175586223602
2454,526.1,0.613967597484589
2455,526.3,1.84598338603973
2456,526.5,7.67214632034302
2457,526.6,4.09198999404907
2458,526.7,3.06482458114624
2459,526.9,0.505771219730377
2460,527.2,0.70141077041626
2461,527.4,2.13058185577393
2462,527.6,3.32109117507935
2463,527.7,1.67401194572449
2464,527.9,0.240876764059067
2465,528.1,0.42182582616806
2466,528.2,0.339396059513092
2467,528.4,3.02436757087708
2468,528.6,6.87489795684814
2469,528.7,2.87408185005188
2470,529.0,0.681007325649261
2471,529.2,0.779176890850067
2472,529.3,0.94065523147583
2473,529.5,2.4283549785614
2474,529.6,2.01702237129211
2475,529.9,0.844584345817566
2476,530.0,0.184679955244064
2477,530.2,0.893086135387421
2478,530.4,3.2545177936554
2479,530.6,5.60522317886353
2480,530.7,1.93459248542786
2481,530.8,0.945318877696991
2482,531.0,0.267576068639755
2483,531.2,0.863705277442932
2484,531.3,0.674594819545746
2485,531.5,2.6911506652832
2486,531.6,1.99032294750214
2487,531.8,0.565698981285095
2488,532.1,0.550658762454987
2489,532.2,0.358633548021317
2490,532.4,2.49317932128906
2491,532.5,2.08825922012329
2492,532.6,4.33718061447144
2493,532.8,1.38311767578125
2494,533.0,2.10563135147095
2495,533.2,3.18386387825012
2496,533.3,2.94858336448669
2497,533.5,1.19074273109436
2498,533.7,2.03439426422119
2499,533.9,1.51404917240143
2500,534.1,1.47091054916382
2501,534.2,0.893319368362427
2502,534.4,2.88061094284058
2503,534.5,2.23609662055969
2504,534.7,4.99976682662964
2505,534.9,10.0720529556274
2506,535.1,21.2919445037842
2507,535.2,19.0110759735107
2508,535.4,5.25346851348877
2509,535.7,2.03602647781372
2510,535.9,4.14783716201782
2511,536.1,7.54529571533203
2512,536.3,8.68205642700195
2513,536.4,6.60615587234497
2514,536.6,1.87081730365753
2515,536.8,3.54144811630249
2516,537.0,5.37845420837402
2517,537.1,3.39547634124756
2518,537.3,6.20368432998657
2519,537.4,2.50752019882202
2520,537.5,2.19855427742004
2521,537.8,1.27981817722321
2522,538.0,1.48968172073364
2523,538.1,0.953596830368042
2524,538.3,2.8017954826355
2525,538.5,3.67004776000977
2526,538.6,2.08242964744568
2527,538.8,2.9130232334137
2528,538.9,1.62119626998901
2529,539.1,5.14480590820313
2530,539.3,5.07566738128662
2531,539.4,1.25988101959229
2532,539.5,2.13384628295898
2533,539.8,0.989856600761414
2534,539.9,0.57922351360321
2535,540.0,1.64428126811981
2536,540.3,2.33286690711975
2537,540.5,3.05981111526489
2538,540.7,2.89180374145508
2539,540.8,1.5041389465332
2540,541.1,1.57945668697357
2541,541.2,0.675527572631836
2542,541.4,1.76740121841431
2543,541.5,0.502390086650848
2544,541.7,0.82639616727829
2545,541.9,0.610236704349518
2546,542.0,0.525475084781647
2547,542.3,1.35863351821899
2548,542.5,2.2728226184845
2549,542.7,1.83758890628815
2550,542.9,0.885041415691376
2551,543.1,0.694182097911835
2552,543.3,0.932960271835327
2553,543.4,0.545995116233826
2554,543.5,1.04057359695435
2555,543.7,0.544945776462555
2556,544.0,0.33811354637146
2557,544.2,0.499125570058823
2558,544.4,1.25428473949432
2559,544.5,1.65174305438995
2560,544.7,0.914189100265503
2561,544.8,0.467529445886612
2562,545.1,0.419260799884796
2563,545.3,0.520228505134583
2564,545.5,0.636936008930206
2565,545.6,0.552873969078064
2566,545.9,0.245190620422363
2567,546.1,0.287979483604431
2568,546.3,0.567564427852631
2569,546.5,1.55275738239288
2570,546.6,1.30779993534088
2571,546.8,0.731141448020935
2572,547.0,0.347091048955917
2573,547.2,0.531071484088898
2574,547.4,0.890054821968079
2575,547.5,0.798297762870789
2576,547.8,0.554389655590057
2577,548.0,0.225836545228958
2578,548.1,0.123119972646236
2579,548.3,0.947883903980255
2580,548.4,0.482919424772263
2581,548.6,1.37052583694458
2582,548.8,2.16497611999512
2583,549.0,9.80995655059814
2584,549.2,24.1955223083496
2585,549.3,18.7049083709717
2586,549.5,2.95173144340515
2587,549.7,0.47219306230545
2588,549.9,2.1012008190155
