#"+ Scan (rt: 0.088-39.997 min, 6919 scans) MEMBRANE_LIPID.D "
#Point,X(Thompsons),Y(Counts)
0,45.2,3502.99243164063
1,45.3,8.11359977722168
2,45.6,0.114900998771191
3,45.8,3.30307841300964
4,45.9,16.9031658172607
5,46.1,182.322448730469
6,46.2,634.19482421875
7,46.4,2.34065628051758
8,46.6,1.63014888763428
9,46.8,6.14814281463623
10,47.0,93.0439376831055
11,47.1,150.018936157227
12,47.3,8.8982515335083
13,47.6,1.7473623752594
14,47.8,5.96545743942261
15,48.0,88.1659164428711
16,48.1,271.033233642578
17,48.3,5.04148006439209
18,48.6,1.63419568538666
19,48.8,6.10781908035278
20,49.0,50.0119972229004
21,49.1,120.034690856934
22,49.3,8.62754726409912
23,49.5,0.929180502891541
24,49.8,3.49645900726318
25,50.0,129.125747680664
26,50.1,879.679565429688
27,50.3,14.0044803619385
28,50.5,0.823384881019592
29,50.8,2.22850131988525
30,51.0,114.328659057617
31,51.1,583.638122558594
32,51.3,16.5888137817383
33,51.5,0.300043344497681
34,51.7,0.95071542263031
35,51.9,18.9418983459473
36,52.1,497.167938232422
37,52.2,120.394569396973
38,52.4,2.72958517074585
39,52.5,0.968926131725311
40,52.7,0.178204938769341
41,52.9,10.3176755905151
42,53.1,975.413635253906
43,53.2,361.179656982422
44,53.4,1.4223153591156
45,53.6,0.0339644439518452
46,53.8,0.808498322963715
47,54.0,83.1912155151367
48,54.1,1379.77661132813
49,54.3,26.5445880889893
50,54.5,0.0449486933648586
51,54.6,0.080792024731636
52,54.8,0.0530423484742641
53,55.0,37.8846664428711
54,55.2,9026.5576171875
55,55.3,5.68955039978027
56,55.6,0.0166208986192942
57,55.8,0.128197714686394
58,56.0,62.8246841430664
59,56.2,5712.24951171875
60,56.3,17.0540542602539
61,56.8,0.182107239961624
62,57.0,37.7652854919434
63,57.2,5549.6630859375
64,57.3,24.3600234985352
65,57.5,0.156091913580894
66,57.8,1.45786964893341
67,57.9,11.7511205673218
68,58.1,1500.94641113281
69,58.2,2039.02661132813
70,58.3,29.7028465270996
71,58.5,0.527099311351776
72,58.7,0.657320439815521
73,58.9,15.1384592056274
74,59.1,692.704284667969
75,59.2,1071.56884765625
76,59.4,1.88553261756897
77,59.7,0.484174013137817
78,59.9,14.8911695480347
79,60.1,2359.283203125
80,60.2,175.047119140625
81,60.4,1.43893623352051
82,60.7,0.855036854743958
83,60.9,23.1160564422607
84,61.0,85.2980194091797
85,61.1,626.465515136719
86,61.3,12.3113164901733
87,61.5,0.547622501850128
88,61.7,2.22069668769836
89,61.8,6.12689685821533
90,62.0,58.0355529785156
91,62.1,142.178787231445
92,62.3,12.5638093948364
93,62.6,1.62032079696655
94,62.7,1.19699382781982
95,62.9,29.2011852264404
96,63.1,237.220550537109
97,63.2,75.707763671875
98,63.4,2.93394994735718
99,63.7,3.11995959281921
100,63.9,38.4317092895508
101,64.0,579.071105957031
102,64.1,226.187164306641
103,64.3,11.8796072006226
104,64.5,1.08267092704773
105,64.7,0.876716315746307
106,64.9,20.3601684570313
107,65.1,453.427215576172
108,65.2,161.064605712891
109,65.4,3.60326647758484
110,65.6,0.686515390872955
111,65.8,5.83017778396606
112,66.0,111.861251831055
113,66.1,359.852874755859
114,66.3,26.2613086700439
115,66.5,0.404538214206696
116,66.7,0.0173435471951962
117,66.9,2.58606743812561
118,67.1,1702.17858886719
119,67.2,890.889587402344
120,67.4,0.412342816591263
121,67.6,0.0248590838164091
122,67.8,0.70414799451828
123,68.0,83.0754470825195
124,68.2,1480.27355957031
125,68.3,24.4679870605469
126,68.4,1.57797372341156
127,68.8,0.689405977725983
128,69.0,73.9726867675781
129,69.2,4345.09130859375
130,69.3,22.4870643615723
131,69.4,0.510478377342224
132,69.7,0.120537653565407
133,69.9,5.26203203201294
134,70.1,801.994934082031
135,70.2,2161.84423828125
136,70.4,1.75646770000458
137,70.6,0.039167508482933
138,70.8,0.944645166397095
139,71.0,63.2996101379395
140,71.1,601.274047851563
141,71.2,2313.13232421875
142,71.4,1.32360172271729
143,71.5,0.320132970809937
144,71.8,2.08252644538879
145,72.0,80.4733352661133
146,72.1,2509.2197265625
147,72.3,22.3298168182373
148,72.5,0.452232986688614
149,72.8,0.715565860271454
150,73.0,85.3227310180664
151,73.1,5199.96728515625
152,73.2,534.105346679688
153,73.4,0.532302379608154
154,73.5,0.161150455474854
155,73.8,3.00592565536499
156,74.0,136.725250244141
157,74.1,2340.95288085938
158,74.3,14.3701400756836
159,74.5,0.616129517555237
160,74.8,4.04581594467163
161,75.0,146.999862670898
162,75.1,729.073425292969
163,75.3,11.6099147796631
164,75.6,0.993496179580688
165,75.8,7.60500049591064
166,76.0,77.859375
167,76.1,138.333862304688
168,76.3,18.7924556732178
169,76.5,0.720768868923187
170,76.8,0.738256990909576
171,77.0,196.023986816406
172,77.1,989.502258300781
173,77.3,8.51322460174561
174,77.5,0.0409018658101559
175,77.7,0.065471887588501
176,77.9,14.6431560516357
177,78.1,811.634765625
178,78.2,215.56510925293
179,78.4,0.786529839038849
180,78.8,0.212458446621895
181,79.0,263.591552734375
182,79.1,1748.65905761719
183,79.3,4.36551523208618
184,79.6,0.0891747325658798
185,79.7,0.0744327232241631
186,79.9,22.990894317627
187,80.1,417.99609375
188,80.2,187.666427612305
189,80.4,2.60326647758484
190,80.8,0.331550806760788
191,81.0,178.238189697266
192,81.1,1102.6455078125
193,81.2,772.669616699219
194,81.4,0.282699823379517
195,81.6,0.0792021974921227
196,81.8,2.05867910385132
197,82.0,132.604568481445
198,82.2,1763.88610839844
199,82.3,29.1978607177734
200,82.5,0.598352372646332
201,82.8,1.40410459041595
202,83.0,79.3554000854492
203,83.1,964.368286132813
204,83.2,2497.30517578125
205,83.4,0.992050886154175
206,83.6,0.244399473071098
207,83.8,1.58924698829651
208,84.0,98.9498519897461
209,84.1,917.654602050781
210,84.2,1330.62622070313
211,84.4,2.55976295471191
212,84.6,0.252782195806503
213,84.8,1.35554265975952
214,84.9,9.00896072387695
215,85.1,415.567718505859
216,85.2,1373.45092773438
217,85.4,2.42115902900696
218,85.7,1.02818322181702
219,85.8,4.3149299621582
220,86.0,63.3045234680176
221,86.1,293.731475830078
222,86.2,133.869049072266
223,86.4,3.17502522468567
224,86.5,0.892903625965118
225,86.8,3.31651973724365
226,86.9,24.9041767120361
227,87.1,3710.48706054688
228,87.2,8889.755859375
229,87.4,1.82410752773285
230,87.6,1.79086577892303
231,87.8,16.9627113342285
232,88.0,86.4010696411133
233,88.2,863.073303222656
234,88.3,19.3649368286133
235,88.5,2.24555563926697
236,88.8,12.470009803772
237,89.0,170.444854736328
238,89.1,228.106811523438
239,89.3,16.1659202575684
240,89.6,3.28732466697693
241,89.8,15.6347742080688
242,90.0,41.7696189880371
243,90.2,45.5921363830566
244,90.3,10.7168664932251
245,90.6,0.419424772262573
246,90.8,1.1595606803894
247,91.0,172.123001098633
248,91.1,1231.92919921875
249,91.3,12.913426399231
250,91.6,0.176470592617989
251,91.8,4.29353952407837
252,92.0,102.231246948242
253,92.1,633.93017578125
254,92.3,24.354097366333
255,92.5,1.25061428546906
256,92.7,0.483740419149399
257,92.9,20.6115036010742
258,93.1,407.411041259766
259,93.2,235.361465454102
260,93.4,1.69576525688171
261,93.6,0.822951316833496
262,93.8,3.55528259277344
263,94.0,140.105941772461
264,94.1,324.286315917969
265,94.2,200.540390014648
266,94.4,2.90793466567993
267,94.5,0.87975138425827
268,94.7,0.236450359225273
269,94.9,11.4325771331787
270,95.1,635.346740722656
271,95.2,675.010681152344
272,95.4,1.74172568321228
273,95.6,0.618297457695007
274,95.8,1.38791728019714
275,96.0,348.524505615234
276,96.1,1905.41003417969
277,96.2,896.204528808594
278,96.4,1.31478536128998
279,96.7,1.25740718841553
280,96.9,116.237754821777
281,97.1,1001.49066162109
282,97.2,2165.81713867188
283,97.4,1.57508313655853
284,97.7,0.983812689781189
285,97.9,12.5814428329468
286,98.1,1535.63342285156
287,98.2,1143.96484375
288,98.4,1.94074285030365
289,98.7,1.07024133205414
290,98.8,3.07631158828735
291,99.0,95.802864074707
292,99.1,279.085266113281
293,99.2,373.32763671875
294,99.4,5.11923694610596
295,99.7,1.94450068473816
296,99.9,17.3387775421143
297,100.1,882.187622070313
298,100.2,1904.3203125
299,100.4,3.16866588592529
300,100.6,1.88466536998749
301,100.8,6.95273876190186
302,101.0,67.3254776000977
303,101.2,1235.80432128906
304,101.3,12.8973836898804
305,101.4,4.61685228347778
306,101.6,1.01647639274597
307,101.8,10.6310157775879
308,101.9,26.2354393005371
309,102.1,187.195114135742
310,102.2,89.5713272094727
311,102.4,2.70949554443359
312,102.5,1.82584190368652
313,102.7,1.36768317222595
314,102.9,56.3214340209961
315,103.0,210.695037841797
316,103.1,274.656158447266
317,103.3,13.9223880767822
318,103.6,1.35250759124756
319,103.8,14.1413497924805
320,103.9,39.9971084594727
321,104.1,253.235290527344
322,104.2,82.9556274414063
323,104.4,3.16938853263855
324,104.7,0.942043662071228
325,104.9,28.4610500335693
326,105.1,660.8154296875
327,105.2,191.390808105469
328,105.4,1.04971814155579
329,105.6,0.471021831035614
330,105.8,6.53186893463135
331,106.0,90.6021118164063
332,106.1,268.433746337891
333,106.3,19.6508159637451
334,106.4,4.76239347457886
335,106.6,0.769186317920685
336,106.8,4.72178077697754
337,107.0,115.845642089844
338,107.1,355.751983642578
339,107.3,26.2675247192383
340,107.5,0.975719034671783
341,107.7,1.86500942707062
342,107.9,23.9430561065674
343,108.1,367.987152099609
344,108.2,117.699668884277
345,108.4,5.93770790100098
346,108.7,2.05289793014526
347,108.9,17.4455852508545
348,109.1,353.664123535156
349,109.2,310.332702636719
350,109.4,4.69995641708374
351,109.7,1.67336320877075
352,109.9,20.4123420715332
353,110.1,375.839996337891
354,110.2,377.751831054688
355,110.4,7.19959545135498
356,110.6,0.771498799324036
357,110.8,4.03671073913574
358,111.0,81.3773651123047
359,111.1,395.442535400391
360,111.2,916.166076660156
361,111.4,3.67712092399597
362,111.5,1.79216647148132
363,111.8,4.7353663444519
364,112.0,74.436767578125
365,112.2,754.392822265625
366,112.3,40.260440826416
367,112.6,1.86414217948914
368,112.8,5.63448476791382
369,113.0,56.7159996032715
370,113.1,136.503692626953
371,113.2,225.126892089844
372,113.4,4.04205799102783
373,113.5,2.0622923374176
374,113.8,5.50296306610107
375,114.0,36.6840591430664
376,114.2,680.992065429688
377,114.3,19.128776550293
378,114.5,0.882063865661621
379,114.7,1.33111727237701
380,114.9,30.9186305999756
381,115.1,895.859375
382,115.2,255.733917236328
383,115.4,1.19034540653229
384,115.7,1.58144235610962
385,115.9,30.4737682342529
386,116.1,386.057800292969
387,116.2,86.4360427856445
388,116.4,3.8160138130188
389,116.7,1.14944350719452
390,116.9,33.364070892334
391,117.1,382.162750244141
392,117.2,130.532012939453
393,117.4,2.09004187583923
394,117.7,2.15609192848206
395,117.9,36.8450660705566
396,118.1,174.465957641602
397,118.2,86.6938858032227
398,118.4,3.28515672683716
399,118.5,1.33212888240814
400,118.7,0.86573201417923
401,118.9,35.1281967163086
402,119.1,603.740295410156
403,119.2,120.423179626465
404,119.4,1.69489812850952
405,119.7,1.41797947883606
406,119.9,32.0182113647461
407,120.1,175.353088378906
408,120.2,92.4672622680664
409,120.4,4.28819179534912
410,120.6,0.49313485622406
411,120.8,5.58707904815674
412,120.9,22.8625526428223
413,121.1,269.562072753906
414,121.2,155.158843994141
415,121.4,2.74389362335205
416,121.6,1.24598932266235
417,121.7,1.04596042633057
418,121.9,26.4217376708984
419,122.1,288.18701171875
420,122.2,105.751983642578
421,122.4,3.33689832687378
422,122.5,1.37780022621155
423,122.7,1.06532740592957
424,122.9,19.3033676147461
425,123.0,49.4733352661133
426,123.2,309.145690917969
427,123.3,31.8749828338623
428,123.6,1.73955774307251
429,123.7,1.16201758384705
430,123.9,15.7196130752563
431,124.1,153.996383666992
432,124.2,225.70573425293
433,124.4,6.7349328994751
434,124.7,2.36811685562134
435,124.9,31.6362190246582
436,125.0,74.0913391113281
437,125.2,524.870483398438
438,125.3,40.7438926696777
439,125.5,2.69417548179626
440,125.7,8.91747379302979
441,125.9,35.0179214477539
442,126.1,150.273010253906
443,126.2,204.541412353516
444,126.3,37.619743347168
445,126.5,2.88480997085571
446,126.7,7.77424478530884
447,126.9,41.8191947937012
448,127.1,140.150741577148
449,127.2,138.655151367188
450,127.3,24.9456577301025
451,127.5,1.49674808979034
452,127.7,3.17112302780151
453,127.9,26.5659770965576
454,128.1,201.394714355469
455,128.2,303.207550048828
456,128.4,3.0530424118042
457,128.5,1.83711516857147
458,128.8,4.30192232131958
459,129.0,102.632461547852
460,129.1,1606.02917480469
461,129.3,24.5354824066162
462,129.6,1.07790148258209
463,129.8,5.42838573455811
464,130.0,61.7193222045898
465,130.2,248.800552368164
466,130.3,21.0539093017578
467,130.5,2.11360025405884
468,130.8,5.87989616394043
469,131.0,113.505706787109
470,131.1,268.289916992188
471,131.3,19.5482006072998
472,131.6,1.82685363292694
473,131.8,9.65168380737305
474,132.0,88.3384857177734
475,132.1,141.312759399414
476,132.3,17.3371868133545
477,132.5,0.998988270759583
478,132.8,4.7534327507019
479,133.0,530.0478515625
480,133.1,1218.830078125
481,133.2,103.459457397461
482,133.4,1.62046539783478
483,133.7,1.66859376430511
484,133.9,77.1141815185547
485,134.0,127.60962677002
486,134.1,217.231964111328
487,134.3,18.8918914794922
488,134.5,1.23804020881653
489,134.7,1.71094083786011
490,134.9,19.9151611328125
491,135.1,638.519897460938
492,135.2,190.734497070313
493,135.4,2.111576795578
494,135.6,1.02847230434418
495,135.7,1.04422605037689
496,135.9,23.838415145874
497,136.1,130.980773925781
498,136.2,83.9404525756836
499,136.4,4.09625673294067
500,136.5,1.90446591377258
501,136.8,7.29556274414063
502,137.0,126.093658447266
503,137.1,325.501373291016
504,137.3,19.955774307251
505,137.5,1.32620322704315
506,137.8,4.75849103927612
507,138.0,50.3095817565918
508,138.2,189.357284545898
509,138.3,33.1423606872559
510,138.5,3.22604417800903
511,138.7,1.66902732849121
512,138.9,29.9127044677734
513,139.1,169.962860107422
514,139.2,151.999572753906
515,139.4,4.20552110671997
516,139.7,2.50325202941895
517,139.9,17.6826133728027
518,140.1,85.6440200805664
519,140.2,145.403533935547
520,140.4,7.40179204940796
521,140.7,3.16577529907227
522,140.9,26.596040725708
523,141.1,139.088302612305
524,141.2,100.256103515625
525,141.3,28.3817024230957
526,141.5,1.12660789489746
527,141.7,4.05101871490479
528,141.8,10.9722499847412
529,142.0,108.671051025391
530,142.2,520.089782714844
531,142.3,21.3905181884766
532,142.5,1.16317391395569
533,142.7,2.24743461608887
534,142.9,21.5315799713135
535,143.1,173.34831237793
536,143.2,602.216674804688
537,143.4,3.66526961326599
538,143.6,1.78045964241028
539,143.7,1.31449627876282
540,143.9,19.1354236602783
541,144.0,30.6704730987549
542,144.2,153.124588012695
543,144.3,15.1887559890747
544,144.4,5.16404104232788
545,144.6,0.795779764652252
546,144.8,5.99595308303833
547,145.0,78.1254501342773
548,145.1,172.237747192383
549,145.3,24.0683631896973
550,145.6,2.25870800018311
551,145.7,1.85402512550354
552,145.9,28.0433597564697
553,146.0,36.8037300109863
554,146.1,73.5396728515625
555,146.3,14.5852003097534
556,146.5,0.665558636188507
557,146.7,2.14120531082153
558,146.9,22.1913566589355
559,147.1,1046.01245117188
560,147.2,98.1732940673828
561,147.4,1.81543576717377
562,147.6,1.03295278549194
563,147.8,4.9898829460144
564,148.0,115.506141662598
565,148.1,180.475646972656
566,148.3,18.9660358428955
567,148.5,2.20494294166565
568,148.8,6.69966745376587
569,149.0,149.019073486328
570,149.1,265.083526611328
571,149.3,17.755744934082
572,149.5,1.64228940010071
573,149.8,8.19684886932373
574,150.0,48.8602409362793
575,150.1,76.7944793701172
576,150.3,21.2630443572998
577,150.5,2.78855323791504
578,150.8,8.86009502410889
579,151.0,66.6145401000977
580,151.2,129.436767578125
581,151.3,22.8836536407471
582,151.5,1.25943052768707
583,151.7,2.10796356201172
584,151.9,21.9890155792236
585,152.1,124.15348815918
586,152.2,105.599945068359
587,152.3,30.2501811981201
588,152.5,2.63116049766541
589,152.8,8.11157703399658
590,153.0,70.9781723022461
591,153.1,80.7693328857422
592,153.2,107.731895446777
593,153.4,3.22315359115601
594,153.6,2.05737829208374
595,153.8,8.73536682128906
596,154.0,57.3166656494141
597,154.1,57.6872367858887
598,154.2,142.272720336914
599,154.4,7.5366382598877
600,154.7,4.93250465393066
601,154.9,32.8027153015137
602,155.1,127.29426574707
603,155.2,76.7470703125
604,155.3,26.2485904693604
605,155.6,3.31984400749207
606,155.7,2.55427074432373
607,155.9,20.1222724914551
608,156.1,61.1144676208496
609,156.2,309.870635986328
610,156.4,6.99595308303833
611,156.7,2.85055637359619
612,156.9,20.3052463531494
613,157.0,36.5493583679199
614,157.2,583.394836425781
615,157.3,23.8738250732422
616,157.5,2.46003746986389
617,157.8,5.27446174621582
618,158.0,34.9118385314941
619,158.2,125.649085998535
620,158.3,18.1861534118652
621,158.6,2.6768319606781
622,158.8,7.88813400268555
623,159.0,50.4528121948242
624,159.2,76.2417984008789
625,159.3,17.211446762085
626,159.6,2.23225903511047
627,159.8,6.57161426544189
628,160.0,29.4331550598145
629,160.1,22.3321285247803
630,160.2,28.9572200775146
631,160.4,3.36074566841125
632,160.5,2.07342100143433
633,160.8,13.2955627441406
634,161.0,169.459609985352
635,161.1,104.886688232422
636,161.3,12.312762260437
637,161.5,1.57175886631012
638,161.8,14.2672348022461
639,161.9,27.4945793151855
640,162.1,80.4948654174805
641,162.2,37.0182113647461
642,162.4,4.37028455734253
643,162.7,2.71657752990723
644,162.9,83.2220001220703
645,163.0,229.194686889648
646,163.1,181.057525634766
647,163.3,12.0378665924072
648,163.5,2.11388921737671
649,163.7,3.1972827911377
650,163.9,35.1870193481445
651,164.1,78.7551651000977
652,164.2,34.0832481384277
653,164.4,4.52550935745239
654,164.6,1.15190052986145
655,164.8,9.12949848175049
656,165.0,178.231826782227
657,165.1,187.220703125
658,165.3,11.9498481750488
659,165.4,2.87917327880859
660,165.7,2.87917327880859
661,165.9,24.7720775604248
662,166.0,35.2244529724121
663,166.2,121.976440429688
664,166.3,21.8764266967773
665,166.4,5.97571897506714
666,166.6,1.25755167007446
667,166.8,7.84723234176636
668,166.9,15.9391527175903
669,167.1,80.8287353515625
670,167.2,49.2615966796875
671,167.3,21.3045234680176
672,167.6,2.14799833297729
673,167.8,5.44471740722656
674,167.9,9.85026741027832
675,168.1,50.6352081298828
676,168.2,75.9907531738281
677,168.3,40.7665863037109
678,168.5,3.4854748249054
679,168.7,2.18861103057861
680,168.9,14.8478107452393
681,169.1,53.5665550231934
682,169.2,41.5075874328613
683,169.3,21.9174728393555
684,169.5,3.2139036655426
685,169.7,2.10463929176331
686,169.9,16.7820491790771
687,170.0,27.390230178833
688,170.2,205.732330322266
689,170.3,15.6230669021606
690,170.4,5.99465227127075
691,170.7,3.5827431678772
692,170.9,15.8190488815308
693,171.1,101.357856750488
694,171.2,512.874694824219
695,171.3,27.5613536834717
696,171.5,1.23442697525024
697,171.7,2.43257689476013
698,171.8,3.96950435638428
699,172.0,30.4101753234863
700,172.2,101.729293823242
701,172.3,15.3458595275879
702,172.5,1.52941179275513
703,172.7,2.54805612564087
704,172.8,4.43243265151978
705,173.0,28.6531295776367
706,173.2,49.3880615234375
707,173.3,14.9904613494873
708,173.5,2.34831619262695
709,173.8,5.06807327270508
710,173.9,8.04697227478027
711,174.1,26.2607307434082
712,174.2,20.5190048217773
713,174.4,4.3850269317627
714,174.6,1.2909380197525
715,174.8,10.3210000991821
716,174.9,19.8025722503662
717,175.1,65.8021392822266
718,175.2,35.0924987792969
719,175.4,4.01315212249756
720,175.5,3.11013150215149
721,175.8,11.8981065750122
722,176.0,114.093803405762
723,176.1,92.9271545410156
724,176.3,10.2854461669922
725,176.6,1.47290074825287
726,176.8,8.52363014221191
727,177.0,517.255798339844
728,177.1,314.849243164063
729,177.3,9.69533157348633
730,177.6,1.43908083438873
731,177.8,9.71325302124023
732,178.0,135.574508666992
733,178.1,125.338340759277
734,178.3,13.6138172149658
735,178.5,0.838705003261566
736,178.7,2.04885101318359
737,178.9,50.9420433044434
738,179.0,145.581146240234
739,179.1,171.475067138672
740,179.3,11.9774532318115
741,179.5,0.717155635356903
742,179.7,2.63246130943298
743,179.9,23.6875267028809
744,180.0,32.8431854248047
745,180.2,107.013877868652
746,180.3,25.5084552764893
747,180.5,2.10536193847656
748,180.7,4.10030364990234
749,180.9,22.5411186218262
750,181.1,66.4052581787109
751,181.2,53.8478088378906
752,181.4,5.9257116317749
753,181.7,3.28530144691467
754,181.9,12.759069442749
755,182.1,40.6159858703613
756,182.2,65.161003112793
757,182.3,33.8045959472656
758,182.5,2.1576817035675
759,182.7,2.87353658676147
760,182.9,13.2959966659546
761,183.1,53.5752258300781
762,183.2,42.4123420715332
763,183.4,5.44688558578491
764,183.5,3.3157970905304
765,183.8,5.18846654891968
766,184.0,19.3866157531738
767,184.2,147.947387695313
768,184.3,10.8465099334717
769,184.4,5.47969341278076
770,184.7,2.81702566146851
771,184.9,11.4786815643311
772,185.1,76.933952331543
773,185.2,546.08251953125
774,185.4,5.5694465637207
775,185.5,2.87209129333496
776,185.8,3.72178053855896
777,186.0,17.3837261199951
778,186.1,17.8843765258789
779,186.2,84.8696365356445
780,186.4,5.25249290466309
781,186.7,3.12805318832397
782,186.9,13.0069370269775
783,187.1,31.3205661773682
784,187.2,24.6396884918213
785,187.4,2.96169972419739
786,187.5,2.20349764823914
787,187.8,4.70588254928589
788,188.0,13.9898824691772
789,188.1,9.77959251403809
790,188.2,15.3922529220581
791,188.4,4.17430257797241
792,188.7,2.92874693870544
793,188.8,6.15132236480713
794,189.0,91.0303497314453
795,189.1,99.0602722167969
796,189.3,11.1409158706665
797,189.6,1.94594597816467
798,189.8,8.6151180267334
799,190.0,43.0352668762207
800,190.1,44.1712684631348
801,190.3,6.37028455734253
802,190.4,2.71426510810852
803,190.7,2.60485625267029
804,190.9,28.859806060791
805,191.0,1066.48168945313
806,191.1,1192.63916015625
807,191.3,9.12458419799805
808,191.5,0.415666997432709
809,191.7,1.71542131900787
810,191.9,37.7040023803711
811,192.0,232.24772644043
812,192.1,301.814422607422
813,192.3,11.1315221786499
814,192.5,1.31666421890259
815,192.7,2.83205676078796
816,192.8,7.05853462219238
817,193.0,555.909790039063
818,193.1,1157.43908691406
819,193.3,8.14669704437256
820,193.5,0.743315517902374
821,193.7,1.88538801670074
822,193.9,31.4859085083008
823,194.1,308.792022705078
824,194.2,198.680740356445
825,194.4,6.25364923477173
826,194.7,2.92397737503052
827,194.9,36.1526222229004
828,195.1,188.654571533203
829,195.2,65.6551513671875
830,195.3,19.7837829589844
831,195.6,1.75950276851654
832,195.7,1.46524059772491
833,195.9,15.3087148666382
834,196.1,44.5912704467773
835,196.3,99.0238494873047
836,196.4,7.22387647628784
837,196.5,3.64445734024048
838,196.7,2.0747218132019
839,196.9,16.0356979370117
840,197.1,48.4759368896484
841,197.2,32.8690567016602
842,197.3,25.4159564971924
843,197.5,2.24309873580933
844,197.7,1.59632897377014
845,197.9,8.67162895202637
846,198.1,25.2879028320313
847,198.2,141.201614379883
848,198.4,5.53981781005859
849,198.6,0.933227360248566
850,198.8,3.46350622177124
851,199.0,18.7477951049805
852,199.2,299.816741943359
853,199.3,30.8940601348877
854,199.6,3.16924405097961
855,199.7,1.81673657894135
856,199.9,12.0268821716309
857,200.1,30.1825408935547
858,200.2,63.5282554626465
859,200.4,5.57089185714722
860,200.5,4.49024438858032
861,200.7,2.9631450176239
862,200.9,12.3315505981445
863,201.1,22.2494583129883
864,201.2,20.0448036193848
865,201.4,4.95635223388672
866,201.7,2.830322265625
867,201.9,11.9864139556885
868,202.0,11.8171701431274
869,202.2,32.2228660583496
870,202.3,8.13860416412354
871,202.4,4.57248163223267
872,202.7,3.47608041763306
873,202.9,29.9913272857666
874,203.1,86.637809753418
875,203.2,25.2459888458252
876,203.3,11.6561641693115
877,203.5,1.21000146865845
878,203.7,2.76557302474976
879,203.9,13.9605436325073
880,204.1,33.7667274475098
881,204.2,36.6930198669434
882,204.4,4.46914291381836
883,204.7,2.0429253578186
884,204.9,33.7318992614746
885,205.1,163.272872924805
886,205.2,39.9816436767578
887,205.3,11.5457439422607
888,205.6,1.64041042327881
889,205.8,6.91342687606812
890,205.9,11.3538084030151
891,206.0,25.988582611084
892,206.2,14.3334293365479
893,206.4,1.60037577152252
894,206.6,0.830611348152161
895,206.8,3.92224311828613
896,207.0,308.044525146484
897,207.1,20903.654296875
898,207.3,4.48518562316895
899,207.6,0.341956943273544
900,207.8,4.98077774047852
901,208.0,333.058258056641
902,208.1,4210.00048828125
903,208.3,33.9202194213867
904,208.5,0.674953043460846
905,208.7,1.99291801452637
906,208.9,21.4877872467041
907,209.1,2707.1513671875
908,209.2,63.9793319702148
909,209.4,2.32981634140015
910,209.7,1.22748947143555
911,209.8,3.27821946144104
912,210.0,160.122848510742
913,210.1,237.546905517578
914,210.2,113.056945800781
915,210.4,6.32302379608154
916,210.7,3.00173425674438
917,210.9,36.972972869873
918,211.1,225.525512695313
919,211.2,74.1024703979492
920,211.4,3.57132530212402
921,211.6,0.731464087963104
922,211.8,6.26391077041626
923,212.0,30.704870223999
924,212.2,69.3954315185547
925,212.3,96.9306259155273
926,212.5,2.41769051551819
927,212.7,1.4661078453064
928,212.9,12.642578125
929,213.0,28.127908706665
930,213.2,804.306823730469
931,213.3,75.5758056640625
932,213.5,2.28848099708557
933,213.8,3.43460035324097
934,214.0,15.7253942489624
935,214.2,107.993782043457
936,214.3,31.6177196502686
937,214.4,6.49458026885986
938,214.7,3.22879028320313
939,214.9,10.92209815979
940,215.0,13.3244686126709
941,215.2,35.3139190673828
942,215.3,13.3908081054688
943,215.6,1.77120971679688
944,215.8,4.34557008743286
945,215.9,5.46625232696533
946,216.1,16.9147281646729
947,216.2,9.87368106842041
948,216.3,9.51423645019531
949,216.5,2.65688681602478
950,216.7,2.33530855178833
951,216.9,11.3764991760254
952,217.1,24.7073268890381
953,217.2,19.045093536377
954,217.4,4.6495156288147
955,217.7,3.45888137817383
956,217.8,4.29397296905518
957,218.0,18.7819042205811
958,218.2,46.2601547241211
959,218.3,21.3587226867676
960,218.6,3.39760088920593
961,218.8,8.60976982116699
962,219.0,34.6216201782227
963,219.1,31.3546752929688
964,219.2,43.3905181884766
965,219.4,6.23110294342041
966,219.7,4.73406553268433
967,219.9,18.0809364318848
968,220.0,17.6073131561279
969,220.2,47.0286178588867
970,220.3,17.1205368041992
971,220.4,4.68348026275635
972,220.6,0.882063865661621
973,220.8,5.20263051986694
974,221.0,90.9082260131836
975,221.1,342.779144287109
976,221.2,184.275756835938
977,221.4,3.59387183189392
978,221.5,1.39658915996552
979,221.8,4.28660202026367
980,222.0,54.9353942871094
981,222.1,66.7353668212891
982,222.2,75.5600509643555
983,222.4,7.0530424118042
984,222.7,3.58404397964478
985,222.9,26.7113742828369
986,223.0,46.2503242492676
987,223.1,101.18586730957
988,223.3,15.2866020202637
989,223.6,1.9658910036087
990,223.8,5.30481290817261
991,224.0,21.6862258911133
992,224.2,32.0527534484863
993,224.3,18.2945518493652
994,224.5,1.44760799407959
995,224.7,3.25350475311279
996,224.9,23.0809364318848
997,225.1,83.7424468994141
998,225.2,44.7287178039551
999,225.4,3.75386619567871
1000,225.5,2.00303506851196
1001,225.8,5.54877853393555
1002,226.0,19.3689842224121
1003,226.1,14.9414653778076
1004,226.3,138.970520019531
1005,226.4,4.39398765563965
1006,226.5,2.89391541481018
1007,226.8,5.2078332901001
1008,227.0,22.0990028381348
1009,227.2,428.033538818359
1010,227.3,84.0371475219727
1011,227.4,7.72365951538086
1012,227.7,2.16129493713379
1013,227.8,2.37736678123474
1014,228.0,13.0861396789551
1015,228.2,66.6180114746094
1016,228.3,37.8274307250977
1017,228.5,2.64330101013184
1018,228.7,1.32620322704315
1019,228.9,9.26347732543945
1020,229.1,23.2390518188477
1021,229.2,13.7285737991333
1022,229.3,13.9080791473389
1023,229.6,2.50455260276794
1024,229.8,5.0244255065918
1025,230.0,16.6817455291748
1026,230.2,22.3011989593506
1027,230.3,13.0711088180542
1028,230.5,2.18124008178711
1029,230.7,4.48186159133911
1030,230.8,4.26434469223022
1031,231.0,14.7732334136963
1032,231.2,18.701545715332
1033,231.3,7.55687236785889
1034,231.4,4.52059555053711
1035,231.7,2.50079488754272
1036,231.9,6.2052321434021
1037,232.1,14.9346723556519
1038,232.2,11.5603408813477
1039,232.3,16.761381149292
1040,232.6,3.28587937355042
1041,232.8,6.44413948059082
1042,233.0,17.5415515899658
1043,233.2,32.4960250854492
1044,233.3,7.62335586547852
1045,233.4,5.41696786880493
1046,233.7,3.0442259311676
1047,233.9,8.79086589813232
1048,234.0,8.17560386657715
1049,234.2,23.4867763519287
1050,234.3,6.98785972595215
1051,234.4,6.06200313568115
1052,234.7,6.35554265975952
1053,234.9,34.3139190673828
1054,235.1,64.694465637207
1055,235.2,26.4756469726563
1056,235.4,2.51394701004028
1057,235.6,2.60066485404968
1058,235.8,6.71773386001587
1059,235.9,8.65789890289307
1060,236.1,31.0929317474365
1061,236.3,50.6564521789551
1062,236.4,8.59011459350586
1063,236.7,5.23168087005615
1064,236.9,23.6821804046631
1065,237.0,26.0792026519775
1066,237.2,60.8018493652344
1067,237.3,28.8028621673584
1068,237.6,5.46365070343018
1069,237.8,7.14265060424805
1070,238.0,18.854024887085
1071,238.1,15.1842756271362
1072,238.3,73.9485473632813
1073,238.4,7.64026594161987
1074,238.5,4.25971984863281
1075,238.8,4.72886276245117
1076,238.9,5.88582181930542
1077,239.1,41.330249786377
1078,239.2,86.5888137817383
1079,239.3,1138.056640625
1080,239.5,3.3273594379425
1081,239.7,2.35568714141846
1082,239.9,4.71094083786011
1083,240.1,19.2121696472168
1084,240.3,425.142791748047
1085,240.4,12.5406847000122
1086,240.6,1.40569448471069
1087,240.8,3.98771500587463
1088,241.0,13.6917181015015
1089,241.2,53.5564384460449
1090,241.3,108.067932128906
1091,241.4,6.47752571105957
1092,241.7,2.29151606559753
1093,241.9,4.96993780136108
1094,242.1,11.6746635437012
1095,242.3,29.4292526245117
1096,242.4,3.73276495933533
1097,242.5,1.73146402835846
1098,242.8,2.65211725234985
1099,242.9,3.44601821899414
1100,243.1,12.1150455474854
1101,243.3,12.9317817687988
1102,243.4,4.44760799407959
1103,243.7,1.80141639709473
1104,243.9,4.58953619003296
1105,244.0,4.99696493148804
1106,244.2,12.69677734375
1107,244.3,7.49400186538696
1108,244.5,2.61844205856323
1109,244.8,3.19786095619202
1110,245.0,8.65659809112549
1111,245.2,13.6644020080566
1112,245.3,5.21607160568237
1113,245.4,4.31594181060791
1114,245.7,2.18673229217529
1115,245.9,6.23659467697144
1116,246.1,13.8284435272217
1117,246.3,61.3955764770508
1118,246.4,6.34195709228516
1119,246.7,3.29064893722534
1120,246.9,10.2318258285522
1121,247.1,21.4840297698975
1122,247.2,31.2933940887451
1123,247.4,6.03092908859253
1124,247.7,3.62913727760315
1125,247.9,10.9687814712524
1126,248.0,8.30047702789307
1127,248.2,20.5958957672119
1128,248.3,5.81586933135986
1129,248.4,4.41162014007568
1130,248.7,2.83986115455627
1131,248.8,5.83595895767212
1132,249.0,327.697937011719
1133,249.1,191.157821655273
1134,249.3,5.32808208465576
1135,249.6,1.91732907295227
1136,249.8,15.1436624526978
1137,249.9,34.8462219238281
1138,250.0,111.830612182617
1139,250.2,34.4837417602539
1140,250.4,4.94522333145142
1141,250.6,3.29917621612549
1142,250.8,9.98901557922363
1143,251.0,217.76123046875
1144,251.1,147.332702636719
1145,251.3,9.09423351287842
1146,251.6,2.69908952713013
1147,251.8,11.1714124679565
1148,252.0,57.5135116577148
1149,252.1,58.6795768737793
1150,252.3,11.2173728942871
1151,252.6,3.68665981292725
1152,252.8,10.3818473815918
1153,253.0,101.512214660645
1154,253.1,105.6064453125
1155,253.3,10.7988147735596
1156,253.5,2.41870212554932
1157,253.7,2.05246424674988
1158,253.9,15.3501949310303
1159,254.1,36.2500343322754
1160,254.3,193.745056152344
1161,254.4,6.80979919433594
1162,254.7,3.50874400138855
1163,254.8,4.17126750946045
1164,255.0,23.9572200775146
1165,255.2,35.4069938659668
1166,255.3,207.779296875
1167,255.5,2.29888701438904
1168,255.7,0.890735626220703
1169,255.9,4.38965177536011
1170,256.1,33.2496032714844
1171,256.3,905.626953125
1172,256.4,24.9510040283203
1173,256.5,5.86573219299316
1174,256.7,1.04596042633057
1175,256.9,4.20667743682861
1176,257.0,6.52681016921997
1177,257.2,40.2279243469238
1178,257.3,153.934097290039
1179,257.5,2.96430110931396
1180,257.6,2.25538372993469
1181,257.9,3.45107674598694
1182,258.1,10.3147850036621
1183,258.2,9.92397785186768
1184,258.3,30.5889587402344
1185,258.5,1.65226185321808
1186,258.7,1.98005497455597
1187,258.9,4.03078460693359
1188,259.1,8.99710941314697
1189,259.3,12.7294406890869
1190,259.4,4.89145851135254
1191,259.7,1.7741003036499
1192,259.9,3.61699676513672
1193,260.0,4.05535459518433
1194,260.2,12.7479400634766
1195,260.3,9.62827014923096
1196,260.4,5.68232393264771
1197,260.7,1.97644174098969
1198,260.8,1.45078766345978
1199,261.0,6.6505274772644
1200,261.1,4.32548046112061
1201,261.2,12.4425497055054
1202,261.4,5.51279067993164
1203,261.7,1.65096116065979
1204,261.9,3.51250171661377
1205,262.1,7.20638799667358
1206,262.3,8.79332256317139
1207,262.4,4.87556028366089
1208,262.6,1.27793037891388
1209,262.8,5.79968214035034
1210,263.0,13.6937417984009
1211,263.2,19.5172710418701
1212,263.3,5.85865020751953
1213,263.4,4.20552110671997
1214,263.7,2.00014448165894
1215,263.9,5.44153785705566
1216,264.0,5.34022235870361
1217,264.2,12.8492555618286
1218,264.3,6.34701538085938
1219,264.5,1.3010550737381
1220,264.7,2.84159564971924
1221,264.9,30.9815006256104
1222,265.0,243.441680908203
1223,265.1,317.443267822266
1224,265.3,6.05521011352539
1225,265.5,1.71571040153503
1226,265.8,6.43445587158203
1227,266.0,86.2182388305664
1228,266.1,95.305534362793
1229,266.3,10.0546321868896
1230,266.4,4.00144529342651
1231,266.6,1.52970087528229
1232,266.8,11.6589097976685
1233,267.0,497.966613769531
1234,267.1,454.188323974609
1235,267.2,61.4562797546387
1236,267.4,2.41783499717712
1237,267.6,1.22748947143555
1238,267.8,12.5828876495361
1239,268.0,147.766296386719
1240,268.1,131.484756469727
1241,268.3,67.6474914550781
1242,268.5,2.54718899726868
1243,268.8,10.8100881576538
1244,269.0,111.954040527344
1245,269.1,124.47029876709
1246,269.3,26.5906925201416
1247,269.5,1.07949125766754
1248,269.7,3.67105078697205
1249,269.9,18.6557312011719
1250,270.0,18.3277931213379
1251,270.2,39.364070892334
1252,270.3,221.35221862793
1253,270.6,3.89810657501221
1254,270.8,7.61280536651611
1255,271.0,28.2264785766602
1256,271.2,32.6211891174316
1257,271.3,51.8414497375488
1258,271.5,1.48301780223846
1259,271.7,2.8077757358551
1260,271.9,6.60572338104248
1261,272.1,12.8681888580322
1262,272.3,15.1819629669189
1263,272.4,5.6638240814209
1264,272.6,0.874692857265472
1265,272.8,3.1134557723999
1266,273.0,7.6749529838562
1267,273.2,11.360312461853
1268,273.3,4.15363502502441
1269,273.4,4.45468997955322
1270,273.7,1.75415527820587
1271,273.9,4.36031198501587
1272,274.1,11.3295278549194
1273,274.3,17.9914722442627
1274,274.4,7.67162895202637
1275,274.6,1.49096691608429
1276,274.8,2.94984817504883
1277,275.0,6.71614408493042
1278,275.2,32.3247566223145
1279,275.3,5.34311294555664
1280,275.4,5.65023851394653
1281,275.7,2.31565260887146
1282,275.8,1.36826133728027
1283,276.0,6.20104074478149
1284,276.2,15.0362768173218
1285,276.3,13.5169820785522
1286,276.5,2.9917619228363
1287,276.8,3.05694460868835
1288,277.0,7.84622049331665
1289,277.1,6.17574787139893
1290,277.2,18.7227916717529
1291,277.4,5.53490400314331
1292,277.7,1.99219536781311
1293,277.9,3.79231095314026
1294,278.1,8.29859828948975
1295,278.3,13.1361465454102
1296,278.4,5.1229944229126
1297,278.7,3.66339063644409
1298,278.9,11.9327936172485
1299,279.1,26.66064453125
1300,279.2,21.9472465515137
1301,279.4,5.77540111541748
1302,279.7,2.37563228607178
1303,279.9,6.56684494018555
1304,280.0,4.46943187713623
1305,280.2,5.92123126983643
1306,280.3,4.71527671813965
1307,280.5,0.482584178447723
1308,280.7,2.84578704833984
1309,280.8,7.28298902511597
1310,281.0,190.757186889648
1311,281.1,7662.595703125
1312,281.3,11.595027923584
1313,281.4,1.60413348674774
1314,281.6,0.314207255840302
1315,281.8,5.87686061859131
1316,282.0,223.714126586914
1317,282.1,1884.73937988281
1318,282.3,219.089614868164
1319,282.4,2.72033524513245
1320,282.6,1.47290074825287
1321,282.8,6.14944362640381
1322,283.0,242.095825195313
1323,283.1,1288.00720214844
1324,283.3,347.924560546875
1325,283.5,0.56785660982132
1326,283.7,1.58534467220306
1327,283.9,18.6644020080566
1328,284.1,251.785079956055
1329,284.3,160.836532592773
1330,284.4,5.05260896682739
1331,284.7,2.85402512550354
1332,284.8,5.0747218132019
1333,285.0,89.9843902587891
1334,285.1,112.786964416504
1335,285.3,19.9465236663818
1336,285.5,2.1240062713623
1337,285.8,5.97225046157837
1338,286.0,22.0818042755127
1339,286.2,28.149299621582
1340,286.3,11.5009393692017
1341,286.6,2.5901141166687
1342,286.7,2.09076452255249
1343,286.9,12.1461191177368
1344,287.0,11.6690273284912
1345,287.2,26.2329807281494
1346,287.3,11.5794191360474
1347,287.6,2.30553555488586
1348,287.8,2.73854613304138
1349,288.0,7.2936840057373
1350,288.2,11.3082818984985
1351,288.3,8.68969535827637
1352,288.5,1.8446307182312
1353,288.7,2.56077456474304
1354,288.9,6.34903907775879
1355,289.0,4.99855470657349
1356,289.2,17.3129062652588
1357,289.3,9.72813987731934
1358,289.5,1.73189771175385
1359,289.7,2.13137745857239
1360,289.9,3.46711945533752
1361,290.1,6.9580864906311
1362,290.3,11.4392251968384
1363,290.4,5.82251787185669
1364,290.6,1.06301486492157
1365,290.8,2.24382138252258
1366,290.9,2.38849544525146
1367,291.1,7.85879468917847
1368,291.2,4.83538103103638
1369,291.3,8.40800666809082
1370,291.5,3.07443261146545
1371,291.7,0.899118363857269
1372,291.9,3.19020080566406
1373,292.1,7.09827995300293
1374,292.3,8.2682466506958
1375,292.4,5.99508619308472
1376,292.7,3.88350915908813
1377,292.8,3.71975708007813
1378,293.0,16.898250579834
1379,293.2,20.3240356445313
1380,293.3,8.48258399963379
1381,293.6,2.36291360855103
1382,293.8,3.18832206726074
1383,294.0,7.88929033279419
1384,294.2,13.7642726898193
1385,294.3,14.2694034576416
1386,294.5,2.02890586853027
1387,294.7,3.52377510070801
1388,294.8,4.0667724609375
1389,295.0,44.2857360839844
1390,295.2,82.794189453125
1391,295.3,25.4960250854492
1392,295.5,2.76282691955566
1393,295.7,1.40511631965637
1394,295.9,10.2786531448364
1395,296.1,27.4234714508057
1396,296.2,14.9213762283325
1397,296.3,19.0108394622803
1398,296.5,1.56019651889801
1399,296.7,2.83928322792053
1400,296.8,4.05781173706055
1401,297.0,21.3204212188721
1402,297.2,29.3373317718506
1403,297.3,20.5240650177002
1404,297.5,2.98280096054077
1405,297.7,1.06922960281372
1406,297.9,5.56915760040283
1407,298.1,9.73464393615723
1408,298.2,5.97398471832275
1409,298.3,8.86414241790771
1410,298.5,3.13470149040222
1411,298.8,6.62017631530762
1412,299.0,25.6633911132813
1413,299.2,36.844051361084
1414,299.3,9.94869232177734
1415,299.4,5.25336027145386
1416,299.6,0.930336773395538
1417,299.8,3.78363919258118
1418,300.0,10.0439367294312
1419,300.2,13.7683191299438
1420,300.3,8.48243999481201
1421,300.5,2.95302796363831
1422,300.7,1.48807632923126
1423,300.9,6.97730875015259
1424,301.1,12.083683013916
1425,301.2,10.7664403915405
1426,301.4,4.39196395874023
1427,301.6,1.56048560142517
1428,301.9,3.55904030799866
1429,302.0,3.2208411693573
1430,302.2,7.88163042068481
1431,302.3,6.94522333145142
1432,302.5,2.9395866394043
1433,302.8,2.68203496932983
1434,303.0,5.97253942489624
1435,303.1,4.1521897315979
1436,303.2,7.35828876495361
1437,303.4,2.09206533432007
1438,303.5,2.59864139556885
1439,303.8,2.37693309783936
1440,304.0,4.48894357681274
1441,304.2,6.26680135726929
1442,304.4,4.93843030929565
1443,304.5,2.54444289207458
1444,304.8,2.40381550788879
1445,305.0,5.27532863616943
1446,305.2,7.16996669769287
1447,305.3,5.20913410186768
1448,305.5,1.24786818027496
1449,305.7,1.77048707008362
1450,305.9,3.06980776786804
1451,306.1,5.40497159957886
1452,306.2,3.52406406402588
1453,306.3,5.1023268699646
1454,306.5,2.72727274894714
1455,306.8,3.15551376342773
1456,306.9,2.59820795059204
1457,307.1,8.33892154693604
1458,307.3,8.49313449859619
1459,307.4,4.01878881454468
1460,307.6,0.819482564926147
1461,307.8,2.1595606803894
1462,308.0,3.88408732414246
1463,308.2,5.97991037368774
1464,308.3,2.68348026275635
1465,308.4,3.85214614868164
1466,308.7,3.67350769042969
1467,308.9,8.56641101837158
1468,309.0,7.16259574890137
1469,309.2,14.8674659729004
1470,309.3,8.81399059295654
1471,309.5,2.8372597694397
1472,309.8,3.11201047897339
1473,310.0,5.8239631652832
1474,310.2,7.64980506896973
1475,310.3,2.64185571670532
1476,310.4,3.92007517814636
1477,310.6,1.4757913351059
1478,310.8,9.33574199676514
1479,310.9,10.5211734771729
1480,311.1,29.3805465698242
1481,311.2,16.6564540863037
1482,311.4,3.91458296775818
1483,311.7,2.95591855049133
1484,311.9,6.97687530517578
1485,312.1,11.5467548370361
1486,312.2,10.2987422943115
1487,312.5,4.58621168136597
1488,312.7,3.67466402053833
1489,312.9,13.8433303833008
1490,313.1,35.3944206237793
1491,313.2,31.8024272918701
1492,313.4,7.5620756149292
1493,313.6,1.39283132553101
1494,313.8,4.1267523765564
1495,313.9,3.91284871101379
1496,314.1,12.4364795684814
1497,314.2,12.0300617218018
1498,314.4,3.48533034324646
1499,314.5,3.31767606735229
1500,314.7,1.4075733423233
1501,314.9,5.23370409011841
1502,315.1,10.1644744873047
1503,315.3,8.54950141906738
1504,315.4,3.64575815200806
1505,315.6,1.6532735824585
1506,315.9,3.32548046112061
1507,316.1,5.10174894332886
1508,316.3,6.34874963760376
1509,316.4,3.54718899726868
1510,316.7,1.65674233436584
1511,316.8,1.10969793796539
1512,317.0,3.41508889198303
1513,317.2,5.60254383087158
1514,317.4,5.84549808502197
1515,317.5,2.28559041023254
1516,317.8,1.89955198764801
1517,318.0,3.14221715927124
1518,318.2,8.19945049285889
1519,318.3,20.4324321746826
1520,318.4,2.9787540435791
1521,318.7,1.84549784660339
1522,318.9,2.08006930351257
1523,319.1,3.62393403053284
1524,319.3,7.62754726409912
1525,319.4,2.68940591812134
1526,319.7,1.38415956497192
1527,319.9,1.72785079479218
1528,320.0,1.42824113368988
1529,320.2,5.09943628311157
1530,320.3,9.12126064300537
1531,320.4,3.6555860042572
1532,320.7,1.62234425544739
1533,320.9,2.40034675598145
1534,321.1,4.97991037368774
1535,321.3,7.48113870620728
1536,321.4,4.03454256057739
1537,321.6,1.76224887371063
1538,321.9,2.42448329925537
1539,322.1,3.90764570236206
1540,322.2,2.76340508460999
1541,322.3,4.04422616958618
1542,322.5,1.45888137817383
1543,322.7,3.85084557533264
1544,322.8,6.74244832992554
1545,323.0,27.3548202514648
1546,323.2,30.2159271240234
1547,323.3,6.78913116455078
1548,323.4,4.54574346542358
1549,323.6,1.19193530082703
1550,323.8,5.05535459518433
1551,324.0,11.3461484909058
1552,324.1,6.65457439422607
1553,324.2,8.29310607910156
1554,324.4,1.72365951538086
1555,324.6,2.70024561882019
1556,324.8,14.9547624588013
1557,324.9,38.9969635009766
1558,325.1,134.805023193359
1559,325.2,29.759937286377
1560,325.4,1.43604564666748
1561,325.6,2.11562371253967
1562,325.8,10.393120765686
1563,326.0,39.0268821716309
1564,326.1,23.1183700561523
1565,326.2,17.6067352294922
1566,326.4,1.90215349197388
1567,326.6,2.67321872711182
1568,326.8,13.5113458633423
1569,327.0,195.488082885742
1570,327.1,137.050872802734
1571,327.2,38.3405113220215
1572,327.4,1.07645618915558
1573,327.6,1.81933808326721
1574,327.7,2.50484180450439
1575,327.9,30.5781173706055
1576,328.1,79.022834777832
1577,328.2,21.541841506958
1578,328.3,7.83610343933105
1579,328.5,1.44717442989349
1580,328.7,5.43243265151978
1581,328.9,25.9556293487549
1582,329.1,50.3445587158203
1583,329.2,14.2454109191895
1584,329.3,6.82757616043091
1585,329.6,2.13686943054199
1586,329.7,1.77886974811554
1587,329.9,9.34643745422363
1588,330.1,12.4465961456299
1589,330.2,5.72813987731934
1590,330.3,5.82208395004272
1591,330.5,1.52363061904907
1592,330.7,2.57392692565918
1593,330.9,5.06763982772827
1594,331.1,11.949559211731
1595,331.2,4.5328803062439
1596,331.3,6.34311294555664
1597,331.5,2.49804878234863
1598,331.7,0.977164328098297
1599,331.9,2.08744049072266
1600,332.1,5.37606573104858
1601,332.3,5.47087717056274
1602,332.4,3.51235723495483
1603,332.6,1.70241367816925
1604,332.8,1.01257407665253
1605,333.0,2.59213757514954
1606,333.2,4.17068958282471
1607,333.4,3.04653859138489
1608,333.6,1.94825839996338
1609,333.8,1.54603266716003
1610,333.9,1.00476944446564
1611,334.1,2.84347438812256
1612,334.2,1.85590398311615
1613,334.4,3.69721055030823
1614,334.6,2.26622343063354
1615,334.8,1.9801994562149
1616,335.0,2.8077757358551
1617,335.2,4.19106817245483
1618,335.3,2.34267950057983
1619,335.4,2.70949554443359
1620,335.6,1.27793037891388
1621,335.9,1.66165626049042
1622,336.0,1.32894921302795
1623,336.2,2.64792609214783
1624,336.3,2.82410764694214
1625,336.5,0.872813999652863
1626,336.7,2.02428102493286
1627,336.8,1.48966610431671
1628,337.0,4.13845920562744
1629,337.2,5.45020961761475
1630,337.3,3.85937285423279
1631,337.5,2.00057816505432
1632,337.8,1.60615694522858
1633,337.9,0.935539841651917
1634,338.1,3.50065040588379
1635,338.3,3.50224018096924
1636,338.5,2.10333871841431
1637,338.7,3.47564673423767
1638,338.9,20.4955921173096
1639,339.1,46.1397590637207
1640,339.2,26.6463356018066
1641,339.4,3.73782348632813
1642,339.7,2.58491110801697
1643,339.9,10.8009824752808
1644,340.1,18.2364501953125
1645,340.2,8.20378684997559
1646,340.4,1.36739408969879
1647,340.6,0.971816718578339
1648,340.8,10.0956783294678
1649,341.0,270.048858642578
1650,341.1,452.920501708984
1651,341.3,7.4061279296875
1652,341.5,0.803584337234497
1653,341.7,2.39991331100464
1654,341.9,36.0433578491211
1655,342.1,178.17546081543
1656,342.2,42.950569152832
1657,342.3,10.0744323730469
1658,342.6,2.41003036499023
1659,342.8,8.89622783660889
1660,343.0,91.3467254638672
1661,343.1,106.26390838623
1662,343.3,8.70805072784424
1663,343.5,0.835814416408539
1664,343.7,3.07660055160522
1665,343.9,14.7651395797729
1666,344.0,15.9953746795654
1667,344.2,28.8423175811768
1668,344.3,6.26289939880371
1669,344.4,3.54010701179504
1670,344.6,1.27634048461914
1671,344.8,7.24671173095703
1672,345.0,22.2230091094971
1673,345.1,28.2101459503174
1674,345.3,6.45093202590942
1675,345.4,4.08671760559082
1676,345.7,2.1576817035675
1677,345.9,5.10420560836792
1678,346.1,9.88480949401855
1679,346.2,4.27749681472778
1680,346.3,4.45685815811157
1681,346.5,1.02124583721161
1682,346.7,2.26593446731567
1683,346.9,3.66685938835144
1684,347.1,6.55961847305298
1685,347.3,5.76051473617554
1686,347.4,1.46856486797333
1687,347.5,1.21549355983734
1688,347.8,1.70515966415405
1689,348.0,2.55875134468079
1690,348.2,3.94406700134277
1691,348.4,3.02948403358459
1692,348.5,1.72380399703979
1693,348.8,1.71961271762848
1694,349.0,2.19554853439331
1695,349.2,3.62480115890503
1696,349.3,3.27099299430847
1697,349.6,1.62711369991302
1698,349.7,0.798236727714539
1699,349.9,2.10145974159241
1700,350.0,1.3707183599472
1701,350.2,3.43069815635681
1702,350.3,3.2227201461792
1703,350.5,1.71730017662048
1704,350.7,0.790143072605133
1705,350.9,2.12097120285034
1706,351.1,3.39572191238403
1707,351.3,3.45758056640625
1708,351.5,1.97875416278839
1709,351.6,1.53721630573273
1710,351.9,1.98077762126923
1711,352.1,3.32432436943054
1712,352.2,3.64026594161987
1713,352.4,2.35886693000793
1714,352.7,2.38936257362366
1715,352.8,2.04639387130737
1716,353.0,8.42159271240234
1717,353.1,4.85286903381348
1718,353.2,8.14583015441895
1719,353.4,3.88220834732056
1720,353.7,2.14626383781433
1721,353.9,3.86963438987732
1722,354.0,3.02225756645203
1723,354.1,5.46697521209717
1724,354.3,1.07414364814758
1725,354.5,0.399479687213898
1726,354.7,2.57219243049622
1727,354.9,17.3996238708496
1728,355.1,843.656433105469
1729,355.2,243.110702514648
1730,355.4,1.82483017444611
1731,355.5,1.05882358551025
1732,355.8,3.81370139122009
1733,356.0,110.127906799316
1734,356.1,284.428100585938
1735,356.3,11.0849838256836
1736,356.6,1.82497465610504
1737,356.8,5.05362033843994
1738,357.0,92.8025741577148
1739,357.1,201.280822753906
1740,357.3,16.2634773254395
1741,357.6,1.18918919563293
1742,357.7,0.930481255054474
1743,357.9,14.4812831878662
1744,358.1,48.7379684448242
1745,358.2,30.2141933441162
1746,358.4,4.15479135513306
1747,358.6,1.25711810588837
1748,358.8,5.54285287857056
1749,359.0,25.5762386322021
1750,359.2,32.1241493225098
1751,359.3,8.39586639404297
1752,359.4,4.18832206726074
1753,359.7,1.81904900074005
1754,359.9,4.50050592422485
1755,360.1,9.0466833114624
1756,360.2,7.97745323181152
1757,360.4,2.21549367904663
1758,360.6,2.13658046722412
1759,360.8,3.06662821769714
1760,361.0,6.16519737243652
1761,361.2,7.62263345718384
1762,361.3,2.74085855484009
1763,361.4,2.50657606124878
1764,361.6,1.54848968982697
1765,361.8,1.04292523860931
1766,362.0,2.44876432418823
1767,362.1,3.57291507720947
1768,362.3,2.54718899726868
1769,362.5,0.92513370513916
1770,362.7,2.247145652771
1771,362.9,5.03642129898071
1772,363.0,3.59719610214233
1773,363.2,7.3001880645752
1774,363.3,3.8414511680603
1775,363.5,0.728428959846497
1776,363.7,1.73204219341278
1777,363.9,2.21173572540283
1778,364.1,3.51322436332703
1779,364.3,3.86616563796997
1780,364.4,2.09712386131287
1781,364.7,1.89088022708893
1782,364.9,2.82338500022888
1783,365.1,3.68246865272522
1784,365.2,4.30539083480835
1785,365.4,1.28602397441864
1786,365.5,1.69851136207581
1787,365.8,1.59127044677734
1788,366.0,3.11027598381042
1789,366.2,9.19988441467285
1790,366.3,4.38141345977783
1791,366.4,3.35265207290649
1792,366.7,2.49848246574402
1793,366.9,5.65139484405518
1794,367.1,10.3775110244751
1795,367.3,11.7832059860229
1796,367.4,4.848388671875
1797,367.6,1.03454256057739
1798,367.8,2.33473038673401
1799,367.9,1.75762391090393
1800,368.1,7.26333284378052
1801,368.3,12.8139905929565
1802,368.4,5.52839994430542
1803,368.7,3.99609780311584
1804,368.9,11.228645324707
1805,369.1,27.304235458374
1806,369.2,13.7583465576172
1807,369.3,13.2441101074219
1808,369.5,1.55282557010651
1809,369.7,2.26174306869507
1810,369.9,5.41581153869629
1811,370.1,11.3434019088745
1812,370.2,5.95114898681641
1813,370.3,7.53403663635254
1814,370.6,2.93033671379089
1815,370.8,5.80315065383911
1816,370.9,6.95288324356079
1817,371.1,21.1685218811035
1818,371.2,9.54993534088135
1819,371.3,7.89420413970947
1820,371.6,2.17603707313538
1821,371.8,3.19179081916809
1822,372.0,6.75025272369385
1823,372.2,8.77164363861084
1824,372.3,3.03208565711975
1825,372.4,3.11967039108276
1826,372.6,1.30394566059113
1827,372.8,4.60745763778687
1828,373.0,12.8982515335083
1829,373.1,7.22344255447388
1830,373.2,12.4435615539551
1831,373.4,2.49385738372803
1832,373.6,0.92498916387558
1833,373.8,2.78754162788391
1834,374.0,4.80502939224243
1835,374.2,6.14221715927124
1836,374.3,3.78002595901489
1837,374.5,1.71238613128662
1838,374.8,2.4343113899231
1839,375.0,4.4305534362793
1840,375.2,4.70602703094482
1841,375.3,3.57407140731812
1842,375.6,1.72683918476105
1843,375.8,1.3153635263443
1844,376.0,2.87556004524231
1845,376.2,4.08541679382324
1846,376.4,3.09524488449097
1847,376.5,0.806041359901428
1848,376.7,1.5075877904892
1849,376.8,0.782193958759308
1850,377.0,2.65125012397766
1851,377.1,1.55643880367279
1852,377.3,2.84491968154907
1853,377.5,1.94074285030365
1854,377.7,1.130943775177
1855,377.8,1.01647639274597
1856,378.0,2.44124865531921
1857,378.2,3.65370726585388
1858,378.3,1.22286462783813
1859,378.5,2.18268537521362
1860,378.7,1.45772504806519
1861,378.8,0.994363367557526
1862,379.0,2.48605298995972
1863,379.2,3.56771206855774
1864,379.3,2.97123861312866
1865,379.5,1.83350193500519
1866,379.8,1.59647345542908
1867,380.0,2.27547335624695
1868,380.1,1.48012721538544
1869,380.3,3.31666421890259
1870,380.4,0.951293528079987
1871,380.6,1.7275618314743
1872,380.8,2.56438779830933
1873,381.0,4.31189489364624
1874,381.2,4.72958517074585
1875,381.3,3.35727715492249
1876,381.6,1.6090475320816
1877,381.8,1.86790001392365
1878,381.9,1.24165344238281
1879,382.1,3.47318983078003
1880,382.3,3.32215642929077
1881,382.5,2.489666223526
1882,382.7,3.94233274459839
1883,382.8,3.6044225692749
1884,383.0,11.9426221847534
1885,383.2,12.0216798782349
1886,383.3,2.59502816200256
1887,383.4,2.42376065254211
1888,383.6,0.973406553268433
1889,383.8,2.9736955165863
1890,384.0,4.99725389480591
1891,384.2,6.21650505065918
1892,384.3,3.21332573890686
1893,384.6,2.66310167312622
1894,384.8,10.7373895645142
1895,385.0,26.8975276947021
1896,385.1,28.9171848297119
1897,385.3,6.29556274414063
1898,385.6,2.03598785400391
1899,385.7,1.69027316570282
1900,385.9,7.42260456085205
1901,386.1,12.0034685134888
1902,386.2,7.72206974029541
1903,386.4,2.13065481185913
1904,386.6,2.08946371078491
1905,386.8,10.5750827789307
1906,386.9,16.0263042449951
1907,387.1,50.651683807373
1908,387.2,27.4009246826172
1909,387.4,3.35597634315491
1910,387.7,3.02702713012695
1911,387.8,3.6943199634552
1912,388.0,14.4256391525269
1913,388.2,16.3283710479736
1914,388.3,6.70400333404541
1915,388.6,2.04148006439209
1916,388.8,4.88090753555298
1917,389.0,9.86457538604736
1918,389.2,11.8030061721802
1919,389.3,5.34470319747925
1920,389.6,1.69171845912933
1921,389.8,2.28168821334839
1922,390.0,3.88235282897949
1923,390.1,4.33429670333862
1924,390.3,2.7086284160614
1925,390.5,0.688538789749146
1926,390.7,1.40887415409088
1927,390.9,2.47116637229919
1928,391.0,1.49660360813141
1929,391.2,3.19757199287415
1930,391.3,1.33458590507507
1931,391.4,2.1553692817688
1932,391.6,0.535192966461182
1933,391.8,1.3858939409256
1934,391.9,0.876138150691986
1935,392.1,2.47738122940063
1936,392.2,1.56988000869751
1937,392.3,2.66483592987061
1938,392.6,1.46769762039185
1939,392.8,1.14554131031036
1940,393.0,1.59603989124298
1941,393.1,0.967480838298798
1942,393.2,2.4517993927002
1943,393.4,1.88957941532135
1944,393.6,1.3789564371109
1945,393.9,1.39442110061646
1946,394.1,2.48677563667297
1947,394.3,2.52897810935974
1948,394.4,1.31666421890259
1949,394.5,1.35005056858063
1950,394.7,0.537071824073792
1951,394.9,1.38806188106537
1952,395.1,2.13224458694458
1953,395.3,2.85648226737976
1954,395.4,1.10969793796539
1955,395.6,1.61063742637634
1956,395.8,1.25740718841553
1957,396.0,1.98887121677399
1958,396.2,2.56829023361206
1959,396.3,2.49819326400757
1960,396.6,1.72915160655975
1961,396.8,2.44428396224976
1962,397.0,4.54213047027588
1963,397.2,4.41942501068115
1964,397.3,3.22156381607056
1965,397.5,0.812400639057159
1966,397.7,1.60745775699615
1967,397.8,0.916028320789337
1968,398.0,2.66021108627319
1969,398.2,3.29382848739624
1970,398.4,2.72828435897827
1971,398.5,1.02601528167725
1972,398.7,4.14380693435669
1973,398.9,19.8453540802002
1974,399.1,33.9079360961914
1975,399.2,17.8521461486816
1976,399.4,2.81948256492615
1977,399.7,2.78725242614746
1978,399.9,9.39283180236816
1979,400.0,6.93814134597778
1980,400.1,12.3251914978027
1981,400.3,3.69359731674194
1982,400.5,0.848533034324646
1983,400.7,3.93019223213196
1984,400.9,37.5976295471191
1985,401.0,74.119384765625
1986,401.1,127.035118103027
1987,401.3,7.47058820724487
1988,401.4,2.00982809066772
1989,401.7,3.08874106407166
1990,401.9,24.2822666168213
1991,402.1,54.6581878662109
1992,402.2,27.0781898498535
1993,402.4,3.35120677947998
1994,402.7,3.98742604255676
1995,402.9,20.8692016601563
1996,403.0,18.8329238891602
1997,403.1,32.5729141235352
1998,403.3,7.72134685516357
1999,403.6,2.13441252708435
2000,403.8,4.25495004653931
2001,404.0,10.0154647827148
2002,404.1,5.04538249969482
2003,404.2,7.90836811065674
2004,404.4,2.50455260276794
2005,404.7,2.31594157218933
2006,404.9,4.48272848129272
2007,405.1,9.205810546875
2008,405.2,5.52131795883179
2009,405.4,1.2355831861496
2010,405.5,1.47145545482635
2011,405.7,0.646914303302765
2012,405.9,2.30119967460632
2013,406.0,1.58418846130371
2014,406.1,4.27113723754883
2015,406.3,2.38632750511169
2016,406.5,0.671773374080658
2017,406.6,1.31117212772369
2018,406.8,1.51597046852112
2019,407.1,2.70761680603027
2020,407.2,1.34831619262695
2021,407.4,3.06778430938721
2022,407.5,2.25220417976379
2023,407.8,1.21274745464325
2024,408.0,1.86732184886932
2025,408.2,2.8372597694397
2026,408.3,2.77511191368103
2027,408.5,2.19901728630066
2028,408.8,1.22763407230377
2029,409.0,1.82800984382629
2030,409.2,2.76947546005249
2031,409.3,2.90865731239319
2032,409.5,1.90359878540039
2033,409.8,1.40974128246307
2034,409.9,0.745194375514984
2035,410.1,1.99205088615417
2036,410.3,2.75328803062439
2037,410.4,2.43864727020264
2038,410.7,1.46740853786469
2039,410.8,0.699089467525482
2040,411.0,1.77265501022339
2041,411.2,2.10203790664673
2042,411.4,1.73175311088562
2043,411.6,1.24960255622864
2044,411.8,1.21014595031738
2045,412.0,1.63621914386749
2046,412.1,2.20696640014648
2047,412.4,1.60341084003448
2048,412.6,1.82006072998047
2049,412.8,3.39716720581055
2050,413.0,6.70833921432495
2051,413.2,8.57175922393799
2052,413.3,5.18962287902832
2053,413.5,1.71310877799988
2054,413.7,0.836826145648956
2055,413.9,3.3273594379425
2056,414.1,4.87469291687012
2057,414.2,3.35886693000793
2058,414.4,0.572915136814117
2059,414.6,1.27561783790588
2060,414.8,4.83913850784302
2061,415.0,84.6973571777344
2062,415.1,274.514373779297
2063,415.3,20.4077186584473
2064,415.6,1.42202627658844
2065,415.7,1.04494869709015
2066,415.9,16.1738681793213
2067,416.1,86.540397644043
2068,416.2,66.4561386108398
2069,416.4,4.27662944793701
2070,416.6,0.953461468219757
2071,416.8,6.39340925216675
2072,417.0,42.450065612793
2073,417.2,69.9549102783203
2074,417.3,16.4322872161865
2075,417.6,2.06417107582092
2076,417.8,3.88004040718079
2077,418.0,15.1242952346802
2078,418.2,19.62451171875
2079,418.3,6.98930501937866
2080,418.4,4.1023268699646
2081,418.7,2.3835813999176
2082,418.8,2.20971250534058
2083,419.0,9.90836811065674
2084,419.2,10.9682035446167
2085,419.3,6.57840728759766
2086,419.5,1.63621914386749
2087,419.8,2.14828729629517
2088,420.0,3.79260015487671
2089,420.2,4.73507738113403
2090,420.3,3.70429253578186
2091,420.5,2.0511634349823
2092,420.8,1.74172568321228
2093,421.0,3.03035116195679
2094,421.2,4.04552698135376
2095,421.4,3.80387330055237
2096,421.5,1.7178783416748
2097,421.6,1.71383142471313
2098,421.9,1.95866453647614
2099,422.0,1.43373322486877
2100,422.2,2.92238759994507
2101,422.4,2.51293540000916
2102,422.5,1.98496890068054
2103,422.7,0.692874670028687
2104,422.9,1.34484755992889
2105,423.1,2.25408291816711
2106,423.3,2.80069375038147
2107,423.4,1.17516982555389
2108,423.6,1.71469867229462
2109,423.7,0.536060094833374
2110,423.9,1.16635346412659
2111,424.1,2.06026887893677
2112,424.3,2.50122857093811
2113,424.4,2.03223013877869
2114,424.6,1.44746351242065
2115,424.9,1.34311318397522
2116,425.1,1.98193383216858
2117,425.3,2.30712532997131
2118,425.5,1.64619159698486
2119,425.6,1.20161879062653
2120,425.8,1.23298168182373
2121,426.1,1.95490682125092
2122,426.3,2.67928886413574
2123,426.5,2.03396439552307
2124,426.7,1.61237168312073
2125,426.9,2.52449774742126
2126,427.0,1.48966610431671
2127,427.2,3.35987854003906
2128,427.4,2.50888848304749
2129,427.5,1.60052025318146
2130,427.7,0.582887709140778
2131,427.9,1.61887550354004
2132,428.1,2.28414511680603
2133,428.3,2.66107821464539
2134,428.5,10.5642433166504
2135,428.7,3.0410463809967
2136,428.9,16.9168949127197
2137,429.1,163.875122070313
2138,429.2,86.7453384399414
2139,429.3,26.2071113586426
2140,429.5,2.77323317527771
2141,429.8,4.86081790924072
2142,430.0,40.4490547180176
2143,430.1,38.1212615966797
2144,430.2,53.7856636047363
2145,430.4,3.92108678817749
2146,430.5,2.7423038482666
2147,430.8,5.69027328491211
2148,430.9,9.45151042938232
2149,431.1,51.8772926330566
2150,431.2,44.461483001709
2151,431.4,4.17806053161621
2152,431.7,2.16620898246765
2153,431.8,2.7860963344574
2154,432.0,12.8327789306641
2155,432.1,9.23746204376221
2156,432.2,16.4701538085938
2157,432.4,8.00245666503906
2158,432.7,3.40540552139282
2159,432.8,2.12487363815308
2160,433.0,9.98728179931641
2161,433.1,5.85315799713135
2162,433.3,11.8447751998901
2163,433.4,4.87483739852905
2164,433.6,1.09567856788635
2165,433.8,2.19395875930786
2166,434.0,3.57204794883728
2167,434.1,2.54357576370239
2168,434.3,5.01560926437378
2169,434.4,2.44240498542786
2170,434.6,1.27937567234039
2171,434.9,2.07125306129456
2172,435.0,1.2964301109314
2173,435.2,3.46148276329041
2174,435.3,3.26015329360962
2175,435.6,1.73435473442078
2176,435.8,1.11649084091187
2177,436.0,1.73103046417236
2178,436.1,1.14684200286865
2179,436.3,2.73001885414124
2180,436.5,1.95476222038269
2181,436.7,1.88871228694916
2182,436.9,2.68521451950073
2183,437.1,3.38415956497192
2184,437.2,1.77366673946381
2185,437.3,2.68058967590332
2186,437.5,0.825552821159363
2187,437.7,1.35091781616211
2188,437.9,1.64387917518616
2189,438.1,2.37129640579224
2190,438.3,2.81500220298767
2191,438.5,2.66657042503357
2192,438.6,0.790432155132294
2193,438.8,1.58809077739716
2194,439.0,1.68217945098877
2195,439.2,2.10767459869385
2196,439.3,1.93828582763672
2197,439.5,0.853447020053864
2198,439.6,1.02225756645203
2199,439.8,0.406417101621628
2200,440.0,1.38892900943756
2201,440.2,2.5951726436615
2202,440.3,1.79708051681519
2203,440.4,3.8976731300354
2204,440.7,2.90070819854736
2205,440.9,2.37158560752869
2206,441.1,3.02428102493286
2207,441.2,1.86674380302429
2208,441.3,2.8271427154541
2209,441.5,1.0073709487915
2210,441.6,1.44370579719543
2211,441.9,1.60456717014313
2212,442.1,2.22879028320313
2213,442.3,2.94681310653687
2214,442.5,2.10362768173218
2215,442.6,1.14496314525604
2216,442.8,2.8271427154541
2217,442.9,2.05044078826904
2218,443.1,4.32562494277954
2219,443.3,4.1484317779541
2220,443.4,1.81456863880157
2221,443.6,0.719323575496674
2222,443.8,1.56135284900665
2223,444.0,2.47795915603638
2224,444.1,1.49096691608429
2225,444.2,2.65529704093933
2226,444.4,0.813556849956512
2227,444.6,1.78363931179047
2228,444.8,4.4877872467041
2229,445.0,8.71990203857422
2230,445.1,10.5044078826904
2231,445.3,4.5010838508606
2232,445.6,1.78190493583679
2233,445.8,2.46683049201965
2234,445.9,2.01300764083862
2235,446.1,4.88119649887085
2236,446.2,4.41378831863403
2237,446.5,2.51741576194763
2238,446.6,1.00260150432587
2239,446.8,3.641277551651
2240,446.9,4.20248603820801
2241,447.1,9.62378978729248
2242,447.2,7.1595606803894
2243,447.4,2.64185571670532
2244,447.6,0.878306090831757
2245,447.8,2.17227911949158
2246,448.0,3.52276349067688
2247,448.1,2.32938289642334
2248,448.3,4.21592712402344
2249,448.4,2.37476515769958
2250,448.6,0.81471312046051
2251,448.8,1.68810522556305
2252,449.0,2.58606743812561
2253,449.2,3.14698648452759
2254,449.3,1.5020956993103
2255,449.5,2.85850548744202
2256,449.6,1.8178927898407
2257,449.8,0.598930478096008
2258,450.0,1.53533744812012
2259,450.2,2.18254089355469
2260,450.3,1.25914144515991
2261,450.5,6.81847095489502
2262,450.6,3.31536340713501
2263,450.9,1.39803445339203
2264,451.1,1.52175164222717
2265,451.3,1.75675678253174
2266,451.5,3.57204794883728
2267,451.6,1.29151606559753
2268,451.8,1.18933367729187
2269,452.0,1.16245126724243
2270,452.2,2.15190052986145
2271,452.3,0.890012979507446
2272,452.5,2.07761240005493
2273,452.6,1.43445587158203
2274,452.9,1.22864580154419
2275,453.0,1.42029190063477
2276,453.3,1.54632174968719
2277,453.5,1.42954182624817
2278,453.7,1.14134991168976
2279,453.9,1.15652549266815
2280,454.0,0.658621191978455
2281,454.2,1.57696199417114
2282,454.4,1.89145827293396
2283,454.6,1.55065762996674
2284,454.7,0.560774683952332
2285,454.9,1.13976013660431
2286,455.0,0.518283009529114
2287,455.2,1.50946664810181
2288,455.4,1.64951586723328
2289,455.6,1.06691718101501
2290,455.8,0.995230495929718
2291,456.0,1.14409601688385
2292,456.2,1.67278504371643
2293,456.4,1.54227495193481
2294,456.6,1.34383583068848
2295,456.8,2.20263051986694
2296,456.9,1.21347010135651
2297,457.1,2.60485625267029
2298,457.3,2.61569595336914
2299,457.5,1.46668589115143
2300,457.6,0.649226784706116
2301,457.8,1.46003758907318
2302,458.0,1.83769333362579
2303,458.1,0.947391211986542
2304,458.3,1.9953750371933
2305,458.5,1.99320709705353
2306,458.6,1.07862412929535
2307,458.8,5.38184690475464
2308,458.9,4.67148447036743
2309,459.1,11.0010118484497
2310,459.2,7.96907091140747
2311,459.4,2.37144088745117
2312,459.7,2.43358874320984
2313,459.8,1.90200901031494
2314,460.0,5.56048583984375
2315,460.1,5.0429253578186
2316,460.3,2.96112155914307
2317,460.6,2.27561783790588
2318,460.8,8.30409049987793
2319,461.0,36.5453109741211
2320,461.1,53.6181526184082
2321,461.3,11.7897090911865
2322,461.4,3.62668013572693
2323,461.6,1.42448329925537
2324,461.8,5.37910079956055
2325,462.0,18.621187210083
2326,462.2,22.1135997772217
2327,462.3,8.96617984771729
2328,462.5,1.33921086788177
2329,462.7,3.22329807281494
2330,462.9,8.86428642272949
2331,463.0,7.14120531082153
2332,463.2,15.3793897628784
2333,463.3,4.16404104232788
2334,463.4,3.40583896636963
2335,463.7,1.84318542480469
2336,463.8,1.51293540000916
2337,464.0,4.6352071762085
2338,464.2,5.33025026321411
2339,464.3,3.30423474311829
2340,464.5,0.759791851043701
2341,464.7,1.32967185974121
2342,464.9,2.26911401748657
2343,465.1,2.94334435462952
2344,465.2,2.91111421585083
2345,465.4,2
2346,465.7,1.44688534736633
2347,465.9,1.17545890808105
2348,466.1,2.18456435203552
2349,466.2,2.0755889415741
2350,466.5,1.79780316352844
2351,466.6,1.46668589115143
2352,466.8,0.545454561710358
2353,467.0,1.02283561229706
2354,467.2,1.55600523948669
2355,467.3,0.881196677684784
2356,467.5,1.45353376865387
2357,467.6,1.21968495845795
2358,467.9,0.999421894550323
2359,468.1,1.1553692817688
2360,468.3,1.47738111019135
2361,468.5,1.69012868404388
2362,468.6,0.638387024402618
2363,468.7,1.05390954017639
2364,468.9,0.508021414279938
2365,469.0,1.19511485099792
2366,469.2,0.480560779571533
2367,469.3,1.17155659198761
2368,469.5,0.498482435941696
2369,469.7,0.995808660984039
2370,469.9,0.954184114933014
2371,470.1,1.23861825466156
2372,470.3,1.08093655109406
2373,470.4,0.561641871929169
2374,470.6,1.21462643146515
2375,470.7,0.521173596382141
2376,470.9,1.47261166572571
2377,471.0,0.831333994865417
2378,471.2,1.8229513168335
2379,471.4,1.47839283943176
2380,471.5,0.567133963108063
2381,471.6,0.997253954410553
2382,471.9,1.23211443424225
2383,472.0,0.623500525951385
2384,472.2,1.473912358284
2385,472.3,1.22329819202423
2386,472.5,0.638387024402618
2387,472.7,1.89955198764801
2388,472.9,3.98554706573486
2389,473.1,6.72756195068359
2390,473.2,3.28674674034119
2391,473.3,4.03656578063965
2392,473.6,1.21231389045715
2393,473.8,1.64012145996094
2394,473.9,1.62205517292023
2395,474.1,3.34051156044006
2396,474.2,3.14308428764343
2397,474.4,1.77814710140228
2398,474.7,1.6090475320816
2399,474.9,11.455267906189
2400,475.1,102.576095581055
2401,475.2,107.36190032959
2402,475.4,7.18037271499634
2403,475.7,2.11880326271057
2404,475.9,11.0289058685303
2405,476.1,46.787109375
2406,476.2,51.9994201660156
2407,476.4,9.84622097015381
2408,476.7,2.35756611824036
2409,476.8,2.55022406578064
2410,477.0,20.63014793396
2411,477.1,17.4137878417969
2412,477.2,30.7002449035645
2413,477.4,7.11128759384155
2414,477.6,0.994074285030365
2415,477.8,2.52391958236694
2416,478.0,8.60500049591064
2417,478.2,11.2251768112183
2418,478.3,8.12039279937744
2419,478.5,1.30466830730438
2420,478.7,1.76354968547821
2421,478.9,2.620609998703
2422,479.1,4.88047409057617
2423,479.2,5.7846508026123
2424,479.4,2.41219830513
2425,479.7,1.32432436943054
2426,479.8,0.625234842300415
2427,480.0,2.38083529472351
2428,480.1,1.20436477661133
2429,480.3,2.22055220603943
2430,480.4,1.58129787445068
2431,480.6,0.595606327056885
2432,480.8,1.21188032627106
2433,481.0,1.43763554096222
2434,481.2,1.83451366424561
2435,481.3,0.705448746681213
2436,481.5,1.38069081306458
2437,481.7,1.17025578022003
2438,481.8,0.442694038152695
2439,482.0,1.24656736850739
2440,482.1,0.77901428937912
2441,482.3,1.74215924739838
2442,482.5,1.39991331100464
2443,482.7,1.24121987819672
2444,482.8,0.508310437202454
2445,483.0,0.941465556621552
2446,483.1,1.30784797668457
2447,483.4,1.05231964588165
2448,483.6,1.09972536563873
2449,483.8,0.788553237915039
2450,483.9,0.446596324443817
2451,484.1,1.05896806716919
2452,484.2,0.496892601251602
2453,484.4,1.09148716926575
2454,484.5,0.641855776309967
2455,484.7,1.16591989994049
2456,484.8,0.995230495929718
2457,485.1,1.38994073867798
2458,485.3,1.18644309043884
2459,485.4,1.05044078826904
2460,485.7,0.781904876232147
2461,485.9,0.907790124416351
2462,486.0,0.523052453994751
2463,486.2,1.25003612041473
2464,486.3,1.19352507591248
2465,486.6,1.244833111763
2466,486.8,1.50151753425598
2467,487.0,2.54357576370239
2468,487.2,3.20826697349548
2469,487.4,2.58837985992432
2470,487.6,1.27691864967346
2471,487.7,0.589391529560089
2472,487.9,1.79231107234955
2473,488.1,2.08570599555969
2474,488.3,2.23298168182373
2475,488.5,1.09134268760681
2476,488.7,1.71137452125549
2477,488.9,9.50831031799316
2478,489.1,90.2605895996094
2479,489.2,116.084259033203
2480,489.4,6.46885395050049
2481,489.7,1.80907642841339
2482,489.9,8.71816730499268
2483,490.1,49.8817749023438
2484,490.2,53.6077461242676
2485,490.4,8.57667255401611
2486,490.7,2.11461186408997
2487,490.8,2.53533744812012
2488,491.0,20.5784072875977
2489,491.2,43.629280090332
2490,491.3,22.8603839874268
2491,491.5,2.74765133857727
2492,491.8,2.62407851219177
2493,492.0,8.47246742248535
2494,492.2,14.9021530151367
2495,492.3,5.52348613739014
2496,492.4,4.58606719970703
2497,492.7,1.6578985452652
2498,492.9,3.6943199634552
2499,493.1,6.76253795623779
2500,493.2,7.01878881454468
2501,493.4,2.59257125854492
2502,493.5,2.00101161003113
2503,493.8,1.51438069343567
2504,494.0,2.07269835472107
2505,494.2,3.07949113845825
2506,494.3,1.46393990516663
2507,494.4,2.04885101318359
2508,494.7,1.27677404880524
2509,494.9,1.59575080871582
2510,495.1,2.05015182495117
2511,495.3,2.30192232131958
2512,495.5,1.64228940010071
2513,495.6,0.572048008441925
2514,495.8,1.20060706138611
2515,495.9,0.611504554748535
2516,496.1,1.33025002479553
2517,496.2,0.908223748207092
2518,496.4,1.5025292634964
2519,496.5,0.697933256626129
2520,496.7,0.96054345369339
2521,496.9,1.12256109714508
2522,497.0,0.553837239742279
2523,497.2,1.26665699481964
2524,497.3,0.608469426631927
2525,497.5,1.19063448905945
2526,497.7,0.944500625133514
2527,497.9,0.884231805801392
2528,498.1,0.966902732849121
2529,498.3,1.17892754077911
2530,498.4,0.885388076305389
2531,498.6,0.818037271499634
2532,498.9,0.83812689781189
2533,499.1,1.01763260364532
2534,499.3,1.17892754077911
2535,499.5,0.9151611328125
2536,499.6,0.408006936311722
2537,499.7,0.90143084526062
2538,500.0,0.805318713188171
2539,500.1,0.683769345283508
2540,500.3,1.40699517726898
2541,500.5,1.16765427589417
2542,500.7,0.964156687259674
2543,500.8,0.689116895198822
2544,501.0,1.74663972854614
2545,501.1,1.90013003349304
2546,501.4,1.65356266498566
2547,501.6,1.20364212989807
2548,501.8,1.13282263278961
2549,502.0,1.473912358284
2550,502.2,1.56207549571991
2551,502.4,1.48995518684387
2552,502.6,1.33256256580353
2553,502.8,4.85951709747314
2554,502.9,6.58100891113281
2555,503.1,25.2800979614258
2556,503.2,25.7806034088135
2557,503.4,5.67018365859985
2558,503.7,1.92672348022461
2559,503.9,5.29989862442017
2560,504.1,12.7506866455078
2561,504.2,6.93799686431885
2562,504.3,9.55065727233887
2563,504.5,2.30813694000244
2564,504.7,1.19482588768005
2565,504.9,5.35091781616211
2566,505.1,10.1117210388184
2567,505.3,10.2944068908691
2568,505.4,2.58606743812561
2569,505.5,1.30481278896332
2570,505.7,0.743460059165955
2571,505.9,2.62624645233154
2572,506.1,3.79202198982239
2573,506.3,4.25986433029175
2574,506.4,2.26622343063354
2575,506.7,1.43474495410919
2576,506.9,2.88322019577026
2577,507.1,4.44240474700928
2578,507.3,5.28443431854248
2579,507.4,1.66671478748322
2580,507.5,1.74678421020508
2581,507.7,1.25046968460083
2582,508.0,2.23905181884766
2583,508.2,2.49877142906189
2584,508.4,2.61150455474854
2585,508.5,1.15045523643494
2586,508.8,1.41422176361084
2587,508.9,0.765717566013336
2588,509.1,2.13658046722412
2589,509.2,1.96805894374847
2590,509.4,1.84087300300598
2591,509.6,0.60341089963913
2592,509.8,1.10969793796539
2593,509.9,0.507876873016357
2594,510.1,1.30380117893219
2595,510.3,1.30365657806396
2596,510.5,1.32027745246887
2597,510.7,0.891891896724701
2598,510.9,1.38994073867798
2599,511.1,1.23413789272308
2600,511.2,1.57927441596985
2601,511.4,0.521896243095398
2602,511.5,0.968058943748474
2603,511.7,0.434889435768127
2604,511.9,1.13051021099091
2605,512.0,0.637808918952942
2606,512.2,1.35294115543365
2607,512.3,0.648504137992859
2608,512.5,1.15970516204834
2609,512.7,0.765862107276917
2610,512.8,1.05015170574188
2611,513.0,1.08700680732727
2612,513.2,0.54256397485733
2613,513.4,1.17531430721283
2614,513.6,0.900563657283783
2615,513.8,0.766440212726593
2616,514.0,0.955629408359528
2617,514.2,1.05882358551025
2618,514.3,0.724526643753052
2619,514.5,0.795635223388672
2620,514.7,0.986558735370636
2621,514.8,0.428963720798492
2622,515.0,1.26217663288116
2623,515.1,1.44587373733521
2624,515.3,1.38184714317322
2625,515.6,0.890735626220703
2626,515.8,0.917329072952271
2627,516.0,1.19858360290527
2628,516.2,1.38791728019714
2629,516.4,1.44341671466827
2630,516.6,1.30813705921173
2631,516.8,0.979187726974487
2632,516.9,0.874259293079376
2633,517.1,1.91776263713837
2634,517.2,2.0612804889679
2635,517.4,1.130943775177
2636,517.7,0.922387599945068
2637,517.8,0.49096691608429
2638,518.0,1.20797801017761
2639,518.1,0.764994919300079
2640,518.3,1.31203925609589
2641,518.5,1.41610062122345
2642,518.7,1.87975144386292
2643,518.8,1.40352654457092
2644,519.0,3.94392251968384
2645,519.2,4.7311749458313
2646,519.3,1.71007370948792
2647,519.4,1.99739849567413
2648,519.7,1.11042058467865
2649,519.9,2.08137011528015
2650,520.1,2.91776275634766
2651,520.3,2.53808355331421
2652,520.5,1.7284289598465
2653,520.6,0.776123702526093
2654,520.8,2.97123861312866
2655,521.0,6.46018218994141
2656,521.2,7.83986139297485
2657,521.3,5.07602262496948
2658,521.5,1.01719903945923
2659,521.7,1.57016909122467
2660,521.9,2.65211725234985
2661,522.1,4.51466989517212
2662,522.2,3.30770349502563
2663,522.4,1.94551241397858
2664,522.7,1.31521892547607
2665,522.9,2.46292805671692
2666,523.1,3.05680012702942
2667,523.2,1.64445734024048
2668,523.4,2.42607307434082
2669,523.5,1.14019370079041
2670,523.8,1.39225316047668
2671,523.9,0.806474924087524
2672,524.1,1.54169678688049
2673,524.2,0.853880643844604
2674,524.4,1.46538519859314
2675,524.5,1.26607894897461
2676,524.7,1.1549357175827
2677,524.9,0.686226308345795
2678,525.1,1.50498628616333
2679,525.2,1.18745481967926
2680,525.5,1.2858794927597
2681,525.7,0.866310179233551
2682,525.9,1.11475646495819
2683,526.0,0.579129934310913
2684,526.2,1.09466683864594
2685,526.4,0.99812114238739
2686,526.6,1.08194828033447
2687,526.8,0.69215202331543
2688,527.0,1.0433589220047
2689,527.2,1.01589822769165
2690,527.3,0.499638676643372
2691,527.4,1.01777708530426
2692,527.6,0.504119098186493
2693,527.8,0.738979637622833
2694,528.0,0.839138627052307
2695,528.1,0.424772351980209
2696,528.2,1.19800543785095
2697,528.5,0.916317403316498
2698,528.7,0.905766725540161
2699,528.8,0.409596771001816
2700,529.0,0.975574493408203
2701,529.1,1.05680012702942
2702,529.4,0.814279496669769
2703,529.5,0.357421606779099
2704,529.7,0.695909798145294
2705,529.9,0.988437652587891
2706,530.0,0.789709508419037
2707,530.2,0.366671472787857
2708,530.4,0.834369122982025
2709,530.5,0.540540516376495
2710,530.7,0.943055331707001
2711,530.8,1.02384734153748
2712,531.1,1.36132383346558
2713,531.3,1.1825407743454
2714,531.4,1.04003465175629
2715,531.7,0.699523031711578
2716,531.9,1.07905769348145
2717,532.0,0.408585041761398
2718,532.2,1.2282121181488
2719,532.4,0.930625796318054
2720,532.6,1.15811538696289
2721,532.8,2.07819056510925
2722,533.0,3.95129346847534
2723,533.2,4.00592565536499
2724,533.3,2.69836688041687
2725,533.6,1.06200313568115
2726,533.8,1.62060987949371
2727,534.0,2.5808641910553
2728,534.2,2.80401802062988
2729,534.4,2.03150749206543
2730,534.5,1.90157532691956
2731,534.7,1.32287907600403
2732,534.9,11.7878303527832
2733,535.1,30.1325340270996
2734,535.2,26.2881927490234
2735,535.4,6.01821088790894
2736,535.7,2.78465104103088
2737,535.9,7.83928298950195
2738,536.1,16.1101322174072
2739,536.2,8.04292488098145
2740,536.3,9.10478401184082
2741,536.5,1.22864580154419
2742,536.7,2.20479846000671
2743,536.8,2.13210010528564
2744,537.0,8.24613380432129
2745,537.2,11.6496601104736
2746,537.3,4.12068223953247
2747,537.4,3.62855911254883
2748,537.7,1.78335022926331
2749,537.8,1.0286169052124
2750,538.0,3.47723650932312
2751,538.1,1.93626248836517
2752,538.2,3.99884366989136
2753,538.4,1.77381122112274
2754,538.7,1.02847230434418
2755,538.8,0.888712227344513
2756,539.0,1.79404532909393
2757,539.1,2.39181971549988
2758,539.4,1.78233850002289
2759,539.5,0.951438069343567
2760,539.7,1.25668454170227
2761,540.0,1.19612658023834
2762,540.2,1.28833651542664
2763,540.3,0.671484291553497
2764,540.5,1.03613233566284
2765,540.7,0.852724373340607
2766,540.9,0.977164328098297
2767,541.1,1.19092357158661
2768,541.3,0.810232698917389
2769,541.4,1.00679290294647
2770,541.7,0.623500525951385
2771,541.8,0.389940738677979
2772,542.0,1.03092932701111
2773,542.1,0.51669317483902
2774,542.3,0.949270129203796
2775,542.5,0.941321015357971
2776,542.6,0.34528112411499
2777,542.8,0.93698513507843
2778,543.0,0.710796356201172
2779,543.1,0.323890745639801
2780,543.3,0.883653700351715
2781,543.5,0.912559628486633
2782,543.6,0.39933517575264
2783,543.8,0.906200289726257
2784,544.0,0.936551511287689
2785,544.2,0.803295254707336
2786,544.3,0.478103786706924
2787,544.5,0.756467700004578
2788,544.7,0.801994502544403
2789,544.9,1.05087435245514
2790,545.1,0.888567686080933
2791,545.3,0.882931053638458
2792,545.5,0.842607319355011
2793,545.7,1.02326929569244
2794,545.8,0.362480133771896
2795,546.0,0.81254518032074
2796,546.2,1.03830027580261
2797,546.4,0.946524083614349
2798,546.6,0.911981523036957
2799,546.8,1.48879897594452
2800,547.0,2.34932804107666
2801,547.2,2.88466548919678
2802,547.3,1.3204220533371
2803,547.5,1.59184849262238
2804,547.6,1.01951146125793
2805,547.9,1.51871657371521
2806,548.0,0.766006648540497
2807,548.2,1.57551670074463
2808,548.4,1.64807057380676
2809,548.6,1.10435032844543
2810,548.8,3.13686943054199
2811,549.0,23.3714408874512
2812,549.2,87.6057205200195
2813,549.3,37.6545753479004
2814,549.4,19.7300186157227
2815,549.7,2.11128783226013
2816,549.9,6.24324321746826
#"+ Scan (rt: 5.107-39.997 min, 6049 scans) MEMBRANE_LIPID.D "
#Point,X(Thompsons),Y(Counts)
0,45.2,3049.09692382813
1,45.3,8.83716297149658
2,45.5,0.0204992555081844
3,45.7,0.556124985218048
4,45.9,19.204496383667
5,46.1,126.458419799805
6,46.2,711.545349121094
7,46.4,3.30864596366882
8,46.7,2.1605224609375
9,46.9,27.4833850860596
10,47.0,59.3683242797852
11,47.1,122.053070068359
12,47.3,9.27078819274902
13,47.5,0.882790565490723
14,47.7,2.73069930076599
15,47.9,17.51975440979
16,48.1,50.1762275695801
17,48.2,16.3045139312744
18,48.4,1.20119023323059
19,48.6,1.83071577548981
20,48.8,6.46586227416992
21,49.0,33.5060348510742
22,49.1,41.4929733276367
23,49.3,8.43263339996338
24,49.5,1.01719295978546
25,49.7,0.696313440799713
26,49.9,21.927921295166
27,50.1,261.570343017578
28,50.2,92.7940139770508
29,50.4,1.82724416255951
30,50.5,0.908083975315094
31,50.8,2.31988763809204
32,51.0,112.238716125488
33,51.1,381.729370117188
34,51.3,16.9647884368896
35,51.5,0.319391638040543
36,51.7,1.0071085691452
37,51.9,20.4208965301514
38,52.1,198.108276367188
39,52.2,108.607872009277
40,52.4,3.74706554412842
41,52.6,0.51727557182312
42,52.9,10.124153137207
43,53.1,579.942626953125
44,53.2,354.862609863281
45,53.4,1.51661431789398
46,53.6,0.0388493947684765
47,53.9,6.95106649398804
48,54.1,586.828063964844
49,54.2,625.72607421875
50,54.4,1.2567366361618
51,55.0,33.4784278869629
52,55.2,7612.833984375
53,55.3,5.42998838424683
54,55.9,2.1692841053009
55,56.1,934.566711425781
56,56.2,2423.49389648438
57,56.4,0.332286328077316
58,57.0,35.6503562927246
59,57.2,5858.35009765625
60,57.3,24.7948417663574
61,57.6,0.03207141533494
62,57.8,1.50173580646515
63,58.0,80.647216796875
64,58.2,1417.12841796875
65,58.3,31.8148460388184
66,58.5,0.836832523345947
67,58.8,2.02529335021973
68,59.0,96.8733673095703
69,59.1,884.223815917969
70,59.3,18.007604598999
71,59.5,0.523722946643829
72,59.8,2.25591015815735
73,60.0,145.730865478516
74,60.1,2367.2353515625
75,60.3,10.1071252822876
76,60.5,0.910233080387115
77,60.8,4.61200189590454
78,61.0,102.653167724609
79,61.1,687.7900390625
80,61.3,12.723424911499
81,61.6,1.22565710544586
82,61.8,7.93255090713501
83,62.0,47.9834671020508
84,62.1,121.574638366699
85,62.3,13.0829887390137
86,62.6,1.61911058425903
87,62.8,5.58207988739014
88,63.0,95.6334915161133
89,63.1,190.607864379883
90,63.3,18.3289794921875
91,63.6,1.99884283542633
92,63.8,11.0133905410767
93,64.0,105.348655700684
94,64.1,117.351295471191
95,64.3,13.2760782241821
96,64.5,1.18498921394348
97,64.8,3.69399905204773
98,65.0,115.785415649414
99,65.1,408.014892578125
100,65.3,23.3717975616455
101,65.5,1.76343202590942
102,65.8,6.20763778686523
103,66.0,91.718132019043
104,66.1,281.437103271484
105,66.3,27.2979011535645
106,66.5,0.410315752029419
107,67.0,87.5529861450195
108,67.1,2157.4873046875
109,67.3,17.7720279693604
110,67.9,6.68292284011841
111,68.1,778.640258789063
112,68.2,767.380065917969
113,68.4,1.42337572574615
114,68.7,0.103157550096512
115,68.9,1.94561088085175
116,69.1,1215.02514648438
117,69.2,3434.11083984375
118,69.4,0.413952708244324
119,69.8,0.403868407011032
120,70.0,76.7004470825195
121,70.2,2689.58837890625
122,70.3,35.539924621582
123,70.5,0.2165647149086
124,70.8,0.687386333942413
125,71.0,63.6220855712891
126,71.2,3206.36840820313
127,71.3,40.2676467895508
128,71.5,0.202678129076958
129,71.8,1.9732186794281
130,72.0,80.9649505615234
131,72.1,2813.62084960938
132,72.3,22.8429489135742
133,72.5,0.337080508470535
134,72.8,0.40105801820755
135,73.0,74.2810363769531
136,73.1,6475.95751953125
137,73.3,7.76971387863159
138,73.5,0.115721605718136
139,73.7,0.448669195175171
140,73.9,21.7611179351807
141,74.1,2595.626953125
142,74.2,169.76872253418
143,74.4,1.57976520061493
144,74.5,0.550834834575653
145,74.8,4.06827592849731
146,75.0,149.573654174805
147,75.1,806.749206542969
148,75.3,11.5938167572021
149,75.5,0.42238387465477
150,75.7,1.46751534938812
151,75.9,31.6824264526367
152,76.1,138.967590332031
153,76.2,62.8513793945313
154,76.4,3.52554130554199
155,76.6,0.237063974142075
156,76.9,10.8122005462646
157,77.1,835.552490234375
158,77.2,248.869064331055
159,77.4,0.354273438453674
160,77.7,0.0748884081840515
161,77.9,15.1674661636353
162,78.1,538.005126953125
163,78.2,205.316253662109
164,78.4,0.89965283870697
165,79.0,266.346343994141
166,79.1,1576.59924316406
167,79.3,4.26549863815308
168,79.8,1.76012563705444
169,80.0,120.313278198242
170,80.1,435.801116943359
171,80.3,30.2929401397705
172,80.5,0.23243510723114
173,80.8,0.107786409556866
174,81.0,184.25260925293
175,81.1,1899.74182128906
176,81.3,11.7788066864014
177,81.6,0.0905934870243073
178,81.8,1.82443380355835
179,82.0,141.104476928711
180,82.2,1871.58874511719
181,82.3,29.5505046844482
182,82.5,0.388989925384521
183,82.8,0.873532831668854
184,82.9,5.32864952087402
185,83.1,1117.72265625
186,83.2,2793.42065429688
187,83.4,0.591337382793427
188,83.7,0.331459730863571
189,83.9,11.9887580871582
190,84.1,1063.17443847656
191,84.2,1337.66625976563
192,84.4,2.24549508094788
193,84.6,0.305670350790024
194,84.7,0.210117369890213
195,84.9,8.82906246185303
196,85.0,64.9120483398438
197,85.2,1911.83666992188
198,85.3,34.7050743103027
199,85.5,0.110927425324917
200,85.7,0.935030579566956
201,85.9,21.4084968566895
202,86.1,376.475463867188
203,86.2,147.438583374023
204,86.4,3.9821457862854
205,86.6,0.1530831605196
206,86.8,2.85452151298523
207,87.0,173.575637817383
208,87.2,14216.2529296875
209,87.3,21.1087779998779
210,87.6,1.83898162841797
211,87.8,18.6316738128662
212,88.0,92.9323883056641
213,88.2,978.874877929688
214,88.3,20.1339073181152
215,88.5,2.28417921066284
216,88.8,12.9813194274902
217,89.0,187.160690307617
218,89.1,160.62043762207
219,89.2,105.598281860352
220,89.4,5.02132606506348
221,89.7,7.19226312637329
222,89.9,29.605224609375
223,90.1,52.6010894775391
224,90.2,31.686559677124
225,90.4,2.21623420715332
226,90.6,0.189122170209885
227,90.9,9.34137916564941
228,91.1,1114.05139160156
229,91.2,289.66357421875
230,91.6,0.107786409556866
231,91.8,3.77252435684204
232,92.0,105.361213684082
233,92.1,637.256408691406
234,92.3,25.1363868713379
235,92.5,1.29608201980591
236,92.8,2.20780301094055
237,93.0,120.545875549316
238,93.1,565.91455078125
239,93.3,26.5394287109375
240,93.5,0.342370629310608
241,93.7,0.852868258953094
242,93.9,21.5010738372803
243,94.1,448.909912109375
244,94.2,214.214904785156
245,94.4,3.64308142662048
246,94.7,0.320714175701141
247,94.9,8.66407680511475
248,95.1,695.901000976563
249,95.2,751.799499511719
250,95.4,1.66903614997864
251,95.6,0.0588527023792267
252,95.9,7.52421903610229
253,96.1,2492.85546875
254,96.2,995.126647949219
255,96.4,0.933873355388641
256,96.7,1.0446355342865
257,96.9,128.547027587891
258,97.1,1123.15588378906
259,97.2,2464.69091796875
260,97.4,1.06794512271881
261,97.6,0.137708708643913
262,97.8,1.68606376647949
263,98.0,92.5567855834961
264,98.1,1641.779296875
265,98.2,1267.35424804688
266,98.4,1.58191442489624
267,98.7,0.99834680557251
268,98.9,20.6009254455566
269,99.0,89.1074523925781
270,99.2,712.571350097656
271,99.3,26.4230442047119
272,99.4,5.37923622131348
273,99.6,0.576128304004669
274,99.8,5.12299537658691
275,100.0,56.2031745910645
276,100.2,3121.11547851563
277,100.3,19.6435775756836
278,100.6,1.97702097892761
279,100.8,7.42850065231323
280,100.9,19.8326988220215
281,101.1,777.6220703125
282,101.2,688.338928222656
283,101.3,17.5019016265869
284,101.6,2.42767405509949
285,101.8,11.3889894485474
286,102.0,77.7333450317383
287,102.1,244.972061157227
288,102.3,13.3962640762329
289,102.4,3.74541234970093
290,102.7,1.9251115322113
291,102.9,60.4886741638184
292,103.0,236.897171020508
293,103.1,306.860137939453
294,103.3,14.1177053451538
295,103.6,1.24582576751709
296,103.8,14.8419570922852
297,104.0,145.024307250977
298,104.1,257.258392333984
299,104.3,18.3346004486084
300,104.5,0.742271423339844
301,104.7,0.630352139472961
302,104.9,28.3397254943848
303,105.1,743.679931640625
304,105.2,212.786407470703
305,105.4,0.626880466938019
306,105.7,0.870226502418518
307,105.9,29.2747554779053
308,106.1,263.833679199219
309,106.2,132.077529907227
310,106.4,4.73069906234741
311,106.6,0.695652186870575
312,106.8,4.38287305831909
313,106.9,23.4987602233887
314,107.1,345.6640625
315,107.2,173.470321655273
316,107.4,2.4883451461792
317,107.6,1.68573319911957
318,107.8,5.11059665679932
319,108.0,151.105804443359
320,108.1,385.681427001953
321,108.3,33.0117378234863
322,108.5,2.70077705383301
323,108.8,3.873202085495
324,109.0,107.577613830566
325,109.2,618.647399902344
326,109.3,41.4227142333984
327,109.5,1.3013721704483
328,109.8,4.68672513961792
329,110.0,99.4688415527344
330,110.2,729.469482421875
331,110.3,40.9237899780273
332,110.5,1.98710525035858
333,110.8,3.79368495941162
334,110.9,13.4976024627686
335,111.1,527.835327148438
336,111.2,1045.45227050781
337,111.4,4.47925281524658
338,111.7,1.61167132854462
339,111.9,20.7677307128906
340,112.1,360.553161621094
341,112.2,538.099670410156
342,112.3,43.079517364502
343,112.5,0.945445537567139
344,112.7,2.51992058753967
345,112.9,21.9581756591797
346,113.1,200.309967041016
347,113.2,254.891387939453
348,113.4,5.82674837112427
349,113.7,2.22020173072815
350,113.9,17.1415119171143
351,114.0,27.8922138214111
352,114.2,777.326477050781
353,114.3,21.1958999633789
354,114.5,1.25095057487488
355,114.8,2.6720118522644
356,115.0,225.209457397461
357,115.1,1095.06567382813
358,115.3,13.2964124679565
359,115.6,0.538436114788055
360,115.8,7.66473817825317
361,116.0,91.2392120361328
362,116.1,454.390808105469
363,116.3,19.9748725891113
364,116.5,1.23061668872833
365,116.8,4.13126134872437
366,117.0,176.308975219727
367,117.1,413.233093261719
368,117.3,20.0471153259277
369,117.5,0.355100005865097
370,117.7,2.01553964614868
371,117.9,40.276741027832
372,118.1,196.477935791016
373,118.2,76.4164352416992
374,118.3,23.8234424591064
375,118.5,0.970573663711548
376,118.8,3.47660779953003
377,119.0,305.321380615234
378,119.1,412.504058837891
379,119.2,135.014709472656
380,119.4,1.52570676803589
381,119.7,1.32368981838226
382,119.9,35.429328918457
383,120.1,198.264511108398
384,120.2,103.733840942383
385,120.4,3.37394618988037
386,120.5,1.43808889389038
387,120.8,5.45544719696045
388,120.9,24.9097366333008
389,121.1,305.189300537109
390,121.2,175.006942749023
391,121.4,3.2086296081543
392,121.7,1.56124985218048
393,121.9,28.701602935791
394,122.1,326.664398193359
395,122.2,118.947425842285
396,122.4,4.20796823501587
397,122.7,1.62258219718933
398,122.9,21.0100841522217
399,123.0,55.7507019042969
400,123.2,352.174560546875
401,123.3,35.5810890197754
402,123.5,0.725078523159027
403,123.7,2.01884603500366
404,123.9,17.1066284179688
405,124.0,44.9099006652832
406,124.2,352.012054443359
407,124.3,34.54736328125
408,124.4,7.32550811767578
409,124.7,2.35129761695862
410,124.9,35.4422225952148
411,125.1,281.807067871094
412,125.2,439.966430664063
413,125.4,10.6187801361084
414,125.7,9.77401256561279
415,125.9,39.0363693237305
416,126.1,170.424697875977
417,126.2,267.860321044922
418,126.4,7.58207988739014
419,126.6,6.13655138015747
420,126.8,13.3964290618896
421,126.9,23.6219215393066
422,127.1,146.865264892578
423,127.2,157.111099243164
424,127.3,28.0481071472168
425,127.5,2.96528363227844
426,127.8,8.18565082550049
427,128.0,91.1048126220703
428,128.1,153.2109375
429,128.2,342.870727539063
430,128.4,4.12316083908081
431,128.7,1.70143830776215
432,128.9,22.9717311859131
433,129.1,1102.42834472656
434,129.2,848.488037109375
435,129.4,2.14663577079773
436,129.7,1.32154071331024
437,129.9,24.9130439758301
438,130.1,182.50520324707
439,130.2,167.525375366211
440,130.4,5.15109920501709
441,130.6,0.552818655967712
442,130.8,5.82641744613647
443,131.0,126.584228515625
444,131.1,303.477447509766
445,131.3,20.8508853912354
446,131.6,1.67614483833313
447,131.8,10.171929359436
448,132.0,98.3617095947266
449,132.1,159.011901855469
450,132.3,18.8110427856445
451,132.5,0.814184188842773
452,132.8,3.48057532310486
453,133.0,592.900634765625
454,133.1,1485.51342773438
455,133.3,13.3689870834351
456,133.4,1.59332120418549
457,133.7,1.60720777511597
458,133.9,86.3610534667969
459,134.1,310.882141113281
460,134.2,78.7078857421875
461,134.3,20.6199378967285
462,134.5,1.56753182411194
463,134.8,4.0466194152832
464,135.0,186.189117431641
465,135.1,552.648681640625
466,135.2,213.885101318359
467,135.4,2.27558279037476
468,135.7,1.4848735332489
469,135.9,26.4410648345947
470,136.1,147.838317871094
471,136.2,70.9965286254883
472,136.3,27.8604736328125
473,136.5,1.23392295837402
474,136.7,1.86477100849152
475,136.9,34.4521408081055
476,137.1,338.841461181641
477,137.2,152.889068603516
478,137.4,3.12216901779175
479,137.7,1.58621263504028
480,137.9,19.1715984344482
481,138.1,116.297737121582
482,138.2,139.344024658203
483,138.3,36.9287490844727
484,138.5,3.33856844902039
485,138.8,6.68126964569092
486,139.0,93.3326187133789
487,139.2,274.373291015625
488,139.3,22.0843105316162
489,139.4,4.50735664367676
490,139.6,0.822780609130859
491,139.8,5.99768543243408
492,140.0,43.5982818603516
493,140.1,66.2383880615234
494,140.2,165.489334106445
495,140.4,6.37956666946411
496,140.5,2.73813843727112
497,140.8,7.41130781173706
498,141.0,74.5265350341797
499,141.2,208.001647949219
500,141.3,31.6019172668457
501,141.6,2.27806258201599
502,141.7,2.52173924446106
503,141.9,29.496280670166
504,142.1,103.957679748535
505,142.2,544.928405761719
506,142.4,5.2387170791626
507,142.7,2.26963138580322
508,142.9,23.2790546417236
509,143.1,196.046447753906
510,143.2,666.701110839844
511,143.3,24.407341003418
512,143.6,1.8770045042038
513,143.8,6.26996183395386
514,144.0,50.2097854614258
515,144.2,173.464874267578
516,144.3,16.9669361114502
517,144.4,5.50388479232788
518,144.7,2.12911224365234
519,144.9,28.2003631591797
520,145.1,172.761947631836
521,145.2,109.423377990723
522,145.4,4.68920469284058
523,145.6,1.40882790088654
524,145.8,10.0879487991333
525,146.0,64.4899978637695
526,146.1,49.3056716918945
527,146.2,46.5366172790527
528,146.4,2.78856015205383
529,146.6,1.38022816181183
530,146.8,5.41676330566406
531,147.0,332.138214111328
532,147.1,975.234252929688
533,147.3,13.5225658416748
534,147.6,0.957183003425598
535,147.8,4.96181201934814
536,147.9,30.730037689209
537,148.1,240.061325073242
538,148.2,81.2965774536133
539,148.4,5.09621429443359
540,148.7,2.12167310714722
541,148.9,37.9867744445801
542,149.1,344.668548583984
543,149.2,106.712348937988
544,149.4,2.6379566192627
545,149.6,1.57877337932587
546,149.8,8.79451179504395
547,149.9,19.6000995635986
548,150.1,82.5521545410156
549,150.2,57.2828559875488
550,150.4,6.79930543899536
551,150.6,1.31939160823822
552,150.8,9.37956714630127
553,151.0,74.2006912231445
554,151.2,145.946105957031
555,151.3,25.3357582092285
556,151.5,2.17259049415588
557,151.7,1.28186476230621
558,151.9,23.7624397277832
559,152.1,139.695816040039
560,152.2,147.44255065918
561,152.4,7.12630176544189
562,152.6,1.08100509643555
563,152.8,8.05042171478271
564,153.0,77.5939788818359
565,153.2,187.428497314453
566,153.3,26.3307991027832
567,153.5,0.951231598854065
568,153.7,3.0712513923645
569,153.9,27.2311134338379
570,154.0,43.8647727966309
571,154.2,197.351455688477
572,154.3,35.0983619689941
573,154.5,2.08100509643555
574,154.7,5.22483062744141
575,154.9,35.3322868347168
576,155.1,142.193923950195
577,155.2,110.33129119873
578,155.4,6.70953893661499
579,155.7,4.24103164672852
580,155.9,21.5457096099854
581,156.1,67.7940139770508
582,156.2,353.324340820313
583,156.4,5.37477254867554
584,156.5,3.66242361068726
585,156.8,7.11737489700317
586,157.0,57.919490814209
587,157.2,665.959167480469
588,157.3,22.5794353485107
589,157.4,5.5953049659729
590,157.7,2.43279886245728
591,157.9,17.0699291229248
592,158.0,26.3794021606445
593,158.2,142.730209350586
594,158.3,16.1244831085205
595,158.4,5.51545715332031
596,158.7,3.48057532310486
597,158.8,6.32220220565796
598,159.0,56.5248794555664
599,159.2,86.2436752319336
600,159.3,14.8738632202148
601,159.4,5.44982624053955
602,159.6,1.20185148715973
603,159.8,7.1550669670105
604,160.0,32.4976043701172
605,160.1,25.0497608184814
606,160.2,32.5223999023438
607,160.4,5.03951072692871
608,160.7,2.53099679946899
609,160.9,75.6015853881836
610,161.0,221.375762939453
611,161.2,35.9246139526367
612,161.4,4.2565712928772
613,161.7,4.59778499603271
614,161.9,42.9738807678223
615,162.1,90.7323532104492
616,162.2,30.3759307861328
617,162.3,14.5276908874512
618,162.6,2.03984141349792
619,162.8,9.68358421325684
620,163.0,344.9892578125
621,163.1,205.077209472656
622,163.3,13.2155723571777
623,163.5,2.06166315078735
624,163.8,14.6827573776245
625,164.0,72.3688201904297
626,164.1,71.2813720703125
627,164.3,15.0780296325684
628,164.6,2.08050918579102
629,164.8,9.32815361022949
630,165.0,201.234085083008
631,165.1,210.489837646484
632,165.3,15.0657958984375
633,165.5,0.732021808624268
634,165.7,3.05505037307739
635,165.9,27.3532810211182
636,166.0,39.5776176452637
637,166.2,138.155227661133
638,166.3,29.5354595184326
639,166.5,1.58092248439789
640,166.7,3.44751191139221
641,166.9,24.2732677459717
642,167.1,91.0750503540039
643,167.2,74.8318710327148
644,167.4,5.64572668075562
645,167.6,1.05108284950256
646,167.8,5.59844589233398
647,168.0,34.0555458068848
648,168.2,120.202346801758
649,168.3,46.007438659668
650,168.5,3.67449164390564
651,168.7,2.34385848045349
652,168.9,16.2785587310791
653,169.0,23.0606708526611
654,169.2,84.11572265625
655,169.3,24.4078369140625
656,169.5,1.92924451828003
657,169.7,3.78740286827087
658,169.9,18.5295085906982
659,170.1,68.8113708496094
660,170.2,214.269470214844
661,170.4,6.45428991317749
662,170.7,3.8593156337738
663,170.9,17.2492980957031
664,171.1,115.048271179199
665,171.2,612.081176757813
666,171.4,6.27111911773682
667,171.7,2.50983643531799
668,171.9,14.1871385574341
669,172.0,24.2588863372803
670,172.2,115.842124938965
671,172.3,17.1182022094727
672,172.5,2.79814839363098
673,172.8,6.47512006759644
674,173.0,32.2562408447266
675,173.2,55.7640914916992
676,173.3,16.7515296936035
677,173.5,2.53579115867615
678,173.8,5.48520421981812
679,174.0,22.3600597381592
680,174.1,16.0319061279297
681,174.2,22.8480739593506
682,174.4,3.18267488479614
683,174.6,2.89056038856506
684,174.8,11.2560758590698
685,174.9,22.2102832794189
686,175.1,74.4142837524414
687,175.2,39.3560905456543
688,175.4,6.27607870101929
689,175.7,3.51297736167908
690,175.9,55.3036880493164
691,176.1,157.135391235352
692,176.2,31.9399909973145
693,176.3,11.0955533981323
694,176.5,0.8199702501297
695,176.7,2.10381889343262
696,176.9,64.4832229614258
697,177.0,858.474487304688
698,177.2,33.796329498291
699,177.4,1.97586381435394
700,177.6,1.342205286026
701,177.8,10.2602081298828
702,177.9,48.1859817504883
703,178.1,206.61051940918
704,178.2,39.0753860473633
705,178.3,14.7020998001099
706,178.6,1.81897830963135
707,178.8,7.87287139892578
708,179.0,214.869567871094
709,179.1,193.961807250977
710,179.3,12.8637790679932
711,179.6,1.49512314796448
712,179.8,10.1350631713867
713,180.0,55.3719635009766
714,180.2,121.278396606445
715,180.3,28.4289970397949
716,180.5,2.21573805809021
717,180.7,4.31641578674316
718,180.9,24.8394775390625
719,181.1,74.7543411254883
720,181.2,60.7789726257324
721,181.4,6.50173568725586
722,181.7,3.50289297103882
723,181.9,13.9275913238525
724,182.1,45.7335090637207
725,182.2,74.2306137084961
726,182.3,38.1220054626465
727,182.5,3.68507194519043
728,182.8,5.97288799285889
729,183.0,35.8317070007324
730,183.1,35.1692848205566
731,183.2,48.0319061279297
732,183.4,8.18482398986816
733,183.7,3.10629844665527
734,183.8,3.94825601577759
735,184.0,21.7546710968018
736,184.2,168.67366027832
737,184.3,12.1982145309448
738,184.4,6.03884935379028
739,184.7,2.92676472663879
740,184.9,12.5604228973389
741,185.1,87.237060546875
742,185.2,594.090942382813
743,185.3,36.103816986084
744,185.5,1.77037525177002
745,185.7,2.47462391853333
746,185.8,2.8037691116333
747,186.0,19.2866592407227
748,186.2,100.679779052734
749,186.3,20.4582576751709
750,186.5,2.48884105682373
751,186.8,6.74607372283936
752,187.0,25.7019348144531
753,187.2,37.7240867614746
754,187.3,9.0176887512207
755,187.4,4.64589166641235
756,187.7,2.43511319160461
757,187.9,9.66986274719238
758,188.1,20.3860149383545
759,188.2,17.1520919799805
760,188.4,3.14200687408447
761,188.5,2.5151264667511
762,188.8,8.52223491668701
763,188.9,32.5139694213867
764,189.1,146.139862060547
765,189.2,46.1064643859863
766,189.4,2.81087779998779
767,189.6,1.96660602092743
768,189.8,9.5281867980957
769,190.0,48.5605888366699
770,190.1,49.8252601623535
771,190.3,8.86047267913818
772,190.5,0.866589546203613
773,190.7,2.4101505279541
774,190.9,27.6359729766846
775,191.1,2533.63989257813
776,191.2,39.4076690673828
777,191.4,1.68821287155151
778,191.6,0.871879637241364
779,191.8,5.11621761322021
780,192.0,300.748565673828
781,192.1,342.603088378906
782,192.3,9.14729690551758
783,192.4,4.37163162231445
784,192.7,2.71730875968933
785,192.9,31.0616626739502
786,193.1,1871.78820800781
787,193.2,51.3174095153809
788,193.4,1.36634159088135
789,193.6,1.27392959594727
790,193.8,5.63183975219727
791,194.0,169.086624145508
792,194.2,386.678283691406
793,194.3,56.30517578125
794,194.5,2.42916178703308
795,194.8,8.09092426300049
796,195.0,131.137054443359
797,195.1,116.186477661133
798,195.2,92.7422714233398
799,195.4,4.16564702987671
800,195.7,2.44139528274536
801,195.9,17.0499248504639
802,196.1,50.2231788635254
803,196.3,112.68953704834
804,196.4,8.06083679199219
805,196.5,3.89965271949768
806,196.8,7.63580751419067
807,197.0,34.1244850158691
808,197.2,68.9133758544922
809,197.3,28.2878170013428
810,197.5,2.4402379989624
811,197.8,4.96214246749878
812,197.9,6.25872039794922
813,198.1,27.9535465240479
814,198.2,161.014709472656
815,198.4,6.12861633300781
816,198.7,2.22218537330627
817,198.8,2.51644897460938
818,199.0,20.948091506958
819,199.2,342.386993408203
820,199.3,34.9247817993164
821,199.5,1.77847576141357
822,199.7,3.50371956825256
823,199.9,13.3240203857422
824,200.1,33.8859329223633
825,200.2,55.8568344116211
826,200.3,22.4822292327881
827,200.5,4.89006423950195
828,200.8,8.5886926651001
829,200.9,7.91420078277588
830,201.1,24.8897342681885
831,201.2,22.4251937866211
832,201.4,5.40006589889526
833,201.7,2.90758800506592
834,201.8,4.09555292129517
835,202.0,21.8024463653564
836,202.2,36.014217376709
837,202.3,12.4703254699707
838,202.6,2.74028754234314
839,202.8,10.4957847595215
840,203.0,73.1952362060547
841,203.1,77.8855972290039
842,203.3,12.8961811065674
843,203.5,1.32418584823608
844,203.7,2.86262202262878
845,203.9,15.3704748153687
846,204.0,16.860969543457
847,204.2,48.5086784362793
848,204.3,17.1114234924316
849,204.5,1.56769716739655
850,204.7,2.10398411750793
851,204.9,38.0866241455078
852,205.1,185.923950195313
853,205.2,55.7154884338379
854,205.4,3.26764750480652
855,205.7,2.27475619316101
856,205.9,18.8632831573486
857,206.0,28.9305667877197
858,206.2,15.8624563217163
859,206.4,1.73268306255341
860,206.5,0.823772549629211
861,206.7,0.710530638694763
862,206.9,21.0608367919922
863,207.1,23957.4140625
864,207.2,54.5212440490723
865,207.4,0.458092242479324
866,207.7,1.21854853630066
867,207.9,16.9206485748291
868,208.1,5054.10986328125
869,208.2,112.345680236816
870,208.4,3.16680431365967
871,208.7,1.80988597869873
872,208.9,19.4926433563232
873,209.1,3070.17822265625
874,209.2,68.2466506958008
875,209.4,1.90477764606476
876,209.5,0.734005630016327
877,209.8,4.04777669906616
878,210.0,180.182678222656
879,210.1,350.185638427734
880,210.3,47.8417930603027
881,210.4,6.89932203292847
882,210.6,0.96379566192627
883,210.8,8.68854331970215
884,211.0,138.699447631836
885,211.1,212.832870483398
886,211.3,19.4228801727295
887,211.5,1.60175240039825
888,211.8,6.58654308319092
889,212.0,33.9884262084961
890,212.2,78.6048965454102
891,212.3,110.294425964355
892,212.5,1.48917174339294
893,212.7,2.5898494720459
894,212.9,13.7741775512695
895,213.1,101.562568664551
896,213.2,848.76904296875
897,213.3,85.9196548461914
898,213.5,2.45147967338562
899,213.8,3.60836505889893
900,213.9,5.91816806793213
901,214.1,29.5741443634033
902,214.2,140.966598510742
903,214.4,7.26797819137573
904,214.7,3.41659784317017
905,214.9,12.1107616424561
906,215.0,14.9130430221558
907,215.2,39.6852378845215
908,215.3,11.3623743057251
909,215.4,4.50967121124268
910,215.7,2.29839634895325
911,215.9,9.15969562530518
912,216.0,8.52636814117432
913,216.2,21.1644897460938
914,216.3,10.562572479248
915,216.5,1.71615147590637
916,216.7,3.50900983810425
917,216.9,12.1413459777832
918,217.1,27.4476776123047
919,217.2,21.2139205932617
920,217.4,4.99735498428345
921,217.6,1.2459911108017
922,217.8,6.45924949645996
923,218.0,19.8112087249756
924,218.2,51.7045783996582
925,218.3,23.955530166626
926,218.5,1.99189949035645
927,218.7,4.0659613609314
928,218.8,6.4278392791748
929,219.0,38.1011734008789
930,219.2,68.2559127807617
931,219.3,20.5443878173828
932,219.6,3.73929572105408
933,219.8,8.93436908721924
934,220.0,30.9123821258545
935,220.1,23.9876003265381
936,220.2,46.8793182373047
937,220.4,5.03934526443481
938,220.6,0.934369325637817
939,220.8,5.02529335021973
940,221.0,100.560256958008
941,221.1,576.537963867188
942,221.3,24.6683750152588
943,221.5,1.47561585903168
944,221.8,4.37212753295898
945,221.9,13.4815673828125
946,222.1,123.523719787598
947,222.2,85.4326324462891
948,222.4,7.82278060913086
949,222.7,3.81302690505981
950,222.9,29.7687225341797
951,223.0,52.5417442321777
952,223.1,114.890068054199
953,223.3,16.9720611572266
954,223.5,2.0069432258606
955,223.8,5.79798316955566
956,223.9,9.916184425354
957,224.1,32.5815849304199
958,224.3,33.2962455749512
959,224.4,6.94792509078979
960,224.7,3.36683750152588
961,224.9,25.7063980102539
962,225.1,95.0021514892578
963,225.2,35.6463890075684
964,225.3,18.7900485992432
965,225.5,2.05868744850159
966,225.8,6.11191940307617
967,226.0,21.5338077545166
968,226.2,49.766902923584
969,226.3,125.50537109375
970,226.4,6.53562593460083
971,226.7,3.24103164672852
972,226.9,12.8946933746338
973,227.1,48.9894180297852
974,227.2,455.786590576172
975,227.3,102.535629272461
976,227.5,3.03603911399841
977,227.7,1.22449994087219
978,227.9,7.80476093292236
979,228.1,21.9918994903564
980,228.2,100.461235046387
981,228.4,7.26252269744873
982,228.7,2.4828896522522
983,228.9,10.3064966201782
984,229.1,26.1545715332031
985,229.2,27.2395439147949
986,229.4,3.93833684921265
987,229.6,2.67449164390564
988,229.8,5.5005784034729
989,230.0,18.6820964813232
990,230.2,25.1630020141602
991,230.3,14.6366338729858
992,230.5,4.3458423614502
993,230.8,7.7077202796936
994,231.0,16.5652179718018
995,231.2,21.0119018554688
996,231.3,11.7257394790649
997,231.5,2.90676140785217
998,231.7,1.38055872917175
999,231.9,6.77616119384766
1000,232.1,16.7364845275879
1001,232.3,27.2729377746582
1002,232.4,4.79021310806274
1003,232.6,3.61613488197327
1004,232.8,6.7201189994812
1005,233.0,19.306001663208
1006,233.2,36.4959487915039
1007,233.3,12.8065795898438
1008,233.5,3.01173758506775
1009,233.8,5.12266492843628
1010,233.9,6.30137205123901
1011,234.1,22.0056209564209
1012,234.2,21.1511001586914
1013,234.4,6.62489652633667
1014,234.7,6.68391466140747
1015,234.9,37.7019348144531
1016,235.0,37.6277084350586
1017,235.1,56.817325592041
1018,235.3,10.076210975647
1019,235.6,2.72640109062195
1020,235.8,7.23144340515137
1021,235.9,9.64523029327393
1022,236.1,34.8536949157715
1023,236.3,57.3470001220703
1024,236.4,6.62440061569214
1025,236.5,5.34865283966064
1026,236.8,12.1191930770874
1027,237.0,47.4349479675293
1028,237.2,69.2676467895508
1029,237.3,24.6151428222656
1030,237.4,10.7890558242798
1031,237.6,3.16217565536499
1032,237.8,7.85121488571167
1033,238.0,20.9750366210938
1034,238.1,17.1654815673828
1035,238.3,84.2201995849609
1036,238.4,8.63812160491943
1037,238.5,4.74392461776733
1038,238.7,2.14564394950867
1039,238.9,9.48569965362549
1040,239.1,46.8444366455078
1041,239.3,1381.64953613281
1042,239.4,22.2147464752197
1043,239.7,2.51396918296814
1044,239.9,5.05240535736084
1045,240.1,21.7194576263428
1046,240.3,485.900634765625
1047,240.4,14.1079521179199
1048,240.7,3.07720279693604
1049,240.9,7.56587886810303
1050,241.1,26.0628204345703
1051,241.2,45.2459907531738
1052,241.3,128.953552246094
1053,241.5,2.84939670562744
1054,241.7,1.30550503730774
1055,241.9,5.33460092544556
1056,242.1,13.1448173522949
1057,242.2,9.05124855041504
1058,242.3,28.6133251190186
1059,242.5,1.292445063591
1060,242.7,1.48255908489227
1061,242.9,5.76987934112549
1062,243.1,13.5771198272705
1063,243.2,7.43362522125244
1064,243.3,10.4503221511841
1065,243.5,2.28252601623535
1066,243.8,2.74987602233887
1067,244.0,8.86377906799316
1068,244.2,14.2287979125977
1069,244.3,8.38055896759033
1070,244.5,2.83005452156067
1071,244.7,1.37130105495453
1072,244.9,5.90461254119873
1073,245.0,5.75847244262695
1074,245.2,15.3670024871826
1075,245.3,9.083815574646
1076,245.5,2.43643569946289
1077,245.7,1.15010750293732
1078,245.9,6.60158681869507
1079,246.1,15.373119354248
1080,246.3,70.0419921875
1081,246.4,5.18250942230225
1082,246.5,3.23061656951904
1083,246.7,2.14762759208679
1084,246.9,11.3064966201782
1085,247.0,10.7945117950439
1086,247.2,33.6830863952637
1087,247.3,20.0173587799072
1088,247.5,1.88295590877533
1089,247.7,3.76392793655396
1090,247.9,11.3860139846802
1091,248.1,20.2471485137939
1092,248.2,17.7353286743164
1093,248.4,4.77550029754639
1094,248.7,2.90229797363281
1095,248.8,6.38452625274658
1096,249.0,373.722778320313
1097,249.1,200.564224243164
1098,249.2,21.0266151428223
1099,249.4,3.0659613609314
1100,249.7,3.46090269088745
1101,249.9,52.5080184936523
1102,250.0,126.041160583496
1103,250.2,38.6359710693359
1104,250.4,7.22664880752563
1105,250.7,4.41477918624878
1106,250.9,67.0148773193359
1107,251.0,330.537933349609
1108,251.2,33.4392471313477
1109,251.4,3.52025127410889
1110,251.7,3.96495294570923
1111,251.9,34.5161170959473
1112,252.0,39.6139869689941
1113,252.1,66.181022644043
1114,252.3,12.6156387329102
1115,252.5,2.09406518936157
1116,252.7,4.22334289550781
1117,252.8,8.84724712371826
1118,253.0,114.815505981445
1119,253.1,119.595306396484
1120,253.3,11.9191598892212
1121,253.5,1.40800130367279
1122,253.7,3.30236411094666
1123,253.9,17.1221694946289
1124,254.1,41.0148773193359
1125,254.2,21.5485210418701
1126,254.3,205.68391418457
1127,254.6,2.95387673377991
1128,254.8,6.85220718383789
1129,255.0,26.8794841766357
1130,255.1,19.0648040771484
1131,255.3,252.152923583984
1132,255.4,7.81203508377075
1133,255.6,0.841461420059204
1134,255.8,2.49892544746399
1135,255.9,3.22879815101624
1136,256.1,37.7207794189453
1137,256.2,78.9249496459961
1138,256.3,984.91748046875
1139,256.5,6.50537300109863
1140,256.8,2.74789214134216
1141,256.9,2.88560104370117
1142,257.1,22.7020988464355
1143,257.3,194.268798828125
1144,257.4,11.9299058914185
1145,257.5,4.80773687362671
1146,257.8,2.22780632972717
1147,257.9,2.36419248580933
1148,258.1,11.5182676315308
1149,258.3,39.6829223632813
1150,258.4,6.18829536437988
1151,258.5,2.86460566520691
1152,258.8,2.95139694213867
1153,259.0,6.59034538269043
1154,259.2,13.4807405471802
1155,259.3,6.93436908721924
1156,259.4,5.4637131690979
1157,259.7,1.90709209442139
1158,259.9,3.9608199596405
1159,260.1,11.2129278182983
1160,260.3,18.6037368774414
1161,260.4,6.32203674316406
1162,260.7,2.13208794593811
1163,260.8,1.59265995025635
1164,261.0,7.43395614624023
1165,261.1,4.91965627670288
1166,261.2,14.0790214538574
1167,261.4,6.09621429443359
1168,261.7,1.69085800647736
1169,261.8,1.36981320381165
1170,262.0,5.68722105026245
1171,262.2,9.93585681915283
1172,262.3,8.28632831573486
1173,262.5,1.89469337463379
1174,262.7,3.71532487869263
1175,262.8,4.21110916137695
1176,263.0,15.4390811920166
1177,263.2,21.9872703552246
1178,263.3,9.88543605804443
1179,263.5,2.48388171195984
1180,263.8,2.88163328170776
1181,264.0,10.0585222244263
1182,264.2,14.390643119812
1183,264.3,4.58356761932373
1184,264.4,3.76409316062927
1185,264.7,2.78293943405151
1186,264.9,34.5386009216309
1187,265.1,599.910583496094
1188,265.2,44.8484039306641
1189,265.4,2.90676140785217
1190,265.7,1.89799964427948
1191,265.8,5.89022970199585
1192,266.0,98.1734161376953
1193,266.1,108.638618469238
1194,266.3,13.9037857055664
1195,266.6,3.25392627716064
1196,266.8,11.4389152526855
1197,267.0,566.025939941406
1198,267.1,560.039184570313
1199,267.3,27.007438659668
1200,267.5,0.982972383499146
1201,267.7,3.9553644657135
1202,267.9,60.8798141479492
1203,268.1,229.819305419922
1204,268.3,108.52173614502
1205,268.4,5.92775678634644
1206,268.5,2.66225814819336
1207,268.8,11.4585886001587
1208,268.9,37.0066108703613
1209,269.1,187.340393066406
1210,269.2,64.1544036865234
1211,269.4,9.07571506500244
1212,269.6,1.24615633487701
1213,269.8,9.53942775726318
1214,270.0,34.0076026916504
1215,270.2,44.3154258728027
1216,270.3,252.92692565918
1217,270.5,1.99355268478394
1218,270.7,4.81220054626465
1219,270.9,17.927095413208
1220,271.1,37.3299713134766
1221,271.3,71.6030731201172
1222,271.4,5.03504705429077
1223,271.7,2.82955861091614
1224,271.9,7.12332630157471
1225,272.1,14.243842124939
1226,272.2,8.36634159088135
1227,272.3,13.1544055938721
1228,272.5,2.64423871040344
1229,272.7,1.12001979351044
1230,272.9,6.20730686187744
1231,273.0,4.40502548217773
1232,273.2,12.6321706771851
1233,273.3,7.50008249282837
1234,273.5,2.84063482284546
1235,273.8,2.6791205406189
1236,273.9,3.10563731193542
1237,274.1,12.7750043869019
1238,274.3,20.4147796630859
1239,274.4,5.60307502746582
1240,274.5,4.68259239196777
1241,274.7,1.4402379989624
1242,274.9,5.34121322631836
1243,275.0,3.87386345863342
1244,275.2,36.8593139648438
1245,275.3,10.3840303421021
1246,275.5,3.09737157821655
1247,275.8,2.77979826927185
1248,276.0,6.76954889297485
1249,276.2,17.0411643981934
1250,276.3,15.2278060913086
1251,276.5,3.30170273780823
1252,276.7,1.34683418273926
1253,276.9,5.70887756347656
1254,277.1,12.0170278549194
1255,277.2,15.0489339828491
1256,277.3,10.3977518081665
1257,277.5,1.89022982120514
1258,277.7,2.20383524894714
1259,277.8,1.5009092092514
1260,278.0,6.41461420059204
1261,278.2,13.1345672607422
1262,278.3,10.4891719818115
1263,278.5,3.99785089492798
1264,278.7,2.39411473274231
1265,278.9,13.3527851104736
1266,279.1,30.1639938354492
1267,279.2,14.8973388671875
1268,279.3,14.4848737716675
1269,279.5,1.76806080341339
1270,279.7,2.54141187667847
1271,279.8,2.58307147026062
1272,280.0,9.55314922332764
1273,280.2,6.46321725845337
1274,280.3,5.1796989440918
1275,280.5,0.458092242479324
1276,280.7,2.56802773475647
1277,280.9,25.9151916503906
1278,281.1,8842.263671875
1279,281.2,106.627212524414
1280,281.4,1.39626383781433
1281,281.6,0.318730354309082
1282,281.8,5.12663269042969
1283,282.0,252.38899230957
1284,282.1,2263.71044921875
1285,282.3,141.041000366211
1286,282.5,0.881302714347839
1287,282.7,2.35443878173828
1288,282.9,17.8212928771973
1289,283.1,1608.00134277344
1290,283.3,516.357055664063
1291,283.4,2.83567523956299
1292,283.6,1.06744921207428
1293,283.8,3.97255754470825
1294,284.0,129.500244140625
1295,284.1,175.57844543457
1296,284.3,183.385513305664
1297,284.4,5.58356761932373
1298,284.7,2.85881972312927
1299,284.9,34.0648040771484
1300,285.1,159.47346496582
1301,285.2,55.3901481628418
1302,285.4,8.48751831054688
1303,285.5,2.22912883758545
1304,285.8,6.43312931060791
1305,285.9,9.70772075653076
1306,286.1,31.3307991027832
1307,286.2,23.8578281402588
1308,286.4,5.52587223052979
1309,286.7,3.51496124267578
1310,286.9,13.4802446365356
1311,287.1,28.3443546295166
1312,287.2,23.1454792022705
1313,287.4,5.3635311126709
1314,287.7,2.34501576423645
1315,287.8,1.84096539020538
1316,288.0,7.989089012146
1317,288.1,6.23656797409058
1318,288.3,12.2178869247437
1319,288.4,6.00777006149292
1320,288.7,2.80972051620483
1321,288.8,2.9072573184967
1322,289.0,9.76938343048096
1323,289.2,19.5837326049805
1324,289.3,10.8507194519043
1325,289.5,2.97950077056885
1326,289.8,2.78475785255432
1327,289.9,2.18978333473206
1328,290.1,7.69168472290039
1329,290.2,5.66043996810913
1330,290.3,11.4404029846191
1331,290.5,2.30583572387695
1332,290.7,2.17259049415588
1333,290.8,1.31426680088043
1334,291.0,6.6364688873291
1335,291.2,10.2778968811035
1336,291.3,9.52240085601807
1337,291.5,2.39064311981201
1338,291.7,1.96908581256866
1339,291.9,3.44618940353394
1340,292.1,7.87469005584717
1341,292.3,9.29459381103516
1342,292.4,4.59216403961182
1343,292.6,3.93899822235107
1344,292.8,6.63068294525146
1345,292.9,7.82112741470337
1346,293.1,23.4855346679688
1347,293.2,17.1302700042725
1348,293.4,2.99404859542847
1349,293.6,2.58819627761841
1350,293.8,3.44635486602783
1351,293.9,3.48718786239624
1352,294.1,12.4815673828125
1353,294.3,18.9398250579834
1354,294.4,7.88543558120728
1355,294.7,3.76409316062927
1356,294.9,18.6442394256592
1357,295.1,86.2393798828125
1358,295.2,66.334602355957
1359,295.4,5.36452293395996
1360,295.5,2.85898494720459
1361,295.8,4.74442052841187
1362,296.0,21.9520587921143
1363,296.2,34.1297721862793
1364,296.3,13.6019172668457
1365,296.4,9.45726585388184
1366,296.7,3.10133910179138
1367,296.8,4.57315254211426
1368,297.0,24.0571994781494
1369,297.2,33.1778793334961
1370,297.3,23.1320877075195
1371,297.5,2.14564394950867
1372,297.7,2.40981984138489
1373,297.9,6.1782112121582
1374,298.1,10.956356048584
1375,298.3,12.7288808822632
1376,298.4,6.19689226150513
1377,298.6,1.12431812286377
1378,298.8,7.20036363601685
1379,299.0,28.8824596405029
1380,299.2,41.5278549194336
1381,299.3,15.5171098709106
1382,299.5,1.44767725467682
1383,299.7,2.50008273124695
1384,299.8,2.66556453704834
1385,300.0,11.247974395752
1386,300.2,15.3673334121704
1387,300.3,6.18118715286255
1388,300.4,5.23474931716919
1389,300.7,2.9039511680603
1390,300.8,3.19044470787048
1391,301.0,11.3557615280151
1392,301.2,13.6225824356079
1393,301.3,8.53975868225098
1394,301.5,1.53876674175262
1395,301.6,1.64804100990295
1396,301.9,3.91172099113464
1397,302.0,3.61348986625671
1398,302.2,8.83418750762939
1399,302.3,7.81864786148071
1400,302.5,1.97917008399963
1401,302.7,2.53612160682678
1402,302.9,4.43726253509521
1403,303.0,3.91469669342041
1404,303.2,9.30120658874512
1405,303.3,5.86510181427002
1406,303.5,2.75549674034119
1407,303.8,2.58141851425171
1408,304.0,4.92213582992554
1409,304.2,6.93040180206299
1410,304.3,2.91899490356445
1411,304.4,4.15705060958862
1412,304.7,2.09538769721985
1413,304.9,4.13473320007324
1414,305.1,7.58703899383545
1415,305.2,3.68408012390137
1416,305.3,5.75417423248291
1417,305.5,1.34435439109802
1418,305.7,1.83881628513336
1419,305.9,3.43031907081604
1420,306.1,6.02909564971924
1421,306.3,7.26830863952637
1422,306.4,4.12795495986938
1423,306.6,1.20218217372894
1424,306.8,3.42965769767761
1425,307.0,6.90725755691528
1426,307.2,10.3557615280151
1427,307.3,7.23888254165649
1428,307.5,2.51777148246765
1429,307.8,2.30104160308838
1430,308.0,4.15390968322754
1431,308.2,6.55843925476074
1432,308.4,5.70292615890503
1433,308.6,3.06364679336548
1434,308.8,6.40618276596069
1435,309.0,13.504711151123
1436,309.1,8.65134716033936
1437,309.2,14.1891222000122
1438,309.4,5.66953229904175
1439,309.7,2.54951238632202
1440,309.8,1.90973711013794
1441,310.0,6.58158349990845
1442,310.2,8.51611804962158
1443,310.3,2.93271613121033
1444,310.4,4.3458423614502
1445,310.7,4.71631669998169
1446,310.8,7.22383880615234
1447,311.0,26.9740447998047
1448,311.1,30.8895683288574
1449,311.3,8.68275737762451
1450,311.5,1.64820635318756
1451,311.7,3.18449330329895
1452,311.9,7.74524736404419
1453,312.1,12.9806575775146
1454,312.2,7.1248140335083
1455,312.3,6.92411947250366
1456,312.5,2.53794026374817
1457,312.7,3.96925115585327
1458,312.9,15.5647211074829
1459,313.1,40.2886428833008
1460,313.2,36.1049766540527
1461,313.4,8.47958374023438
1462,313.6,1.52388823032379
1463,313.8,4.4524712562561
1464,313.9,4.3924617767334
1465,314.1,14.0611667633057
1466,314.2,7.69895839691162
1467,314.3,9.70986938476563
1468,314.5,2.32864928245544
1469,314.7,2.8573317527771
1470,314.9,5.72838497161865
1471,315.1,11.4617290496826
1472,315.2,5.2440071105957
1473,315.3,6.86873865127563
1474,315.5,2.43114566802979
1475,315.8,2.23822116851807
1476,316.0,4.71681261062622
1477,316.1,2.93205499649048
1478,316.3,7.11076211929321
1479,316.4,2.45528197288513
1480,316.5,2.28467512130737
1481,316.8,1.98991572856903
1482,316.9,1.69069266319275
1483,317.1,5.27492141723633
1484,317.3,6.50041341781616
1485,317.4,4.66093587875366
1486,317.7,1.83088111877441
1487,317.9,2.54835510253906
1488,318.1,4.43858480453491
1489,318.3,29.9027938842773
1490,318.4,3.29393291473389
1491,318.7,1.99189949035645
1492,318.9,2.28087282180786
1493,319.0,1.75202512741089
1494,319.2,4.97024297714233
1495,319.3,7.67283868789673
1496,319.5,1.02248311042786
1497,319.7,1.44437098503113
1498,319.8,0.944122970104218
1499,320.0,2.52653336524963
1500,320.2,5.6791205406189
1501,320.3,10.3734502792358
1502,320.4,4.04761123657227
1503,320.7,1.74442052841187
1504,320.9,2.65266990661621
1505,321.1,5.63167476654053
1506,321.2,3.42519426345825
1507,321.3,7.97602891921997
1508,321.5,2.6379566192627
1509,321.8,1.82988929748535
1510,322.0,3.22152423858643
1511,322.2,5.65911722183228
1512,322.3,2.57596302032471
1513,322.5,3.41676306724548
1514,322.7,4.32120990753174
1515,322.9,20.6951560974121
1516,323.0,18.0171928405762
1517,323.2,34.2879829406738
1518,323.3,11.1178703308105
1519,323.5,1.58522069454193
1520,323.7,3.17606210708618
1521,323.8,3.81368827819824
1522,324.0,12.8011245727539
1523,324.1,7.54124641418457
1524,324.2,9.3567533493042
1525,324.4,1.77831041812897
1526,324.6,2.83716320991516
1527,324.8,16.7399578094482
1528,325.0,125.472145080566
1529,325.1,102.239044189453
1530,325.3,3.88510489463806
1531,325.4,2.58918833732605
1532,325.7,4.47379732131958
1533,325.8,8.26913547515869
1534,326.0,44.3832054138184
1535,326.1,41.9325523376465
1536,326.3,4.36369657516479
1537,326.4,3.29393291473389
1538,326.7,5.68374919891357
1539,326.9,66.4119720458984
1540,327.0,166.895690917969
1541,327.1,194.074890136719
1542,327.3,5.41196870803833
1543,327.4,1.92461562156677
1544,327.7,3.86328315734863
1545,327.8,7.67366504669189
1546,328.0,72.4172592163086
1547,328.1,68.8455963134766
1548,328.3,8.70937347412109
1549,328.6,3.46635818481445
1550,328.7,4.01917695999146
1551,328.9,29.3739452362061
1552,329.0,29.0505867004395
1553,329.1,44.2286338806152
1554,329.3,7.6186146736145
1555,329.5,1.12878167629242
1556,329.7,3.13837003707886
1557,329.9,10.4017190933228
1558,330.1,13.9003143310547
1559,330.2,10.6263847351074
1560,330.4,3.91370463371277
1561,330.7,2.82542562484741
1562,330.8,1.97222685813904
1563,331.0,8.99123859405518
1564,331.1,13.338568687439
1565,331.3,7.01967287063599
1566,331.5,2.67498755455017
1567,331.8,1.89105641841888
1568,332.0,3.8396430015564
1569,332.2,6.49247789382935
1570,332.3,5.48983287811279
1571,332.5,2.55876994132996
1572,332.8,1.81782114505768
1573,332.9,1.01686227321625
1574,333.1,4.18069124221802
1575,333.2,2.19110608100891
1576,333.4,3.30104160308838
1577,333.6,1.98975038528442
1578,333.7,0.7647545337677
1579,333.9,1.96181190013885
1580,334.0,1.55149614810944
1581,334.2,3.66457271575928
1582,334.3,2.08976697921753
1583,334.4,3.22218537330627
1584,334.7,2.17044138908386
1585,334.9,2.43379068374634
1586,335.0,1.83914697170258
1587,335.2,4.68870878219604
1588,335.3,4.35956335067749
1589,335.5,1.96148121356964
1590,335.8,1.36286985874176
1591,336.0,2.41213417053223
1592,336.2,2.91668033599854
1593,336.3,3.08695650100708
1594,336.5,0.907753348350525
1595,336.7,2.21061325073242
1596,336.8,1.65052080154419
1597,337.0,4.61530828475952
1598,337.2,6.08199691772461
1599,337.3,4.24053573608398
1600,337.5,2.16548180580139
1601,337.8,1.72226810455322
1602,338.0,3.06860637664795
1603,338.1,1.84195733070374
1604,338.3,3.76541566848755
1605,338.4,1.23590672016144
1606,338.6,2.4918167591095
1607,338.8,9.43395614624023
1608,339.0,41.0580253601074
1609,339.1,49.5323181152344
1610,339.3,11.13489818573
1611,339.5,1.12845098972321
1612,339.7,2.84179210662842
1613,339.8,4.15126466751099
1614,340.0,18.1062984466553
1615,340.1,17.4645404815674
1616,340.3,3.199702501297
1617,340.6,1.40089273452759
1618,340.8,10.4572658538818
1619,341.0,306.853515625
1620,341.1,515.61181640625
1621,341.3,7.60985279083252
1622,341.5,0.785584390163422
1623,341.7,2.47131752967834
1624,341.8,6.63812208175659
1625,342.0,123.249626159668
1626,342.1,113.794013977051
1627,342.2,57.7865753173828
1628,342.4,3.13192272186279
1629,342.7,3.93172430992126
1630,342.9,38.1147308349609
1631,343.1,156.706558227539
1632,343.2,44.2387161254883
1633,343.4,2.49958682060242
1634,343.7,3.32154083251953
1635,343.8,5.14051914215088
1636,344.0,29.460241317749
1637,344.1,17.1411800384521
1638,344.2,22.5116539001465
1639,344.4,2.36468839645386
1640,344.6,2.88130259513855
1641,344.7,2.44618940353394
1642,344.9,15.7903785705566
1643,345.0,13.7887258529663
1644,345.1,30.8632831573486
1645,345.3,10.119854927063
1646,345.6,2.03455114364624
1647,345.8,3.36055541038513
1648,346.0,8.0180196762085
1649,346.1,6.38584899902344
1650,346.2,7.79186630249023
1651,346.4,1.70292615890503
1652,346.6,2.24747896194458
1653,346.8,3.04711532592773
1654,346.9,2.09142017364502
1655,347.1,7.18581581115723
1656,347.3,6.24218893051147
1657,347.4,2.31591987609863
1658,347.7,1.34270131587982
1659,347.9,2.17027616500854
1660,348.1,3.86791205406189
1661,348.2,3.76938343048096
1662,348.4,2.80360388755798
1663,348.7,1.43808889389038
1664,348.9,2.21557283401489
1665,349.1,3.26053881645203
1666,349.3,4.33906412124634
1667,349.4,2.19209790229797
1668,349.6,0.903289794921875
1669,349.8,1.78012895584106
1670,349.9,1.28169941902161
1671,350.1,3.22549176216125
1672,350.3,4.04711532592773
1673,350.4,2.67168116569519
1674,350.6,0.791370451450348
1675,350.8,1.92494630813599
1676,350.9,1.12580597400665
1677,351.1,3.75004124641418
1678,351.3,3.79285836219788
1679,351.4,2.12564063072205
1680,351.6,1.70871222019196
1681,351.9,2.12993884086609
1682,352.1,3.7325177192688
1683,352.2,4.02992248535156
1684,352.4,2.55331468582153
1685,352.6,1.15275251865387
1686,352.8,3.72425198554993
1687,353.0,9.41990375518799
1688,353.1,5.42668199539185
1689,353.2,9.11687850952148
1690,353.4,4.34104824066162
1691,353.7,2.37014389038086
1692,353.8,1.68044304847717
1693,354.0,6.05438899993896
1694,354.1,6.09389972686768
1695,354.3,1.01901137828827
1696,354.5,0.420730710029602
1697,354.7,2.40023136138916
1698,354.8,4.54471826553345
1699,355.0,144.696807861328
1700,355.1,1096.4404296875
1701,355.3,10.1423377990723
1702,355.4,2.4190776348114
1703,355.6,0.491320878267288
1704,355.8,3.86708545684814
1705,356.0,125.031242370605
1706,356.1,324.317413330078
1707,356.3,10.4217224121094
1708,356.4,2.57811212539673
1709,356.7,2.53132748603821
1710,356.8,3.93585705757141
1711,357.0,105.413619995117
1712,357.1,229.191101074219
1713,357.3,16.2803764343262
1714,357.4,2.09373450279236
1715,357.7,1.68523728847504
1716,357.9,16.2582244873047
1717,358.0,25.817325592041
1718,358.1,52.7956695556641
1719,358.3,11.0588531494141
1720,358.4,4.58191442489624
1721,358.6,1.38303852081299
1722,358.8,6.12051582336426
1723,359.0,28.8862628936768
1724,359.2,36.4372634887695
1725,359.3,12.8733673095703
1726,359.5,1.28285670280457
1727,359.7,1.95784425735474
1728,359.8,1.69366836547852
1729,360.0,8.2086296081543
1730,360.2,10.1578769683838
1731,360.3,6.29608201980591
1732,360.5,1.16944944858551
1733,360.7,2.16432476043701
1734,360.8,2.17126798629761
1735,361.0,6.7913703918457
1736,361.2,8.42073059082031
1737,361.3,5.07075548171997
1738,361.6,1.6488676071167
1739,361.8,1.82509505748749
1740,362.0,2.65994381904602
1741,362.1,3.96329975128174
1742,362.3,2.80013227462769
1743,362.5,1.01041495800018
1744,362.7,2.35906767845154
1745,362.9,5.63316249847412
1746,363.1,8.31773853302002
1747,363.2,6.51777172088623
1748,363.4,2.44486689567566
1749,363.6,0.74078357219696
1750,363.8,2.33939504623413
1751,364.0,2.96181178092957
1752,364.2,4.40750551223755
1753,364.3,3.32418584823608
1754,364.6,2.05819153785706
1755,364.8,2.23127794265747
1756,365.0,3.62125968933105
1757,365.2,4.96363019943237
1758,365.3,3.53479909896851
1759,365.5,1.83633661270142
1760,365.8,1.73185646533966
1761,365.9,1.21193587779999
1762,366.1,4.26996183395386
1763,366.2,13.2378902435303
1764,366.4,3.58422875404358
1765,366.7,2.73632001876831
1766,366.9,6.29426336288452
1767,367.0,4.97024297714233
1768,367.2,14.1325836181641
1769,367.3,9.63150978088379
1770,367.5,1.81170439720154
1771,367.7,2.0925772190094
1772,367.9,3.45511651039124
1773,368.1,7.98032712936401
1774,368.3,14.5263681411743
1775,368.4,6.06893682479858
1776,368.7,4.42304515838623
1777,368.8,3.89237880706787
1778,369.0,21.4063472747803
1779,369.2,33.8067436218262
1780,369.3,14.9244499206543
1781,369.5,2.76971411705017
1782,369.8,3.61944127082825
1783,370.0,9.31178665161133
1784,370.2,13.3660106658936
1785,370.3,8.42618656158447
1786,370.5,3.2407009601593
1787,370.8,6.46420907974243
1788,370.9,7.84162664413452
1789,371.1,24.0333938598633
1790,371.2,16.6017532348633
1791,371.4,4.28831195831299
1792,371.7,2.70821619033813
1793,371.9,5.48983287811279
1794,372.1,9.15523242950439
1795,372.2,8.2082986831665
1796,372.4,3.50338888168335
1797,372.7,3.32021832466125
1798,372.9,8.96247291564941
1799,373.1,16.846752166748
1800,373.2,14.0145483016968
1801,373.4,1.8877500295639
1802,373.6,1.884113073349
1803,373.8,3.03603911399841
1804,373.9,2.18829560279846
1805,374.1,6.84030437469482
1806,374.2,5.84609031677246
1807,374.4,2.69945454597473
1808,374.6,0.641593635082245
1809,374.8,2.6811044216156
1810,375.0,4.79368495941162
1811,375.2,5.17887258529663
1812,375.3,2.42354106903076
1813,375.4,2.55926609039307
1814,375.6,1.35427343845367
1815,375.9,2.31724262237549
1816,376.1,3.96825933456421
1817,376.3,3.99553656578064
1818,376.4,2.44304847717285
1819,376.7,1.57265663146973
1820,376.9,2.09571838378906
1821,377.1,3.34154415130615
1822,377.3,3.16151428222656
1823,377.4,2.06744909286499
1824,377.7,1.10034716129303
1825,377.9,2.21011734008789
1826,378.1,3.55414128303528
1827,378.2,3.28649353981018
1828,378.5,2.21656465530396
1829,378.7,1.55910062789917
1830,378.9,2.3709704875946
1831,379.1,3.38055872917175
1832,379.3,3.86212587356567
1833,379.4,1.33757650852203
1834,379.5,1.93255078792572
1835,379.8,1.64390814304352
1836,380.0,2.48553490638733
1837,380.2,3.53661751747131
1838,380.3,1.65895187854767
1839,380.5,1.96776330471039
1840,380.7,2.07042479515076
1841,380.9,3.79566860198975
1842,381.0,2.62621927261353
1843,381.2,5.27128458023071
1844,381.3,3.68920493125916
1845,381.6,1.68606376647949
1846,381.8,1.98958504199982
1847,381.9,1.38386511802673
1848,382.1,3.83881640434265
1849,382.3,3.66473793983459
1850,382.5,2.75748062133789
1851,382.7,4.30500888824463
1852,382.9,10.4420566558838
1853,383.1,14.0413293838501
1854,383.2,6.63200521469116
1855,383.3,4.52240037918091
1856,383.6,2.08117055892944
1857,383.8,3.26384520530701
1858,384.0,5.52669858932495
1859,384.2,6.99421405792236
1860,384.3,3.50570344924927
1861,384.6,2.93106293678284
1862,384.8,12.0667877197266
1863,385.0,30.5480251312256
1864,385.1,32.921142578125
1865,385.3,7.0603404045105
1866,385.6,2.25723266601563
1867,385.8,5.04909896850586
1868,386.0,11.6473798751831
1869,386.1,12.192759513855
1870,386.3,5.94577598571777
1871,386.5,1.04546201229095
1872,386.7,4.44420576095581
1873,386.9,26.9811534881592
1874,387.0,26.8036041259766
1875,387.1,53.0856323242188
1876,387.3,11.1312618255615
1877,387.6,2.85832357406616
1878,387.8,6.07422733306885
1879,388.0,16.4051914215088
1880,388.1,9.99189949035645
1881,388.2,14.1104316711426
1882,388.4,3.13324522972107
1883,388.7,3.23954367637634
1884,388.9,8.25210762023926
1885,389.1,12.89866065979
1886,389.2,10.4990911483765
1887,389.4,1.94726395606995
1888,389.6,1.76525044441223
1889,389.8,2.44536280632019
1890,390.0,4.34600782394409
1891,390.1,4.83550977706909
1892,390.3,2.9712347984314
1893,390.6,1.36849069595337
1894,390.8,1.98710525035858
1895,391.0,3.15209126472473
1896,391.1,1.77583074569702
1897,391.3,3.26946592330933
1898,391.4,2.39345335960388
1899,391.7,1.15457105636597
1900,391.9,1.76095223426819
1901,392.0,1.21309304237366
1902,392.2,3.25987768173218
1903,392.3,2.86196064949036
1904,392.6,1.61034882068634
1905,392.7,0.449165165424347
1906,392.9,1.47445857524872
1907,393.1,1.98809719085693
1908,393.2,1.49297404289246
1909,393.4,2.31261372566223
1910,393.6,1.7860803604126
1911,393.8,1.21871387958527
1912,393.9,0.929905772209167
1913,394.1,2.73384022712708
1914,394.2,1.31211769580841
1915,394.4,2.93651843070984
1916,394.5,1.37675642967224
1917,394.7,0.558935344219208
1918,394.9,1.48057532310486
1919,395.1,2.34848737716675
1920,395.2,1.59778475761414
1921,395.3,2.75896835327148
1922,395.6,1.71400237083435
1923,395.8,1.33939492702484
1924,396.0,2.17738461494446
1925,396.1,1.30186808109283
1926,396.3,2.94445371627808
1927,396.5,2.17804598808289
1928,396.7,2.01603579521179
1929,396.9,3.9375102519989
1930,397.1,5.24516439437866
1931,397.3,4.81137371063232
1932,397.4,1.23739457130432
1933,397.5,1.62423539161682
1934,397.7,1.00677800178528
1935,397.9,2.11472964286804
1936,398.1,3.61150598526001
1937,398.3,3.28236079216003
1938,398.4,2.64225482940674
1939,398.7,4.53876686096191
1940,398.9,22.4248638153076
1941,399.0,19.1224994659424
1942,399.1,33.8470840454102
1943,399.3,8.05918312072754
1944,399.6,2.10249638557434
1945,399.8,5.93684911727905
1946,400.0,14.4866924285889
1947,400.1,13.8659286499023
1948,400.3,4.13456773757935
1949,400.5,0.857827723026276
1950,400.7,4.22251605987549
1951,400.9,42.5157890319824
1952,401.0,84.5600891113281
1953,401.1,144.634979248047
1954,401.3,9.71185302734375
1955,401.6,1.82641756534576
1956,401.8,10.7842617034912
1957,402.0,49.5523223876953
1958,402.1,54.1403541564941
1959,402.3,10.6275415420532
1960,402.6,2.84129619598389
1961,402.7,2.87336754798889
1962,402.9,23.5840625762939
1963,403.1,42.591007232666
1964,403.2,22.4098205566406
1965,403.4,2.16465520858765
1966,403.6,2.28136873245239
1967,403.7,1.39890885353088
1968,403.9,8.19160175323486
1969,404.0,6.34633827209473
1970,404.2,10.726731300354
1971,404.3,5.66721773147583
1972,404.6,1.81749045848846
1973,404.8,3.58753514289856
1974,405.0,6.8751859664917
1975,405.1,10.3641920089722
1976,405.3,3.49842953681946
1977,405.5,0.878327012062073
1978,405.7,1.33807241916656
1979,405.9,2.46139860153198
1980,406.1,4.46305179595947
1981,406.2,3.53248476982117
1982,406.4,1.84030413627625
1983,406.6,1.39146971702576
1984,406.8,1.66374611854553
1985,407.0,1.4903290271759
1986,407.2,2.94379234313965
1987,407.3,1.57364857196808
1988,407.5,3.64407348632813
1989,407.7,1.20796823501587
1990,407.8,0.702926099300385
1991,408.0,2.0712513923645
1992,408.1,1.57183003425598
1993,408.3,3.27326822280884
1994,408.5,2.84476780891418
1995,408.7,1.50041329860687
1996,408.9,1.47082161903381
1997,409.1,2.27607870101929
1998,409.2,1.91717636585236
1999,409.3,3.18565058708191
2000,409.5,1.97983133792877
2001,409.8,1.51711022853851
2002,410.0,1.86245656013489
2003,410.2,2.48553490638733
2004,410.4,3.46784591674805
2005,410.5,0.841792047023773
2006,410.7,1.48900640010834
2007,410.8,0.773681581020355
2008,411.0,1.79533803462982
2009,411.2,2.3119523525238
2010,411.3,1.01868081092834
2011,411.4,1.55149614810944
2012,411.6,1.1676310300827
2013,411.9,1.50454616546631
2014,412.1,2.2818648815155
2015,412.3,1.84906601905823
2016,412.5,1.78178215026855
2017,412.7,2.48917174339294
2018,412.9,5.21325826644897
2019,413.1,9.27839279174805
2020,413.2,5.08761787414551
2021,413.3,5.821457862854
2022,413.5,1.83567535877228
2023,413.8,2.44354438781738
2024,414.0,4.76293611526489
2025,414.1,2.78343534469604
2026,414.2,3.65878653526306
2027,414.5,1.13919651508331
2028,414.7,2.26483726501465
2029,414.9,18.5929908752441
2030,415.1,261.260711669922
2031,415.2,133.13655090332
2032,415.3,22.6129932403564
2033,415.6,1.39361882209778
2034,415.8,4.52240037918091
2035,416.0,54.0433120727539
2036,416.2,115.023643493652
2037,416.3,23.7070598602295
2038,416.5,1.19424700737
2039,416.7,3.00330638885498
2040,416.9,19.2693004608154
2041,417.0,33.9294090270996
2042,417.2,79.6558074951172
2043,417.3,15.0195074081421
2044,417.4,4.59927272796631
2045,417.6,1.09505701065063
2046,417.8,4.26979684829712
2047,418.0,17.1188621520996
2048,418.2,22.1886253356934
2049,418.3,11.2899656295776
2050,418.6,2.33542728424072
2051,418.8,3.88527035713196
2052,419.0,11.0950574874878
2053,419.2,12.1472969055176
2054,419.3,7.29938840866089
2055,419.5,1.72458255290985
2056,419.7,0.936518430709839
2057,419.9,3.33509659767151
2058,420.1,4.79682588577271
2059,420.2,2.57331800460815
2060,420.3,4.05257081985474
2061,420.6,2.25425696372986
2062,420.7,0.829062640666962
2063,420.9,2.56571340560913
2064,421.1,3.85055375099182
2065,421.2,2.42155718803406
2066,421.4,4.20135545730591
2067,421.5,1.87915360927582
2068,421.6,1.80657958984375
2069,421.9,2.13225317001343
2070,422.1,3.21920967102051
2071,422.2,1.56174576282501
2072,422.4,2.72540926933289
2073,422.5,1.43610513210297
2074,422.7,1.49132084846497
2075,422.9,1.43693172931671
2076,423.1,2.4903290271759
2077,423.3,3.01537442207336
2078,423.4,1.31443214416504
2079,423.6,1.86179530620575
2080,423.7,1.06563067436218
2081,424.0,1.75136387348175
2082,424.2,2.61563897132874
2083,424.4,2.5741446018219
2084,424.6,1.90428173542023
2085,424.7,0.621094405651093
2086,424.9,1.42221856117249
2087,425.1,2.18482398986816
2088,425.2,1.27111923694611
2089,425.3,2.18680763244629
2090,425.6,1.59976851940155
2091,425.7,0.500247955322266
2092,425.8,1.35708379745483
2093,426.1,2.05471968650818
2094,426.3,2.857497215271
2095,426.4,2.18763422966003
2096,426.7,1.63845264911652
2097,426.9,2.80426526069641
2098,427.1,3.35824108123779
2099,427.2,3.3154239654541
2100,427.4,1.41610181331635
2101,427.6,1.72044968605042
2102,427.8,1.2283022403717
2103,427.9,1.09125471115112
2104,428.1,2.44635486602783
2105,428.2,1.43395602703094
2106,428.4,7.11869716644287
2107,428.5,7.92891407012939
2108,428.8,4.68639421463013
2109,429.0,75.1139068603516
2110,429.1,226.323532104492
2111,429.3,29.5080184936523
2112,429.5,3.01190280914307
2113,429.7,1.08398079872131
2114,429.9,18.957347869873
2115,430.1,74.6782913208008
2116,430.2,41.1643257141113
2117,430.3,24.2020168304443
2118,430.5,1.8698958158493
2119,430.7,3.04000663757324
2120,430.8,4.48239374160767
2121,431.0,35.5564575195313
2122,431.1,34.1094398498535
2123,431.2,50.5572814941406
2124,431.4,3.16366338729858
2125,431.5,2.36055541038513
2126,431.7,1.35476934909821
2127,431.9,8.54637145996094
2128,432.1,19.4650363922119
2129,432.2,18.5091743469238
2130,432.4,5.25243854522705
2131,432.5,5.58571672439575
2132,432.7,1.89700782299042
2133,432.9,6.90742254257202
2134,433.1,13.3774175643921
2135,433.2,7.20019817352295
2136,433.3,9.82311153411865
2137,433.5,2.93089771270752
2138,433.7,0.850719153881073
2139,433.9,3.11373782157898
2140,434.0,2.3458423614502
2141,434.2,5.5883617401123
2142,434.3,4.50338888168335
2143,434.6,1.83319556713104
2144,434.7,0.533972561359406
2145,434.9,2.19639611244202
2146,435.1,3.36749887466431
2147,435.2,1.86262190341949
2148,435.3,3.66209292411804
2149,435.5,0.991734147071838
2150,435.6,1.38403046131134
2151,435.9,1.62307822704315
2152,436.1,2.10580253601074
2153,436.3,2.93205499649048
2154,436.5,2.11836671829224
2155,436.7,2.04909896850586
2156,436.8,1.43064963817596
2157,437.0,3.57827734947205
2158,437.1,1.69135391712189
2159,437.3,3.88808059692383
2160,437.4,1.91519260406494
2161,437.6,0.558604717254639
2162,437.8,1.62159037590027
2163,437.9,0.905934870243073
2164,438.1,2.5136387348175
2165,438.2,1.59249460697174
2166,438.4,2.95718312263489
2167,438.5,1.4385849237442
2168,438.7,1.86873865127563
2169,438.8,0.789882600307465
2170,439.0,1.79004788398743
2171,439.2,2.31740784645081
2172,439.3,2.1302695274353
2173,439.5,1.53083157539368
2174,439.7,0.866589546203613
2175,439.9,0.589353621006012
2176,440.1,1.93370807170868
2177,440.3,3.74524712562561
2178,440.4,2.4493305683136
2179,440.6,3.47726893424988
2180,440.7,1.55992722511292
2181,440.9,2.47793030738831
2182,441.1,3.31525874137878
2183,441.3,3.80145478248596
2184,441.4,2.49776816368103
2185,441.6,0.870226502418518
2186,441.8,1.53198873996735
2187,441.9,0.803107976913452
2188,442.1,2.38617944717407
2189,442.3,3.29095721244812
2190,442.5,2.27359890937805
2191,442.7,2.39824771881104
2192,442.8,1.90576958656311
2193,443.0,4.64655303955078
2194,443.2,4.9575138092041
2195,443.3,3.3868408203125
2196,443.6,1.46619272232056
2197,443.8,1.65052080154419
2198,444.0,2.67316913604736
2199,444.2,3.34352779388428
2200,444.3,2.17788052558899
2201,444.6,1.94180858135223
2202,444.8,5.05571174621582
2203,445.0,9.8763427734375
2204,445.1,6.54934692382813
2205,445.2,8.76822662353516
2206,445.4,1.49446189403534
2207,445.5,1.90924119949341
2208,445.8,2.62704586982727
2209,446.0,4.62572336196899
2210,446.2,5.84658622741699
2211,446.3,3.63283181190491
2212,446.6,2.42618608474731
2213,446.8,3.99008107185364
2214,447.0,9.90891075134277
2215,447.1,10.3307981491089
2216,447.3,3.46949911117554
2217,447.4,2.93701434135437
2218,447.7,1.98016202449799
2219,447.8,1.31674659252167
2220,448.0,3.95619106292725
2221,448.1,2.64456939697266
2222,448.3,4.74871873855591
2223,448.4,2.62654995918274
2224,448.7,1.72243344783783
2225,448.9,2.08199691772461
2226,449.1,3.2975697517395
2227,449.3,3.59332132339478
2228,449.4,1.47693836688995
2229,449.5,2.86857342720032
2230,449.7,1.37907087802887
2231,450.0,1.63564229011536
2232,450.2,2.33112907409668
2233,450.4,3.78442716598511
2234,450.5,5.24037027359009
2235,450.6,3.69085788726807
2236,450.9,1.55513310432434
2237,451.0,0.636138200759888
2238,451.2,1.90147137641907
2239,451.4,2.47478914260864
2240,451.5,2.46635818481445
2241,451.6,2.00562071800232
2242,451.8,0.63547694683075
2243,452.0,1.2228467464447
2244,452.2,2.32732677459717
2245,452.4,2.21425032615662
2246,452.6,1.91833364963531
2247,452.7,0.634154379367828
2248,452.9,1.32683086395264
2249,453.0,1.48735332489014
2250,453.3,1.69747066497803
2251,453.4,0.736815989017487
2252,453.5,1.31476271152496
2253,453.7,1.12679779529572
2254,453.9,0.791701078414917
2255,454.1,1.54488348960876
2256,454.2,0.865432322025299
2257,454.4,2.08612990379333
2258,454.6,1.56538271903992
2259,454.8,1.15308320522308
2260,454.9,0.670358717441559
2261,455.1,1.27111923694611
2262,455.3,1.74987602233887
2263,455.4,1.53992390632629
2264,455.7,1.03422057628632
2265,455.9,1.15804266929626
2266,456.0,0.565878629684448
2267,456.2,1.84311461448669
2268,456.4,1.70557117462158
2269,456.6,1.52636802196503
2270,456.7,1.14448666572571
2271,456.9,2.53364181518555
2272,457.0,1.46916842460632
2273,457.2,2.97718620300293
2274,457.3,2.22863292694092
2275,457.6,1.46520090103149
2276,457.7,0.720118999481201
2277,457.9,1.89237892627716
2278,458.1,2.0089271068573
2279,458.2,0.950239717960358
2280,458.3,2.08265829086304
2281,458.5,1.1426682472229
2282,458.7,3.45544719696045
2283,458.9,9.11572170257568
2284,459.1,12.4435443878174
2285,459.2,9.00033092498779
2286,459.4,2.48950242996216
2287,459.7,2.652339220047
2288,459.9,5.09340381622314
2289,460.1,6.57629346847534
2290,460.2,2.36981320381165
2291,460.3,3.24086618423462
2292,460.5,1.07108616828918
2293,460.7,4.11869716644287
2294,460.9,20.5424041748047
2295,461.1,61.2512817382813
2296,461.2,40.866756439209
2297,461.4,3.92759132385254
2298,461.7,3.51082825660706
2299,461.8,4.05273580551147
2300,462.0,21.0963802337646
2301,462.1,13.5552988052368
2302,462.2,18.4757804870605
2303,462.4,4.76458930969238
2304,462.6,1.54174244403839
2305,462.8,5.88312101364136
2306,463.0,14.2231769561768
2307,463.2,17.4003963470459
2308,463.3,4.72193765640259
2309,463.4,3.80641436576843
2310,463.7,2.03091430664063
2311,463.8,1.68837821483612
2312,464.0,5.15060329437256
2313,464.2,6.00876188278198
2314,464.3,3.62357425689697
2315,464.5,0.764919817447662
2316,464.7,1.45428991317749
2317,464.8,1.11291122436523
2318,465.0,3.16432476043701
2319,465.2,3.32997179031372
2320,465.4,2.71020007133484
2321,465.5,0.834518074989319
2322,465.6,1.49446189403534
2323,465.9,1.24037027359009
2324,466.1,2.2228467464447
2325,466.2,1.33245170116425
2326,466.4,1.92097866535187
2327,466.6,1.76095223426819
2328,466.8,1.23028600215912
2329,466.9,0.537278890609741
2330,467.1,1.32368981838226
2331,467.3,1.75070261955261
2332,467.4,0.708381533622742
2333,467.6,1.54653656482697
2334,467.7,0.508017838001251
2335,467.9,1.08612990379333
2336,468.1,1.16184496879578
2337,468.3,1.60853028297424
2338,468.5,1.81914365291595
2339,468.7,1.32765746116638
2340,468.8,0.472144156694412
2341,469.0,1.20995211601257
2342,469.1,0.542734324932098
2343,469.3,1.26632499694824
2344,469.4,0.459414780139923
2345,469.6,1.02198708057404
2346,469.8,1.03488183021545
2347,470.0,1.11754012107849
2348,470.2,1.18994879722595
2349,470.4,1.23441886901855
2350,470.5,0.712514460086823
2351,470.7,1.02942633628845
2352,470.8,0.655480265617371
2353,471.0,1.73598945140839
2354,471.2,1.97917008399963
2355,471.3,0.741610169410706
2356,471.4,1.40056204795837
2357,471.6,1.05075216293335
2358,471.8,0.665729880332947
2359,472.0,1.23375761508942
2360,472.2,1.53975868225098
2361,472.3,1.31972229480743
2362,472.5,0.71350634098053
2363,472.7,2.00991892814636
2364,472.9,4.40287637710571
2365,473.1,7.55579423904419
2366,473.2,3.68193078041077
2367,473.3,4.50090932846069
2368,473.5,0.703256726264954
2369,473.7,1.32021820545197
2370,473.9,2.80244660377502
2371,474.1,3.69631338119507
2372,474.2,3.4278392791748
2373,474.4,1.0462886095047
2374,474.5,1.38832867145538
2375,474.8,3.48338580131531
2376,475.0,46.8890724182129
2377,475.2,162.001647949219
2378,475.3,47.7877349853516
2379,475.5,2.19176721572876
2380,475.8,4.47710371017456
2381,475.9,9.17573165893555
2382,476.1,53.3195571899414
2383,476.2,35.6612663269043
2384,476.3,32.0489349365234
2385,476.5,3.78889083862305
2386,476.8,4.27905416488647
2387,477.0,23.4273433685303
2388,477.1,19.8642749786377
2389,477.2,34.9112243652344
2390,477.4,5.97983121871948
2391,477.5,2.994544506073
2392,477.8,2.74822282791138
2393,478.0,9.65531539916992
2394,478.2,12.7728548049927
2395,478.3,9.17077159881592
2396,478.5,1.43445193767548
2397,478.7,1.88940322399139
2398,478.9,2.9039511680603
2399,479.1,5.50322389602661
2400,479.2,6.43676662445068
2401,479.4,1.58141839504242
2402,479.5,1.73202180862427
2403,479.8,1.3992395401001
2404,480.0,2.61101007461548
2405,480.1,1.31558930873871
2406,480.3,2.46139860153198
2407,480.4,1.76640772819519
2408,480.7,1.30319058895111
2409,480.8,0.596296906471252
2410,481.0,1.53992390632629
2411,481.2,1.96577942371368
2412,481.3,0.754008948802948
2413,481.5,1.39841294288635
2414,481.7,1.25326502323151
2415,481.8,0.424202352762222
2416,482.0,1.34104812145233
2417,482.2,1.58736979961395
2418,482.3,0.978674173355103
2419,482.5,1.55414116382599
2420,482.7,1.11291122436523
2421,482.9,1.1248140335083
2422,483.1,1.24797487258911
2423,483.2,0.602909564971924
2424,483.4,1.08331954479218
2425,483.6,1.16052234172821
2426,483.8,0.787072241306305
2427,483.9,0.502562403678894
2428,484.1,1.11737477779388
2429,484.3,1.13539433479309
2430,484.4,0.572160661220551
2431,484.6,1.22912883758545
2432,484.7,0.625227332115173
2433,484.8,1.07009422779083
2434,485.0,0.664242029190063
2435,485.1,1.41461396217346
2436,485.4,1.17126798629761
2437,485.5,0.367994695901871
2438,485.7,0.796660602092743
2439,485.9,0.902297914028168
2440,486.1,1.19226312637329
2441,486.3,1.34468507766724
2442,486.5,1.26930069923401
2443,486.7,1.28831207752228
2444,486.9,2.25541400909424
2445,487.0,1.48288977146149
2446,487.2,3.47098684310913
2447,487.4,2.89403200149536
2448,487.6,1.28798151016235
2449,487.7,0.625227332115173
2450,487.9,1.96230781078339
2451,488.0,1.13919651508331
2452,488.2,2.41279554367065
2453,488.3,1.70358741283417
2454,488.6,1.3565878868103
2455,488.8,3.38353443145752
2456,489.0,38.7305335998535
2457,489.2,163.294097900391
2458,489.3,47.4706573486328
2459,489.5,1.98627877235413
2460,489.8,3.65019011497498
2461,489.9,7.48024463653564
2462,490.1,56.7692184448242
2463,490.2,61.1076202392578
2464,490.4,9.63150978088379
2465,490.7,2.31377077102661
2466,490.9,10.4642086029053
2467,491.0,15.6675481796265
2468,491.2,49.6432456970215
2469,491.3,25.8832874298096
2470,491.5,2.17738461494446
2471,491.7,1.89436268806458
2472,491.9,5.56075382232666
2473,492.0,5.78211259841919
2474,492.2,16.904447555542
2475,492.3,9.94313144683838
2476,492.5,2.16482067108154
2477,492.8,2.40072751045227
2478,492.9,2.61944127082825
2479,493.1,7.64671850204468
2480,493.2,4.54008913040161
2481,493.4,6.19160175323486
2482,493.5,1.39593327045441
2483,493.7,1.40899324417114
2484,493.8,0.871714353561401
2485,494.0,2.23111248016357
2486,494.2,3.37361550331116
2487,494.4,3.08894038200378
2488,494.5,0.738965094089508
2489,494.7,1.38898992538452
2490,494.8,0.789386689662933
2491,495.0,1.96991240978241
2492,495.1,1.11175405979156
2493,495.3,2.53678297996521
2494,495.4,0.962803781032562
2495,495.5,1.44966113567352
2496,495.8,1.21590340137482
2497,496.0,1.37576460838318
2498,496.2,1.64837157726288
2499,496.4,1.52835178375244
2500,496.5,1.28500580787659
2501,496.8,1.07637631893158
2502,497.0,1.20879483222961
2503,497.2,1.25838983058929
2504,497.3,0.605719923973083
2505,497.5,1.11191928386688
2506,497.7,0.96792858839035
2507,497.8,0.479914039373398
2508,498.0,0.92891389131546
2509,498.2,1.06926763057709
2510,498.3,0.740287661552429
2511,498.4,0.913208782672882
2512,498.6,0.854025483131409
2513,498.9,0.777153253555298
2514,499.0,0.515953063964844
2515,499.2,1.13704741001129
2516,499.3,1.03306329250336
2517,499.6,0.889568507671356
2518,499.7,0.515291810035706
2519,499.9,0.680939018726349
2520,500.1,1.18730366230011
2521,500.3,1.48239374160767
2522,500.5,1.18813025951385
2523,500.7,1.04876840114594
2524,500.9,1.59844601154327
2525,501.0,0.978839457035065
2526,501.1,2.09753680229187
2527,501.4,1.83798980712891
2528,501.6,1.22301208972931
2529,501.8,1.10646390914917
2530,501.9,0.716812670230865
2531,502.1,1.64622247219086
2532,502.3,1.67845928668976
2533,502.4,0.80823278427124
2534,502.6,1.41990411281586
2535,502.7,1.63217055797577
2536,502.9,11.1833362579346
2537,503.1,28.673168182373
2538,503.2,16.8224506378174
2539,503.3,17.4404029846191
2540,503.5,1.23838651180267
2541,503.7,2.13870072364807
2542,503.9,5.91370487213135
2543,504.1,14.3397254943848
2544,504.3,15.0947265625
2545,504.4,4.98925447463989
2546,504.7,2.4027111530304
2547,504.9,6.0588526725769
2548,505.0,5.64688396453857
2549,505.2,12.0067777633667
2550,505.3,8.28946971893311
2551,505.5,1.43379068374634
2552,505.8,1.91271281242371
2553,506.0,3.45015716552734
2554,506.2,4.85005807876587
2555,506.3,3.74938011169434
2556,506.5,1.70143830776215
2557,506.8,2.03603911399841
2558,506.9,1.89370143413544
2559,507.1,4.94478416442871
2560,507.3,5.85832357406616
2561,507.4,3.11836671829224
2562,507.7,1.50570344924927
2563,507.8,0.524218857288361
2564,508.0,2.41329145431519
2565,508.1,1.40717470645905
2566,508.3,2.77450823783875
2567,508.4,2.16812705993652
2568,508.7,1.27591335773468
2569,508.9,1.54637134075165
2570,509.1,2.35228967666626
2571,509.2,2.15457105636597
2572,509.4,1.86692011356354
2573,509.7,1.17407834529877
2574,509.8,0.614316403865814
2575,510.0,1.14580917358398
2576,510.1,0.664076685905457
2577,510.3,1.40667879581451
2578,510.5,1.45164489746094
2579,510.6,0.388824611902237
2580,510.8,1.11555624008179
2581,510.9,0.928583264350891
2582,511.1,1.28814685344696
2583,511.2,1.02182173728943
2584,511.4,1.30071091651917
2585,511.5,0.994709849357605
2586,511.8,0.946602761745453
2587,512.0,1.29079186916351
2588,512.1,0.440403372049332
2589,512.2,1.68011236190796
2590,512.5,1.18069100379944
2591,512.7,0.773516297340393
2592,512.8,1.06116712093353
2593,513.0,1.19937181472778
2594,513.3,1.25772857666016
2595,513.4,1.06232440471649
2596,513.6,0.896511793136597
2597,513.9,0.841130793094635
2598,514.1,1.10514140129089
2599,514.3,1.3190610408783
2600,514.4,0.428169935941696
2601,514.6,0.908910572528839
2602,514.8,1.00462889671326
2603,514.9,0.637791395187378
2604,515.1,1.59596621990204
2605,515.2,0.529674351215363
2606,515.3,1.47082161903381
2607,515.6,0.951727569103241
2608,515.8,0.855017364025116
2609,515.9,0.506860613822937
2610,516.1,1.46751534938812
2611,516.3,1.37097036838531
2612,516.5,1.42916178703308
2613,516.7,1.16928422451019
2614,516.8,0.502893030643463
2615,517.0,2.02777314186096
2616,517.2,2.29608201980591
2617,517.3,1.69713997840881
2618,517.6,0.792527675628662
2619,517.8,1.02975702285767
2620,517.9,0.641924262046814
2621,518.1,1.44222187995911
2622,518.3,1.41081166267395
2623,518.5,1.55629026889801
2624,518.7,2.04827237129211
2625,518.9,3.23012065887451
2626,519.1,5.43131113052368
2627,519.2,4.43329477310181
2628,519.4,2.17672348022461
2629,519.6,0.602413594722748
2630,519.8,1.70738959312439
2631,520.0,2.75566220283508
2632,520.1,2.95751357078552
2633,520.3,1.47297072410583
2634,520.5,1.91783761978149
2635,520.6,0.845263659954071
2636,520.8,3.24516439437866
2637,521.0,7.29277563095093
2638,521.2,8.85948085784912
2639,521.3,3.62952542304993
2640,521.4,3.1461398601532
2641,521.7,1.66473793983459
2642,521.9,2.89188289642334
2643,522.0,2.53479909896851
2644,522.2,4.52785587310791
2645,522.3,2.89932227134705
2646,522.5,1.31393623352051
2647,522.8,2.25293445587158
2648,523.0,3.00264501571655
2649,523.2,3.62291288375854
2650,523.4,2.5863778591156
2651,523.5,1.20267808437347
2652,523.8,1.48603069782257
2653,523.9,0.862456619739532
2654,524.1,1.66870558261871
2655,524.3,1.77797985076904
2656,524.4,0.728219568729401
2657,524.6,1.34633827209473
2658,524.7,1.17358243465424
2659,525.0,1.5027277469635
2660,525.2,1.54372620582581
2661,525.3,0.586377918720245
2662,525.5,1.35691845417023
2663,525.6,0.371135711669922
2664,525.8,1.0641428232193
2665,526.0,1.32732677459717
2666,526.2,1.14762771129608
2667,526.4,1.07538437843323
2668,526.5,0.525210797786713
2669,526.6,0.806414306163788
2670,526.9,0.96627539396286
2671,527.0,0.556455612182617
2672,527.2,1.04678463935852
2673,527.4,1.22416925430298
2674,527.6,0.844106435775757
2675,527.8,0.777979850769043
2676,528.0,0.848735332489014
2677,528.1,0.440899312496185
2678,528.2,1.23640275001526
2679,528.4,0.469995051622391
2680,528.6,0.946768045425415
2681,528.7,0.445362865924835
2682,528.9,0.940486013889313
2683,529.0,0.461729198694229
2684,529.2,1.12778973579407
2685,529.3,0.392130941152573
2686,529.5,0.774342894554138
2687,529.6,0.340552151203156
2688,529.8,0.737973213195801
2689,529.9,1.10497605800629
2690,530.2,0.787402868270874
2691,530.3,0.888576626777649
2692,530.6,1.08034384250641
2693,530.7,0.447016030550003
2694,530.8,1.02578938007355
2695,531.1,1.33724582195282
2696,531.2,0.664242029190063
2697,531.4,1.20978677272797
2698,531.6,0.835344672203064
2699,531.8,0.883121192455292
2700,531.9,0.580591857433319
2701,532.1,1.10646390914917
2702,532.2,1.05802607536316
2703,532.5,1.08943629264832
2704,532.7,1.59117209911346
2705,532.9,3.40056204795837
2706,533.0,2.25591015815735
2707,533.2,4.46553134918213
2708,533.3,2.97900485992432
2709,533.5,0.60786908864975
2710,533.7,1.27244174480438
2711,533.8,1.0302529335022
2712,534.0,2.75681924819946
2713,534.2,3.08546876907349
2714,534.4,2.1907753944397
2715,534.6,2.08001327514648
2716,534.7,1.42337572574615
2717,534.9,13.3064966201782
2718,535.0,14.4293270111084
2719,535.2,38.4043655395508
2720,535.3,16.628698348999
2721,535.5,1.33708047866821
2722,535.7,3.04959487915039
2723,535.9,8.77037525177002
2724,536.1,18.2792205810547
2725,536.2,16.1360549926758
2726,536.4,4.55562925338745
2727,536.6,1.06397747993469
2728,536.8,3.80013227462769
2729,536.9,3.973384141922
2730,537.1,12.4379234313965
2731,537.2,10.8665895462036
2732,537.4,4.00743913650513
2733,537.7,1.87898826599121
2734,537.8,1.12068104743958
2735,538.0,3.85782766342163
2736,538.1,2.18399739265442
2737,538.2,4.46453952789307
2738,538.4,1.90874528884888
2739,538.6,0.469499081373215
2740,538.8,1.51429986953735
2741,539.0,1.94709873199463
2742,539.1,2.55645561218262
2743,539.3,1.02347493171692
2744,539.4,1.57364857196808
2745,539.6,0.417259037494659
2746,539.7,1.30848073959351
2747,540.0,1.28136885166168
2748,540.2,1.39692509174347
2749,540.3,1.29756987094879
2750,540.6,0.978178203105927
2751,540.8,0.954372644424438
2752,540.9,0.482559114694595
2753,541.1,1.23607206344604
2754,541.3,0.876343190670013
2755,541.4,1.1122499704361
2756,541.7,0.636468827724457
2757,541.8,0.421226650476456
2758,542.0,1.00148785114288
2759,542.1,0.935030579566956
2760,542.3,0.995371162891388
2761,542.5,0.906761467456818
2762,542.8,1.00429821014404
2763,542.9,0.207141682505608
2764,543.0,0.752686381340027
2765,543.3,0.946437418460846
2766,543.4,0.415771216154099
2767,543.5,0.911555647850037
2768,543.8,0.942800462245941
2769,544.0,0.959993362426758
2770,544.2,0.845924973487854
2771,544.4,0.955364525318146
2772,544.5,0.331294417381287
2773,544.7,0.849892556667328
2774,544.9,1.03422057628632
2775,545.1,0.844437122344971
2776,545.2,0.40899321436882
2777,545.4,0.925938189029694
2778,545.6,0.971069574356079
2779,545.7,0.859811544418335
2780,545.9,0.439742118120193
2781,546.1,0.92726069688797
2782,546.2,0.500578582286835
2783,546.4,0.96792858839035
2784,546.6,0.91139030456543
2785,546.8,1.58307158946991
2786,547.0,2.54306507110596
2787,547.1,1.42139196395874
2788,547.2,3.24499917030334
2789,547.4,0.926434099674225
2790,547.5,1.42850053310394
2791,547.8,1.18697309494019
2792,547.9,0.942635118961334
2793,548.1,1.78045952320099
2794,548.2,0.770209968090057
2795,548.4,1.80409979820251
2796,548.5,0.540915846824646
2797,548.7,1.68887424468994
2798,548.9,8.64572620391846
2799,549.0,20.2269802093506
2800,549.2,99.8941955566406
2801,549.3,61.847412109375
2802,549.5,4.67283868789673
2803,549.7,1.22235083580017
2804,549.9,6.96677160263062
