#"+ Scan (rt: 0.088-70.002 min, 11384 scans) RICE_HUSK_500_20231123.D "
#Point,X(Thompsons),Y(Counts)
0,10.2,4.40135288238525
1,10.4,5.09917449951172
2,10.5,2.59917426109314
3,10.7,4.69149684906006
4,10.9,4.29919195175171
5,11.1,4.8305516242981
6,11.3,4.6257905960083
7,11.5,4.0483136177063
8,11.7,3.71468734741211
9,11.9,11.137825012207
10,12.1,108.985595703125
11,12.2,180.473999023438
12,12.4,6.92463111877441
13,12.7,4.50043916702271
14,12.9,10.3342409133911
15,13.1,30.5889854431152
16,13.2,30.8330993652344
17,13.4,0.194219961762428
18,14.2,8116.24658203125
19,15.0,38.8206253051758
20,15.2,634.143615722656
21,15.3,34.7710838317871
22,16.2,5492.4453125
23,17.1,12177.2265625
24,18.2,51612.7578125
25,18.9,4.90504217147827
26,19.1,69.4618759155273
27,19.2,53.992359161377
28,19.4,4.59205913543701
29,19.7,0.500351369380951
30,19.9,7.4096097946167
31,20.1,297.558685302734
32,20.2,127.198173522949
33,20.4,0.853742122650146
34,20.7,1.31430077552795
35,20.9,3.44360494613647
36,21.1,4.18798303604126
37,21.3,4.04119825363159
38,21.4,1.89520382881165
39,21.6,3.26449394226074
40,21.8,4.69896364212036
41,21.9,5.07554483413696
42,22.1,58.3671836853027
43,22.2,22.8355579376221
44,22.4,4.20449733734131
45,22.7,3.50360155105591
46,22.9,3.96793746948242
47,23.0,2.2080991268158
48,23.2,3.61287760734558
49,23.4,4.15521764755249
50,23.6,3.91575884819031
51,23.7,1.97224175930023
52,23.9,6.65126514434814
53,24.1,12.9055690765381
54,24.2,9.61577606201172
55,24.4,4.7543044090271
56,24.7,4.59460639953613
57,24.9,10.6876316070557
58,25.1,32.8005104064941
59,25.2,17.9219074249268
60,25.3,13.663914680481
61,25.5,3.73849272727966
62,25.8,3.20326781272888
63,26.0,54.776439666748
64,26.2,257.150909423828
65,26.3,37.9553756713867
66,26.5,3.91698884963989
67,26.7,0.422698527574539
68,26.9,0.631148993968964
69,27.0,0.572470128536224
70,27.2,129.542251586914
71,28.1,312490.1875
72,29.0,24.7297954559326
73,29.1,2946.31665039063
74,29.9,13.0209941864014
75,30.1,163.927536010742
76,30.2,66.5655288696289
77,30.4,7.02644062042236
78,30.7,3.40381240844727
79,30.8,3.66259670257568
80,31.0,11.2433242797852
81,31.2,20.6367702484131
82,32.1,81572.4609375
83,33.0,34.0047416687012
84,33.1,57.171558380127
85,33.3,12.131763458252
86,33.5,0.918306410312653
87,33.8,1.62385809421539
88,34.0,132.859802246094
89,34.1,277.284088134766
90,34.3,9.13580417633057
91,34.5,0.257115244865417
92,34.7,1.25869643688202
93,34.9,12.9013528823853
94,35.1,24.1245613098145
95,35.2,13.2762651443481
96,35.4,2.88475060462952
97,35.6,0.453531265258789
98,35.8,4.32615947723389
99,36.0,106.835647583008
100,36.1,94.8224716186523
101,36.2,47.3713111877441
102,36.4,1.51862263679504
103,36.7,2.18148279190063
104,36.9,16.3677082061768
105,37.1,59.0079917907715
106,37.2,23.378776550293
107,37.3,13.4898099899292
108,37.5,1.65258252620697
109,37.7,2.45230150222778
110,37.9,24.2283916473389
111,38.1,148.643539428711
112,38.2,64.5077285766602
113,38.4,3.76519680023193
114,38.7,0.673840463161469
115,38.9,9.93086814880371
116,39.1,328.749389648438
117,39.2,174.628692626953
118,40.1,7245.60498046875
119,40.8,0.605850338935852
120,41.0,73.4545822143555
121,41.1,452.943695068359
122,41.3,23.4577484130859
123,41.5,0.343288838863373
124,41.7,0.681746304035187
125,41.9,15.5404958724976
126,42.1,238.761413574219
127,42.2,104.340476989746
128,42.3,22.5345230102539
129,42.5,0.738843977451324
130,42.6,0.535839796066284
131,42.9,7.97803926467896
132,43.1,475.361389160156
133,43.2,248.137298583984
134,43.4,0.270028114318848
135,44.1,28153.72265625
136,44.2,44.6977348327637
137,44.9,20.5979442596436
138,45.1,646.297668457031
139,45.2,94.3547058105469
140,45.4,1.17392838001251
141,45.7,1.83318698406219
142,45.9,19.2174987792969
143,46.1,145.651611328125
144,46.2,29.9765453338623
145,46.4,2.51352787017822
146,46.5,1.86832392215729
147,46.7,1.47417426109314
148,46.9,34.3807983398438
149,47.0,68.2607192993164
150,47.1,106.795768737793
151,47.3,9.44878768920898
152,47.5,0.903988063335419
153,47.7,2.7871572971344
154,47.9,20.8209762573242
155,48.1,310.371673583984
156,48.2,19.8490867614746
157,48.4,1.82106471061707
158,48.6,1.98506677150726
159,48.7,1.82396340370178
160,48.9,16.0276699066162
161,49.1,54.9836616516113
162,49.2,21.6545143127441
163,49.4,2.72522830963135
164,49.5,1.68499648571014
165,49.8,5.4233136177063
166,50.0,88.460823059082
167,50.1,212.245254516602
168,50.3,15.5394411087036
169,50.5,0.77152144908905
170,50.7,1.32203090190887
171,50.9,22.3120174407959
172,51.1,251.892211914063
173,51.2,103.223999023438
174,51.4,2.94685530662537
175,51.6,0.708889663219452
176,51.8,5.56324672698975
177,52.0,56.7860145568848
178,52.1,142.510635375977
179,52.3,18.6364192962646
180,52.5,2.68956422805786
181,52.8,6.52108240127563
182,53.0,64.1056747436523
183,53.1,116.394416809082
184,53.3,20.1067295074463
185,53.6,1.72470128536224
186,53.7,1.32844340801239
187,53.9,18.779691696167
188,54.1,74.0903015136719
189,54.2,48.2699394226074
190,54.4,5.02986669540405
191,54.7,1.11709415912628
192,54.9,16.8966979980469
193,55.0,71.0850296020508
194,55.1,267.116912841797
195,55.3,24.9821681976318
196,55.6,0.870080828666687
197,55.8,3.69465923309326
198,56.0,53.1994018554688
199,56.1,136.416549682617
200,56.3,21.4111042022705
201,56.4,6.17357683181763
202,56.7,1.81061136722565
203,56.9,13.951247215271
204,57.1,123.147308349609
205,57.2,65.8424987792969
206,57.3,33.2767028808594
207,57.5,2.20168662071228
208,57.7,3.86735773086548
209,57.8,5.07080125808716
210,58.0,33.4498405456543
211,58.1,36.5578880310059
212,58.2,34.8679733276367
213,58.4,5.61252641677856
214,58.6,1.22171473503113
215,58.8,6.26563596725464
216,59.0,54.2999839782715
217,59.1,85.7088012695313
218,59.3,14.6669883728027
219,59.5,1.22891783714294
220,59.7,2.41066408157349
221,59.9,23.6256141662598
222,60.0,69.6999282836914
223,60.1,134.551116943359
224,60.3,12.0110683441162
225,60.4,3.58652496337891
226,60.7,2.35708022117615
227,60.9,20.5802001953125
228,61.1,71.7098541259766
229,61.2,33.5981216430664
230,61.4,3.63255453109741
231,61.7,3.08072733879089
232,61.9,19.1936931610107
233,62.1,59.3085021972656
234,62.2,23.9588012695313
235,62.3,11.0862617492676
236,62.5,1.11393177509308
237,62.7,2.34970140457153
238,62.9,27.315092086792
239,63.1,143.154861450195
240,63.2,63.7632637023926
241,63.4,4.02029180526733
242,63.7,3.46705913543701
243,63.9,40.1206970214844
244,64.0,747.952453613281
245,64.2,41.1473121643066
246,64.4,3.15100145339966
247,64.6,0.723208010196686
248,64.8,6.23787784576416
249,64.9,20.7399864196777
250,65.1,184.211090087891
251,65.2,70.1753311157227
252,65.3,20.9440441131592
253,65.5,1.20976805686951
254,65.7,3.22452569007874
255,65.9,24.4933242797852
256,66.1,164.014846801758
257,66.2,67.8807983398438
258,66.4,3.74077653884888
259,66.6,1.85066759586334
260,66.8,5.51519680023193
261,67.0,64.6565322875977
262,67.1,124.121574401855
263,67.3,23.5944309234619
264,67.6,1.84645116329193
265,67.8,6.29190111160278
266,67.9,16.5826606750488
267,68.1,82.9158477783203
268,68.2,50.6177101135254
269,68.4,5.67480659484863
270,68.6,1.09961354732513
271,68.8,6.42990159988403
272,69.0,74.8147430419922
273,69.1,79.6363296508789
274,69.2,85.0904769897461
275,69.4,6.00992631912231
276,69.5,3.83740329742432
277,69.7,2.61068177223206
278,69.9,19.2637042999268
279,70.1,75.939567565918
280,70.2,56.7739791870117
281,70.4,7.7901439666748
282,70.6,1.52257549762726
283,70.8,6.1246485710144
284,71.0,41.0258255004883
285,71.1,41.6192016601563
286,71.2,49.5835380554199
287,71.4,5.57211875915527
288,71.5,2.73208022117615
289,71.8,6.21767377853394
290,71.9,9.30279350280762
291,72.1,30.2655487060547
292,72.2,18.8381938934326
293,72.4,2.58063960075378
294,72.7,0.54523891210556
295,72.9,12.5437459945679
296,73.1,818.393432617188
297,73.2,277.974334716797
298,73.4,1.08942377567291
299,73.5,0.438246667385101
300,73.8,5.63176393508911
301,74.0,85.5638580322266
302,74.1,93.5426940917969
303,74.2,70.4137420654297
304,74.4,3.44211173057556
305,74.6,0.543745636940002
306,74.8,5.46934270858765
307,75.0,110.685173034668
308,75.1,208.880706787109
309,75.3,15.8441677093506
310,75.6,1.67761766910553
311,75.8,8.63720989227295
312,75.9,22.2373504638672
313,76.1,141.724090576172
314,76.2,54.4663581848145
315,76.4,2.59118056297302
316,76.5,1.18815886974335
317,76.8,2.93947649002075
318,77.0,164.979354858398
319,77.1,387.584228515625
320,77.2,160.458358764648
321,77.4,0.717059016227722
322,77.6,0.541988730430603
323,77.7,0.373418837785721
324,77.9,22.7015991210938
325,78.1,623.097351074219
326,78.2,136.232864379883
327,78.4,1.53065705299377
328,78.5,0.542779326438904
329,78.8,0.423840463161469
330,79.0,284.278381347656
331,79.1,665.523010253906
332,79.3,3.46934294700623
333,79.6,0.183854535222054
334,79.7,0.578179895877838
335,79.9,26.910400390625
336,80.1,87.0802001953125
337,80.2,46.4182167053223
338,80.4,3.64652132987976
339,80.7,0.749736487865448
340,80.9,38.8458366394043
341,81.1,421.942199707031
342,81.2,100.525825500488
343,81.4,1.43490862846375
344,81.6,0.691145479679108
345,81.8,10.9518623352051
346,82.0,72.6884231567383
347,82.1,93.5965423583984
348,82.3,19.4812889099121
349,82.4,8.92542171478271
350,82.7,6.33828163146973
351,82.9,36.9350852966309
352,83.1,115.29322052002
353,83.2,61.8240509033203
354,83.4,6.38062191009521
355,83.6,1.41531980037689
356,83.8,8.77099418640137
357,84.0,45.7501754760742
358,84.1,31.4620513916016
359,84.2,30.424280166626
360,84.4,1.28724527359009
361,84.6,0.380094856023788
362,84.8,2.27239990234375
363,85.0,567.60595703125
364,85.1,527.745788574219
365,85.3,1.20238935947418
366,85.6,0.15548138320446
367,85.8,10.2978744506836
368,86.0,58.5536727905273
369,86.1,54.3806228637695
370,86.3,8.5164270401001
371,86.4,3.12069582939148
372,86.7,3.56614542007446
373,86.9,33.4188346862793
374,87.1,104.087226867676
375,87.2,43.9908638000488
376,87.4,3.2912859916687
377,87.6,3.89485239982605
378,87.7,3.52582573890686
379,87.9,22.3370513916016
380,88.0,20.7170581817627
381,88.1,35.2861022949219
382,88.3,11.5978565216064
383,88.5,2.02081871032715
384,88.7,4.95072031021118
385,88.9,35.7035331726074
386,89.1,140.254135131836
387,89.2,50.3121032714844
388,89.4,3.52090644836426
389,89.6,3.80982089042664
390,89.8,10.1092758178711
391,90.0,33.325984954834
392,90.1,22.9658298492432
393,90.2,26.26686668396
394,90.4,4.2928671836853
395,90.6,0.764845371246338
396,90.8,4.52538633346558
397,90.9,20.5083446502686
398,91.1,484.565704345703
399,91.2,165.791458129883
400,91.4,2.10910058021545
401,91.6,1.11226284503937
402,91.8,5.59715366363525
403,92.0,51.4396514892578
404,92.1,153.692810058594
405,92.2,88.6575927734375
406,92.4,5.41224527359009
407,92.7,2.91048836708069
408,92.9,20.6263179779053
409,93.1,69.8837814331055
410,93.2,45.6757736206055
411,93.4,6.10541105270386
412,93.7,3.15925860404968
413,93.9,26.7581691741943
414,94.0,62.0629844665527
415,94.1,406.080474853516
416,94.3,21.5505981445313
417,94.5,3.94817280769348
418,94.7,3.07536888122559
419,94.9,25.6268444061279
420,95.1,95.4296417236328
421,95.2,55.7950630187988
422,95.4,5.87605428695679
423,95.6,1.13316941261292
424,95.8,9.10479640960693
425,95.9,34.7508773803711
426,96.1,727.477172851563
427,96.2,115.644416809082
428,96.4,5.01089239120483
429,96.6,5.29734706878662
430,96.8,26.5699234008789
431,96.9,32.5918846130371
432,97.1,81.3784255981445
433,97.2,55.1521415710449
434,97.4,5.85769510269165
435,97.6,4.84943771362305
436,97.7,3.68605065345764
437,97.9,23.8803577423096
438,98.1,54.9922714233398
439,98.2,38.764404296875
440,98.4,6.4677619934082
441,98.7,3.41092753410339
442,98.9,14.2655477523804
443,99.1,32.193603515625
444,99.2,24.9949932098389
445,99.4,5.15715026855469
446,99.6,1.58784258365631
447,99.8,7.46433591842651
448,100.0,17.9558143615723
449,100.1,10.3075370788574
450,100.2,14.144588470459
451,100.4,4.59917449951172
452,100.7,4.59478235244751
453,100.9,17.0675506591797
454,101.0,14.9303407669067
455,101.2,29.1077823638916
456,101.3,11.5802879333496
457,101.6,3.1264054775238
458,101.8,12.1306219100952
459,102.0,55.7102966308594
460,102.1,60.5224876403809
461,102.3,11.8152666091919
462,102.5,1.55059731006622
463,102.7,3.65354895591736
464,102.8,7.50860834121704
465,103.0,130.98454284668
466,103.1,178.295150756836
467,103.3,14.0498943328857
468,103.5,1.07888269424438
469,103.7,3.88035845756531
470,103.9,35.9111022949219
471,104.1,140.095748901367
472,104.2,58.923225402832
473,104.4,4.34785652160645
474,104.7,2.39072370529175
475,104.9,34.3517227172852
476,105.1,286.237426757813
477,105.2,93.0769500732422
478,105.4,2.85180950164795
479,105.7,2.50957489013672
480,105.9,21.4405307769775
481,106.1,70.2819747924805
482,106.2,32.4625778198242
483,106.3,17.974437713623
484,106.6,2.98401260375977
485,106.8,9.39845371246338
486,107.0,65.677619934082
487,107.1,159.681915283203
488,107.3,20.7218017578125
489,107.6,2.77398109436035
490,107.8,7.64142656326294
491,108.0,46.9972763061523
492,108.1,117.710472106934
493,108.3,16.9651260375977
494,108.5,1.57369995117188
495,108.7,3.63290572166443
496,108.9,19.0415496826172
497,109.0,21.9233131408691
498,109.2,51.625789642334
499,109.3,12.1327304840088
500,109.4,6.47136354446411
501,109.7,3.77231192588806
502,109.9,23.254919052124
503,110.0,26.35813331604
504,110.2,53.9667091369629
505,110.3,16.3313426971436
506,110.5,1.6264933347702
507,110.7,4.24508094787598
508,110.9,16.472505569458
509,111.1,34.6044464111328
510,111.2,28.3051643371582
511,111.4,6.84030199050903
512,111.7,3.87069582939148
513,111.8,5.5498948097229
514,112.0,26.1428318023682
515,112.2,31.4621391296387
516,112.3,8.45080852508545
517,112.4,5.63756132125854
518,112.7,4.37113475799561
519,112.9,15.9867353439331
520,113.1,30.1459941864014
521,113.2,21.1927261352539
522,113.4,5.13738584518433
523,113.6,1.35488402843475
524,113.8,5.96319389343262
525,114.0,13.8319568634033
526,114.1,16.2592239379883
527,114.3,6.40223121643066
528,114.6,2.02204847335815
529,114.8,8.51159477233887
530,115.0,105.033996582031
531,115.1,169.680511474609
532,115.3,18.4440441131592
533,115.5,2.06087493896484
534,115.8,7.43974018096924
535,116.0,39.638614654541
536,116.1,55.3390731811523
537,116.3,13.5100135803223
538,116.5,2.18596267700195
539,116.8,8.67550945281982
540,117.0,66.6160430908203
541,117.1,53.140811920166
542,117.2,47.497013092041
543,117.4,5.15346097946167
544,117.7,3.56693601608276
545,117.9,21.8362617492676
546,118.0,25.1055870056152
547,118.1,69.8523330688477
548,118.3,14.050684928894
549,118.5,1.60356640815735
550,118.7,3.66259670257568
551,118.9,35.9867362976074
552,119.1,208.064743041992
553,119.2,49.7449035644531
554,119.4,3.28056931495667
555,119.6,2.53250169754028
556,119.7,2.20001745223999
557,119.9,23.1047954559326
558,120.1,51.9544105529785
559,120.2,31.6456432342529
560,120.4,4.45001745223999
561,120.7,3.76229786872864
562,120.9,27.9701328277588
563,121.1,77.4501037597656
564,121.2,29.0371570587158
565,121.3,15.0671119689941
566,121.5,1.08564651012421
567,121.7,3.06570625305176
568,121.8,5.68490886688232
569,122.0,62.8529510498047
570,122.1,136.690536499023
571,122.3,15.3635807037354
572,122.5,2.46530222892761
573,122.8,8.27529907226563
574,123.0,39.4532661437988
575,123.1,48.2130165100098
576,123.3,14.1817464828491
577,123.5,1.3350316286087
578,123.7,3.32378768920898
579,123.9,15.8650741577148
580,124.1,34.5992622375488
581,124.2,15.002459526062
582,124.3,12.056658744812
583,124.6,3.13281798362732
584,124.7,2.52828526496887
585,124.9,20.9093456268311
586,125.1,44.2284774780273
587,125.2,27.5506858825684
588,125.4,4.73216772079468
589,125.6,5.29708385467529
590,125.7,4.52714347839355
591,125.9,24.271520614624
592,126.1,46.4370155334473
593,126.2,29.9967498779297
594,126.4,7.05771255493164
595,126.6,2.39669704437256
596,126.8,12.1387910842896
597,127.0,35.4087333679199
598,127.1,26.0210819244385
599,127.2,27.4985942840576
600,127.4,3.52398109436035
601,127.6,3.4166374206543
602,127.8,7.95906543731689
603,128.0,47.3756141662598
604,128.1,120.266426086426
605,128.2,63.7663383483887
606,128.4,5.76633882522583
607,128.7,4.05613136291504
608,128.9,27.1797256469727
609,129.0,36.9338531494141
610,129.1,78.225227355957
611,129.3,17.7877731323242
612,129.5,2.22645807266235
613,129.7,1.97812724113464
614,129.9,14.5336437225342
615,130.1,34.181396484375
616,130.2,23.8364372253418
617,130.4,4.78917789459229
618,130.6,1.23568165302277
619,130.8,10.0830993652344
620,131.0,63.7053756713867
621,131.1,54.6227149963379
622,131.2,49.6251754760742
623,131.4,3.38475060462952
624,131.6,2.92410397529602
625,131.8,10.1744556427002
626,131.9,18.1599617004395
627,132.1,66.6777038574219
628,132.2,25.8968734741211
629,132.3,12.3888788223267
630,132.6,1.82088899612427
631,132.7,1.7476282119751
632,132.9,36.9799728393555
633,133.1,642.993774414063
634,133.2,56.9320106506348
635,133.3,13.4558153152466
636,133.6,2.1228039264679
637,133.8,13.4989461898804
638,134.0,74.864372253418
639,134.1,80.3645477294922
640,134.3,14.1580286026001
641,134.5,1.47294449806213
642,134.7,3.51967668533325
643,134.9,31.3005104064941
644,135.1,182.97883605957
645,135.2,68.9475555419922
646,135.4,4.18815898895264
647,135.6,0.988580465316772
648,135.8,8.1588191986084
649,135.9,14.0614900588989
650,136.1,45.2168846130371
651,136.2,29.6748065948486
652,136.4,4.826247215271
653,136.7,3.22066068649292
654,136.9,33.4706611633301
655,137.1,167.984802246094
656,137.2,62.803409576416
657,137.4,3.71837663650513
658,137.7,2.73014760017395
659,137.9,17.1595230102539
660,138.1,37.954761505127
661,138.2,26.3658638000488
662,138.4,4.16321134567261
663,138.7,3.30595564842224
664,138.9,28.4039878845215
665,139.1,164.510101318359
666,139.2,49.6395835876465
667,139.3,13.5174808502197
668,139.5,0.857694983482361
669,139.7,2.70195007324219
670,139.9,16.5447998046875
671,140.1,34.314037322998
672,140.2,22.4810256958008
673,140.4,2.6238579750061
674,140.6,2.85593819618225
675,140.8,10.5608749389648
676,141.0,45.3258972167969
677,141.1,81.5043029785156
678,141.3,12.385892868042
679,141.4,4.73787784576416
680,141.6,1.18613839149475
681,141.8,7.82949733734131
682,142.0,34.4061851501465
683,142.1,62.575984954834
684,142.3,11.1285133361816
685,142.5,1.31579411029816
686,142.7,3.39625787734985
687,142.8,4.97162675857544
688,143.0,24.4082050323486
689,143.2,30.9961357116699
690,143.3,13.0376844406128
691,143.5,1.38756144046783
692,143.7,2.85699224472046
693,143.8,4.84847164154053
694,144.0,24.9111919403076
695,144.2,34.030216217041
696,144.3,12.5043039321899
697,144.6,2.82475399971008
698,144.8,8.46907901763916
699,145.0,40.8096466064453
700,145.1,29.5907421112061
701,145.2,34.1083984375
702,145.4,5.13193941116333
703,145.7,3.45063257217407
704,145.9,17.7536888122559
705,146.1,35.4457130432129
706,146.2,21.0473480224609
707,146.4,3.07642316818237
708,146.6,0.880534112453461
709,146.8,7.41567134857178
710,147.0,183.684387207031
711,147.1,276.276885986328
712,147.3,16.4580993652344
713,147.5,1.71995782852173
714,147.8,8.4205904006958
715,148.0,59.491039276123
716,148.1,40.0453262329102
717,148.2,37.9658279418945
718,148.4,4.56974697113037
719,148.7,3.41813063621521
720,148.9,38.541374206543
721,149.1,152.404159545898
722,149.2,38.5093116760254
723,149.3,13.3631410598755
724,149.6,2.13062191009521
725,149.7,2.13984537124634
726,149.9,20.0882816314697
727,150.1,44.7925148010254
728,150.2,28.7145118713379
729,150.4,4.85418128967285
730,150.7,3.87789869308472
731,150.9,26.5669364929199
732,151.1,74.3338928222656
733,151.2,37.7926025390625
734,151.4,3.85022830963135
735,151.7,2.92823266983032
736,151.9,21.6630363464355
737,152.1,64.9545822143555
738,152.2,41.9204139709473
739,152.4,4.84891080856323
740,152.6,1.31737530231476
741,152.8,9.96257877349854
742,153.0,53.9514236450195
743,153.1,71.6173553466797
744,153.3,13.5251226425171
745,153.4,4.15574502944946
746,153.6,1.13966965675354
747,153.8,7.31772661209106
748,154.0,39.4051284790039
749,154.1,68.3010330200195
750,154.3,17.6247367858887
751,154.6,3.27854895591736
752,154.7,2.96644401550293
753,154.9,24.8728046417236
754,155.0,29.6365070343018
755,155.1,56.2751235961914
756,155.3,15.2414789199829
757,155.6,3.02767038345337
758,155.8,6.79550266265869
759,155.9,7.90855598449707
760,156.1,24.5400562286377
761,156.2,20.2905826568604
762,156.4,4.93587493896484
763,156.6,1.66751575469971
764,156.8,7.11331701278687
765,157.0,22.3408298492432
766,157.2,27.480411529541
767,157.3,7.97391080856323
768,157.4,4.28803586959839
769,157.6,1.15644764900208
770,157.8,5.82554483413696
771,157.9,7.3793044090271
772,158.1,23.3792171478271
773,158.2,18.1763877868652
774,158.4,4.52433252334595
775,158.7,5.03926563262939
776,158.9,29.0356636047363
777,159.1,62.8898468017578
778,159.2,28.887035369873
779,159.4,3.7933943271637
780,159.7,3.19202399253845
781,159.8,4.47821521759033
782,160.0,19.2140731811523
783,160.1,20.7987518310547
784,160.3,8.61981773376465
785,160.6,2.98093819618225
786,160.7,3.6672523021698
787,160.9,35.7601890563965
788,161.0,61.6389656066895
789,161.1,49.5190620422363
790,161.3,8.51141929626465
791,161.5,1.0828355550766
792,161.7,4.23339796066284
793,161.9,21.9603824615479
794,162.1,40.589599609375
795,162.2,19.636682510376
796,162.4,4.04418468475342
797,162.7,6.26835918426514
798,162.9,59.0031623840332
799,163.0,206.561660766602
800,163.2,34.5440979003906
801,163.4,2.29664444923401
802,163.6,2.61103296279907
803,163.8,11.5066757202148
804,164.0,39.5830993652344
805,164.1,35.3155288696289
806,164.3,6.74797964096069
807,164.4,3.97874212265015
808,164.6,1.24710118770599
809,164.8,11.9284086227417
810,165.0,92.3744735717773
811,165.1,103.013793945313
812,165.3,11.3189563751221
813,165.4,3.95862603187561
814,165.7,3.56465220451355
815,165.9,20.4928855895996
816,166.1,54.5824851989746
817,166.2,32.1308860778809
818,166.4,2.78338027000427
819,166.6,2.42832040786743
820,166.7,2.65328526496887
821,166.9,17.7548313140869
822,167.1,39.5956611633301
823,167.2,24.7403373718262
824,167.4,4.59741735458374
825,167.7,2.88685870170593
826,167.9,13.2553586959839
827,168.1,55.1069030761719
828,168.2,21.4041633605957
829,168.3,12.1091003417969
830,168.5,2.50421643257141
831,168.7,1.97303235530853
832,168.9,11.4541463851929
833,169.0,11.2406005859375
834,169.2,24.5940799713135
835,169.3,9.74701309204102
836,169.5,1.22531628608704
837,169.7,2.65354895591736
838,169.9,10.0043039321899
839,170.1,21.2499122619629
840,170.2,10.8907241821289
841,170.3,9.3843994140625
842,170.5,2.63879132270813
843,170.7,2.06333446502686
844,170.9,10.004919052124
845,171.1,19.2364730834961
846,171.2,15.4486122131348
847,171.4,4.34952545166016
848,171.6,1.06755089759827
849,171.8,5.08836984634399
850,172.0,12.1687459945679
851,172.2,15.0072031021118
852,172.3,7.81280755996704
853,172.6,2.40574479103088
854,172.8,5.81878089904785
855,173.0,14.2661628723145
856,173.1,8.00579738616943
857,173.2,12.8453969955444
858,173.4,3.76089239120483
859,173.7,3.01098036766052
860,173.8,3.14669704437256
861,174.0,13.3376665115356
862,174.2,15.4284086227417
863,174.3,7.17524576187134
864,174.6,2.14151430130005
865,174.7,2.31026005744934
866,174.9,17.410400390625
867,175.1,36.6183242797852
868,175.2,20.0404949188232
869,175.4,3.97215390205383
870,175.7,3.38729786872864
871,175.9,24.5341701507568
872,176.1,69.7755584716797
873,176.2,23.9891948699951
874,176.4,2.13439917564392
875,176.6,2.12201333045959
876,176.8,9.98699951171875
877,177.0,185.977066040039
878,177.1,139.45133972168
879,177.2,28.7991046905518
880,177.4,2.51379132270813
881,177.7,2.9577476978302
882,177.9,28.1225395202637
883,178.0,40.5865249633789
884,178.1,95.0786209106445
885,178.3,11.6547784805298
886,178.5,1.38800072669983
887,178.7,4.21020746231079
888,178.9,35.9672355651855
889,179.1,125.535224914551
890,179.2,42.3862457275391
891,179.4,2.54277944564819
892,179.6,1.88694655895233
893,179.8,7.86129665374756
894,179.9,13.4984188079834
895,180.1,47.9372787475586
896,180.2,21.2414798736572
897,180.3,12.1616306304932
898,180.5,1.04831337928772
899,180.7,3.65838027000427
900,180.8,5.52117013931274
901,181.0,36.6713790893555
902,181.1,49.7173233032227
903,181.3,12.6259660720825
904,181.6,2.17717838287354
905,181.8,5.86551284790039
906,182.0,21.7720489501953
907,182.2,40.0066757202148
908,182.3,11.5138788223267
909,182.6,2.34539699554443
910,182.8,5.60962772369385
911,183.0,14.9161977767944
912,183.2,18.8084144592285
913,183.3,5.07800436019897
914,183.4,3.87552714347839
915,183.7,2.81386160850525
916,183.9,9.57510566711426
917,184.1,17.529691696167
918,184.2,14.3130712509155
919,184.4,4.48085021972656
920,184.6,1.27222418785095
921,184.8,5.82361221313477
922,185.0,15.3557624816895
923,185.2,16.643798828125
924,185.3,5.04927968978882
925,185.4,4.24077653884888
926,185.6,1.10084331035614
927,185.8,4.64669704437256
928,186.0,11.5917072296143
929,186.1,6.82457828521729
930,186.2,10.6268444061279
931,186.4,3.44509840011597
932,186.7,3.17366480827332
933,186.9,10.1210470199585
934,187.1,15.7592239379883
935,187.2,12.6642656326294
936,187.4,2.00720310211182
937,187.6,1.77977859973907
938,187.8,4.02714347839355
939,187.9,3.97224164009094
940,188.1,10.7586088180542
941,188.2,4.8399510383606
942,188.3,5.66373872756958
943,188.6,2.32475399971008
944,188.7,2.71398448944092
945,188.9,21.1588191986084
946,189.1,57.8304634094238
947,189.2,27.9644241333008
948,189.4,3.70001745223999
949,189.7,2.9634575843811
950,189.9,13.0514755249023
951,190.1,24.8997707366943
952,190.2,12.9876146316528
953,190.4,2.46907949447632
954,190.6,0.905832767486572
955,190.8,8.21793746948242
956,190.9,26.8163204193115
957,191.1,885.849975585938
958,191.2,39.505184173584
959,191.4,1.85207307338715
960,191.5,1.52872455120087
961,191.8,7.29488754272461
962,192.0,111.841705322266
963,192.1,142.698348999023
964,192.3,11.9255971908569
965,192.5,1.11832392215729
966,192.7,3.41637396812439
967,192.9,40.322998046875
968,193.1,647.8330078125
969,193.2,66.645378112793
970,193.4,2.09548497200012
971,193.6,0.639845371246338
972,193.8,9.57633495330811
973,194.0,80.9767227172852
974,194.1,64.4605560302734
975,194.2,44.1753349304199
976,194.4,2.39327120780945
977,194.6,2.15144062042236
978,194.8,10.265284538269
979,195.0,61.1894760131836
980,195.1,71.1919326782227
981,195.3,9.49771595001221
982,195.4,3.58406543731689
983,195.6,0.953355610370636
984,195.8,5.94536209106445
985,195.9,8.43974018096924
986,196.1,27.7148628234863
987,196.2,20.2871570587158
988,196.4,3.00228381156921
989,196.6,2.38211536407471
990,196.8,7.82053756713867
991,196.9,10.2124910354614
992,197.1,43.418041229248
993,197.2,30.9065361022949
994,197.4,4.67208385467529
995,197.7,2.68701696395874
996,197.9,8.96960639953613
997,198.1,17.9951686859131
998,198.2,9.30788803100586
999,198.3,8.45326805114746
1000,198.6,2.40442728996277
1001,198.7,1.65504217147827
1002,198.9,8.26906204223633
1003,199.1,13.6670770645142
1004,199.2,11.0043916702271
1005,199.4,2.44211173057556
1006,199.6,2.47373509407043
1007,199.8,5.78768444061279
1008,200.0,15.3099088668823
1009,200.1,9.87728404998779
1010,200.2,13.639669418335
1011,200.4,4.26054096221924
1012,200.7,4.04813766479492
1013,200.8,3.97391080856323
1014,201.0,14.2690620422363
1015,201.1,7.74701356887817
1016,201.2,12.1867532730103
1017,201.4,2.09768104553223
1018,201.6,2.22540402412415
1019,201.8,4.76616287231445
1020,202.0,15.8362617492676
1021,202.2,26.4681129455566
1022,202.3,8.90065002441406
1023,202.6,2.32422709465027
1024,202.8,7.9610857963562
1025,203.0,27.7238235473633
1026,203.1,33.192024230957
1027,203.3,10.0385627746582
1028,203.5,1.23049890995026
1029,203.7,2.80762481689453
1030,203.9,9.80665874481201
1031,204.1,20.164176940918
1032,204.2,9.25799369812012
1033,204.3,8.56096267700195
1034,204.6,2.49947285652161
1035,204.7,2.0851194858551
1036,204.9,19.3617362976074
1037,205.0,24.1481018066406
1038,205.1,47.6761245727539
1039,205.3,12.333625793457
1040,205.5,1.23304641246796
1041,205.7,2.68438148498535
1042,205.9,12.5089597702026
1043,206.1,22.8515453338623
1044,206.2,9.26835918426514
1045,206.4,1.60505974292755
1046,206.6,0.406184107065201
1047,206.8,4.2546558380127
1048,207.0,152.737258911133
1049,207.1,9149.078125
1050,207.3,8.41470527648926
1051,207.5,0.199139147996902
1052,207.7,1.14687275886536
1053,207.9,20.7417430877686
1054,208.1,1866.63366699219
1055,208.2,107.852600097656
1056,208.4,3.02468371391296
1057,208.6,0.760365426540375
1058,208.8,7.49991226196289
1059,209.0,138.662414550781
1060,209.1,1126.78405761719
1061,209.3,9.31149005889893
1062,209.6,1.06992268562317
1063,209.7,1.15179193019867
1064,209.9,18.7421817779541
1065,210.1,165.43376159668
1066,210.2,32.5882835388184
1067,210.3,11.1928148269653
1068,210.5,1.10391783714294
1069,210.7,3.41927266120911
1070,210.9,29.8856296539307
1071,211.1,123.743850708008
1072,211.2,49.127986907959
1073,211.4,2.76010179519653
1074,211.7,2.65346097946167
1075,211.9,11.9873504638672
1076,212.1,26.4467678070068
1077,212.2,20.8772830963135
1078,212.4,2.36481022834778
1079,212.6,2.15556931495667
1080,212.8,7.90003490447998
1081,212.9,13.1520557403564
1082,213.1,46.8527755737305
1083,213.2,30.9290237426758
1084,213.4,3.4985945224762
1085,213.6,2.13237881660461
1086,213.7,1.39827823638916
1087,213.9,7.03452205657959
1088,214.1,12.7942724227905
1089,214.2,6.23295831680298
1090,214.3,6.26238584518433
1091,214.6,2.5449755191803
1092,214.8,11.6705026626587
1093,215.0,54.1714668273926
1094,215.1,55.2351531982422
1095,215.3,8.16022491455078
1096,215.4,3.25658822059631
1097,215.7,2.69378066062927
1098,215.9,13.0968027114868
1099,216.1,24.3313426971436
1100,216.2,18.1951866149902
1101,216.4,3.82132816314697
1102,216.6,1.14555513858795
1103,216.8,6.62095928192139
1104,217.0,17.1464328765869
1105,217.1,19.7492980957031
1106,217.3,7.47434997558594
1107,217.5,1.26256144046783
1108,217.7,2.64573073387146
1109,217.9,9.30463790893555
1110,218.1,24.2521076202393
1111,218.2,17.4965744018555
1112,218.4,2.46486306190491
1113,218.6,2.45010542869568
1114,218.8,7.90521764755249
1115,219.0,21.299280166626
1116,219.1,13.9457130432129
1117,219.2,17.3305511474609
1118,219.4,3.57484197616577
1119,219.7,3.19527411460876
1120,219.9,10.887825012207
1121,220.0,9.15504169464111
1122,220.2,18.0323257446289
1123,220.3,7.1651439666748
1124,220.5,1.12939214706421
1125,220.7,2.17849612236023
1126,220.8,4.50527048110962
1127,221.0,61.4825210571289
1128,221.1,186.250534057617
1129,221.3,20.3547954559326
1130,221.6,1.83705198764801
1131,221.8,4.91716432571411
1132,222.0,29.043306350708
1133,222.2,43.6116485595703
1134,222.3,14.4129476547241
1135,222.6,3.21161270141602
1136,222.8,9.28750896453857
1137,223.0,43.607608795166
1138,223.1,52.2153015136719
1139,223.3,11.6589946746826
1140,223.5,1.09118056297302
1141,223.7,2.5444483757019
1142,223.9,9.64002132415771
1143,224.0,8.31289482116699
1144,224.1,17.019588470459
1145,224.3,5.01994037628174
1146,224.4,3.23972249031067
1147,224.7,3.93508434295654
1148,224.9,20.4848918914795
1149,225.1,58.0395278930664
1150,225.2,31.1308860778809
1151,225.4,3.92313766479492
1152,225.6,0.867182016372681
1153,225.8,5.08590984344482
1154,225.9,6.3317813873291
1155,226.1,19.0242443084717
1156,226.2,14.6072559356689
1157,226.4,2.41347503662109
1158,226.5,2.09188342094421
1159,226.7,1.61085736751556
1160,226.9,9.01853466033936
1161,227.1,18.8713111877441
1162,227.2,14.8901968002319
1163,227.4,4.27125787734985
1164,227.7,1.97549188137054
1165,227.9,6.167076587677
1166,228.0,6.0479621887207
1167,228.2,14.1342239379883
1168,228.3,4.81122636795044
1169,228.4,3.30586791038513
1170,228.6,0.985242426395416
1171,228.8,5.01958894729614
1172,229.0,13.6662864685059
1173,229.2,15.4635457992554
1174,229.3,7.27433252334595
1175,229.6,2.15846800804138
1176,229.7,1.44334149360657
1177,229.9,8.10602569580078
1178,230.0,7.52969074249268
1179,230.2,16.1548671722412
1180,230.3,8.86911487579346
1181,230.5,2.93710470199585
1182,230.8,4.83828163146973
1183,230.9,4.51827144622803
1184,231.1,12.0511245727539
1185,231.2,6.47663402557373
1186,231.3,6.63694667816162
1187,231.5,1.02354180812836
1188,231.7,2.28083276748657
1189,231.9,6.6257905960083
1190,232.1,12.0626316070557
1191,232.2,10.4448347091675
1192,232.4,3.76625084877014
1193,232.7,3.76221013069153
1194,232.9,11.5116834640503
1195,233.0,9.32466602325439
1196,233.2,18.3994197845459
1197,233.3,5.08107852935791
1198,233.4,3.60022830963135
1199,233.7,2.52547430992126
1200,233.9,7.64643335342407
1201,234.1,12.2703790664673
1202,234.2,5.86551284790039
1203,234.3,5.84074115753174
1204,234.6,2.69026708602905
1205,234.7,2.53162336349487
1206,234.9,13.6958885192871
1207,235.0,12.0982084274292
1208,235.1,19.7947120666504
1209,235.3,4.27380514144897
1210,235.4,2.73304629325867
1211,235.7,3.07475399971008
1212,235.9,7.73840475082397
1213,236.1,12.2754745483398
1214,236.2,8.12702083587646
1215,236.4,1.80077302455902
1216,236.6,2.69852423667908
1217,236.8,7.79787397384644
1218,237.0,21.570011138916
1219,237.2,22.0335559844971
1220,237.3,5.92146873474121
1221,237.4,4.91953611373901
1222,237.7,3.44650387763977
1223,237.9,7.19826078414917
1224,238.1,10.4066228866577
1225,238.2,8.24191856384277
1226,238.4,3.24850678443909
1227,238.6,1.23445188999176
1228,238.8,5.06579399108887
1229,239.0,13.22496509552
1230,239.2,17.532413482666
1231,239.3,6.5837140083313
1232,239.4,5.15196752548218
1233,239.7,2.04040765762329
1234,239.9,4.9964861869812
1235,240.1,8.24859428405762
1236,240.2,3.94439554214478
1237,240.3,5.13448715209961
1238,240.6,2.18508434295654
1239,240.8,3.73093819618225
1240,240.9,3.11516165733337
1241,241.1,8.31878089904785
1242,241.2,4.44905138015747
1243,241.3,6.02802181243896
1244,241.5,2.207923412323
1245,241.7,1.27925157546997
1246,241.9,4.66857004165649
1247,242.0,3.5426914691925
1248,242.2,7.9642481803894
1249,242.3,5.06711196899414
1250,242.5,1.12034440040588
1251,242.7,2.10523533821106
1252,242.9,4.50834512710571
1253,243.1,7.23945903778076
1254,243.2,6.290846824646
1255,243.4,2.00764226913452
1256,243.6,2.02714323997498
1257,243.8,3.19571328163147
1258,244.0,7.03663015365601
1259,244.1,4.82738924026489
1260,244.3,7.30165147781372
1261,244.4,3.12745952606201
1262,244.6,0.835734367370605
1263,244.8,3.21732258796692
1264,245.0,6.06333446502686
1265,245.1,3.69017910957336
1266,245.2,6.21090984344482
1267,245.4,2.89660930633545
1268,245.6,1.02283906936646
1269,245.8,3.01704144477844
1270,246.0,6.37245273590088
1271,246.2,7.99833106994629
1272,246.3,2.99112796783447
1273,246.4,2.9148805141449
1274,246.6,0.851546049118042
1275,246.8,3.38229084014893
1276,247.0,7.01923751831055
1277,247.1,8.2640552520752
1278,247.3,2.85549902915955
1279,247.4,2.74912166595459
1280,247.6,1.16259658336639
1281,247.8,3.83520722389221
1282,248.0,7.76089239120483
1283,248.2,8.14625835418701
1284,248.3,4.75852060317993
1285,248.6,2.50869631767273
1286,248.8,11.7587842941284
1287,249.0,89.2014236450195
1288,249.1,54.8531265258789
1289,249.2,20.0115070343018
1290,249.4,2.34434294700623
1291,249.6,1.06904423236847
1292,249.8,8.59153175354004
1293,250.0,31.7987518310547
1294,250.1,27.6690979003906
1295,250.3,6.01581144332886
1296,250.6,2.88483834266663
1297,250.7,3.58661270141602
1298,250.9,31.7176742553711
1299,251.1,85.9609069824219
1300,251.2,17.0787944793701
1301,251.3,6.54945516586304
1302,251.6,2.39028453826904
1303,251.8,8.83318710327148
1304,252.0,25.2618579864502
1305,252.1,24.34153175354
1306,252.3,7.86858749389648
1307,252.5,1.18130707740784
1308,252.7,4.35927629470825
1309,252.8,7.01168298721313
1310,253.0,40.7773208618164
1311,253.1,26.6424808502197
1312,253.2,23.0245952606201
1313,253.4,3.06254386901855
1314,253.7,2.40864372253418
1315,253.9,9.04646873474121
1316,254.1,17.1197299957275
1317,254.2,11.7905836105347
1318,254.4,2.39652132987976
1319,254.6,2.52327823638916
1320,254.7,1.87166202068329
1321,254.9,9.16101551055908
1322,255.1,14.7910223007202
1323,255.2,6.68622636795044
1324,255.3,6.76229810714722
1325,255.5,1.90794098377228
1326,255.8,3.09917426109314
1327,256.0,7.04945516586304
1328,256.2,8.85514736175537
1329,256.3,5.35163402557373
1330,256.6,2.42217135429382
1331,256.8,3.39564299583435
1332,257.0,6.98041105270386
1333,257.2,7.23945903778076
1334,257.3,4.24420261383057
1335,257.5,0.952213644981384
1336,257.7,1.63958191871643
1337,257.9,4.05165147781372
1338,258.0,3.22496485710144
1339,258.2,6.37842607498169
1340,258.3,2.57378768920898
1341,258.4,2.57080101966858
1342,258.6,0.885101914405823
1343,258.8,3.02222418785095
1344,259.0,5.11621570587158
1345,259.2,5.65548133850098
1346,259.3,3.69176030158997
1347,259.5,1.89942026138306
1348,259.7,1.04620516300201
1349,259.9,3.44878768920898
1350,260.0,2.72847867012024
1351,260.2,5.51642656326294
1352,260.4,3.75658822059631
1353,260.5,0.984276175498962
1354,260.7,2.1683943271637
1355,260.8,1.36920237541199
1356,261.0,4.92832040786743
1357,261.2,5.04813766479492
1358,261.3,3.288738489151
1359,261.6,1.71319401264191
1360,261.7,1.00632464885712
1361,261.9,3.35945177078247
1362,262.1,4.66338729858398
1363,262.2,2.39002108573914
1364,262.3,3.55437445640564
1365,262.6,1.74648630619049
1366,262.8,3.30788826942444
1367,263.0,6.76124382019043
1368,263.1,4.2924280166626
1369,263.2,6.19922685623169
1370,263.4,2.56342244148254
1371,263.6,0.810874938964844
1372,263.8,2.51343989372253
1373,264.0,4.56025981903076
1374,264.1,2.88624382019043
1375,264.2,4.56403732299805
1376,264.4,2.02073073387146
1377,264.7,3.44562554359436
1378,264.9,25.3491744995117
1379,265.0,50.5087852478027
1380,265.1,111.692199707031
1381,265.3,8.33072757720947
1382,265.6,1.73629653453827
1383,265.7,1.39546728134155
1384,265.9,12.8604183197021
1385,266.0,16.3096446990967
1386,266.1,31.8312549591064
1387,266.3,6.39089965820313
1388,266.6,2.13633179664612
1389,266.8,15.4228744506836
1390,267.0,180.340301513672
1391,267.1,220.675857543945
1392,267.3,8.03680610656738
1393,267.4,2.27986645698547
1394,267.6,0.959855914115906
1395,267.8,10.9104881286621
1396,268.0,54.354621887207
1397,268.1,59.7642288208008
1398,268.3,10.0336437225342
1399,268.6,2.69518613815308
1400,268.7,2.7962052822113
1401,268.9,25.9771614074707
1402,269.0,33.8462753295898
1403,269.1,54.3879127502441
1404,269.3,8.50878429412842
1405,269.4,3.5382993221283
1406,269.7,2.73559379577637
1407,269.8,3.32097673416138
1408,270.0,14.3389844894409
1409,270.2,17.7050247192383
1410,270.3,5.98884391784668
1411,270.4,4.48322200775146
1412,270.7,5.34759330749512
1413,270.8,7.32176733016968
1414,271.0,28.6089248657227
1415,271.1,30.0818691253662
1416,271.3,6.16268444061279
1417,271.4,3.64669704437256
1418,271.7,2.99051308631897
1419,271.8,2.65952205657959
1420,272.0,10.6749820709229
1421,272.2,11.7453441619873
1422,272.3,5.702476978302
1423,272.6,2.25149321556091
1424,272.8,5.26036548614502
1425,273.0,9.91558361053467
1426,273.2,9.83599758148193
1427,273.3,4.57115268707275
1428,273.6,1.80217850208282
1429,273.8,3.03399515151978
1430,274.0,5.40100145339966
1431,274.2,6.15100145339966
1432,274.3,4.10198545455933
1433,274.6,2.59443068504333
1434,274.7,1.9163738489151
1435,274.9,6.46793746948242
1436,275.1,7.78794813156128
1437,275.2,5.7869815826416
1438,275.4,2.34311318397522
1439,275.7,2.07422709465027
1440,275.9,3.92858386039734
1441,276.1,5.27521085739136
1442,276.2,4.73313426971436
1443,276.4,1.61507380008698
1444,276.6,2.07791638374329
1445,276.8,3.68771958351135
1446,277.0,5.71846437454224
1447,277.1,5.89854192733765
1448,277.3,1.95142304897308
1449,277.4,2.06719946861267
1450,277.6,0.921293020248413
1451,277.8,2.42261075973511
1452,277.9,1.92700278759003
1453,278.1,4.14783906936646
1454,278.2,1.99156713485718
1455,278.3,2.90609622001648
1456,278.5,1.84276175498962
1457,278.7,1.57782852649689
1458,278.9,6.99437808990479
1459,279.1,11.0493679046631
1460,279.2,8.78171157836914
1461,279.4,3.09047794342041
1462,279.7,2.10769510269165
1463,279.8,1.78100848197937
1464,280.0,6.28294086456299
1465,280.1,5.03785991668701
1466,280.3,1.25755441188812
1467,280.6,0.852336585521698
1468,280.8,7.01730489730835
1469,281.0,163.123764038086
1470,281.1,2233.06079101563
1471,281.3,14.0973291397095
1472,281.5,0.95045679807663
1473,281.8,6.02591371536255
1474,282.0,109.791549682617
1475,282.1,573.85693359375
1476,282.3,14.5817813873291
1477,282.6,2.07097673416138
1478,282.8,6.80894231796265
1479,283.0,100.113403320313
1480,283.1,392.254119873047
1481,283.3,16.4826946258545
1482,283.5,0.641953647136688
1483,283.7,1.69949054718018
1484,283.9,15.248067855835
1485,284.0,26.0195007324219
1486,284.1,73.6408996582031
1487,284.3,13.5342588424683
1488,284.6,2.89265632629395
1489,284.7,2.56746315956116
1490,284.9,25.5399684906006
1491,285.0,32.5158996582031
1492,285.1,67.0333786010742
1493,285.3,14.4671468734741
1494,285.5,1.02108216285706
1495,285.7,2.60145807266235
1496,285.9,9.52398109436035
1497,286.1,17.8294982910156
1498,286.2,13.5165147781372
1499,286.4,2.34381580352783
1500,286.5,2.41057634353638
1501,286.8,5.61182355880737
1502,287.0,15.7845220565796
1503,287.2,18.6316757202148
1504,287.3,8.45353126525879
1505,287.6,1.73612082004547
1506,287.8,3.03865075111389
1507,288.0,5.69132137298584
1508,288.2,6.24042510986328
1509,288.3,4.17919874191284
1510,288.6,2.73972249031067
1511,288.8,9.1336088180542
1512,289.0,24.4662685394287
1513,289.1,25.5611381530762
1514,289.3,5.30498933792114
1515,289.4,2.90978574752808
1516,289.7,2.42524600028992
1517,289.9,6.22935676574707
1518,290.1,9.45572757720947
1519,290.2,6.6281623840332
1520,290.4,2.43912506103516
1521,290.6,1.07036185264587
1522,290.8,3.38624382019043
1523,291.0,7.31842947006226
1524,291.2,6.75773000717163
1525,291.3,3.26651430130005
1526,291.6,1.59416723251343
1527,291.8,2.28250169754028
1528,291.9,1.71503865718842
1529,292.1,4.17111730575562
1530,292.2,2.20159864425659
1531,292.3,3.04023194313049
1532,292.5,1.09741747379303
1533,292.7,4.16716432571411
1534,292.8,6.31544256210327
1535,293.0,24.3486480712891
1536,293.1,21.6930770874023
1537,293.3,4.89652156829834
1538,293.5,0.750966250896454
1539,293.7,2.32572031021118
1540,293.9,6.18183422088623
1541,294.0,4.60049200057983
1542,294.2,8.07299709320068
1543,294.3,2.38527750968933
1544,294.4,2.34487009048462
1545,294.6,1.23032331466675
1546,294.8,6.19070625305176
1547,295.0,26.6127014160156
1548,295.1,19.4492263793945
1549,295.2,25.1430072784424
1550,295.4,2.96864008903503
1551,295.5,2.15653538703918
1552,295.8,3.80507731437683
1553,296.0,11.4275302886963
1554,296.2,13.6647930145264
1555,296.3,4.8419713973999
1556,296.4,3.98304629325867
1557,296.7,4.40433931350708
1558,296.9,15.95423412323
1559,297.0,12.6054992675781
1560,297.1,22.5285491943359
1561,297.3,7.26106834411621
1562,297.6,2.11393189430237
1563,297.8,4.21152496337891
1564,298.0,8.37693214416504
1565,298.2,8.39274406433105
1566,298.3,2.9972767829895
1567,298.4,3.38027048110962
1568,298.7,3.73269510269165
1569,298.9,13.5867881774902
1570,299.1,27.2955894470215
1571,299.2,20.7749481201172
1572,299.4,4.12763547897339
1573,299.7,2.28540062904358
1574,299.9,5.43464517593384
1575,300.1,10.6060256958008
1576,300.2,5.06816577911377
1577,300.3,5.54409694671631
1578,300.5,1.89335906505585
1579,300.7,1.23102605342865
1580,300.9,4.93842220306396
1581,301.0,3.76396703720093
1582,301.2,7.46925497055054
1583,301.3,4.35962772369385
1584,301.6,1.44184815883636
1585,301.7,0.747013330459595
1586,301.9,2.63431119918823
1587,302.1,4.5919713973999
1588,302.2,1.88053405284882
1589,302.3,2.81271958351135
1590,302.6,1.73533034324646
1591,302.8,2.40047430992126
1592,302.9,2.08222055435181
1593,303.1,4.44747018814087
1594,303.3,3.81632113456726
1595,303.4,1.35084331035614
1596,303.5,1.56807804107666
1597,303.8,1.89160227775574
1598,303.9,1.29251575469971
1599,304.1,3.27380537986755
1600,304.3,3.59328889846802
1601,304.4,2.26177096366882
1602,304.7,1.83959949016571
1603,304.8,1.31412506103516
1604,305.0,3.49358749389648
1605,305.2,3.69826078414917
1606,305.3,1.42963814735413
1607,305.5,1.89458894729614
1608,305.7,1.63896691799164
1609,305.9,2.69035482406616
1610,306.1,3.71310615539551
1611,306.3,3.43710470199585
1612,306.5,2.09065365791321
1613,306.7,1.92770552635193
1614,306.9,3.67331337928772
1615,307.1,4.94158458709717
1616,307.2,4.22083616256714
1617,307.4,1.88316941261292
1618,307.7,1.46038293838501
1619,307.9,2.59838366508484
1620,308.1,3.85277581214905
1621,308.3,3.44527411460876
1622,308.4,2.09047794342041
1623,308.7,2.12605404853821
1624,308.8,1.85866129398346
1625,309.0,5.68807077407837
1626,309.2,5.92735433578491
1627,309.3,3.01247358322144
1628,309.5,1.51458191871643
1629,309.8,2.17217135429382
1630,309.9,1.81263172626495
1631,310.1,4.14511585235596
1632,310.3,3.8351194858551
1633,310.4,2.28092050552368
1634,310.7,3.07607173919678
1635,310.8,2.9620521068573
1636,311.0,9.91417789459229
1637,311.1,5.7885627746582
1638,311.2,7.38598012924194
1639,311.4,1.62227690219879
1640,311.6,1.55648279190063
1641,311.7,1.10172176361084
1642,311.9,4.46556568145752
1643,312.0,2.97672176361084
1644,312.2,6.40521764755249
1645,312.3,3.53118419647217
1646,312.5,0.877810955047607
1647,312.7,2.97900557518005
1648,312.8,2.67867183685303
1649,313.0,10.3466272354126
1650,313.1,11.8580465316772
1651,313.3,4.72303247451782
1652,313.5,0.879216432571411
1653,313.7,1.72830283641815
1654,313.9,3.82870697975159
1655,314.1,5.68464517593384
1656,314.2,2.75298666954041
1657,314.3,3.35830998420715
1658,314.5,1.7083625793457
1659,314.8,2.42076587677002
1660,315.0,4.1682186126709
1661,315.1,4.41382646560669
1662,315.3,2.78302884101868
1663,315.6,1.57053756713867
1664,315.7,0.972505271434784
1665,315.9,2.43288826942444
1666,316.0,1.46600496768951
1667,316.2,2.9186577796936
1668,316.3,2.30595564842224
1669,316.6,1.63009488582611
1670,316.8,1.90328526496887
1671,317.0,2.45959234237671
1672,317.2,2.69553756713867
1673,317.3,2.02723121643066
1674,317.6,1.24622273445129
1675,317.7,0.711349248886108
1676,317.9,1.98787772655487
1677,318.1,2.72153902053833
1678,318.2,1.30042159557343
1679,318.4,2.15653538703918
1680,318.6,1.49095225334167
1681,318.8,1.84917426109314
1682,319.0,2.68710470199585
1683,319.2,2.45353126525879
1684,319.3,2.14195370674133
1685,319.5,0.598822891712189
1686,319.7,1.55402314662933
1687,319.9,2.01343989372253
1688,320.1,2.6651439666748
1689,320.3,2.64739990234375
1690,320.4,1.72751224040985
1691,320.6,0.749209403991699
1692,320.8,1.87157416343689
1693,321.0,2.70045685768127
1694,321.2,2.63712239265442
1695,321.3,1.09952569007874
1696,321.5,1.48418831825256
1697,321.6,0.654251575469971
1698,321.8,1.66057622432709
1699,322.0,2.48155307769775
1700,322.2,2.7912859916687
1701,322.3,2.40205550193787
1702,322.6,1.80613136291504
1703,322.8,3.91523194313049
1704,323.0,8.69009113311768
1705,323.1,9.87921619415283
1706,323.3,2.43403029441833
1707,323.4,1.9165495634079
1708,323.6,0.798137724399567
1709,323.8,2.64046025276184
1710,324.0,4.93086767196655
1711,324.2,5.06210470199585
1712,324.3,2.04154944419861
1713,324.5,2.56105065345764
1714,324.7,5.44527387619019
1715,324.9,22.7693252563477
1716,325.0,24.6343116760254
1717,325.1,40.5928497314453
1718,325.3,5.30130004882813
1719,325.4,2.51449394226074
1720,325.7,2.73550605773926
1721,325.9,10.9859447479248
1722,326.1,18.1057624816895
1723,326.2,9.26071643829346
1724,326.4,1.7489458322525
1725,326.6,2.55226635932922
1726,326.7,4.28979253768921
1727,326.9,38.5300407409668
1728,327.1,115.322471618652
1729,327.2,36.0382118225098
1730,327.4,1.54910397529602
1731,327.6,2.35830998420715
1732,327.7,2.39098739624023
1733,327.9,18.3073616027832
1734,328.0,16.2193431854248
1735,328.1,27.1939563751221
1736,328.3,6.76554822921753
1737,328.5,1.14775121212006
1738,328.7,4.32765293121338
1739,328.9,15.1280746459961
1740,329.1,24.0096626281738
1741,329.2,12.4940271377563
1742,329.4,1.5838897228241
1743,329.6,1.68736827373505
1744,329.8,3.28601551055908
1745,330.0,5.92392826080322
1746,330.1,6.10075521469116
1747,330.3,3.36911463737488
1748,330.6,2.15275835990906
1749,330.7,1.58749127388
1750,330.9,5.75360155105591
1751,331.0,3.59847164154053
1752,331.1,7.46749830245972
1753,331.3,1.80015814304352
1754,331.4,1.89924454689026
1755,331.7,1.73814129829407
1756,331.8,1.2523717880249
1757,332.0,3.34627556800842
1758,332.1,1.57009840011597
1759,332.2,2.98849272727966
1760,332.4,1.69799721240997
1761,332.6,0.864458918571472
1762,332.8,2.71275472640991
1763,332.9,1.32062542438507
1764,333.1,3.55332040786743
1765,333.2,2.97549200057983
1766,333.5,1.57475399971008
1767,333.6,0.573787748813629
1768,333.8,1.8748242855072
1769,334.0,2.65091347694397
1770,334.2,2.93692898750305
1771,334.4,2.08573436737061
1772,334.6,1.67515814304352
1773,334.8,2.15592050552368
1774,335.0,2.43315172195435
1775,335.1,1.21380889415741
1776,335.3,2.27213644981384
1777,335.5,1.68666553497314
1778,335.7,1.53935348987579
1779,335.9,1.89476454257965
1780,336.1,2.13712239265442
1781,336.3,2.22136330604553
1782,336.4,1.80938160419464
1783,336.7,1.48585736751556
1784,336.8,1.03926563262939
1785,337.0,2.72619462013245
1786,337.1,1.44799721240997
1787,337.3,2.42401623725891
1788,337.5,1.71811318397522
1789,337.6,0.654515087604523
1790,337.8,1.61305344104767
1791,338.0,2.54682016372681
1792,338.2,2.57730150222778
1793,338.4,2.30437445640564
1794,338.6,2.05621933937073
1795,338.7,1.55999648571014
1796,338.9,8.34258651733398
1797,339.1,15.5432186126709
1798,339.2,6.51660203933716
1799,339.3,5.86393165588379
1800,339.5,0.807712554931641
1801,339.7,2.23620867729187
1802,339.9,4.80903005599976
1803,340.0,3.65556931495667
1804,340.2,7.96310615539551
1805,340.3,2.88984537124634
1806,340.5,0.777231216430664
1807,340.7,3.98471546173096
1808,340.9,36.0598220825195
1809,341.1,223.447555541992
1810,341.2,68.3361740112305
1811,341.4,2.44386863708496
1812,341.6,1.98691141605377
1813,341.8,7.95309209823608
1814,342.0,42.8382835388184
1815,342.1,61.7404251098633
1816,342.3,12.3236999511719
1817,342.5,1.41347503662109
1818,342.7,3.92357683181763
1819,342.9,19.9771614074707
1820,343.1,52.0271415710449
1821,343.2,16.9214687347412
1822,343.3,10.5209941864014
1823,343.6,2.1666374206543
1824,343.8,4.01835918426514
1825,344.0,11.2018623352051
1826,344.1,7.07844352722168
1827,344.2,9.39300727844238
1828,344.4,3.12210130691528
1829,344.7,3.8337140083313
1830,344.9,12.5006151199341
1831,345.0,11.8601541519165
1832,345.1,19.2630882263184
1833,345.3,5.41760349273682
1834,345.4,3.21784973144531
1835,345.7,1.99235773086548
1836,345.8,1.95563948154449
1837,346.0,6.77696752548218
1838,346.2,7.27046728134155
1839,346.3,2.56737518310547
1840,346.4,2.43271255493164
1841,346.6,0.756148993968964
1842,346.8,3.21433591842651
1843,346.9,2.6680428981781
1844,347.1,5.68833446502686
1845,347.2,2.56008434295654
1846,347.3,3.27468371391296
1847,347.5,1.42401611804962
1848,347.8,1.71828877925873
1849,347.9,1.21047079563141
1850,348.1,2.84179544448853
1851,348.2,1.23243153095245
1852,348.4,2.09864711761475
1853,348.5,1.11999297142029
1854,348.7,2.74147915840149
1855,348.9,5.98392486572266
1856,349.0,3.85119462013245
1857,349.1,6.11393165588379
1858,349.3,2.76958894729614
1859,349.6,1.43148279190063
1860,349.7,0.915495455265045
1861,349.9,2.84091711044312
1862,350.1,3.78302884101868
1863,350.2,2.70203804969788
1864,350.4,1.59135627746582
1865,350.6,0.786893904209137
1866,350.8,2.47733664512634
1867,351.0,3.61507368087769
1868,351.2,3.09188342094421
1869,351.3,2.03689384460449
1870,351.5,0.591092765331268
1871,351.7,1.5427793264389
1872,351.8,0.834153175354004
1873,352.0,2.34873509407043
1874,352.2,2.66417789459229
1875,352.3,1.00114190578461
1876,352.5,1.76607513427734
1877,352.6,0.745607852935791
1878,352.8,2.3738579750061
1879,353.0,4.10760736465454
1880,353.1,2.0809907913208
1881,353.2,3.50149321556091
1882,353.4,1.06096279621124
1883,353.6,1.40969777107239
1884,353.7,0.928144752979279
1885,353.9,2.44017910957336
1886,354.1,3.58072733879089
1887,354.2,1.667076587677
1888,354.3,2.18183422088623
1889,354.6,1.49560785293579
1890,354.8,7.25439214706421
1891,355.0,83.8467178344727
1892,355.1,301.858489990234
1893,355.3,24.6315879821777
1894,355.5,2.02608919143677
1895,355.8,5.92682695388794
1896,355.9,12.4297256469727
1897,356.1,79.6305313110352
1898,356.2,61.2442893981934
1899,356.4,5.22531604766846
1900,356.7,2.93200993537903
1901,356.9,15.7107343673706
1902,357.1,65.3187789916992
1903,357.2,28.442024230957
1904,357.3,16.8351192474365
1905,357.5,1.84355235099792
1906,357.8,3.73515462875366
1907,358.0,12.7751226425171
1908,358.2,17.4347324371338
1909,358.3,4.8820276260376
1910,358.4,3.78496146202087
1911,358.6,1.12789881229401
1912,358.8,5.1627721786499
1913,359.0,16.7463989257813
1914,359.2,21.9819049835205
1915,359.3,7.12622976303101
1916,359.4,4.07062530517578
1917,359.7,1.89116299152374
1918,359.9,4.17972612380981
1919,360.1,6.73998594284058
1920,360.2,6.03338003158569
1921,360.4,2.60084319114685
1922,360.7,1.91022491455078
1923,360.8,1.44421994686127
1924,361.0,4.94184827804565
1925,361.2,5.45115947723389
1926,361.3,2.10822200775146
1927,361.4,2.13044619560242
1928,361.7,1.46793746948242
1929,361.9,1.85040402412415
1930,362.0,1.32203090190887
1931,362.2,2.81544280052185
1932,362.3,1.95001757144928
1933,362.5,0.811050593852997
1934,362.7,2.00843286514282
1935,362.9,4.61401987075806
1936,363.1,6.48945903778076
1937,363.2,4.84917449951172
1938,363.4,1.87912857532501
1939,363.7,1.64300775527954
1940,363.9,2.51106810569763
1941,364.0,1.43367886543274
1942,364.2,3.43833446502686
1943,364.3,2.11059379577637
1944,364.6,1.55850315093994
1945,364.8,1.9148805141449
1946,364.9,1.2939213514328
1947,365.1,2.70397043228149
1948,365.3,2.3738579750061
1949,365.4,1.50729095935822
1950,365.7,1.46521437168121
1951,365.9,1.81333446502686
1952,366.0,1.03777229785919
1953,366.2,2.19527411460876
1954,366.3,1.06886863708496
1955,366.5,1.57888269424438
1956,366.6,0.922522842884064
1957,366.8,3.74288463592529
1958,367.0,6.60339069366455
1959,367.1,6.57369995117188
1960,367.3,3.51871037483215
1961,367.6,1.36867535114288
1962,367.8,2.19026708602905
1963,367.9,1.69395637512207
1964,368.1,3.84118056297302
1965,368.2,1.64854180812836
1966,368.3,2.5401439666748
1967,368.6,1.69632816314697
1968,368.8,3.73901963233948
1969,369.0,10.6437101364136
1970,369.1,5.91830635070801
1971,369.2,10.3854532241821
1972,369.4,3.88887906074524
1973,369.7,1.51440620422363
1974,369.9,3.57405138015747
1975,370.1,5.43798303604126
1976,370.3,4.80771255493164
1977,370.4,2.85277581214905
1978,370.7,2.10470843315125
1979,370.9,5.10347843170166
1980,371.0,4.13070964813232
1981,371.2,8.45801162719727
1982,371.3,3.06957125663757
1983,371.4,2.60857343673706
1984,371.7,1.59609973430634
1985,371.9,2.70010542869568
1986,372.1,3.98866820335388
1987,372.2,3.28926563262939
1988,372.4,1.70458543300629
1989,372.7,1.91075193881989
1990,372.9,5.59653902053833
1991,373.1,9.43218517303467
1992,373.2,4.28267765045166
1993,373.3,5.34416723251343
1994,373.5,0.935172200202942
1995,373.7,1.4609100818634
1996,373.9,3.0867006778717
1997,374.0,2.0833625793457
1998,374.2,4.22882986068726
1999,374.3,2.9132993221283
2000,374.5,0.792340099811554
2001,374.7,1.41347503662109
2002,374.9,2.35470843315125
2003,375.1,3.05077290534973
2004,375.2,2.82282161712646
2005,375.4,1.04576599597931
2006,375.6,1.34153199195862
2007,375.7,0.589687287807465
2008,375.9,1.60883700847626
2009,376.1,2.22698521614075
2010,376.2,2.00087833404541
2011,376.4,0.807536900043488
2012,376.6,1.18859803676605
2013,376.8,1.4179550409317
2014,377.0,2.08916020393372
2015,377.2,2.09443068504333
2016,377.3,1.60699224472046
2017,377.5,0.721890389919281
2018,377.7,1.11665499210358
2019,377.9,1.6235066652298
2020,378.0,1.02152144908905
2021,378.2,1.86691844463348
2022,378.4,1.74104011058807
2023,378.6,1.38685870170593
2024,378.8,1.47689735889435
2025,378.9,0.876493334770203
2026,379.1,1.82686221599579
2027,379.2,1.68728041648865
2028,379.5,1.40583276748657
2029,379.7,1.26133167743683
2030,379.9,1.22795152664185
2031,380.1,1.89775121212006
2032,380.2,0.87974351644516
2033,380.4,1.67287421226501
2034,380.6,1.28039348125458
2035,380.8,1.69799721240997
2036,381.0,2.330815076828
2037,381.1,1.18833446502686
2038,381.3,2.20203804969788
2039,381.5,1.54181301593781
2040,381.7,1.05375969409943
2041,381.9,1.45054459571838
2042,382.1,2.045414686203
2043,382.3,1.99481725692749
2044,382.5,1.46319401264191
2045,382.7,1.9587140083313
2046,382.8,1.74437808990479
2047,383.0,4.99121570587158
2048,383.2,5.01554822921753
2049,383.3,2.42384052276611
2050,383.5,0.681043565273285
2051,383.7,1.47628247737885
2052,383.9,2.48023533821106
2053,384.1,3.15425157546997
2054,384.2,1.54330635070801
2055,384.4,1.75852072238922
2056,384.6,2.13940620422363
2057,384.8,5.59302520751953
2058,385.0,11.4364900588989
2059,385.2,12.0090475082397
2060,385.3,4.74631071090698
2061,385.6,1.56438863277435
2062,385.8,2.93016505241394
2063,386.0,4.8313422203064
2064,386.1,5.05050945281982
2065,386.3,1.82817995548248
2066,386.5,1.89511597156525
2067,386.6,1.23858046531677
2068,386.8,5.7008957862854
2069,386.9,6.00992631912231
2070,387.1,17.5810794830322
2071,387.2,11.7500877380371
2072,387.4,3.0395290851593
2073,387.7,1.75606119632721
2074,387.9,4.49692535400391
2075,388.1,6.98972225189209
2076,388.2,2.8773717880249
2077,388.3,3.98164081573486
2078,388.6,1.73568165302277
2079,388.7,1.15943431854248
2080,388.9,3.76677799224854
2081,389.0,2.4598560333252
2082,389.2,4.91409015655518
2083,389.3,2.59118056297302
2084,389.6,1.42436754703522
2085,389.8,1.74112784862518
2086,390.0,2.37192559242249
2087,390.2,2.35189747810364
2088,390.3,1.84074139595032
2089,390.5,0.70432186126709
2090,390.7,1.4560786485672
2091,390.9,1.97505271434784
2092,391.1,2.11226272583008
2093,391.2,1.88316941261292
2094,391.4,1.37095928192139
2095,391.7,1.14046025276184
2096,391.9,1.56157767772675
2097,392.1,1.54321849346161
2098,392.3,1.56869292259216
2099,392.5,1.31755089759827
2100,392.7,1.16083979606628
2101,392.9,1.46503865718842
2102,393.0,0.838984549045563
2103,393.2,1.74200630187988
2104,393.4,1.3320449590683
2105,393.5,0.550597310066223
2106,393.7,1.11551296710968
2107,393.9,1.32826769351959
2108,394.1,1.55762469768524
2109,394.3,1.82352423667908
2110,394.5,1.33713984489441
2111,394.7,1.34346449375153
2112,394.8,0.67498242855072
2113,395.0,1.36322903633118
2114,395.2,1.72276878356934
2115,395.3,0.673137724399567
2116,395.5,1.43359100818634
2117,395.7,1.26677799224854
2118,395.8,0.691936075687408
2119,395.9,1.34355235099792
2120,396.2,1.54866480827332
2121,396.4,1.60382997989655
2122,396.5,1.50816941261292
2123,396.7,0.6672523021698
2124,396.9,2.23743844032288
2125,397.1,2.43648982048035
2126,397.3,2.27793383598328
2127,397.4,1.48418831825256
2128,397.7,1.22109973430634
2129,397.9,1.57791638374329
2130,398.0,0.979796230792999
2131,398.2,1.88466262817383
2132,398.3,1.51300072669983
2133,398.6,1.68666553497314
2134,398.8,5.02099418640137
2135,399.0,10.467059135437
2136,399.2,13.1380004882813
2137,399.3,4.04884052276611
2138,399.4,2.1674280166626
2139,399.6,0.933327496051788
2140,399.8,2.69878768920898
2141,400.0,5.25878429412842
2142,400.1,5.42322540283203
2143,400.3,3.03346800804138
2144,400.5,0.880446255207062
2145,400.7,4.86498594284058
2146,400.8,7.8687629699707
2147,401.0,48.0265274047852
2148,401.1,56.8866844177246
2149,401.3,12.7922525405884
2150,401.5,1.17533385753632
2151,401.7,3.41004920005798
2152,401.9,12.8820276260376
2153,402.0,11.2095041275024
2154,402.1,21.900562286377
2155,402.3,5.4571328163147
2156,402.4,3.707923412323
2157,402.6,1.3751757144928
2158,402.8,6.00298643112183
2159,403.0,15.0885457992554
2160,403.1,15.9706602096558
2161,403.3,4.59785652160645
2162,403.4,3.04523897171021
2163,403.6,0.65513002872467
2164,403.8,2.68464517593384
2165,403.9,2.45880174636841
2166,404.1,5.27424478530884
2167,404.2,4.47452545166016
2168,404.4,1.12895286083221
2169,404.6,1.82440268993378
2170,404.7,1.18596279621124
2171,404.9,4.47549200057983
2172,405.0,3.18297600746155
2173,405.2,5.55727338790894
2174,405.3,3.07624745368958
2175,405.5,1.39010894298553
2176,405.8,2.00922346115112
2177,406.0,2.56447649002075
2178,406.1,1.38527762889862
2179,406.2,2.64862966537476
2180,406.4,1.23146522045135
2181,406.7,1.61902666091919
2182,406.9,2.1713809967041
2183,407.1,2.4537947177887
2184,407.2,2.18684124946594
2185,407.4,1.32027411460876
2186,407.7,1.22232961654663
2187,407.9,1.61156010627747
2188,408.0,0.834768116474152
2189,408.2,1.62948000431061
2190,408.4,1.63554108142853
2191,408.6,1.44009137153625
2192,408.8,1.86349260807037
2193,409.0,2.27371740341187
2194,409.2,2.24490523338318
2195,409.3,1.42621219158173
2196,409.6,1.2924280166626
2197,409.8,1.21240341663361
2198,410.0,1.55147576332092
2199,410.2,1.52442026138306
2200,410.3,1.34328877925873
2201,410.6,1.41242098808289
2202,410.7,0.843464493751526
2203,410.9,1.60505974292755
2204,411.1,1.84161984920502
2205,411.2,1.68736827373505
2206,411.5,1.42006325721741
2207,411.7,1.25983834266663
2208,411.9,1.33880889415741
2209,412.0,0.759838342666626
2210,412.2,1.48629653453827
2211,412.3,0.728215038776398
2212,412.4,1.27450811862946
2213,412.7,1.59987699985504
2214,412.9,2.84443068504333
2215,413.0,1.82897043228149
2216,413.2,4.07150363922119
2217,413.3,2.70748424530029
2218,413.6,1.17955029010773
2219,413.8,1.70186221599579
2220,414.0,2.40838027000427
2221,414.1,2.67155647277832
2222,414.3,1.55305695533752
2223,414.6,1.29822552204132
2224,414.7,1.54400908946991
2225,414.9,13.9554634094238
2226,415.0,33.9447479248047
2227,415.2,116.439300537109
2228,415.3,28.5674629211426
2229,415.5,1.13308155536652
2230,415.7,2.0892481803894
2231,415.9,11.0011415481567
2232,416.1,39.7730140686035
2233,416.2,32.6445007324219
2234,416.4,5.60339069366455
2235,416.7,2.7464861869812
2236,416.9,10.6420412063599
2237,417.1,28.439037322998
2238,417.2,24.914529800415
2239,417.4,5.04348230361938
2240,417.7,1.78926563262939
2241,417.8,1.55261766910553
2242,418.0,7.5919713973999
2243,418.2,9.63685894012451
2244,418.3,3.63053417205811
2245,418.4,3.14696073532104
2246,418.7,1.77907586097717
2247,418.8,1.60690438747406
2248,419.0,6.04031991958618
2249,419.2,6.88712215423584
2250,419.3,4.41452932357788
2251,419.5,0.744465887546539
2252,419.7,1.51730501651764
2253,419.9,1.96547782421112
2254,420.0,1.32255792617798
2255,420.1,2.84768104553223
2256,420.3,1.31904423236847
2257,420.5,1.45054459571838
2258,420.7,1.32589602470398
2259,420.9,2.0011420249939
2260,421.1,2.44843649864197
2261,421.3,2.81807804107666
2262,421.4,0.877986669540405
2263,421.6,1.49244558811188
2264,421.7,0.708714008331299
2265,421.9,1.44773364067078
2266,422.1,1.82738935947418
2267,422.3,1.73533034324646
2268,422.5,1.47347152233124
2269,422.7,1.24095225334167
2270,422.8,0.807536900043488
2271,423.0,2.26572370529175
2272,423.2,2.38009476661682
2273,423.4,1.73480319976807
2274,423.6,1.07080113887787
2275,423.7,0.612438499927521
2276,423.9,1.44079411029816
2277,424.1,1.49393880367279
2278,424.2,0.831605792045593
2279,424.3,1.51071679592133
2280,424.6,1.26177096366882
2281,424.7,0.739722430706024
2282,424.9,1.59205901622772
2283,425.1,1.47030925750732
2284,425.3,1.56236827373505
2285,425.4,0.706869304180145
2286,425.6,1.09574842453003
2287,425.8,1.2509663105011
2288,425.9,0.644764602184296
2289,426.1,1.292076587677
2290,426.3,1.42709064483643
2291,426.4,0.757905840873718
2292,426.6,1.30938160419464
2293,426.8,1.64335906505585
2294,427.0,2.18227338790894
2295,427.2,2.32071328163147
2296,427.4,1.86033034324646
2297,427.5,0.763615608215332
2298,427.7,1.22461354732513
2299,427.9,1.31605768203735
2300,428.1,1.73005974292755
2301,428.3,1.64450109004974
2302,428.5,1.27477157115936
2303,428.7,2.56263184547424
2304,428.9,12.6994028091431
2305,429.1,50.5783538818359
2306,429.2,49.9265632629395
2307,429.4,5.26335191726685
2308,429.5,2.47865414619446
2309,429.7,1.19079411029816
2310,429.9,7.96196413040161
2311,430.1,23.1462574005127
2312,430.2,21.8380184173584
2313,430.4,5.32554483413696
2314,430.6,1.00773012638092
2315,430.8,3.77327823638916
2316,430.9,4.61454677581787
2317,431.1,17.6233310699463
2318,431.2,19.5094871520996
2319,431.4,3.73691153526306
2320,431.5,2.42902326583862
2321,431.8,2.43965220451355
2322,432.0,5.17313766479492
2323,432.1,3.56421303749084
2324,432.2,6.67524576187134
2325,432.4,1.97241747379303
2326,432.5,1.89520382881165
2327,432.8,2.24833106994629
2328,433.0,5.93894958496094
2329,433.2,7.23840475082397
2330,433.3,4.76502084732056
2331,433.5,1.60751926898956
2332,433.8,1.70361912250519
2333,434.0,2.85049200057983
2334,434.2,3.19422006607056
2335,434.3,2.52696776390076
2336,434.5,0.748594522476196
2337,434.7,1.10927617549896
2338,434.8,0.765635967254639
2339,435.0,1.87939214706421
2340,435.2,2.45001745223999
2341,435.3,1.02951514720917
2342,435.4,1.64300775527954
2343,435.6,1.07194304466248
2344,435.9,1.09179544448853
2345,436.1,1.40671122074127
2346,436.3,1.64300775527954
2347,436.4,1.36340475082397
2348,436.6,0.50474351644516
2349,436.8,1.50377726554871
2350,437.0,2.1699755191803
2351,437.1,2.09838366508484
2352,437.4,1.71354532241821
2353,437.5,0.688949406147003
2354,437.7,1.15521788597107
2355,437.9,1.45247721672058
2356,438.1,1.74051296710968
2357,438.2,0.7508784532547
2358,438.3,1.39335906505585
2359,438.5,0.747452557086945
2360,438.7,1.18323957920074
2361,438.9,1.46187627315521
2362,439.0,0.918833434581757
2363,439.2,1.52854883670807
2364,439.4,1.21820104122162
2365,439.5,0.727248787879944
2366,439.6,1.01212227344513
2367,439.8,0.61683064699173
2368,440.0,1.17120516300201
2369,440.2,1.40548133850098
2370,440.4,1.21899151802063
2371,440.6,1.16136682033539
2372,440.8,1.64968371391296
2373,440.9,1.06649684906006
2374,441.1,2.37728381156921
2375,441.2,2.26660227775574
2376,441.4,1.34662687778473
2377,441.7,1.11647927761078
2378,441.8,0.752898812294006
2379,442.0,1.64520382881165
2380,442.1,0.668921291828156
2381,442.3,1.46249127388
2382,442.5,1.42129302024841
2383,442.7,1.26660227775574
2384,442.9,2.04102253913879
2385,443.1,2.23111391067505
2386,443.3,2.25702738761902
2387,443.4,0.807976126670837
2388,443.6,1.20054459571838
2389,443.7,0.522224187850952
2390,443.9,1.59337663650513
2391,444.1,1.6671644449234
2392,444.2,0.834592401981354
2393,444.4,1.30446243286133
2394,444.6,1.40065002441406
2395,444.8,2.17559742927551
2396,445.0,3.36700630187988
2397,445.2,3.92823266983032
2398,445.3,2.39704847335815
2399,445.6,1.24885809421539
2400,445.8,1.5859100818634
2401,446.0,2.44957828521729
2402,446.2,2.32211875915527
2403,446.4,1.65249478816986
2404,446.5,0.640723824501038
2405,446.7,1.46609270572662
2406,446.9,2.90794086456299
2407,447.0,1.67278635501862
2408,447.2,3.98111391067505
2409,447.3,2.45669364929199
2410,447.5,0.826071679592133
2411,447.7,1.13826417922974
2412,447.8,0.682009816169739
2413,448.0,1.74191844463348
2414,448.2,2.16988754272461
2415,448.4,1.57027411460876
2416,448.5,0.540758967399597
2417,448.7,1.20748424530029
2418,448.8,0.732167959213257
2419,449.0,1.78250169754028
2420,449.1,0.967322528362274
2421,449.2,1.57150387763977
2422,449.4,0.652231216430664
2423,449.6,1.06184113025665
2424,449.7,0.485418140888214
2425,449.9,1.31473994255066
2426,450.1,1.14397394657135
2427,450.2,0.629919171333313
2428,450.3,1.21055865287781
2429,450.6,1.08397746086121
2430,450.8,1.19193601608276
2431,451.0,1.19176042079926
2432,451.2,1.32159173488617
2433,451.3,0.533468008041382
2434,451.5,1.25272309780121
2435,451.7,1.11498594284058
2436,451.9,1.06245613098145
2437,452.0,0.663738608360291
2438,452.1,1.2900562286377
2439,452.3,0.649068892002106
2440,452.4,1.35672879219055
2441,452.7,1.11955380439758
2442,452.8,0.577652871608734
2443,453.0,1.09750521183014
2444,453.2,1.47215390205383
2445,453.4,1.14142656326294
2446,453.5,0.507027387619019
2447,453.7,1.10681653022766
2448,453.9,1.32756495475769
2449,454.0,0.54875260591507
2450,454.2,1.23717498779297
2451,454.3,0.545414626598358
2452,454.5,1.33555865287781
2453,454.7,1.11542510986328
2454,454.8,1.21442377567291
2455,455.1,1.14915668964386
2456,455.2,0.665319740772247
2457,455.3,1.27863669395447
2458,455.5,0.536893904209137
2459,455.7,0.889845371246338
2460,455.9,1.21793746948242
2461,456.1,1.26932537555695
2462,456.2,0.587315559387207
2463,456.4,1.11560082435608
2464,456.5,0.538123667240143
2465,456.7,0.957308530807495
2466,456.8,0.697821497917175
2467,457.0,2.00087833404541
2468,457.1,0.878513693809509
2469,457.3,1.74200630187988
2470,457.5,1.05244207382202
2471,457.6,0.505621910095215
2472,457.8,1.21152496337891
2473,458.0,1.37104713916779
2474,458.2,1.34021437168121
2475,458.3,0.554111003875732
2476,458.4,1.23603308200836
2477,458.7,1.90846800804138
2478,458.8,1.64362263679504
2479,459.0,4.95607852935791
2480,459.2,5.06965923309326
2481,459.3,1.67287421226501
2482,459.4,1.77319049835205
2483,459.7,1.51352775096893
2484,459.9,2.18982791900635
2485,460.0,1.30771255493164
2486,460.2,2.66004920005798
2487,460.4,2.38773727416992
2488,460.6,1.98120164871216
2489,460.8,6.05507707595825
2490,461.0,16.2002811431885
2491,461.1,9.72408676147461
2492,461.2,14.9540586471558
2493,461.4,2.94527411460876
2494,461.5,2.13325715065002
2495,461.7,1.29734718799591
2496,461.9,5.52969074249268
2497,462.0,4.32220649719238
2498,462.2,8.03048133850098
2499,462.3,3.10005259513855
2500,462.4,2.82721352577209
2501,462.6,0.87930428981781
2502,462.8,3.19369292259216
2503,463.0,5.76827144622803
2504,463.2,5.93490886688232
2505,463.3,3.40943431854248
2506,463.6,1.73093819618225
2507,463.7,0.747189044952393
2508,463.9,2.11946582794189
2509,464.0,1.48234367370605
2510,464.2,2.81632113456726
2511,464.3,1.89985942840576
2512,464.5,1.29875266551971
2513,464.8,1.55876672267914
2514,465.0,2.48682355880737
2515,465.2,2.22320795059204
2516,465.3,0.911454677581787
2517,465.5,1.23190438747406
2518,465.7,1.07194304466248
2519,465.9,1.35497188568115
2520,466.1,1.49701333045959
2521,466.2,0.795326769351959
2522,466.4,1.45019328594208
2523,466.6,1.164177775383
2524,466.8,1.26598739624023
2525,467.0,1.30217850208282
2526,467.1,1.52758252620697
2527,467.4,1.28610324859619
2528,467.6,0.968025326728821
2529,467.8,1.09978914260864
2530,468.0,1.04339420795441
2531,468.2,1.04989457130432
2532,468.4,0.973032355308533
2533,468.6,1.07124030590057
2534,468.8,1.06816589832306
2535,469.0,1.2485945224762
2536,469.2,1.28373157978058
2537,469.4,1.14862966537476
2538,469.5,0.51203441619873
2539,469.7,1.09768092632294
2540,469.9,1.0810786485672
2541,470.0,0.541988730430603
2542,470.2,1.02503514289856
2543,470.4,1.1647047996521
2544,470.6,1.09820806980133
2545,470.7,0.960382997989655
2546,471.0,1.41268444061279
2547,471.2,1.30903017520905
2548,471.3,0.603829920291901
2549,471.5,0.943780720233917
2550,471.7,1.05252981185913
2551,471.9,1.14520382881165
2552,472.1,1.22953271865845
2553,472.3,1.11015462875366
2554,472.4,1.1260541677475
2555,472.7,1.31605768203735
2556,472.8,0.903285324573517
2557,473.0,2.51791977882385
2558,473.1,1.64810264110565
2559,473.3,3.3740336894989
2560,473.4,1.76748073101044
2561,473.7,1.13352072238922
2562,473.9,1.90442728996277
2563,474.1,2.17946243286133
2564,474.3,1.82194304466248
2565,474.5,1.18315184116364
2566,474.7,2.21020722389221
2567,474.9,9.11235046386719
2568,475.1,37.706428527832
2569,475.2,41.1193771362305
2570,475.4,10.223822593689
2571,475.7,2.36946582794189
2572,475.8,1.58090305328369
2573,476.0,12.009838104248
2574,476.2,20.814826965332
2575,476.3,8.74578380584717
2576,476.4,6.87078332901001
2577,476.7,2.3791286945343
2578,476.9,5.13756132125854
2579,477.1,12.4144411087036
2580,477.2,6.52644062042236
2581,477.3,9.0856466293335
2582,477.5,2.43139505386353
2583,477.8,1.93271255493164
2584,478.0,3.63290572166443
2585,478.1,2.27907586097717
2586,478.3,4.25878429412842
2587,478.4,2.49323606491089
2588,478.7,1.4166374206543
2589,478.9,2.47373509407043
2590,479.1,3.51036548614502
2591,479.2,3.33872103691101
2592,479.4,1.93552350997925
2593,479.7,1.17287421226501
2594,479.8,0.752635300159454
2595,480.0,1.76018977165222
2596,480.2,1.80516517162323
2597,480.4,1.42182004451752
2598,480.6,1.14037239551544
2599,480.8,1.22865426540375
2600,481.0,1.51712930202484
2601,481.2,1.49332392215729
2602,481.3,0.730235397815704
2603,481.5,1.03425860404968
2604,481.7,1.25957489013672
2605,481.9,1.28882646560669
2606,482.1,1.11595225334167
2607,482.3,1.11129653453827
2608,482.5,0.95818692445755
2609,482.7,1.25869643688202
2610,482.9,1.35769498348236
2611,483.0,0.650210797786713
2612,483.2,1.37622976303101
2613,483.3,0.667515814304352
2614,483.4,0.893710494041443
2615,483.7,1.13316941261292
2616,483.8,1.09311318397522
2617,484.1,1.18385457992554
2618,484.3,1.01238584518433
2619,484.5,0.994465887546539
2620,484.7,1.0850316286087
2621,484.8,1.18982779979706
2622,485.1,1.13167607784271
2623,485.2,0.597856640815735
2624,485.4,1.0810786485672
2625,485.6,1.07369995117188
2626,485.8,0.921468734741211
2627,486.0,1.03636682033539
2628,486.1,0.545502483844757
2629,486.3,1.06886863708496
2630,486.5,1.07273364067078
2631,486.7,1.03961706161499
2632,486.9,1.73796558380127
2633,487.1,1.90618407726288
2634,487.3,1.77863669395447
2635,487.4,1.17638790607452
2636,487.7,1.15530574321747
2637,487.8,0.570888996124268
2638,488.0,1.415846824646
2639,488.2,1.64142656326294
2640,488.3,0.709943771362305
2641,488.5,1.28276526927948
2642,488.7,1.55876672267914
2643,488.8,1.92436754703522
2644,489.0,19.8628768920898
2645,489.2,51.0007019042969
2646,489.3,26.859188079834
2647,489.5,3.19158458709717
2648,489.8,2.57923412322998
2649,490.0,12.4877023696899
2650,490.2,23.6009311676025
2651,490.3,9.74104022979736
2652,490.4,7.82308483123779
2653,490.6,1.11015462875366
2654,490.8,2.5422523021698
2655,490.9,3.4563422203064
2656,491.1,13.4116306304932
2657,491.3,16.5489292144775
2658,491.4,6.45300436019897
2659,491.7,1.44017922878265
2660,491.9,2.99024939537048
2661,492.1,5.25948715209961
2662,492.2,2.82791638374329
2663,492.3,5.02046728134155
2664,492.5,1.81430077552795
2665,492.8,1.67182004451752
2666,493.0,3.37368226051331
2667,493.2,4.34478235244751
2668,493.3,1.84970128536224
2669,493.4,2.48822903633118
2670,493.6,0.520379483699799
2671,493.8,1.14950811862946
2672,494.0,1.8739458322525
2673,494.2,1.81509137153625
2674,494.3,1.86920237541199
2675,494.5,0.779866456985474
2676,494.6,0.934732973575592
2677,494.9,1.57071328163147
2678,495.1,1.86533737182617
2679,495.2,0.814388632774353
2680,495.4,1.71943080425262
2681,495.6,1.19061839580536
2682,495.8,0.756324648857117
2683,495.9,0.69483482837677
2684,496.1,1.25641250610352
2685,496.2,0.708538293838501
2686,496.4,1.33995079994202
2687,496.6,1.07589602470398
2688,496.8,1.25202035903931
2689,497.0,1.49358749389648
2690,497.2,1.23120164871216
2691,497.3,0.783555865287781
2692,497.5,1.05463814735413
2693,497.6,0.877459585666656
2694,497.9,1.14555513858795
2695,498.0,0.636419534683228
2696,498.2,1.19606471061707
2697,498.3,0.601897418498993
2698,498.5,0.983397722244263
2699,498.6,1.11437106132507
2700,498.9,0.995959222316742
2701,499.1,1.0859979391098
2702,499.3,1.14046025276184
2703,499.4,1.11788475513458
2704,499.6,0.529427289962769
2705,499.8,0.977951526641846
2706,500.0,0.988756120204926
2707,500.2,1.18930077552795
2708,500.4,1.09504568576813
2709,500.6,1.10207307338715
2710,500.8,1.15697467327118
2711,501.0,1.32492971420288
2712,501.1,1.5003514289856
2713,501.4,1.44105768203735
2714,501.6,0.993499636650085
2715,501.7,0.832220673561096
2716,502.0,1.18631410598755
2717,502.1,0.519501030445099
2718,502.3,1.23172879219055
2719,502.5,1.17296206951141
2720,502.6,0.587842583656311
2721,502.8,2.23278284072876
2722,503.0,6.1694483757019
2723,503.2,11.0491914749146
2724,503.3,6.58696413040161
2725,503.5,1.44465911388397
2726,503.7,1.52995431423187
2727,503.9,2.54822564125061
2728,504.0,2.14327120780945
2729,504.2,6.19070625305176
2730,504.3,3.90504217147827
2731,504.5,1.70678150653839
2732,504.7,0.716531991958618
2733,504.9,2.34583616256714
2734,505.1,4.58239650726318
2735,505.2,2.34320092201233
2736,505.3,3.60400557518005
2737,505.5,0.835558652877808
2738,505.7,1.16444134712219
2739,505.9,1.68552350997925
2740,506.1,2.16698884963989
2741,506.3,2.20124745368958
2742,506.4,0.922259330749512
2743,506.6,1.33564651012421
2744,506.8,1.62122273445129
2745,507.0,2.53065705299377
2746,507.2,3.45484900474548
2747,507.3,1.70282852649689
2748,507.4,2.08959937095642
2749,507.7,1.07703793048859
2750,507.9,1.50553405284882
2751,508.1,1.88211524486542
2752,508.3,2.0412859916687
2753,508.4,1.58793044090271
2754,508.6,0.53364372253418
2755,508.8,1.01651442050934
2756,509.0,1.43306398391724
2757,509.2,1.54752278327942
2758,509.3,1.51871049404144
2759,509.5,0.570449769496918
2760,509.7,0.878689408302307
2761,509.9,1.15715038776398
2762,510.1,1.19044268131256
2763,510.2,0.507554471492767
2764,510.4,1.11700630187988
2765,510.6,0.90038651227951
2766,510.7,0.49376317858696
2767,510.9,1.04479968547821
2768,511.0,0.855674624443054
2769,511.2,1.48656010627747
2770,511.4,1.26089251041412
2771,511.6,0.964423775672913
2772,511.8,0.918657779693604
2773,511.9,0.535312712192535
2774,512.0,1.07220661640167
2775,512.3,1.30209064483643
2776,512.5,1.01862263679504
2777,512.6,1.00975048542023
2778,512.8,0.477424442768097
2779,513.0,1.23181653022766
2780,513.1,0.80815178155899
2781,513.3,1.07299721240997
2782,513.4,0.448260724544525
2783,513.6,0.898278295993805
2784,513.7,0.432624727487564
2785,513.9,1.12227690219879
2786,514.1,1.01247370243073
2787,514.3,0.986384391784668
2788,514.4,1.03750872612
2789,514.7,0.907853126525879
2790,514.9,1.0849437713623
2791,515.0,0.718552350997925
2792,515.2,1.31781446933746
2793,515.3,1.12166202068329
2794,515.5,0.404954314231873
2795,515.7,0.944659173488617
2796,515.9,1.10576248168945
2797,516.1,1.07765281200409
2798,516.2,0.598910748958588
2799,516.3,1.14599442481995
2800,516.5,1.1247364282608
2801,516.8,1.14125084877014
2802,517.0,1.55156362056732
2803,517.2,1.38439917564392
2804,517.4,1.40917074680328
2805,517.5,0.453179895877838
2806,517.7,1.04971885681152
2807,517.9,1.09996485710144
2808,518.0,0.657940983772278
2809,518.2,1.17067813873291
2810,518.3,0.554989457130432
2811,518.5,0.934820830821991
2812,518.7,1.02819752693176
2813,518.8,0.955902993679047
2814,519.0,2.2488579750061
2815,519.2,2.14889311790466
2816,519.3,0.902758240699768
2817,519.4,1.3313422203064
2818,519.7,1.042076587677
2819,519.9,1.49455380439758
2820,520.0,0.832659900188446
2821,520.2,1.53408288955688
2822,520.4,1.50333797931671
2823,520.6,1.06473994255066
2824,520.7,0.739722430706024
2825,520.9,2.63387203216553
2826,521.1,3.17331337928772
2827,521.2,1.54980671405792
2828,521.3,2.44606471061707
2829,521.5,0.690354883670807
2830,521.7,1.24121570587158
2831,521.9,1.55727338790894
2832,522.1,1.86841177940369
2833,522.3,1.84320104122162
2834,522.4,0.861911475658417
2835,522.6,1.1649683713913
2836,522.8,1.2503514289856
2837,523.0,1.47865426540375
2838,523.2,1.78821158409119
2839,523.3,0.770555138587952
2840,523.4,1.33907234668732
2841,523.6,0.49762824177742
2842,523.8,1.01150739192963
2843,523.9,0.696767389774323
2844,524.1,1.21433591842651
2845,524.3,1.11173582077026
2846,524.5,0.994378089904785
2847,524.7,0.892480671405792
2848,524.9,1.20080816745758
2849,525.1,1.17190790176392
2850,525.3,1.02152144908905
2851,525.5,0.901264905929565
2852,525.7,0.874824285507202
2853,525.8,0.470572739839554
2854,526.0,0.96205198764801
2855,526.1,0.480938166379929
2856,526.3,1.15214335918427
2857,526.5,0.986911475658417
2858,526.7,0.990688681602478
2859,526.9,0.910751938819885
2860,527.1,0.885980308055878
2861,527.3,0.985857367515564
2862,527.5,0.900737881660461
2863,527.7,0.897224187850952
2864,527.9,1.04515111446381
2865,528.0,0.398014754056931
2866,528.2,1.07774066925049
2867,528.3,0.975052714347839
2868,528.6,0.961349248886108
2869,528.8,0.875
2870,528.9,0.585295140743256
2871,529.1,0.941145479679108
2872,529.3,1.06719958782196
2873,529.5,1.01387917995453
2874,529.7,0.860066771507263
2875,529.8,0.450983822345734
2876,529.9,1.15337312221527
2877,530.2,1.02810966968536
2878,530.4,1.05375969409943
2879,530.6,0.995520055294037
2880,530.8,1.05762469768524
2881,531.0,1.03671824932098
2882,531.2,1.03548836708069
2883,531.4,1.23691141605377
2884,531.6,0.977248787879944
2885,531.7,0.451598733663559
2886,531.9,1.09416723251343
2887,532.0,0.558063924312592
2888,532.2,0.976721704006195
2889,532.3,0.525123000144958
2890,532.5,0.983573436737061
2891,532.7,1.16154253482819
2892,532.9,1.68763172626495
2893,533.1,2.50729084014893
2894,533.2,2.2523717880249
2895,533.4,1.01405477523804
2896,533.5,0.927002787590027
2897,533.8,1.2485066652298
2898,534.0,1.47496485710144
2899,534.2,1.58977508544922
2900,534.3,1.40223121643066
2901,534.6,1.49710118770599
2902,534.8,3.63685870170593
2903,535.0,9.29049587249756
2904,535.2,11.7678318023682
2905,535.3,4.9229621887207
2906,535.4,4.20493698120117
2907,535.7,1.93745613098145
2908,535.9,3.88764929771423
2909,536.0,2.68482089042664
2910,536.2,6.10093116760254
2911,536.3,4.22979640960693
2912,536.5,2.00606107711792
2913,536.8,1.90056216716766
2914,537.0,3.92594861984253
2915,537.2,4.5848560333252
2916,537.3,1.97865426540375
2917,537.4,2.24833106994629
2918,537.6,0.619817316532135
2919,537.8,1.42392838001251
2920,538.0,1.8741215467453
2921,538.2,2.25281095504761
2922,538.3,0.877986669540405
2923,538.4,1.48076248168945
2924,538.7,1.20019328594208
2925,538.9,1.58318698406219
2926,539.1,1.81473994255066
2927,539.2,0.972768783569336
2928,539.4,1.25430428981781
2929,539.6,1.05077302455902
2930,539.8,1.08784258365631
2931,539.9,1.16760361194611
2932,540.1,0.719255089759827
2933,540.3,1.10137033462524
2934,540.4,1.05182707309723
2935,540.7,1.03540050983429
2936,540.9,1.0419008731842
2937,541.0,1.30973291397095
2938,541.3,1.01159524917603
2939,541.4,0.462842583656311
2940,541.6,0.961261391639709
2941,541.8,0.947294473648071
2942,542.0,1.04954326152802
2943,542.2,1.07607161998749
2944,542.3,1.01177096366882
2945,542.6,0.942463099956512
2946,542.8,1.08977508544922
2947,542.9,0.396697103977203
2948,543.1,1.17164444923401
2949,543.3,1.03267741203308
2950,543.5,0.941584706306458
2951,543.7,0.964335918426514
2952,543.9,0.979532659053802
2953,544.1,0.936841189861298
2954,544.3,0.948260724544525
2955,544.4,0.779690802097321
2956,544.7,0.861823618412018
2957,544.8,0.511946618556976
2958,544.9,1.02020382881165
2959,545.2,0.933678865432739
2960,545.4,1.16198170185089
2961,545.6,0.957396328449249
2962,545.8,0.844782173633575
2963,546.0,0.95818692445755
2964,546.2,0.915231883525848
2965,546.4,0.85347855091095
2966,546.5,0.941057622432709
2967,546.8,1.26431834697723
2968,546.9,0.73831695318222
2969,547.1,1.56307101249695
2970,547.2,1.63387215137482
2971,547.4,0.685435712337494
2972,547.5,1.16206955909729
2973,547.8,0.850052714347839
2974,548.0,1.20511245727539
2975,548.1,0.581869304180145
2976,548.3,1.27099442481995
2977,548.5,1.03311669826508
2978,548.7,1.27635276317596
2979,548.9,4.79357004165649
2980,549.0,8.04989433288574
2981,549.2,26.067813873291
2982,549.3,22.4472942352295
2983,549.5,3.28399515151978
2984,549.7,2.37429714202881
2985,549.9,3.6662859916687
#"+ Scan (rt: 4.995-54.979 min, 8139 scans) RICE_HUSK_500_20231123.D "
#Point,X(Thompsons),Y(Counts)
0,10.2,4.30077409744263
1,10.4,4.98513317108154
2,10.6,4.8670597076416
3,10.8,4.27362060546875
4,11.0,4.42892265319824
5,11.2,4.76704740524292
6,11.3,2.23528695106506
7,11.5,4.05688667297363
8,11.6,1.95638287067413
9,11.8,5.65302848815918
10,11.9,7.80316972732544
11,12.1,48.4651679992676
12,12.2,35.1969528198242
13,12.4,7.6495885848999
14,12.7,4.79493808746338
15,12.8,3.99115371704102
16,13.0,15.2486791610718
17,13.1,18.9133796691895
18,13.3,2.73215389251709
19,14.2,7794.7763671875
20,15.0,40.888069152832
21,15.2,217.296722412109
22,15.3,32.5987205505371
23,16.1,4174.7734375
24,17.1,7944.4033203125
25,18.2,33328.6875
26,18.9,4.88327789306641
27,19.1,44.822338104248
28,19.2,32.4355583190918
29,19.4,4.94802808761597
30,19.6,0.259982794523239
31,19.8,0.867059826850891
32,20.0,83.0321884155273
33,20.1,288.600555419922
34,20.3,11.6658067703247
35,20.5,0.243641719222069
36,20.7,1.45152962207794
37,20.9,3.35250020027161
38,21.0,2.20027041435242
39,21.2,4.07654523849487
40,21.3,1.99569976329803
41,21.5,3.58852434158325
42,21.6,1.66113770008087
43,21.8,5.00589752197266
44,22.0,11.246467590332
45,22.2,13.4141788482666
46,22.3,4.36454105377197
47,22.4,4.14817523956299
48,22.7,3.66420936584473
49,22.8,1.96805500984192
50,23.0,3.95122241973877
51,23.2,3.6069540977478
52,23.3,1.80181837081909
53,23.5,3.98894214630127
54,23.7,4.01511240005493
55,23.8,2.59761643409729
56,24.0,7.68571090698242
57,24.2,8.88032913208008
58,24.3,6.10689258575439
59,24.6,4.30003690719604
60,24.7,2.39071130752563
61,24.9,10.3963632583618
62,25.1,23.1580047607422
63,25.2,19.4952697753906
64,25.4,7.49809551239014
65,25.6,2.57021737098694
66,25.8,2.24781918525696
67,26.0,54.1399421691895
68,26.2,160.408889770508
69,26.3,37.8902816772461
70,26.5,4.02457284927368
71,26.7,0.594667673110962
72,27.0,0.657820343971252
73,28.1,295823.5
74,29.0,24.4994468688965
75,29.1,2636.51440429688
76,29.8,1.15210711956024
77,30.0,48.6256294250488
78,30.1,97.4344482421875
79,30.3,17.5128402709961
80,30.4,7.24953937530518
81,30.7,3.62145233154297
82,30.9,8.51173400878906
83,31.0,7.09337759017944
84,32.1,79918.640625
85,33.0,31.6228046417236
86,33.1,51.441577911377
87,33.3,12.066593170166
88,33.5,1.00319445133209
89,33.8,1.8379408121109
90,34.0,129.398452758789
91,34.1,257.562957763672
92,34.3,10.3505344390869
93,34.6,0.830568850040436
94,34.8,4.74382591247559
95,35.0,19.7692584991455
96,35.1,19.20432472229
97,35.3,4.52733755111694
98,35.4,2.74788045883179
99,35.7,1.33824789524078
100,35.9,29.4949016571045
101,36.1,172.815582275391
102,36.2,47.5696029663086
103,36.4,1.67944467067719
104,36.7,2.24659037590027
105,36.9,16.7097930908203
106,37.1,51.3371429443359
107,37.2,29.8319206237793
108,37.4,3.60179376602173
109,37.5,2.75414681434631
110,37.7,1.27091777324677
111,37.9,25.5160331726074
112,38.1,133.039688110352
113,38.2,63.1116828918457
114,38.4,3.86214518547058
115,38.6,0.294630795717239
116,38.8,1.92886102199554
117,39.0,72.2699356079102
118,39.1,361.612487792969
119,39.3,18.6038818359375
120,40.1,6999.83642578125
121,40.8,0.622803807258606
122,41.0,74.6436920166016
123,41.1,354.956024169922
124,41.3,23.6151866912842
125,41.5,0.636318981647491
126,41.8,2.63545894622803
127,42.0,81.0219955444336
128,42.1,216.671829223633
129,42.3,22.2061672210693
130,42.5,1.22619485855103
131,42.8,1.04398572444916
132,43.0,87.9374618530273
133,43.1,575.257751464844
134,43.3,20.7019290924072
135,44.1,6558.54052734375
136,44.2,58.1813507080078
137,44.8,1.03059339523315
138,45.0,131.54084777832
139,45.1,317.73486328125
140,45.3,11.1575136184692
141,45.5,0.30630299448967
142,45.7,2.01277804374695
143,45.9,18.863618850708
144,46.1,50.7794570922852
145,46.2,27.391695022583
146,46.4,3.7480034828186
147,46.6,1.03133058547974
148,46.8,9.01695537567139
149,47.0,80.6091690063477
150,47.1,85.4609909057617
151,47.3,10.6616287231445
152,47.6,2.14227795600891
153,47.7,1.97726988792419
154,47.9,19.8085765838623
155,48.1,57.141170501709
156,48.2,18.9276332855225
157,48.4,1.8314288854599
158,48.6,2.02911901473999
159,48.8,7.01744699478149
160,49.0,26.0051612854004
161,49.1,16.5168933868408
162,49.2,19.397346496582
163,49.4,3.88327813148499
164,49.6,0.535938084125519
165,49.8,5.40103197097778
166,50.0,83.5175094604492
167,50.1,169.740386962891
168,50.3,16.0008602142334
169,50.5,1.31453490257263
170,50.8,4.34856843948364
171,51.0,93.2071533203125
172,51.1,230.359130859375
173,51.3,17.7011909484863
174,51.4,3.07838797569275
175,51.6,0.580292403697968
176,51.8,5.74947786331177
177,52.0,56.0072479248047
178,52.1,91.9761657714844
179,52.3,19.509521484375
180,52.5,2.91583728790283
181,52.8,6.88585805892944
182,53.0,62.2957382202148
183,53.1,107.064750671387
184,53.3,20.2540855407715
185,53.5,1.79960680007935
186,53.8,6.13429164886475
187,54.0,46.3357925415039
188,54.1,72.0372314453125
189,54.3,17.9692840576172
190,54.5,1.61616909503937
191,54.8,2.77208495140076
192,55.0,85.0344009399414
193,55.1,261.839050292969
194,55.3,25.5935611724854
195,55.5,0.952574014663696
196,55.8,3.57783508300781
197,56.0,52.9037971496582
198,56.1,113.330505371094
199,56.3,26.6988582611084
200,56.5,1.07310485839844
201,56.6,1.73915719985962
202,56.9,13.5238971710205
203,57.1,125.638656616211
204,57.2,98.4845809936523
205,57.4,9.22803783416748
206,57.7,3.77871966362
207,57.9,17.3344383239746
208,58.1,41.1726264953613
209,58.2,28.6287021636963
210,58.4,5.63865327835083
211,58.6,1.34131956100464
212,58.8,6.36318969726563
213,59.0,49.9386901855469
214,59.1,79.7019271850586
215,59.3,14.4542331695557
216,59.5,2.187983751297
217,59.8,6.42007637023926
218,60.0,77.8239364624023
219,60.1,128.849975585938
220,60.3,15.0502519607544
221,60.5,1.84445261955261
222,60.7,1.59466767311096
223,60.9,18.4751205444336
224,61.1,69.6981201171875
225,61.2,31.5179996490479
226,61.4,3.60867428779602
227,61.6,1.07629930973053
228,61.8,7.55891370773315
229,62.0,42.6531524658203
230,62.1,55.4501800537109
231,62.3,10.9737071990967
232,62.5,1.95945453643799
233,62.8,7.10160970687866
234,63.0,79.9412689208984
235,63.1,136.968048095703
236,63.3,18.600564956665
237,63.5,1.25162792205811
238,63.7,3.66617512702942
239,63.9,40.2599830627441
240,64.1,176.541473388672
241,64.2,43.9485206604004
242,64.4,3.46344757080078
243,64.6,0.692345499992371
244,64.8,6.0952205657959
245,65.0,78.2957382202148
246,65.1,211.944213867188
247,65.3,21.1475620269775
248,65.6,2.19130110740662
249,65.8,7.15370416641235
250,66.0,62.784496307373
251,66.1,173.421432495117
252,66.3,14.222017288208
253,66.4,4.95441722869873
254,66.6,0.819142401218414
255,66.8,5.32399559020996
256,67.0,63.6374244689941
257,67.1,117.418601989746
258,67.3,23.0710163116455
259,67.5,1.76004421710968
260,67.8,6.36306667327881
261,67.9,17.2566661834717
262,68.1,77.1200408935547
263,68.2,49.6776008605957
264,68.4,5.48298311233521
265,68.7,2.29733371734619
266,68.9,22.4919528961182
267,69.0,57.8153343200684
268,69.1,148.155303955078
269,69.3,30.2586307525635
270,69.6,4.0081090927124
271,69.8,7.79764080047607
272,70.0,45.9033050537109
273,70.2,82.1234817504883
274,70.3,26.0667152404785
275,70.5,1.92001473903656
276,70.7,3.51713967323303
277,70.9,17.4907245635986
278,71.1,75.88671875
279,71.2,53.2505226135254
280,71.4,7.3625750541687
281,71.6,1.07347345352173
282,71.8,6.17237997055054
283,72.0,22.9003562927246
284,72.1,27.4312572479248
285,72.3,7.2780442237854
286,72.4,3.09067463874817
287,72.6,0.160707697272301
288,72.8,2.10246968269348
289,73.0,127.194618225098
290,73.1,434.335784912109
291,73.2,192.867431640625
292,73.4,1.67366993427277
293,73.7,1.05504357814789
294,73.9,27.1301136016846
295,74.1,131.242660522461
296,74.2,63.454231262207
297,74.4,3.63472175598145
298,74.7,1.68829095363617
299,74.9,28.9379539489746
300,75.1,191.576354980469
301,75.2,73.7746658325195
302,75.4,3.5121021270752
303,75.6,0.927263796329498
304,75.8,8.4734001159668
305,76.0,75.41455078125
306,76.1,75.4005432128906
307,76.2,59.3462333679199
308,76.4,3.38616538047791
309,76.7,0.934144258499146
310,76.9,21.6554851531982
311,77.1,487.558654785156
312,77.2,155.305313110352
313,77.4,1.14068067073822
314,77.6,0.285047292709351
315,77.8,3.32989311218262
316,78.0,113.918174743652
317,78.1,270.382965087891
318,78.3,21.2502765655518
319,78.5,0.580538153648376
320,78.8,0.404595166444778
321,79.0,277.287628173828
322,79.1,596.620483398438
323,79.3,3.76115012168884
324,79.6,0.1500184237957
325,79.8,7.05418348312378
326,80.0,56.678337097168
327,80.1,76.3871459960938
328,80.3,16.343900680542
329,80.5,1.069296002388
330,80.8,4.24917078018188
331,81.0,188.023590087891
332,81.1,281.464294433594
333,81.3,12.0460748672485
334,81.4,1.72871363162994
335,81.7,3.3683500289917
336,81.9,33.0449676513672
337,82.1,97.2373733520508
338,82.2,58.2073974609375
339,82.4,5.91313409805298
340,82.6,5.84273242950439
341,82.8,13.8730802536011
342,83.0,78.5248794555664
343,83.1,108.215385437012
344,83.3,23.1505107879639
345,83.5,1.7167956829071
346,83.7,3.8407666683197
347,83.9,19.3931694030762
348,84.1,54.2359008789063
349,84.2,22.3875160217285
350,84.3,9.95920848846436
351,84.5,0.211942493915558
352,84.7,0.085637055337429
353,84.9,52.5692329406738
354,85.1,987.861877441406
355,85.2,43.026538848877
356,85.4,0.0298562478274107
357,85.6,0.0576237849891186
358,85.8,10.0061435699463
359,86.0,52.9622802734375
360,86.1,53.0208854675293
361,86.3,11.240816116333
362,86.6,2.31957244873047
363,86.8,10.6697387695313
364,87.0,71.0267868041992
365,87.1,90.8560028076172
366,87.3,13.7165498733521
367,87.6,3.20653653144836
368,87.8,10.5124711990356
369,88.0,35.6359519958496
370,88.1,36.1847877502441
371,88.3,11.3302612304688
372,88.5,3.39292287826538
373,88.8,10.6145715713501
374,89.0,95.454475402832
375,89.1,113.588523864746
376,89.3,16.7169189453125
377,89.6,3.64344525337219
378,89.8,9.60314559936523
379,90.0,36.9098167419434
380,90.1,26.3724040985107
381,90.2,29.5895080566406
382,90.4,3.15419578552246
383,90.5,2.25113654136658
384,90.8,4.4307656288147
385,91.0,103.734367370605
386,91.1,521.957458496094
387,91.3,23.2260723114014
388,91.6,1.13183438777924
389,91.8,5.31170892715454
390,92.0,54.1759414672852
391,92.1,205.838684082031
392,92.3,19.1199169158936
393,92.5,2.10197806358337
394,92.8,7.02408170700073
395,93.0,43.7892875671387
396,93.1,68.5602645874023
397,93.3,15.0377197265625
398,93.4,6.17778587341309
399,93.6,1.32829582691193
400,93.8,7.33714199066162
401,94.0,87.3352966308594
402,94.1,424.298187255859
403,94.2,123.358520507813
404,94.4,7.03649091720581
405,94.6,1.73227667808533
406,94.8,9.47991180419922
407,94.9,18.4575500488281
408,95.1,104.3212890625
409,95.2,58.621696472168
410,95.4,6.18540382385254
411,95.7,3.55522799491882
412,95.9,35.6662979125977
413,96.0,93.6706008911133
414,96.1,736.992614746094
415,96.3,18.2427825927734
416,96.4,7.18589496612549
417,96.6,2.23037219047546
418,96.8,18.457181930542
419,97.0,61.3679809570313
420,97.1,43.1336784362793
421,97.2,54.5022735595703
422,97.4,8.34979724884033
423,97.7,5.60597133636475
424,97.9,22.9107990264893
425,98.1,54.1686935424805
426,98.2,37.9103088378906
427,98.4,6.28897905349731
428,98.7,3.38849973678589
429,98.8,4.51972007751465
430,99.0,26.9803409576416
431,99.1,19.0235900878906
432,99.2,27.6551170349121
433,99.4,3.54109835624695
434,99.6,3.39181709289551
435,99.8,6.78154563903809
436,99.9,8.09092044830322
437,100.1,20.609411239624
438,100.2,14.5568256378174
439,100.4,4.47204828262329
440,100.7,4.49268960952759
441,100.8,5.98464202880859
442,101.0,26.0530776977539
443,101.2,30.1897029876709
444,101.3,11.8546504974365
445,101.6,3.08416271209717
446,101.8,11.982798576355
447,102.0,58.5956497192383
448,102.1,65.5828704833984
449,102.3,12.9063768386841
450,102.5,2.55473637580872
451,102.8,8.18503475189209
452,103.0,136.356430053711
453,103.1,203.939422607422
454,103.3,14.9955768585205
455,103.6,2.04226565361023
456,103.8,10.6332473754883
457,104.0,92.9191513061523
458,104.1,99.4656600952148
459,104.2,67.5630950927734
460,104.4,4.07101631164551
461,104.6,0.627841234207153
462,104.8,6.71151256561279
463,105.0,144.995697021484
464,105.1,319.987945556641
465,105.3,16.6907482147217
466,105.6,1.23639273643494
467,105.8,7.27607822418213
468,106.0,47.4817543029785
469,106.1,88.5048522949219
470,106.3,19.3590126037598
471,106.5,2.84211826324463
472,106.8,8.99311923980713
473,106.9,18.7946929931641
474,107.1,175.361465454102
475,107.2,83.640251159668
476,107.4,5.5044846534729
477,107.7,3.50473022460938
478,107.9,19.5037479400635
479,108.1,127.599578857422
480,108.2,69.3789138793945
481,108.4,3.49772691726685
482,108.6,3.01044344902039
483,108.8,7.5175085067749
484,109.0,33.9363555908203
485,109.2,51.6850967407227
486,109.3,12.1188106536865
487,109.4,6.50276470184326
488,109.7,3.31035757064819
489,109.9,22.3703155517578
490,110.0,25.5597743988037
491,110.2,54.0109367370605
492,110.3,16.0949745178223
493,110.6,3.09055161476135
494,110.8,7.73891162872314
495,111.0,26.4650440216064
496,111.2,35.6269798278809
497,111.3,10.7335052490234
498,111.4,6.93561840057373
499,111.6,1.49416387081146
500,111.8,7.74161434173584
501,112.0,26.5630912780762
502,112.2,32.5397453308105
503,112.3,12.8849983215332
504,112.6,3.57906365394592
505,112.7,2.69553995132446
506,112.9,16.1834373474121
507,113.1,32.5431861877441
508,113.2,22.7741737365723
509,113.4,5.20813369750977
510,113.6,1.34131956100464
511,113.8,5.88979005813599
512,114.0,14.6446733474731
513,114.1,17.7309246063232
514,114.3,6.89728450775146
515,114.6,2.11684489250183
516,114.8,8.03292751312256
517,115.0,104.242416381836
518,115.1,183.671951293945
519,115.3,19.4557075500488
520,115.5,1.25654256343842
521,115.7,2.62833261489868
522,115.9,19.5214405059814
523,116.1,60.2156295776367
524,116.2,36.3545875549316
525,116.4,4.28553867340088
526,116.7,2.95159101486206
527,116.9,25.6118679046631
528,117.1,97.2357788085938
529,117.2,48.0106887817383
530,117.4,4.20088481903076
531,117.6,2.59098172187805
532,117.8,8.48261451721191
533,117.9,14.7279767990112
534,118.1,77.9209976196289
535,118.2,39.8448219299316
536,118.4,4.54785585403442
537,118.7,3.76594185829163
538,118.9,29.6253833770752
539,119.1,210.485198974609
540,119.2,46.2065353393555
541,119.4,5.22250890731812
542,119.7,3.42757105827332
543,119.9,23.004301071167
544,120.1,54.4819984436035
545,120.2,21.5542449951172
546,120.3,13.3674898147583
547,120.5,1.36417245864868
548,120.7,3.39906620979309
549,120.9,26.6879215240479
550,121.1,74.8702545166016
551,121.2,40.7382965087891
552,121.4,3.38444519042969
553,121.6,2.23676133155823
554,121.8,7.26809167861938
555,122.0,72.2398300170898
556,122.1,173.193145751953
557,122.3,15.3983287811279
558,122.5,1.36097800731659
559,122.7,2.75770974159241
560,122.9,19.8950729370117
561,123.1,49.9717407226563
562,123.2,31.7719612121582
563,123.4,4.77392816543579
564,123.6,1.20481634140015
565,123.8,6.8589506149292
566,123.9,9.99361133575439
567,124.1,31.6155548095703
568,124.2,14.1954784393311
569,124.3,11.2055530548096
570,124.6,2.66654372215271
571,124.7,2.27669239044189
572,124.9,16.7295742034912
573,125.0,16.7075805664063
574,125.1,36.8090667724609
575,125.3,13.1394519805908
576,125.5,2.15898752212524
577,125.7,6.55117321014404
578,125.9,23.557071685791
579,126.1,48.9213676452637
580,126.2,31.8342552185059
581,126.4,6.90649938583374
582,126.7,6.04115962982178
583,126.9,19.5247573852539
584,127.1,49.1863861083984
585,127.2,29.4312572479248
586,127.4,3.46037602424622
587,127.6,3.21759438514709
588,127.8,7.1863865852356
589,128.0,50.0742111206055
590,128.1,219.849853515625
591,128.3,16.2200508117676
592,128.5,1.55461359024048
593,128.7,3.92308640480042
594,128.8,6.39464330673218
595,129.0,55.017692565918
596,129.1,79.4851913452148
597,129.3,18.4689769744873
598,129.5,2.1985502243042
599,129.8,6.66949272155762
600,130.0,25.2328300476074
601,130.1,34.5141906738281
602,130.3,12.2226314544678
603,130.5,1.31490349769592
604,130.7,3.66887831687927
605,130.9,27.1707820892334
606,131.1,96.4079132080078
607,131.2,49.951099395752
608,131.4,3.37854766845703
609,131.6,2.44145464897156
610,131.8,8.80771636962891
611,132.0,49.1738548278809
612,132.1,64.9006042480469
613,132.3,13.0057744979858
614,132.5,1.10541832447052
615,132.7,3.1199164390564
616,132.9,36.1301155090332
617,133.0,148.577224731445
618,133.1,494.915954589844
619,133.3,16.0051612854004
620,133.6,2.53151488304138
621,133.7,3.38997411727905
622,133.9,27.6834983825684
623,134.1,101.933654785156
624,134.2,34.6826400756836
625,134.4,4.66912412643433
626,134.6,1.40668392181396
627,134.8,10.725887298584
628,135.0,79.4491958618164
629,135.1,97.6258773803711
630,135.3,13.7032804489136
631,135.4,5.12679672241211
632,135.6,1.20162177085876
633,135.8,7.73805141448975
634,135.9,11.9015846252441
635,136.1,34.7497253417969
636,136.2,24.4000492095947
637,136.4,3.35790634155273
638,136.6,2.48359751701355
639,136.8,11.5951595306396
640,137.0,66.2303695678711
641,137.1,46.2914352416992
642,137.2,45.5601425170898
643,137.4,3.43727731704712
644,137.6,2.38542819023132
645,137.8,6.38567399978638
646,137.9,9.34095096588135
647,138.1,26.9664573669434
648,138.2,20.305196762085
649,138.4,4.17582035064697
650,138.7,4.0121636390686
651,138.8,7.22496604919434
652,139.0,62.1302375793457
653,139.1,50.8714828491211
654,139.2,46.0504989624023
655,139.4,3.81828236579895
656,139.7,3.06819009780884
657,139.9,14.1695537567139
658,140.1,27.5799236297607
659,140.2,19.1758193969727
660,140.4,2.60044240951538
661,140.6,2.66457796096802
662,140.8,9.95638275146484
663,140.9,14.9902935028076
664,141.1,86.99951171875
665,141.2,36.642463684082
666,141.3,16.0416507720947
667,141.6,2.38174223899841
668,141.7,2.07519340515137
669,141.9,13.7389116287231
670,142.1,59.4276924133301
671,142.2,40.7530403137207
672,142.4,4.25027656555176
673,142.7,3.35114884376526
674,142.8,4.67465305328369
675,143.0,23.8906497955322
676,143.2,30.7781047821045
677,143.3,13.2331981658936
678,143.5,0.952942609786987
679,143.7,2.57894086837769
680,143.9,15.0185527801514
681,144.1,36.8304443359375
682,144.2,26.1469459533691
683,144.4,3.56100249290466
684,144.6,2.62218952178955
685,144.8,8.33652782440186
686,145.0,36.2694435119629
687,145.1,48.1208992004395
688,145.3,10.3090057373047
689,145.4,4.9335298538208
690,145.7,3.14940404891968
691,145.9,18.1457176208496
692,146.1,36.1372413635254
693,146.2,22.0336647033691
694,146.4,3.58901596069336
695,146.7,3.36454105377197
696,146.8,6.81422758102417
697,147.0,171.515167236328
698,147.1,99.3426742553711
699,147.2,62.7094230651855
700,147.4,4.82221412658691
701,147.7,2.818528175354
702,147.9,26.3457431793213
703,148.0,33.0160942077637
704,148.1,50.5118560791016
705,148.3,11.4033660888672
706,148.5,1.35790634155273
707,148.7,3.57070899009705
708,148.8,8.42781639099121
709,149.0,102.085884094238
710,149.1,102.482124328613
711,149.3,12.9482736587524
712,149.6,2.26194858551025
713,149.7,2.05111193656921
714,149.9,18.773681640625
715,150.1,41.3007736206055
716,150.2,26.4446487426758
717,150.4,4.43973445892334
718,150.7,4.01130342483521
719,150.9,23.5181217193604
720,151.1,62.1695556640625
721,151.2,34.275463104248
722,151.4,3.01376080513
723,151.6,2.16537666320801
724,151.7,1.93807590007782
725,151.9,19.6574516296387
726,152.0,28.5928249359131
727,152.1,62.2200508117676
728,152.3,16.6062164306641
729,152.5,0.948273718357086
730,152.7,3.43924307823181
731,152.9,24.6146945953369
732,153.1,68.0941162109375
733,153.2,40.7480049133301
734,153.4,4.36785840988159
735,153.7,3.12986850738525
736,153.9,15.5220546722412
737,154.1,51.0094604492188
738,154.2,26.6530284881592
739,154.3,15.3319816589355
740,154.5,1.57709789276123
741,154.7,4.55694818496704
742,154.8,7.02997922897339
743,155.0,38.5074348449707
744,155.1,48.3457412719727
745,155.3,14.8030471801758
746,155.5,1.68202483654022
747,155.7,3.42105913162231
748,155.9,11.2341814041138
749,156.1,24.6693706512451
750,156.2,20.2403240203857
751,156.4,4.72637939453125
752,156.7,3.40127778053284
753,156.9,12.3688411712646
754,157.1,25.6263675689697
755,157.2,11.3404598236084
756,157.3,10.4095096588135
757,157.5,2.4526355266571
758,157.7,1.98304462432861
759,157.9,11.2733755111694
760,158.0,11.2937707901001
761,158.2,24.0606956481934
762,158.3,10.1946182250977
763,158.5,1.36073231697083
764,158.7,4.85256195068359
765,158.9,25.5805377960205
766,159.1,49.3214149475098
767,159.2,25.0894451141357
768,159.4,3.77527952194214
769,159.7,3.02162432670593
770,159.9,11.1296224594116
771,160.1,20.586067199707
772,160.2,14.1812257766724
773,160.4,3.79272627830505
774,160.7,4.71679544448853
775,160.9,31.2026042938232
776,161.0,97.9642486572266
777,161.2,18.8906497955322
778,161.4,2.55252480506897
779,161.6,2.26416015625
780,161.8,8.78019428253174
781,162.0,34.1228637695313
782,162.1,30.6768646240234
783,162.3,8.72121906280518
784,162.6,3.39009714126587
785,162.8,16.3580284118652
786,163.0,170.425598144531
787,163.1,106.346725463867
788,163.3,10.9369697570801
789,163.5,1.1373633146286
790,163.7,4.77380514144897
791,163.9,23.2066593170166
792,164.1,42.9689140319824
793,164.2,19.820125579834
794,164.4,3.99938559532166
795,164.7,3.66838669776917
796,164.9,34.3237495422363
797,165.1,132.823318481445
798,165.2,48.4091415405273
799,165.4,4.2803783416748
800,165.7,3.45030093193054
801,165.9,18.9542942047119
802,166.1,54.904655456543
803,166.2,32.5578079223633
804,166.4,4.05860662460327
805,166.7,3.87480044364929
806,166.9,15.776385307312
807,167.1,36.2535934448242
808,167.2,23.2242298126221
809,167.4,4.65020275115967
810,167.7,2.8719744682312
811,167.9,13.2930335998535
812,168.1,66.9858703613281
813,168.2,33.7962913513184
814,168.4,3.03071641921997
815,168.5,2.35311460494995
816,168.8,5.33800220489502
817,169.0,19.2324619293213
818,169.2,24.8681659698486
819,169.3,9.83732604980469
820,169.5,2.26895189285278
821,169.8,5.22275447845459
822,169.9,5.91804885864258
823,170.1,22.6063404083252
824,170.2,18.5101356506348
825,170.4,3.96105170249939
826,170.7,2.73657703399658
827,170.9,9.09927463531494
828,171.1,16.4557075500488
829,171.2,7.57599210739136
830,171.3,8.22582626342773
831,171.6,2.17213416099548
832,171.7,1.87234306335449
833,171.9,7.79272651672363
834,172.1,13.8945817947388
835,172.2,11.1922836303711
836,172.4,3.89052700996399
837,172.7,2.77355933189392
838,172.9,8.80083560943604
839,173.1,13.287504196167
840,173.2,6.60928869247437
841,173.3,6.82516288757324
842,173.6,2.01425242424011
843,173.7,1.8014497756958
844,173.9,8.06745338439941
845,174.1,14.3902196884155
846,174.2,11.3583974838257
847,174.4,3.06081819534302
848,174.7,3.10246968269348
849,174.9,16.6318950653076
850,175.1,34.6187477111816
851,175.2,18.9685459136963
852,175.4,3.49416399002075
853,175.6,1.16992259025574
854,175.8,6.73424243927002
855,175.9,15.7029123306274
856,176.1,71.6972579956055
857,176.2,23.0932540893555
858,176.4,2.50890779495239
859,176.6,2.1345374584198
860,176.8,8.81631660461426
861,177.0,175.957244873047
862,177.1,141.86767578125
863,177.2,22.5337257385254
864,177.4,2.13920640945435
865,177.6,1.89089572429657
866,177.8,7.92431497573853
867,178.0,60.7413673400879
868,178.1,107.387519836426
869,178.3,8.8212308883667
870,178.4,4.21538257598877
871,178.6,1.22766923904419
872,178.8,10.5430641174316
873,179.0,79.5071868896484
874,179.1,82.6540145874023
875,179.3,13.3017568588257
876,179.5,1.06696152687073
877,179.7,3.22459769248962
878,179.9,18.0691738128662
879,180.1,47.0170783996582
880,180.2,29.1013641357422
881,180.4,2.60179376602173
882,180.6,2.25224232673645
883,180.8,7.61211442947388
884,181.0,36.2846794128418
885,181.1,29.9103088378906
886,181.2,33.2476959228516
887,181.4,3.31318354606628
888,181.6,2.1532130241394
889,181.8,5.21722555160522
890,181.9,7.22852945327759
891,182.1,37.2554359436035
892,182.2,28.3591346740723
893,182.4,4.1576361656189
894,182.7,2.80575013160706
895,182.9,9.3576602935791
896,183.1,16.7197437286377
897,183.2,13.0191669464111
898,183.4,3.71986722946167
899,183.7,2.75586676597595
900,183.9,9.58803272247314
901,184.1,17.461727142334
902,184.2,14.3700704574585
903,184.4,4.28541612625122
904,184.7,3.00872349739075
905,184.9,8.90330505371094
906,185.1,15.1623048782349
907,185.2,10.0555353164673
908,185.4,2.31367492675781
909,185.6,2.51468229293823
910,185.8,4.34181118011475
911,186.0,9.42793941497803
912,186.2,10.5635824203491
913,186.3,3.90600800514221
914,186.4,3.24437880516052
915,186.7,3.00921487808228
916,186.9,8.67796993255615
917,187.1,13.8426094055176
918,187.2,11.3864107131958
919,187.4,1.66089200973511
920,187.6,1.75906133651733
921,187.8,3.71151256561279
922,188.0,8.32522392272949
923,188.2,9.43973445892334
924,188.3,3.20334196090698
925,188.4,2.51775407791138
926,188.7,3.60633993148804
927,188.9,17.9904155731201
928,189.1,55.8849983215332
929,189.2,25.5769748687744
930,189.4,2.45177531242371
931,189.5,2.11954784393311
932,189.8,5.8423638343811
933,190.0,18.7375602722168
934,190.1,20.5141906738281
935,190.3,6.10590982437134
936,190.5,1.10762989521027
937,190.7,3.84469842910767
938,190.9,28.876766204834
939,191.1,860.059692382813
940,191.2,35.1866340637207
941,191.4,2.45312690734863
942,191.5,1.95859444141388
943,191.8,7.19400405883789
944,192.0,99.7762603759766
945,192.1,135.478561401367
946,192.3,11.1556701660156
947,192.5,1.24695909023285
948,192.7,4.31453514099121
949,192.9,47.6133422851563
950,193.1,486.182952880859
951,193.2,51.2567901611328
952,193.4,2.60990285873413
953,193.7,3.15087842941284
954,193.9,27.3180980682373
955,194.1,99.1997756958008
956,194.2,23.7655735015869
957,194.3,12.7074575424194
958,194.6,2.11537051200867
959,194.8,9.68583393096924
960,195.0,50.896671295166
961,195.1,53.274112701416
962,195.3,10.9302129745483
963,195.5,1.16955399513245
964,195.7,2.77970266342163
965,195.9,11.8661994934082
966,196.1,25.6776008605957
967,196.2,19.4675025939941
968,196.4,2.9335298538208
969,196.6,2.25457668304443
970,196.8,6.89015865325928
971,197.0,23.4720478057861
972,197.1,49.065242767334
973,197.3,11.808084487915
974,197.5,1.17115128040314
975,197.7,2.67059826850891
976,197.9,8.63754749298096
977,198.1,17.8843841552734
978,198.2,15.2109594345093
979,198.4,3.39267730712891
980,198.7,2.71900725364685
981,198.9,7.37817907333374
982,199.1,11.2881193161011
983,199.2,9.35299205780029
984,199.4,3.33972239494324
985,199.7,2.84457540512085
986,199.9,8.55092716217041
987,200.1,15.7428426742554
988,200.2,10.7046318054199
989,200.4,1.93082690238953
990,200.6,2.23602414131165
991,200.7,1.97960436344147
992,200.9,8.85268497467041
993,201.1,13.7585697174072
994,201.2,10.3650321960449
995,201.4,2.81987953186035
996,201.6,1.15726745128632
997,201.8,4.37707328796387
998,201.9,5.37989902496338
999,202.1,25.5164031982422
1000,202.2,14.1842975616455
1001,202.3,8.83572959899902
1002,202.6,2.14645528793335
1003,202.8,6.65855741500854
1004,203.0,23.5164031982422
1005,203.1,28.1878604888916
1006,203.3,9.16144466400146
1007,203.5,1.23835849761963
1008,203.7,2.79886960983276
1009,203.9,8.71274089813232
1010,204.1,17.3609771728516
1011,204.2,14.117582321167
1012,204.4,2.3034770488739
1013,204.6,2.3180980682373
1014,204.7,1.99950850009918
1015,204.9,14.9541711807251
1016,205.1,40.8147201538086
1017,205.2,21.6505718231201
1018,205.4,3.38935995101929
1019,205.5,2.18110322952271
1020,205.7,1.57881808280945
1021,205.9,9.79911518096924
1022,206.0,9.56481170654297
1023,206.1,16.7438259124756
1024,206.3,5.62145233154297
1025,206.6,1.09976661205292
1026,206.7,0.951222479343414
1027,206.9,29.705738067627
1028,207.1,9061.916015625
1029,207.2,119.765205383301
1030,207.4,1.06388986110687
1031,207.7,1.4910923242569
1032,207.9,24.2784118652344
1033,208.1,1886.67309570313
1034,208.2,59.743335723877
1035,208.4,3.77798247337341
1036,208.6,0.980587303638458
1037,208.8,9.403489112854
1038,208.9,23.3268222808838
1039,209.1,1172.57250976563
1040,209.2,54.4385070800781
1041,209.4,2.30900597572327
1042,209.7,2.18614077568054
1043,209.9,13.8192653656006
1044,210.1,167.15837097168
1045,210.2,26.2151374816895
1046,210.3,9.21194267272949
1047,210.5,1.07101607322693
1048,210.7,3.99827980995178
1049,210.9,25.2473278045654
1050,211.1,93.0062637329102
1051,211.2,39.085391998291
1052,211.4,3.03698253631592
1053,211.7,2.71237254142761
1054,211.9,10.1452264785767
1055,212.0,10.159725189209
1056,212.2,22.8122615814209
1057,212.3,7.00749492645264
1058,212.4,3.05381488800049
1059,212.7,3.47167944908142
1060,212.9,15.8236885070801
1061,213.1,36.2601051330566
1062,213.2,25.6846046447754
1063,213.4,3.52414298057556
1064,213.5,2.10763001441956
1065,213.8,3.71310973167419
1066,213.9,3.41417860984802
1067,214.1,9.9695291519165
1068,214.2,5.41344165802002
1069,214.3,5.44870376586914
1070,214.6,2.50374746322632
1071,214.8,10.817421913147
1072,215.0,45.9589614868164
1073,215.1,46.7477569580078
1074,215.3,10.297456741333
1075,215.6,1.94888806343079
1076,215.8,5.66519212722778
1077,216.0,17.0442314147949
1078,216.2,23.3738784790039
1079,216.3,8.03378772735596
1080,216.6,2.27669239044189
1081,216.8,5.97862148284912
1082,217.0,13.5453987121582
1083,217.1,16.5048522949219
1084,217.3,6.74702072143555
1085,217.5,1.16758811473846
1086,217.7,2.49195241928101
1087,217.9,8.99434852600098
1088,218.1,26.1029605865479
1089,218.2,18.1529674530029
1090,218.4,3.32878732681274
1091,218.7,3.31269192695618
1092,218.8,4.70807218551636
1093,219.0,18.0143756866455
1094,219.1,10.942253112793
1095,219.2,14.5256175994873
1096,219.4,3.45951581001282
1097,219.7,3.02776741981506
1098,219.9,9.27951812744141
1099,220.1,15.0352621078491
1100,220.2,11.660400390625
1101,220.4,1.98439610004425
1102,220.5,2.0271532535553
1103,220.8,7.26944351196289
1104,221.0,41.8246726989746
1105,221.1,75.6268615722656
1106,221.3,18.2333202362061
1107,221.5,1.22631776332855
1108,221.7,2.49342679977417
1109,221.9,10.58815574646
1110,222.1,22.3368968963623
1111,222.2,17.9268951416016
1112,222.4,4.59847640991211
1113,222.6,1.5794323682785
1114,222.8,9.13109683990479
1115,223.0,27.359748840332
1116,223.1,29.0393161773682
1117,223.3,6.8095588684082
1118,223.4,3.7742965221405
1119,223.7,2.38874554634094
1120,223.8,3.02014994621277
1121,224.0,10.6977519989014
1122,224.2,11.7583236694336
1123,224.3,4.06081819534302
1124,224.4,2.90490221977234
1125,224.7,3.76225590705872
1126,224.9,15.1338005065918
1127,225.1,29.9272632598877
1128,225.2,20.1075077056885
1129,225.4,2.9262809753418
1130,225.5,1.94434201717377
1131,225.8,4.60670852661133
1132,226.0,11.2374982833862
1133,226.1,7.00700330734253
1134,226.2,10.9009704589844
1135,226.4,3.25592827796936
1136,226.7,2.29807090759277
1137,226.9,7.27669239044189
1138,227.1,12.4949007034302
1139,227.2,10.873571395874
1140,227.4,3.78867173194885
1141,227.7,1.82663714885712
1142,227.9,5.75795555114746
1143,228.1,12.8474016189575
1144,228.2,11.0120410919189
1145,228.4,1.89249289035797
1146,228.5,2.0737190246582
1147,228.8,4.61887216567993
1148,229.0,10.6038827896118
1149,229.1,6.95220565795898
1150,229.2,10.0485315322876
1151,229.4,3.14006638526917
1152,229.7,2.30949759483337
1153,229.8,2.31502652168274
1154,230.0,10.036491394043
1155,230.2,13.489372253418
1156,230.3,4.88548946380615
1157,230.4,3.98599338531494
1158,230.6,1.02924191951752
1159,230.8,4.12569093704224
1160,231.0,8.52402019500732
1161,231.2,11.0114269256592
1162,231.3,6.25949144363403
1163,231.6,1.94913375377655
1164,231.7,1.26452887058258
1165,231.9,6.10050392150879
1166,232.1,11.2632999420166
1167,232.2,10.2363929748535
1168,232.4,2.29745674133301
1169,232.6,2.58127522468567
1170,232.7,2.09288620948792
1171,232.9,9.44096279144287
1172,233.1,15.0533237457275
1173,233.2,11.2823438644409
1174,233.4,2.13588881492615
1175,233.6,1.97554981708527
1176,233.8,3.40864968299866
1177,234.0,8.51001358032227
1178,234.2,10.3156404495239
1179,234.3,5.30876016616821
1180,234.6,2.37166738510132
1181,234.8,5.69418859481812
1182,235.0,15.9295978546143
1183,235.1,8.85563373565674
1184,235.2,8.86361980438232
1185,235.4,1.57206046581268
1186,235.6,1.94213044643402
1187,235.8,4.63423013687134
1188,236.0,8.50976753234863
1189,236.1,5.0534462928772
1190,236.2,6.50817060470581
1191,236.4,2.74861764907837
1192,236.7,3.32546997070313
1193,236.9,11.5484704971313
1194,237.1,16.7690124511719
1195,237.2,10.4828605651855
1196,237.4,3.19646143913269
1197,237.7,2.39353728294373
1198,237.8,2.38358521461487
1199,238.0,6.21906852722168
1200,238.1,4.29819393157959
1201,238.2,6.26231718063354
1202,238.4,2.68337631225586
1203,238.7,2.6750214099884
1204,238.9,6.65462589263916
1205,239.1,13.3969774246216
1206,239.2,11.1027154922485
1207,239.4,2.85403609275818
1208,239.5,2.21403121948242
1209,239.8,3.16070771217346
1210,239.9,2.48912644386292
1211,240.1,6.00565195083618
1212,240.3,5.68571090698242
1213,240.4,2.88462948799133
1214,240.6,1.05860674381256
1215,240.8,3.44182324409485
1216,240.9,2.74161434173584
1217,241.1,6.53372669219971
1218,241.2,6.10873556137085
1219,241.4,3.22668623924255
1220,241.7,1.89900481700897
1221,241.9,4.26428318023682
1222,242.1,7.19228410720825
1223,242.3,5.96191167831421
1224,242.4,2.79395508766174
1225,242.7,1.98230743408203
1226,242.9,3.81754517555237
1227,243.0,2.75070643424988
1228,243.2,6.54466152191162
1229,243.4,4.15382719039917
1230,243.6,1.95650565624237
1231,243.8,2.98488759994507
1232,244.0,6.77663087844849
1233,244.2,8.13392353057861
1234,244.3,2.95085382461548
1235,244.4,2.95404839515686
1236,244.6,0.759429931640625
1237,244.8,2.91374850273132
1238,245.0,5.22275447845459
1239,245.1,5.9671950340271
1240,245.3,2.44010329246521
1241,245.4,2.69234538078308
1242,245.7,2.07175326347351
1243,245.8,1.71618139743805
1244,246.0,5.32350397109985
1245,246.2,6.91866302490234
1246,246.3,4.22828340530396
1247,246.5,1.15456449985504
1248,246.7,2.09497475624084
1249,246.9,4.24966192245483
1250,247.0,2.76397585868835
1251,247.2,6.24130725860596
1252,247.3,3.92075204849243
1253,247.5,1.0259245634079
1254,247.7,2.56112551689148
1255,247.9,4.91411733627319
1256,248.1,6.66457796096802
1257,248.2,5.71507549285889
1258,248.4,1.6612606048584
1259,248.6,2.80034399032593
1260,248.8,9.09055137634277
1261,249.0,64.4736480712891
1262,249.1,53.0126533508301
1263,249.3,5.10836696624756
1264,249.5,0.925789415836334
1265,249.7,3.55252480506897
1266,249.9,12.1086130142212
1267,250.1,31.215259552002
1268,250.2,6.97604131698608
1269,250.3,4.74861764907837
1270,250.5,1.23811280727386
1271,250.7,5.02518749237061
1272,250.9,22.4870376586914
1273,251.0,36.3703155517578
1274,251.1,38.3994331359863
1275,251.3,5.33603620529175
1276,251.5,1.069296002388
1277,251.7,3.73964858055115
1278,251.9,12.7900238037109
1279,252.0,11.7021751403809
1280,252.1,19.2145233154297
1281,252.3,6.38591957092285
1282,252.6,2.43223977088928
1283,252.8,8.07445621490479
1284,252.9,10.0210103988647
1285,253.1,31.3735103607178
1286,253.2,13.7652044296265
1287,253.4,2.88905262947083
1288,253.7,2.12102222442627
1289,253.9,6.59503602981567
1290,254.0,5.45755004882813
1291,254.1,10.3253469467163
1292,254.3,5.52340602874756
1293,254.6,2.38518238067627
1294,254.8,4.19019556045532
1295,255.0,9.16427040100098
1296,255.1,5.20997667312622
1297,255.2,7.98820495605469
1298,255.4,2.64786839485168
1299,255.7,1.97751569747925
1300,255.9,3.87148308753967
1301,256.1,6.80980443954468
1302,256.2,6.20113039016724
1303,256.4,1.96338617801666
1304,256.6,2.37596750259399
1305,256.8,2.9984028339386
1306,257.0,6.00638914108276
1307,257.2,6.13134288787842
1308,257.3,3.52524876594543
1309,257.5,1.61002576351166
1310,257.8,2.60719990730286
1311,258.0,4.81668519973755
1312,258.2,5.41319561004639
1313,258.3,2.31453490257263
1314,258.4,2.23442673683167
1315,258.6,0.789040446281433
1316,258.8,2.63975930213928
1317,259.0,4.44354343414307
1318,259.1,2.31465792655945
1319,259.3,4.58533000946045
1320,259.4,1.22336900234222
1321,259.5,1.81349062919617
1322,259.8,2.42535948753357
1323,260.0,3.98193883895874
1324,260.1,2.33775639533997
1325,260.2,3.9687922000885
1326,260.4,2.58397841453552
1327,260.6,0.924437880516052
1328,260.8,2.2897162437439
1329,261.0,4.11659908294678
1330,261.2,4.42351627349854
1331,261.4,2.71937584877014
1332,261.5,0.797149538993835
1333,261.7,1.76901340484619
1334,261.9,2.82565426826477
1335,262.1,3.87172865867615
1336,262.3,3.70377206802368
1337,262.4,2.15382719039917
1338,262.6,0.785968780517578
1339,262.8,2.98464179039001
1340,263.0,4.70721197128296
1341,263.2,5.62292671203613
1342,263.3,3.38161945343018
1343,263.5,1.81127905845642
1344,263.8,2.12421679496765
1345,263.9,1.63287878036499
1346,264.1,4.17041397094727
1347,264.2,1.95318830013275
1348,264.3,2.76336169242859
1349,264.5,0.759061336517334
1350,264.7,3.64774537086487
1351,264.9,15.4673795700073
1352,265.1,103.021255493164
1353,265.2,19.6503257751465
1354,265.4,2.81238484382629
1355,265.7,2.05221772193909
1356,265.9,8.01044368743896
1357,266.1,28.0339107513428
1358,266.2,10.8372039794922
1359,266.4,1.43457424640656
1360,266.6,2.39415168762207
1361,266.8,19.0357532501221
1362,267.0,138.673919677734
1363,267.1,169.382476806641
1364,267.3,10.217963218689
1365,267.6,2.22447466850281
1366,267.8,9.57439517974854
1367,267.9,14.230863571167
1368,268.1,58.3764572143555
1369,268.2,20.0501289367676
1370,268.4,3.48015737533569
1371,268.6,1.32596147060394
1372,268.8,10.2964735031128
1373,269.0,38.4093856811523
1374,269.1,22.1931438446045
1375,269.2,20.5015354156494
1376,269.4,3.18650937080383
1377,269.7,2.58729577064514
1378,269.9,6.68460512161255
1379,270.0,6.42363929748535
1380,270.1,12.024450302124
1381,270.3,6.05504369735718
1382,270.6,3.04300284385681
1383,270.8,10.2762012481689
1384,270.9,10.7964124679565
1385,271.1,27.9797267913818
1386,271.2,15.0514802932739
1387,271.4,2.95920872688293
1388,271.7,2.91829466819763
1389,271.9,6.70082330703735
1390,272.0,4.92320919036865
1391,272.2,9.68374538421631
1392,272.3,2.94802808761597
1393,272.4,2.88831543922424
1394,272.6,0.994716823101044
1395,272.8,4.88487529754639
1396,273.0,8.86558532714844
1397,273.2,8.62747287750244
1398,273.3,4.06401300430298
1399,273.6,1.86853420734406
1400,273.8,2.6028995513916
1401,274.0,4.3216609954834
1402,274.2,4.33419322967529
1403,274.3,1.73387396335602
1404,274.5,2.44034886360168
1405,274.6,1.27165496349335
1406,274.8,4.75402402877808
1407,274.9,3.29868531227112
1408,275.1,7.47180223464966
1409,275.2,5.2601056098938
1410,275.4,1.2204202413559
1411,275.6,1.64921975135803
1412,275.7,1.23725271224976
1413,275.9,3.33837080001831
1414,276.0,2.09190320968628
1415,276.2,4.1437520980835
1416,276.3,2.80120396614075
1417,276.6,2.0146210193634
1418,276.8,3.45779585838318
1419,277.0,5.1576361656189
1420,277.1,4.69517135620117
1421,277.3,2.59282469749451
1422,277.6,1.66838681697845
1423,277.7,0.990416526794434
1424,277.9,2.97346115112305
1425,278.1,3.10836720466614
1426,278.3,2.70758080482483
1427,278.5,2.23553252220154
1428,278.6,0.781791388988495
1429,278.8,3.44968676567078
1430,279.0,6.12188243865967
1431,279.2,6.52217721939087
1432,279.3,3.49981570243835
1433,279.5,1.06536424160004
1434,279.7,1.94065606594086
1435,279.8,1.46295619010925
1436,280.0,4.00946044921875
1437,280.2,3.80058979988098
1438,280.3,1.56358277797699
1439,280.5,0.463447600603104
1440,280.7,2.58815574645996
1441,280.9,35.2701797485352
1442,281.1,1631.216796875
1443,281.2,151.892364501953
1444,281.4,3.06069540977478
1445,281.7,1.95036244392395
1446,281.9,23.7129859924316
1447,282.1,425.784484863281
1448,282.2,78.1078720092773
1449,282.4,4.19560146331787
1450,282.7,3.38739395141602
1451,282.9,24.4316253662109
1452,283.1,280.999267578125
1453,283.2,64.1587448120117
1454,283.4,3.56382846832275
1455,283.7,2.13466024398804
1456,283.9,9.11438751220703
1457,284.1,53.3250999450684
1458,284.2,25.2286529541016
1459,284.4,3.45841002464294
1460,284.7,4.03133058547974
1461,284.8,6.66162919998169
1462,285.0,36.6685104370117
1463,285.1,48.3769493103027
1464,285.3,11.3418111801147
1465,285.5,1.98857355117798
1466,285.8,4.3306303024292
1467,286.0,10.693696975708
1468,286.1,12.4419460296631
1469,286.3,6.05111169815063
1470,286.5,2.03206777572632
1471,286.8,4.43445158004761
1472,286.9,4.67870759963989
1473,287.1,12.8853664398193
1474,287.2,5.88192653656006
1475,287.3,6.11352729797363
1476,287.5,0.738174200057983
1477,287.7,1.89482736587524
1478,287.8,1.33615922927856
1479,288.0,3.93008971214294
1480,288.1,4.59847640991211
1481,288.3,3.52500295639038
1482,288.5,1.11107015609741
1483,288.7,4.04607439041138
1484,288.9,13.489372253418
1485,289.1,26.7653274536133
1486,289.2,11.1674652099609
1487,289.4,2.61641478538513
1488,289.7,2.20493912696838
1489,289.9,5.40864992141724
1490,290.1,7.85354471206665
1491,290.2,5.34242534637451
1492,290.5,1.92566657066345
1493,290.7,2.22705483436584
1494,290.8,1.67539012432098
1495,291.0,6.10922718048096
1496,291.1,2.88819265365601
1497,291.2,4.25543689727783
1498,291.4,1.02383589744568
1499,291.6,1.41712737083435
1500,291.8,2.00946068763733
1501,292.0,2.98795914649963
1502,292.2,3.19252967834473
1503,292.3,2.28467869758606
1504,292.6,2.50460743904114
1505,292.8,9.7251501083374
1506,293.0,27.3844451904297
1507,293.1,22.9547863006592
1508,293.3,2.62489247322083
1509,293.4,1.74308884143829
1510,293.6,0.938567399978638
1511,293.8,3.98304462432861
1512,294.0,8.44575500488281
1513,294.1,7.86288261413574
1514,294.3,3.05848383903503
1515,294.5,0.903427958488464
1516,294.7,3.17446851730347
1517,294.9,11.2155055999756
1518,295.0,9.15124702453613
1519,295.2,18.1036987304688
1520,295.3,6.7407546043396
1521,295.5,2.04115986824036
1522,295.7,1.19375848770142
1523,295.9,4.98611640930176
1524,296.0,3.92996692657471
1525,296.2,7.74898624420166
1526,296.3,4.34906005859375
1527,296.6,2.69873452186584
1528,296.8,8.94839668273926
1529,297.0,19.6342296600342
1530,297.1,16.8653392791748
1531,297.3,4.5619854927063
1532,297.5,1.03391075134277
1533,297.7,2.5473644733429
1534,297.9,5.52328300476074
1535,298.0,3.44624638557434
1536,298.2,5.89040422439575
1537,298.3,2.15603876113892
1538,298.4,2.43015122413635
1539,298.7,3.36859560012817
1540,298.9,8.93365287780762
1541,299.1,13.6884136199951
1542,299.2,11.6013021469116
1543,299.4,1.94065606594086
1544,299.6,1.89187860488892
1545,299.8,2.53618383407593
1546,300.0,5.26452875137329
1547,300.2,6.11881065368652
1548,300.3,2.09644913673401
1549,300.4,2.4995698928833
1550,300.6,0.70672070980072
1551,300.8,2.42363929748535
1552,301.0,4.16832542419434
1553,301.2,4.49330377578735
1554,301.3,3.27706098556519
1555,301.5,0.654994487762451
1556,301.7,1.37989926338196
1557,301.8,0.989064991474152
1558,302.0,2.50141286849976
1559,302.1,3.18270063400269
1560,302.3,1.23553264141083
1561,302.4,1.94262194633484
1562,302.6,0.823934137821198
1563,302.8,2.1689395904541
1564,303.0,3.33394765853882
1565,303.1,1.5360609292984
1566,303.3,3.08342552185059
1567,303.4,2.03784251213074
1568,303.7,1.4080353975296
1569,303.8,0.87529182434082
1570,304.0,2.08969163894653
1571,304.2,2.60707712173462
1572,304.4,2.33271908760071
1573,304.6,1.53692102432251
1574,304.7,0.81766802072525
1575,304.9,2.5251259803772
1576,305.1,2.78560018539429
1577,305.3,2.46295619010925
1578,305.4,0.704509139060974
1579,305.6,1.58864724636078
1580,305.8,1.86632263660431
1581,306.0,2.70856380462646
1582,306.2,2.68251633644104
1583,306.3,2.07715940475464
1584,306.5,0.92431503534317
1585,306.7,1.77601671218872
1586,306.8,1.33677351474762
1587,307.0,3.60855150222778
1588,307.2,3.53790402412415
1589,307.3,2.06794452667236
1590,307.5,1.05234062671661
1591,307.7,0.804890036582947
1592,307.9,2.39611744880676
1593,308.1,2.84875297546387
1594,308.3,2.49121522903442
1595,308.4,1.88917553424835
1596,308.7,1.64209365844727
1597,308.9,3.22214031219482
1598,309.0,4.11414194107056
1599,309.2,1.76717042922974
1600,309.4,2.13466024398804
1601,309.5,0.736208379268646
1602,309.7,1.52770614624023
1603,309.9,2.21747136116028
1604,310.1,2.99410247802734
1605,310.2,1.15161561965942
1606,310.4,2.26354598999023
1607,310.5,0.834377706050873
1608,310.7,2.33775639533997
1609,310.9,4.26022863388062
1610,311.0,3.15149283409119
1611,311.1,5.34721708297729
1612,311.3,1.69541716575623
1613,311.4,1.96215748786926
1614,311.7,1.52942621707916
1615,311.9,2.80329275131226
1616,312.1,4.08870887756348
1617,312.2,3.2763237953186
1618,312.4,1.86079370975494
1619,312.7,2.1657452583313
1620,312.8,1.66015481948853
1621,313.0,4.9056396484375
1622,313.2,5.16341066360474
1623,313.3,2.50190448760986
1624,313.5,0.692836940288544
1625,313.7,1.52660036087036
1626,313.9,2.64344525337219
1627,314.1,3.15087842941284
1628,314.2,3.06008100509644
1629,314.5,1.80206418037415
1630,314.7,1.54699599742889
1631,314.9,2.55105042457581
1632,315.1,3.16218209266663
1633,315.2,1.33357906341553
1634,315.3,2.14805269241333
1635,315.5,0.750583589076996
1636,315.7,1.59577345848083
1637,315.9,1.83511483669281
1638,316.1,2.38112783432007
1639,316.2,1.11524760723114
1640,316.3,1.82762014865875
1641,316.5,0.660769164562225
1642,316.7,1.66076910495758
1643,316.8,0.88290947675705
1644,317.0,2.35827493667603
1645,317.1,1.02100992202759
1646,317.3,1.98513329029083
1647,317.4,1.31035757064819
1648,317.7,1.26280868053436
1649,317.9,1.74591469764709
1650,318.1,2.23835849761963
1651,318.3,2.13072848320007
1652,318.5,1.63681042194366
1653,318.7,1.47180247306824
1654,318.8,0.826514303684235
1655,319.0,2.32952451705933
1656,319.1,0.75697261095047
1657,319.3,1.99127662181854
1658,319.4,1.38137364387512
1659,319.7,1.46037602424622
1660,319.8,0.717655718326569
1661,320.0,1.8573534488678
1662,320.2,2.16611385345459
1663,320.3,0.810418963432312
1664,320.5,1.37768769264221
1665,320.7,1.50116717815399
1666,320.9,1.96731781959534
1667,321.0,1.09153461456299
1668,321.2,1.89114141464233
1669,321.3,1.49711263179779
1670,321.5,0.641110718250275
1671,321.7,1.27251505851746
1672,321.9,1.60609412193298
1673,322.0,1.0178154706955
1674,322.2,1.96940660476685
1675,322.4,1.91104555130005
1676,322.6,1.50829339027405
1677,322.8,2.74456310272217
1678,323.0,5.39636325836182
1679,323.1,4.2986855506897
1680,323.2,4.2803783416748
1681,323.4,0.996191203594208
1682,323.6,1.27300655841827
1683,323.8,2.32915592193604
1684,324.0,3.46357035636902
1685,324.2,3.77933406829834
1686,324.3,2.64074206352234
1687,324.6,2.34918284416199
1688,324.8,9.37768745422363
1689,325.0,26.5113658905029
1690,325.1,20.7922344207764
1691,325.2,12.0119180679321
1692,325.4,1.51480531692505
1693,325.6,1.75156652927399
1694,325.8,4.1527214050293
1695,326.0,10.9170656204224
1696,326.1,6.62747287750244
1697,326.2,6.25052213668823
1698,326.4,1.56812870502472
1699,326.6,2.74075436592102
1700,326.8,14.8750457763672
1701,327.0,56.2883644104004
1702,327.1,25.8364658355713
1703,327.2,18.4924430847168
1704,327.4,2.50350165367126
1705,327.7,3.36171531677246
1706,327.9,11.4007863998413
1707,328.0,9.41884708404541
1708,328.1,13.4960069656372
1709,328.3,4.13134288787842
1710,328.5,0.998771369457245
1711,328.7,3.5242657661438
1712,328.9,10.7245359420776
1713,329.1,14.5354461669922
1714,329.2,4.24990797042847
1715,329.3,3.43137979507446
1716,329.5,0.800221145153046
1717,329.7,1.91092276573181
1718,329.9,3.50632762908936
1719,330.1,4.41368722915649
1720,330.2,2.84961295127869
1721,330.5,2.13625741004944
1722,330.7,2.46209597587585
1723,330.9,5.35655498504639
1724,331.0,3.16697382926941
1725,331.1,6.46602773666382
1726,331.3,2.45275831222534
1727,331.6,1.47622561454773
1728,331.8,2.14068078994751
1729,332.0,3.01548099517822
1730,332.2,3.06180119514465
1731,332.3,1.93930459022522
1732,332.6,1.6406192779541
1733,332.8,2.73264527320862
1734,333.0,2.87111449241638
1735,333.2,3.4315025806427
1736,333.3,1.12974572181702
1737,333.4,1.41368722915649
1738,333.7,1.38100504875183
1739,333.8,1.05209481716156
1740,334.0,2.08772587776184
1741,334.2,2.22189450263977
1742,334.3,0.804644286632538
1743,334.4,1.4448949098587
1744,334.7,1.84850716590881
1745,334.9,2.2126796245575
1746,335.0,1.13134288787842
1747,335.2,2.29524517059326
1748,335.3,1.14129495620728
1749,335.5,1.44428062438965
1750,335.7,1.52119421958923
1751,335.9,1.54060697555542
1752,336.0,0.956751465797424
1753,336.2,1.72711634635925
1754,336.4,1.66506946086884
1755,336.6,1.27804398536682
1756,336.8,1.79825532436371
1757,337.0,1.98329031467438
1758,337.2,2.32460999488831
1759,337.3,1.62206661701202
1760,337.6,1.31244623661041
1761,337.7,0.71593564748764
1762,337.9,1.86054801940918
1763,338.1,1.99213659763336
1764,338.3,1.83192038536072
1765,338.4,0.864233911037445
1766,338.6,1.75881552696228
1767,338.7,1.12999141216278
1768,338.9,5.05823802947998
1769,339.1,10.8158254623413
1770,339.2,3.98931074142456
1771,339.3,3.64319944381714
1772,339.5,0.646885395050049
1773,339.7,1.79886960983276
1774,339.9,3.19965600967407
1775,340.1,4.78400278091431
1776,340.2,4.10382127761841
1777,340.4,0.902322173118591
1778,340.6,2.49649834632874
1779,340.8,13.5300407409668
1780,341.0,67.8821716308594
1781,341.1,127.674530029297
1782,341.3,10.5623540878296
1783,341.4,3.66654372215271
1784,341.6,1.18614077568054
1785,341.8,7.02973318099976
1786,342.0,27.3461112976074
1787,342.1,37.5958976745605
1788,342.3,7.89200162887573
1789,342.6,2.57144618034363
1790,342.8,6.58250379562378
1791,342.9,8.35004329681396
1792,343.1,33.8133659362793
1793,343.2,14.4315023422241
1794,343.4,1.93156409263611
1795,343.6,1.9525740146637
1796,343.7,1.22361469268799
1797,343.9,4.69308280944824
1798,344.0,4.19080972671509
1799,344.1,7.35925769805908
1800,344.3,2.01019787788391
1801,344.4,2.2897162437439
1802,344.6,1.16476225852966
1803,344.8,6.50976800918579
1804,345.0,16.1849117279053
1805,345.1,14.1269197463989
1806,345.3,3.88045215606689
1807,345.4,2.44415783882141
1808,345.7,1.83597493171692
1809,345.9,3.80833029747009
1810,346.1,6.91399431228638
1811,346.2,4.57881784439087
1812,346.4,1.1782773733139
1813,346.6,1.47585701942444
1814,346.8,2.8573534488678
1815,347.0,4.5242657661438
1816,347.1,2.56825160980225
1817,347.2,3.51824545860291
1818,347.4,0.926035165786743
1819,347.6,1.24106156826019
1820,347.7,0.780439853668213
1821,347.9,1.69738292694092
1822,348.1,2.22177171707153
1823,348.2,1.06647002696991
1824,348.3,1.65548598766327
1825,348.6,2.01523518562317
1826,348.8,5.02764463424683
1827,349.0,8.20272731781006
1828,349.1,6.48064851760864
1829,349.3,2.51320791244507
1830,349.6,1.32768154144287
1831,349.7,0.9659663438797
1832,349.9,2.97407555580139
1833,350.0,1.84617269039154
1834,350.1,3.25494527816772
1835,350.3,1.7346111536026
1836,350.6,1.4420690536499
1837,350.8,2.52168560028076
1838,350.9,1.49146091938019
1839,351.0,3.40422654151917
1840,351.2,2.58459281921387
1841,351.4,1.12544536590576
1842,351.6,0.637424767017365
1843,351.8,1.62489247322083
1844,351.9,1.0271532535553
1845,352.1,2.0368595123291
1846,352.2,1.88389241695404
1847,352.5,1.50546753406525
1848,352.7,1.65339720249176
1849,352.8,1.35274600982666
1850,353.0,3.0458288192749
1851,353.1,1.36613833904266
1852,353.3,2.38579678535461
1853,353.4,1.46172749996185
1854,353.7,1.49907851219177
1855,353.9,1.85784494876862
1856,354.1,2.38321661949158
1857,354.2,1.28418719768524
1858,354.4,1.95097672939301
1859,354.6,1.78461730480194
1860,354.8,8.88180351257324
1861,355.0,53.0550422668457
1862,355.1,199.259490966797
1863,355.3,23.2411842346191
1864,355.5,1.56972599029541
1865,355.7,2.53606104850769
1866,355.9,11.6714582443237
1867,356.1,48.2195587158203
1868,356.2,42.2284049987793
1869,356.4,3.30704021453857
1870,356.6,2.15087842941284
1871,356.8,4.94409608840942
1872,357.0,18.4170036315918
1873,357.1,46.3708076477051
1874,357.3,10.442437171936
1875,357.5,0.947905123233795
1876,357.7,1.85809063911438
1877,357.9,4.58238124847412
1878,358.0,4.24646759033203
1879,358.1,11.1990413665771
1880,358.3,2.94102478027344
1881,358.4,2.65450310707092
1882,358.7,2.18908953666687
1883,358.9,7.53507804870605
1884,359.1,15.8499813079834
1885,359.2,11.8795919418335
1886,359.4,3.00626611709595
1887,359.7,1.76016712188721
1888,359.9,3.39955759048462
1889,360.0,2.64074206352234
1890,360.2,4.76041269302368
1891,360.3,3.0296106338501
1892,360.5,0.77933406829834
1893,360.7,1.77306795120239
1894,360.8,1.09067451953888
1895,361.0,4.02100992202759
1896,361.2,4.30409145355225
1897,361.3,2.15579319000244
1898,361.5,0.861653745174408
1899,361.7,1.3294016122818
1900,361.9,1.70082318782806
1901,362.0,1.05037474632263
1902,362.2,2.16881680488586
1903,362.4,1.39083421230316
1904,362.5,0.824425578117371
1905,362.7,1.98501038551331
1906,362.9,4.18994951248169
1907,363.1,6.23700714111328
1908,363.2,4.27865839004517
1909,363.4,1.58901584148407
1910,363.6,0.785231590270996
1911,363.8,1.84518980979919
1912,363.9,1.27165496349335
1913,364.1,2.56776022911072
1914,364.2,2.62083792686462
1915,364.5,1.62882423400879
1916,364.7,1.3593807220459
1917,364.9,2.12470817565918
1918,365.0,1.10947287082672
1919,365.2,2.22791504859924
1920,365.4,1.71704137325287
1921,365.6,1.13441455364227
1922,365.8,1.28074705600739
1923,365.9,0.668755352497101
1924,366.1,1.65745174884796
1925,366.3,1.85022735595703
1926,366.5,1.45963883399963
1927,366.7,2.56972599029541
1928,366.8,2.11279034614563
1929,367.0,6.60351371765137
1930,367.1,6.62624406814575
1931,367.3,3.05774664878845
1932,367.6,1.41725027561188
1933,367.8,2.01032066345215
1934,368.0,3.10627841949463
1935,368.1,3.06622433662415
1936,368.3,2.00294876098633
1937,368.6,1.45902442932129
1938,368.8,2.86705994606018
1939,369.0,5.23921871185303
1940,369.1,2.71016097068787
1941,369.2,4.92198038101196
1942,369.4,2.30802321434021
1943,369.6,0.531023442745209
1944,369.8,1.79420077800751
1945,369.9,1.15493309497833
1946,370.1,3.15481019020081
1947,370.2,1.44292914867401
1948,370.4,2.53814959526062
1949,370.5,1.50767910480499
1950,370.8,2.11217594146729
1951,371.0,3.71630430221558
1952,371.1,3.83966088294983
1953,371.3,2.73645401000977
1954,371.6,1.3715443611145
1955,371.7,0.55805379152298
1956,371.9,1.74812626838684
1957,372.0,2.21624279022217
1958,372.3,1.9128885269165
1959,372.4,0.705123484134674
1960,372.6,1.26502025127411
1961,372.8,2.17176556587219
1962,373.0,3.44686079025269
1963,373.2,3.93549585342407
1964,373.3,2.92394638061523
1965,373.6,1.22422897815704
1966,373.7,0.590613126754761
1967,373.9,2.11414170265198
1968,374.1,2.40459513664246
1969,374.2,1.09165740013123
1970,374.3,1.67883026599884
1971,374.6,1.26710903644562
1972,374.8,1.42413067817688
1973,375.0,1.7605357170105
1974,375.2,1.98353600502014
1975,375.4,1.80968177318573
1976,375.6,1.07728219032288
1977,375.8,1.22164881229401
1978,376.0,1.76704752445221
1979,376.1,0.724659025669098
1980,376.2,1.45939302444458
1981,376.4,0.718761503696442
1982,376.6,1.1604620218277
1983,376.8,1.19412708282471
1984,377.0,1.742720246315
1985,377.2,1.75869274139404
1986,377.3,0.69566285610199
1987,377.5,1.29278779029846
1988,377.7,1.11303603649139
1989,377.9,1.37117576599121
1990,378.0,1.61358892917633
1991,378.2,1.4866691827774
1992,378.5,1.2678462266922
1993,378.6,0.622803807258606
1994,378.7,1.40828108787537
1995,379.0,1.67526721954346
1996,379.1,0.708932280540466
1997,379.2,1.34181106090546
1998,379.4,1.17053687572479
1999,379.6,0.620960831642151
2000,379.7,1.06745302677155
2001,380.0,1.09325468540192
2002,380.1,1.53421795368195
2003,380.4,1.4152843952179
2004,380.5,0.542449951171875
2005,380.7,1.18773806095123
2006,380.9,1.71949875354767
2007,381.0,1.07359623908997
2008,381.2,1.61248314380646
2009,381.3,0.736822724342346
2010,381.5,1.26698613166809
2011,381.7,0.925912261009216
2012,381.9,1.10111808776855
2013,382.0,1.43555724620819
2014,382.3,1.62673544883728
2015,382.4,0.722816050052643
2016,382.6,1.38358521461487
2017,382.8,2.1134045124054
2018,383.0,3.69762873649597
2019,383.2,3.6244010925293
2020,383.3,1.6543802022934
2021,383.5,0.643199384212494
2022,383.7,1.24646759033203
2023,383.9,1.76655614376068
2024,384.0,1.20149898529053
2025,384.2,2.33603644371033
2026,384.3,1.42314779758453
2027,384.6,1.90367364883423
2028,384.7,1.68141055107117
2029,384.9,4.82479429244995
2030,385.0,3.74382591247559
2031,385.2,6.29524517059326
2032,385.3,2.81189346313477
2033,385.6,1.3099889755249
2034,385.7,1.0146210193634
2035,385.9,2.70942378044128
2036,386.1,3.27374362945557
2037,386.3,2.27583241462708
2038,386.4,0.667158126831055
2039,386.6,1.78215992450714
2040,386.8,3.10369825363159
2041,387.0,5.39206314086914
2042,387.1,5.19756746292114
2043,387.3,2.81975674629211
2044,387.5,1.46602773666382
2045,387.7,0.622926652431488
2046,387.9,2.39034271240234
2047,388.0,1.26723182201385
2048,388.1,2.70106887817383
2049,388.3,2.09386897087097
2050,388.5,0.598599314689636
2051,388.7,1.6025310754776
2052,388.9,2.61616897583008
2053,389.1,2.5429413318634
2054,389.3,2.16525363922119
2055,389.5,1.20579922199249
2056,389.6,0.615309000015259
2057,389.8,1.32805013656616
2058,390.0,1.82516276836395
2059,390.2,1.78093135356903
2060,390.4,1.40422654151917
2061,390.6,1.2220174074173
2062,390.8,1.51763117313385
2063,391.0,1.87062287330627
2064,391.1,0.704017698764801
2065,391.2,1.53237497806549
2066,391.5,1.30089688301086
2067,391.7,0.914240062236786
2068,391.9,1.31957244873047
2069,392.1,1.22459757328033
2070,392.2,0.557808101177216
2071,392.4,1.08834004402161
2072,392.6,1.04029977321625
2073,392.8,1.27583241462708
2074,393.0,1.50903058052063
2075,393.2,1.43666303157806
2076,393.4,1.16758811473846
2077,393.5,0.49096941947937
2078,393.7,1.00012290477753
2079,393.9,1.21415412425995
2080,394.1,1.24683618545532
2081,394.2,0.856001973152161
2082,394.3,1.36036372184753
2083,394.5,0.633861660957336
2084,394.6,1.29929971694946
2085,394.9,1.43432855606079
2086,395.1,1.44452631473541
2087,395.2,1.40447235107422
2088,395.4,0.669123947620392
2089,395.6,1.3318589925766
2090,395.8,1.21992874145508
2091,395.9,0.635213196277618
2092,396.1,1.10185527801514
2093,396.3,1.37265014648438
2094,396.5,1.4667649269104
2095,396.7,1.20076179504395
2096,396.8,0.909079730510712
2097,397.0,2.05983543395996
2098,397.2,1.85809063911438
2099,397.3,0.730556607246399
2100,397.5,1.23995578289032
2101,397.7,1.13466024398804
2102,397.9,1.32669866085052
2103,398.1,1.45963883399963
2104,398.3,1.54552161693573
2105,398.5,1.1005038022995
2106,398.7,1.98009586334229
2107,398.9,4.79284906387329
2108,399.1,7.43948888778687
2109,399.2,5.36699819564819
2110,399.4,1.60670840740204
2111,399.6,1.48310601711273
2112,399.9,2.458655834198
2113,400.0,2.13638043403625
2114,400.1,3.24425601959229
2115,400.3,2.10615563392639
2116,400.6,2.36318969726563
2117,400.8,9.81164741516113
2118,401.0,27.2452392578125
2119,401.1,27.7620105743408
2120,401.3,4.85944223403931
2121,401.4,3.06216979026794
2122,401.7,2.78437161445618
2123,401.9,8.24499320983887
2124,402.0,6.4002947807312
2125,402.1,10.7373142242432
2126,402.3,3.98623919487
2127,402.6,1.96375477313995
2128,402.8,4.01019763946533
2129,402.9,4.36183786392212
2130,403.1,10.0544290542603
2131,403.2,6.30396842956543
2132,403.4,1.87000858783722
2133,403.7,1.58434700965881
2134,403.8,1.2435188293457
2135,404.0,2.84052085876465
2136,404.2,3.52807474136353
2137,404.3,1.21452271938324
2138,404.5,1.50362455844879
2139,404.7,1.97604131698608
2140,404.8,1.7880574464798
2141,405.0,4.95441722869873
2142,405.2,4.93389844894409
2143,405.3,2.45288109779358
2144,405.6,1.26440596580505
2145,405.8,1.97432112693787
2146,405.9,1.13072860240936
2147,406.1,2.54969906806946
2148,406.2,1.1304829120636
2149,406.3,1.64233934879303
2150,406.6,1.10013520717621
2151,406.8,1.70364904403687
2152,406.9,1.1292542219162
2153,407.1,2.28308153152466
2154,407.2,2.08440852165222
2155,407.5,1.22091162204742
2156,407.7,1.06474995613098
2157,407.9,1.53028631210327
2158,408.1,1.44022607803345
2159,408.3,1.45767295360565
2160,408.4,1.35925793647766
2161,408.6,0.68706226348877
2162,408.8,1.79088342189789
2163,409.0,2.33050751686096
2164,409.2,2.19904160499573
2165,409.3,0.735471189022064
2166,409.5,1.03329646587372
2167,409.7,1.22693204879761
2168,409.9,1.284064412117
2169,410.0,0.712249636650085
2170,410.2,1.36957859992981
2171,410.3,0.797763824462891
2172,410.5,1.15849614143372
2173,410.7,1.40889549255371
2174,410.9,1.62562966346741
2175,411.1,1.70856368541718
2176,411.3,1.63435316085815
2177,411.4,0.57095468044281
2178,411.6,1.20113039016724
2179,411.7,0.62796413898468
2180,411.9,1.27460372447968
2181,412.1,1.23209238052368
2182,412.2,0.684605002403259
2183,412.4,1.36257529258728
2184,412.6,1.03268218040466
2185,412.8,1.91682028770447
2186,412.9,1.16746532917023
2187,413.1,2.85919642448425
2188,413.2,1.17901456356049
2189,413.3,1.8513331413269
2190,413.6,0.949502408504486
2191,413.8,1.35544908046722
2192,414.0,1.76397597789764
2193,414.2,1.70143747329712
2194,414.3,1.21771717071533
2195,414.6,1.46885371208191
2196,414.8,5.74026298522949
2197,415.0,21.914608001709
2198,415.1,41.2261962890625
2199,415.3,11.4715566635132
2200,415.5,1.16586804389954
2201,415.7,2.12102222442627
2202,415.9,6.16881704330444
2203,416.0,6.69173097610474
2204,416.1,15.0411596298218
2205,416.3,6.50202751159668
2206,416.5,0.905516624450684
2207,416.7,2.2731294631958
2208,416.9,6.15984773635864
2209,417.1,11.4431743621826
2210,417.2,8.96621227264404
2211,417.4,2.74689769744873
2212,417.7,1.2816070318222
2213,417.9,2.77478814125061
2214,418.1,3.69934892654419
2215,418.2,2.00147438049316
2216,418.3,2.36859560012817
2217,418.5,1.23098659515381
2218,418.7,0.907851099967957
2219,418.9,2.96731781959534
2220,419.1,3.60855150222778
2221,419.3,3.45939302444458
2222,419.4,0.955768525600433
2223,419.6,1.09620344638824
2224,419.7,0.8673055768013
2225,419.9,1.60891997814178
2226,420.0,0.903182208538055
2227,420.1,2.07482481002808
2228,420.3,0.745791852474213
2229,420.5,1.07126188278198
2230,420.7,1.22361469268799
2231,420.8,1.45509278774261
2232,421.0,1.04017686843872
2233,421.2,1.64799118041992
2234,421.3,1.04005408287048
2235,421.5,1.39980340003967
2236,421.7,1.28504729270935
2237,421.8,1.25691115856171
2238,422.1,1.6572060585022
2239,422.3,1.36527824401855
2240,422.4,0.607445657253265
2241,422.6,1.01769256591797
2242,422.8,1.42855381965637
2243,423.0,2.25015354156494
2244,423.1,2.26551175117493
2245,423.4,1.52193140983582
2246,423.6,1.01769256591797
2247,423.8,1.16918540000916
2248,423.9,1.29180490970612
2249,424.2,1.38137364387512
2250,424.3,1.3808821439743
2251,424.5,0.452389717102051
2252,424.7,1.2119425535202
2253,424.8,0.648974061012268
2254,425.0,1.50915348529816
2255,425.2,1.2191915512085
2256,425.3,0.675512969493866
2257,425.5,1.18380641937256
2258,425.6,0.412458539009094
2259,425.8,1.13932919502258
2260,426.0,1.27054917812347
2261,426.2,1.18908953666687
2262,426.4,1.31330633163452
2263,426.6,1.17078268527985
2264,426.8,1.38702547550201
2265,426.9,0.976287007331848
2266,427.1,1.87136006355286
2267,427.3,1.50694191455841
2268,427.5,1.57070899009705
2269,427.7,1.17508292198181
2270,427.9,1.1620591878891
2271,428.1,1.51910555362701
2272,428.2,0.738665699958801
2273,428.3,1.06585574150085
2274,428.5,0.564074218273163
2275,428.7,2.20235896110535
2276,428.8,2.80562734603882
2277,429.0,14.399435043335
2278,429.1,18.8507194519043
2279,429.2,32.9585952758789
2280,429.4,4.92726373672485
2281,429.6,0.740017175674438
2282,429.8,2.61973214149475
2283,429.9,2.79592084884644
2284,430.1,14.1033296585083
2285,430.2,13.6330013275146
2286,430.4,3.187983751297
2287,430.7,1.521071434021
2288,430.9,4.07703638076782
2289,431.1,8.83499240875244
2290,431.2,12.1309747695923
2291,431.4,3.42204213142395
2292,431.7,1.59638774394989
2293,431.9,2.48470330238342
2294,432.1,3.88475251197815
2295,432.2,4.04300260543823
2296,432.4,1.92935252189636
2297,432.7,1.46934509277344
2298,432.8,0.852807462215424
2299,433.0,3.49281239509583
2300,433.2,4.201744556427
2301,433.3,2.64700818061829
2302,433.5,0.629438519477844
2303,433.7,1.40336656570435
2304,433.9,1.61850345134735
2305,434.1,2.07973957061768
2306,434.2,1.84985876083374
2307,434.4,1.43408286571503
2308,434.7,1.01118075847626
2309,434.9,1.3699471950531
2310,435.1,1.51210224628448
2311,435.2,0.875906109809875
2312,435.4,1.54122126102448
2313,435.5,0.477945685386658
2314,435.7,1.07912516593933
2315,435.8,0.487160593271255
2316,436.0,1.12569117546082
2317,436.2,1.33701932430267
2318,436.3,0.581889688968658
2319,436.4,1.03010201454163
2320,436.7,1.132080078125
2321,436.9,1.85108733177185
2322,437.1,1.96522915363312
2323,437.3,1.2937707901001
2324,437.5,1.20887088775635
2325,437.7,1.07040178775787
2326,437.8,0.608059942722321
2327,438.0,1.37265014648438
2328,438.2,1.32399559020996
2329,438.3,1.22422897815704
2330,438.5,0.653642952442169
2331,438.7,1.11401891708374
2332,438.9,1.41467010974884
2333,439.0,1.52709174156189
2334,439.3,1.23934149742126
2335,439.4,0.508416295051575
2336,439.5,1.25113654136658
2337,439.8,0.990170776844025
2338,440.0,1.08735716342926
2339,440.2,1.30310845375061
2340,440.3,0.502518713474274
2341,440.5,1.13515174388885
2342,440.7,1.31330633163452
2343,440.9,1.89581024646759
2344,441.0,0.940533220767975
2345,441.2,2.25887703895569
2346,441.3,0.853913247585297
2347,441.4,1.17213416099548
2348,441.7,1.12581396102905
2349,441.8,0.542327046394348
2350,442.0,1.60314536094666
2351,442.2,1.30544292926788
2352,442.3,0.538272500038147
2353,442.5,1.43592584133148
2354,442.7,1.12384808063507
2355,442.8,0.788426101207733
2356,443.0,1.89974200725555
2357,443.2,1.56223118305206
2358,443.3,1.47155666351318
2359,443.5,0.416513085365295
2360,443.6,1.2135397195816
2361,443.8,0.65401154756546
2362,443.9,1.17729449272156
2363,444.1,0.690256774425507
2364,444.3,1.24609899520874
2365,444.5,1.13797760009766
2366,444.7,1.27988696098328
2367,444.9,1.63201868534088
2368,445.0,0.98562479019165
2369,445.1,2.17889165878296
2370,445.3,1.57746648788452
2371,445.6,0.997911274433136
2372,445.7,0.460744559764862
2373,445.9,1.40705251693726
2374,446.1,1.50841629505157
2375,446.2,1.38727116584778
2376,446.5,1.16242778301239
2377,446.6,1.14682388305664
2378,446.8,0.785108745098114
2379,447.0,1.56014251708984
2380,447.1,2.04484581947327
2381,447.4,1.43248558044434
2382,447.5,0.705246329307556
2383,447.6,1.11967074871063
2384,447.8,0.532743573188782
2385,448.0,1.06450426578522
2386,448.2,1.29033052921295
2387,448.4,1.24929356575012
2388,448.6,0.990539371967316
2389,448.8,1.29696524143219
2390,449.0,1.28467869758606
2391,449.2,1.33333337306976
2392,449.3,0.451406806707382
2393,449.4,1.00086009502411
2394,449.7,1.01855266094208
2395,449.9,1.30310845375061
2396,450.0,0.493058115243912
2397,450.2,0.950608193874359
2398,450.3,0.970758080482483
2399,450.6,1.07986235618591
2400,450.8,1.01425242424011
2401,451.0,1.09264039993286
2402,451.2,1.07494783401489
2403,451.4,1.07752799987793
2404,451.5,0.614080369472504
2405,451.6,1.06388986110687
2406,451.9,1.07347345352173
2407,452.0,0.539869785308838
2408,452.2,1.06757581233978
2409,452.4,1.25273370742798
2410,452.6,0.968792259693146
2411,452.7,0.609042882919312
2412,452.9,1.07322764396667
2413,453.1,1.16869390010834
2414,453.2,1.03698241710663
2415,453.5,0.945816457271576
2416,453.7,1.04926896095276
2417,453.8,0.686079382896423
2418,453.9,1.13699471950531
2419,454.1,1.05356919765472
2420,454.4,1.14498090744019
2421,454.6,1.00270307064056
2422,454.7,0.518122613430023
2423,454.8,1.06720721721649
2424,455.1,1.1401891708374
2425,455.3,1.0109349489212
2426,455.5,1.02752184867859
2427,455.7,0.884752452373505
2428,455.9,1.18319201469421
2429,456.0,0.611254453659058
2430,456.2,1.14682388305664
2431,456.3,0.430642575025558
2432,456.5,0.997174084186554
2433,456.6,0.301265507936478
2434,456.8,1.06290698051453
2435,456.9,0.908711135387421
2436,457.1,1.60891997814178
2437,457.2,1.40594673156738
2438,457.5,0.846418499946594
2439,457.7,1.11475610733032
2440,457.9,1.06511855125427
2441,458.1,1.10197818279266
2442,458.3,1.04386293888092
2443,458.5,1.13957488536835
2444,458.7,1.58901584148407
2445,458.9,2.74738907814026
2446,459.1,3.25727987289429
2447,459.2,2.63447594642639
2448,459.4,1.2884875535965
2449,459.7,1.37326455116272
2450,459.9,1.70536923408508
2451,460.1,1.88708686828613
2452,460.3,1.77699959278107
2453,460.4,1.57881808280945
2454,460.6,1.02383589744568
2455,460.8,4.12347936630249
2456,460.9,3.28050136566162
2457,461.0,7.7677845954895
2458,461.2,3.08084535598755
2459,461.3,3.64885115623474
2460,461.5,0.751075088977814
2461,461.7,1.79186630249023
2462,461.9,3.26526594161987
2463,462.0,2.03599953651428
2464,462.2,3.63054418563843
2465,462.3,2.09264039993286
2466,462.5,0.674038589000702
2467,462.7,1.55891382694244
2468,462.9,2.93783020973206
2469,463.0,3.43309998512268
2470,463.2,2.48728346824646
2471,463.5,1.43690872192383
2472,463.7,1.42413067817688
2473,463.9,1.55461359024048
2474,464.0,0.799852550029755
2475,464.2,1.86435675621033
2476,464.3,1.29352498054504
2477,464.5,0.660523414611816
2478,464.7,1.14215505123138
2479,464.8,0.798501014709473
2480,465.0,2.07347345352173
2481,465.1,1.79223489761353
2482,465.3,1.27570950984955
2483,465.6,0.985501885414124
2484,465.8,1.15026414394379
2485,466.0,1.26686322689056
2486,466.2,1.20481634140015
2487,466.3,0.581398189067841
2488,466.4,1.43580293655396
2489,466.7,1.12777984142303
2490,466.8,1.19216120243073
2491,467.1,1.45902442932129
2492,467.3,1.27435803413391
2493,467.4,1.1126674413681
2494,467.7,1.06794440746307
2495,467.8,0.399926275014877
2496,468.0,0.998034179210663
2497,468.2,0.977884232997894
2498,468.4,0.821476817131042
2499,468.6,1.08379411697388
2500,468.8,1.09755504131317
2501,469.0,1.25617396831512
2502,469.2,1.14313793182373
2503,469.4,1.14928126335144
2504,469.5,0.476717054843903
2505,469.7,1.02432727813721
2506,469.8,1.07887947559357
2507,470.0,0.538149654865265
2508,470.2,0.925175070762634
2509,470.3,0.615186154842377
2510,470.5,1.18159484863281
2511,470.7,1.09288609027863
2512,470.8,0.427448093891144
2513,471.0,1.22336900234222
2514,471.2,1.15653026103973
2515,471.3,0.57464063167572
2516,471.5,0.979235768318176
2517,471.7,1.06647002696991
2518,471.9,1.03870248794556
2519,472.0,0.527091801166534
2520,472.1,1.01978135108948
2521,472.4,1.12790274620056
2522,472.6,0.92800098657608
2523,472.8,1.27239215373993
2524,473.0,1.53090059757233
2525,473.1,0.846541345119476
2526,473.2,1.80624151229858
2527,473.5,1.26993489265442
2528,473.6,0.405700951814651
2529,473.8,1.26723182201385
2530,474.0,1.395871758461
2531,474.2,1.44342052936554
2532,474.4,1.0109349489212
2533,474.5,0.493058115243912
2534,474.7,2.06032681465149
2535,474.9,6.15173864364624
2536,475.1,10.7605352401733
2537,475.2,10.5782041549683
2538,475.4,4.22189474105835
2539,475.7,1.7933406829834
2540,475.9,3.19265270233154
2541,476.1,5.41577577590942
2542,476.2,2.44686079025269
2543,476.3,4.17901468276978
2544,476.5,1.90232217311859
2545,476.8,2.12618255615234
2546,477.0,3.48064875602722
2547,477.2,4.52094841003418
2548,477.3,1.71790146827698
2549,477.4,2.10947299003601
2550,477.6,0.625138223171234
2551,477.8,1.50276446342468
2552,478.0,1.83941519260406
2553,478.2,2.05627226829529
2554,478.4,1.73608553409576
2555,478.5,1.02911901473999
2556,478.8,1.54146695137024
2557,479.0,2.13122010231018
2558,479.2,2.41614437103271
2559,479.4,1.67022979259491
2560,479.6,0.974321186542511
2561,479.8,1.2965966463089
2562,480.0,1.67084407806396
2563,480.2,1.54834747314453
2564,480.4,1.05639517307281
2565,480.6,1.01511240005493
2566,480.8,1.22717773914337
2567,481.0,1.42535936832428
2568,481.2,1.29303359985352
2569,481.4,1.12679696083069
2570,481.6,1.11451041698456
2571,481.8,1.08907723426819
2572,481.9,1.06376707553864
2573,482.2,1.09067451953888
2574,482.4,0.898881912231445
2575,482.6,1.00737190246582
2576,482.8,1.37609040737152
2577,482.9,1.37080717086792
2578,483.2,1.35004305839539
2579,483.3,1.09055161476135
2580,483.6,1.00516033172607
2581,483.8,1.21427690982819
2582,483.9,0.473522543907166
2583,484.1,1.07789659500122
2584,484.3,1.03907108306885
2585,484.5,0.961420297622681
2586,484.7,1.06905019283295
2587,484.9,1.18380641937256
2588,485.0,0.479665815830231
2589,485.2,1.12999141216278
2590,485.4,0.98501044511795
2591,485.6,1.02223861217499
2592,485.7,0.336404949426651
2593,485.8,0.904533743858337
2594,486.0,1.12900853157043
2595,486.3,1.00344026088715
2596,486.5,1.06290698051453
2597,486.7,0.925543665885925
2598,486.9,1.31514930725098
2599,487.1,1.45066964626312
2600,487.2,1.28209853172302
2601,487.5,0.949133813381195
2602,487.7,0.955522775650024
2603,487.8,0.459147304296494
2604,488.0,1.11524760723114
2605,488.2,1.28959333896637
2606,488.3,0.648851215839386
2607,488.5,1.17127406597137
2608,488.6,0.685587882995605
2609,488.8,2.19793581962585
2610,489.0,8.54023838043213
2611,489.1,6.88045215606689
2612,489.2,11.1527214050293
2613,489.4,2.92603516578674
2614,489.5,2.02911901473999
2615,489.7,0.571077525615692
2616,489.9,2.78609156608582
2617,490.1,6.56124830245972
2618,490.2,2.63140439987183
2619,490.3,4.60142517089844
2620,490.5,1.18626368045807
2621,490.7,1.39415156841278
2622,490.9,2.77847409248352
2623,491.0,2.06524133682251
2624,491.2,4.48408889770508
2625,491.3,3.82270550727844
2626,491.5,1.05922102928162
2627,491.7,0.940778970718384
2628,491.8,0.655117332935333
2629,492.0,1.91657447814941
2630,492.1,1.98931074142456
2631,492.3,1.09509766101837
2632,492.5,1.70401763916016
2633,492.6,0.575254917144775
2634,492.8,1.25420808792114
2635,492.9,1.06143260002136
2636,493.1,2.23307538032532
2637,493.2,0.937461614608765
2638,493.4,1.77921116352081
2639,493.5,0.763115882873535
2640,493.7,0.955645680427551
2641,493.9,1.19781303405762
2642,494.0,1.49379527568817
2643,494.3,1.16267359256744
2644,494.5,1.18736946582794
2645,494.6,0.892984390258789
2646,494.9,1.32596147060394
2647,495.1,1.38862264156342
2648,495.3,1.319695353508
2649,495.5,1.20076179504395
2650,495.6,0.569603145122528
2651,495.8,0.712126791477203
2652,495.9,1.1005038022995
2653,496.1,0.545398712158203
2654,496.3,1.22128021717072
2655,496.5,0.997911274433136
2656,496.7,1.08489990234375
2657,496.9,1.24659049510956
2658,497.1,1.25420808792114
2659,497.2,0.411721348762512
2660,497.4,1.11168444156647
2661,497.6,0.974935472011566
2662,497.8,0.856616318225861
2663,498.0,1.10566413402557
2664,498.2,1.14694678783417
2665,498.4,0.950731039047241
2666,498.6,0.909079730510712
2667,498.8,0.977515637874603
2668,499.0,0.998279869556427
2669,499.1,0.573780536651611
2670,499.3,1.01081216335297
2671,499.5,1.02359008789063
2672,499.6,0.933898508548737
2673,499.8,0.492812395095825
2674,500.0,1.07273626327515
2675,500.2,1.16316497325897
2676,500.4,1.10382115840912
2677,500.6,1.10959577560425
2678,500.7,0.464430510997772
2679,500.9,1.22128021717072
2680,501.0,0.572797656059265
2681,501.2,1.25101363658905
2682,501.4,1.10664701461792
2683,501.6,0.880820751190186
2684,501.7,0.725027620792389
2685,502.0,1.10480403900146
2686,502.2,1.01535820960999
2687,502.3,0.436171531677246
2688,502.5,0.969406545162201
2689,502.6,0.536183834075928
2690,502.8,1.58090674877167
2691,503.0,3.40877246856689
2692,503.2,7.50706481933594
2693,503.3,2.3306303024292
2694,503.4,2.31748366355896
2695,503.6,1.10111808776855
2696,503.9,1.85637056827545
2697,504.1,3.55780816078186
2698,504.2,2.09706354141235
2699,504.3,2.52721452713013
2700,504.6,1.37289595603943
2701,504.8,1.30728590488434
2702,505.0,2.01240944862366
2703,505.2,3.52389717102051
2704,505.3,2.26145720481873
2705,505.5,1.13994348049164
2706,505.8,1.14338374137878
2707,506.0,1.65093994140625
2708,506.2,1.53950119018555
2709,506.3,0.580046713352203
2710,506.5,1.24720478057861
2711,506.6,0.624032437801361
2712,506.8,1.39267718791962
2713,507.0,1.76115000247955
2714,507.2,1.92185771465302
2715,507.3,0.974075436592102
2716,507.4,1.12900853157043
2717,507.7,1.07359623908997
2718,507.8,0.598845064640045
2719,508.0,1.37989926338196
2720,508.2,1.29708814620972
2721,508.3,1.12040793895721
2722,508.5,0.957242906093597
2723,508.8,0.891878604888916
2724,508.9,0.51640248298645
2725,509.1,1.15591597557068
2726,509.3,1.23000371456146
2727,509.5,0.82467132806778
2728,509.6,0.409141182899475
2729,509.8,0.992136597633362
2730,510.0,1.10713851451874
2731,510.2,0.890404224395752
2732,510.3,0.962526082992554
2733,510.6,0.91571444272995
2734,510.8,0.908588290214539
2735,511.0,1.29438507556915
2736,511.2,1.24585330486298
2737,511.4,0.919031798839569
2738,511.6,0.933775663375854
2739,511.7,0.373018801212311
2740,511.8,0.963509023189545
2741,512.0,1.01990413665771
2742,512.3,1.07150757312775
2743,512.4,0.457550078630447
2744,512.6,0.997174084186554
2745,512.8,0.822214007377625
2746,512.9,0.63926774263382
2747,513.1,1.35815215110779
2748,513.2,0.524020135402679
2749,513.4,0.936478674411774
2750,513.5,0.973092496395111
2751,513.8,1.04791748523712
2752,514.0,0.960928857326508
2753,514.1,0.761395752429962
2754,514.3,1.03956258296967
2755,514.6,0.852193117141724
2756,514.8,1.13392305374146
2757,514.9,0.464430510997772
2758,515.0,1.18859815597534
2759,515.2,0.609902918338776
2760,515.3,0.97395259141922
2761,515.5,0.394520223140717
2762,515.7,0.981201648712158
2763,515.9,0.985993385314941
2764,516.1,0.898759067058563
2765,516.3,1.31883525848389
2766,516.5,1.00737190246582
2767,516.7,1.08391690254211
2768,516.9,1.21267974376678
2769,517.1,1.17237985134125
2770,517.3,1.36208379268646
2771,517.4,1.03575372695923
2772,517.7,0.977269947528839
2773,517.9,1.013392329216
2774,518.1,1.1414178609848
2775,518.2,0.448703765869141
2776,518.3,0.950731039047241
2777,518.6,0.92431503534317
2778,518.7,0.531514942646027
2779,518.9,1.51554250717163
2780,519.0,0.76373016834259
2781,519.2,1.40090918540955
2782,519.3,1.0952205657959
2783,519.6,0.791374862194061
2784,519.8,1.20715069770813
2785,520.0,1.145472407341
2786,520.2,1.17336285114288
2787,520.4,1.10824429988861
2788,520.6,0.902690768241882
2789,520.8,1.3946430683136
2790,520.9,0.868534207344055
2791,521.1,1.48728346824646
2792,521.3,1.45619857311249
2793,521.4,1.11193025112152
2794,521.7,1.04804027080536
2795,521.9,1.10443544387817
2796,522.1,1.17090547084808
2797,522.3,1.26502025127411
2798,522.4,0.978498578071594
2799,522.7,1.08772575855255
2800,522.9,1.11573898792267
2801,523.1,1.12962281703949
2802,523.2,0.626121163368225
2803,523.4,1.06143260002136
2804,523.5,0.628701329231262
2805,523.7,0.887578308582306
2806,523.9,1.11389601230621
2807,524.0,1.06290698051453
2808,524.2,1.02789044380188
2809,524.5,0.891632854938507
2810,524.7,0.910431265830994
2811,524.9,1.09350037574768
2812,525.0,0.522545754909515
2813,525.2,0.913380026817322
2814,525.3,0.463939070701599
2815,525.5,0.741614460945129
2816,525.7,0.860793709754944
2817,525.8,0.426956623792648
2818,526.0,0.90834254026413
2819,526.2,0.942621946334839
2820,526.4,0.94606214761734
2821,526.6,0.932669878005981
2822,526.7,0.479051470756531
2823,526.9,0.856984913349152
2824,527.1,0.753532350063324
2825,527.3,0.98439610004425
2826,527.4,0.882663726806641
2827,527.6,0.423516392707825
2828,527.8,0.830323159694672
2829,527.9,0.447475105524063
2830,528.1,0.831674635410309
2831,528.3,1.10222387313843
2832,528.5,0.843101143836975
2833,528.7,0.892984390258789
2834,528.9,0.957980096340179
2835,529.1,0.921489119529724
2836,529.3,1.02580165863037
2837,529.5,1.01548099517822
2838,529.7,0.830691754817963
2839,529.8,0.491338014602661
2840,529.9,1.15591597557068
2841,530.2,0.829708814620972
2842,530.3,0.419338971376419
2843,530.5,0.956751465797424
2844,530.7,0.97026664018631
2845,530.9,1.01228654384613
2846,531.1,0.935741484165192
2847,531.3,1.05737805366516
2848,531.5,0.953188359737396
2849,531.7,0.899004817008972
2850,531.8,0.534586548805237
2851,531.9,1.12089931964874
2852,532.1,0.440348923206329
2853,532.3,0.914485812187195
2854,532.5,0.939550340175629
2855,532.7,1.05295491218567
2856,532.9,1.2560510635376
2857,533.1,1.75168943405151
2858,533.2,1.54711878299713
2859,533.4,1.26047420501709
2860,533.7,0.885489642620087
2861,533.8,0.511856496334076
2862,534.0,1.21267974376678
2863,534.2,1.20113039016724
2864,534.4,1.14362943172455
2865,534.6,1.29524517059326
2866,534.8,2.49711275100708
2867,535.0,4.42277908325195
2868,535.2,4.33087587356567
2869,535.3,2.86288237571716
2870,535.5,1.40471804141998
2871,535.8,1.50227296352386
2872,535.9,2.60474252700806
2873,536.1,2.68804526329041
2874,536.4,1.67649590969086
2875,536.6,1.32399559020996
2876,536.7,0.695540010929108
2877,536.9,1.88966703414917
2878,537.1,2.41258144378662
2879,537.3,2.21599698066711
2880,537.5,1.25998282432556
2881,537.7,1.00614321231842
2882,537.9,1.18184053897858
2883,538.1,1.56345987319946
2884,538.2,0.612851679325104
2885,538.4,0.995331108570099
2886,538.6,1.10283815860748
2887,538.8,1.32325839996338
2888,539.0,1.24290454387665
2889,539.2,1.6446738243103
2890,539.3,0.540484070777893
2891,539.5,0.934758543968201
2892,539.7,0.970020890235901
2893,539.9,1.18577218055725
2894,540.1,1.08477699756622
2895,540.2,0.489126414060593
2896,540.4,1.062784075737
2897,540.6,0.955768525600433
2898,540.7,0.577220797538757
2899,540.9,1.05958962440491
2900,541.0,1.31908094882965
2901,541.2,0.474382609128952
2902,541.4,0.916697382926941
2903,541.5,0.344268351793289
2904,541.7,1.03747391700745
2905,541.8,0.922594904899597
2906,542.1,1.09042882919312
2907,542.3,1.01560389995575
2908,542.5,0.939796030521393
2909,542.6,0.458410114049911
2910,542.8,1.06733012199402
2911,543.0,0.975549817085266
2912,543.1,0.608797132968903
2913,543.2,0.971126675605774
2914,543.4,0.509399175643921
2915,543.6,0.788057506084442
2916,543.8,1.02899622917175
2917,543.9,0.398206174373627
2918,544.0,0.967194974422455
2919,544.2,0.482123106718063
2920,544.4,0.921611964702606
2921,544.5,0.379407793283463
2922,544.7,0.821476817131042
2923,544.8,0.467625021934509
2924,544.9,0.90404224395752
2925,545.2,0.818773806095123
2926,545.4,1.23270666599274
2927,545.6,0.896424651145935
2928,545.7,0.362452387809753
2929,545.9,0.925543665885925
2930,546.1,0.850473046302795
2931,546.3,0.860670864582062
2932,546.5,0.985501885414124
2933,546.7,0.940287530422211
2934,546.9,1.19670724868774
2935,547.1,1.12421667575836
2936,547.2,1.22484338283539
2937,547.4,0.552524864673615
2938,547.5,1.07814228534698
2939,547.8,0.780071258544922
2940,548.0,0.907359600067139
2941,548.2,0.890772819519043
2942,548.4,0.924806475639343
2943,548.5,0.87160587310791
2944,548.8,1.57881808280945
2945,549.0,4.22349166870117
2946,549.2,5.69836568832397
2947,549.3,2.84690999984741
2948,549.4,3.56923460960388
2949,549.7,1.35606336593628
2950,549.9,2.06929588317871
