#"+ Scan (rt: 0.088-70.002 min, 12009 scans) RMP1_665-4M_650_WHOLE.D "
#Point,X(Thompsons),Y(Counts)
0,40.1,12779.0810546875
1,41.0,0.671329855918884
2,41.2,92154.4609375
3,41.3,0.549504518508911
4,41.8,0.0896827355027199
5,42.1,916.918823242188
6,42.2,26735.4765625
7,42.4,0.0302273295819759
8,43.0,0.101673744618893
9,43.2,79744.8828125
10,43.3,20.9911727905273
11,44.1,13556.896484375
12,44.2,3624.169921875
13,44.9,1.57173788547516
14,45.1,1877.39758300781
15,45.2,675.332336425781
16,45.3,5.29144811630249
17,45.6,1.0627030134201
18,45.8,8.46989727020264
19,46.0,110.403114318848
20,46.1,324.799163818359
21,46.3,20.7985668182373
22,46.5,1.38637685775757
23,46.7,1.99875092506409
24,46.9,28.8675155639648
25,47.1,510.167449951172
26,47.2,109.600296020508
27,47.4,1.09934210777283
28,47.6,0.272295773029327
29,47.8,4.1870265007019
30,48.0,175.171127319336
31,48.1,791.125183105469
32,48.3,7.44225168228149
33,48.5,0.547172963619232
34,48.8,1.93837952613831
35,49.0,80.0633697509766
36,49.1,879.363586425781
37,49.3,22.9059047698975
38,49.5,0.250645339488983
39,49.9,3.34032797813416
40,50.1,6595.04443359375
41,50.2,1391.32629394531
42,50.4,0.10492131114006
43,50.9,1.17603468894958
44,51.1,11831.1142578125
45,51.2,3385.05786132813
46,51.4,0.028312100097537
47,51.6,0.0474644005298615
48,51.8,0.486551761627197
49,52.0,31.6353569030762
50,52.1,6618.44287109375
51,52.3,12.9388790130615
52,52.5,0.0691981017589569
53,52.9,0.337996512651443
54,53.1,7962.81201171875
55,53.2,12840.958984375
56,53.4,0.0904321745038033
57,53.8,0.0413856282830238
58,54.0,7.02181720733643
59,54.2,17727.9609375
60,54.3,17.4370059967041
61,54.8,0.028145557269454
62,55.0,0.758181393146515
63,55.1,1463.73449707031
64,55.2,94602.703125
65,55.4,0.0691148340702057
66,55.7,0.0124906320124865
67,55.9,0.119410440325737
68,56.1,907.666564941406
69,56.2,47241.56640625
70,56.3,4.18286275863647
71,56.8,0.0305604133754969
72,57.0,0.623948693275452
73,57.2,74001.5078125
74,57.3,132.302520751953
75,57.5,94.0771102905273
76,57.7,53.153133392334
77,57.9,41.3205108642578
78,58.0,284.057037353516
79,58.2,6917.79296875
80,58.3,23.5643272399902
81,58.5,0.0885169431567192
82,58.7,0.968606889247894
83,58.9,24.1161632537842
84,59.1,1478.009765625
85,59.2,723.64990234375
86,59.4,0.547755837440491
87,59.7,0.237904906272888
88,59.9,15.1382293701172
89,60.1,1597.85791015625
90,60.2,273.843536376953
91,60.4,2.21650433540344
92,60.5,2.03130984306335
93,60.8,4.16845703125
94,61.0,137.2294921875
95,61.1,1279.11328125
96,61.2,254.040969848633
97,61.4,1.69456243515015
98,61.6,0.0818552747368813
99,61.8,1.09251391887665
100,62.0,72.4221038818359
101,62.1,3751.51806640625
102,62.3,7.70821905136108
103,62.5,0.141227409243584
104,62.7,0.0129069862887263
105,62.9,3.28095602989197
106,63.1,9000.333984375
107,63.2,1641.7041015625
108,63.4,0.278624355792999
109,63.6,0.0629527866840363
110,63.9,11.6874008178711
111,64.1,4220.11181640625
112,64.2,999.593994140625
113,64.4,0.687650918960571
114,64.7,0.052793737500906
115,64.9,1.39603626728058
116,65.1,13256.580078125
117,65.2,4312.25830078125
118,65.4,0.104088596999645
119,65.7,0.0766924843192101
120,65.9,2.56532597541809
121,66.1,5335.80224609375
122,66.2,3940.40576171875
123,66.3,18.2521438598633
124,66.7,0.0310600381344557
125,66.9,0.147556006908417
126,67.1,13987.515625
127,67.2,45775.7578125
128,67.3,0.381380617618561
129,67.8,0.0421350635588169
130,68.0,4.18069791793823
131,68.2,26034.009765625
132,68.3,5.2852029800415
133,68.6,0.0288117248564959
134,68.9,0.206511780619621
135,69.1,1204.06127929688
136,69.2,61140.46484375
137,69.4,9.12457370758057
138,70.0,2.09276366233826
139,70.2,39397.76171875
140,70.3,54.9721870422363
141,70.5,9.91381454467773
142,70.7,3.72237491607666
143,70.9,2.54700636863708
144,71.1,1179.84521484375
145,71.2,43030
146,71.5,0.0482971109449863
147,71.9,6.07111310958862
148,72.1,1359.29516601563
149,72.2,2930.21826171875
150,72.4,2.30518770217896
151,72.6,0.646348595619202
152,72.8,0.377716720104218
153,73.0,90.0194854736328
154,73.1,4364.193359375
155,73.3,3.72928643226624
156,73.8,0.0422183349728584
157,74.0,114.103172302246
158,74.1,3911.37841796875
159,74.3,4.53584814071655
160,74.6,0.054542426019907
161,74.8,0.0500457994639874
162,74.9,1.61603796482086
163,75.1,3328.77514648438
164,75.2,1078.54345703125
165,75.4,0.0368890017271042
166,75.7,0.13198433816433
167,75.9,8.76917266845703
168,76.0,308.882934570313
169,76.1,6244.3115234375
170,76.3,19.3538188934326
171,76.5,0.0821050852537155
172,76.8,0.0825214385986328
173,77.0,22.51877784729
174,77.1,34723.33203125
175,77.3,0.306853204965591
176,77.4,0.0443001091480255
177,77.9,0.887084662914276
178,78.1,12211.5224609375
179,78.2,3681.80126953125
180,78.4,0.0394703969359398
181,78.7,0.0304771419614553
182,78.9,0.480139881372452
183,79.1,26047.625
184,79.2,16481.21875
185,79.3,0.206012159585953
186,79.7,0.0165709052234888
187,79.9,0.509784340858459
188,80.1,4871.07421875
189,80.2,9439.5458984375
190,80.4,0.186859861016273
191,80.7,0.0179865099489689
192,80.9,0.953201770782471
193,81.1,3470.85424804688
194,81.2,48226.85546875
195,81.7,0.044216837733984
196,81.9,0.31584644317627
197,82.1,1771.92370605469
198,82.2,33047.38671875
199,82.4,9.3535680770874
200,82.8,0.0812723785638809
201,83.0,17.1692066192627
202,83.2,48388.2109375
203,83.3,2.78907489776611
204,83.7,0.071279875934124
205,84.0,9.17478561401367
206,84.2,21683.30859375
207,84.3,19.8882503509521
208,84.5,0.0482971109449863
209,84.8,0.192355737090111
210,84.9,0.699641942977905
211,85.1,934.766845703125
212,85.2,28914.796875
213,85.4,0.0406361892819405
214,85.8,0.164293453097343
215,86.0,85.5267715454102
216,86.1,1817.47436523438
217,86.2,2534.2255859375
218,86.4,0.672162532806396
219,86.7,0.451661258935928
220,86.9,8.47547626495361
221,87.1,2448.45556640625
222,87.2,748.063842773438
223,87.5,1.50936794281006
224,87.7,1.72703802585602
225,87.9,22.2237491607666
226,88.0,142.789413452148
227,88.1,2816.94702148438
228,88.3,27.1508865356445
229,88.5,1.20642852783203
230,88.8,1.02689647674561
231,89.0,107.869514465332
232,89.1,9022.76171875
233,89.3,7.71563005447388
234,89.4,0.856524288654327
235,89.6,0.27521026134491
236,89.8,14.7909069061279
237,89.9,109.252143859863
238,90.1,1653.19177246094
239,90.2,800.63818359375
240,90.3,194.91423034668
241,90.6,0.0125739024952054
242,90.9,0.544008672237396
243,91.1,42922.66015625
244,91.2,17042.109375
245,91.4,0.151969358325005
246,91.8,0.0552085936069489
247,92.0,20.4750595092773
248,92.2,16594.546875
249,92.3,5.22782897949219
250,92.6,0.0139895081520081
251,92.9,0.57598465681076
252,93.1,4750.8916015625
253,93.2,17916.529296875
254,93.5,0.0451328158378601
255,93.9,0.831126630306244
256,94.1,4327.2763671875
257,94.2,12445.154296875
258,94.4,77.1745376586914
259,94.7,0.0887667611241341
260,94.9,0.550753593444824
261,95.1,2494.72827148438
262,95.2,39942.82421875
263,95.3,0.558497786521912
264,95.5,0.0154883833602071
265,95.8,0.196186199784279
266,96.0,8.36497592926025
267,96.2,26919.767578125
268,96.3,2.6293613910675
269,96.6,0.117162130773067
270,96.8,0.248147219419479
271,97.0,2.47431087493896
272,97.1,964.846923828125
273,97.2,43198.30078125
274,97.4,0.160296440124512
275,97.7,0.0491298176348209
276,97.9,0.364060282707214
277,98.0,8.82013511657715
278,98.2,14286.734375
279,98.3,27.8092269897461
280,98.7,0.0145724043250084
281,98.9,0.924306750297546
282,99.1,1276.90808105469
283,99.2,8021.19482421875
284,99.4,0.643850445747375
285,99.6,0.0398034788668156
286,99.8,0.82504791021347
287,100.0,106.451080322266
288,100.2,3018.35083007813
289,100.3,82.3636474609375
290,100.5,2.17062211036682
291,100.8,3.83112668991089
292,101.0,117.957695007324
293,101.1,3409.25146484375
294,101.2,1612.39587402344
295,101.4,4.15521669387817
296,101.6,0.963360786437988
297,101.8,7.54525756835938
298,101.9,38.3019409179688
299,102.1,4286.3447265625
300,102.2,1563.41809082031
301,102.4,4.24373388290405
302,102.7,0.177366971969604
303,102.9,7.8484468460083
304,103.1,7253.47314453125
305,103.2,2912.89868164063
306,103.5,0.418769270181656
307,103.6,0.183695554733276
308,103.9,6.39786815643311
309,104.1,6060.7666015625
310,104.2,3961.7783203125
311,104.4,0.306520104408264
312,104.6,0.0169872604310513
313,104.8,0.248313769698143
314,104.9,1.14039468765259
315,105.1,11695.3916015625
316,105.2,24619.28125
317,105.4,0.231992676854134
318,105.8,0.18444499373436
319,106.0,18.2644691467285
320,106.1,2638.60473632813
321,106.2,13195.8232421875
322,106.4,23.891580581665
323,106.6,0.196352735161781
324,106.9,0.395037055015564
325,107.1,14518.07421875
326,107.2,15847.1416015625
327,107.3,54.8519439697266
328,107.5,0.0554584078490734
329,107.8,0.130818545818329
330,108.0,49.2188377380371
331,108.2,16833.423828125
332,108.3,34.0302276611328
333,108.6,0.0401365645229816
334,108.8,0.108168870210648
335,109.0,1.75443422794342
336,109.2,24815.142578125
337,109.3,6.1510534286499
338,109.4,0.0732783749699593
339,109.8,0.310350567102432
340,110.0,5.2196683883667
341,110.1,1335.37316894531
342,110.2,13385.892578125
343,110.4,0.186943128705025
344,110.9,0.109751023352146
345,111.1,975.797668457031
346,111.2,22403.271484375
347,111.4,0.18386210501194
348,111.5,0.0683653950691223
349,111.7,0.0261470563709736
350,111.9,1.12815392017365
351,112.1,1019.58740234375
352,112.2,9900.7109375
353,112.4,0.936797380447388
354,112.5,0.639353811740875
355,112.7,0.131234914064407
356,112.9,1.76367723941803
357,113.1,2406.61865234375
358,113.2,6834.408203125
359,113.4,1.48796737194061
360,113.6,0.0682821199297905
361,113.8,3.58497786521912
362,114.0,169.020645141602
363,114.2,4117.49267578125
364,114.3,124.471649169922
365,114.5,0.363727211952209
366,114.8,0.328420341014862
367,115.0,38.7940711975098
368,115.1,26409.861328125
369,115.2,4502.40771484375
370,115.4,0.365559160709381
371,115.6,0.0128237158060074
372,115.8,1.12482309341431
373,116.0,308.672821044922
374,116.1,6729.8544921875
375,116.2,2955.40405273438
376,116.4,0.987509369850159
377,116.6,0.0779415443539619
378,116.8,0.256973922252655
379,117.0,15.4354238510132
380,117.2,20470.21484375
381,117.3,3.34124398231506
382,117.4,0.157631769776344
383,117.8,0.448247134685516
384,118.0,23.7492713928223
385,118.2,10056.4052734375
386,118.3,254.543090820313
387,118.4,8.66824913024902
388,118.7,0.188525274395943
389,118.8,0.111999332904816
390,119.0,8.17928218841553
391,119.1,2909.82739257813
392,119.2,22831.3671875
393,119.4,0.251727879047394
394,119.6,0.0822716280817986
395,119.9,8.27704238891602
396,120.1,3816.01123046875
397,120.2,11711.3193359375
398,120.4,0.580897688865662
399,120.5,0.09193105250597
400,120.8,0.159213915467262
401,121.0,6.97002267837524
402,121.2,27951.228515625
403,121.3,8.30352210998535
404,121.6,0.0927637591958046
405,121.9,1.48863351345062
406,122.1,3387.27490234375
407,122.2,11212.89453125
408,122.3,31.3140983581543
409,122.6,0.108252145349979
410,122.8,0.160462990403175
411,123.0,2.86510109901428
412,123.2,15403.52734375
413,123.3,22.3181781768799
414,123.4,0.149221420288086
415,123.8,0.0968440324068069
416,124.0,8.03472423553467
417,124.1,1079.56628417969
418,124.2,8282.2099609375
419,124.4,0.567824125289917
420,124.8,0.157881587743759
421,125.0,7.23965358734131
422,125.1,984.322021484375
423,125.2,11249.884765625
424,125.4,0.973020255565643
425,125.6,0.0179032385349274
426,125.8,0.384794741868973
427,126.0,23.8022308349609
428,126.2,10088.68359375
429,126.3,56.8737602233887
430,126.5,0.534848868846893
431,126.7,0.463402450084686
432,126.9,3.25838947296143
433,127.1,6863.24658203125
434,127.2,7175.130859375
435,127.4,2.4597384929657
436,127.6,0.10492131114006
437,127.8,0.3096843957901
438,128.0,33.8230476379395
439,128.1,26820.76953125
440,128.3,15.8898324966431
441,128.4,0.623782157897949
442,128.7,0.165375962853432
443,128.9,2.19851779937744
444,129.1,11249.9130859375
445,129.2,12500.8427734375
446,129.4,0.411358147859573
447,129.6,0.123573988676071
448,129.8,0.447497695684433
449,130.0,33.8147239685059
450,130.2,11277.12890625
451,130.3,103.336418151855
452,130.5,0.397118836641312
453,130.7,0.166458487510681
454,130.9,1.77491879463196
455,131.0,7.66949796676636
456,131.2,21638.9609375
457,131.3,236.985595703125
458,131.4,0.252310752868652
459,131.7,0.0643683895468712
460,131.9,56.4469146728516
461,132.1,3438.20556640625
462,132.2,7661.68505859375
463,132.3,770.6669921875
464,132.5,8.09792613983154
465,132.8,0.897909879684448
466,133.0,22.668083190918
467,133.2,19937.916015625
468,133.3,4.78507804870605
469,133.5,0.0398867502808571
470,133.7,0.218086436390877
471,133.9,2.93812966346741
472,134.1,2526.82983398438
473,134.2,10366.6259765625
474,134.4,0.984678149223328
475,134.6,0.0288949962705374
476,134.8,0.55841451883316
477,135.0,7.9206428527832
478,135.2,21550.4140625
479,135.3,9.23332500457764
480,135.5,0.141227409243584
481,135.8,0.257307022809982
482,135.9,1.25056207180023
483,136.1,1199.29272460938
484,136.2,8976.1767578125
485,136.4,0.99483722448349
486,136.7,0.0926804915070534
487,136.9,2.47955703735352
488,137.1,923.589416503906
489,137.2,9915.3798828125
490,137.4,0.63002747297287
491,137.5,0.0922641381621361
492,137.8,0.419102340936661
493,138.0,15.8047294616699
494,138.2,7402.4208984375
495,138.3,118.414276123047
496,138.4,2.18860864639282
497,138.6,0.130402192473412
498,138.8,0.435256898403168
499,139.0,23.6301116943359
500,139.1,4186.24169921875
501,139.2,7435.38671875
502,139.4,0.727121353149414
503,139.7,0.215338498353958
504,139.9,60.029727935791
505,140.1,1281.84729003906
506,140.2,5271.0029296875
507,140.4,39.6662521362305
508,140.5,3.95111989974976
509,140.8,0.344075262546539
510,141.0,24.2641353607178
511,141.1,7637.31396484375
512,141.2,15967.1806640625
513,141.4,1.01265716552734
514,141.6,0.276709139347076
515,141.8,1.20626199245453
516,141.9,4.49238061904907
517,142.1,4317.283203125
518,142.2,10117.064453125
519,142.4,2.50653672218323
520,142.6,0.23857107758522
521,142.8,0.196602553129196
522,143.0,12.8025646209717
523,143.1,3115.5966796875
524,143.2,14561.09375
525,143.4,7.74077796936035
526,143.6,0.0295611619949341
527,143.8,1.4962944984436
528,144.0,38.3852119445801
529,144.2,12681.4658203125
530,144.3,600.507019042969
531,144.5,11.3700561523438
532,144.8,0.374136060476303
533,144.9,0.611791133880615
534,145.1,4127.39306640625
535,145.2,18385.36328125
536,145.4,0.562578082084656
537,145.6,0.0363061055541039
538,145.8,0.452077597379684
539,145.9,3.70530438423157
540,146.1,2564.677734375
541,146.2,9600.115234375
542,146.3,45.1670417785645
543,146.5,0.146140396595001
544,146.7,0.27296194434166
545,146.9,3.32234168052673
546,147.1,2675.79833984375
547,147.2,13203.931640625
548,147.4,0.272379040718079
549,147.6,0.0357232093811035
550,147.8,0.269298017024994
551,148.0,37.6625022888184
552,148.2,9208.634765625
553,148.3,67.2079238891602
554,148.5,0.188358724117279
555,148.8,0.457490205764771
556,149.0,8.6177864074707
557,149.2,14519.3427734375
558,149.3,22.0438003540039
559,149.5,0.054542426019907
560,149.8,0.445415943861008
561,150.0,20.5917224884033
562,150.2,8843.59375
563,150.3,88.8213043212891
564,150.4,2.13589811325073
565,150.7,0.235240235924721
566,150.9,1.84469985961914
567,151.1,1722.77893066406
568,151.2,9544.0244140625
569,151.4,1.55075359344482
570,151.7,0.0826879814267159
571,151.9,2.38762593269348
572,152.1,8485.638671875
573,152.2,9599.9462890625
574,152.4,1.25089514255524
575,152.7,0.210925132036209
576,152.9,2.40269804000854
577,153.1,5063.791015625
578,153.2,10455.7939453125
579,153.4,1.45599138736725
580,153.5,0.275876432657242
581,153.8,0.630443811416626
582,154.0,42.1072540283203
583,154.2,10074.611328125
584,154.3,323.129974365234
585,154.5,0.771254897117615
586,154.8,1.0178200006485
587,154.9,2.39703559875488
588,155.1,2555.28344726563
589,155.2,15155.3037109375
590,155.3,62.8401184082031
591,155.5,0.572070956230164
592,155.8,0.621700406074524
593,156.0,25.1144981384277
594,156.2,12386.36328125
595,156.3,261.416687011719
596,156.4,9.82046794891357
597,156.6,0.435673236846924
598,156.8,0.933716356754303
599,157.0,16.8175525665283
600,157.2,17766
601,157.3,42.1836128234863
602,157.5,0.38979098200798
603,157.8,0.81055873632431
604,157.9,3.16654181480408
605,158.1,1805.43762207031
606,158.2,12195.427734375
607,158.4,0.834624052047729
608,158.7,0.27471062541008
609,158.9,3.62078452110291
610,159.1,1005.91790771484
611,159.2,18200.97265625
612,159.4,0.583395779132843
613,159.7,0.159463733434677
614,159.9,3.11191606521606
615,160.1,1269.21301269531
616,160.2,9794.0966796875
617,160.4,1.19027400016785
618,160.6,0.303688913583755
619,160.8,0.80781078338623
620,161.0,18.782413482666
621,161.2,12097.5498046875
622,161.3,38.3498191833496
623,161.5,0.102506451308727
624,161.8,0.822882831096649
625,162.0,33.6648330688477
626,162.1,1189.83227539063
627,162.2,6172.58251953125
628,162.4,3.4076943397522
629,162.7,0.688899993896484
630,162.9,5.67632627487183
631,163.1,1295.05102539063
632,163.2,9274.79296875
633,163.3,48.7835807800293
634,163.6,0.28145557641983
635,163.8,1.17070531845093
636,163.9,4.22891187667847
637,164.1,1051.55895996094
638,164.2,5689.73291015625
639,164.3,169.065444946289
640,164.5,0.655841469764709
641,164.7,0.165542513132095
642,164.9,2.32742118835449
643,165.1,7525.041015625
644,165.2,17531.119140625
645,165.4,1.51744520664215
646,165.6,0.0602881163358688
647,165.8,0.38804230093956
648,166.0,18.7606792449951
649,166.2,10980.8115234375
650,166.3,176.309020996094
651,166.5,0.18103089928627
652,166.7,0.177366971969604
653,166.9,1.41427266597748
654,167.0,12.8582725524902
655,167.2,14255.5166015625
656,167.3,60.8018989562988
657,167.6,0.265967190265656
658,167.8,0.558247983455658
659,168.0,22.5098667144775
660,168.2,9759.130859375
661,168.3,440.921722412109
662,168.5,0.471812814474106
663,168.7,0.124156884849072
664,168.9,0.725372612476349
665,169.1,832.128662109375
666,169.2,13939.302734375
667,169.4,3.34915471076965
668,169.5,0.374635696411133
669,169.8,0.625364303588867
670,170.0,20.3270053863525
671,170.1,887.045288085938
672,170.2,10938.314453125
673,170.4,2.39137315750122
674,170.6,0.325172781944275
675,170.9,2.70555424690247
676,171.1,793.41162109375
677,171.2,14360.408203125
678,171.4,0.774835526943207
679,171.5,0.0915146991610527
680,171.8,0.545590817928314
681,172.0,24.6117076873779
682,172.2,11891.828125
683,172.3,35.9912567138672
684,172.6,0.209009915590286
685,172.8,0.335498362779617
686,173.0,6.06761598587036
687,173.2,14326.921875
688,173.3,33.3453254699707
689,173.4,0.721125841140747
690,173.6,0.0369722694158554
691,173.8,0.629527866840363
692,173.9,1.50162374973297
693,174.1,756.492309570313
694,174.2,8516.7724609375
695,174.4,2.41368985176086
696,174.7,0.235323503613472
697,174.9,0.82812887430191
698,175.1,542.061706542969
699,175.2,8667.5302734375
700,175.4,1.1674576997757
701,175.6,0.163627281785011
702,175.8,0.545757353305817
703,175.9,2.24523282051086
704,176.1,1989.27465820313
705,176.2,7081.16064453125
706,176.4,2.35506701469421
707,176.7,0.557665109634399
708,176.9,4.31543016433716
709,177.1,598.636840820313
710,177.2,7390.91552734375
711,177.3,103.864181518555
712,177.5,0.173536509275436
713,177.7,0.198101431131363
714,177.9,1.80731117725372
715,178.0,15.4436674118042
716,178.2,15524.326171875
717,178.3,127.343826293945
718,178.5,0.265800654888153
719,178.8,0.584811389446259
720,179.0,9.84444999694824
721,179.2,15244.5908203125
722,179.3,123.51594543457
723,179.6,0.206761598587036
724,179.8,0.41335666179657
725,180.0,16.0727787017822
726,180.2,10142.4521484375
727,180.3,276.712799072266
728,180.5,0.42917811870575
729,180.8,0.332667171955109
730,181.0,9.76334381103516
731,181.2,15108.5791015625
732,181.3,64.8604354858398
733,181.5,0.177033886313438
734,181.8,0.246731624007225
735,182.0,14.1397285461426
736,182.2,11027.9990234375
737,182.3,397.919982910156
738,182.4,3.81630444526672
739,182.7,0.0346406847238541
740,182.9,1.1951869726181
741,183.1,290.897064208984
742,183.2,12477.421875
743,183.3,185.162292480469
744,183.5,0.38129734992981
745,183.7,0.127404451370239
746,183.9,1.42951118946075
747,184.1,630.812805175781
748,184.2,10347.6708984375
749,184.4,2.71388125419617
750,184.7,0.161712050437927
751,184.9,0.86460155248642
752,185.1,281.565063476563
753,185.2,11288.01171875
754,185.3,50.3409118652344
755,185.5,0.282704651355743
756,185.8,0.282288283109665
757,186.0,8.05487537384033
758,186.2,9067.8681640625
759,186.3,51.1299018859863
760,186.6,0.0706137046217918
761,186.8,0.258389532566071
762,187.0,9.41360664367676
763,187.2,10753.7724609375
764,187.3,54.3356666564941
765,187.5,0.128403693437576
766,187.8,0.333083510398865
767,188.0,11.955117225647
768,188.2,7248.28955078125
769,188.3,105.358894348145
770,188.4,3.98159718513489
771,188.6,0.215505033731461
772,188.9,1.11266553401947
773,189.1,1321.82873535156
774,189.2,13267.880859375
775,189.4,1.13339996337891
776,189.7,0.0741110816597939
777,189.9,1.31035053730011
778,190.1,858.63427734375
779,190.2,8005.337890625
780,190.4,2.46598386764526
781,190.6,0.41960197687149
782,190.7,0.234490796923637
783,190.9,7.72279119491577
784,191.1,896.944519042969
785,191.2,13794.0107421875
786,191.4,1.61695396900177
787,191.6,0.0467149652540684
788,191.8,0.795570015907288
789,192.0,16.9142303466797
790,192.2,10165.5693359375
791,192.3,239.762268066406
792,192.5,0.0965942218899727
793,192.7,0.800399720668793
794,192.9,11.4146890640259
795,193.1,882.129333496094
796,193.2,12399.5791015625
797,193.4,1.46065449714661
798,193.5,0.106170371174812
799,193.8,0.8229660987854
800,194.0,9.36630821228027
801,194.2,11768.4267578125
802,194.3,319.196105957031
803,194.5,0.237072199583054
804,194.8,0.697893261909485
805,195.0,10.7804145812988
806,195.2,15641.0107421875
807,195.3,71.9167327880859
808,195.5,0.316845685243607
809,195.8,0.216337740421295
810,196.0,6.76384401321411
811,196.2,11734.798828125
812,196.3,388.936126708984
813,196.5,0.383212596178055
814,196.8,0.606212019920349
815,197.0,7.86951446533203
816,197.2,11896.8349609375
817,197.3,182.916641235352
818,197.5,0.468481957912445
819,197.8,0.451827794313431
820,198.0,9.921142578125
821,198.2,9623.2412109375
822,198.3,165.246643066406
823,198.6,0.421933561563492
824,198.8,0.326838195323944
825,199.0,5.7009744644165
826,199.1,141.96044921875
827,199.2,8836.7314453125
828,199.4,1.24764764308929
829,199.6,0.219668582081795
830,199.8,0.482138395309448
831,200.0,7.7679238319397
832,200.2,8185.314453125
833,200.3,87.8933334350586
834,200.4,1.61287367343903
835,200.6,0.215588301420212
836,200.9,0.935881435871124
837,201.1,179.577651977539
838,201.2,7929.28125
839,201.4,1.32941961288452
840,201.5,0.207344487309456
841,201.7,0.0282288286834955
842,201.9,0.674743950366974
843,202.1,943.075012207031
844,202.2,12929.7548828125
845,202.3,167.558410644531
846,202.5,0.095261886715889
847,202.7,0.0900990888476372
848,202.9,0.856357753276825
849,203.1,341.866363525391
850,203.2,10581.4228515625
851,203.4,1.50711965560913
852,203.5,0.176284447312355
853,203.7,0.137979850172997
854,204.0,7.70497131347656
855,204.2,7605.0361328125
856,204.3,426.300537109375
857,204.5,0.148055627942085
858,204.6,0.21941876411438
859,204.9,0.696644186973572
860,205.1,172.62760925293
861,205.2,9966.6318359375
862,205.4,3.08926630020142
863,205.5,0.35256889462471
864,205.7,0.0684486627578735
865,205.9,0.452660501003265
866,206.1,168.031723022461
867,206.2,8833.248046875
868,206.4,5.31634616851807
869,206.6,0.0846032127737999
870,206.8,1.10442173480988
871,207.0,57.4371719360352
872,207.2,19240.607421875
873,207.3,92.8884201049805
874,207.5,0.115663252770901
875,207.8,1.14297604560852
876,208.0,29.8200511932373
877,208.1,1266.6328125
878,208.2,12366.0751953125
879,208.4,5.82604694366455
880,208.7,0.350653678178787
881,208.9,7.34657335281372
882,209.1,766.718017578125
883,209.2,13968.2548828125
884,209.4,7.69181442260742
885,209.6,0.0301440581679344
886,209.8,0.489965856075287
887,210.0,9.4096097946167
888,210.2,10869.6064453125
889,210.3,379.160369873047
890,210.5,0.6148721575737
891,210.7,0.483720541000366
892,210.9,5.43475723266602
893,211.1,242.848693847656
894,211.2,10743.52734375
895,211.4,3.64343404769897
896,211.6,0.302190035581589
897,211.8,0.46073779463768
898,211.9,1.18985760211945
899,212.1,171.541259765625
900,212.2,8117.6005859375
901,212.4,2.87534356117249
902,212.6,0.207344487309456
903,212.8,0.667582631111145
904,213.0,11.9838457107544
905,213.2,9280.31640625
906,213.3,87.0209045410156
907,213.4,2.6719126701355
908,213.6,0.0640353038907051
909,213.8,0.549254715442657
910,214.0,18.2105083465576
911,214.2,6152.05419921875
912,214.3,220.149551391602
913,214.4,3.26655006408691
914,214.7,0.454409182071686
915,214.9,5.23099327087402
916,215.1,342.449066162109
917,215.2,12996.8466796875
918,215.3,162.190444946289
919,215.5,0.123157635331154
920,215.7,0.214089438319206
921,215.9,3.71146631240845
922,216.1,252.801239013672
923,216.2,8871.9619140625
924,216.4,2.9303023815155
925,216.7,0.126738280057907
926,216.9,1.2744607925415
927,217.1,112.969604492188
928,217.2,8379.2353515625
929,217.3,264.083190917969
930,217.5,0.276459336280823
931,217.8,0.347239583730698
932,218.0,10.175368309021
933,218.2,7873.35009765625
934,218.3,537.03857421875
935,218.5,0.140061616897583
936,218.7,0.163960367441177
937,218.9,0.678824186325073
938,219.1,103.303520202637
939,219.2,9275.7294921875
940,219.4,6.29511213302612
941,219.6,0.0611208267509937
942,219.8,0.333749681711197
943,220.0,4.28153896331787
944,220.1,126.886581420898
945,220.2,8694.841796875
946,220.4,8.3130989074707
947,220.5,0.294445842504501
948,220.8,0.759513676166534
949,221.0,4.49313020706177
950,221.2,10544.5400390625
951,221.3,185.046051025391
952,221.5,0.588392019271851
953,221.8,0.499208927154541
954,222.0,3.37896585464478
955,222.2,10112.814453125
956,222.3,372.520202636719
957,222.4,16.367057800293
958,222.6,0.121908567845821
959,222.8,0.927720904350281
960,223.0,7.37963199615479
961,223.2,10726.6328125
962,223.3,122.265884399414
963,223.5,1.00258135795593
964,223.8,0.315013736486435
965,224.0,5.51169967651367
966,224.1,123.291534423828
967,224.2,9715.0380859375
968,224.4,20.6535930633545
969,224.7,0.166125401854515
970,224.9,1.97476887702942
971,225.1,116.141395568848
972,225.2,8616.90625
973,225.4,8.16287803649902
974,225.7,0.342076778411865
975,225.9,1.66266965866089
976,226.1,333.377868652344
977,226.2,9994.158203125
978,226.4,32.5449256896973
979,226.6,0.130735278129578
980,226.8,0.658755958080292
981,227.0,7.16570901870728
982,227.2,7983.2333984375
983,227.3,243.098007202148
984,227.5,0.250395536422729
985,227.8,0.534765601158142
986,228.0,6.31559658050537
987,228.2,8602.947265625
988,228.3,386.676574707031
989,228.5,0.426596730947495
990,228.8,0.549587786197662
991,228.9,1.37430262565613
992,229.1,130.819473266602
993,229.2,9549.013671875
994,229.4,2.05887246131897
995,229.5,0.258222997188568
996,229.7,0.0465484224259853
997,229.9,0.889915883541107
998,230.1,140.498962402344
999,230.2,8035.84033203125
1000,230.3,627.719116210938
1001,230.5,0.265467554330826
1002,230.7,0.168373718857765
1003,230.9,0.90906822681427
1004,231.1,83.2320785522461
1005,231.2,9478.265625
1006,231.4,6.70347261428833
1007,231.6,0.0567074678838253
1008,231.8,0.142309933900833
1009,232.0,3.38962435722351
1010,232.2,8581.3310546875
1011,232.3,631.214233398438
1012,232.5,0.255058705806732
1013,232.7,0.183029398322105
1014,232.9,1.01348984241486
1015,233.1,67.6100387573242
1016,233.2,8898.337890625
1017,233.4,9.15738201141357
1018,233.6,0.0405529178678989
1019,233.8,0.337996512651443
1020,234.0,3.57948207855225
1021,234.1,70.8298797607422
1022,234.2,8720.759765625
1023,234.4,14.8941631317139
1024,234.5,0.582729637622833
1025,234.8,0.384711474180222
1026,235.0,3.2218337059021
1027,235.2,8779.4404296875
1028,235.3,324.572235107422
1029,235.5,0.667166292667389
1030,235.7,0.173120155930519
1031,235.9,0.625697374343872
1032,236.1,55.9786834716797
1033,236.2,8051.5732421875
1034,236.3,504.466064453125
1035,236.5,0.669414579868317
1036,236.8,0.613706409931183
1037,237.0,5.87775850296021
1038,237.1,82.8287124633789
1039,237.2,8633.6240234375
1040,237.4,11.6789903640747
1041,237.5,1.92547261714935
1042,237.8,0.324506610631943
1043,238.0,3.28062295913696
1044,238.2,6894.95361328125
1045,238.3,648.408020019531
1046,238.5,1.85519194602966
1047,238.8,0.212590560317039
1048,238.9,0.413606464862823
1049,239.1,131.973846435547
1050,239.2,10013.3779296875
1051,239.3,499.023559570313
1052,239.5,1.01157462596893
1053,239.8,0.299109011888504
1054,240.0,4.37255382537842
1055,240.2,6906.6875
1056,240.3,605.175598144531
1057,240.5,0.344907999038696
1058,240.8,0.320259809494019
1059,240.9,0.383379131555557
1060,241.1,105.547508239746
1061,241.2,7621.46728515625
1062,241.4,15.6935634613037
1063,241.6,0.069697730243206
1064,241.9,0.625114500522614
1065,242.0,4.29827642440796
1066,242.2,6597.56494140625
1067,242.3,752.085998535156
1068,242.4,4.53559827804565
1069,242.7,0.120243154466152
1070,242.8,0.0608710125088692
1071,243.0,2.18544435501099
1072,243.2,7190.3466796875
1073,243.3,558.459228515625
1074,243.5,0.537097156047821
1075,243.7,0.135564997792244
1076,243.9,0.5887251496315
1077,244.1,76.4483337402344
1078,244.2,8524.0263671875
1079,244.4,7.02897834777832
1080,244.6,0.128986597061157
1081,244.8,0.3051877617836
1082,245.0,2.9023232460022
1083,245.1,61.95703125
1084,245.2,9178.5224609375
1085,245.4,10.0900993347168
1086,245.6,0.0295611619949341
1087,245.8,0.145390957593918
1088,246.0,3.21109175682068
1089,246.2,8335.845703125
1090,246.3,736.335266113281
1091,246.5,0.444666504859924
1092,246.6,0.223332494497299
1093,246.8,0.0592055954039097
1094,247.0,1.97252058982849
1095,247.2,7744.3115234375
1096,247.3,515.529113769531
1097,247.5,0.747939050197601
1098,247.6,0.283370792865753
1099,247.8,0.152635529637337
1100,248.0,3.16396045684814
1101,248.1,57.4311752319336
1102,248.2,8061.37451171875
1103,248.4,27.6127071380615
1104,248.5,1.14031147956848
1105,248.8,0.944957971572876
1106,249.0,12.1545505523682
1107,249.1,121.686981201172
1108,249.2,7728.33056640625
1109,249.4,20.2317428588867
1110,249.6,0.27021399140358
1111,249.8,0.651344835758209
1112,249.9,0.818136394023895
1113,250.1,92.3343353271484
1114,250.2,8088.8369140625
1115,250.4,51.6436004638672
1116,250.7,0.753684759140015
1117,250.8,1.05887246131897
1118,251.0,17.0234832763672
1119,251.2,6377.546875
1120,251.3,316.753112792969
1121,251.4,14.7800817489624
1122,251.6,0.357981503009796
1123,251.9,1.78391206264496
1124,252.0,3.90823554992676
1125,252.2,8301.4296875
1126,252.3,787.048645019531
1127,252.4,90.1080017089844
1128,252.6,0.346573412418365
1129,252.8,1.16179537773132
1130,253.0,9.59963321685791
1131,253.2,7071.10791015625
1132,253.3,671.512634277344
1133,253.4,17.7132987976074
1134,253.7,0.530352234840393
1135,253.9,1.01224076747894
1136,254.1,108.7060546875
1137,254.2,5628.78564453125
1138,254.3,959.736145019531
1139,254.5,0.599467039108276
1140,254.8,0.473977863788605
1141,255.0,4.11824464797974
1142,255.2,6224.80517578125
1143,255.3,641.440185546875
1144,255.5,0.269381284713745
1145,255.6,0.323590636253357
1146,255.9,0.612790405750275
1147,256.1,69.1627960205078
1148,256.2,5909.27734375
1149,256.3,1063.783203125
1150,256.5,0.379382133483887
1151,256.7,0.17595137655735
1152,256.9,0.639104008674622
1153,257.1,53.2793731689453
1154,257.2,6143.00390625
1155,257.3,761.932861328125
1156,257.5,0.693313360214233
1157,257.8,0.541593790054321
1158,258.0,5.17994832992554
1159,258.2,7100.0576171875
1160,258.3,978.066223144531
1161,258.5,0.704721450805664
1162,258.8,0.242401525378227
1163,259.0,2.55000424385071
1164,259.1,46.1388969421387
1165,259.2,8093.45068359375
1166,259.4,22.9566993713379
1167,259.7,0.44558247923851
1168,259.8,0.937380313873291
1169,260.0,5.91981029510498
1170,260.2,7085.87353515625
1171,260.3,970.566833496094
1172,260.5,0.785660743713379
1173,260.7,0.264884680509567
1174,261.0,1.7338662147522
1175,261.2,8296.1376953125
1176,261.3,641.914367675781
1177,261.5,1.24473309516907
1178,261.8,0.812307417392731
1179,262.0,4.37680053710938
1180,262.2,6304.2509765625
1181,262.3,887.944885253906
1182,262.5,0.687900722026825
1183,262.6,0.242734611034393
1184,262.9,0.312099248170853
1185,263.1,57.7145462036133
1186,263.2,7824.89794921875
1187,263.4,31.0754432678223
1188,263.6,0.350570410490036
1189,263.9,0.831209897994995
1190,264.1,39.6062965393066
1191,264.2,6599.26806640625
1192,264.4,92.8382873535156
1193,264.7,0.490548759698868
1194,264.9,2.23224258422852
1195,265.1,160.23307800293
1196,265.2,7438.60107421875
1197,265.4,18.0965118408203
1198,265.6,0.12407360970974
1199,265.8,0.395120322704315
1200,266.0,4.29028224945068
1201,266.2,5822.2705078125
1202,266.3,1492.82934570313
1203,266.5,3.95969700813293
1204,266.8,6.3640604019165
1205,266.9,14.7170457839966
1206,267.1,410.726867675781
1207,267.2,5455.9072265625
1208,267.3,924.2587890625
1209,267.5,0.523024380207062
1210,267.7,0.777666747570038
1211,267.8,1.18877506256104
1212,268.0,16.4701480865479
1213,268.2,5357.29345703125
1214,268.3,1205.05236816406
1215,268.6,0.664251804351807
1216,268.8,2.18194675445557
1217,269.0,16.4916305541992
1218,269.2,5595.9677734375
1219,269.3,823.23046875
1220,269.5,0.320842713117599
1221,269.7,0.452827036380768
1222,269.9,1.44050300121307
1223,270.1,63.8629379272461
1224,270.2,5512.47412109375
1225,270.3,1177.28405761719
1226,270.5,1.01507198810577
1227,270.8,1.9994170665741
1228,271.0,13.2778749465942
1229,271.2,5721.09375
1230,271.3,775.082763671875
1231,271.5,0.554250955581665
1232,271.8,0.455491721630096
1233,272.0,5.3364143371582
1234,272.2,5994.2802734375
1235,272.3,1159.47692871094
1236,272.5,0.717128813266754
1237,272.7,0.359480381011963
1238,272.8,0.18561078608036
1239,273.0,3.47739195823669
1240,273.2,5811.09423828125
1241,273.3,760.055358886719
1242,273.4,41.3453254699707
1243,273.6,0.194604054093361
1244,273.9,0.428845018148422
1245,274.1,43.5887260437012
1246,274.2,7051.673828125
1247,274.4,88.4547424316406
1248,274.6,0.366974771022797
1249,274.9,0.68481969833374
1250,275.1,30.5562496185303
1251,275.2,5701.564453125
1252,275.4,53.4685668945313
1253,275.6,0.57598465681076
1254,275.9,0.465484231710434
1255,276.1,71.7011413574219
1256,276.2,7295.43896484375
1257,276.4,69.4486618041992
1258,276.6,0.373469889163971
1259,276.8,0.0388042293488979
1260,277.0,1.71213257312775
1261,277.2,4955.47119140625
1262,277.3,1263.18090820313
1263,277.4,43.3411598205566
1264,277.6,0.378216326236725
1265,277.9,0.261553823947906
1266,278.1,33.3220901489258
1267,278.2,6109.9873046875
1268,278.4,110.571823120117
1269,278.5,2.52668833732605
1270,278.8,0.22499792277813
1271,279.0,2.74186038970947
1272,279.2,5035.9765625
1273,279.3,1244.64196777344
1274,279.5,2.50886845588684
1275,279.6,0.51944375038147
1276,279.8,0.14947122335434
1277,280.0,1.71554672718048
1278,280.2,4387.71533203125
1279,280.3,1994.14477539063
1280,280.5,3.66716623306274
1281,280.8,3.80989265441895
1282,281.0,65.8795928955078
1283,281.2,7956.5498046875
1284,281.3,899.128845214844
1285,281.5,0.213090181350708
1286,281.7,0.641935229301453
1287,281.8,1.36764097213745
1288,282.0,24.3201770782471
1289,282.2,5594.53271484375
1290,282.3,1383.953125
1291,282.6,0.903155982494354
1292,282.8,2.10159039497375
1293,283.0,19.7821636199951
1294,283.1,204.423599243164
1295,283.2,6008.197265625
1296,283.4,21.7796649932861
1297,283.7,0.385460913181305
1298,283.9,1.58039808273315
1299,284.1,68.9837646484375
1300,284.2,6282.44970703125
1301,284.4,30.6729125976563
1302,284.7,1.49970853328705
1303,284.9,8.27129650115967
1304,285.0,18.0657844543457
1305,285.2,5042.5693359375
1306,285.3,953.577819824219
1307,285.5,0.468898326158524
1308,285.8,0.721375644207001
1309,286.0,6.3554835319519
1310,286.2,4659.63916015625
1311,286.3,1504.09265136719
1312,286.5,1.04671502113342
1313,286.8,1.37363648414612
1314,286.9,2.28195524215698
1315,287.1,58.5083694458008
1316,287.2,4652.76708984375
1317,287.3,1104.40698242188
1318,287.5,0.821717023849487
1319,287.7,0.288783401250839
1320,287.8,0.142309933900833
1321,288.0,2.82396531105042
1322,288.2,3804.16284179688
1323,288.3,1797.39855957031
1324,288.4,152.311767578125
1325,288.7,1.04954612255096
1326,288.9,4.33882904052734
1327,289.1,59.0152397155762
1328,289.2,5838.58837890625
1329,289.4,65.9427947998047
1330,289.6,0.157048881053925
1331,289.8,0.563077688217163
1332,289.9,0.654758930206299
1333,290.1,41.6874847412109
1334,290.2,5620.52978515625
1335,290.4,93.3421630859375
1336,290.5,2.9386293888092
1337,290.7,0.297360301017761
1338,291.0,2.76775741577148
1339,291.2,3129.47534179688
1340,291.3,1890.29223632813
1341,291.5,3.76784086227417
1342,291.8,0.373469889163971
1343,292.0,2.9386293888092
1344,292.2,3137.72534179688
1345,292.3,2196.07739257813
1346,292.4,150.589218139648
1347,292.7,0.91872763633728
1348,292.9,1.66000497341156
1349,293.1,43.2709617614746
1350,293.2,4571.08349609375
1351,293.4,45.1727867126465
1352,293.5,3.34932136535645
1353,293.8,0.472395718097687
1354,294.0,3.14555740356445
1355,294.2,3374.27001953125
1356,294.3,2136.7490234375
1357,294.5,4.39503717422485
1358,294.7,0.44158548116684
1359,294.9,1.44524943828583
1360,295.1,39.5301856994629
1361,295.2,4828.18115234375
1362,295.4,87.9060668945313
1363,295.6,0.72370719909668
1364,295.8,0.185444250702858
1365,296.0,3.21309018135071
1366,296.2,3725.720703125
1367,296.3,1618.04382324219
1368,296.4,86.139892578125
1369,296.7,0.438337922096252
1370,296.9,1.34590721130371
1371,297.1,37.6081275939941
1372,297.2,4710.99755859375
1373,297.4,47.8937454223633
1374,297.5,0.887167930603027
1375,297.7,0.140727788209915
1376,297.9,0.549171447753906
1377,298.1,29.5277709960938
1378,298.2,3580.04125976563
1379,298.3,1797.21594238281
1380,298.5,1.12124240398407
1381,298.8,0.572320759296417
1382,299.0,3.70272302627563
1383,299.2,3416.90673828125
1384,299.3,1486.95141601563
1385,299.5,1.15321838855743
1386,299.6,0.208093926310539
1387,299.9,0.404779762029648
1388,300.1,41.1414756774902
1389,300.2,5380.7275390625
1390,300.4,147.713302612305
1391,300.6,0.339661926031113
1392,300.8,0.304188519716263
1393,301.0,3.26122069358826
1394,301.2,2737.17407226563
1395,301.3,1762.74792480469
1396,301.5,2.46323585510254
1397,301.8,0.586143732070923
1398,302.0,1.68440341949463
1399,302.1,31.5171127319336
1400,302.3,4972.83154296875
1401,302.4,226.440582275391
1402,302.5,3.45649099349976
1403,302.8,0.326505124568939
1404,303.0,2.70197343826294
1405,303.2,2215.06274414063
1406,303.3,2157.51586914063
1407,303.5,3.10950112342834
1408,303.7,0.235739856958389
1409,303.9,0.890915155410767
1410,304.1,33.1105003356934
1411,304.3,4530.2275390625
1412,304.4,114.143310546875
1413,304.5,4.9399619102478
1414,304.7,0.0647847428917885
1415,304.8,0.518860876560211
1416,305.1,24.4018650054932
1417,305.2,2041.51257324219
1418,305.3,2103.43383789063
1419,305.5,4.49862623214722
1420,305.7,0.274294286966324
1421,305.9,0.589974164962769
1422,306.0,1.94204342365265
1423,306.2,2345.74169921875
1424,306.3,2491.91381835938
1425,306.5,4.48138904571533
1426,306.6,0.787659227848053
1427,306.9,0.48055624961853
1428,307.0,2.0358898639679
1429,307.2,2070.06103515625
1430,307.3,1781.74072265625
1431,307.5,5.49313020706177
1432,307.7,0.320592880249023
1433,307.9,0.562994420528412
1434,308.1,23.2978591918945
1435,308.3,4608.49072265625
1436,308.4,170.741775512695
1437,308.5,7.39961671829224
1438,308.8,0.416021317243576
1439,309.0,1.49762678146362
1440,309.2,2301.7763671875
1441,309.3,1762.05346679688
1442,309.5,4.06403541564941
1443,309.7,0.350736945867538
1444,310.0,2.41876935958862
1445,310.2,2484.71484375
1446,310.3,2183.42602539063
1447,310.5,1.94104421138763
1448,310.8,0.466233670711517
1449,311.0,2.82696318626404
1450,311.1,27.4599056243896
1451,311.2,3880.78540039063
1452,311.4,112.922973632813
1453,311.7,0.420434683561325
1454,311.8,0.0799400433897972
1455,312.0,3.0260636806488
1456,312.2,2082.46435546875
1457,312.3,2450.14379882813
1458,312.5,3.17012238502502
1459,312.7,0.383712202310562
1460,312.9,0.657923221588135
1461,313.1,32.935131072998
1462,313.2,2053.58203125
1463,313.3,2095.3642578125
1464,313.5,1.66033804416656
1465,313.6,0.271712869405746
1466,313.9,0.327421098947525
1467,314.1,24.8703479766846
1468,314.3,4184.67822265625
1469,314.4,279.063537597656
1470,314.6,0.424431681632996
1471,314.9,0.263968676328659
1472,315.1,24.0363903045654
1473,315.3,3523.74389648438
1474,315.4,140.823043823242
1475,315.6,0.477225422859192
1476,315.9,0.24023649096489
1477,316.1,26.8317928314209
1478,316.3,3752.51831054688
1479,316.4,317.506622314453
1480,316.6,0.448913305997849
1481,316.9,0.585061192512512
1482,317.0,2.12457323074341
1483,317.2,942.247985839844
1484,317.3,2375.43969726563
1485,317.5,6.26063776016235
1486,317.8,0.339245557785034
1487,318.0,1.46023809909821
1488,318.2,1267.57592773438
1489,318.3,2526.15942382813
1490,318.5,6.85027885437012
1491,318.7,0.300691157579422
1492,319.0,1.11724543571472
1493,319.1,18.5573310852051
1494,319.3,3157.03051757813
1495,319.4,134.127151489258
1496,319.6,0.771171629428864
1497,319.8,0.169039890170097
1498,320.0,1.5659921169281
1499,320.2,1408.24047851563
1500,320.3,2661.87329101563
1501,320.5,12.0159044265747
1502,320.8,0.455824792385101
1503,321.0,1.32567238807678
1504,321.2,1277.74462890625
1505,321.3,1906.16772460938
1506,321.5,6.29611110687256
1507,321.6,0.741943538188934
1508,321.9,0.527937352657318
1509,322.1,17.0450496673584
1510,322.3,3767.1650390625
1511,322.4,287.261627197266
1512,322.6,0.689233064651489
1513,322.8,0.52052628993988
1514,322.9,0.570988416671753
1515,323.1,21.1636276245117
1516,323.2,1185.64758300781
1517,323.3,2087.859375
1518,323.5,6.43500709533691
1519,323.6,0.942626357078552
1520,323.9,0.560662865638733
1521,324.1,21.4743938446045
1522,324.2,1338.07531738281
1523,324.3,2567.88916015625
1524,324.5,15.341160774231
1525,324.6,1.66724956035614
1526,324.8,1.98675990104675
1527,325.0,16.7680072784424
1528,325.1,54.8689308166504
1529,325.3,3150.16040039063
1530,325.4,162.299697875977
1531,325.5,4.62336587905884
1532,325.8,1.07752513885498
1533,326.0,4.9721040725708
1534,326.2,1119.9794921875
1535,326.3,2783.80517578125
1536,326.5,5.57257080078125
1537,326.8,7.45724058151245
1538,327.0,46.4575729370117
1539,327.1,125.518363952637
1540,327.3,3310.5390625
1541,327.4,143.077865600586
1542,327.7,0.922641336917877
1543,327.8,1.36847364902496
1544,328.0,11.2089262008667
1545,328.2,795.439697265625
1546,328.3,3037.84619140625
1547,328.5,4.05629110336304
1548,328.6,1.64335083961487
1549,328.9,5.1408109664917
1550,329.1,45.6938133239746
1551,329.3,2801.69506835938
1552,329.4,178.769668579102
1553,329.6,0.626863181591034
1554,329.9,1.09792649745941
1555,330.1,23.4964618682861
1556,330.3,2931.08325195313
1557,330.4,426.059448242188
1558,330.6,1.58614373207092
1559,330.8,0.839453756809235
1560,331.0,5.04363393783569
1561,331.2,428.115325927734
1562,331.3,2241.2275390625
1563,331.5,10.6490964889526
1564,331.8,0.385044544935226
1565,332.0,2.15654921531677
1566,332.2,600.161560058594
1567,332.3,2527.53759765625
1568,332.5,11.622200012207
1569,332.6,1.28445327281952
1570,332.9,0.709051549434662
1571,333.1,16.0429668426514
1572,333.2,435.686828613281
1573,333.3,2159.14428710938
1574,333.5,10.4550752639771
1575,333.7,0.473145127296448
1576,334.0,1.60379719734192
1577,334.2,643.621337890625
1578,334.3,2341.83251953125
1579,334.4,388.122589111328
1580,334.6,0.958114743232727
1581,334.9,0.460904330015182
1582,335.0,1.58231329917908
1583,335.2,614.335388183594
1584,335.3,1744.00549316406
1585,335.4,262.1904296875
1586,335.6,0.997418582439423
1587,335.8,0.0774419158697128
1588,336.0,1.15838122367859
1589,336.2,638.431030273438
1590,336.3,2741.14672851563
1591,336.5,16.9196434020996
1592,336.7,0.116079606115818
1593,336.9,0.715879738330841
1594,337.0,0.972770392894745
1595,337.2,490.128234863281
1596,337.3,2185.60131835938
1597,337.5,11.4031972885132
1598,337.7,0.536181211471558
1599,337.9,0.190773591399193
1600,338.1,13.7204599380493
1601,338.3,2732.46118164063
1602,338.4,521.5224609375
1603,338.6,1.20218169689178
1604,338.9,0.849196434020996
1605,339.0,2.24981260299683
1606,339.2,498.010406494141
1607,339.3,2217.02734375
1608,339.5,10.7098007202148
1609,339.6,0.657007217407227
1610,339.8,0.302856177091599
1611,340.0,2.19743514060974
1612,340.1,15.3213424682617
1613,340.3,2682.42358398438
1614,340.4,509.982604980469
1615,340.5,9.60221481323242
1616,340.8,6.24448347091675
1617,341.0,47.7032241821289
1618,341.2,1116.57360839844
1619,341.3,2059.48583984375
1620,341.5,1.26630032062531
1621,341.8,1.72154211997986
1622,342.0,14.2878675460815
1623,342.2,487.799163818359
1624,342.3,2861.171875
1625,342.5,8.87067985534668
1626,342.6,1.86226999759674
1627,342.9,6.42026805877686
1628,343.0,11.7615118026733
1629,343.2,408.212829589844
1630,343.3,2142.27685546875
1631,343.5,7.68740129470825
1632,343.6,0.794320940971375
1633,343.9,1.35240232944489
1634,344.1,23.2729625701904
1635,344.3,2345.93334960938
1636,344.4,513.612731933594
1637,344.6,1.45607459545135
1638,344.8,2.5390956401825
1639,345.0,13.7923221588135
1640,345.1,26.9874267578125
1641,345.3,1936.43688964844
1642,345.4,333.833526611328
1643,345.5,12.461986541748
1644,345.8,0.928553581237793
1645,346.0,3.86759924888611
1646,346.2,283.521514892578
1647,346.3,2355.439453125
1648,346.5,16.8053131103516
1649,346.8,1.19960033893585
1650,347.0,4.51261568069458
1651,347.2,219.194183349609
1652,347.3,1947.09020996094
1653,347.5,13.0716133117676
1654,347.6,1.64826381206512
1655,347.8,0.534515798091888
1656,348.0,1.14297604560852
1657,348.2,269.790740966797
1658,348.3,2546.7294921875
1659,348.5,27.9690227508545
1660,348.8,1.21733701229095
1661,349.0,2.69797658920288
1662,349.2,277.588562011719
1663,349.3,1885.4287109375
1664,349.5,15.0534601211548
1665,349.8,0.715546667575836
1666,349.9,0.721708714962006
1667,350.1,9.64984607696533
1668,350.3,2151.60229492188
1669,350.4,721.945556640625
1670,350.5,32.1385612487793
1671,350.8,0.696727454662323
1672,351.0,2.44375061988831
1673,351.2,221.369888305664
1674,351.3,1476.31945800781
1675,351.4,547.93212890625
1676,351.6,1.12240815162659
1677,351.9,0.744941294193268
1678,352.1,11.0248975753784
1679,352.3,2064.72485351563
1680,352.4,714.376403808594
1681,352.6,0.767341136932373
1682,352.8,0.107502706348896
1683,353.0,2.1147472858429
1684,353.2,175.859191894531
1685,353.3,1599.17077636719
1686,353.4,456.263793945313
1687,353.6,1.0889333486557
1688,353.9,0.331584632396698
1689,354.1,9.161545753479
1690,354.3,2010.94348144531
1691,354.4,682.046569824219
1692,354.6,1.85660755634308
1693,354.8,1.8766758441925
1694,355.0,33.2434844970703
1695,355.2,891.993896484375
1696,355.3,2034.37573242188
1697,355.5,2.08651852607727
1698,355.7,0.583395779132843
1699,355.9,3.39395451545715
1700,356.1,53.7567672729492
1701,356.3,2263.2939453125
1702,356.4,644.120727539063
1703,356.7,1.33749687671661
1704,356.9,3.37888240814209
1705,357.0,6.58997440338135
1706,357.2,271.523345947266
1707,357.3,1901.88842773438
1708,357.5,15.3737201690674
1709,357.8,0.511366486549377
1710,358.0,2.78324580192566
1711,358.2,152.579238891602
1712,358.3,2313.46728515625
1713,358.5,44.2195854187012
1714,358.8,1.64318430423737
1715,359.0,7.56965589523315
1716,359.1,21.7081356048584
1717,359.3,1435.59851074219
1718,359.4,503.577392578125
1719,359.6,1.69830965995789
1720,359.8,0.371637940406799
1721,360.0,3.10417175292969
1722,360.2,139.191024780273
1723,360.3,2165.34887695313
1724,360.5,27.8203010559082
1725,360.6,1.80922639369965
1726,360.9,1.27079689502716
1727,361.1,11.8237991333008
1728,361.3,1161.16687011719
1729,361.4,688.946350097656
1730,361.6,2.08476972579956
1731,361.8,0.24198517203331
1732,362.0,1.53185105323792
1733,362.2,119.648597717285
1734,362.3,1309.89929199219
1735,362.4,1032.24621582031
1736,362.6,1.54750609397888
1737,362.9,2.47922396659851
1738,363.1,15.372386932373
1739,363.2,129.757186889648
1740,363.3,1713.23205566406
1741,363.5,21.154634475708
1742,363.8,0.598967432975769
1743,363.9,0.381630450487137
1744,364.1,7.50745296478271
1745,364.2,126.576820373535
1746,364.3,2314.67626953125
1747,364.5,40.6996421813965
1748,364.8,0.720959305763245
1749,364.9,0.679323852062225
1750,365.1,8.52685451507568
1751,365.3,1135.109375
1752,365.4,814.472045898438
1753,365.6,1.86701643466949
1754,365.9,0.50537097454071
1755,366.0,1.21167457103729
1756,366.2,86.2829513549805
1757,366.3,1317.03735351563
1758,366.4,993.319396972656
1759,366.6,1.3807977437973
1760,366.9,1.00982594490051
1761,367.1,8.77558517456055
1762,367.3,1201.82006835938
1763,367.4,643.874572753906
1764,367.5,33.1323165893555
1765,367.8,0.736364364624023
1766,368.0,1.44008660316467
1767,368.2,66.2656326293945
1768,368.3,2280.513671875
1769,368.5,32.6184539794922
1770,368.8,0.706053793430328
1771,368.9,0.413023561239243
1772,369.1,9.01307392120361
1773,369.2,70.2806243896484
1774,369.3,1743.02734375
1775,369.5,31.8417854309082
1776,369.6,1.38754272460938
1777,369.8,0.367307841777802
1778,370.0,1.84336745738983
1779,370.2,62.1571311950684
1780,370.3,1261.83715820313
1781,370.4,1046.83178710938
1782,370.6,1.75734865665436
1783,370.9,0.830710291862488
1784,371.0,1.84461653232574
1785,371.2,64.9239730834961
1786,371.3,1602.36450195313
1787,371.5,38.5983009338379
1788,371.6,1.80664503574371
1789,371.9,0.694146037101746
1790,372.1,7.26130390167236
1791,372.3,1053.93713378906
1792,372.4,1087.66589355469
1793,372.6,2.32950282096863
1794,372.8,1.22807896137238
1795,372.9,0.607461094856262
1796,373.1,9.34565734863281
1797,373.3,780.629089355469
1798,373.4,833.192199707031
1799,373.6,3.09367966651917
1800,373.9,0.857856631278992
1801,374.1,7.79265546798706
1802,374.3,945.769104003906
1803,374.4,1069.86755371094
1804,374.6,2.65892243385315
1805,374.7,0.762011826038361
1806,375.0,1.36922311782837
1807,375.2,63.8101425170898
1808,375.4,1481.43823242188
1809,375.5,38.294361114502
1810,375.6,3.57298684120178
1811,375.8,0.624115228652954
1812,376.1,6.03297519683838
1813,376.3,850.021179199219
1814,376.4,1288.24035644531
1815,376.6,2.55991339683533
1816,376.9,0.757431924343109
1817,377.1,7.34582376480103
1818,377.2,58.826961517334
1819,377.4,1436.84704589844
1820,377.5,41.2454833984375
1821,377.7,1.00166547298431
1822,378.0,1.30027484893799
1823,378.1,3.48996591567993
1824,378.3,898.851013183594
1825,378.4,1209.76672363281
1826,378.6,2.25572490692139
1827,378.7,0.721125841140747
1828,379.0,1.27271211147308
1829,379.2,54.3231735229492
1830,379.4,1450.86389160156
1831,379.5,56.9246406555176
1832,379.7,0.370805233716965
1833,379.9,0.877841591835022
1834,380.1,4.57465219497681
1835,380.2,44.8559417724609
1836,380.4,1913.56494140625
1837,380.5,58.812141418457
1838,380.6,1.08377051353455
1839,380.9,0.527021408081055
1840,381.1,4.96269464492798
1841,381.2,35.1483039855957
1842,381.4,1410.88049316406
1843,381.5,63.684986114502
1844,381.7,0.747605979442596
1845,382.0,0.984261810779572
1846,382.2,37.3320846557617
1847,382.4,1881.267578125
1848,382.5,61.6306114196777
1849,382.6,2.69556164741516
1850,382.9,1.33782994747162
1851,383.1,6.42393207550049
1852,383.2,34.8924140930176
1853,383.4,1389.50952148438
1854,383.5,78.1622085571289
1855,383.6,3.25880599021912
1856,383.8,0.335498362779617
1857,384.0,1.80947625637054
1858,384.2,31.6807403564453
1859,384.4,1845.92126464844
1860,384.5,111.310684204102
1861,384.6,4.62969446182251
1862,384.9,2.94828867912292
1863,385.1,12.9467897415161
1864,385.3,609.408081054688
1865,385.4,819.419372558594
1866,385.6,3.15255236625671
1867,385.8,0.99208927154541
1868,385.9,0.571404755115509
1869,386.1,6.42026805877686
1870,386.3,560.672729492188
1871,386.4,1148.9375
1872,386.5,145.068115234375
1873,386.8,2.74252653121948
1874,387.0,7.59696912765503
1875,387.2,70.898078918457
1876,387.4,1257.80236816406
1877,387.5,76.5211944580078
1878,387.7,1.66708302497864
1879,388.0,2.8138062953949
1880,388.2,47.4698143005371
1881,388.4,1629.07641601563
1882,388.5,85.0273132324219
1883,388.6,4.68831729888916
1884,388.9,1.40119910240173
1885,389.1,8.84003639221191
1886,389.3,390.432495117188
1887,389.4,949.504455566406
1888,389.6,3.8489465713501
1889,389.8,0.430010825395584
1890,390.0,1.78099763393402
1891,390.2,40.3458251953125
1892,390.3,449.994842529297
1893,390.4,1377.81384277344
1894,390.6,4.22050142288208
1895,390.9,1.1147472858429
1896,391.1,6.46415185928345
1897,391.2,37.1876907348633
1898,391.4,1185.07202148438
1899,391.5,65.7416915893555
1900,391.6,4.36922311782837
1901,391.9,1.18277955055237
1902,392.1,4.05878925323486
1903,392.3,534.997924804688
1904,392.4,1280.81982421875
1905,392.6,3.75676584243774
1906,392.9,0.860604524612427
1907,393.1,3.93354988098145
1908,393.3,387.466552734375
1909,393.4,905.453735351563
1910,393.6,3.93679738044739
1911,393.9,0.468232154846191
1912,394.1,3.67974019050598
1913,394.2,23.8139724731445
1914,394.4,1592.62890625
1915,394.5,115.067031860352
1916,394.8,0.500374734401703
1917,395.0,1.03214251995087
1918,395.2,25.2652168273926
1919,395.4,1132.50415039063
1920,395.5,97.4535751342773
1921,395.6,5.24440002441406
1922,395.9,0.658339560031891
1923,396.0,0.669331312179565
1924,396.2,21.6479301452637
1925,396.4,1547.61413574219
1926,396.5,163.231246948242
1927,396.7,0.653593122959137
1928,396.8,0.488716781139374
1929,397.0,0.641435563564301
1930,397.2,19.8932476043701
1931,397.4,1095.45202636719
1932,397.5,135.959442138672
1933,397.6,4.68506956100464
1934,397.9,0.76642519235611
1935,398.1,3.77808308601379
1936,398.2,16.1828632354736
1937,398.4,1465.09838867188
1938,398.5,281.270477294922
1939,398.7,1.16362726688385
1940,398.9,2.54692316055298
1941,399.1,10.6164541244507
1942,399.3,327.963439941406
1943,399.4,769.537109375
1944,399.5,121.939376831055
1945,399.7,1.17145478725433
1946,399.9,1.07644271850586
1947,400.1,6.20851039886475
1948,400.2,21.2131729125977
1949,400.4,1344.80883789063
1950,400.5,245.417098999023
1951,400.6,12.748438835144
1952,400.9,15.3638105392456
1953,401.1,66.5979690551758
1954,401.2,102.904235839844
1955,401.4,1094.39025878906
1956,401.5,87.296028137207
1957,401.7,1.36039638519287
1958,401.9,5.04846382141113
1959,402.1,21.2277450561523
1960,402.3,366.687896728516
1961,402.4,1057
1962,402.5,117.486885070801
1963,402.8,3.77083849906921
1964,403.0,9.59213924407959
1965,403.2,51.4853019714355
1966,403.4,1035.01318359375
1967,403.5,103.202934265137
1968,403.8,1.36938965320587
1969,404.0,3.10500454902649
1970,404.1,3.12840366363525
1971,404.3,263.980255126953
1972,404.4,1137.48645019531
1973,404.5,186.023071289063
1974,404.8,2.34265971183777
1975,404.9,2.24031972885132
1976,405.1,12.7441921234131
1977,405.3,255.845779418945
1978,405.4,823.218811035156
1979,405.6,5.92480659484863
1980,405.9,1.16204512119293
1981,406.0,1.2215838432312
1982,406.2,26.0478801727295
1983,406.4,1297.93200683594
1984,406.5,207.718872070313
1985,406.8,3.21841955184937
1986,407.0,4.74211025238037
1987,407.2,37.9618606567383
1988,407.3,246.180358886719
1989,407.4,807.578552246094
1990,407.6,4.56091260910034
1991,407.8,0.611957669258118
1992,408.0,1.22491466999054
1993,408.2,20.9502048492432
1994,408.4,1263.52722167969
1995,408.5,206.108001708984
1996,408.7,0.529186427593231
1997,408.9,1.72337412834167
1998,409.0,1.63002753257751
1999,409.2,20.0572910308838
2000,409.4,856.640747070313
2001,409.5,158.294784545898
2002,409.7,0.53459906578064
2003,409.9,0.744108557701111
2004,410.1,2.19876766204834
2005,410.3,235.427597045898
2006,410.4,948.960632324219
2007,410.5,305.006988525391
2008,410.7,0.881838619709015
2009,411.0,0.947705864906311
2010,411.2,12.391622543335
2011,411.3,151.127487182617
2012,411.4,860.281311035156
2013,411.6,7.54525756835938
2014,411.8,0.282038480043411
2015,412.0,0.792155861854553
2016,412.1,2.24606537818909
2017,412.3,169.7275390625
2018,412.4,961.064208984375
2019,412.5,365.009002685547
2020,412.7,1.58889162540436
2021,413.0,1.25664091110229
2022,413.1,2.38571071624756
2023,413.3,147.970352172852
2024,413.4,835.502563476563
2025,413.6,9.22732925415039
2026,413.7,1.32600545883179
2027,413.9,1.32342410087585
2028,414.1,2.3718044757843
2029,414.3,124.594551086426
2030,414.4,880.049438476563
2031,414.5,367.661407470703
2032,414.7,2.71271538734436
2033,414.9,7.72495651245117
2034,415.1,51.8853378295898
2035,415.3,463.826385498047
2036,415.4,719.149108886719
2037,415.6,6.38479471206665
2038,415.9,3.43567323684692
2039,416.1,17.4842205047607
2040,416.3,238.13264465332
2041,416.4,1119.39831542969
2042,416.6,8.07610988616943
2043,416.8,1.16520941257477
2044,417.0,6.22957801818848
2045,417.2,45.6268615722656
2046,417.4,835.040405273438
2047,417.5,150.908645629883
2048,417.7,1.02722954750061
2049,417.9,1.87875759601593
2050,418.1,4.70480489730835
2051,418.3,146.009735107422
2052,418.4,1199.46643066406
2053,418.6,10.8568572998047
2054,418.7,2.2830376625061
2055,419.0,4.41918563842773
2056,419.2,25.8360404968262
2057,419.4,698.165893554688
2058,419.5,197.876922607422
2059,419.7,1.52160882949829
2060,420.0,1.77333664894104
2061,420.2,16.0699481964111
2062,420.3,134.555328369141
2063,420.4,1132.36669921875
2064,420.6,7.46640014648438
2065,420.8,2.89591145515442
2066,420.9,2.26988101005554
2067,421.1,16.3000240325928
2068,421.2,22.7282047271729
2069,421.4,656.474975585938
2070,421.5,224.089431762695
2071,421.7,1.68515276908875
2072,422.0,2.59455418586731
2073,422.2,16.0627021789551
2074,422.4,876.218994140625
2075,422.5,346.632934570313
2076,422.7,0.683570683002472
2077,422.9,1.62469816207886
2078,423.1,5.87850761413574
2079,423.3,127.815803527832
2080,423.4,483.058715820313
2081,423.5,239.901580810547
2082,423.7,1.2391539812088
2083,423.9,0.283870428800583
2084,424.1,1.99433755874634
2085,424.3,130.298355102539
2086,424.4,1084.98059082031
2087,424.6,8.60537910461426
2088,424.8,0.2024315148592
2089,425.0,0.755933046340942
2090,425.2,9.35198593139648
2091,425.4,559.411437988281
2092,425.5,267.344573974609
2093,425.7,1.37646770477295
2094,426.0,0.809143126010895
2095,426.2,6.95145320892334
2096,426.3,82.7580947875977
2097,426.4,1144.48059082031
2098,426.6,12.1978511810303
2099,426.9,0.487051367759705
2100,427.1,2.47705888748169
2101,427.3,81.6052932739258
2102,427.4,724.4345703125
2103,427.6,15.8552751541138
2104,427.7,1.25988841056824
2105,427.9,0.373802989721298
2106,428.1,2.16995596885681
2107,428.2,6.85485887527466
2108,428.4,702.799377441406
2109,428.5,429.27294921875
2110,428.6,27.3724708557129
2111,428.9,6.06403541564941
2112,429.1,29.0659503936768
2113,429.3,252.579895019531
2114,429.4,546.703918457031
2115,429.5,168.804809570313
2116,429.7,0.665750682353973
2117,429.9,2.6733283996582
2118,430.1,11.9213924407959
2119,430.3,126.318092346191
2120,430.4,1000.59423828125
2121,430.6,14.0368890762329
2122,430.9,2.75993013381958
2123,431.1,9.83712196350098
2124,431.3,120.901237487793
2125,431.4,710.460388183594
2126,431.6,11.5288534164429
2127,431.7,2.30085778236389
2128,432.0,1.73061871528625
2129,432.2,14.5592470169067
2130,432.4,680.468872070313
2131,432.5,444.596374511719
2132,432.7,2.28395366668701
2133,433.0,2.94562411308289
2134,433.2,17.2668838500977
2135,433.4,500.319671630859
2136,433.5,238.240905761719
2137,433.6,14.2492294311523
2138,433.8,0.414272636175156
2139,434.0,1.19793486595154
2140,434.2,11.3872928619385
2141,434.3,65.9477081298828
2142,434.4,985.369384765625
2143,434.6,10.5182781219482
2144,434.9,0.794320940971375
2145,435.1,2.74943780899048
2146,435.3,67.297607421875
2147,435.4,356.115661621094
2148,435.5,301.945129394531
2149,435.7,2.45782327651978
2150,436.0,0.715047061443329
2151,436.2,7.96411037445068
2152,436.4,541.212829589844
2153,436.5,470.780334472656
2154,436.7,1.27329504489899
2155,437.0,2.19976687431335
2156,437.2,11.4012823104858
2157,437.3,54.8009834289551
2158,437.5,612.733337402344
2159,437.6,15.6679992675781
2160,437.7,1.58164703845978
2161,438.0,0.960196495056152
2162,438.2,7.45640754699707
2163,438.3,67.4026184082031
2164,438.5,934.007080078125
2165,438.6,15.7585144042969
2166,438.7,0.984345078468323
2167,439.0,0.674077749252319
2168,439.2,7.54101085662842
2169,439.4,340.866943359375
2170,439.5,308.661346435547
2171,439.6,23.8844203948975
2172,439.8,0.709800958633423
2173,440.0,0.515030384063721
2174,440.2,5.79457092285156
2175,440.4,484.642761230469
2176,440.5,553.350830078125
2177,440.7,1.65650761127472
2178,441.0,0.918394565582275
2179,441.2,6.14397525787354
2180,441.4,354.968841552734
2181,441.5,317.269287109375
2182,441.7,1.70505452156067
2183,441.8,0.928387045860291
2184,442.0,0.36822384595871
2185,442.2,4.56799077987671
2186,442.3,40.1677093505859
2187,442.5,898.44921875
2188,442.6,32.061954498291
2189,442.8,0.705887258052826
2190,443.0,0.516945600509644
2191,443.2,8.09492874145508
2192,443.4,320.869018554688
2193,443.5,343.389617919922
2194,443.7,2.98742604255676
2195,444.0,1.08860015869141
2196,444.2,6.89341306686401
2197,444.4,421.342498779297
2198,444.5,441.904144287109
2199,444.6,27.5147800445557
2200,444.8,0.744608223438263
2201,445.0,1.92339074611664
2202,445.2,8.20084953308105
2203,445.3,36.8685150146484
2204,445.5,592.661560058594
2205,445.6,22.4110260009766
2206,445.8,1.24206840991974
2207,446.1,2.0624532699585
2208,446.2,5.62469816207886
2209,446.4,395.221496582031
2210,446.5,507.149139404297
2211,446.6,38.0926818847656
2212,446.8,1.54534101486206
2213,447.0,1.05345988273621
2214,447.2,10.3665580749512
2215,447.3,36.0960960388184
2216,447.5,547.420776367188
2217,447.6,29.198600769043
2218,447.9,1.36797404289246
2219,448.0,0.588891685009003
2220,448.2,6.73886251449585
2221,448.4,373.484375
2222,448.5,516.906066894531
2223,448.7,1.16229498386383
2224,448.9,1.12848699092865
2225,449.1,2.27296185493469
2226,449.2,6.58647680282593
2227,449.4,250.196929931641
2228,449.5,334.945465087891
2229,449.7,2.63852119445801
2230,449.9,0.358647674322128
2231,450.1,1.75759851932526
2232,450.3,44.054126739502
2233,450.5,778.513549804688
2234,450.6,27.7063045501709
2235,450.7,1.57215416431427
2236,451.0,0.760762751102448
2237,451.2,6.56182861328125
2238,451.4,232.297027587891
2239,451.5,325.031066894531
2240,451.7,2.01865267753601
2241,451.8,1.09476220607758
2242,452.1,1.04330086708069
2243,452.3,39.8844184875488
2244,452.5,765.092651367188
2245,452.6,37.0467987060547
2246,452.9,0.830543756484985
2247,453.1,1.47639274597168
2248,453.3,33.1047554016113
2249,453.4,192.308853149414
2250,453.5,328.594299316406
2251,453.7,1.93921220302582
2252,453.9,0.86568409204483
2253,454.0,0.266716629266739
2254,454.2,3.49088191986084
2255,454.4,270.259124755859
2256,454.5,527.660095214844
2257,454.6,55.115161895752
2258,454.8,0.215671584010124
2259,455.0,0.459738522768021
2260,455.2,4.10009145736694
2261,455.4,212.168045043945
2262,455.5,328.208770751953
2263,455.7,3.14047789573669
2264,455.8,0.630194008350372
2265,456.1,0.909318029880524
2266,456.3,27.570987701416
2267,456.4,231.656509399414
2268,456.5,540.388610839844
2269,456.7,3.11774492263794
2270,457.0,0.527104675769806
2271,457.2,3.72837042808533
2272,457.4,185.700469970703
2273,457.5,291.332580566406
2274,457.6,59.4982948303223
2275,457.8,0.525189459323883
2276,458.0,0.794154405593872
2277,458.2,4.04796409606934
2278,458.3,19.4225997924805
2279,458.5,671.114318847656
2280,458.6,49.2032623291016
2281,458.9,2.1507203578949
2282,459.1,3.28820061683655
2283,459.3,31.7719211578369
2284,459.5,447.927978515625
2285,459.6,49.567325592041
2286,459.8,1.35889744758606
2287,460.0,0.660421371459961
2288,460.2,4.81055879592896
2289,460.4,215.145065307617
2290,460.5,557.703369140625
2291,460.7,9.60529613494873
2292,461.0,10.8224668502808
2293,461.2,28.959529876709
2294,461.4,271.359466552734
2295,461.5,221.759765625
2296,461.6,37.8230476379395
2297,461.9,3.82046794891357
2298,462.1,5.90298938751221
2299,462.3,37.3735542297363
2300,462.5,681.834899902344
2301,462.6,39.3527336120605
2302,462.9,2.65634107589722
2303,463.1,5.98717641830444
2304,463.2,7.69422912597656
2305,463.4,189.758590698242
2306,463.5,296.526763916016
2307,463.7,3.98059797286987
2308,464.0,1.31176614761353
2309,464.2,5.83795499801636
2310,464.3,22.2160053253174
2311,464.5,611.778076171875
2312,464.6,70.1370620727539
2313,464.9,1.66583395004272
2314,465.1,3.01232409477234
2315,465.3,27.4091091156006
2316,465.5,382.986267089844
2317,465.6,52.9143981933594
2318,465.8,1.40511286258698
2319,466.0,0.687234580516815
2320,466.2,4.38521099090576
2321,466.3,21.5060367584229
2322,466.5,590.8291015625
2323,466.6,77.3957061767578
2324,466.8,1.12065947055817
2325,467.0,0.701973497867584
2326,467.2,4.78990745544434
2327,467.4,134.169708251953
2328,467.5,243.956787109375
2329,467.6,65.0456314086914
2330,467.8,1.38329589366913
2331,468.1,0.942543089389801
2332,468.2,2.44449996948242
2333,468.4,151.456329345703
2334,468.5,446.118743896484
2335,468.6,102.564910888672
2336,468.8,0.938046455383301
2337,469.0,1.66241979598999
2338,469.3,19.2790412902832
2339,469.5,335.780242919922
2340,469.6,80.9598617553711
2341,469.9,1.28961610794067
2342,470.1,1.07186281681061
2343,470.3,15.7680072784424
2344,470.5,523.327697753906
2345,470.6,106.395950317383
2346,470.8,1.01856935024261
2347,471.1,1.3011075258255
2348,471.3,16.3877086639404
2349,471.5,329.62744140625
2350,471.6,79.4887161254883
2351,471.8,1.55683243274689
2352,472.1,0.893329977989197
2353,472.3,16.5045375823975
2354,472.4,123.59871673584
2355,472.5,445.939788818359
2356,472.7,4.8406195640564
2357,473.0,1.11158299446106
2358,473.1,0.86701637506485
2359,473.3,19.1384792327881
2360,473.5,324.519439697266
2361,473.6,66.2514801025391
2362,473.7,6.78407859802246
2363,473.9,0.756016314029694
2364,474.2,2.72212505340576
2365,474.4,104.382133483887
2366,474.5,507.312591552734
2367,474.7,12.6864852905273
2368,474.9,8.08277130126953
2369,475.1,20.1260719299316
2370,475.3,133.170455932617
2371,475.4,231.809219360352
2372,475.5,165.271957397461
2373,475.8,3.40861010551453
2374,475.9,1.42393207550049
2375,476.1,7.132483959198
2376,476.3,46.938045501709
2377,476.5,544.636108398438
2378,476.6,64.8378753662109
2379,476.8,0.718044817447662
2380,477.0,4.13648080825806
2381,477.2,13.2208347320557
2382,477.4,154.422515869141
2383,477.5,201.774841308594
2384,477.6,60.7094688415527
2385,477.8,1.84511613845825
2386,478.1,2.07261228561401
2387,478.2,4.0090765953064
2388,478.4,125.388961791992
2389,478.5,451.059967041016
2390,478.7,4.05029582977295
2391,478.9,1.80073273181915
2392,479.1,4.75285196304321
2393,479.3,23.0374717712402
2394,479.5,277.995086669922
2395,479.6,76.0177383422852
2396,479.7,6.86859846115112
2397,480.0,1.6643351316452
2398,480.2,4.61870241165161
2399,480.4,95.9899215698242
2400,480.5,461.168121337891
2401,480.7,9.2358226776123
2402,481.0,10.7055540084839
2403,481.2,63.8287124633789
2404,481.3,34.6403541564941
2405,481.5,272.048034667969
2406,481.6,76.2070922851563
2407,481.9,3.64318418502808
2408,482.1,13.6003828048706
2409,482.3,34.6571731567383
2410,482.5,411.730041503906
2411,482.6,144.278045654297
2412,482.9,3.14947128295898
2413,483.1,9.32458972930908
2414,483.2,9.17903232574463
2415,483.4,89.8188018798828
2416,483.5,169.655014038086
2417,483.6,96.3935394287109
2418,483.8,1.92647182941437
2419,484.1,2.61545515060425
2420,484.3,15.7185440063477
2421,484.5,348.271881103516
2422,484.6,149.88916015625
2423,484.8,0.58664333820343
2424,485.0,0.682821214199066
2425,485.2,2.83245897293091
2426,485.3,9.63410758972168
2427,485.5,229.627532958984
2428,485.6,92.572151184082
2429,485.8,1.55508363246918
2430,486.0,0.962361574172974
2431,486.3,10.4142723083496
2432,486.5,334.417510986328
2433,486.6,119.300857543945
2434,486.8,1.10691976547241
2435,487.0,0.964360058307648
2436,487.2,2.85369300842285
2437,487.4,74.410774230957
2438,487.5,147.79524230957
2439,487.6,89.836540222168
2440,487.8,1.61462235450745
2441,488.0,0.529686093330383
2442,488.2,2.34557414054871
2443,488.3,6.25006246566772
2444,488.5,308.789001464844
2445,488.6,174.436920166016
2446,488.9,9.62095069885254
2447,489.1,17.7844123840332
2448,489.2,30.9574489593506
2449,489.4,256.138641357422
2450,489.5,143.162963867188
2451,489.7,4.58239650726318
2452,490.0,4.58947467803955
2453,490.2,12.7074689865112
2454,490.3,27.6454334259033
2455,490.5,389.791320800781
2456,490.6,98.1200790405273
2457,490.9,2.72287440299988
2458,491.1,5.58406209945679
2459,491.3,38.7770843505859
2460,491.5,238.499618530273
2461,491.6,60.4708976745605
2462,491.7,9.8307933807373
2463,491.9,1.63294196128845
2464,492.2,3.56282782554626
2465,492.4,75.8636856079102
2466,492.5,252.804061889648
2467,492.6,137.14306640625
2468,492.8,1.1149970293045
2469,493.0,2.48830032348633
2470,493.1,1.88783407211304
2471,493.3,16.8335418701172
2472,493.5,204.093017578125
2473,493.6,83.8681793212891
2474,493.8,2.42193365097046
2475,494.1,1.74144387245178
2476,494.3,9.97543525695801
2477,494.5,282.122589111328
2478,494.6,168.328247070313
2479,494.9,3.88758420944214
2480,495.1,11.9983348846436
2481,495.3,28.396785736084
2482,495.5,188.496124267578
2483,495.6,87.3417434692383
2484,495.9,3.1509702205658
2485,496.1,4.16121244430542
2486,496.2,3.73836278915405
2487,496.4,61.6242828369141
2488,496.6,379.122650146484
2489,496.7,12.9840955734253
2490,496.9,1.04363393783569
2491,497.1,4.69014883041382
2492,497.3,17.4641513824463
2493,497.4,44.9394607543945
2494,497.5,201.823211669922
2495,497.7,16.4674835205078
2496,497.9,0.923723876476288
2497,498.1,1.75027060508728
2498,498.2,2.02997756004333
2499,498.4,49.5511703491211
2500,498.5,178.674331665039
2501,498.6,168.587142944336
2502,498.8,1.46773254871368
2503,499.1,1.05104506015778
2504,499.2,1.99300527572632
2505,499.4,48.0402183532715
2506,499.5,189.279708862305
2507,499.7,15.9773502349854
2508,499.8,3.75360155105591
2509,500.0,0.638937473297119
2510,500.2,1.59638607501984
2511,500.3,6.01040887832642
2512,500.5,209.335586547852
2513,500.6,132.80647277832
2514,500.8,1.265300989151
2515,501.1,0.960696160793304
2516,501.2,1.69214761257172
2517,501.4,49.935546875
2518,501.5,97.9125671386719
2519,501.6,88.2682189941406
2520,501.8,2.81305694580078
2521,502.0,0.394370883703232
2522,502.2,1.26072108745575
2523,502.4,50.1149978637695
2524,502.5,298.640014648438
2525,502.7,25.2659664154053
2526,503.0,3.82979440689087
2527,503.1,3.37030553817749
2528,503.3,29.8606052398682
2529,503.5,156.901992797852
2530,503.6,59.6065444946289
2531,503.7,15.0046634674072
2532,503.9,1.25247728824615
2533,504.1,2.34432506561279
2534,504.3,11.3053541183472
2535,504.5,219.561248779297
2536,504.6,136.196014404297
2537,504.8,1.10383880138397
2538,505.0,2.43017745018005
2539,505.1,1.4784744977951
2540,505.3,14.8856687545776
2541,505.5,140.933212280273
2542,505.6,83.9606094360352
2543,505.8,2.89208102226257
2544,506.0,1.39445412158966
2545,506.3,7.2406530380249
2546,506.5,202.28662109375
2547,506.6,148.153137207031
2548,506.8,2.24015331268311
2549,507.1,2.04105257987976
2550,507.3,11.6687488555908
2551,507.5,129.012237548828
2552,507.6,87.2180862426758
2553,507.8,3.38312935829163
2554,508.1,1.33474898338318
2555,508.3,7.48730134963989
2556,508.4,36.5896415710449
2557,508.6,297.110931396484
2558,508.7,19.6888999938965
2559,509.0,0.778083086013794
2560,509.2,2.56815719604492
2561,509.4,38.1904411315918
2562,509.6,160.225662231445
2563,509.7,21.7512702941895
2564,509.9,0.98034805059433
2565,510.2,1.5131151676178
2566,510.4,33.0236473083496
2567,510.5,130.021072387695
2568,510.6,183.194107055664
2569,510.8,2.1244900226593
2570,511.0,0.607211232185364
2571,511.2,1.94945454597473
2572,511.4,35.0582885742188
2573,511.5,78.0865173339844
2574,511.6,94.2048492431641
2575,511.8,3.04663157463074
2576,512.1,1.47522687911987
2577,512.2,1.10250639915466
2578,512.4,29.4817218780518
2579,512.6,247.163787841797
2580,512.7,24.2363224029541
2581,512.8,1.95536684989929
2582,513.1,1.02115082740784
2583,513.2,1.52968609333038
2584,513.4,33.4933815002441
2585,513.6,135.963607788086
2586,513.7,22.0562076568604
2587,513.9,1.53576481342316
2588,514.2,2.46140384674072
2589,514.4,33.9390449523926
2590,514.6,207.516036987305
2591,514.7,23.0139904022217
2592,514.9,0.592222511768341
2593,515.2,2.3897078037262
2594,515.3,7.72054290771484
2595,515.5,87.8431167602539
2596,515.6,56.1288185119629
2597,515.7,23.1148300170898
2598,515.9,2.27887415885925
2599,516.1,0.494046121835709
2600,516.3,5.88375377655029
2601,516.5,129.392700195313
2602,516.6,143.436172485352
2603,516.8,2.06328582763672
2604,517.1,0.82463151216507
2605,517.2,1.3190940618515
2606,517.4,35.1385612487793
2607,517.6,114.35848236084
2608,517.7,20.2332420349121
2609,517.9,0.999250590801239
2610,518.1,1.11991012096405
2611,518.3,6.39245557785034
2612,518.5,128.084930419922
2613,518.6,126.999000549316
2614,518.8,3.1325671672821
2615,519.1,2.01082515716553
2616,519.3,11.32483959198
2617,519.5,87.8407897949219
2618,519.6,72.8089752197266
2619,519.8,4.61537170410156
2620,520.0,1.4425847530365
2621,520.3,6.93871259689331
2622,520.5,123.116828918457
2623,520.6,137.733535766602
2624,520.8,4.66833209991455
2625,521.1,3.02956128120422
2626,521.3,13.8829212188721
2627,521.5,85.8537750244141
2628,521.6,53.400032043457
2629,521.7,24.3308353424072
2630,521.9,1.3448246717453
2631,522.1,2.23515701293945
2632,522.3,6.21309041976929
2633,522.5,116.448829650879
2634,522.6,147.760269165039
2635,522.8,3.77525186538696
2636,523.1,1.24231827259064
2637,523.3,8.17695045471191
2638,523.5,77.8555221557617
2639,523.6,74.7006378173828
2640,523.8,4.71196603775024
2641,524.1,1.13081860542297
2642,524.3,4.46206998825073
2643,524.4,18.4814720153809
2644,524.6,206.603546142578
2645,524.7,35.9139823913574
2646,525.0,1.48422014713287
2647,525.2,2.30135726928711
2648,525.4,23.8573570251465
2649,525.6,102.409278869629
2650,525.7,22.2144222259521
2651,525.8,5.87367820739746
2652,526.1,0.99933385848999
2653,526.3,4.54067802429199
2654,526.5,90.4792251586914
2655,526.6,93.6674194335938
2656,526.7,38.8466148376465
2657,527.0,1.24956285953522
2658,527.2,1.93621444702148
2659,527.4,20.0860195159912
2660,527.6,91.7087173461914
2661,527.7,26.9492053985596
2662,527.9,2.29377961158752
2663,528.2,1.76459324359894
2664,528.4,27.1094188690186
2665,528.6,133.916976928711
2666,528.7,30.7136306762695
2667,528.9,1.51119995117188
2668,529.2,1.91639602184296
2669,529.4,23.6184520721436
2670,529.6,74.7105484008789
2671,529.7,19.157299041748
2672,529.8,5.88558578491211
2673,530.0,1.19360482692719
2674,530.3,4.49379634857178
2675,530.5,80.7336959838867
2676,530.6,79.72412109375
2677,530.7,32.1155815124512
2678,531.0,1.16096258163452
2679,531.1,0.727204620838165
2680,531.3,6.51486396789551
2681,531.5,51.391788482666
2682,531.6,59.0448837280273
2683,531.8,5.57740020751953
2684,532.0,1.53609788417816
2685,532.2,1.06503450870514
2686,532.4,23.3598136901855
2687,532.5,53.9765167236328
2688,532.6,106.196022033691
2689,532.8,6.02231645584106
2690,533.1,1.91456413269043
2691,533.3,8.14364242553711
2692,533.4,18.875093460083
2693,533.6,74.2737121582031
2694,533.7,24.4862194061279
2695,533.9,2.16354393959045
2696,534.2,2.31617951393127
2697,534.3,3.74702310562134
2698,534.5,67.0380554199219
2699,534.6,114.409942626953
2700,534.8,12.0321426391602
2701,534.9,13.6567573547363
2702,535.2,20.2175025939941
2703,535.4,60.9523696899414
2704,535.5,37.2235832214355
2705,535.6,41.8844184875488
2706,535.8,6.90765237808228
2707,535.9,6.61845302581787
2708,536.2,7.1239070892334
2709,536.4,39.7246246337891
2710,536.5,67.1548004150391
2711,536.6,103.292030334473
2712,536.8,7.89141464233398
2713,537.0,1.72154211997986
2714,537.2,7.62678003311157
2715,537.3,9.22216701507568
2716,537.5,56.1562995910645
2717,537.6,54.8342094421387
2718,537.8,6.95286846160889
2719,538.0,2.82438182830811
2720,538.2,2.38762593269348
2721,538.4,20.168041229248
2722,538.6,128.161956787109
2723,538.7,42.877758026123
2724,538.9,1.97651755809784
2725,539.2,2.56141233444214
2726,539.4,20.4390869140625
2727,539.6,63.7255401611328
2728,539.7,21.2234153747559
2729,539.8,8.25364303588867
2730,540.0,1.05504202842712
2731,540.2,2.10084104537964
2732,540.4,16.6770763397217
2733,540.6,101.18968963623
2734,540.7,35.9972534179688
2735,540.8,6.73694705963135
2736,541.1,1.44907987117767
2737,541.3,5.64318418502808
2738,541.4,11.3232574462891
2739,541.6,54.144889831543
2740,541.7,26.4579067230225
2741,541.9,1.58289611339569
2742,542.0,1.82588064670563
2743,542.3,4.68998241424561
2744,542.4,14.3084354400635
2745,542.6,83.357063293457
2746,542.7,27.9107341766357
2747,542.8,7.23390769958496
2748,543.1,1.59796822071075
2749,543.3,5.487717628479
2750,543.5,33.9976692199707
2751,543.6,26.2677993774414
2752,543.7,20.8188018798828
2753,543.9,2.61595463752747
2754,544.2,1.98700976371765
2755,544.3,3.34657335281372
2756,544.5,49.7740020751953
2757,544.6,80.9611129760742
2758,544.8,7.44233512878418
2759,545.1,1.25197768211365
2760,545.3,5.30060768127441
2761,545.5,31.3787994384766
2762,545.6,41.5014572143555
2763,545.8,6.71146631240845
2764,546.1,1.61603796482086
2765,546.2,1.09584474563599
2766,546.4,17.5878925323486
2767,546.6,82.0803527832031
2768,546.7,30.3225078582764
2769,546.9,1.2921142578125
2770,547.1,1.4509950876236
2771,547.2,1.59380459785461
2772,547.4,18.2151718139648
2773,547.6,44.064868927002
2774,547.7,20.7531852722168
2775,547.9,2.71946048736572
2776,548.2,2.50661993026733
2777,548.4,14.7230405807495
2778,548.5,26.2165050506592
2779,548.6,66.2757110595703
2780,548.8,27.2915306091309
2781,549.1,29.6134567260742
2782,549.3,86.4370880126953
2783,549.4,84.1677932739258
2784,549.6,13.9112329483032
2785,549.9,7.709801197052
#"+ Scan (rt: 4.991-54.975 min, 8586 scans) RMP1_665-4M_650_WHOLE.D "
#Point,X(Thompsons),Y(Counts)
0,40.1,9881.599609375
1,41.2,86523
2,42.2,18440.796875
3,42.3,1.01898443698883
4,43.2,84807.0234375
5,44.0,5.92941999435425
6,44.1,8064.0205078125
7,45.0,88.7473831176758
8,45.1,2085.81982421875
9,45.3,5.57034730911255
10,45.6,1.48637318611145
11,45.8,10.6879806518555
12,46.0,104.629859924316
13,46.1,152.820281982422
14,46.3,25.6986961364746
15,46.5,3.17365479469299
16,46.8,5.19927787780762
17,47.0,189.279525756836
18,47.1,430.83984375
19,47.3,8.96587467193604
20,47.5,0.53575587272644
21,47.7,1.39459586143494
22,47.9,35.146053314209
23,48.1,302.677734375
24,48.2,75.3815536499023
25,48.4,1.48730492591858
26,48.6,0.28907522559166
27,48.8,2.14407181739807
28,49.0,95.774284362793
29,49.1,461.400543212891
30,49.3,28.7575130462646
31,49.5,0.134171903133392
32,50.0,26.09690284729
33,50.1,6422.7939453125
34,50.3,2.25331926345825
35,51.0,3.39878869056702
36,51.1,15014.1123046875
37,51.3,0.153738647699356
38,52.0,14.8701372146606
39,52.2,6031.81640625
40,52.3,7.25762891769409
41,53.2,18931.052734375
42,54.2,17146.591796875
43,54.3,6.28662919998169
44,55.2,101719.5390625
45,56.2,43266.81640625
46,57.2,88313.21875
47,57.3,183.898086547852
48,57.5,131.583038330078
49,57.6,36.1257858276367
50,57.7,48.5796661376953
51,58.0,430.401947021484
52,58.2,8088.21875
53,58.3,16.519567489624
54,58.6,0.543326318264008
55,58.8,4.92545986175537
56,59.0,234.53190612793
57,59.1,2510.88891601563
58,59.3,14.8319358825684
59,59.5,0.105054743587971
60,59.7,0.252620548009872
61,59.9,12.0478687286377
62,60.1,1577.35632324219
63,60.2,336.781860351563
64,60.4,2.64803171157837
65,60.5,2.6515257358551
66,60.8,4.54949903488159
67,61.0,156.350341796875
68,61.1,1344.07727050781
69,61.3,16.0885162353516
70,61.5,0.261472165584564
71,61.8,0.0377358496189117
72,62.0,71.5805969238281
73,62.1,3865.60668945313
74,62.3,5.21232223510742
75,63.0,12.2374792098999
76,63.1,12067.431640625
77,63.9,2.96505928039551
78,64.1,3778.43139648438
79,64.2,1373.95520019531
80,64.4,0.867924511432648
81,65.0,2.955974817276
82,65.1,17794.619140625
83,66.0,3.54600501060486
84,66.2,8755.890625
85,66.3,11.8225021362305
86,67.2,57175.09765625
87,68.2,28291.720703125
88,69.2,71705.5
89,69.3,41.5858383178711
90,70.2,41683.37109375
91,70.3,64.3774719238281
92,70.5,16.4698352813721
93,70.7,2.54367566108704
94,71.0,20.9103183746338
95,71.2,54313.21484375
96,71.3,0.423247158527374
97,72.0,105.91276550293
98,72.2,4740.662109375
99,72.3,45.4966239929199
100,72.6,0.911600291728973
101,72.8,0.552061498165131
102,73.0,119.314231872559
103,73.1,3835.685546875
104,73.3,4.56207799911499
105,74.0,104.443046569824
106,74.1,4430.78564453125
107,74.3,2.05846738815308
108,75.0,66.9056625366211
109,75.1,5407.388671875
110,75.3,3.59655261039734
111,75.8,0.168413698673248
112,76.0,69.9541091918945
113,76.1,8121.9287109375
114,76.3,13.7207078933716
115,77.1,39082.07421875
116,78.0,1.75273704528809
117,78.1,14291.73046875
118,78.3,0.381434887647629
119,79.1,41801.5078125
120,80.2,15124.5546875
121,81.2,58368.40234375
122,82.2,41170.828125
123,82.3,89.8681564331055
124,83.0,22.3619842529297
125,83.2,59806.5390625
126,83.3,0.371302127838135
127,84.0,4.4263916015625
128,84.2,24690.537109375
129,84.3,6.34661054611206
130,85.0,2.55276036262512
131,85.2,38050.515625
132,85.3,6.33775901794434
133,85.8,0.115071043372154
134,86.0,89.4772872924805
135,86.2,4975.328125
136,86.3,13.3780574798584
137,86.8,0.225599810481071
138,87.0,116.213020324707
139,87.1,3988.41845703125
140,87.3,7.48777055740356
141,87.5,0.346843689680099
142,87.7,0.122292101383209
143,87.9,6.69659900665283
144,88.1,2848.59008789063
145,88.2,1109.18920898438
146,88.4,0.801537394523621
147,89.0,61.4366416931152
148,89.1,11778.787109375
149,89.3,1.73945963382721
150,89.7,0.1348707228899
151,89.9,151.3681640625
152,90.1,2239.71850585938
153,90.2,1349.62756347656
154,90.4,1.06848359107971
155,91.1,67212.46875
156,92.0,2.60854887962341
157,92.1,14938.8701171875
158,92.3,0.712089419364929
159,93.2,28306.05078125
160,93.3,12.1798276901245
161,94.2,18218.046875
162,94.3,1429.35986328125
163,95.2,52755.8828125
164,96.2,31872.537109375
165,96.3,0.788725852966309
166,97.0,0.453179597854614
167,97.2,55859.01953125
168,97.3,1.9572559595108
169,97.8,0.0458886548876762
170,98.0,2.38155126571655
171,98.2,16806.396484375
172,98.3,11.8382253646851
173,98.8,0.0401816926896572
174,99.0,11.629280090332
175,99.2,11820.798828125
176,99.3,14.2448167800903
177,99.5,0.0185185186564922
178,99.8,0.257395774126053
179,99.9,3.68099236488342
180,100.1,1539.75402832031
181,100.2,1846.55944824219
182,100.4,2.17749834060669
183,100.6,0.114255763590336
184,100.8,0.626252055168152
185,101.0,87.2282791137695
186,101.1,6683.54248046875
187,101.3,14.2334032058716
188,101.5,0.0675518289208412
189,101.8,2.33938980102539
190,102.0,345.834503173828
191,102.1,7553.408203125
192,102.3,50.9037971496582
193,103.0,150.245162963867
194,103.1,13546.6298828125
195,103.3,16.8761940002441
196,103.5,0.0690659210085869
197,103.9,3.67843008041382
198,104.1,8133.5185546875
199,104.2,5332.509765625
200,104.4,0.0253901705145836
201,105.0,1.8471931219101
202,105.2,47870.66015625
203,105.3,0.137316554784775
204,106.0,8.49895191192627
205,106.2,20646.23828125
206,106.3,476.501281738281
207,106.5,2.70766353607178
208,107.0,0.121476821601391
209,107.2,40512.3671875
210,107.3,69.5436782836914
211,108.0,55.6884460449219
212,108.2,22321.068359375
213,108.3,24.3233165740967
214,109.2,31386.37890625
215,110.0,0.445376187562943
216,110.2,18999.033203125
217,110.3,4.76473331451416
218,111.0,0.30829256772995
219,111.2,29777.251953125
220,111.3,13.9754247665405
221,112.0,5.49708843231201
222,112.2,13619.64453125
223,112.3,86.4331436157227
224,112.8,0.125320285558701
225,113.0,16.8130683898926
226,113.2,11845.2763671875
227,113.3,14.9336128234863
228,113.5,0.0592825524508953
229,113.9,8.32226848602295
230,114.1,2489.77368164063
231,114.2,3195.32397460938
232,114.4,0.596901953220367
233,114.7,0.0767528563737869
234,114.9,1.86629402637482
235,115.1,36034.09375
236,115.2,5895.88818359375
237,115.4,0.119147449731827
238,115.5,0.0469368733465672
239,115.9,29.2087116241455
240,116.1,9470.41015625
241,116.2,3942.90747070313
242,116.4,0.145352900028229
243,116.6,0.0221290476620197
244,116.8,0.235266715288162
245,117.0,6.40484523773193
246,117.2,27261.7265625
247,117.3,0.980316817760468
248,117.5,0.0688329860568047
249,117.8,0.288143485784531
250,118.0,5.33554601669312
251,118.2,13310.6513671875
252,118.3,279.908325195313
253,118.6,0.119380384683609
254,118.8,0.238294899463654
255,119.0,7.3780574798584
256,119.2,32868.109375
257,119.3,45.7002105712891
258,119.6,0.153971582651138
259,119.8,2.35208487510681
260,120.0,78.4913787841797
261,120.2,20202.392578125
262,120.3,28.6155376434326
263,120.4,0.194269746541977
264,120.6,0.0209643598645926
265,120.9,0.664803147315979
266,121.1,11156.03125
267,121.2,25632.669921875
268,121.4,0.217796415090561
269,121.6,0.0186349879950285
270,121.8,0.0368040986359119
271,122.0,4.1153039932251
272,122.2,19368.216796875
273,122.3,16.7381782531738
274,122.9,0.344980210065842
275,123.1,1285.39697265625
276,123.2,18087.173828125
277,123.4,0.18879571557045
278,123.9,0.0483344979584217
279,124.1,1322.24377441406
280,124.2,10722.1787109375
281,124.4,0.0870020985603333
282,124.9,0.491847187280655
283,125.1,1126.04821777344
284,125.2,14059.48828125
285,125.4,0.494409501552582
286,125.7,0.0475192181766033
287,125.9,0.247845336794853
288,126.1,2998.4794921875
289,126.2,10094.4580078125
290,126.4,0.412997901439667
291,126.8,0.0979501530528069
292,127.0,13.2034711837769
293,127.2,18423.251953125
294,127.3,44.5030288696289
295,127.5,0.0868856310844421
296,127.8,0.246331229805946
297,128.0,13.080246925354
298,128.1,23938.6015625
299,128.2,12217.00390625
300,128.4,0.522594928741455
301,128.5,0.0719776377081871
302,128.8,0.371418595314026
303,129.0,7.24295377731323
304,129.2,31605.580078125
305,129.3,8.70649909973145
306,129.5,0.040647566318512
307,129.6,0.0683671087026596
308,129.9,1.83461451530457
309,130.1,5243.64111328125
310,130.2,9701.2939453125
311,130.3,49.2773132324219
312,130.5,0.0662706717848778
313,130.7,0.24085721373558
314,130.9,1.53214538097382
315,131.1,7771.3115234375
316,131.2,20288.189453125
317,131.3,212.598190307617
318,131.6,0.0647565796971321
319,131.9,41.3786392211914
320,132.1,4272.23779296875
321,132.2,10854.146484375
322,132.4,119.165733337402
323,132.7,0.0686000436544418
324,132.9,5.42790603637695
325,133.1,3827.48608398438
326,133.2,20849.4921875
327,133.4,0.250873506069183
328,133.7,0.122525043785572
329,133.9,1.88038671016693
330,134.1,2801.6416015625
331,134.2,13702.4443359375
332,134.4,0.127300262451172
333,134.5,0.0703470781445503
334,134.8,0.402748674154282
335,135.0,6.60680198669434
336,135.2,27426.396484375
337,135.3,9.57162857055664
338,135.4,0.5945725440979
339,135.7,0.0368040986359119
340,135.9,0.309457242488861
341,136.1,1363.57824707031
342,136.2,11747.40625
343,136.4,0.136967152357101
344,136.7,0.0220125783234835
345,136.9,1.3381085395813
346,137.1,913.48779296875
347,137.2,12032.232421875
348,137.3,26.8034000396729
349,137.5,0.0803633853793144
350,137.8,0.0965525284409523
351,137.9,0.136384814977646
352,138.1,1001.90649414063
353,138.2,7882.5546875
354,138.4,0.381667822599411
355,138.5,0.0830421596765518
356,138.8,0.157815054059029
357,139.0,8.85988807678223
358,139.2,14357.49609375
359,139.3,85.5595169067383
360,139.4,0.68378758430481
361,139.7,0.111809924244881
362,139.9,23.1116943359375
363,140.1,1461.26721191406
364,140.2,6830.0732421875
365,140.4,18.3428840637207
366,140.7,0.0613789893686771
367,140.9,1.30246913433075
368,141.1,9810.40234375
369,141.2,21310.732421875
370,141.4,1.55369210243225
371,141.7,0.297577440738678
372,141.9,2.52993249893188
373,142.1,5492.72412109375
374,142.2,13437.1337890625
375,142.4,1.77032375335693
376,142.6,0.0853715315461159
377,142.8,0.24656417965889
378,143.0,5.26997423171997
379,143.2,22835.09765625
380,143.3,15.7669458389282
381,143.4,0.523410201072693
382,143.7,0.147682279348373
383,143.9,1.202073097229
384,144.1,4157.060546875
385,144.2,12895.453125
386,144.3,45.1312599182129
387,144.5,0.0821104124188423
388,144.8,0.331236898899078
389,145.0,3.51211285591125
390,145.2,28285.501953125
391,145.3,4.5881667137146
392,145.4,0.521663188934326
393,145.7,0.0726764500141144
394,145.9,1.83344984054565
395,146.1,2789.17846679688
396,146.2,12576.724609375
397,146.4,0.301886796951294
398,146.6,0.207081288099289
399,146.8,0.936873972415924
400,147.0,9.58548831939697
401,147.2,19295.5390625
402,147.3,12.077917098999
403,147.7,0.0682506412267685
404,147.9,0.887025415897369
405,148.0,10.3460283279419
406,148.2,11613.7646484375
407,148.3,30.4189376831055
408,148.6,0.0660377368330956
409,148.8,0.399371057748795
410,149.0,5.42895412445068
411,149.2,18187.662109375
412,149.3,19.5131607055664
413,149.5,0.0762869790196419
414,149.8,0.182855814695358
415,150.0,2.32343339920044
416,150.2,11043.84765625
417,150.3,59.5430946350098
418,150.5,0.144188210368156
419,150.8,0.287328213453293
420,150.9,0.613789916038513
421,151.1,2125.6875
422,151.2,11293.8955078125
423,151.3,38.0347061157227
424,151.5,0.12042860686779
425,151.7,0.0596319586038589
426,151.9,0.592941999435425
427,152.1,11355.58984375
428,152.2,12101.6328125
429,152.4,0.75262051820755
430,152.8,0.374796181917191
431,152.9,0.947938501834869
432,153.1,6255.3115234375
433,153.2,13514.865234375
434,153.3,37.8285598754883
435,153.5,0.219310507178307
436,153.7,0.0216631721705198
437,153.9,0.642208218574524
438,154.1,2212.38671875
439,154.2,11043.640625
440,154.4,1.92976939678192
441,154.7,0.325529932975769
442,154.9,2.53598880767822
443,155.1,2835.21508789063
444,155.2,19851.796875
445,155.4,2.34556245803833
446,155.7,0.536571145057678
447,155.9,1.93990218639374
448,156.0,7.55136251449585
449,156.2,16136.44140625
450,156.3,227.915100097656
451,156.5,0.316911250352859
452,156.8,0.713603556156158
453,157.0,5.99534130096436
454,157.2,22732.298828125
455,157.3,29.4499187469482
456,157.5,0.348241329193115
457,157.8,0.244584202766418
458,158.0,4.5400652885437
459,158.2,17989.73828125
460,158.3,6.16655015945435
461,158.4,0.331236898899078
462,158.7,0.295131623744965
463,158.9,2.44514322280884
464,159.0,4.65804815292358
465,159.2,24105.310546875
466,159.3,9.00151443481445
467,159.7,0.162590265274048
468,159.9,0.997554183006287
469,160.1,1333.3203125
470,160.2,12698.1357421875
471,160.3,8.84136962890625
472,160.5,0.0571861155331135
473,160.7,0.163871422410011
474,160.9,1.87025392055511
475,161.1,1479.61645507813
476,161.2,13721.58984375
477,161.4,0.265897959470749
478,161.5,0.120545074343681
479,161.8,0.249941766262054
480,162.0,2.50873517990112
481,162.2,9263.64453125
482,162.3,43.6059875488281
483,162.6,0.161542043089867
484,162.8,1.21954345703125
485,163.0,11.1880970001221
486,163.2,13006.6513671875
487,163.3,45.7529716491699
488,163.5,0.147099927067757
489,163.8,0.332634508609772
490,164.0,1.47321224212646
491,164.2,8608.138671875
492,164.3,113.762756347656
493,164.5,0.0661542043089867
494,164.7,0.174120664596558
495,164.9,2.42697405815125
496,165.1,9926.9384765625
497,165.2,22642.884765625
498,165.4,1.89715814590454
499,165.5,0.2419054210186
500,165.8,0.139180064201355
501,166.0,2.29536461830139
502,166.2,14117.9619140625
503,166.3,194.23176574707
504,166.5,0.057419054210186
505,166.7,0.185651063919067
506,166.8,0.0914279073476791
507,167.0,4.23188924789429
508,167.2,18293.427734375
509,167.3,59.2059173583984
510,167.5,0.164686694741249
511,167.8,0.146517589688301
512,167.9,0.29862567782402
513,168.1,1723.59643554688
514,168.2,10850.0126953125
515,168.3,537.550903320313
516,168.5,0.104239456355572
517,168.7,0.203121364116669
518,168.9,0.896808743476868
519,169.1,760.239440917969
520,169.2,17876.251953125
521,169.4,4.75471687316895
522,169.7,0.176682978868484
523,169.9,1.05112969875336
524,170.0,3.88935470581055
525,170.2,15033.8193359375
526,170.3,215.742950439453
527,170.6,0.441882133483887
528,170.8,0.808176100254059
529,171.0,5.61507081985474
530,171.1,738.883911132813
531,171.2,18527.083984375
532,171.4,1.15327274799347
533,171.7,0.18215699493885
534,171.8,0.264034479856491
535,172.0,17.2339859008789
536,172.2,15414.3310546875
537,172.3,6.11984634399414
538,172.6,0.0454227812588215
539,172.8,0.330421626567841
540,173.0,2.9792685508728
541,173.1,285.296417236328
542,173.2,17830.685546875
543,173.4,0.91439551115036
544,173.7,0.234451428055763
545,173.9,0.672606587409973
546,174.1,785.296508789063
547,174.2,11057.5419921875
548,174.3,13.8941297531128
549,174.5,0.0469368733465672
550,174.7,0.0752387642860413
551,174.9,0.463079422712326
552,175.1,494.111114501953
553,175.2,11022.0380859375
554,175.4,1.1735383272171
555,175.7,0.0593990199267864
556,175.9,0.796063363552094
557,176.1,2418.96240234375
558,176.2,9256.970703125
559,176.4,1.21267175674438
560,176.7,0.455974847078323
561,176.9,4.12590265274048
562,177.1,422.041564941406
563,177.2,9389.9814453125
564,177.3,131.553344726563
565,177.5,0.242720708250999
566,177.7,0.277078956365585
567,177.9,1.52003264427185
568,178.1,2922.5927734375
569,178.2,17432.169921875
570,178.4,1.35045421123505
571,178.6,0.260191023349762
572,178.8,0.753668785095215
573,179.0,7.26263666152954
574,179.2,19432.1953125
575,179.3,157.272994995117
576,179.5,0.128232002258301
577,179.6,0.139645934104919
578,179.8,0.181341722607613
579,180.0,9.74120616912842
580,180.1,609.210083007813
581,180.2,12750.15625
582,180.4,0.934078752994537
583,180.7,0.159445613622665
584,180.9,1.3640810251236
585,181.1,1756.57214355469
586,181.2,17690.791015625
587,181.4,4.48171424865723
588,181.7,0.0187514554709196
589,181.9,0.378406703472137
590,182.1,747.292663574219
591,182.2,14051.3564453125
592,182.4,4.61879825592041
593,182.8,0.457255989313126
594,183.0,4.76799440383911
595,183.2,16102.376953125
596,183.3,218.083038330078
597,183.4,5.90461206436157
598,183.7,0.17819707095623
599,183.9,1.34521317481995
600,184.1,648.93359375
601,184.2,13526.982421875
602,184.4,2.61844873428345
603,184.5,0.350454241037369
604,184.8,0.417423725128174
605,185.0,10.8456792831421
606,185.1,171.37223815918
607,185.2,14488.1484375
608,185.4,0.739110171794891
609,185.5,0.395411133766174
610,185.7,0.0217796415090561
611,185.9,0.850687146186829
612,186.1,261.052978515625
613,186.2,11456.091796875
614,186.3,19.0529937744141
615,186.6,0.0812951326370239
616,186.8,0.236780807375908
617,187.0,8.24703025817871
618,187.2,13572.2705078125
619,187.3,35.0260887145996
620,187.5,0.179594695568085
621,187.8,0.157815054059029
622,188.0,2.75599813461304
623,188.1,357.201141357422
624,188.2,9077.3681640625
625,188.4,1.36792457103729
626,188.7,0.17051012814045
627,188.9,0.998602390289307
628,189.1,1520.14221191406
629,189.2,17167.033203125
630,189.4,1.4663405418396
631,189.7,0.103657118976116
632,189.9,0.642324686050415
633,190.1,973.088500976563
634,190.2,10399.9072265625
635,190.4,1.27509903907776
636,190.7,0.427556484937668
637,190.9,9.11239242553711
638,191.1,295.130676269531
639,191.2,17486.95703125
640,191.4,2.2033543586731
641,191.7,0.295830428600311
642,191.9,2.95050072669983
643,192.1,469.482635498047
644,192.2,12680.99609375
645,192.4,2.59899830818176
646,192.7,0.878057301044464
647,192.9,13.3233165740967
648,193.1,236.220474243164
649,193.2,15672.2890625
650,193.4,2.0712788105011
651,193.6,0.0315630100667477
652,193.8,1.06906592845917
653,194.0,7.23654794692993
654,194.2,14910.4580078125
655,194.3,432.741790771484
656,194.5,0.27078965306282
657,194.7,0.141043558716774
658,194.9,3.04134631156921
659,195.1,217.765777587891
660,195.2,19709.17578125
661,195.4,6.13824844360352
662,195.6,0.19461914896965
663,195.9,0.595504283905029
664,196.1,150.275100708008
665,196.2,15027.2666015625
666,196.3,503.091552734375
667,196.5,0.381201952695847
668,196.7,0.352783590555191
669,196.9,2.00232934951782
670,197.1,140.434188842773
671,197.2,15136.1533203125
672,197.4,7.11938047409058
673,197.5,0.655252754688263
674,197.8,0.520731449127197
675,198.0,4.1875147819519
676,198.2,12443.296875
677,198.3,192.798629760742
678,198.5,0.401700437068939
679,198.8,0.409853249788284
680,199.0,3.98660612106323
681,199.2,11213.84765625
682,199.3,62.7909393310547
683,199.6,0.224784538149834
684,199.8,0.521080851554871
685,200.0,2.77626371383667
686,200.2,10520.9287109375
687,200.3,83.1213607788086
688,200.6,0.190542742609978
689,200.7,0.0780340060591698
690,200.9,0.791637539863586
691,201.0,0.949569046497345
692,201.2,10074.2255859375
693,201.3,83.4586563110352
694,201.6,0.229559749364853
695,201.7,0.0394828803837299
696,201.9,0.623340308666229
697,202.1,977.481811523438
698,202.2,17042.03125
699,202.4,1.64779877662659
700,202.6,0.031213603913784
701,202.8,0.307011425495148
702,203.0,2.43093419075012
703,203.1,270.892974853516
704,203.2,13454.888671875
705,203.4,1.77370142936707
706,203.5,0.24656417965889
707,203.7,0.0593990199267864
708,204.0,1.21139061450958
709,204.2,9613.0439453125
710,204.3,559.952819824219
711,204.5,0.134055435657501
712,204.7,0.220475196838379
713,204.9,0.956906616687775
714,205.1,72.6146087646484
715,205.2,12521.1103515625
716,205.4,4.32087135314941
717,205.5,0.445958524942398
718,205.8,0.278825998306274
719,206.0,1.40996968746185
720,206.2,11091.12109375
721,206.3,418.397521972656
722,206.5,0.637898921966553
723,206.8,1.32413232326508
724,207.0,58.927906036377
725,207.2,16485.43359375
726,207.3,129.715118408203
727,207.5,0.161774978041649
728,207.8,1.19275569915771
729,208.0,32.1306762695313
730,208.2,15332.818359375
731,208.3,447.592956542969
732,208.5,0.250989973545074
733,208.7,0.412532031536102
734,208.9,8.06417465209961
735,209.1,151.757400512695
736,209.2,17420.06640625
737,209.4,10.6749362945557
738,209.6,0.022827859967947
739,209.8,0.609014689922333
740,210.0,6.32797574996948
741,210.1,40.7716064453125
742,210.2,14283.6552734375
743,210.4,15.1149549484253
744,210.6,0.224435120820999
745,210.8,1.96575820446014
746,211.0,20.2203578948975
747,211.1,105.986259460449
748,211.2,13559.9091796875
749,211.4,5.30899143218994
750,211.7,0.353715360164642
751,211.9,1.56894946098328
752,212.1,107.976470947266
753,212.2,10263.31640625
754,212.3,259.543792724609
755,212.5,0.685651063919067
756,212.8,0.790589332580566
757,213.0,11.9535293579102
758,213.2,11608.447265625
759,213.3,97.1586303710938
760,213.5,0.179827630519867
761,213.7,0.209177732467651
762,213.9,5.34905672073364
763,214.1,144.827392578125
764,214.2,7960.5283203125
765,214.4,2.56370830535889
766,214.7,0.523526668548584
767,214.9,6.09631967544556
768,215.1,257.240966796875
769,215.2,16711.044921875
770,215.4,1.22723042964935
771,215.7,0.237130209803581
772,215.9,4.74726295471191
773,216.1,184.819702148438
774,216.2,11408.7734375
775,216.4,3.48695540428162
776,216.7,0.0808292552828789
777,216.9,1.31120431423187
778,217.1,35.4368743896484
779,217.2,10810.99609375
780,217.4,3.65874671936035
781,217.7,0.171325415372849
782,217.9,2.43722343444824
783,218.1,106.672958374023
784,218.2,10489.078125
785,218.4,4.77684593200684
786,218.7,0.179944097995758
787,218.9,0.657349169254303
788,219.0,1.81679475307465
789,219.2,11205.2763671875
790,219.3,357.899597167969
791,219.5,0.626484990119934
792,219.8,0.466806441545486
793,220.0,2.24132299423218
794,220.2,10705.5029296875
795,220.3,465.376892089844
796,220.5,0.322501748800278
797,220.8,0.887025415897369
798,221.0,4.9919638633728
799,221.2,12621.7021484375
800,221.3,244.588394165039
801,221.5,0.679012358188629
802,221.7,0.323549956083298
803,221.9,0.965408802032471
804,222.1,14.7184953689575
805,222.2,12631.2978515625
806,222.3,492.572662353516
807,222.6,0.372816205024719
808,222.7,0.341602623462677
809,222.9,2.61285805702209
810,223.1,29.3645477294922
811,223.2,13395.541015625
812,223.4,10.4178895950317
813,223.5,1.40228283405304
814,223.8,0.403796881437302
815,224.0,2.17924523353577
816,224.2,11938.82421875
817,224.3,585.584411621094
818,224.5,1.11180996894836
819,224.7,0.21476823091507
820,224.9,2.57733511924744
821,225.1,30.7239685058594
822,225.2,10731.27734375
823,225.4,10.4654092788696
824,225.5,1.08746802806854
825,225.7,0.200675517320633
826,225.9,2.1048219203949
827,226.0,2.10796642303467
828,226.2,12514.8828125
829,226.3,460.347534179688
830,226.5,0.393431156873703
831,226.7,0.629746079444885
832,226.9,1.99592363834381
833,227.1,68.9868392944336
834,227.2,10002.7822265625
835,227.4,12.7435359954834
836,227.5,0.321453541517258
837,227.8,0.598648965358734
838,227.9,0.816794753074646
839,228.1,140.737716674805
840,228.2,10566.21875
841,228.3,511.706512451172
842,228.5,0.471348702907562
843,228.8,0.632075488567352
844,229.0,4.74307012557983
845,229.2,11471.4658203125
846,229.3,410.090728759766
847,229.4,2.90752387046814
848,229.7,0.0856044739484787
849,229.9,0.778593063354492
850,230.1,72.2452850341797
851,230.2,10179.65234375
852,230.3,832.269165039063
853,230.5,0.238644301891327
854,230.7,0.157465636730194
855,230.9,1.18832981586456
856,231.1,16.5032615661621
857,231.2,11783.8212890625
858,231.4,8.52632236480713
859,231.5,0.365595161914825
860,231.8,0.199044957756996
861,232.0,1.20533430576324
862,232.1,18.1037731170654
863,232.2,11508.517578125
864,232.4,11.1396455764771
865,232.6,0.108432330191135
866,232.8,0.465059399604797
867,233.0,1.72350335121155
868,233.1,9.97565841674805
869,233.2,10931.8134765625
870,233.4,12.0639410018921
871,233.6,0.100395992398262
872,233.8,0.214185878634453
873,234.0,1.26019096374512
874,234.1,20.6344051361084
875,234.2,10995.72265625
876,234.4,20.8191242218018
877,234.6,0.287794083356857
878,234.9,0.890519440174103
879,235.1,10.1002798080444
880,235.2,11092.40625
881,235.4,23.1658515930176
882,235.6,0.0987654328346252
883,235.8,0.242604240775108
884,236.0,1.03179597854614
885,236.2,10170.275390625
886,236.3,591.630432128906
887,236.5,0.661192655563354
888,236.7,0.344397842884064
889,236.9,1.84090375900269
890,237.1,19.1906585693359
891,237.2,10626.3349609375
892,237.4,15.8952941894531
893,237.5,2.6931049823761
894,237.8,0.230375021696091
895,237.9,0.154786854982376
896,238.1,16.5041923522949
897,238.2,9413.1337890625
898,238.4,56.2780113220215
899,238.5,2.25762867927551
900,238.7,0.0780340060591698
901,238.9,0.626135587692261
902,239.1,48.6380157470703
903,239.2,12707.5361328125
904,239.4,20.0266704559326
905,239.6,0.307011425495148
906,239.8,0.483112037181854
907,240.0,0.818308889865875
908,240.2,8440.296875
909,240.3,797.320495605469
910,240.5,0.457255989313126
911,240.8,0.337992072105408
912,241.0,1.44269740581512
913,241.2,8677.8603515625
914,241.3,593.144409179688
915,241.5,0.333100408315659
916,241.6,0.0974842756986618
917,241.8,0.167831346392632
918,242.0,1.84160256385803
919,242.2,8012.69580078125
920,242.3,1000.27008056641
921,242.4,5.69170761108398
922,242.7,0.168180763721466
923,242.9,0.162590265274048
924,243.1,14.9395523071289
925,243.2,8580.4580078125
926,243.3,705.417419433594
927,243.5,0.526205480098724
928,243.7,0.180293500423431
929,244.0,0.992895424365997
930,244.2,9599.771484375
931,244.3,1076.37036132813
932,244.4,8.40892124176025
933,244.6,0.115886323153973
934,244.8,0.278942465782166
935,245.0,1.70312130451202
936,245.2,10644.5830078125
937,245.3,587.489074707031
938,245.4,13.8506870269775
939,245.6,0.0413463786244392
940,245.7,0.179827630519867
941,246.0,0.748311221599579
942,246.2,10316.23828125
943,246.3,947.046691894531
944,246.5,0.824947595596313
945,246.7,0.0872350335121155
946,246.9,0.378989040851593
947,247.1,10.868390083313
948,247.2,9949.8857421875
949,247.4,28.423713684082
950,247.6,0.310854882001877
951,247.8,0.171558350324631
952,248.0,0.931516408920288
953,248.2,9362.28125
954,248.3,693.670715332031
955,248.5,1.3095737695694
956,248.8,1.22082459926605
957,248.9,2.02632188796997
958,249.1,18.8404388427734
959,249.2,9357.1923828125
960,249.4,27.1323089599609
961,249.5,1.48905193805695
962,249.7,0.326578140258789
963,249.9,1.2474958896637
964,250.1,17.5290012359619
965,250.2,9908.0712890625
966,250.4,71.6021423339844
967,250.7,0.943978548049927
968,250.9,6.32914066314697
969,251.1,36.2943153381348
970,251.2,7899.58837890625
971,251.4,20.1970653533936
972,251.6,0.296995103359222
973,251.8,0.924644768238068
974,252.0,3.24959230422974
975,252.2,9819.5908203125
976,252.3,1176.34143066406
977,252.5,2.63708353042603
978,252.8,1.44782209396362
979,253.0,6.97798728942871
980,253.2,8060.2685546875
981,253.3,942.423034667969
982,253.5,1.09224319458008
983,253.7,0.648730516433716
984,253.9,1.09818303585052
985,254.1,37.5732574462891
986,254.2,6661.099609375
987,254.3,1293.46325683594
988,254.5,0.795946896076202
989,254.8,0.597367823123932
990,255.0,2.8807361125946
991,255.2,7160.6044921875
992,255.3,841.437927246094
993,255.5,0.376776158809662
994,255.6,0.386675983667374
995,255.9,0.457372456789017
996,256.1,10.7281618118286
997,256.2,8516.591796875
998,256.4,9.36594486236572
999,256.7,0.195317953824997
1000,256.9,0.596203148365021
1001,257.1,12.0195665359497
1002,257.2,8155.75146484375
1003,257.4,13.3205213546753
1004,257.5,0.921966016292572
1005,257.8,0.757512211799622
1006,257.9,3.15024447441101
1007,258.2,8572.6591796875
1008,258.3,1264.07751464844
1009,258.5,0.665036082267761
1010,258.7,0.194036796689034
1011,258.8,0.120778009295464
1012,259.0,0.875029146671295
1013,259.1,5.15071058273315
1014,259.2,9687.76171875
1015,259.4,31.2699737548828
1016,259.7,0.535173535346985
1017,259.8,1.19100856781006
1018,259.9,4.68040990829468
1019,260.2,8677.0927734375
1020,260.3,1201.26281738281
1021,260.5,1.03540647029877
1022,260.7,0.294782191514969
1023,261.0,0.946307957172394
1024,261.2,10163.068359375
1025,261.3,740.379455566406
1026,261.5,1.74097371101379
1027,261.8,1.00710463523865
1028,261.9,3.28674578666687
1029,262.2,7714.736328125
1030,262.3,1031.17565917969
1031,262.4,75.5186386108398
1032,262.6,0.200791984796524
1033,262.8,0.0635918974876404
1034,263.0,0.956906616687775
1035,263.1,12.4453763961792
1036,263.2,8953.3916015625
1037,263.4,43.0359878540039
1038,263.6,0.430468201637268
1039,263.9,0.860237598419189
1040,264.1,2.45446085929871
1041,264.2,7860.86083984375
1042,264.4,123.359886169434
1043,264.5,3.34369897842407
1044,264.8,1.1373165845871
1045,265.0,6.8447470664978
1046,265.2,7472.61279296875
1047,265.3,944.235168457031
1048,265.5,2.86652684211731
1049,265.8,0.534940600395203
1050,265.9,0.431399941444397
1051,266.1,14.7063827514648
1052,266.2,8432.0556640625
1053,266.4,141.740966796875
1054,266.5,5.53831815719604
1055,266.8,8.21896076202393
1056,267.0,67.5062866210938
1057,267.2,5995.29931640625
1058,267.3,1285.48608398438
1059,267.5,0.71220588684082
1060,267.7,0.977521538734436
1061,267.9,6.25052404403687
1062,268.1,33.1776161193848
1063,268.2,7437.119140625
1064,268.4,89.2083587646484
1065,268.6,0.929070591926575
1066,268.7,0.857442319393158
1067,268.9,7.69962739944458
1068,269.0,12.1925230026245
1069,269.2,6057.1357421875
1070,269.3,1105.25146484375
1071,269.5,0.650593996047974
1072,269.7,0.315630108118057
1073,269.9,1.34334969520569
1074,270.1,13.4601678848267
1075,270.2,7997.7412109375
1076,270.4,16.3863258361816
1077,270.7,1.4520149230957
1078,270.9,6.78546476364136
1079,271.0,9.96051692962646
1080,271.2,6465.67724609375
1081,271.3,973.958068847656
1082,271.5,0.564290702342987
1083,271.7,0.352317720651627
1084,271.9,1.44129979610443
1085,272.1,6.02177953720093
1086,272.2,8474.6806640625
1087,272.4,40.9585380554199
1088,272.7,0.3497554063797
1089,272.8,0.259608656167984
1090,273.0,2.702073097229
1091,273.2,6802.22607421875
1092,273.3,923.221435546875
1093,273.5,1.47076630592346
1094,273.8,0.167249009013176
1095,274.0,0.969601690769196
1096,274.2,6936.53662109375
1097,274.3,1565.20812988281
1098,274.5,1.22233867645264
1099,274.6,0.3555788397789
1100,274.9,0.788376450538635
1101,275.1,5.25564861297607
1102,275.2,6611.0859375
1103,275.4,70.7330551147461
1104,275.7,0.599580705165863
1105,275.9,0.412997901439667
1106,276.1,4.92115068435669
1107,276.2,8072.37744140625
1108,276.4,96.4102020263672
1109,276.6,0.416375488042831
1110,276.8,0.0542743988335133
1111,277.0,0.635918915271759
1112,277.2,4993.80712890625
1113,277.3,1656.6318359375
1114,277.4,59.1214752197266
1115,277.6,0.529000699520111
1116,277.9,0.166783139109612
1117,278.0,0.209993004798889
1118,278.2,4389.17919921875
1119,278.3,2526.974609375
1120,278.5,2.86256694793701
1121,278.6,0.586885631084442
1122,278.9,0.416724890470505
1123,279.1,2.33473086357117
1124,279.2,5132.38330078125
1125,279.3,1637.31311035156
1126,279.5,3.31306767463684
1127,279.6,0.628232002258301
1128,279.9,0.278243660926819
1129,280.1,2.98648953437805
1130,280.2,7095.35595703125
1131,280.4,174.241561889648
1132,280.6,2.11996269226074
1133,280.9,18.5040760040283
1134,281.0,65.5294647216797
1135,281.2,6067.37451171875
1136,281.3,1255.7158203125
1137,281.5,0.278593063354492
1138,281.7,0.741672515869141
1139,281.9,9.82844161987305
1140,282.1,77.7928009033203
1141,282.2,7007.4482421875
1142,282.4,88.5048904418945
1143,282.6,0.568483591079712
1144,282.8,2.57232713699341
1145,283.0,24.4515495300293
1146,283.2,4996.060546875
1147,283.3,1263.02416992188
1148,283.5,0.779757738113403
1149,283.8,0.866992771625519
1150,284.0,3.64185881614685
1151,284.2,5425.6357421875
1152,284.3,1768.37744140625
1153,284.4,42.4383888244629
1154,284.7,1.89948749542236
1155,284.8,2.68040990829468
1156,285.0,29.3258800506592
1157,285.2,5347.68798828125
1158,285.3,1201.49243164063
1159,285.5,0.522361993789673
1160,285.7,0.355112969875336
1161,285.9,2.19531798362732
1162,286.1,11.4577217102051
1163,286.2,7077.39599609375
1164,286.4,81.8994903564453
1165,286.7,0.686466336250305
1166,286.9,4.52014923095703
1167,287.1,19.3286743164063
1168,287.2,6136.28515625
1169,287.4,62.9969711303711
1170,287.6,0.332285106182098
1171,287.9,0.79093873500824
1172,288.1,4.26065683364868
1173,288.2,6415.78466796875
1174,288.4,206.438858032227
1175,288.5,2.71535062789917
1176,288.8,2.72187280654907
1177,289.0,12.0821104049683
1178,289.1,13.1596784591675
1179,289.2,5451.376953125
1180,289.4,91.3419494628906
1181,289.7,0.422664791345596
1182,289.9,1.23153972625732
1183,290.1,4.4198694229126
1184,290.3,5417.40234375
1185,290.4,130.948760986328
1186,290.6,0.801304459571838
1187,290.9,0.832518041133881
1188,291.1,4.87933826446533
1189,291.3,4683.89501953125
1190,291.4,77.8022384643555
1191,291.6,0.52888423204422
1192,291.7,0.32564640045166
1193,292.0,0.767062664031982
1194,292.2,2269.27954101563
1195,292.3,3113.96655273438
1196,292.5,7.20160722732544
1197,292.8,0.805963218212128
1198,293.0,3.99627304077148
1199,293.2,2172.25634765625
1200,293.3,1992.1513671875
1201,293.5,4.60202646255493
1202,293.7,0.192522704601288
1203,293.9,0.641625881195068
1204,294.0,0.811553716659546
1205,294.2,2824.9248046875
1206,294.3,2792.89404296875
1207,294.5,6.29187059402466
1208,294.8,0.890053570270538
1209,295.0,2.71337056159973
1210,295.2,2603.91845703125
1211,295.3,2042.46826171875
1212,295.5,3.88562774658203
1213,295.8,0.483577907085419
1214,296.0,1.18553459644318
1215,296.1,2.41800594329834
1216,296.2,5528.056640625
1217,296.4,118.414741516113
1218,296.6,0.193221524357796
1219,296.8,0.938620984554291
1220,297.0,2.38399720191956
1221,297.2,3143.6220703125
1222,297.3,1501.72692871094
1223,297.4,66.3212203979492
1224,297.7,0.349406003952026
1225,297.8,0.195317953824997
1226,298.0,0.993361294269562
1227,298.1,2.0752387046814
1228,298.2,5684.20849609375
1229,298.4,108.254600524902
1230,298.6,0.241206616163254
1231,298.8,0.656766831874847
1232,299.0,3.03144645690918
1233,299.2,3236.76171875
1234,299.3,1821.79858398438
1235,299.5,1.61297464370728
1236,299.6,0.291055202484131
1237,299.9,0.517586767673492
1238,300.1,2.62473797798157
1239,300.2,5677.83837890625
1240,300.4,204.673416137695
1241,300.6,0.390053570270538
1242,300.9,0.947822034358978
1243,301.1,4.90298175811768
1244,301.3,4539.44287109375
1245,301.4,133.418350219727
1246,301.7,0.647682249546051
1247,301.9,0.544025182723999
1248,302.1,2.73619842529297
1249,302.3,5060.09521484375
1250,302.4,315.064300537109
1251,302.5,4.83449792861938
1252,302.8,0.391800612211227
1253,302.9,0.609829962253571
1254,303.1,3.96063351631165
1255,303.3,3912.92431640625
1256,303.4,145.260192871094
1257,303.6,0.661891460418701
1258,303.9,1.10948050022125
1259,304.1,2.66410446166992
1260,304.3,4207.95849609375
1261,304.4,154.449798583984
1262,304.5,6.76263666152954
1263,304.7,0.0906126275658607
1264,304.8,0.507803380489349
1265,305.1,1.66736543178558
1266,305.3,3458.37841796875
1267,305.4,117.112976074219
1268,305.5,6.02783584594727
1269,305.7,0.383647799491882
1270,305.8,0.721174001693726
1271,306.0,0.374679714441299
1272,306.2,918.111206054688
1273,306.3,3275.9384765625
1274,306.5,6.20510149002075
1275,306.6,0.95481014251709
1276,306.9,0.335662692785263
1277,307.1,2.50826930999756
1278,307.2,796.416748046875
1279,307.3,2224.3349609375
1280,307.5,7.10505485534668
1281,307.7,0.448404371738434
1282,307.9,0.542976915836334
1283,308.1,1.68856275081635
1284,308.3,3805.2607421875
1285,308.4,234.819351196289
1286,308.5,9.84498023986816
1287,308.7,0.10598649084568
1288,308.8,0.425343573093414
1289,309.1,2.41253209114075
1290,309.2,1081.37866210938
1291,309.3,2109.7138671875
1292,309.5,4.57826709747314
1293,309.6,1.13871419429779
1294,309.9,0.236897274851799
1295,310.1,3.28278589248657
1296,310.2,1736.28186035156
1297,310.3,2597.724609375
1298,310.5,2.47880268096924
1299,310.8,0.598998367786407
1300,311.0,1.78499889373779
1301,311.2,1475.83605957031
1302,311.3,1947.17700195313
1303,311.5,5.3174934387207
1304,311.6,0.529466569423676
1305,311.9,0.313533663749695
1306,312.1,2.54425811767578
1307,312.3,4329.61865234375
1308,312.4,235.919982910156
1309,312.5,3.9078733921051
1310,312.7,0.334032148122787
1311,312.9,0.74947589635849
1312,313.1,3.71826219558716
1313,313.3,3599.53051757813
1314,313.4,170.008850097656
1315,313.6,0.314814805984497
1316,313.8,0.201956674456596
1317,314.0,0.797228038311005
1318,314.2,1147.22082519531
1319,314.3,3153.02392578125
1320,314.4,385.200103759766
1321,314.6,0.269042640924454
1322,314.8,0.182389929890633
1323,315.0,0.546354532241821
1324,315.2,779.500915527344
1325,315.3,2579.49462890625
1326,315.4,192.55241394043
1327,315.6,0.597018420696259
1328,315.8,0.0416957847774029
1329,316.0,0.532261848449707
1330,316.2,731.427062988281
1331,316.3,3502.46606445313
1332,316.5,6.60668516159058
1333,316.6,0.627882599830627
1334,316.8,0.360470533370972
1335,317.0,0.581178665161133
1336,317.2,386.978210449219
1337,317.3,2770.77465820313
1338,317.5,8.10971355438232
1339,317.8,0.20323783159256
1340,318.0,0.569881200790405
1341,318.2,396.06103515625
1342,318.3,3147.56103515625
1343,318.5,9.51583957672119
1344,318.7,0.239692524075508
1345,318.9,0.312834858894348
1346,319.0,0.278476595878601
1347,319.2,270.751220703125
1348,319.3,2338.47534179688
1349,319.4,181.531219482422
1350,319.6,1.07861638069153
1351,319.8,0.165269047021866
1352,320.0,0.647099912166595
1353,320.2,257.446655273438
1354,320.3,3158.59594726563
1355,320.5,16.5426273345947
1356,320.7,0.438853949308395
1357,321.0,0.319124162197113
1358,321.2,281.876434326172
1359,321.3,2090.81518554688
1360,321.5,9.05206108093262
1361,321.7,0.542161643505096
1362,322.0,0.454693675041199
1363,322.1,0.83240157365799
1364,322.3,2821.54516601563
1365,322.4,393.590270996094
1366,322.6,0.681807577610016
1367,322.7,0.496156543493271
1368,322.9,0.448520839214325
1369,323.1,4.331702709198
1370,323.3,1962.36010742188
1371,323.4,358.870361328125
1372,323.5,9.69659900665283
1373,323.7,0.650710463523865
1374,324.0,0.635802447795868
1375,324.2,470.655364990234
1376,324.3,2718.70068359375
1377,324.5,21.8893547058105
1378,324.8,3.55147910118103
1379,325.0,17.9719314575195
1380,325.2,451.357086181641
1381,325.3,2060.3427734375
1382,325.5,5.70906114578247
1383,325.6,0.817843019962311
1384,325.9,2.42813873291016
1385,326.1,7.6699275970459
1386,326.2,468.881652832031
1387,326.3,3063.64868164063
1388,326.5,7.07768440246582
1389,326.7,2.23433494567871
1390,326.9,24.8830661773682
1391,327.1,77.4968566894531
1392,327.3,2642.04223632813
1393,327.4,200.119033813477
1394,327.7,1.21674823760986
1395,327.9,6.03645467758179
1396,328.1,14.8535985946655
1397,328.3,3212.24194335938
1398,328.4,543.079772949219
1399,328.5,6.46284627914429
1400,328.7,0.99056601524353
1401,328.9,6.84160280227661
1402,329.1,16.4131145477295
1403,329.2,214.023986816406
1404,329.3,2478.86181640625
1405,329.5,7.79746103286743
1406,329.6,0.60400652885437
1407,329.9,1.30433261394501
1408,330.1,3.73386907577515
1409,330.3,2830.02197265625
1410,330.4,588.354187011719
1411,330.6,2.05066394805908
1412,330.9,2.90461206436157
1413,331.0,2.84160256385803
1414,331.2,85.9046096801758
1415,331.3,2397.54370117188
1416,331.5,14.4566736221313
1417,331.7,0.424411833286285
1418,332.0,1.34800839424133
1419,332.2,115.026092529297
1420,332.3,2454.3544921875
1421,332.4,406.770904541016
1422,332.6,1.49312829971313
1423,332.9,0.691474497318268
1424,333.1,2.17714881896973
1425,333.2,44.4404830932617
1426,333.3,2200.65649414063
1427,333.5,14.0027952194214
1428,333.7,0.464826464653015
1429,334.0,0.52993243932724
1430,334.2,68.0765228271484
1431,334.3,2277.53735351563
1432,334.4,531.289184570313
1433,334.6,0.992429554462433
1434,334.8,0.443978577852249
1435,335.0,0.579082250595093
1436,335.2,72.4742584228516
1437,335.3,1526.76574707031
1438,335.4,355.851165771484
1439,335.6,1.3950617313385
1440,335.8,0.0811786651611328
1441,336.0,0.604588866233826
1442,336.2,73.1969451904297
1443,336.3,2555.75439453125
1444,336.5,22.9811325073242
1445,336.7,0.113091081380844
1446,336.9,0.461215943098068
1447,337.0,0.246797114610672
1448,337.2,65.4171905517578
1449,337.3,1776.27026367188
1450,337.5,15.0539245605469
1451,337.7,0.231423243880272
1452,337.8,0.357209414243698
1453,338.1,1.6762170791626
1454,338.3,1818.58728027344
1455,338.4,713.149169921875
1456,338.6,0.715699970722198
1457,338.9,1.01677143573761
1458,339.0,0.970766365528107
1459,339.2,102.161079406738
1460,339.3,1750.787109375
1461,339.5,15.1175165176392
1462,339.7,0.449685543775558
1463,340.0,0.692988574504852
1464,340.2,76.8920364379883
1465,340.3,2631.85278320313
1466,340.5,11.6564178466797
1467,340.8,8.4645938873291
1468,341.0,61.6931037902832
1469,341.2,312.483215332031
1470,341.3,1958.02917480469
1471,341.5,1.74260425567627
1472,341.7,0.520964384078979
1473,341.9,7.39494514465332
1474,342.1,33.2525024414063
1475,342.2,56.6242713928223
1476,342.3,2940.1953125
1477,342.5,12.4071741104126
1478,342.6,2.38061952590942
1479,342.8,2.45085024833679
1480,343.0,16.9368743896484
1481,343.2,60.4134635925293
1482,343.3,2018.64916992188
1483,343.5,10.8372936248779
1484,343.7,0.408106207847595
1485,343.9,1.63522017002106
1486,344.0,1.74644768238068
1487,344.2,22.3952941894531
1488,344.3,2741.14428710938
1489,344.5,32.3803863525391
1490,344.8,3.34311676025391
1491,345.0,16.8973903656006
1492,345.2,47.1965980529785
1493,345.3,1544.68322753906
1494,345.4,458.226867675781
1495,345.6,1.23619842529297
1496,345.9,1.78045654296875
1497,346.0,2.42534351348877
1498,346.2,20.0517120361328
1499,346.3,2458.5595703125
1500,346.5,22.8716506958008
1501,346.8,1.44980204105377
1502,347.0,4.3254132270813
1503,347.2,14.254017829895
1504,347.3,1834.68298339844
1505,347.5,17.4512004852295
1506,347.6,2.09795022010803
1507,347.9,0.385744243860245
1508,348.0,0.383764266967773
1509,348.2,14.5522947311401
1510,348.3,2416.08178710938
1511,348.5,37.8724670410156
1512,348.8,1.50605642795563
1513,349.0,2.90717458724976
1514,349.2,19.436408996582
1515,349.3,1620.74658203125
1516,349.5,20.1637554168701
1517,349.8,0.853133022785187
1518,349.9,0.765082716941833
1519,350.1,2.30607962608337
1520,350.3,1263.53930664063
1521,350.4,988.598510742188
1522,350.5,43.3690910339355
1523,350.8,0.659445583820343
1524,351.0,0.999650597572327
1525,351.2,16.1836719512939
1526,351.3,829.356140136719
1527,351.4,737.298645019531
1528,351.6,1.41649198532104
1529,351.9,0.326112270355225
1530,352.0,0.193570926785469
1531,352.2,24.8047981262207
1532,352.4,2066.66943359375
1533,352.5,39.3621025085449
1534,352.8,0.312718391418457
1535,353.0,0.876659691333771
1536,353.2,16.0816440582275
1537,353.3,1470.37194824219
1538,353.5,21.8460292816162
1539,353.6,1.12986254692078
1540,353.9,0.185068711638451
1541,354.1,1.1359189748764
1542,354.3,1228.00122070313
1543,354.4,917.11181640625
1544,354.6,2.44316339492798
1545,354.9,14.307710647583
1546,355.1,112.863845825195
1547,355.3,1428.40246582031
1548,355.4,381.979370117188
1549,355.6,0.404961556196213
1550,355.8,1.61576986312866
1551,356.0,11.3668766021729
1552,356.2,44.5101318359375
1553,356.3,1487.60266113281
1554,356.4,891.602722167969
1555,356.6,0.891218245029449
1556,356.8,1.81236898899078
1557,357.0,9.89261627197266
1558,357.2,39.8215713500977
1559,357.3,1539.4248046875
1560,357.5,21.286979675293
1561,357.8,0.494293034076691
1562,358.0,1.8328675031662
1563,358.2,8.92045211791992
1564,358.3,2209.66967773438
1565,358.5,60.4866065979004
1566,358.8,1.92813885211945
1567,359.0,9.10738372802734
1568,359.1,14.0186347961426
1569,359.3,960.212890625
1570,359.4,636.033325195313
1571,359.6,2.07908225059509
1572,359.8,0.315513640642166
1573,360.0,2.17796421051025
1574,360.2,9.06661987304688
1575,360.4,2092.4150390625
1576,360.5,37.5832748413086
1577,360.6,2.36396455764771
1578,360.9,1.39028656482697
1579,361.1,6.71465158462524
1580,361.3,672.594787597656
1581,361.4,842.522583007813
1582,361.6,2.28301882743835
1583,361.8,0.112159326672554
1584,362.0,1.10179364681244
1585,362.2,4.34334945678711
1586,362.4,2053.3759765625
1587,362.5,74.9389724731445
1588,362.6,2.00768685340881
1589,362.9,3.02841830253601
1590,363.1,11.7706727981567
1591,363.3,569.390625
1592,363.4,851.172485351563
1593,363.6,1.90880501270294
1594,363.8,0.585720956325531
1595,364.0,1.66783130168915
1596,364.2,11.9748430252075
1597,364.4,1931.33361816406
1598,364.5,55.6107635498047
1599,364.8,0.667365491390228
1600,365.0,1.5789657831192
1601,365.2,6.48334503173828
1602,365.4,1376.89904785156
1603,365.5,45.1462860107422
1604,365.6,2.31376647949219
1605,365.9,0.372816205024719
1606,366.0,0.239226654171944
1607,366.2,7.81516408920288
1608,366.3,520.8828125
1609,366.4,1317.53930664063
1610,366.6,1.11553692817688
1611,366.9,0.785348236560822
1612,367.1,2.47169804573059
1613,367.3,437.973663330078
1614,367.4,799.757629394531
1615,367.5,43.4749603271484
1616,367.8,0.60400652885437
1617,368.0,0.467738181352615
1618,368.2,6.30491495132446
1619,368.4,1780.48913574219
1620,368.5,41.4105529785156
1621,368.8,0.3863265812397
1622,369.0,0.768343806266785
1623,369.2,8.64977836608887
1624,369.3,418.348236083984
1625,369.4,812.795837402344
1626,369.6,1.26147210597992
1627,369.9,0.272769629955292
1628,370.1,1.27428376674652
1629,370.3,599.299072265625
1630,370.4,1187.38952636719
1631,370.5,72.4067077636719
1632,370.7,0.699510812759399
1633,371.0,0.620195686817169
1634,371.2,6.96715593338013
1635,371.4,1109.11730957031
1636,371.5,51.6243896484375
1637,371.6,1.91113436222076
1638,371.9,0.314931273460388
1639,372.1,1.26484978199005
1640,372.3,512.943603515625
1641,372.4,1277.98779296875
1642,372.6,2.85301661491394
1643,372.8,1.1489634513855
1644,372.9,0.591777324676514
1645,373.1,2.99126482009888
1646,373.3,321.822265625
1647,373.4,860.131591796875
1648,373.6,3.10319113731384
1649,373.7,0.814232468605042
1650,374.0,0.73689728975296
1651,374.1,1.0569531917572
1652,374.3,462.610076904297
1653,374.4,1233.84118652344
1654,374.6,3.22163987159729
1655,374.7,0.707197785377502
1656,375.0,1.08432328701019
1657,375.2,5.80573034286499
1658,375.4,1110.40148925781
1659,375.5,49.660961151123
1660,375.6,4.25681352615356
1661,375.8,0.555206120014191
1662,376.1,1.21593296527863
1663,376.3,240.131256103516
1664,376.4,1554.05554199219
1665,376.6,2.88085246086121
1666,376.9,0.648846983909607
1667,377.1,1.79361748695374
1668,377.2,3.76345205307007
1669,377.4,1047.40991210938
1670,377.5,53.3367118835449
1671,377.7,1.05508971214294
1672,377.9,0.622175633907318
1673,378.1,0.872466802597046
1674,378.3,221.602020263672
1675,378.4,1453.64794921875
1676,378.6,3.24842762947083
1677,378.8,0.183671087026596
1678,379.0,0.461798280477524
1679,379.2,4.95632410049438
1680,379.4,1012.11065673828
1681,379.5,74.944091796875
1682,379.7,0.322851151227951
1683,379.9,0.72373628616333
1684,380.1,1.10854876041412
1685,380.2,4.5736083984375
1686,380.4,1435.38708496094
1687,380.5,78.4302368164063
1688,380.6,0.834148585796356
1689,380.9,0.403331011533737
1690,381.1,1.2720707654953
1691,381.2,3.66853022575378
1692,381.4,897.860961914063
1693,381.5,83.9917297363281
1694,381.7,0.63498717546463
1695,381.9,0.437572807073593
1696,382.2,5.38236665725708
1697,382.4,1342.40417480469
1698,382.5,81.497673034668
1699,382.6,2.76671314239502
1700,382.9,1.04099702835083
1701,383.1,2.16177487373352
1702,383.2,5.1618914604187
1703,383.4,853.642456054688
1704,383.5,103.81120300293
1705,383.6,3.53447461128235
1706,383.8,0.105054743587971
1707,384.0,0.709993004798889
1708,384.2,3.40251564979553
1709,384.4,1289.17724609375
1710,384.5,147.12939453125
1711,384.6,4.52946662902832
1712,384.9,2.31190299987793
1713,385.0,2.14977860450745
1714,385.2,7.3844633102417
1715,385.4,778.581420898438
1716,385.5,101.678077697754
1717,385.8,1.06871652603149
1718,385.9,0.326461672782898
1719,386.1,1.45387840270996
1720,386.3,141.733520507813
1721,386.4,1031.54187011719
1722,386.5,195.778121948242
1723,386.8,2.16491961479187
1724,387.0,6.47146511077881
1725,387.2,10.9121828079224
1726,387.4,763.476806640625
1727,387.5,103.741439819336
1728,387.7,1.7034707069397
1729,388.0,1.79245281219482
1730,388.2,4.9728627204895
1731,388.4,1157.88024902344
1732,388.5,115.008033752441
1733,388.6,5.8987889289856
1734,388.8,0.513976216316223
1735,389.0,2.78220367431641
1736,389.1,2.14069414138794
1737,389.3,92.6684112548828
1738,389.4,751.109924316406
1739,389.6,3.90006995201111
1740,389.8,0.374213844537735
1741,389.9,1.06615424156189
1742,390.2,2.96307945251465
1743,390.4,1243.78173828125
1744,390.5,178.315277099609
1745,390.7,0.652457475662231
1746,390.9,1.24947583675385
1747,391.0,4.80992317199707
1748,391.2,3.48695540428162
1749,391.4,739.322631835938
1750,391.5,83.3313522338867
1751,391.6,5.20009326934814
1752,391.9,1.3186582326889
1753,392.1,2.07733511924744
1754,392.3,65.9396667480469
1755,392.4,1312.26794433594
1756,392.6,4.31038904190063
1757,392.9,1.01653850078583
1758,393.1,2.14069414138794
1759,393.3,42.600513458252
1760,393.4,809.319213867188
1761,393.6,3.89191699028015
1762,393.7,1.04169583320618
1763,394.0,0.70114141702652
1764,394.2,3.04833459854126
1765,394.4,1111.42431640625
1766,394.5,154.992431640625
1767,394.8,0.515490353107452
1768,395.0,0.787677586078644
1769,395.2,3.89564418792725
1770,395.4,649.338562011719
1771,395.5,126.202186584473
1772,395.6,6.08513879776001
1773,395.8,0.334381550550461
1774,396.0,0.257745176553726
1775,396.2,3.07151174545288
1776,396.3,62.3340339660645
1777,396.4,1147.67370605469
1778,396.6,3.30712795257568
1779,396.9,0.321104109287262
1780,397.0,0.29781037569046
1781,397.2,3.07267642021179
1782,397.4,560.125183105469
1783,397.5,179.749237060547
1784,397.6,5.32890748977661
1785,397.8,0.210808292031288
1786,398.0,0.495457708835602
1787,398.2,1.96051716804504
1788,398.3,41.0704650878906
1789,398.4,1181.40686035156
1790,398.6,5.11833238601685
1791,398.9,1.55776846408844
1792,399.1,4.95038414001465
1793,399.3,59.0651054382324
1794,399.4,626.260803222656
1795,399.6,6.24155616760254
1796,399.9,0.811553716659546
1797,400.1,2.23025846481323
1798,400.2,3.06021428108215
1799,400.4,731.028869628906
1800,400.5,322.459808349609
1801,400.6,13.9343118667603
1802,400.9,19.2936172485352
1803,401.1,47.8519668579102
1804,401.2,22.6847190856934
1805,401.4,544.809814453125
1806,401.5,110.119262695313
1807,401.6,6.63044500350952
1808,401.9,5.6681809425354
1809,402.0,6.28977394104004
1810,402.2,14.3064289093018
1811,402.4,773.75439453125
1812,402.5,157.640228271484
1813,402.8,4.0256233215332
1814,402.9,4.51013278961182
1815,403.1,12.316445350647
1816,403.3,63.583625793457
1817,403.4,419.144653320313
1818,403.5,124.522361755371
1819,403.8,1.38178431987762
1820,404.0,2.27917551994324
1821,404.1,1.57826697826385
1822,404.3,22.3448638916016
1823,404.4,755.735046386719
1824,404.5,236.74446105957
1825,404.8,2.60039591789246
1826,405.0,6.86955499649048
1827,405.2,14.551362991333
1828,405.4,443.759033203125
1829,405.5,124.876663208008
1830,405.6,7.3987889289856
1831,405.8,0.579548120498657
1832,406.0,2.00430941581726
1833,406.2,5.89447927474976
1834,406.4,718.216613769531
1835,406.5,264.939544677734
1836,406.8,3.91963672637939
1837,407.0,5.76880979537964
1838,407.2,20.7455158233643
1839,407.3,47.1699295043945
1840,407.4,561.050170898438
1841,407.6,5.0689492225647
1842,407.8,0.672490119934082
1843,408.0,1.00046586990356
1844,408.2,6.67272281646729
1845,408.4,708.671569824219
1846,408.5,257.216857910156
1847,408.7,0.473328679800034
1848,408.9,1.76484978199005
1849,409.0,1.68297231197357
1850,409.2,6.69135808944702
1851,409.4,378.274993896484
1852,409.5,178.693572998047
1853,409.7,0.496855348348618
1854,409.9,0.549965083599091
1855,410.1,0.958653628826141
1856,410.3,15.7276964187622
1857,410.4,960.9765625
1858,410.6,5.58374118804932
1859,410.8,0.358024686574936
1860,411.1,1.06114602088928
1861,411.3,18.9372234344482
1862,411.4,519.527709960938
1863,411.6,8.75285339355469
1864,411.8,0.189145117998123
1865,412.0,0.382832527160645
1866,412.1,0.659911513328552
1867,412.3,11.3586072921753
1868,412.4,470.199981689453
1869,412.5,459.048675537109
1870,412.7,1.65373861789703
1871,413.0,0.891451179981232
1872,413.2,3.13032841682434
1873,413.3,15.7490100860596
1874,413.5,464.292449951172
1875,413.6,11.1167020797729
1876,413.7,1.14313995838165
1877,413.9,0.688096880912781
1878,414.1,0.545772194862366
1879,414.3,8.69811344146729
1880,414.5,752.017822265625
1881,414.6,17.6203117370605
1882,414.9,10.3710689544678
1883,415.1,39.5144424438477
1884,415.3,77.556022644043
1885,415.4,424.322631835938
1886,415.6,8.06580448150635
1887,415.8,2.04996514320374
1888,416.0,6.07838344573975
1889,416.2,15.0329608917236
1890,416.4,435.028533935547
1891,416.5,215.403335571289
1892,416.6,10.4824132919312
1893,416.8,1.18996036052704
1894,417.0,6.88143491744995
1895,417.2,14.8929653167725
1896,417.4,273.691009521484
1897,417.5,133.179824829102
1898,417.6,7.17132520675659
1899,417.9,1.74411833286285
1900,418.1,2.37258338928223
1901,418.2,3.19624972343445
1902,418.4,371.934417724609
1903,418.5,314.232360839844
1904,418.7,2.62019562721252
1905,419.0,4.63091087341309
1906,419.2,13.274866104126
1907,419.4,234.08723449707
1908,419.5,151.287322998047
1909,419.7,1.64675056934357
1910,420.0,1.58490562438965
1911,420.2,4.88574409484863
1912,420.3,12.7412061691284
1913,420.5,636.209045410156
1914,420.6,10.5953874588013
1915,420.9,4.66946172714233
1916,421.1,18.1601448059082
1917,421.2,16.3167953491211
1918,421.4,229.397857666016
1919,421.5,175.96598815918
1920,421.7,1.44374561309814
1921,422.0,2.68238997459412
1922,422.2,8.87409782409668
1923,422.4,317.326110839844
1924,422.5,337.658386230469
1925,422.7,0.83240157365799
1926,422.9,1.88446307182312
1927,423.1,5.43454456329346
1928,423.3,25.5448398590088
1929,423.4,160.253204345703
1930,423.5,188.291168212891
1931,423.7,1.24598181247711
1932,423.9,0.397041708230972
1933,424.1,1.47414398193359
1934,424.3,10.7931518554688
1935,424.5,655.033996582031
1936,424.6,10.4627304077148
1937,424.9,0.566969513893127
1938,425.0,0.139529466629028
1939,425.2,3.1489634513855
1940,425.4,163.013626098633
1941,425.5,196.329483032227
1942,425.7,1.40764033794403
1943,425.9,0.296878635883331
1944,426.2,2.05206155776978
1945,426.4,172.991729736328
1946,426.5,479.392272949219
1947,426.6,14.7005586624146
1948,426.9,0.462264150381088
1949,427.1,1.07966458797455
1950,427.3,9.96785449981689
1951,427.5,312.232696533203
1952,427.6,19.4744930267334
1953,427.8,0.404961556196213
1954,428.1,0.637549519538879
1955,428.2,1.085604429245
1956,428.4,129.896102905273
1957,428.5,429.878753662109
1958,428.7,5.73410224914551
1959,429.0,13.1976470947266
1960,429.1,17.7879104614258
1961,429.3,69.8087615966797
1962,429.5,290.443634033203
1963,429.6,13.5310974121094
1964,429.9,2.94840431213379
1965,430.0,2.96715593338013
1966,430.2,17.0186347961426
1967,430.3,16.6335887908936
1968,430.5,407.063812255859
1969,430.6,17.6615428924561
1970,430.9,2.26508259773254
1971,431.0,3.1593291759491
1972,431.2,13.3850450515747
1973,431.4,129.771133422852
1974,431.5,132.892501831055
1975,431.7,2.50605630874634
1976,432.0,1.51840209960938
1977,432.2,4.466224193573
1978,432.4,142.338104248047
1979,432.5,304.302337646484
1980,432.7,2.47041702270508
1981,433.0,2.55066394805908
1982,433.2,6.53890037536621
1983,433.4,111.515609741211
1984,433.5,118.477401733398
1985,433.6,15.4906826019287
1986,433.8,0.446540892124176
1987,434.0,1.02038204669952
1988,434.2,3.01805257797241
1989,434.3,10.4240627288818
1990,434.5,383.295257568359
1991,434.6,12.3796882629395
1992,434.9,0.861402273178101
1993,435.1,1.69322156906128
1994,435.3,13.0375032424927
1995,435.4,84.2026519775391
1996,435.5,144.977630615234
1997,435.7,2.43128347396851
1998,436.0,0.566270649433136
1999,436.2,2.74143958091736
2000,436.4,139.976943969727
2001,436.5,271.272766113281
2002,436.7,1.1813417673111
2003,437.0,2.01094794273376
2004,437.2,5.25273704528809
2005,437.3,10.4511995315552
2006,437.5,203.931396484375
2007,437.6,13.3699045181274
2008,437.7,1.59538781642914
2009,437.9,0.900069892406464
2010,438.2,2.95550894737244
2011,438.3,5.97321224212646
2012,438.5,415.351745605469
2013,438.6,18.3697872161865
2014,438.7,1.04076409339905
2015,439.0,0.345446079969406
2016,439.2,2.10086178779602
2017,439.4,68.9230117797852
2018,439.5,137.361175537109
2019,439.6,21.4184722900391
2020,439.8,0.751455843448639
2021,440.0,0.467738181352615
2022,440.2,1.33298397064209
2023,440.3,5.14313983917236
2024,440.5,390.241668701172
2025,440.6,32.8798027038574
2026,440.8,0.479967385530472
2027,441.1,0.891684114933014
2028,441.2,1.47262990474701
2029,441.4,60.7068481445313
2030,441.5,155.523986816406
2031,441.7,1.60994637012482
2032,441.8,0.70696485042572
2033,442.0,0.168530166149139
2034,442.2,1.57069647312164
2035,442.3,4.19135808944702
2036,442.5,307.455261230469
2037,442.6,36.5606803894043
2038,442.8,0.683671116828918
2039,443.0,0.248777076601982
2040,443.2,2.18600034713745
2041,443.4,48.9663391113281
2042,443.5,134.455627441406
2043,443.7,2.59666895866394
2044,444.0,0.72641509771347
2045,444.2,1.80002331733704
2046,444.4,59.7327041625977
2047,444.5,173.839859008789
2048,444.6,30.9952239990234
2049,444.9,1.1982296705246
2050,445.1,1.55206143856049
2051,445.3,9.45876979827881
2052,445.5,127.88737487793
2053,445.6,19.0999298095703
2054,445.8,0.751339375972748
2055,446.1,1.09841597080231
2056,446.2,1.64232468605042
2057,446.4,48.8950614929199
2058,446.5,186.108657836914
2059,446.6,44.1396446228027
2060,446.8,0.587467968463898
2061,446.9,0.93431168794632
2062,447.2,3.47099924087524
2063,447.4,50.0067558288574
2064,447.5,94.6191482543945
2065,447.7,1.93815517425537
2066,448.0,0.88655948638916
2067,448.2,1.78022360801697
2068,448.3,6.86454677581787
2069,448.5,210.004776000977
2070,448.6,22.9255771636963
2071,448.9,0.83240157365799
2072,449.1,1.30782663822174
2073,449.2,2.30969023704529
2074,449.4,45.1136741638184
2075,449.5,90.5512466430664
2076,449.7,2.1217098236084
2077,449.9,0.25529932975769
2078,450.1,0.791521072387695
2079,450.3,7.75984144210815
2080,450.5,212.347198486328
2081,450.6,24.7910556793213
2082,450.7,1.34055435657501
2083,451.0,0.444560915231705
2084,451.2,1.84696018695831
2085,451.4,45.1318435668945
2086,451.5,88.9737930297852
2087,451.7,1.55357563495636
2088,451.8,0.792452812194824
2089,452.1,0.586419761180878
2090,452.3,5.76846027374268
2091,452.5,229.327514648438
2092,452.6,31.2657814025879
2093,452.8,0.629513144493103
2094,453.1,0.609014689922333
2095,453.3,6.29466581344604
2096,453.4,34.5251579284668
2097,453.5,95.3721160888672
2098,453.7,1.92441177368164
2099,453.9,0.79885858297348
2100,454.1,0.446074992418289
2101,454.3,3.9792685508728
2102,454.5,208.153396606445
2103,454.6,44.851734161377
2104,454.8,0.162007912993431
2105,455.0,0.18879571557045
2106,455.2,1.34148609638214
2107,455.4,27.3722343444824
2108,455.5,98.1809921264648
2109,455.7,3.17377114295959
2110,455.8,0.53575587272644
2111,456.1,0.832750976085663
2112,456.3,4.50978326797485
2113,456.4,24.9913806915283
2114,456.5,174.174591064453
2115,456.7,2.95294666290283
2116,456.8,0.904728651046753
2117,457.1,0.577801048755646
2118,457.3,5.1282320022583
2119,457.5,72.2198944091797
2120,457.6,30.2386436462402
2121,457.9,0.725599825382233
2122,458.0,0.265897959470749
2123,458.2,1.36757516860962
2124,458.4,28.6988124847412
2125,458.5,93.1819229125977
2126,458.6,39.1318435668945
2127,458.8,2.13824820518494
2128,459.1,2.6594455242157
2129,459.3,9.10423946380615
2130,459.5,59.4414176940918
2131,459.6,21.9545764923096
2132,459.8,1.19601678848267
2133,460.0,0.313999533653259
2134,460.2,2.20812940597534
2135,460.4,25.5508975982666
2136,460.5,127.602722167969
2137,460.7,7.96552515029907
2138,461.0,9.17353820800781
2139,461.2,15.2346839904785
2140,461.4,40.1310272216797
2141,461.5,48.5506629943848
2142,461.7,5.38143491744995
2143,461.9,1.34870719909668
2144,462.1,4.00815296173096
2145,462.3,10.3391571044922
2146,462.5,101.395408630371
2147,462.6,25.6802940368652
2148,462.8,1.11052882671356
2149,463.0,3.3524341583252
2150,463.2,5.90962028503418
2151,463.4,31.4196357727051
2152,463.5,43.3982048034668
2153,463.7,3.79699516296387
2154,464.0,1.20253896713257
2155,464.2,2.32296752929688
2156,464.3,6.23386907577515
2157,464.5,101.795829772949
2158,464.6,31.3511524200439
2159,464.9,1.88807356357574
2160,465.1,2.76461672782898
2161,465.3,8.72280502319336
2162,465.5,52.6627082824707
2163,465.6,18.6073837280273
2164,465.8,1.35150241851807
2165,466.0,0.726531565189362
2166,466.2,2.26275324821472
2167,466.3,4.33321666717529
2168,466.5,108.904495239258
2169,466.6,34.3658294677734
2170,466.8,0.860936403274536
2171,467.1,1.37269973754883
2172,467.2,1.38644301891327
2173,467.4,21.3365936279297
2174,467.5,33.7113914489746
2175,467.6,21.0663871765137
2176,467.8,1.24598181247711
2177,468.1,0.60400652885437
2178,468.2,1.19275569915771
2179,468.4,19.3056144714355
2180,468.5,112.868270874023
2181,468.7,4.89599370956421
2182,468.9,0.306545525789261
2183,469.0,1.95085024833679
2184,469.3,4.94805479049683
2185,469.5,40.0501976013184
2186,469.6,22.7042865753174
2187,469.8,1.12136030197144
2188,470.1,1.04437458515167
2189,470.3,4.2965292930603
2190,470.5,65.7223358154297
2191,470.6,40.4221992492676
2192,470.8,1.09003031253815
2193,471.1,0.978686213493347
2194,471.3,3.20184016227722
2195,471.4,10.8169116973877
2196,471.5,38.5289993286133
2197,471.7,4.41579294204712
2198,471.9,0.348008394241333
2199,472.0,0.799673914909363
2200,472.3,4.06708574295044
2201,472.4,13.8549966812134
2202,472.5,66.4834594726563
2203,472.7,5.43594217300415
2204,473.0,0.9170743227005
2205,473.1,0.505124628543854
2206,473.3,4.84381532669067
2207,473.5,28.9021663665771
2208,473.6,11.6027250289917
2209,473.7,3.97309565544128
2210,473.9,0.731539726257324
2211,474.2,1.67179131507874
2212,474.4,17.5840911865234
2213,474.6,57.5230598449707
2214,474.7,12.1295127868652
2215,475.0,11.1954345703125
2216,475.2,26.4126491546631
2217,475.3,21.8799209594727
2218,475.4,35.7264137268066
2219,475.6,8.01583957672119
2220,475.9,3.36908912658691
2221,476.1,6.02410888671875
2222,476.2,4.88830661773682
2223,476.4,32.7980422973633
2224,476.5,43.3681564331055
2225,476.7,4.1696949005127
2226,477.0,3.3846960067749
2227,477.2,7.11856508255005
2228,477.4,21.7601909637451
2229,477.5,14.0299320220947
2230,477.6,10.7097597122192
2231,477.8,1.44153273105621
2232,478.1,1.81551361083984
2233,478.2,1.94199860095978
2234,478.4,23.1698112487793
2235,478.5,31.642557144165
2236,478.6,18.8876075744629
2237,478.9,1.95376193523407
2238,479.0,2.20812940597534
2239,479.2,7.32448148727417
2240,479.3,6.54775238037109
2241,479.5,25.4689025878906
2242,479.6,8.75529956817627
2243,479.7,3.67633366584778
2244,479.9,0.689145147800446
2245,480.1,2.466224193573
2246,480.2,2.16550207138062
2247,480.4,17.9135799407959
2248,480.6,54.205451965332
2249,480.7,9.30794334411621
2250,481.0,14.333683013916
2251,481.1,32.7152328491211
2252,481.2,76.1540908813477
2253,481.5,27.2148838043213
2254,481.6,10.5277194976807
2255,481.9,4.20521783828735
2256,482.0,6.64593505859375
2257,482.2,29.5085029602051
2258,482.4,29.8625679016113
2259,482.5,47.3473091125488
2260,482.7,5.52515745162964
2261,483.0,6.97565793991089
2262,483.2,17.2959461212158
2263,483.4,20.563009262085
2264,483.5,11.580246925354
2265,483.6,12.6273002624512
2266,483.9,2.01549029350281
2267,484.1,3.20451903343201
2268,484.3,8.02422523498535
2269,484.5,28.8322849273682
2270,484.6,22.3544139862061
2271,484.8,0.786047041416168
2272,485.1,1.20533430576324
2273,485.3,3.93151640892029
2274,485.5,15.5868854522705
2275,485.6,9.51945018768311
2276,485.8,1.23351967334747
2277,486.1,0.646051704883575
2278,486.3,3.56859993934631
2279,486.5,23.2363147735596
2280,486.6,16.3414859771729
2281,486.8,1.23084092140198
2282,486.9,0.700559020042419
2283,487.1,0.500232934951782
2284,487.3,3.55194497108459
2285,487.5,11.9973211288452
2286,487.6,9.05532264709473
2287,487.8,1.20382022857666
2288,488.0,0.518867909908295
2289,488.2,1.24889349937439
2290,488.3,1.99208009243011
2291,488.5,17.2039375305176
2292,488.6,20.116584777832
2293,488.9,6.71441888809204
2294,489.1,15.5639410018921
2295,489.3,32.5036087036133
2296,489.4,20.940601348877
2297,489.6,5.19869565963745
2298,489.8,1.10307478904724
2299,490.0,4.1426739692688
2300,490.2,10.0342416763306
2301,490.3,9.73829460144043
2302,490.5,25.051944732666
2303,490.6,9.68180751800537
2304,490.9,2.45923590660095
2305,491.1,4.89226627349854
2306,491.3,13.1409273147583
2307,491.5,12.7966461181641
2308,491.6,3.30526447296143
2309,491.7,2.69590020179749
2310,492.0,1.30910789966583
2311,492.2,2.80328440666199
2312,492.4,13.2047519683838
2313,492.5,13.1799440383911
2314,492.6,12.9135799407959
2315,492.9,2.19846272468567
2316,493.1,3.36431407928467
2317,493.3,7.21954345703125
2318,493.5,13.4488706588745
2319,493.6,6.04449081420898
2320,493.8,1.16026091575623
2321,494.1,1.52690422534943
2322,494.3,4.31924057006836
2323,494.5,20.5164222717285
2324,494.6,15.740740776062
2325,494.9,4.89447927474976
2326,495.1,15.6564178466797
2327,495.3,22.8089904785156
2328,495.5,14.5241088867188
2329,495.6,6.59690189361572
2330,495.9,2.168297290802
2331,496.1,5.01525735855103
2332,496.2,3.96424412727356
2333,496.4,13.7358493804932
2334,496.6,19.129861831665
2335,496.7,6.04728651046753
2336,496.9,1.28965759277344
2337,497.1,5.8445143699646
2338,497.3,10.2240858078003
2339,497.4,5.00850200653076
2340,497.6,9.47216415405273
2341,497.7,3.02993249893188
2342,497.9,0.67330539226532
2343,498.1,1.76077330112457
2344,498.2,1.72781276702881
2345,498.4,8.05415821075439
2346,498.5,6.55765199661255
2347,498.6,10.3244819641113
2348,498.8,1.1631726026535
2349,499.1,0.860819935798645
2350,499.2,1.102259516716
2351,499.4,4.84532976150513
2352,499.6,6.41928720474243
2353,499.7,2.01199626922607
2354,500.0,0.952597260475159
2355,500.2,1.42569303512573
2356,500.3,1.66049385070801
2357,500.5,9.16387176513672
2358,500.6,8.37409782409668
2359,500.8,1.05124616622925
2360,501.0,0.260889828205109
2361,501.2,0.978453278541565
2362,501.4,4.02480792999268
2363,501.5,2.23130679130554
2364,501.7,3.90216636657715
2365,501.8,1.13871419429779
2366,502.0,0.15501980483532
2367,502.2,0.733985543251038
2368,502.4,5.07058000564575
2369,502.5,4.62986278533936
2370,502.6,8.54542255401611
2371,502.8,2.87712550163269
2372,503.1,5.46075010299683
2373,503.3,11.2874450683594
2374,503.4,7.33542966842651
2375,503.6,1.89005362987518
2376,503.8,1.65525269508362
2377,503.9,0.670160710811615
2378,504.1,2.56766819953918
2379,504.3,6.03575611114502
2380,504.5,11.3088750839233
2381,504.6,5.03633832931519
2382,504.8,0.72268807888031
2383,504.9,2.05474019050598
2384,505.1,1.26857674121857
2385,505.3,4.69077587127686
2386,505.5,5.59760093688965
2387,505.6,2.34498023986816
2388,505.9,0.659678518772125
2389,506.1,0.979850947856903
2390,506.3,3.52900075912476
2391,506.5,9.06929874420166
2392,506.6,6.1201958656311
2393,506.9,1.44630789756775
2394,507.1,1.71337056159973
2395,507.2,1.20172369480133
2396,507.4,5.08071279525757
2397,507.5,4.29443264007568
2398,507.7,1.87316560745239
2399,508.0,0.698928475379944
2400,508.2,1.59771716594696
2401,508.4,6.43699026107788
2402,508.6,9.30561351776123
2403,508.7,2.72257161140442
2404,509.0,0.526671350002289
2405,509.2,1.20824599266052
2406,509.3,1.45993483066559
2407,509.5,3.68378758430481
2408,509.6,2.83356618881226
2409,509.8,0.84404844045639
2410,510.1,0.588516175746918
2411,510.2,0.76892614364624
2412,510.4,4.47064971923828
2413,510.5,3.06452369689941
2414,510.6,5.78919172286987
2415,510.8,1.33135330677032
2416,511.0,0.553109705448151
2417,511.2,1.09399020671844
2418,511.4,3.15921258926392
2419,511.5,3.28884220123291
2420,511.7,1.03202891349792
2421,512.0,0.545306324958801
2422,512.2,0.828558146953583
2423,512.4,3.05567193031311
2424,512.6,5.05625438690186
2425,512.7,1.58350801467896
2426,512.8,1.24446773529053
2427,513.1,0.489168405532837
2428,513.2,0.448520839214325
2429,513.4,1.81318426132202
2430,513.5,1.8937805891037
2431,513.8,1.2824364900589
2432,513.9,0.176799446344376
2433,514.1,0.766713261604309
2434,514.3,1.2202422618866
2435,514.5,3.12019562721252
2436,514.6,3.12124395370483
2437,514.8,1.19380390644073
2438,515.1,0.341369658708572
2439,515.3,1.0764034986496
2440,515.5,1.88096904754639
2441,515.6,1.35150241851807
2442,515.8,0.576286971569061
2443,516.1,0.411483824253082
2444,516.3,1.35068714618683
2445,516.5,3.32203578948975
2446,516.6,2.7836012840271
2447,516.8,0.663405537605286
2448,516.9,0.753668785095215
2449,517.2,0.633240163326263
2450,517.4,1.61192643642426
2451,517.5,1.59795010089874
2452,517.7,0.556370854377747
2453,517.9,0.242953643202782
2454,518.1,0.349056601524353
2455,518.3,1.30130445957184
2456,518.5,3.05287671089172
2457,518.6,2.11833214759827
2458,518.8,1.23200559616089
2459,519.1,1.47053337097168
2460,519.3,2.21779632568359
2461,519.5,1.94875383377075
2462,519.7,1.22478449344635
2463,519.8,0.567318916320801
2464,520.1,0.375960856676102
2465,520.3,1.77090609073639
2466,520.5,4.13789892196655
2467,520.6,2.47973442077637
2468,520.8,1.77684605121613
2469,521.0,1.11029577255249
2470,521.2,2.25098991394043
2471,521.3,1.40088510513306
2472,521.4,2.17260646820068
2473,521.6,0.588166773319244
2474,521.8,1.022012591362
2475,521.9,0.313883066177368
2476,522.1,1.26974141597748
2477,522.3,1.85290002822876
2478,522.4,3.41940379142761
2479,522.7,2.44828796386719
2480,522.8,1.50349402427673
2481,523.1,0.882250189781189
2482,523.3,1.08665263652802
2483,523.5,1.53482413291931
2484,523.6,1.15257394313812
2485,523.9,0.478453308343887
2486,524.1,0.570463538169861
2487,524.3,1.27440023422241
2488,524.4,0.943396210670471
2489,524.6,2.33542966842651
2490,524.7,0.95376193523407
2491,525.0,0.914977848529816
2492,525.2,0.964360594749451
2493,525.4,0.851385951042175
2494,525.6,1.07605409622192
2495,525.7,0.536221742630005
2496,526.0,0.422548323869705
2497,526.1,0.167016074061394
2498,526.3,0.845213115215302
2499,526.5,1.52387607097626
2500,526.6,0.884113669395447
2501,526.7,0.9054274559021
2502,527.0,0.410202652215958
2503,527.2,0.442813873291016
2504,527.4,0.668879568576813
2505,527.6,0.655602157115936
2506,527.8,0.303051471710205
2507,527.9,0.225366875529289
2508,528.2,0.427672952413559
2509,528.4,1.07826697826385
2510,528.5,0.684952259063721
2511,528.6,0.967854619026184
2512,528.8,0.322501748800278
2513,529.1,0.310272544622421
2514,529.2,0.0976007431745529
2515,529.4,0.431167006492615
2516,529.6,0.63021194934845
2517,529.7,0.136501282453537
2518,529.9,0.318075925111771
2519,530.1,0.282203584909439
2520,530.2,0.234567895531654
2521,530.4,0.570463538169861
2522,530.6,1.07908225059509
2523,530.8,0.493361294269562
2524,531.0,0.258793383836746
2525,531.2,0.190076872706413
2526,531.3,0.449103176593781
2527,531.6,0.508269250392914
2528,531.7,0.147915214300156
2529,531.9,0.219194039702415
2530,532.1,0.155835077166557
2531,532.2,0.223270446062088
2532,532.4,0.761355698108673
2533,532.5,0.335779190063477
2534,532.6,0.972979247570038
2535,532.9,0.603773593902588
2536,533.1,0.772187292575836
2537,533.3,1.02632188796997
2538,533.4,0.615071058273315
2539,533.7,0.5336594581604
2540,533.8,0.30642905831337
2541,534.0,0.302702069282532
2542,534.1,0.195783838629723
2543,534.3,0.95481014251709
2544,534.5,1.01828563213348
2545,534.7,1.20405316352844
2546,534.8,0.94700676202774
2547,535.0,5.40030288696289
2548,535.2,9.5003490447998
2549,535.3,3.70230603218079
2550,535.4,3.09550428390503
2551,535.6,0.378406703472137
2552,535.8,0.739110171794891
2553,536.0,1.99417650699615
2554,536.2,3.86862325668335
2555,536.3,3.6529233455658
2556,536.5,0.955625414848328
2557,536.6,1.11146056652069
2558,536.9,1.50978338718414
2559,537.0,0.796412765979767
2560,537.2,2.77009081840515
2561,537.3,1.45422780513763
2562,537.4,1.45224785804749
2563,537.6,0.388423025608063
2564,537.8,0.108432330191135
2565,538.0,0.651176333427429
2566,538.1,0.541229903697968
2567,538.3,1.01549029350281
2568,538.5,1.25471699237823
2569,538.6,0.495690673589706
2570,538.8,0.797926843166351
2571,539.0,0.872000932693481
2572,539.2,1.40740740299225
2573,539.3,1.02026557922363
2574,539.5,0.360004663467407
2575,539.8,0.306894958019257
2576,540.0,0.472862809896469
2577,540.2,0.508968114852905
2578,540.3,0.410668522119522
2579,540.5,0.581761002540588
2580,540.7,0.473328679800034
2581,540.9,0.423247158527374
2582,541.1,0.580945730209351
2583,541.3,0.819124162197113
2584,541.4,0.288259953260422
2585,541.7,0.425809442996979
2586,541.8,0.214302346110344
2587,542.1,0.425692975521088
2588,542.3,0.579198718070984
2589,542.4,0.454227805137634
2590,542.6,0.432098776102066
2591,542.8,0.244933620095253
2592,543.0,0.566620051860809
2593,543.2,0.487770795822144
2594,543.5,0.189843937754631
2595,543.6,0.0966689959168434
2596,543.7,0.198113203048706
2597,543.9,0.217214062809944
2598,544.2,0.47589099407196
2599,544.3,0.182506412267685
2600,544.5,0.272886097431183
2601,544.7,0.236897274851799
2602,544.9,0.207780107855797
2603,545.1,0.200675517320633
2604,545.3,0.322851151227951
2605,545.5,0.202539011836052
2606,545.6,0.178430005908012
2607,545.9,0.0860703438520432
2608,546.1,0.282087117433548
2609,546.2,0.155835077166557
2610,546.3,0.551595628261566
2611,546.5,0.177731186151505
2612,546.7,0.236780807375908
2613,546.9,0.204868391156197
2614,547.0,0.158164456486702
2615,547.3,0.470300495624542
2616,547.4,0.481830894947052
2617,547.6,0.0864197537302971
2618,547.8,0.0944560915231705
2619,548.0,0.190076872706413
2620,548.2,0.500116467475891
2621,548.4,0.407174468040466
2622,548.6,0.331702768802643
2623,548.8,0.753785252571106
2624,549.0,4.96331214904785
2625,549.2,14.4877710342407
2626,549.3,9.13894748687744
2627,549.4,6.76030731201172
2628,549.6,0.336710929870605
2629,549.8,0.577684581279755
2630,549.9,0.548800349235535
