#"+ Scan (rt: 0.088-70.002 min, 12009 scans) RMP1_666-48M_650_WHOLE.D "
#Point,X(Thompsons),Y(Counts)
0,40.1,13750.00390625
1,40.3,2.37963199615479
2,41.2,106756.0390625
3,42.0,2.5751519203186
4,42.2,31428.88671875
5,42.3,7.16479301452637
6,43.2,97451.6171875
7,43.3,68.808723449707
8,44.0,10.6505117416382
9,44.1,24045.736328125
10,44.3,0.4202681183815
11,45.0,74.7145462036133
12,45.1,3729.8759765625
13,45.3,1.78607714176178
14,45.5,0.486551761627197
15,45.7,0.580731093883514
16,45.9,36.132568359375
17,46.1,460.136138916016
18,46.2,116.719207763672
19,46.4,7.06620025634766
20,46.7,1.84669828414917
21,46.9,29.6729946136475
22,47.1,755.607482910156
23,47.2,123.189605712891
24,47.4,0.778499484062195
25,47.7,1.52602219581604
26,47.9,33.1278190612793
27,48.1,1417.578125
28,48.2,64.4821395874023
29,48.4,1.70588719844818
30,48.7,0.639770150184631
31,48.9,13.9807643890381
32,49.1,1266.78137207031
33,49.2,367.651763916016
34,49.4,1.37238740921021
35,49.6,0.0635356828570366
36,49.9,2.6902322769165
37,50.1,7604.537109375
38,50.2,1633.16015625
39,50.4,0.153884589672089
40,50.9,0.746190369129181
41,51.1,14109.2978515625
42,51.2,3882.74194335938
43,51.5,0.03214256092906
44,51.9,2.5837287902832
45,52.1,4479.66015625
46,52.2,3271.02465820313
47,52.4,0.821550488471985
48,52.7,0.0283953696489334
49,52.9,0.404446661472321
50,53.1,9263.876953125
51,53.2,14937.0029296875
52,53.4,0.0579565316438675
53,54.0,8.5568323135376
54,54.2,19871.94921875
55,54.3,16.3076858520508
56,55.0,0.341660410165787
57,55.2,113688.9375
58,56.0,1.02123403549194
59,56.2,55162.4453125
60,56.3,3.29769349098206
61,57.2,92563.5234375
62,57.3,170.025650024414
63,57.6,93.4639053344727
64,57.7,7.58031463623047
65,57.9,57.8413696289063
66,58.1,3935.9951171875
67,58.2,5419.4501953125
68,58.5,0.764676511287689
69,58.7,0.785660743713379
70,58.9,17.0638694763184
71,59.1,2094.37524414063
72,59.2,878.369079589844
73,59.4,0.438088089227676
74,59.7,0.252477318048477
75,59.9,11.3339996337891
76,60.1,2879.228515625
77,60.2,324.325744628906
78,60.4,0.751186609268188
79,60.6,2.28778409957886
80,60.8,4.23290872573853
81,61.0,148.051620483398
82,61.1,1957.78198242188
83,61.3,13.8075609207153
84,61.5,0.339245557785034
85,61.7,0.429261386394501
86,61.9,7.00582885742188
87,62.1,4015.30224609375
88,62.2,650.643188476563
89,62.4,0.882421493530273
90,62.7,0.0365559160709381
91,62.9,2.31576323509216
92,63.1,11315.2626953125
93,63.2,1863.80615234375
94,63.4,0.188025653362274
95,63.6,0.0979265570640564
96,63.9,13.461820602417
97,64.1,6193.5849609375
98,64.2,1214.55505371094
99,64.4,0.316179543733597
100,64.6,0.102423183619976
101,64.9,0.671413123607635
102,65.1,16166.2109375
103,65.2,4944.58642578125
104,65.4,0.0445499196648598
105,65.6,0.0355566665530205
106,65.9,2.11466407775879
107,66.1,6436.09716796875
108,66.2,4484.97412109375
109,66.4,0.158214673399925
110,66.9,0.0491298176348209
111,67.1,25347.896484375
112,67.2,43692.6875
113,67.7,0.0303106009960175
114,68.0,6.28553581237793
115,68.2,29873.875
116,68.3,5.04330062866211
117,68.9,0.155799821019173
118,69.1,1799.55700683594
119,69.2,73776.25
120,69.4,5.68365383148193
121,69.9,2.19835114479065
122,70.1,1623.44543457031
123,70.2,42892.19140625
124,70.4,14.3775501251221
125,70.5,9.60404682159424
126,70.8,4.2135066986084
127,71.0,15.6893167495728
128,71.2,57179.87890625
129,71.3,3.47572660446167
130,71.8,0.0751936063170433
131,72.0,83.1558837890625
132,72.1,1842.70495605469
133,72.2,3747.34155273438
134,72.4,0.476392716169357
135,72.7,0.0274793896824121
136,73.0,67.3106842041016
137,73.1,6180.54736328125
138,73.3,1.62020146846771
139,73.9,2.16454315185547
140,74.1,4658.85546875
141,74.2,523.899169921875
142,74.4,0.078274630010128
143,74.6,0.066033810377121
144,75.0,86.3457412719727
145,75.1,5610.904296875
146,75.3,3.88616871833801
147,75.5,0.090015821158886
148,75.7,0.153218418359756
149,75.9,8.4774751663208
150,76.1,6484.15234375
151,76.2,1856.98522949219
152,76.4,0.653343319892883
153,76.8,0.0923474058508873
154,77.0,21.7057209014893
155,77.1,43684.4140625
156,77.3,0.474144399166107
157,77.9,0.927554309368134
158,78.1,13388.46484375
159,78.2,4341.40869140625
160,78.4,0.0708635225892067
161,79.0,19.2017650604248
162,79.1,51704.9921875
163,79.8,0.0511283203959465
164,80.0,21.1314010620117
165,80.2,17178.62890625
166,80.3,3.80631184577942
167,80.9,0.104088596999645
168,81.1,6434.2265625
169,81.2,56894.61328125
170,81.8,0.0483803823590279
171,82.0,11.0463819503784
172,82.2,41780.19921875
173,82.3,58.420352935791
174,82.5,0.047714214771986
175,82.9,0.49412938952446
176,83.1,1728.85754394531
177,83.2,57558.1484375
178,83.9,0.6727454662323
179,84.1,3051.71752929688
180,84.2,23705.630859375
181,84.4,0.381380617618561
182,84.8,0.0258139725774527
183,85.0,17.0767765045166
184,85.1,1599.95532226563
185,85.2,38290.79296875
186,85.8,0.0288949962705374
187,86.0,369.845184326172
188,86.2,5892.25146484375
189,86.3,17.2119235992432
190,86.5,0.159380465745926
191,86.7,0.420101583003998
192,86.9,8.79223918914795
193,87.1,3626.60083007813
194,87.2,886.772644042969
195,87.4,1.79815137386322
196,87.7,1.17020571231842
197,87.9,21.6590881347656
198,88.1,3022.30981445313
199,88.2,1021.34875488281
200,88.3,25.1971855163574
201,88.5,1.3368307352066
202,88.6,0.42867848277092
203,88.9,8.70363903045654
204,89.1,9699.4296875
205,89.2,2136.37133789063
206,89.4,0.748188853263855
207,89.6,0.264051973819733
208,89.8,14.1501369476318
209,90.0,395.413513183594
210,90.1,3362.65209960938
211,90.3,256.667755126953
212,90.4,2.28853368759155
213,90.7,0.0308102257549763
214,90.9,0.272379040718079
215,91.1,59968.90625
216,91.2,13643.712890625
217,91.6,0.0151553004980087
218,91.8,0.171288207173347
219,92.0,20.4708137512207
220,92.1,20020.56640625
221,92.3,4.77600145339966
222,92.4,0.297526866197586
223,92.8,0.30452162027359
224,93.0,8.58664321899414
225,93.2,28733.5546875
226,93.3,6.82979440689087
227,93.4,0.216171205043793
228,93.6,0.073028564453125
229,93.9,1.62461483478546
230,94.1,6271.08203125
231,94.2,15411.333984375
232,94.4,59.1960182189941
233,94.6,0.0314763933420181
234,94.8,0.394454151391983
235,95.0,4.46140384674072
236,95.2,52932.69921875
237,95.3,3.10142397880554
238,95.5,0.0779415443539619
239,95.8,0.44783079624176
240,96.0,13.8443670272827
241,96.2,32947.48828125
242,96.3,6.23265886306763
243,96.4,0.239570319652557
244,96.6,0.0419685244560242
245,96.8,0.237655088305473
246,97.0,3.4248480796814
247,97.2,55519.234375
248,97.3,8.04979610443115
249,97.6,0.061537180095911
250,97.8,0.0603713877499104
251,98.0,7.72803735733032
252,98.1,2517.98486328125
253,98.2,15895.7236328125
254,98.4,0.435007065534592
255,98.7,0.11557998508215
256,98.9,1.0443000793457
257,99.1,1846.08874511719
258,99.2,11235.9931640625
259,99.4,0.529352962970734
260,99.7,0.272379040718079
261,99.9,10.4920473098755
262,100.1,1807.15698242188
263,100.2,2544.03100585938
264,100.4,5.02697992324829
265,100.5,2.40869355201721
266,100.8,3.16637516021729
267,100.9,13.7695894241333
268,101.1,4989.24072265625
269,101.2,1884.12158203125
270,101.3,22.8294620513916
271,101.6,2.34557414054871
272,101.8,6.55458402633667
273,102.0,296.508544921875
274,102.1,7289.34716796875
275,102.3,43.5211906433105
276,102.4,5.23440742492676
277,102.7,0.784328401088715
278,102.9,10.212007522583
279,103.1,9360.708984375
280,103.2,3096.62524414063
281,103.4,0.392705470323563
282,103.6,0.0699475407600403
283,103.8,1.32950282096863
284,104.0,113.21167755127
285,104.1,7617.8876953125
286,104.2,3544.90673828125
287,104.4,0.917478561401367
288,104.6,0.052960280328989
289,104.8,0.294112741947174
290,105.0,11.607045173645
291,105.2,47563.234375
292,105.3,2.85727381706238
293,105.4,0.33674743771553
294,105.6,0.0200682822614908
295,105.8,0.534265995025635
296,106.0,16.7495212554932
297,106.2,19638.52734375
298,106.3,450.449920654297
299,106.5,3.3906238079071
300,106.8,0.571571350097656
301,107.0,9.39995002746582
302,107.1,22910.359375
303,107.2,19912.9140625
304,107.4,0.44283452630043
305,107.5,0.322341591119766
306,107.8,0.84878009557724
307,108.0,53.7036399841309
308,108.2,23309.298828125
309,108.3,41.1675415039063
310,108.4,1.08760094642639
311,108.6,0.257640093564987
312,108.9,0.847531020641327
313,109.1,1917.12768554688
314,109.2,30391.66796875
315,109.4,0.426679998636246
316,109.7,0.199600294232368
317,109.9,1.47397780418396
318,110.1,2787.33740234375
319,110.2,16800.865234375
320,110.4,0.556582570075989
321,110.5,0.151969358325005
322,110.8,0.170955121517181
323,110.9,0.351070016622543
324,111.1,1225.71606445313
325,111.2,29138.25
326,111.4,0.405695736408234
327,111.6,0.014072778634727
328,111.8,0.217336997389793
329,112.0,16.6074619293213
330,112.2,12703.7998046875
331,112.3,60.5173606872559
332,112.5,0.195020407438278
333,112.7,0.411358147859573
334,112.9,2.51586318016052
335,113.1,3455.76293945313
336,113.2,9070.853515625
337,113.4,1.80947625637054
338,113.7,0.945873916149139
339,113.8,3.74069452285767
340,114.0,154.168380737305
341,114.2,5833.595703125
342,114.3,95.4072799682617
343,114.5,0.38354566693306
344,114.7,0.0464651510119438
345,114.9,3.68390369415283
346,115.1,35423.26171875
347,115.2,4295.1376953125
348,115.4,0.256057947874069
349,115.5,0.184028640389442
350,115.8,1.91423094272614
351,116.0,400.973510742188
352,116.1,12463.5439453125
353,116.3,14.0210676193237
354,116.5,0.468981593847275
355,116.8,0.776500940322876
356,117.0,26.7308692932129
357,117.1,25262.94140625
358,117.3,4.13481569290161
359,117.4,0.690565407276154
360,117.7,0.38629361987114
361,117.9,3.59163951873779
362,118.1,5084.23193359375
363,118.2,7985.3828125
364,118.4,4.21309041976929
365,118.7,0.407944053411484
366,118.9,4.22633028030396
367,119.1,5945.5849609375
368,119.2,28391.564453125
369,119.3,11.7683401107788
370,119.5,0.551836133003235
371,119.8,1.42717957496643
372,119.9,3.12682151794434
373,120.1,6084.28857421875
374,120.2,15057.134765625
375,120.4,1.24290120601654
376,120.5,0.696893990039825
377,120.7,0.199017405509949
378,120.9,2.92763757705688
379,121.1,16279.8544921875
380,121.2,22603.90625
381,121.4,0.691981017589569
382,121.7,0.25938880443573
383,121.9,2.37288689613342
384,122.1,6689.83251953125
385,122.2,13835.9892578125
386,122.4,0.573902904987335
387,122.7,0.129819303750992
388,122.9,1.30527102947235
389,123.1,2273.13745117188
390,123.2,19343.6171875
391,123.4,0.789491236209869
392,123.6,0.0334748923778534
393,123.8,0.505620777606964
394,124.0,8.75759887695313
395,124.1,2064.68286132813
396,124.2,10898.5244140625
397,124.4,0.903072714805603
398,124.5,0.370721966028214
399,124.8,0.368140548467636
400,125.0,9.27587604522705
401,125.2,16325.318359375
402,125.3,40.5347671508789
403,125.4,0.711383104324341
404,125.7,0.160546258091927
405,125.8,0.835040390491486
406,126.0,29.3847122192383
407,126.2,13571.6142578125
408,126.3,45.7453575134277
409,126.5,1.01806974411011
410,126.7,0.207344487309456
411,126.9,5.62977743148804
412,127.0,29.6969776153564
413,127.2,19328.673828125
414,127.3,47
415,127.5,0.252394050359726
416,127.7,0.293280035257339
417,127.9,3.98492789268494
418,128.1,26847.7578125
419,128.2,7680.9619140625
420,128.4,1.03347492218018
421,128.6,0.49912565946579
422,128.9,4.95062017440796
423,129.0,24.8600215911865
424,129.1,30012.3203125
425,129.3,8.13731384277344
426,129.5,0.179282203316689
427,129.7,0.330085754394531
428,129.9,5.6993088722229
429,130.1,6724.1328125
430,130.2,8161.1845703125
431,130.4,3.50262308120728
432,130.5,0.488633513450623
433,130.8,0.975684881210327
434,131.0,19.2456493377686
435,131.1,9962.7802734375
436,131.2,18194.873046875
437,131.4,0.854275941848755
438,131.6,0.647181272506714
439,131.8,16.8980770111084
440,132.0,211.558074951172
441,132.2,14554.3798828125
442,132.3,921.1220703125
443,132.5,0.636855661869049
444,132.8,1.7962361574173
445,133.0,40.2643013000488
446,133.2,27052.0625
447,133.3,5.25397634506226
448,133.5,0.272129237651825
449,133.8,1.49920892715454
450,134.0,26.7020568847656
451,134.2,17890.33984375
452,134.3,15.8859186172485
453,134.6,0.337663412094116
454,134.8,1.22441506385803
455,135.0,13.6925640106201
456,135.2,28623.177734375
457,135.3,9.89382934570313
458,135.5,0.130402192473412
459,135.7,0.180781081318855
460,135.9,2.21500539779663
461,136.1,2172.53002929688
462,136.2,12208.771484375
463,136.4,1.13839614391327
464,136.7,0.263968676328659
465,136.9,3.87034726142883
466,137.0,13.0643682479858
467,137.2,15016.61328125
468,137.3,23.9257221221924
469,137.5,0.164376720786095
470,137.7,0.181197434663773
471,137.8,0.484303444623947
472,138.0,17.1543846130371
473,138.2,10367.64453125
474,138.3,77.5597457885742
475,138.6,0.682654678821564
476,138.7,0.18161378800869
477,138.9,5.95653247833252
478,139.1,6735.90478515625
479,139.2,9412.546875
480,139.4,0.988841712474823
481,139.6,0.305021226406097
482,139.7,0.199350491166115
483,139.9,88.2609710693359
484,140.0,184.395370483398
485,140.2,8379.0966796875
486,140.3,654.327514648438
487,140.5,1.83337497711182
488,140.7,0.412940293550491
489,140.9,4.88766765594482
490,141.1,13568.6259765625
491,141.2,18395.2578125
492,141.4,1.25222754478455
493,141.7,0.526605069637299
494,141.9,6.83903741836548
495,142.0,48.7181282043457
496,142.2,19332.453125
497,142.3,52.4110260009766
498,142.5,0.47039720416069
499,142.7,0.283870428800583
500,142.9,4.28894996643066
501,143.1,5538.55224609375
502,143.2,17513.880859375
503,143.4,6.87492704391479
504,143.5,0.483887076377869
505,143.8,3.41010904312134
506,144.0,35.279956817627
507,144.2,17470.69921875
508,144.3,549.295288085938
509,144.4,33.8011474609375
510,144.7,0.556332767009735
511,144.9,3.15629935264587
512,145.1,7816.310546875
513,145.2,22414.0859375
514,145.4,1.11874425411224
515,145.7,0.379215598106384
516,145.9,4.95794820785522
517,146.1,4935.6748046875
518,146.2,11793.4580078125
519,146.4,1.84578227996826
520,146.6,0.235323503613472
521,146.8,1.48588562011719
522,147.0,16.2845363616943
523,147.2,22465.138671875
524,147.3,7.98559427261353
525,147.5,0.111416436731815
526,147.7,0.190856859087944
527,147.9,2.70189023017883
528,148.1,2440.59643554688
529,148.2,10887.3671875
530,148.4,1.40577900409698
531,148.6,0.093679741024971
532,148.8,1.2389874458313
533,149.0,20.8832550048828
534,149.2,21865.458984375
535,149.3,15.9843454360962
536,149.5,0.0951786190271378
537,149.7,0.157798320055008
538,149.9,3.48230504989624
539,150.1,3436.5146484375
540,150.2,8929.111328125
541,150.4,2.04854702949524
542,150.6,0.410025805234909
543,150.9,3.76575899124146
544,151.1,2881.8330078125
545,151.2,12557.3095703125
546,151.4,1.41668748855591
547,151.7,0.23182612657547
548,151.9,3.55017066001892
549,152.1,14522.0693359375
550,152.2,10230.6552734375
551,152.4,1.13081860542297
552,152.5,0.500707805156708
553,152.8,1.26746606826782
554,153.0,35.284538269043
555,153.1,8100.23486328125
556,153.2,12632.53515625
557,153.4,1.26380217075348
558,153.6,0.168706804513931
559,153.8,0.912065923213959
560,154.0,41.7698402404785
561,154.2,14065.01953125
562,154.3,185.550415039063
563,154.5,0.490881830453873
564,154.8,1.12840366363525
565,155.0,24.831127166748
566,155.2,24516.482421875
567,155.3,55.9362983703613
568,155.4,1.52935302257538
569,155.7,0.344325095415115
570,155.9,5.04496622085571
571,156.1,2814.29321289063
572,156.2,14664.2509765625
573,156.4,4.53268384933472
574,156.7,0.813140153884888
575,156.8,0.946040451526642
576,157.0,20.5307693481445
577,157.2,24050.25
578,157.3,35.6810722351074
579,157.5,0.285868942737579
580,157.7,0.658755958080292
581,157.9,4.78999090194702
582,158.1,3840.58447265625
583,158.2,15567.078125
584,158.4,1.55849778652191
585,158.6,0.356565922498703
586,158.8,2.09118151664734
587,159.0,18.2188358306885
588,159.2,26615.72265625
589,159.3,13.2297439575195
590,159.5,0.235406771302223
591,159.7,0.491048365831375
592,159.9,4
593,160.1,2206.32153320313
594,160.2,13550.8984375
595,160.4,1.30343914031982
596,160.5,0.483803808689117
597,160.8,1.24356734752655
598,161.0,20.5724868774414
599,161.2,17783.3046875
600,161.3,24.1185779571533
601,161.5,0.256224513053894
602,161.8,0.782496452331543
603,162.0,27.5066204071045
604,162.2,10728.330078125
605,162.3,59.0343894958496
606,162.5,0.932467341423035
607,162.7,0.941127479076385
608,162.9,13.6011323928833
609,163.1,2018.61706542969
610,163.2,13072.607421875
611,163.3,39.2848701477051
612,163.5,0.141810312867165
613,163.7,0.356399357318878
614,163.9,6.5560827255249
615,164.0,22.1085014343262
616,164.2,9555.3603515625
617,164.3,138.309768676758
618,164.4,5.32250833511353
619,164.7,0.544674813747406
620,164.9,6.69339656829834
621,165.1,15305.779296875
622,165.2,18105.224609375
623,165.4,1.4156049489975
624,165.7,0.417270392179489
625,165.9,4.52860355377197
626,166.1,3971.85620117188
627,166.2,11100.0859375
628,166.4,1.66741609573364
629,166.5,0.779915034770966
630,166.7,0.257973194122314
631,166.9,3.67033052444458
632,167.1,2982.15673828125
633,167.2,15142.376953125
634,167.4,1.68456995487213
635,167.6,0.355067044496536
636,167.8,0.993171811103821
637,168.0,21.7328662872314
638,168.2,13842.787109375
639,168.3,447.730712890625
640,168.6,0.374802231788635
641,168.8,0.691814482212067
642,169.0,13.9082355499268
643,169.2,20538.80078125
644,169.3,132.202590942383
645,169.5,0.422433167695999
646,169.8,0.780497968196869
647,170.0,22.5120334625244
648,170.2,16425.580078125
649,170.3,208.109664916992
650,170.5,0.454159379005432
651,170.7,0.79573655128479
652,170.9,3.98892498016357
653,171.1,1452.69494628906
654,171.2,19547.5546875
655,171.4,1.41985177993774
656,171.6,0.117911569774151
657,171.8,0.989591121673584
658,172.0,16.5216083526611
659,172.2,16867.75
660,172.3,28.0502128601074
661,172.5,0.249729365110397
662,172.7,0.453576475381851
663,172.9,2.63244223594666
664,173.0,9.28362083435059
665,173.2,20531.353515625
666,173.3,19.8641014099121
667,173.6,0.267715871334076
668,173.7,0.0702806264162064
669,173.9,2.8149721622467
670,174.1,1175.68518066406
671,174.2,12269.919921875
672,174.4,1.82021820545197
673,174.5,0.37513530254364
674,174.7,0.132483974099159
675,174.9,1.87559330463409
676,175.1,983.230590820313
677,175.2,12792.3486328125
678,175.3,45.3919563293457
679,175.5,0.272878676652908
680,175.7,0.580314755439758
681,175.9,2.84911322593689
682,176.1,3279.59765625
683,176.2,9704.3154296875
684,176.4,1.73061871528625
685,176.6,0.171538010239601
686,176.8,1.71105003356934
687,177.0,27.796236038208
688,177.1,709.246398925781
689,177.2,11002.8818359375
690,177.4,1.02781248092651
691,177.7,0.372387379407883
692,177.9,4.14730596542358
693,178.1,5042.6162109375
694,178.2,16175.0458984375
695,178.4,1.9466233253479
696,178.7,0.529935896396637
697,178.9,5.20309782028198
698,179.1,1464.41540527344
699,179.2,18791.91796875
700,179.3,100.638938903809
701,179.5,0.148222163319588
702,179.7,0.403280884027481
703,179.9,2.75893068313599
704,180.1,1378.58850097656
705,180.2,12878.75
706,180.3,281.700469970703
707,180.5,0.320925980806351
708,180.7,0.372720450162888
709,180.8,0.924723148345947
710,181.0,41.3952865600586
711,181.1,4065.84936523438
712,181.2,18097.705078125
713,181.4,3.11075019836426
714,181.7,0.243567317724228
715,181.9,3.03022742271423
716,182.1,2434.36279296875
717,182.2,14535.6572265625
718,182.4,3.03705549240112
719,182.6,0.504704833030701
720,182.9,2.4434175491333
721,183.1,555.097106933594
722,183.2,18059.890625
723,183.4,5.37222099304199
724,183.6,0.341244071722031
725,183.9,3.11741185188293
726,184.1,1372.6796875
727,184.2,14723.474609375
728,184.4,3.65784001350403
729,184.6,0.185943871736526
730,184.8,0.691065013408661
731,185.0,11.2578067779541
732,185.2,16565.05078125
733,185.3,48.7922401428223
734,185.5,0.386210352182388
735,185.8,0.668165564537048
736,186.0,10.673828125
737,186.1,489.252716064453
738,186.2,12886.69921875
739,186.4,1.31742858886719
740,186.6,0.245732367038727
741,186.8,0.661670386791229
742,187.0,9.5058708190918
743,187.2,15701.0166015625
744,187.3,35.3155975341797
745,187.4,1.87126326560974
746,187.6,0.0916812419891357
747,187.8,0.922058463096619
748,187.9,1.53326666355133
749,188.1,528.087280273438
750,188.2,10220.091796875
751,188.3,64.1373977661133
752,188.5,0.703638911247253
753,188.8,1.15654921531677
754,189.0,13.5370969772339
755,189.2,20474.162109375
756,189.3,72.9726028442383
757,189.5,0.251394778490067
758,189.7,0.294695645570755
759,189.9,2.94146060943604
760,190.1,1293.21154785156
761,190.2,11359.1259765625
762,190.4,2.264967918396
763,190.6,0.391289860010147
764,190.8,2.54167699813843
765,191.0,47.1621284484863
766,191.2,20081.12890625
767,191.3,170.945541381836
768,191.5,0.236072942614555
769,191.7,0.446748286485672
770,191.9,4.71937704086304
771,192.1,841.880187988281
772,192.2,13617.2373046875
773,192.4,2.46306943893433
774,192.6,0.266966432332993
775,192.8,3.19601964950562
776,193.0,49.5806465148926
777,193.2,17687.681640625
778,193.3,152.418685913086
779,193.5,0.381463915109634
780,193.8,1.51186609268188
781,194.0,17.741943359375
782,194.2,16772.931640625
783,194.3,404.087341308594
784,194.5,0.845699071884155
785,194.7,0.255808144807816
786,194.9,5.69756031036377
787,195.1,1073.28039550781
788,195.2,22315.666015625
789,195.4,3.47289538383484
790,195.5,0.38804230093956
791,195.8,0.556832373142242
792,195.9,1.10150718688965
793,196.1,435.862274169922
794,196.2,17778.931640625
795,196.4,6.87825775146484
796,196.6,0.220584556460381
797,196.8,0.641602158546448
798,197.0,11.2534761428833
799,197.2,18377.5703125
800,197.3,195.303848266602
801,197.4,7.07161283493042
802,197.6,0.479890078306198
803,197.9,2.59064030647278
804,198.1,1280.77697753906
805,198.2,13795.1923828125
806,198.4,3.67182946205139
807,198.7,0.300358057022095
808,198.9,2.19510364532471
809,199.1,248.540267944336
810,199.2,13098.07421875
811,199.4,1.29236400127411
812,199.5,0.72204178571701
813,199.8,0.722458183765411
814,200.0,12.4185190200806
815,200.1,776.646362304688
816,200.2,11547.626953125
817,200.4,1.49895906448364
818,200.7,0.345907241106033
819,200.9,2.47431087493896
820,201.1,254.757186889648
821,201.2,11706.6142578125
822,201.3,63.8769264221191
823,201.5,0.628112256526947
824,201.8,0.670746922492981
825,202.0,13.8253812789917
826,202.2,19271.94921875
827,202.3,121.769508361816
828,202.6,0.405612468719482
829,202.8,0.780331432819366
830,203.0,9.93121814727783
831,203.2,15176.25390625
832,203.3,133.936294555664
833,203.6,0.318594396114349
834,203.8,0.625031232833862
835,204.0,9.86285305023193
836,204.2,11224.5751953125
837,204.3,429.91796875
838,204.5,0.374552428722382
839,204.7,0.12015987932682
840,204.9,2.44141888618469
841,205.1,279.418762207031
842,205.2,13709.5302734375
843,205.3,227.139312744141
844,205.5,0.509034872055054
845,205.8,0.758847534656525
846,206.0,9.79856777191162
847,206.2,12232.41015625
848,206.3,370.513702392578
849,206.5,0.284286797046661
850,206.7,0.26280289888382
851,206.9,7.30460500717163
852,207.1,7007.91259765625
853,207.2,15848.9931640625
854,207.4,0.677575170993805
855,207.7,0.321259051561356
856,207.9,8.81722068786621
857,208.1,1265.55493164063
858,208.2,17357.98828125
859,208.4,2.39711880683899
860,208.6,0.233824625611305
861,208.8,2.21800327301025
862,209.0,39.2841186523438
863,209.2,21200.716796875
864,209.3,97.3367462158203
865,209.5,0.331001758575439
866,209.7,0.496460974216461
867,209.9,3.22999405860901
868,210.1,266.362731933594
869,210.2,16720.640625
870,210.4,8.87309551239014
871,210.5,1.09484553337097
872,210.7,0.546340227127075
873,210.9,10.6122903823853
874,211.1,482.01806640625
875,211.2,16584.02734375
876,211.4,7.33166790008545
877,211.6,0.176700800657272
878,211.8,0.865767359733582
879,212.0,11.3418273925781
880,212.2,12963.458984375
881,212.3,222.103927612305
882,212.5,0.731201589107513
883,212.8,1.73270046710968
884,213.0,24.5902233123779
885,213.2,13757.123046875
886,213.3,76.9258041381836
887,213.5,0.27471062541008
888,213.8,1.04646515846252
889,214.0,101.829124450684
890,214.2,9622.9169921875
891,214.3,145.814895629883
892,214.5,0.514530777931213
893,214.8,2.47897410392761
894,215.0,49.4712295532227
895,215.2,18617.1171875
896,215.3,106.138145446777
897,215.6,0.336247801780701
898,215.8,1.80889332294464
899,216.0,134.311935424805
900,216.2,12515.8916015625
901,216.3,336.877685546875
902,216.5,0.398034811019897
903,216.8,1.12690484523773
904,217.0,21.5208587646484
905,217.1,167.306106567383
906,217.2,12399.5537109375
907,217.4,2.89890909194946
908,217.7,0.428428679704666
909,217.9,16.8325424194336
910,218.1,351.013488769531
911,218.2,12052.9951171875
912,218.4,4.28053951263428
913,218.6,0.162211671471596
914,218.8,1.27537679672241
915,219.0,13.3747186660767
916,219.1,169.191848754883
917,219.2,13075.017578125
918,219.4,4.57556819915771
919,219.7,0.467815816402435
920,219.9,7.52727127075195
921,220.1,224.134811401367
922,220.2,12273.3203125
923,220.4,5.04371738433838
924,220.7,0.416604220867157
925,220.9,4.0367226600647
926,221.1,256.891754150391
927,221.2,14971.3955078125
928,221.4,9.13473224639893
929,221.6,0.137230411171913
930,221.8,0.663585662841797
931,222.0,7.43725538253784
932,222.2,14694.05859375
933,222.3,445.953216552734
934,222.5,0.726371884346008
935,222.8,1.87984013557434
936,223.0,12.953950881958
937,223.1,163.829879760742
938,223.2,16289.4150390625
939,223.4,10.3139314651489
940,223.7,0.31468066573143
941,223.8,0.816804051399231
942,224.0,12.6758260726929
943,224.2,14497.626953125
944,224.3,484.471405029297
945,224.5,0.784578204154968
946,224.7,0.817053854465485
947,224.9,5.32292461395264
948,225.1,217.424682617188
949,225.2,13561.794921875
950,225.4,9.10708618164063
951,225.7,0.71754515171051
952,225.9,7.76517629623413
953,226.1,601.332336425781
954,226.2,14925.552734375
955,226.4,17.7921562194824
956,226.7,0.683154284954071
957,226.8,1.24481642246246
958,227.0,13.8204679489136
959,227.2,12083.38671875
960,227.3,184.659759521484
961,227.6,0.409442931413651
962,227.7,0.232159212231636
963,227.9,4.27021408081055
964,228.1,386.794311523438
965,228.2,12684.1513671875
966,228.4,1.99367141723633
967,228.5,0.572154223918915
968,228.7,0.268881678581238
969,228.9,4.03097677230835
970,229.1,186.653930664063
971,229.2,13314.3466796875
972,229.3,267.278869628906
973,229.5,0.618203043937683
974,229.8,0.594470798969269
975,230.0,11.5166130065918
976,230.2,11950.32421875
977,230.3,623.914001464844
978,230.5,0.337913244962692
979,230.7,0.285785675048828
980,230.9,2.92488956451416
981,231.1,163.374130249023
982,231.2,13873.6376953125
983,231.4,4.33508205413818
984,231.6,0.226246982812881
985,231.8,0.554833889007568
986,232.0,8.06711673736572
987,232.2,12825.3818359375
988,232.3,780.834106445313
989,232.5,0.355233579874039
990,232.7,0.435007065534592
991,232.9,2.95861434936523
992,233.1,99.1295700073242
993,233.2,12440.48046875
994,233.3,464.168365478516
995,233.5,0.618452847003937
996,233.7,0.232742115855217
997,233.9,1.50012493133545
998,234.1,128.869262695313
999,234.2,12674.0185546875
1000,234.4,11.4257640838623
1001,234.7,0.323257565498352
1002,234.9,1.63902068138123
1003,235.1,96.1631240844727
1004,235.2,13197.0927734375
1005,235.4,16.6770763397217
1006,235.6,0.178033143281937
1007,235.8,0.443167626857758
1008,236.0,4.71179962158203
1009,236.2,12177.521484375
1010,236.3,512.152221679688
1011,236.5,0.869181454181671
1012,236.8,1.87792491912842
1013,237.0,10.9438753128052
1014,237.1,106.572570800781
1015,237.2,12972.974609375
1016,237.4,14.7804975509644
1017,237.7,0.402864515781403
1018,237.9,1.41485548019409
1019,238.1,121.196189880371
1020,238.2,11399.1162109375
1021,238.4,26.6667499542236
1022,238.5,1.00416350364685
1023,238.8,0.983595609664917
1024,239.0,9.92772102355957
1025,239.2,15042.6806640625
1026,239.3,585.87841796875
1027,239.5,1.23215925693512
1028,239.7,0.0423848778009415
1029,239.9,1.79157292842865
1030,240.0,6.96011304855347
1031,240.2,10828.0673828125
1032,240.3,555.162719726563
1033,240.5,0.440003335475922
1034,240.6,0.384878009557724
1035,240.9,2.19227242469788
1036,241.1,157.797729492188
1037,241.2,11217.5517578125
1038,241.4,12.8823385238647
1039,241.7,0.214672327041626
1040,241.9,1.83329164981842
1041,242.1,174.181106567383
1042,242.2,10617.5205078125
1043,242.4,3.1945207118988
1044,242.7,0.377550184726715
1045,242.8,0.495045393705368
1046,243.0,7.39512014389038
1047,243.2,10593.9833984375
1048,243.3,585.458557128906
1049,243.5,0.645266056060791
1050,243.7,0.12807060778141
1051,243.9,1.75018739700317
1052,244.1,103.542594909668
1053,244.2,12345.7939453125
1054,244.4,5.11216592788696
1055,244.7,0.387376129627228
1056,244.9,2.14355897903442
1057,245.1,96.5567474365234
1058,245.2,13624.4951171875
1059,245.4,8.74635696411133
1060,245.7,0.275376796722412
1061,245.9,1.3362478017807
1062,246.1,108.216667175293
1063,246.2,12496.146484375
1064,246.3,936.463500976563
1065,246.5,0.642185032367706
1066,246.7,0.347739189863205
1067,246.9,1.57082188129425
1068,247.1,62.7633438110352
1069,247.2,12278.2060546875
1070,247.4,15.6021318435669
1071,247.6,0.155550003051758
1072,247.8,0.464651525020599
1073,247.9,26.9970855712891
1074,248.1,100.743942260742
1075,248.2,12063.15234375
1076,248.4,18.1971855163574
1077,248.7,1.29802644252777
1078,248.9,6.64343404769897
1079,249.1,184.291442871094
1080,249.2,11614.9677734375
1081,249.4,21.0689487457275
1082,249.6,0.286368548870087
1083,249.8,1.25222754478455
1084,249.9,41.2461471557617
1085,250.2,11503.2314453125
1086,250.3,618.301208496094
1087,250.5,1.54958784580231
1088,250.8,3.36739110946655
1089,251.0,26.2408199310303
1090,251.2,9947.7958984375
1091,251.3,249.124237060547
1092,251.5,0.94354236125946
1093,251.8,1.65026235580444
1094,251.9,30.1826953887939
1095,252.2,12429.8798828125
1096,252.3,831.85302734375
1097,252.4,73.5311813354492
1098,252.7,1.04579901695251
1099,252.9,7.27479410171509
1100,253.1,219.498291015625
1101,253.2,10544.40625
1102,253.3,767.108276367188
1103,253.5,1.63002753257751
1104,253.7,0.347655922174454
1105,253.9,9.15430068969727
1106,254.0,7.67008066177368
1107,254.2,9131.171875
1108,254.3,1006.44757080078
1109,254.6,1.17811644077301
1110,254.7,0.194354236125946
1111,254.9,3.0622034072876
1112,255.1,136.371215820313
1113,255.2,10013.71875
1114,255.4,19.85302734375
1115,255.5,0.564076960086823
1116,255.8,0.628944933414459
1117,256.0,8.03297519683838
1118,256.2,8999.6806640625
1119,256.3,1279.0126953125
1120,256.5,0.887417793273926
1121,256.7,0.271379798650742
1122,256.9,2.05454254150391
1123,257.1,65.8397903442383
1124,257.2,10066.546875
1125,257.4,8.82854557037354
1126,257.7,0.289782673120499
1127,257.9,21.1067523956299
1128,258.1,90.4137725830078
1129,258.2,10486.185546875
1130,258.3,1215.328125
1131,258.5,0.646848201751709
1132,258.7,0.415771514177322
1133,258.9,2.56407690048218
1134,259.0,5.40686130523682
1135,259.2,11463.55078125
1136,259.3,760.977172851563
1137,259.5,1.00358068943024
1138,259.8,0.939545333385468
1139,259.9,44.9622764587402
1140,260.2,11046.580078125
1141,260.3,1171.14807128906
1142,260.5,0.913814663887024
1143,260.8,0.917978167533875
1144,261.0,6.77625131607056
1145,261.2,10348.8642578125
1146,261.3,733.66015625
1147,261.5,1.52918648719788
1148,261.7,0.649263024330139
1149,261.9,25.4642353057861
1150,262.0,5.52410697937012
1151,262.2,9660.63671875
1152,262.3,934.184936523438
1153,262.5,1.141810297966
1154,262.7,0.545674085617065
1155,262.8,0.653926193714142
1156,263.0,7.90307283401489
1157,263.2,11105.5537109375
1158,263.3,633.985595703125
1159,263.5,1.65326011180878
1160,263.7,0.260221511125565
1161,263.9,7.3361644744873
1162,264.0,4.36864042282104
1163,264.2,9005.212890625
1164,264.3,1110.20141601563
1165,264.5,1.47281205654144
1166,264.7,1.19177281856537
1167,264.9,6.26546764373779
1168,265.1,201.638687133789
1169,265.2,11006.08984375
1170,265.4,24.0173206329346
1171,265.7,0.660587906837463
1172,265.9,2.81155800819397
1173,266.1,104.276794433594
1174,266.2,10608.9130859375
1175,266.4,115.208595275879
1176,266.7,3.1234073638916
1177,266.9,26.594970703125
1178,267.1,534.539855957031
1179,267.2,9398.3037109375
1180,267.4,23.0372219085693
1181,267.7,1.12682151794434
1182,267.9,10.5495882034302
1183,268.1,177.102416992188
1184,268.2,9599.5244140625
1185,268.4,92.2314910888672
1186,268.6,0.738695979118347
1187,268.8,3.96336078643799
1188,269.0,32.4365882873535
1189,269.2,8590.4248046875
1190,269.3,918.101196289063
1191,269.4,20.9327163696289
1192,269.7,0.664335072040558
1193,269.9,3.58381223678589
1194,270.1,85.9472885131836
1195,270.2,8294.130859375
1196,270.3,1453.55786132813
1197,270.5,0.806645035743713
1198,270.7,1.78807556629181
1199,270.8,3.20701146125793
1200,271.0,25.2823715209961
1201,271.1,92.2741241455078
1202,271.2,9554.3330078125
1203,271.4,10.7560997009277
1204,271.7,0.707635939121246
1205,271.9,3.22274971008301
1206,272.1,66.0327224731445
1207,272.2,10526.720703125
1208,272.4,19.6257801055908
1209,272.7,0.660088241100311
1210,272.9,2.89099836349487
1211,273.1,50.1521377563477
1212,273.2,9093.990234375
1213,273.3,901.791931152344
1214,273.5,1.30185699462891
1215,273.8,0.551669597625732
1216,274.0,5.22050142288208
1217,274.2,9575.1201171875
1218,274.3,1326.9794921875
1219,274.5,1.32892000675201
1220,274.8,0.97968190908432
1221,275.0,5.00990915298462
1222,275.2,7946.75439453125
1223,275.3,988.672485351563
1224,275.5,1.3633941411972
1225,275.7,0.556166231632233
1226,275.9,1.47156298160553
1227,276.1,85.714714050293
1228,276.2,10922.03125
1229,276.4,58.5760688781738
1230,276.5,1.3364976644516
1231,276.7,0.239070698618889
1232,276.9,1.27920722961426
1233,277.0,4.60521268844604
1234,277.2,8217.1015625
1235,277.3,1172.10205078125
1236,277.5,2.66083765029907
1237,277.8,1.07377803325653
1238,277.9,0.73369973897934
1239,278.1,64.021484375
1240,278.2,9190.44921875
1241,278.4,117.220252990723
1242,278.6,0.543675601482391
1243,278.9,1.26080441474915
1244,279.1,75.7065505981445
1245,279.2,8575.0439453125
1246,279.4,31.1806983947754
1247,279.6,0.754683971405029
1248,279.8,0.39478725194931
1249,280.0,3.84536600112915
1250,280.2,7060.9296875
1251,280.3,2113.77172851563
1252,280.4,134.463073730469
1253,280.6,1.56107914447784
1254,280.8,2.68631863594055
1255,281.0,97.5133666992188
1256,281.2,10741.830078125
1257,281.3,1187.70642089844
1258,281.5,0.194604054093361
1259,281.7,0.527104675769806
1260,281.9,13.3097677230835
1261,282.1,443.037963867188
1262,282.2,9619.1513671875
1263,282.4,85.4526596069336
1264,282.7,1.3270879983902
1265,282.9,14.0995082855225
1266,283.1,339.095581054688
1267,283.2,8773.4375
1268,283.4,23.2976932525635
1269,283.6,0.163710549473763
1270,283.8,1.11124992370605
1271,284.0,11.0828542709351
1272,284.2,7623.44287109375
1273,284.3,1717.77319335938
1274,284.5,1.9028228521347
1275,284.8,5.18477821350098
1276,285.0,45.509952545166
1277,285.1,139.540176391602
1278,285.2,8909.9013671875
1279,285.4,17.3530693054199
1280,285.7,0.799566984176636
1281,285.9,4.37180471420288
1282,286.1,63.6087112426758
1283,286.2,7569.66259765625
1284,286.3,1670.3349609375
1285,286.5,0.884336769580841
1286,286.7,1.22266638278961
1287,286.9,6.74635696411133
1288,287.1,80.7919082641602
1289,287.2,8726.98046875
1290,287.4,44.7041397094727
1291,287.6,0.392289102077484
1292,287.9,2.13473224639893
1293,288.1,45.7161293029785
1294,288.2,8705.3134765625
1295,288.4,121.718879699707
1296,288.7,1.5394287109375
1297,288.9,11.7807474136353
1298,289.1,96.9915084838867
1299,289.2,8716.9931640625
1300,289.4,57.2096748352051
1301,289.7,0.632109224796295
1302,289.9,2.9024064540863
1303,290.1,69.5490875244141
1304,290.2,6483.71923828125
1305,290.3,2078.99877929688
1306,290.5,2.22008490562439
1307,290.8,0.937879920005798
1308,291.0,5.83162641525269
1309,291.2,5543.20947265625
1310,291.3,1962.77075195313
1311,291.5,4.38421201705933
1312,291.8,2.10558748245239
1313,292.0,7.65134477615356
1314,292.2,5432.6220703125
1315,292.3,2534.830078125
1316,292.4,155.638687133789
1317,292.7,1.15796482563019
1318,292.9,3.98717617988586
1319,293.1,56.904655456543
1320,293.2,6822.5205078125
1321,293.4,46.7249565124512
1322,293.6,0.774918794631958
1323,293.9,11.9392957687378
1324,294.1,41.4227676391602
1325,294.2,7880.6103515625
1326,294.4,153.325256347656
1327,294.6,0.837455213069916
1328,294.8,1.60579562187195
1329,295.0,7.28820037841797
1330,295.2,5210.7861328125
1331,295.3,2085.15185546875
1332,295.5,2.72395706176758
1333,295.6,0.975518345832825
1334,295.8,3.28128910064697
1335,295.9,11.3053541183472
1336,296.2,5781.49169921875
1337,296.3,2316.59130859375
1338,296.5,2.1772837638855
1339,296.8,2.21933555603027
1340,297.0,10.488133430481
1341,297.2,5558.10498046875
1342,297.3,1641.10681152344
1343,297.5,1.47406113147736
1344,297.7,0.436339408159256
1345,297.9,4.4696478843689
1346,298.1,43.3376617431641
1347,298.2,5893.30517578125
1348,298.3,2068.10522460938
1349,298.5,1.04296779632568
1350,298.7,0.809642791748047
1351,298.8,0.813223421573639
1352,299.0,8.99758529663086
1353,299.1,56.0382194519043
1354,299.2,7452.49609375
1355,299.4,56.355152130127
1356,299.7,3.32467317581177
1357,299.8,5.13839626312256
1358,300.1,55.8908309936523
1359,300.2,6099.5546875
1360,300.3,2114.23071289063
1361,300.5,0.885419249534607
1362,300.7,0.613206744194031
1363,300.9,1.83837127685547
1364,301.1,50.8847541809082
1365,301.2,6825.150390625
1366,301.4,87.2702102661133
1367,301.7,1.03688895702362
1368,301.9,4.02115058898926
1369,302.1,40.1500549316406
1370,302.2,5306.68115234375
1371,302.3,2462.13940429688
1372,302.5,2.50278949737549
1373,302.8,0.915813148021698
1374,303.0,5.4505786895752
1375,303.1,37.8263816833496
1376,303.2,6351.89404296875
1377,303.4,116.547592163086
1378,303.6,0.308851689100266
1379,303.8,4.95786476135254
1380,304.0,9.20667839050293
1381,304.2,4105.41015625
1382,304.3,2791.71826171875
1383,304.5,3.51036715507507
1384,304.6,0.652760446071625
1385,304.9,1.53842949867249
1386,305.1,34.5507545471191
1387,305.2,6024.31640625
1388,305.4,82.8267974853516
1389,305.7,0.958114743232727
1390,305.9,8.41677093505859
1391,306.0,2.69231414794922
1392,306.2,3720.05639648438
1393,306.3,3286.48120117188
1394,306.5,4.55516672134399
1395,306.8,0.654425859451294
1396,306.9,0.769256412982941
1397,307.1,38.1460571289063
1398,307.2,5578.89794921875
1399,307.4,56.5223579406738
1400,307.5,5.85444259643555
1401,307.7,0.758431196212769
1402,307.9,2.91956043243408
1403,308.1,33.5134468078613
1404,308.2,6783.27734375
1405,308.4,164.902069091797
1406,308.5,4.95403432846069
1407,308.7,0.354484140872955
1408,308.9,0.88666832447052
1409,309.1,37.2287445068359
1410,309.2,3686.83032226563
1411,309.3,2259.9404296875
1412,309.5,4.4248480796814
1413,309.8,1.00383043289185
1414,310.0,4.46415185928345
1415,310.2,4290.95361328125
1416,310.3,2643.65161132813
1417,310.5,1.77849948406219
1418,310.8,1.42609703540802
1419,311.0,5.04438352584839
1420,311.2,4062.8408203125
1421,311.3,1876.93664550781
1422,311.4,91.4179382324219
1423,311.6,0.298859179019928
1424,311.9,0.964609861373901
1425,312.1,30.6202850341797
1426,312.2,6565.0107421875
1427,312.4,142.717132568359
1428,312.7,0.631193280220032
1429,312.9,1.71071696281433
1430,313.1,47.4937973022461
1431,313.2,6138.1123046875
1432,313.4,114.617622375488
1433,313.7,0.870097398757935
1434,313.8,0.303688913583755
1435,314.0,4.469398021698
1436,314.2,3519.21752929688
1437,314.3,2994.07055664063
1438,314.4,230.706802368164
1439,314.7,0.480889320373535
1440,314.9,1.26030480861664
1441,315.1,33.7299537658691
1442,315.3,5488.6943359375
1443,315.4,151.356155395508
1444,315.6,0.500124931335449
1445,315.8,0.31468066573143
1446,316.0,3.53251719474792
1447,316.2,2616.26049804688
1448,316.3,3584.25439453125
1449,316.5,4.2384877204895
1450,316.6,0.538262963294983
1451,316.8,0.344491630792618
1452,317.0,3.20959281921387
1453,317.1,23.3225917816162
1454,317.3,4810.57177734375
1455,317.4,180.772918701172
1456,317.6,0.976600885391235
1457,317.9,0.975268542766571
1458,318.0,2.75976347923279
1459,318.2,2119.3876953125
1460,318.3,3235.29516601563
1461,318.4,200.889999389648
1462,318.7,0.693146824836731
1463,318.9,0.613456547260284
1464,319.1,28.3595638275146
1465,319.2,1856.18237304688
1466,319.3,2932.46801757813
1467,319.5,8.70663642883301
1468,319.8,0.539178967475891
1469,320.0,2.41077518463135
1470,320.2,2149.85888671875
1471,320.3,3406.17895507813
1472,320.4,248.399032592773
1473,320.6,0.806645035743713
1474,320.9,0.55733197927475
1475,321.0,2.63910388946533
1476,321.2,2048.439453125
1477,321.3,2555.48999023438
1478,321.5,7.96985578536987
1479,321.8,0.39079025387764
1480,322.0,2.49046540260315
1481,322.2,2601.87353515625
1482,322.3,3258.40014648438
1483,322.5,8.32259178161621
1484,322.6,1.00141561031342
1485,322.9,1.43225908279419
1486,323.1,27.9319667816162
1487,323.3,4550.5068359375
1488,323.4,254.618286132813
1489,323.6,0.976351082324982
1490,323.9,1.26246976852417
1491,324.1,27.285120010376
1492,324.3,5527.58349609375
1493,324.4,240.653182983398
1494,324.5,9.31434726715088
1495,324.8,4.83553981781006
1496,325.0,25.2590560913086
1497,325.1,66.3937072753906
1498,325.3,4798.4169921875
1499,325.4,160.010818481445
1500,325.6,0.529686093330383
1501,325.8,1.33349990844727
1502,326.0,8.28120613098145
1503,326.2,2362.06323242188
1504,326.3,3412.14233398438
1505,326.5,3.18877506256104
1506,326.7,4.20076608657837
1507,326.8,7.07727527618408
1508,327.0,62.3108520507813
1509,327.2,2561.013671875
1510,327.3,2776.21142578125
1511,327.5,1.3710550069809
1512,327.7,1.8491131067276
1513,327.9,7.08926630020142
1514,328.0,11.2586393356323
1515,328.2,1654.35876464844
1516,328.3,3676.92309570313
1517,328.4,399.904083251953
1518,328.7,1.76509284973145
1519,328.9,7.43983697891235
1520,329.0,11.2222499847412
1521,329.2,1319.87719726563
1522,329.3,3307.06567382813
1523,329.5,5.16612529754639
1524,329.6,1.25197768211365
1525,329.9,1.97826635837555
1526,330.0,3.26263642311096
1527,330.2,908.921997070313
1528,330.3,3775.20922851563
1529,330.4,481.915802001953
1530,330.6,2.02564740180969
1531,330.9,3.09659433364868
1532,331.1,28.2429847717285
1533,331.3,3814.32958984375
1534,331.4,239.572814941406
1535,331.6,1.31767845153809
1536,331.9,1.63627278804779
1537,332.1,26.1426429748535
1538,332.3,4309.20556640625
1539,332.4,296.836303710938
1540,332.6,0.709884226322174
1541,332.8,0.575568318367004
1542,333.0,3.35057044029236
1543,333.2,699.967712402344
1544,333.3,3124.68310546875
1545,333.5,9.01007556915283
1546,333.8,0.655341804027557
1547,334.0,3.22025156021118
1548,334.2,1050.33557128906
1549,334.3,3690.46337890625
1550,334.5,11.3341655731201
1551,334.8,0.913314998149872
1552,335.0,3.55316853523254
1553,335.2,1009.68231201172
1554,335.3,2763.53979492188
1555,335.5,7.70055770874023
1556,335.6,1.5754851102829
1557,335.8,1.07177948951721
1558,336.0,3.27787494659424
1559,336.2,1243.50463867188
1560,336.3,3619.21704101563
1561,336.5,12.0334749221802
1562,336.8,0.693313360214233
1563,337.0,2.61179113388062
1564,337.2,1027.83947753906
1565,337.3,2914.84130859375
1566,337.5,9.47481060028076
1567,337.8,2.97801637649536
1568,338.0,3.63902068138123
1569,338.2,942.322692871094
1570,338.3,3828.984375
1571,338.5,21.9143142700195
1572,338.8,0.972187519073486
1573,339.0,5.25214433670044
1574,339.2,1033.42211914063
1575,339.3,3009.95581054688
1576,339.5,10.6537599563599
1577,339.7,0.475143641233444
1578,339.9,3.38354563713074
1579,340.1,20.0900993347168
1580,340.3,4148.44189453125
1581,340.4,585.473327636719
1582,340.5,8.90557098388672
1583,340.8,8.84528255462646
1584,341.0,77.9760208129883
1585,341.1,233.527435302734
1586,341.3,4257.83251953125
1587,341.4,165.098342895508
1588,341.6,0.613706409931183
1589,341.8,4.35440063476563
1590,342.0,26.8948287963867
1591,342.2,819.9345703125
1592,342.3,4141.49072265625
1593,342.5,8.27704238891602
1594,342.8,4.45341014862061
1595,343.0,26.0298118591309
1596,343.2,626.334838867188
1597,343.3,3011.95776367188
1598,343.4,268.270385742188
1599,343.6,0.470980107784271
1600,343.8,1.40902662277222
1601,344.0,6.66125392913818
1602,344.2,446.193359375
1603,344.3,3934.75390625
1604,344.5,12.2592220306396
1605,344.7,3.05878925323486
1606,344.8,3.45399284362793
1607,345.0,23.3122653961182
1608,345.2,408.013244628906
1609,345.3,3111.408203125
1610,345.5,10.6815719604492
1611,345.8,1.96286118030548
1612,346.0,6.75926399230957
1613,346.2,396.137298583984
1614,346.3,3057.48681640625
1615,346.4,511.426666259766
1616,346.6,1.71513032913208
1617,346.9,2.87817478179932
1618,347.0,4.4091100692749
1619,347.2,340.310272216797
1620,347.3,2901.69116210938
1621,347.5,11.646598815918
1622,347.7,0.61762011051178
1623,347.9,1.63269209861755
1624,348.1,15.4595718383789
1625,348.3,3401.82153320313
1626,348.4,634.241394042969
1627,348.6,2.62594723701477
1628,348.9,3.60970950126648
1629,349.1,21.4126071929932
1630,349.3,2754.5859375
1631,349.4,422.133331298828
1632,349.6,1.9115663766861
1633,349.8,1.38704299926758
1634,350.0,3.40244817733765
1635,350.2,475.750183105469
1636,350.3,3685.46923828125
1637,350.5,19.4196014404297
1638,350.8,0.800399720668793
1639,351.0,2.52610540390015
1640,351.2,414.277038574219
1641,351.3,2229.01733398438
1642,351.4,688.667236328125
1643,351.7,1.2299108505249
1644,351.8,0.320925980806351
1645,352.0,2.7252893447876
1646,352.2,361.958862304688
1647,352.3,3703.71630859375
1648,352.5,39.027645111084
1649,352.8,0.983845472335815
1650,353.0,3.08893322944641
1651,353.2,310.592468261719
1652,353.3,3040.03393554688
1653,353.5,12.9870100021362
1654,353.6,0.894412517547607
1655,353.9,0.758264660835266
1656,354.1,14.1601295471191
1657,354.2,235.109161376953
1658,354.3,3766.31982421875
1659,354.5,10.8497791290283
1660,354.7,0.826546728610992
1661,354.9,13.8323755264282
1662,355.1,263.640930175781
1663,355.3,3768.25341796875
1664,355.4,279.591888427734
1665,355.6,0.378216326236725
1666,355.8,1.58622694015503
1667,356.0,19.6760768890381
1668,356.2,492.935729980469
1669,356.3,3855.5263671875
1670,356.5,9.16804027557373
1671,356.8,2.32142567634583
1672,357.0,17.0683650970459
1673,357.2,400.508270263672
1674,357.3,2911.7314453125
1675,357.5,9.91656303405762
1676,357.6,0.980764448642731
1677,357.9,2.35914731025696
1678,358.1,23.255558013916
1679,358.3,2944.43823242188
1680,358.4,824.882690429688
1681,358.6,2.75943040847778
1682,358.9,6.68282127380371
1683,359.1,42.8118896484375
1684,359.3,2489.5615234375
1685,359.4,475.756683349609
1686,359.6,1.64060282707214
1687,359.8,0.542093455791473
1688,360.0,5.25047874450684
1689,360.2,197.350494384766
1690,360.3,3274.119140625
1691,360.5,19.1562995910645
1692,360.6,1.68598556518555
1693,360.9,2.44141888618469
1694,361.1,19.4577407836914
1695,361.2,159.315093994141
1696,361.3,2603.41552734375
1697,361.5,18.2811222076416
1698,361.7,0.612374067306519
1699,361.9,1.29860937595367
1700,362.1,12.1333999633789
1701,362.3,2527.28564453125
1702,362.4,970.25341796875
1703,362.5,31.3632278442383
1704,362.7,0.838704288005829
1705,362.9,4.59047365188599
1706,363.0,5.79815149307251
1707,363.2,206.918395996094
1708,363.3,1818.80090332031
1709,363.4,780.444152832031
1710,363.6,1.39453744888306
1711,363.8,0.561578810214996
1712,364.0,3.76326084136963
1713,364.2,203.126739501953
1714,364.3,3349.4716796875
1715,364.5,37.7663421630859
1716,364.7,0.264468312263489
1717,364.9,1.22183358669281
1718,365.1,10.7255392074585
1719,365.3,1834.58508300781
1720,365.4,1101.48852539063
1721,365.5,21.1274871826172
1722,365.7,0.332500636577606
1723,365.9,0.682321608066559
1724,366.1,10.33424949646
1725,366.3,2270.73901367188
1726,366.4,1283.22180175781
1727,366.6,1.11391460895538
1728,366.9,1.64668166637421
1729,367.1,13.3633108139038
1730,367.2,112.00008392334
1731,367.3,2736.40063476563
1732,367.5,21.2044296264648
1733,367.7,0.253226757049561
1734,367.9,0.875093698501587
1735,368.1,8.580397605896
1736,368.3,2320.224609375
1737,368.4,1221.23876953125
1738,368.6,1.840203166008
1739,368.9,1.16504287719727
1740,369.1,12.9375467300415
1741,369.2,85.5868911743164
1742,369.3,2708.484375
1743,369.5,22.9697723388672
1744,369.7,0.347073018550873
1745,369.9,0.882088422775269
1746,370.1,11.2312431335449
1747,370.3,2350.47509765625
1748,370.4,1196.34448242188
1749,370.6,2.03172612190247
1750,370.8,0.775335192680359
1751,371.0,3.73186779022217
1752,371.1,11.9911737442017
1753,371.3,1741.90625
1754,371.4,829.752624511719
1755,371.5,29.3158473968506
1756,371.8,1.4870513677597
1757,371.9,0.664002001285553
1758,372.1,9.21042537689209
1759,372.3,2049.88427734375
1760,372.4,1191.19738769531
1761,372.6,3.25980520248413
1762,372.9,2.0887668132782
1763,373.1,18.1448917388916
1764,373.3,1537.10754394531
1765,373.4,931.4345703125
1766,373.6,1.91997671127319
1767,373.8,0.566908180713654
1768,374.0,2.78466153144836
1769,374.2,106.276710510254
1770,374.3,2883.81713867188
1771,374.5,34.0016670227051
1772,374.7,0.700474619865417
1773,374.9,1.25464236736298
1774,375.1,10.5685739517212
1775,375.2,85.7743377685547
1776,375.3,2255.17016601563
1777,375.5,28.0311431884766
1778,375.6,2.50337243080139
1779,375.8,0.296694159507751
1780,376.0,1.96544253826141
1781,376.2,92.1169128417969
1782,376.3,1415.53771972656
1783,376.4,1583.79443359375
1784,376.6,1.76625859737396
1785,376.7,1.04538261890411
1786,377.0,2.28545260429382
1787,377.1,7.58514451980591
1788,377.3,1275.12744140625
1789,377.4,1023.27844238281
1790,377.6,2.22891163825989
1791,377.8,0.485136151313782
1792,378.0,2.11466407775879
1793,378.2,92.5123672485352
1794,378.3,1360.11743164063
1795,378.4,1624.96057128906
1796,378.6,2.18494462966919
1797,378.9,0.858689308166504
1798,379.0,1.26371884346008
1799,379.2,85.0748596191406
1800,379.4,2218.15258789063
1801,379.5,38.2099266052246
1802,379.7,0.759763538837433
1803,380.0,1.69389629364014
1804,380.2,75.1877746582031
1805,380.4,2875.8857421875
1806,380.5,43.3516540527344
1807,380.6,1.31626284122467
1808,380.9,0.888083934783936
1809,381.1,8.58714294433594
1810,381.2,57.8092269897461
1811,381.4,2181.06225585938
1812,381.5,40.6469306945801
1813,381.7,0.523857116699219
1814,381.9,1.13073527812958
1815,382.1,8.03197574615479
1816,382.3,1616.17687988281
1817,382.4,1290.2607421875
1818,382.6,2.72762084007263
1819,382.9,1.29769337177277
1820,383.0,2.25497531890869
1821,383.2,61.718376159668
1822,383.4,2182.32153320313
1823,383.5,55.350902557373
1824,383.8,1.99616956710815
1825,384.0,2.14539098739624
1826,384.2,46.7909889221191
1827,384.4,2829.88159179688
1828,384.5,73.9923400878906
1829,384.8,2.44016981124878
1830,385.0,6.59288883209229
1831,385.2,70.1174087524414
1832,385.4,2047.85327148438
1833,385.5,61.4342575073242
1834,385.8,1.8407860994339
1835,386.0,3.0259804725647
1836,386.1,8.66983127593994
1837,386.3,1156.15405273438
1838,386.4,1602.27124023438
1839,386.6,4.68748426437378
1840,386.9,3.67640924453735
1841,387.1,21.9846782684326
1842,387.3,964.273803710938
1843,387.4,1124.03857421875
1844,387.6,3.17561817169189
1845,387.8,1.71871101856232
1846,387.9,0.85943877696991
1847,388.1,12.0769424438477
1848,388.2,51.1380615234375
1849,388.4,2490.56982421875
1850,388.5,65.4313430786133
1851,388.6,3.62120079994202
1852,388.9,2.23115992546082
1853,389.0,2.58281278610229
1854,389.2,56.9588623046875
1855,389.4,1918.11535644531
1856,389.5,49.8521118164063
1857,389.7,0.626696646213531
1858,389.9,1.11366474628448
1859,390.1,7.09101486206055
1860,390.3,851.66943359375
1861,390.4,1841.38000488281
1862,390.6,3.33066868782043
1863,390.8,0.613290011882782
1864,391.0,3.13822960853577
1865,391.2,52.1245727539063
1866,391.4,1843.95239257813
1867,391.5,52.1521377563477
1868,391.7,1.05395948886871
1869,392.0,1.91548001766205
1870,392.2,48.9432907104492
1871,392.4,2557.90844726563
1872,392.5,62.0579566955566
1873,392.8,0.688233852386475
1874,393.0,1.89258050918579
1875,393.2,40.8861694335938
1876,393.4,1833.6474609375
1877,393.5,73.1679611206055
1878,393.6,3.35989665985107
1879,393.8,0.593388319015503
1880,394.0,2.07302856445313
1881,394.2,33.4668998718262
1882,394.3,895.571655273438
1883,394.4,1639.73913574219
1884,394.6,2.06087112426758
1885,394.9,0.453826308250427
1886,395.1,5.72845363616943
1887,395.3,708.714965820313
1888,395.4,1110.1376953125
1889,395.5,81.0910949707031
1890,395.7,1.29902577400208
1891,396.0,1.30660343170166
1892,396.2,30.3438262939453
1893,396.4,2406.40747070313
1894,396.5,116.53751373291
1895,396.7,0.758597731590271
1896,397.0,1.33100175857544
1897,397.2,30.2117576599121
1898,397.4,1754.84448242188
1899,397.5,115.470146179199
1900,397.7,0.832375705242157
1901,397.9,0.993837952613831
1902,398.1,5.56099605560303
1903,398.3,711.153137207031
1904,398.4,1907.80578613281
1905,398.6,5.35506725311279
1906,398.8,1.08526933193207
1907,399.0,5.7715048789978
1908,399.2,41.626781463623
1909,399.3,555.403930664063
1910,399.4,1230.89782714844
1911,399.6,4.03755521774292
1912,399.8,0.655258536338806
1913,400.0,3.60288119316101
1914,400.2,31.4502449035645
1915,400.3,552.436767578125
1916,400.4,1840.17224121094
1917,400.6,12.5472564697266
1918,400.9,21.3543167114258
1919,401.1,90.5512542724609
1920,401.3,777.371032714844
1921,401.4,1104.65966796875
1922,401.6,5.16104602813721
1923,401.9,7.63102674484253
1924,402.0,8.48638534545898
1925,402.2,82.2408218383789
1926,402.4,2122.90161132813
1927,402.5,100.751190185547
1928,402.6,6.4243483543396
1929,402.8,2.40344738960266
1930,403.0,12.866849899292
1931,403.2,70.1343994140625
1932,403.4,1636.11462402344
1933,403.5,68.8317108154297
1934,403.6,3.71687889099121
1935,403.9,1.92272460460663
1936,404.1,8.50095748901367
1937,404.2,32.5237731933594
1938,404.4,2112.68383789063
1939,404.5,130.660415649414
1940,404.7,1.55408442020416
1941,404.9,5.75260210037231
1942,405.1,18.9434585571289
1943,405.3,408.191192626953
1944,405.4,1213.94152832031
1945,405.6,4.18319606781006
1946,405.9,1.7168790102005
1947,406.1,7.64226818084717
1948,406.3,440.898986816406
1949,406.4,1787.53796386719
1950,406.6,3.14072775840759
1951,406.8,1.63427424430847
1952,406.9,1.35581648349762
1953,407.1,8.84020328521729
1954,407.3,382.242492675781
1955,407.4,1086.92932128906
1956,407.5,119.843200683594
1957,407.7,0.929969191551208
1958,407.9,0.892330765724182
1959,408.0,1.3185943365097
1960,408.2,30.4678153991699
1961,408.4,1958.57568359375
1962,408.5,186.386795043945
1963,408.6,2.38296270370483
1964,408.8,0.329419612884521
1965,409.0,2.28795075416565
1966,409.2,24.6409358978271
1967,409.4,1367.93286132813
1968,409.5,157.788818359375
1969,409.7,0.707969009876251
1970,409.9,0.873678088188171
1971,410.0,1.11699557304382
1972,410.2,18.535514831543
1973,410.4,1918.92053222656
1974,410.5,233.776336669922
1975,410.6,3.79348826408386
1976,410.9,0.904321730136871
1977,411.1,3.70921802520752
1978,411.2,15.4711465835571
1979,411.4,1320.81176757813
1980,411.5,200.285705566406
1981,411.7,1.44816386699677
1982,411.9,0.257806658744812
1983,412.1,3.87476062774658
1984,412.3,305.080261230469
1985,412.4,1879.83410644531
1986,412.6,5.5117826461792
1987,412.7,1.40178203582764
1988,413.0,1.73203432559967
1989,413.2,18.3687229156494
1990,413.4,1279.791015625
1991,413.5,189.152297973633
1992,413.7,1.69789326190948
1993,414.0,1.89008247852325
1994,414.2,16.9075698852539
1995,414.4,1649.27038574219
1996,414.5,378.038818359375
1997,414.8,6.37788343429565
1998,415.0,24.6162052154541
1999,415.1,51.2273292541504
2000,415.3,624.439270019531
2001,415.4,1064.40905761719
2002,415.6,3.81455564498901
2003,415.9,4.2046799659729
2004,416.1,27.0803565979004
2005,416.3,346.492706298828
2006,416.4,1637.7197265625
2007,416.6,7.38637685775757
2008,416.9,4.75834798812866
2009,417.1,22.5912227630615
2010,417.2,48.2668838500977
2011,417.4,1344.59167480469
2012,417.5,109.734115600586
2013,417.7,0.931717872619629
2014,417.9,2.48113918304443
2015,418.1,8.67216300964355
2016,418.3,213.227081298828
2017,418.4,1724.09094238281
2018,418.6,8.21725368499756
2019,418.9,4.04646492004395
2020,419.0,4.79348802566528
2021,419.2,36.4166030883789
2022,419.4,1173.88171386719
2023,419.5,159.746185302734
2024,419.8,1.14713966846466
2025,420.0,2.6027979850769
2026,420.2,26.2977771759033
2027,420.3,185.019561767578
2028,420.4,1649.53454589844
2029,420.6,6.46898174285889
2030,420.9,3.08576893806458
2031,421.1,11.311182975769
2032,421.2,23.8894996643066
2033,421.4,1087.44152832031
2034,421.5,210.940872192383
2035,421.7,1.74785578250885
2036,422.0,2.43492388725281
2037,422.2,20.7124652862549
2038,422.4,1473.36462402344
2039,422.5,300.8994140625
2040,422.6,4.8146390914917
2041,422.9,1.97976517677307
2042,423.1,7.75018739700317
2043,423.3,185.469482421875
2044,423.4,1076.17102050781
2045,423.6,7.91106653213501
2046,423.8,1.0268132686615
2047,424.1,3.77333664894104
2048,424.2,12.3807144165039
2049,424.4,1347.19665527344
2050,424.5,403.803466796875
2051,424.6,6.44275140762329
2052,424.8,0.411524683237076
2053,425.0,1.48888337612152
2054,425.2,14.6007165908813
2055,425.4,973.779235839844
2056,425.5,255.453994750977
2057,425.7,1.48480308055878
2058,426.0,1.12015986442566
2059,426.1,2.14913821220398
2060,426.3,144.267883300781
2061,426.4,1161.9794921875
2062,426.5,495.440490722656
2063,426.7,1.13681399822235
2064,427.0,1.64718127250671
2065,427.2,12.470064163208
2066,427.4,934.900512695313
2067,427.5,246.322174072266
2068,427.6,12.0576238632202
2069,427.9,0.976101279258728
2070,428.0,1.12557244300842
2071,428.2,11.0837707519531
2072,428.4,1191.15234375
2073,428.5,505.981597900391
2074,428.8,6.42168378829956
2075,428.9,6.14530754089355
2076,429.1,53.0625381469727
2077,429.3,350.035980224609
2078,429.4,1039.38391113281
2079,429.6,5.35564994812012
2080,429.8,1.21125817298889
2081,430.0,8.88616847991943
2082,430.2,50.6910667419434
2083,430.4,1363.92993164063
2084,430.5,264.241241455078
2085,430.6,8.42060089111328
2086,430.9,3.59571981430054
2087,431.0,5.15521669387817
2088,431.2,42.9612808227539
2089,431.4,976.14306640625
2090,431.5,231.619873046875
2091,431.7,1.8940794467926
2092,431.9,1.64368391036987
2093,432.0,1.85710716247559
2094,432.2,21.6647510528564
2095,432.3,96.1636276245117
2096,432.4,1499.55261230469
2097,432.6,9.30618667602539
2098,432.7,2.80806064605713
2099,433.0,4.53026914596558
2100,433.2,29.5552501678467
2101,433.3,113.404861450195
2102,433.4,993.884033203125
2103,433.6,9.01815319061279
2104,433.7,1.55275213718414
2105,433.9,0.869681060314178
2106,434.1,5.32375717163086
2107,434.2,13.1079187393188
2108,434.4,1112.96691894531
2109,434.5,414.055694580078
2110,434.6,9.85577487945557
2111,434.8,0.546173691749573
2112,435.0,2.40786075592041
2113,435.2,17.4763088226318
2114,435.4,726.582824707031
2115,435.5,332.973937988281
2116,435.7,0.958780884742737
2117,435.8,1.38071441650391
2118,436.1,3.05720710754395
2119,436.3,102.492713928223
2120,436.4,874.612976074219
2121,436.5,502.552490234375
2122,436.8,1.5306853055954
2123,437.0,2.58855867385864
2124,437.2,16.2916984558105
2125,437.4,674.200439453125
2126,437.5,342.054046630859
2127,437.7,1.76692485809326
2128,437.9,0.54492461681366
2129,438.1,4.0793571472168
2130,438.3,107.058372497559
2131,438.4,1338.26245117188
2132,438.6,8.55516719818115
2133,438.8,0.436339408159256
2134,439.0,0.988092243671417
2135,439.2,11.1926889419556
2136,439.3,69.9427108764648
2137,439.4,905.8056640625
2138,439.6,11.1134147644043
2139,439.7,1.70014154911041
2140,439.9,0.517528533935547
2141,440.1,2.6370222568512
2142,440.2,6.8398699760437
2143,440.4,834.166809082031
2144,440.5,636.034973144531
2145,440.7,1.84003663063049
2146,440.9,0.488383710384369
2147,441.1,2.75834798812866
2148,441.3,68.1154098510742
2149,441.4,894.570068359375
2150,441.6,16.9556999206543
2151,441.7,2.770339012146
2152,442.0,1.08776748180389
2153,442.1,2.02556419372559
2154,442.3,54.547924041748
2155,442.4,722.049987792969
2156,442.5,618.83447265625
2157,442.7,1.75651597976685
2158,442.9,1.23482382297516
2159,443.1,2.5933051109314
2160,443.3,56.8941612243652
2161,443.4,527.127136230469
2162,443.5,394.800659179688
2163,443.7,2.65192770957947
2164,443.9,0.58597719669342
2165,444.1,2.73270058631897
2166,444.3,46.4006156921387
2167,444.4,720.794067382813
2168,444.5,536.583129882813
2169,444.7,3.87093019485474
2170,445.0,2.48880004882813
2171,445.1,2.9742693901062
2172,445.3,55.5452575683594
2173,445.4,531.587890625
2174,445.5,366.182861328125
2175,445.7,1.78482806682587
2176,445.9,1.54167711734772
2177,446.1,3.601881980896
2178,446.3,45.4857177734375
2179,446.5,1265.41821289063
2180,446.6,21.1945209503174
2181,446.7,3.53801321983337
2182,447.0,2.31134986877441
2183,447.2,15.1869430541992
2184,447.4,533.301086425781
2185,447.5,356.883239746094
2186,447.7,2.55175280570984
2187,447.9,0.616287767887115
2188,448.1,2.86535096168518
2189,448.3,57.9543685913086
2190,448.5,1203.72875976563
2191,448.6,16.399450302124
2192,448.8,0.727287888526917
2193,449.0,1.72986924648285
2194,449.2,10.6774921417236
2195,449.4,442.798889160156
2196,449.5,400.772430419922
2197,449.6,20.3629779815674
2198,449.8,1.15446746349335
2199,450.1,2.53576493263245
2200,450.3,57.1343154907227
2201,450.5,1152.69458007813
2202,450.6,10.4848861694336
2203,450.7,1.83270883560181
2204,451.0,1.20942628383636
2205,451.2,9.52902030944824
2206,451.3,38.3167610168457
2207,451.5,775.549682617188
2208,451.6,17.4592380523682
2209,451.8,1.04854691028595
2210,452.1,1.9372969865799
2211,452.3,54.4937133789063
2212,452.5,1113.77038574219
2213,452.6,16.4828872680664
2214,452.9,0.870597064495087
2215,453.1,2.21567153930664
2216,453.2,5.89915895462036
2217,453.4,380.815887451172
2218,453.5,418.885925292969
2219,453.7,1.54833877086639
2220,453.8,1.32042634487152
2221,454.1,1.680739402771
2222,454.3,48.158130645752
2223,454.5,1127.72192382813
2224,454.6,28.7809982299805
2225,454.9,0.767840802669525
2226,455.1,1.95786488056183
2227,455.3,40.4166030883789
2228,455.5,711.300720214844
2229,455.6,30.0937633514404
2230,455.7,2.87850785255432
2231,456.0,0.832625508308411
2232,456.2,5.17861604690552
2233,456.4,458.428344726563
2234,456.5,675.115173339844
2235,456.7,2.43800473213196
2236,457.0,1.2031809091568
2237,457.2,7.71388149261475
2238,457.3,30.924222946167
2239,457.5,703.766357421875
2240,457.6,29.8378715515137
2241,457.7,3.19027400016785
2242,458.0,0.92114245891571
2243,458.1,1.45982182025909
2244,458.3,35.878589630127
2245,458.5,985.8740234375
2246,458.6,33.7006416320801
2247,458.9,3.00008320808411
2248,459.1,5.33275032043457
2249,459.3,42.5157814025879
2250,459.5,688.816284179688
2251,459.6,28.0417194366455
2252,459.8,2.19693565368652
2253,460.1,3.29602789878845
2254,460.3,33.170539855957
2255,460.5,1011.16693115234
2256,460.6,45.9347991943359
2257,460.8,4.59621953964233
2258,461.0,12.8644351959229
2259,461.2,40.5265235900879
2260,461.4,423.748443603516
2261,461.5,300.572906494141
2262,461.6,23.6486797332764
2263,461.9,3.81488871574402
2264,462.1,7.18236303329468
2265,462.3,48.1294860839844
2266,462.5,974.643920898438
2267,462.6,30.1901912689209
2268,462.9,3.29627776145935
2269,463.0,2.86360239982605
2270,463.2,15.4499959945679
2271,463.3,35.5405120849609
2272,463.5,640.705810546875
2273,463.6,31.3640594482422
2274,463.8,1.23315846920013
2275,464.0,1.62569737434387
2276,464.2,8.3090181350708
2277,464.3,28.3739700317383
2278,464.5,937.865295410156
2279,464.6,35.0549583435059
2280,464.9,1.62236654758453
2281,465.1,3.90224003791809
2282,465.3,32.7544326782227
2283,465.4,216.645843505859
2284,465.5,418.044036865234
2285,465.7,4.44000339508057
2286,465.9,0.551003396511078
2287,466.1,2.32384037971497
2288,466.3,34.3514022827148
2289,466.5,900.072509765625
2290,466.6,38.8369560241699
2291,466.8,0.481971859931946
2292,467.0,1.24964606761932
2293,467.2,6.43700551986694
2294,467.4,210.681900024414
2295,467.5,376.560668945313
2296,467.6,49.6737442016602
2297,467.8,0.899492025375366
2298,468.1,1.77525186538696
2299,468.2,3.95853114128113
2300,468.4,243.033554077148
2301,468.5,726.930297851563
2302,468.7,2.49279713630676
2303,468.9,1.26638352870941
2304,469.0,0.440669506788254
2305,469.2,5.60654497146606
2306,469.4,188.778167724609
2307,469.5,421.169616699219
2308,469.7,3.98825883865356
2309,470.0,1.04912984371185
2310,470.2,3.64235162734985
2311,470.4,240.706634521484
2312,470.5,654.907348632813
2313,470.7,2.97993183135986
2314,470.9,0.873761355876923
2315,471.2,5.01315689086914
2316,471.3,21.0697803497314
2317,471.5,526.172790527344
2318,471.6,58.6768264770508
2319,471.8,0.714464128017426
2320,472.0,1.18511116504669
2321,472.2,4.23615598678589
2322,472.3,16.6037139892578
2323,472.5,744.823486328125
2324,472.6,59.8289604187012
2325,472.7,4.06803226470947
2326,473.0,1.5128653049469
2327,473.2,6.67874097824097
2328,473.4,208.303192138672
2329,473.5,367.876098632813
2330,473.7,3.87118005752563
2331,473.8,1.70971775054932
2332,474.0,0.577483534812927
2333,474.2,4.47098016738892
2334,474.3,15.1320676803589
2335,474.5,731.456909179688
2336,474.6,107.081108093262
2337,474.9,10.3034391403198
2338,475.1,26.9133148193359
2339,475.3,138.801483154297
2340,475.4,541.034729003906
2341,475.6,15.8284616470337
2342,475.8,3.13731360435486
2343,476.0,5.29885911941528
2344,476.2,24.7124652862549
2345,476.4,305.192443847656
2346,476.5,564.634582519531
2347,476.7,3.64809727668762
2348,476.9,1.68290448188782
2349,477.1,9.12532234191895
2350,477.3,50.7713394165039
2351,477.5,497.503967285156
2352,477.6,44.5445098876953
2353,477.9,1.82504785060883
2354,478.1,3.63693904876709
2355,478.3,27.0745277404785
2356,478.5,723.061706542969
2357,478.6,73.1136627197266
2358,478.8,1.03197598457336
2359,479.0,4.67840766906738
2360,479.1,5.09134817123413
2361,479.3,30.6210346221924
2362,479.5,458.083679199219
2363,479.6,61.0626182556152
2364,479.8,1.22483134269714
2365,480.0,2.10883498191833
2366,480.2,7.44774770736694
2367,480.4,166.337661743164
2368,480.5,609.799255371094
2369,480.7,5.80897665023804
2370,481.0,6.8570237159729
2371,481.1,7.3540678024292
2372,481.3,35.4204330444336
2373,481.5,414.610778808594
2374,481.6,69.2528915405273
2375,481.7,5.99758529663086
2376,482.0,2.97776675224304
2377,482.1,2.57415270805359
2378,482.3,24.7404441833496
2379,482.5,634.538513183594
2380,482.6,111.491966247559
2381,482.7,4.23057699203491
2382,482.9,0.616371035575867
2383,483.1,3.11949372291565
2384,483.3,20.4795570373535
2385,483.5,378.898834228516
2386,483.6,87.6668319702148
2387,483.8,1.58680987358093
2388,484.1,1.77416932582855
2389,484.3,15.5009574890137
2390,484.4,109.248062133789
2391,484.5,572.799987792969
2392,484.7,3.53443241119385
2393,484.8,1.12807059288025
2394,485.0,0.270463824272156
2395,485.2,4.20967626571655
2396,485.3,13.9891748428345
2397,485.5,352.428436279297
2398,485.6,90.7228775024414
2399,485.8,1.65808975696564
2400,486.1,1.44624865055084
2401,486.3,14.1728706359863
2402,486.4,111.37971496582
2403,486.5,505.432250976563
2404,486.7,6.59413766860962
2405,487.0,1.114830493927
2406,487.1,0.800066590309143
2407,487.3,16.7386951446533
2408,487.5,339.453582763672
2409,487.6,78.030891418457
2410,487.7,6.89574480056763
2411,488.0,1.69223082065582
2412,488.2,3.2030143737793
2413,488.4,109.610290527344
2414,488.5,534.567504882813
2415,488.7,14.1483888626099
2416,488.9,10.0282287597656
2417,489.1,23.4895496368408
2418,489.2,35.5015411376953
2419,489.4,308.682647705078
2420,489.5,211.854934692383
2421,489.7,1.95511698722839
2422,489.9,3.96968936920166
2423,490.0,3.32717132568359
2424,490.2,16.8028984069824
2425,490.4,211.774169921875
2426,490.5,461.619293212891
2427,490.7,4.1408109664917
2428,490.9,4.22716283798218
2429,491.1,9.72237491607666
2430,491.2,10.2402362823486
2431,491.4,167.619201660156
2432,491.5,283.963439941406
2433,491.7,6.72070932388306
2434,492.0,2.51061701774597
2435,492.2,6.30293941497803
2436,492.4,109.934135437012
2437,492.5,517.911987304688
2438,492.7,4.75601625442505
2439,492.9,2.37405276298523
2440,493.1,4.91831111907959
2441,493.3,27.6243648529053
2442,493.5,319.240478515625
2443,493.6,76.5259399414063
2444,493.7,6.45582485198975
2445,494.0,1.83937048912048
2446,494.2,5.83570671081543
2447,494.3,12.1917724609375
2448,494.5,460.600646972656
2449,494.6,144.852020263672
2450,494.9,2.57806634902954
2451,495.1,5.54625701904297
2452,495.3,22.5523357391357
2453,495.5,281.578399658203
2454,495.6,98.4780578613281
2455,495.8,2.28753423690796
2456,496.1,3.26355242729187
2457,496.3,15.4370889663696
2458,496.5,417.920989990234
2459,496.6,172.178039550781
2460,496.9,2.45291042327881
2461,497.1,4.93213415145874
2462,497.3,19.9043216705322
2463,497.4,64.5038757324219
2464,497.5,287.064453125
2465,497.7,9.45432567596436
2466,498.0,2.05004572868347
2467,498.1,1.50670325756073
2468,498.3,13.2399034500122
2469,498.5,361.387542724609
2470,498.6,159.272216796875
2471,498.8,1.72029316425323
2472,499.1,1.96494293212891
2473,499.3,13.274543762207
2474,499.5,224.296020507813
2475,499.6,113.282455444336
2476,499.8,2.61270713806152
2477,500.0,0.565159440040588
2478,500.2,2.55266880989075
2479,500.3,7.99375486373901
2480,500.5,336.261627197266
2481,500.6,129.94970703125
2482,500.8,1.54617369174957
2483,501.1,1.60371387004852
2484,501.2,3.12540602684021
2485,501.4,73.4305953979492
2486,501.5,238.305770874023
2487,501.7,12.4202680587769
2488,502.0,1.01040887832642
2489,502.2,2.98034811019897
2490,502.3,7.93862915039063
2491,502.5,314.453918457031
2492,502.6,164.847030639648
2493,502.9,6.20559597015381
2494,503.1,8.63510704040527
2495,503.3,36.8329582214355
2496,503.4,92.9049911499023
2497,503.5,213.665008544922
2498,503.7,9.68165588378906
2499,503.8,3.24914646148682
2500,504.1,4.18860864639282
2501,504.3,18.1214923858643
2502,504.5,341.152801513672
2503,504.6,131.578643798828
2504,504.8,1.858189702034
2505,505.0,3.03255891799927
2506,505.2,7.54858875274658
2507,505.4,84.3337478637695
2508,505.5,146.25456237793
2509,505.6,89.4858016967773
2510,505.8,2.55233573913574
2511,506.1,2.15188598632813
2512,506.2,2.90307259559631
2513,506.4,64.8378753662109
2514,506.5,399.40869140625
2515,506.7,10.722541809082
2516,507.0,2.65434265136719
2517,507.2,7.74027824401855
2518,507.4,71.2377395629883
2519,507.5,145.421524047852
2520,507.6,97.8779220581055
2521,507.8,2.92397379875183
2522,508.0,0.881339013576508
2523,508.2,3.97510194778442
2524,508.3,8.99666881561279
2525,508.5,299.607971191406
2526,508.6,165.783081054688
2527,508.8,0.906070470809937
2528,508.9,1.19893407821655
2529,509.2,4.30693626403809
2530,509.4,59.6182022094727
2531,509.5,222.662582397461
2532,509.7,14.6540098190308
2533,509.8,2.29977512359619
2534,510.1,1.42667996883392
2535,510.3,8.49304676055908
2536,510.5,254.865264892578
2537,510.6,195.919815063477
2538,510.8,1.90673661231995
2539,511.1,2.24148559570313
2540,511.3,10.7903242111206
2541,511.5,163.877258300781
2542,511.6,108.576652526855
2543,511.8,2.53676414489746
2544,511.9,1.89666080474854
2545,512.2,3.4699809551239
2546,512.4,45.2015991210938
2547,512.5,176.057708740234
2548,512.6,177.389617919922
2549,512.8,0.78299605846405
2550,513.0,0.977267026901245
2551,513.2,3.04671502113342
2552,513.4,51.4760589599609
2553,513.5,185.93571472168
2554,513.7,18.2807064056396
2555,514.0,1.77583479881287
2556,514.1,0.662503123283386
2557,514.3,9.03489017486572
2558,514.4,42.2877006530762
2559,514.5,281.0712890625
2560,514.7,17.6934795379639
2561,515.0,1.13972854614258
2562,515.2,3.31659579277039
2563,515.4,55.2659683227539
2564,515.6,159.171783447266
2565,515.7,20.043966293335
2566,515.9,0.563244223594666
2567,516.1,1.64951288700104
2568,516.3,8.24714756011963
2569,516.5,207.066528320313
2570,516.6,143.032470703125
2571,516.8,1.42326593399048
2572,517.0,1.16321086883545
2573,517.2,3.69273042678833
2574,517.3,10.1565494537354
2575,517.5,134.586059570313
2576,517.6,81.6330261230469
2577,517.8,3.81630444526672
2578,518.0,0.73994505405426
2579,518.2,2.57806634902954
2580,518.3,6.45482540130615
2581,518.5,192.2080078125
2582,518.6,123.632110595703
2583,518.7,19.1236572265625
2584,518.9,0.956199526786804
2585,519.1,3.64326763153076
2586,519.2,3.98917484283447
2587,519.4,55.6286964416504
2588,519.5,90.0504608154297
2589,519.6,86.3260879516602
2590,519.8,4.16429328918457
2591,520.1,2.10825204849243
2592,520.3,9.29477882385254
2593,520.5,191.245315551758
2594,520.6,149.611297607422
2595,520.8,3.96552586555481
2596,521.1,4.16695833206177
2597,521.3,17.7077198028564
2598,521.5,131.892333984375
2599,521.6,65.481803894043
2600,521.7,18.7183780670166
2601,521.9,2.3460738658905
2602,522.2,4.006911277771
2603,522.4,42.1209907531738
2604,522.6,286.502868652344
2605,522.7,24.1660423278809
2606,523.0,1.79215586185455
2607,523.2,3.25489211082458
2608,523.4,46.658504486084
2609,523.6,149.846282958984
2610,523.7,21.2180023193359
2611,524.0,1.39420437812805
2612,524.2,2.6636688709259
2613,524.3,5.53576469421387
2614,524.5,158.702301025391
2615,524.6,172.632690429688
2616,524.8,2.35731530189514
2617,525.0,0.661004245281219
2618,525.2,2.41177439689636
2619,525.4,33.5446739196777
2620,525.6,147.765258789063
2621,525.7,23.9411277770996
2622,525.9,1.19277203083038
2623,526.1,1.59072363376617
2624,526.3,7.29544496536255
2625,526.5,133.964447021484
2626,526.6,151.311019897461
2627,526.8,2.9560329914093
2628,527.1,1.33000254631042
2629,527.3,7.9726037979126
2630,527.4,23.3198432922363
2631,527.6,129.556747436523
2632,527.7,24.9651927947998
2633,527.9,1.32475638389587
2634,528.1,1.60029971599579
2635,528.2,1.59513700008392
2636,528.4,35.3327522277832
2637,528.5,93.9521179199219
2638,528.6,116.497459411621
2639,528.8,3.37072205543518
2640,529.1,1.51569652557373
2641,529.3,9.54275989532471
2642,529.5,81.1408081054688
2643,529.6,55.7275390625
2644,529.7,22.552001953125
2645,529.9,1.87351155281067
2646,530.2,2.21375632286072
2647,530.4,32.7023887634277
2648,530.5,93.9313049316406
2649,530.6,123.100090026855
2650,530.8,2.07760834693909
2651,531.0,0.948954939842224
2652,531.1,1.14922142028809
2653,531.3,9.77292060852051
2654,531.5,81.2109222412109
2655,531.6,68.3285903930664
2656,531.8,3.56024646759033
2657,531.9,1.86093759536743
2658,532.2,2.3195104598999
2659,532.4,35.4698143005371
2660,532.6,174.803649902344
2661,532.7,26.4029483795166
2662,532.8,4.40702819824219
2663,533.1,2.89949202537537
2664,533.3,12.1343154907227
2665,533.4,30.5990505218506
2666,533.6,100.269546508789
2667,533.7,22.3241729736328
2668,533.9,2.6978931427002
2669,534.2,2.9548671245575
2670,534.4,31.7782497406006
2671,534.5,76.926887512207
2672,534.6,135.622528076172
2673,534.8,12.2362394332886
2674,535.0,13.5026226043701
2675,535.2,24.8977432250977
2676,535.4,77.0836868286133
2677,535.5,52.6400184631348
2678,535.6,54.5952186584473
2679,535.8,5.87043046951294
2680,536.0,7.4160213470459
2681,536.2,9.35206890106201
2682,536.3,13.7464399337769
2683,536.5,134.907562255859
2684,536.6,115.356567382813
2685,536.8,7.72470664978027
2686,537.1,5.55341815948486
2687,537.3,18.3242568969727
2688,537.5,79.0836029052734
2689,537.6,49.907154083252
2690,537.7,22.2563915252686
2691,537.9,3.59114003181458
2692,538.2,4.0531268119812
2693,538.3,4.83662271499634
2694,538.5,102.593055725098
2695,538.6,129.021820068359
2696,538.8,4.79690217971802
2697,539.0,1.30510449409485
2698,539.2,3.42185020446777
2699,539.4,26.1856937408447
2700,539.6,93.5242767333984
2701,539.7,26.5473403930664
2702,539.9,2.72737121582031
2703,540.1,1.27462732791901
2704,540.3,6.96094608306885
2705,540.5,78.9207229614258
2706,540.6,114.189025878906
2707,540.8,4.28078937530518
2708,541.0,1.7968190908432
2709,541.2,3.19427084922791
2710,541.4,24.8147220611572
2711,541.5,36.5489234924316
2712,541.6,61.7507705688477
2713,541.8,6.44624853134155
2714,542.0,1.07161295413971
2715,542.2,3.02906155586243
2716,542.4,24.1620445251465
2717,542.6,117.06761932373
2718,542.7,29.1801986694336
2719,542.8,5.13964509963989
2720,543.0,0.757764995098114
2721,543.2,2.87675905227661
2722,543.4,23.2893657684326
2723,543.6,68.7925720214844
2724,543.7,21.9059867858887
2725,544.0,2.50861859321594
2726,544.2,2.97068858146667
2727,544.3,5.06470155715942
2728,544.5,73.731201171875
2729,544.6,63.5810623168945
2730,544.7,30.9187278747559
2731,544.9,1.10175704956055
2732,545.1,1.50620365142822
2733,545.3,7.59397125244141
2734,545.5,48.9315528869629
2735,545.6,51.9796829223633
2736,545.8,5.6459321975708
2737,546.1,1.93696391582489
2738,546.3,8.18669319152832
2739,546.5,69.9999160766602
2740,546.6,57.9919242858887
2741,546.7,29.4367561340332
2742,546.9,1.94953787326813
2743,547.2,3.73611450195313
2744,547.3,7.48330402374268
2745,547.5,48.1234893798828
2746,547.6,48.8485298156738
2747,547.8,5.34016132354736
2748,547.9,2.7869930267334
2749,548.2,2.45915555953979
2750,548.4,22.777416229248
2751,548.6,89.9995803833008
2752,548.7,49.7708396911621
2753,549.0,23.6043796539307
2754,549.2,53.1685409545898
2755,549.3,63.7178764343262
2756,549.4,94.0565414428711
2757,549.6,18.7548503875732
2758,549.9,8.02922821044922
#"+ Scan (rt: 4.991-54.975 min, 8586 scans) RMP1_666-48M_650_WHOLE.D "
#Point,X(Thompsons),Y(Counts)
0,40.1,11024.1298828125
1,40.3,3.32832527160645
2,41.2,102944.3671875
3,42.2,22177.15234375
4,43.2,104089.65625
5,44.0,2.49627304077148
6,44.1,7637.71923828125
7,44.3,0.587817370891571
8,45.0,57.902515411377
9,45.1,3191.56762695313
10,45.3,0.990333080291748
11,45.5,0.680526435375214
12,45.6,0.256114602088928
13,45.8,9.65187549591064
14,46.0,130.307586669922
15,46.1,236.476699829102
16,46.3,29.860237121582
17,46.5,4.16957855224609
18,46.8,5.03598880767822
19,47.0,225.772766113281
20,47.1,569.786743164063
21,47.3,7.8590726852417
22,47.6,1.03354299068451
23,47.7,1.39995336532593
24,47.9,34.833683013916
25,48.1,262.860931396484
26,48.2,66.2912902832031
27,48.4,2.28325176239014
28,48.7,0.744234800338745
29,48.8,1.61693453788757
30,49.0,112.379104614258
31,49.1,668.719787597656
32,49.3,30.5764026641846
33,49.5,0.0218961108475924
34,50.0,19.1942691802979
35,50.1,8017.1826171875
36,50.3,1.34684371948242
37,51.0,2.60691833496094
38,51.1,18569.013671875
39,52.0,9.55776882171631
40,52.2,7517.58935546875
41,52.3,4.99615669250488
42,53.2,23273.541015625
43,54.2,19786.4140625
44,54.3,2.49976706504822
45,55.2,122111.78125
46,56.2,50127.453125
47,57.2,111311.765625
48,57.3,237.810150146484
49,57.6,130.725372314453
50,57.8,54.9881210327148
51,58.0,342.692169189453
52,58.2,10806.4853515625
53,58.3,12.3916845321655
54,58.5,0.536687612533569
55,58.8,4.3107385635376
56,59.0,235.109130859375
57,59.1,3525.7587890625
58,59.3,7.98089933395386
59,59.8,0.787561118602753
60,60.0,169.738067626953
61,60.1,3194.69873046875
62,60.3,15.2357330322266
63,60.6,2.90216636657715
64,60.8,4.33554601669312
65,61.0,162.814346313477
66,61.1,1928.70556640625
67,61.3,13.1828556060791
68,61.5,0.318425357341766
69,62.0,61.0094337463379
70,62.1,4980.3271484375
71,62.3,3.00559043884277
72,62.5,0.0597484260797501
73,63.0,4.10400629043579
74,63.1,15470.8291015625
75,63.9,2.63440489768982
76,64.1,4829.14599609375
77,64.2,1632.05822753906
78,64.4,0.192289769649506
79,65.1,22359.990234375
80,66.0,4.14372253417969
81,66.2,10918.9619140625
82,66.3,6.54146289825439
83,67.2,68293.1875
84,68.2,33110.14453125
85,69.2,87511.46875
86,69.3,37.0006980895996
87,70.0,16.5273704528809
88,70.2,46913.35546875
89,70.3,79.6030731201172
90,70.5,13.3240156173706
91,70.8,5.89331483840942
92,71.0,20.7940826416016
93,71.2,70935.1328125
94,72.0,93.4637756347656
95,72.2,6447.03173828125
96,72.3,33.5734901428223
97,73.0,84.4813613891602
98,73.1,6090.0703125
99,73.3,0.902166306972504
100,74.0,96.8220367431641
101,74.1,5946.32958984375
102,74.3,0.73002564907074
103,75.0,50.8333320617676
104,75.1,7151.51904296875
105,75.3,1.46599113941193
106,75.9,0.805613815784454
107,76.1,8320.033203125
108,76.2,2449.81640625
109,77.1,50802.77734375
110,78.0,2.24318647384644
111,78.1,17395.765625
112,78.3,3.22816205024719
113,79.1,52623.01953125
114,80.2,18722.712890625
115,81.2,72423.9140625
116,82.2,50033.515625
117,82.3,74.8446273803711
118,83.0,13.6156530380249
119,83.2,72710.84375
120,84.0,6.79513168334961
121,84.2,29811.970703125
122,85.0,0.829722821712494
123,85.2,50911.96875
124,85.3,0.610761702060699
125,86.0,69.3143463134766
126,86.2,6864.68115234375
127,86.3,7.01851844787598
128,87.0,89.7903594970703
129,87.1,5773.99462890625
130,87.3,4.28767776489258
131,87.5,0.0264383889734745
132,87.8,0.855811774730682
133,88.0,150.634643554688
134,88.1,5154.09912109375
135,88.3,14.0446071624756
136,88.5,0.251921743154526
137,89.1,12619.54296875
138,89.2,2852.75903320313
139,89.8,9.92592620849609
140,90.0,497.870941162109
141,90.1,4604.92822265625
142,90.3,350.338104248047
143,91.1,84149.59375
144,92.0,0.730491518974304
145,92.1,18795.45703125
146,93.2,36040.328125
147,93.3,3.54530620574951
148,94.2,24251.2109375
149,94.3,1459.74938964844
150,95.2,65957.40625
151,96.0,0.502795219421387
152,96.2,39623.59765625
153,96.3,5.16468667984009
154,97.2,69984.8828125
155,98.0,0.29676216840744
156,98.2,21539.7109375
157,98.3,2.25343585014343
158,98.9,0.0674353614449501
159,99.1,2301.77612304688
160,99.2,14570.751953125
161,99.4,0.0665036141872406
162,99.7,0.0250407643616199
163,99.9,4.83589553833008
164,100.1,2307.49609375
165,100.2,2454.20922851563
166,100.4,0.992778956890106
167,100.7,0.157116234302521
168,100.9,4.44782209396362
169,101.1,6677.44140625
170,101.2,2434.57348632813
171,101.4,0.306545525789261
172,101.9,10.6883296966553
173,102.1,7655.19677734375
174,102.2,2619.66845703125
175,102.5,0.42778941988945
176,103.0,175.136962890625
177,103.1,16603.705078125
178,103.3,23.4747257232666
179,103.8,0.0773351937532425
180,104.0,102.41136932373
181,104.1,14984.73046875
182,104.3,7.41404628753662
183,105.0,0.392615884542465
184,105.2,62880.39453125
185,105.9,0.181341722607613
186,106.1,5897.90673828125
187,106.2,20826.697265625
188,106.4,39.0345916748047
189,107.0,0.227113902568817
190,107.2,57112.67578125
191,107.3,19.4122982025146
192,108.0,56.5450744628906
193,108.2,30937.11328125
194,108.3,36.0780334472656
195,109.2,41019.484375
196,109.3,0.728860914707184
197,110.0,0.413580238819122
198,110.2,25465.83984375
199,110.3,2.03692054748535
200,111.1,1532.75024414063
201,111.2,37521.8359375
202,112.0,6.47332859039307
203,112.2,15809.7705078125
204,112.3,40.7790603637695
205,112.9,0.31411600112915
206,113.1,4362.966796875
207,113.2,11830.662109375
208,113.4,0.0794316306710243
209,113.6,0.139995336532593
210,113.8,0.261588633060455
211,114.0,112.220588684082
212,114.2,7613.61767578125
213,114.3,71.7109222412109
214,114.5,0.0182855818420649
215,114.9,1.59503841400146
216,115.1,48173.8359375
217,115.2,5523.28515625
218,115.4,0.142441183328629
219,115.5,0.0783834159374237
220,115.8,0.685534596443176
221,116.0,480.242950439453
222,116.1,16803.0390625
223,116.3,5.58746814727783
224,116.5,0.149662241339684
225,116.8,0.296878635883331
226,117.0,8.37118530273438
227,117.1,33573.55078125
228,117.3,1.65641736984253
229,117.5,0.078732818365097
230,117.7,0.125902637839317
231,117.9,1.50745403766632
232,118.1,6759.89306640625
233,118.2,10414.5185546875
234,118.4,1.73468434810638
235,118.5,0.157232701778412
236,118.8,0.528301894664764
237,119.0,7.93198251724243
238,119.2,44176.2578125
239,119.3,13.4190540313721
240,119.5,0.154088050127029
241,119.8,0.349406003952026
242,120.0,68.3368301391602
243,120.1,7656.1845703125
244,120.2,19966.14453125
245,120.4,0.369904488325119
246,120.6,0.0486839041113853
247,120.8,0.307360827922821
248,121.0,4.27393436431885
249,121.2,50933.796875
250,121.3,5.87794065475464
251,121.5,0.0230607967823744
252,121.8,0.0472862794995308
253,122.0,1.81062197685242
254,122.2,27189.640625
255,122.3,6.09806680679321
256,122.8,0.0209643598645926
257,123.0,1.77824366092682
258,123.2,27404.64453125
259,123.3,9.31772613525391
260,124.0,1.61938035488129
261,124.2,16814.107421875
262,124.3,18.7522716522217
263,124.9,0.402399241924286
264,125.1,1549.65966796875
265,125.2,19035.71484375
266,125.4,0.635336577892303
267,125.9,0.0991148352622986
268,126.1,4461.6123046875
269,126.2,13183.6435546875
270,126.4,0.183787554502487
271,126.9,0.890053570270538
272,127.1,12924.0185546875
273,127.2,12653.5009765625
274,127.3,36.9965057373047
275,127.5,0.0421616584062576
276,127.9,1.52713716030121
277,128.1,36222.76953125
278,128.2,10118.62109375
279,128.4,0.894129991531372
280,128.6,0.0993477776646614
281,128.8,0.498485893011093
282,129.0,16.0484504699707
283,129.1,39840.56640625
284,129.3,5.84171915054321
285,129.5,0.241672486066818
286,129.8,0.536338210105896
287,130.0,17.6736545562744
288,130.2,19434.431640625
289,130.3,38.7414398193359
290,130.5,0.18681575357914
291,130.7,0.168646633625031
292,130.9,2.58770084381104
293,131.1,13422.82421875
294,131.2,22926.818359375
295,131.4,0.86815744638443
296,131.7,0.229676216840744
297,131.9,42.5405311584473
298,132.1,7244.18896484375
299,132.2,12770.994140625
300,132.4,87.6816940307617
301,132.7,0.454111337661743
302,132.9,6.81982278823853
303,133.1,6778.14697265625
304,133.2,27148.48828125
305,133.4,0.474609822034836
306,133.7,0.196249708533287
307,133.9,2.36664342880249
308,134.1,5058.3779296875
309,134.2,17927.525390625
310,134.4,0.312718391418457
311,134.6,0.201490804553032
312,134.8,0.91439551115036
313,135.0,6.91148376464844
314,135.2,36130.41796875
315,135.3,10.1894941329956
316,135.6,0.116352200508118
317,135.8,0.139529466629028
318,135.9,0.290822267532349
319,136.1,2543.6533203125
320,136.2,16014.568359375
321,136.4,0.337060332298279
322,136.6,0.0568367093801498
323,136.8,0.64651757478714
324,137.0,6.28965759277344
325,137.2,18282.931640625
326,137.3,21.4764728546143
327,137.5,0.0928255319595337
328,137.8,0.197763800621033
329,138.0,1.34661078453064
330,138.2,12525.716796875
331,138.3,52.2138366699219
332,138.6,0.220009312033653
333,138.8,0.31411600112915
334,139.0,23.3593063354492
335,139.2,20101.25
336,139.3,57.3934326171875
337,139.6,0.173188909888268
338,139.9,62.011646270752
339,140.1,2131.67626953125
340,140.2,9506.5830078125
341,140.4,24.9050788879395
342,140.6,0.0694153308868408
343,140.8,0.575821101665497
344,141.0,10.979151725769
345,141.1,17664.90234375
346,141.2,24462.802734375
347,141.4,1.26193809509277
348,141.7,0.266130924224854
349,141.9,3.14942932128906
350,142.1,8980.283203125
351,142.2,16483.33984375
352,142.4,1.8381085395813
353,142.6,0.0761705115437508
354,142.8,0.908805012702942
355,143.0,12.8788728713989
356,143.2,29659.021484375
357,143.3,20.8848133087158
358,143.5,0.18786396086216
359,143.7,0.164453759789467
360,143.9,2.4624969959259
361,144.0,7.28977394104004
362,144.2,23080.703125
363,144.3,33.9854431152344
364,144.4,1.39040303230286
365,144.7,0.461798280477524
366,144.9,2.70323777198792
367,145.1,9249.81640625
368,145.2,28830.009765625
369,145.4,0.588865578174591
370,145.5,0.236664339900017
371,145.7,0.249359428882599
372,145.9,3.1139063835144
373,146.1,5761.2841796875
374,146.2,15356.5849609375
375,146.4,0.755066394805908
376,146.7,0.486489623785019
377,146.9,4.43384599685669
378,147.1,5133.02783203125
379,147.2,22487.095703125
380,147.3,9.4198694229126
381,147.5,0.07419054210186
382,147.8,0.481132090091705
383,148.0,14.3667602539063
384,148.1,2696.17016601563
385,148.2,14064.611328125
386,148.4,0.769159078598022
387,148.6,0.112159326672554
388,148.8,0.724202215671539
389,149.0,9.93652439117432
390,149.1,6828.6943359375
391,149.2,20835.65625
392,149.4,0.868856251239777
393,149.6,0.0437922216951847
394,149.8,0.392732352018356
395,150.0,2.62205910682678
396,150.1,4224.37744140625
397,150.2,11280.83203125
398,150.4,0.983810842037201
399,150.6,0.0796645730733871
400,150.8,0.526904284954071
401,151.0,4.61833238601685
402,151.2,18772.572265625
403,151.3,25.9750747680664
404,151.5,0.256929874420166
405,151.7,0.0449569076299667
406,151.9,1.67435359954834
407,152.1,19589.85546875
408,152.2,12632.955078125
409,152.4,0.638248324394226
410,152.7,0.194153279066086
411,152.9,3.33589553833008
412,153.1,10316.7109375
413,153.2,16261.3486328125
414,153.4,1.35185182094574
415,153.7,0.148148149251938
416,153.9,1.24539947509766
417,154.1,3923.00854492188
418,154.2,14059.0458984375
419,154.3,212.424758911133
420,154.5,0.147798746824265
421,154.7,0.295946896076202
422,154.8,0.696832060813904
423,155.0,15.2704401016235
424,155.2,31415.982421875
425,155.3,70.8977432250977
426,155.5,0.101560682058334
427,155.7,0.343349635601044
428,155.8,0.461681813001633
429,156.0,13.3496389389038
430,156.2,22334.4765625
431,156.3,258.068237304688
432,156.5,0.380037277936935
433,156.7,0.564756572246552
434,156.8,0.823084115982056
435,157.0,10.9873046875
436,157.2,30661.755859375
437,157.3,34.4824142456055
438,157.4,1.51153039932251
439,157.6,0.150477528572083
440,157.7,0.399021655321121
441,158.0,7.42662477493286
442,158.2,24904.28515625
443,158.3,6.08979749679565
444,158.5,0.197414398193359
445,158.7,0.650011658668518
446,158.9,5.16305637359619
447,159.1,2115.47680664063
448,159.2,31513.26953125
449,159.4,0.791637539863586
450,159.7,0.42091777920723
451,159.9,2.68192410469055
452,160.1,2512.12768554688
453,160.2,17592.6953125
454,160.4,0.697181463241577
455,160.6,0.097717210650444
456,160.8,1.04355931282043
457,161.0,6.76007461547852
458,161.2,22393.75390625
459,161.3,22.0491504669189
460,161.5,0.151875138282776
461,161.8,0.210225954651833
462,161.9,0.855112969875336
463,162.1,2218.6318359375
464,162.2,11468.3046875
465,162.4,0.598416030406952
466,162.6,0.503494083881378
467,162.8,3.78593063354492
468,163.0,21.4963893890381
469,163.2,18697.298828125
470,163.3,36.9210357666016
471,163.4,1.06918239593506
472,163.6,0.111576989293098
473,163.8,0.784998834133148
474,164.0,4.10132789611816
475,164.2,12256.220703125
476,164.3,84.2941970825195
477,164.5,0.139063596725464
478,164.7,0.476706266403198
479,164.9,6.1425576210022
480,165.1,20420.443359375
481,165.2,23050.947265625
482,165.4,1.64709997177124
483,165.7,0.355695307254791
484,165.8,0.548218011856079
485,166.0,6.18704891204834
486,166.2,19214.130859375
487,166.3,156.122299194336
488,166.5,0.160260885953903
489,166.7,0.304682046175003
490,166.9,2.22874450683594
491,167.1,3592.517578125
492,167.2,19457.1875
493,167.3,77.7218704223633
494,167.5,0.239808991551399
495,167.7,0.314348936080933
496,167.9,1.34521317481995
497,168.1,2975.8095703125
498,168.2,14835.1171875
499,168.3,574.928466796875
500,168.5,0.079082228243351
501,168.7,0.225949212908745
502,168.9,2.03715348243713
503,169.1,1654.2197265625
504,169.2,24566.619140625
505,169.4,3.76112270355225
506,169.7,0.380852550268173
507,169.9,1.91870486736298
508,170.1,1556.79772949219
509,170.2,19872.234375
510,170.4,3.52667140960693
511,170.7,0.467621713876724
512,170.9,3.11332392692566
513,171.1,1500.67431640625
514,171.2,25118.884765625
515,171.4,0.815746545791626
516,171.5,0.449336141347885
517,171.7,0.15897972881794
518,171.9,2.08280920982361
519,172.0,5.63580226898193
520,172.2,21766.04296875
521,172.3,10.6926393508911
522,172.6,0.248660609126091
523,172.7,0.187747493386269
524,172.9,1.90915441513062
525,173.1,650.123779296875
526,173.2,25396.5546875
527,173.4,1.23072445392609
528,173.6,0.1224085688591
529,173.8,0.524691343307495
530,174.0,5.23317050933838
531,174.2,17262.009765625
532,174.3,13.1174001693726
533,174.4,0.615187525749207
534,174.6,0.0677847638726234
535,174.8,0.494758903980255
536,175.0,2.96762180328369
537,175.1,998.625793457031
538,175.2,16365.6630859375
539,175.4,1.19624972343445
540,175.7,0.245166555047035
541,175.8,0.389121830463409
542,176.0,4.3991379737854
543,176.2,16678.638671875
544,176.3,65.1926422119141
545,176.6,0.276030749082565
546,176.8,1.61565339565277
547,177.0,12.6590957641602
548,177.2,14485.078125
549,177.3,105.983695983887
550,177.5,0.252620548009872
551,177.7,0.374796181917191
552,177.9,3.37654328346252
553,178.1,6348.912109375
554,178.2,21219.794921875
555,178.4,1.80235266685486
556,178.5,0.42382949590683
557,178.8,1.21010947227478
558,179.0,24.4412994384766
559,179.2,25798.88671875
560,179.3,129.274520874023
561,179.5,0.166200786828995
562,179.7,0.432331711053848
563,179.9,1.85138595104218
564,180.1,1579.37475585938
565,180.2,16698.806640625
566,180.3,364.200317382813
567,180.6,0.361169338226318
568,180.8,1.10342419147491
569,181.0,44.5335426330566
570,181.2,28463.443359375
571,181.3,77.9041442871094
572,181.5,0.535872340202332
573,181.8,0.449685543775558
574,182.0,36.3282089233398
575,182.2,21364.51953125
576,182.3,619.017028808594
577,182.5,0.482296764850616
578,182.8,0.423713028430939
579,183.0,17.0384349822998
580,183.2,23316.546875
581,183.3,250.404266357422
582,183.5,0.638481259346008
583,183.8,0.498718857765198
584,184.0,16.67214012146
585,184.2,20482.47265625
586,184.3,258.6982421875
587,184.5,0.669461905956268
588,184.7,0.362217575311661
589,184.9,2.19089221954346
590,185.1,417.610076904297
591,185.2,20553.95703125
592,185.4,1.26321923732758
593,185.5,0.421150714159012
594,185.8,0.644887030124664
595,186.0,5.74737930297852
596,186.2,17162.1484375
597,186.3,24.4842758178711
598,186.5,0.0910784974694252
599,186.6,0.400186359882355
600,186.8,0.357092946767807
601,187.0,5.27999067306519
602,187.2,19867.669921875
603,187.3,26.5699977874756
604,187.5,0.128232002258301
605,187.7,0.23503378033638
606,187.8,0.435243427753448
607,188.0,3.26007461547852
608,188.1,506.025054931641
609,188.2,13378.2666015625
610,188.4,1.44910323619843
611,188.6,0.0580013990402222
612,188.8,1.12345683574677
613,189.0,8.72035884857178
614,189.2,26198.779296875
615,189.3,91.6743545532227
616,189.5,0.407873272895813
617,189.7,0.162124395370483
618,189.9,1.71861171722412
619,190.1,1509.34582519531
620,190.2,14493.921875
621,190.3,224.998596191406
622,190.5,0.13685068488121
623,190.7,0.720242261886597
624,190.9,11.1342887878418
625,191.1,682.761840820313
626,191.2,24156.302734375
627,191.4,2.22944331169128
628,191.7,0.510831594467163
629,191.9,4.42313051223755
630,192.1,764.320068359375
631,192.2,17565.451171875
632,192.4,3.02608895301819
633,192.7,0.907873272895813
634,192.9,14.9883527755737
635,193.1,360.876190185547
636,193.2,21304.962890625
637,193.4,1.02935016155243
638,193.7,0.599930107593536
639,193.9,4.18215703964233
640,194.1,364.074066162109
641,194.2,21471.298828125
642,194.4,3.27696251869202
643,194.7,0.452131390571594
644,194.9,5.89529466629028
645,195.1,1007.10717773438
646,195.2,28840.408203125
647,195.4,5.00850200653076
648,195.7,0.171208947896957
649,195.9,1.36582803726196
650,196.1,333.500122070313
651,196.2,23284.865234375
652,196.4,9.04751968383789
653,196.7,0.343815505504608
654,196.9,2.60051250457764
655,197.1,757.882629394531
656,197.2,22887.94140625
657,197.4,9.39785671234131
658,197.7,0.588516175746918
659,197.9,2.2940833568573
660,198.0,8.11134433746338
661,198.2,19223.533203125
662,198.3,240.146286010742
663,198.5,0.420684844255447
664,198.8,0.834265053272247
665,199.0,6.3430004119873
666,199.2,16731.3828125
667,199.3,57.9026336669922
668,199.4,1.61565339565277
669,199.6,0.369555085897446
670,199.9,1.90833914279938
671,200.1,854.8076171875
672,200.2,14953.705078125
673,200.4,1.16410434246063
674,200.6,0.0674353614449501
675,200.8,1.21546709537506
676,201.0,3.86990451812744
677,201.2,15068.734375
678,201.3,45.7992095947266
679,201.5,0.590030252933502
680,201.8,0.588516175746918
681,202.0,8.23922634124756
682,202.2,24700.892578125
683,202.3,159.200332641602
684,202.5,0.257279306650162
685,202.8,0.742720723152161
686,203.0,5.39145135879517
687,203.2,19077.8671875
688,203.3,166.001403808594
689,203.6,0.349988341331482
690,203.8,0.590146780014038
691,204.0,3.50302815437317
692,204.1,560.608520507813
693,204.2,14182.9462890625
694,204.4,3.38178420066833
695,204.6,0.122990913689137
696,204.8,0.469135791063309
697,205.0,6.90833902359009
698,205.1,146.9619140625
699,205.2,17523.470703125
700,205.4,3.34649419784546
701,205.6,0.247030049562454
702,205.9,2.55404138565063
703,206.1,228.439315795898
704,206.2,15796.787109375
705,206.4,4.81784296035767
706,206.7,0.367575109004974
707,206.9,8.17039394378662
708,207.1,946.020263671875
709,207.2,21008.861328125
710,207.4,0.947705566883087
711,207.6,0.069182388484478
712,207.8,1.87037038803101
713,208.0,40.6246223449707
714,208.2,21661.341796875
715,208.3,572.244812011719
716,208.5,0.0821104124188423
717,208.7,0.838341474533081
718,208.9,9.69986057281494
719,209.1,168.835662841797
720,209.2,25936.4921875
721,209.4,10.105637550354
722,209.6,0.135336592793465
723,209.8,1.28429996967316
724,210.0,8.33275127410889
725,210.2,21200.07421875
726,210.3,592.887817382813
727,210.5,0.75890988111496
728,210.7,1.2021895647049
729,210.9,11.8941297531128
730,211.1,307.181213378906
731,211.2,21123.474609375
732,211.4,10.0265550613403
733,211.7,0.414861410856247
734,211.9,2.74551606178284
735,212.1,164.513626098633
736,212.2,16812.40234375
737,212.4,5.46878623962402
738,212.7,0.780107140541077
739,212.8,1.46820402145386
740,213.0,23.9303512573242
741,213.2,17234.515625
742,213.3,88.0464706420898
743,213.5,0.346261352300644
744,213.8,1.21523416042328
745,214.0,132.160034179688
746,214.2,12275.0556640625
747,214.3,157.307006835938
748,214.6,0.498835325241089
749,214.8,2.94444441795349
750,215.0,51.5469360351563
751,215.2,23378.34375
752,215.3,135.605407714844
753,215.5,0.164570227265358
754,215.7,0.598066627979279
755,215.9,46.4909172058105
756,216.1,481.353607177734
757,216.2,15975.072265625
758,216.4,1.89622640609741
759,216.7,0.336594462394714
760,216.9,7.16666650772095
761,217.1,94.0759353637695
762,217.2,15185.3701171875
763,217.3,329.650695800781
764,217.5,0.745283007621765
765,217.8,1.03738641738892
766,218.0,82.9906845092773
767,218.1,226.323089599609
768,218.2,15327.6982421875
769,218.4,4.98742151260376
770,218.5,0.344630807638168
771,218.7,0.318075925111771
772,218.9,4.13114356994629
773,219.1,85.284065246582
774,219.2,15855.724609375
775,219.3,431.323669433594
776,219.5,0.512229204177856
777,219.7,0.483461439609528
778,219.9,9.41835498809814
779,220.1,160.600158691406
780,220.2,15613.62890625
781,220.4,5.85918951034546
782,220.7,0.402865141630173
783,220.9,4.45003509521484
784,221.1,41.1860008239746
785,221.2,18327.71484375
786,221.4,12.1500120162964
787,221.7,0.305147916078568
788,221.9,2.52597260475159
789,222.1,30.2212905883789
790,222.2,18335.35546875
791,222.3,601.358703613281
792,222.5,0.519916117191315
793,222.7,0.974260449409485
794,222.9,5.57896566390991
795,223.1,37.1941528320313
796,223.2,20391.71484375
797,223.3,171.695556640625
798,223.5,0.900069892406464
799,223.8,1.12473797798157
800,224.0,9.12869834899902
801,224.2,18469.859375
802,224.3,636.770446777344
803,224.5,1.02783596515656
804,224.7,1.0479850769043
805,224.9,6.21302127838135
806,225.1,69.405891418457
807,225.2,17023.49609375
808,225.4,11.7034711837769
809,225.5,1.00244581699371
810,225.8,1.21162354946136
811,226.0,17.4191703796387
812,226.2,19176.986328125
813,226.3,336.313537597656
814,226.5,1.17016077041626
815,226.8,2.13289070129395
816,227.0,10.4050779342651
817,227.2,14892.3271484375
818,227.3,228.573135375977
819,227.6,0.397624045610428
820,227.7,0.304682046175003
821,227.9,5.18180751800537
822,228.1,294.111938476563
823,228.2,16039.9775390625
824,228.4,2.68169116973877
825,228.7,0.536221742630005
826,228.9,4.4934778213501
827,229.1,72.215934753418
828,229.2,16883.18359375
829,229.4,2.66445374488831
830,229.6,0.178779408335686
831,229.8,0.703470766544342
832,230.0,8.31388282775879
833,230.2,14988.333984375
834,230.3,843.990112304688
835,230.5,0.389005362987518
836,230.8,0.988586068153381
837,231.0,7.3252968788147
838,231.2,16664.953125
839,231.3,706.322387695313
840,231.5,0.548567414283752
841,231.7,0.150826930999756
842,231.9,1.9819473028183
843,232.1,46.5390167236328
844,232.2,17029.087890625
845,232.4,7.38015365600586
846,232.6,0.130211979150772
847,232.8,1.20778012275696
848,233.0,5.52492427825928
849,233.1,19.2849979400635
850,233.2,15920.439453125
851,233.4,13.0858373641968
852,233.7,0.527020752429962
853,233.9,1.37805736064911
854,234.1,55.9536437988281
855,234.2,15258.1328125
856,234.3,737.859069824219
857,234.5,0.907873272895813
858,234.8,0.844980180263519
859,235.0,4.14046144485474
860,235.2,15927.603515625
861,235.3,427.278015136719
862,235.5,1.3898206949234
863,235.8,0.464360594749451
864,236.0,2.68774747848511
865,236.2,15248.9521484375
866,236.3,643.344299316406
867,236.5,1.00675523281097
868,236.8,2.25867700576782
869,237.0,7.44106674194336
870,237.1,27.0930576324463
871,237.2,16090.6796875
872,237.4,20.2355003356934
873,237.6,0.167016074061394
874,237.8,0.541812241077423
875,238.0,2.38283252716064
876,238.2,13811.380859375
877,238.3,766.0380859375
878,238.5,0.984160244464874
879,238.7,0.616701602935791
880,238.9,2.71942687034607
881,239.1,100.820053100586
882,239.2,18778.80859375
883,239.4,30.2413234710693
884,239.6,0.247728854417801
885,239.9,1.84928953647614
886,240.1,150.752044677734
887,240.2,13840.111328125
888,240.4,81.058464050293
889,240.5,0.789424657821655
890,240.7,0.206731885671616
891,240.9,2.37700915336609
892,241.1,61.0327262878418
893,241.2,13647.4228515625
894,241.4,17.1567668914795
895,241.6,0.076869323849678
896,241.8,0.590729117393494
897,242.0,4.10458898544312
898,242.1,72.1827392578125
899,242.2,13196.958984375
900,242.4,3.51514101028442
901,242.7,0.407989740371704
902,242.8,0.513859748840332
903,243.0,3.99242949485779
904,243.2,12724.24609375
905,243.3,773.295837402344
906,243.5,0.660610318183899
907,243.8,0.621127426624298
908,244.0,4.22746324539185
909,244.2,14152.97265625
910,244.3,1300.2109375
911,244.5,0.724085748195648
912,244.8,1.01665496826172
913,245.0,5.66293954849243
914,245.1,10.9580717086792
915,245.2,16787.96484375
916,245.4,11.0101327896118
917,245.5,0.751106441020966
918,245.8,0.644887030124664
919,246.0,2.94968557357788
920,246.2,15604.119140625
921,246.3,1261.42126464844
922,246.5,1.04204523563385
923,246.7,0.217330545186996
924,246.9,1.68739807605743
925,247.1,17.3071269989014
926,247.2,15012.029296875
927,247.4,21.3768920898438
928,247.7,0.454693675041199
929,247.9,29.5886325836182
930,248.1,37.3029365539551
931,248.2,14168.3251953125
932,248.3,883.987548828125
933,248.5,1.00710463523865
934,248.7,1.50966691970825
935,248.9,7.7916374206543
936,249.1,40.0669708251953
937,249.2,14219.396484375
938,249.4,28.9781036376953
939,249.7,0.781155347824097
940,249.9,48.039249420166
941,250.1,35.2379455566406
942,250.2,14732.4033203125
943,250.4,68.4898681640625
944,250.5,1.88388073444366
945,250.8,4.13091087341309
946,251.0,22.8195896148682
947,251.2,11935.0751953125
948,251.3,322.468200683594
949,251.5,1.28045654296875
950,251.7,0.560796618461609
951,251.9,32.9352416992188
952,252.1,58.4470062255859
953,252.2,15940.986328125
954,252.4,99.8702545166016
955,252.5,2.81388306617737
956,252.7,0.681924045085907
957,252.9,8.40938758850098
958,253.1,50.8853950500488
959,253.2,13468.9501953125
960,253.4,24.0129280090332
961,253.5,2.16328907012939
962,253.7,0.445958524942398
963,253.9,11.7752151489258
964,254.1,74.3818969726563
965,254.2,11974.9404296875
966,254.4,132.965530395508
967,254.5,1.25809454917908
968,254.8,1.23305380344391
969,255.0,7.31970643997192
970,255.2,11074.0224609375
971,255.3,870.61962890625
972,255.5,0.654553949832916
973,255.8,0.765315651893616
974,256.0,5.39972066879272
975,256.2,10746.2138671875
976,256.3,1739.44165039063
977,256.5,0.750407636165619
978,256.7,0.45853716135025
979,256.9,1.98672258853912
980,257.1,11.4781036376953
981,257.2,11993.7431640625
982,257.4,10.432448387146
983,257.5,0.817377150058746
984,257.8,1.6062194108963
985,257.9,31.1819248199463
986,258.2,12739.6318359375
987,258.3,1636.0380859375
988,258.5,1.01304447650909
989,258.8,1.24726295471191
990,259.0,5.43862104415894
991,259.1,5.96447706222534
992,259.2,14708.5380859375
993,259.4,17.4904499053955
994,259.6,0.252038210630417
995,259.8,1.15956211090088
996,259.9,58.6370849609375
997,260.2,13527.7001953125
998,260.3,1534.81188964844
999,260.5,1.06114602088928
1000,260.8,1.17202425003052
1001,261.0,5.54961585998535
1002,261.2,12297.3173828125
1003,261.3,934.560241699219
1004,261.5,2.41451191902161
1005,261.8,1.37502908706665
1006,261.9,37.3750305175781
1007,262.2,11797.166015625
1008,262.3,1183.91577148438
1009,262.5,1.44980204105377
1010,262.7,0.590263247489929
1011,262.9,3.17202425003052
1012,263.1,23.6563014984131
1013,263.2,13517.7763671875
1014,263.4,42.7507553100586
1015,263.7,0.684602856636047
1016,263.9,9.74901008605957
1017,264.1,5.08257627487183
1018,264.2,12013.859375
1019,264.4,112.167594909668
1020,264.7,1.48427677154541
1021,264.9,7.63370609283447
1022,265.0,13.7087116241455
1023,265.2,11853.4599609375
1024,265.3,806.656433105469
1025,265.5,2.03820180892944
1026,265.6,0.702073156833649
1027,265.9,3.17598414421082
1028,266.1,17.6198463439941
1029,266.2,12641.33984375
1030,266.4,159.566040039063
1031,266.7,4.07605409622192
1032,266.8,6.42301416397095
1033,267.0,112.63777923584
1034,267.2,9439.791015625
1035,267.3,1513.02087402344
1036,267.5,1.76729559898376
1037,267.7,0.721989274024963
1038,267.9,13.7504072189331
1039,268.1,58.3545303344727
1040,268.2,11268.822265625
1041,268.4,127.474029541016
1042,268.6,1.85022127628326
1043,268.8,4.83566284179688
1044,269.0,34.3753776550293
1045,269.2,9499.2978515625
1046,269.3,1280.41467285156
1047,269.5,0.431283473968506
1048,269.7,0.811320781707764
1049,269.9,4.05986499786377
1050,270.1,13.13219165802
1051,270.2,9750.8134765625
1052,270.3,1951.876953125
1053,270.5,0.93640810251236
1054,270.7,2.23258805274963
1055,270.9,14.6670160293579
1056,271.1,47.3891220092773
1057,271.2,11146.5625
1058,271.4,14.2882595062256
1059,271.6,0.23119030892849
1060,271.8,2.03214526176453
1061,272.0,7.88830661773682
1062,272.2,10854.90234375
1063,272.3,1827.80798339844
1064,272.5,1.45667362213135
1065,272.8,1.56254363059998
1066,273.0,7.04321002960205
1067,273.2,10770.4521484375
1068,273.3,1094.9560546875
1069,273.4,30.0307483673096
1070,273.6,0.461798280477524
1071,273.9,1.44421148300171
1072,274.1,6.79699516296387
1073,274.2,12969.822265625
1074,274.4,65.8865585327148
1075,274.7,0.521080851554871
1076,274.9,2.47624039649963
1077,275.1,9.87351512908936
1078,275.2,10397.7666015625
1079,275.4,77.0753555297852
1080,275.6,0.280573040246964
1081,275.8,0.775914251804352
1082,276.0,3.1282320022583
1083,276.2,10752.4873046875
1084,276.3,1656.96557617188
1085,276.5,1.42522716522217
1086,276.6,0.524691343307495
1087,276.8,0.482413232326508
1088,277.0,3.4055438041687
1089,277.1,5.91870498657227
1090,277.2,10254.7060546875
1091,277.4,64.7349166870117
1092,277.6,0.531213581562042
1093,277.8,1.22210574150085
1094,278.0,1.80922436714172
1095,278.2,7996.85986328125
1096,278.3,2542.21044921875
1097,278.5,3.15082693099976
1098,278.8,0.605287671089172
1099,279.0,3.14977860450745
1100,279.2,7703.736328125
1101,279.3,1638.62536621094
1102,279.5,3.85685992240906
1103,279.6,0.957954823970795
1104,279.9,1.29419982433319
1105,280.1,8.74889373779297
1106,280.2,10473.775390625
1107,280.4,186.638488769531
1108,280.6,3.01351046562195
1109,280.9,20.4251098632813
1110,281.1,454.222686767578
1111,281.2,10317.251953125
1112,281.4,17.5228271484375
1113,281.6,0.129396691918373
1114,281.8,3.44793844223022
1115,282.0,49.3067779541016
1116,282.2,8121.609375
1117,282.3,2541.30639648438
1118,282.5,0.872350335121155
1119,282.7,1.76088976860046
1120,282.8,4.16235733032227
1121,283.0,47.3542976379395
1122,283.2,7867.52685546875
1123,283.3,1543.111328125
1124,283.4,32.076286315918
1125,283.7,0.58455628156662
1126,283.9,3.33694386482239
1127,284.1,19.146167755127
1128,284.2,8314.2119140625
1129,284.3,2328.71752929688
1130,284.5,2.56615424156189
1131,284.8,6.59527158737183
1132,285.0,54.6921730041504
1133,285.2,8600.6513671875
1134,285.3,1449.62817382813
1135,285.5,0.503959953784943
1136,285.7,0.861285805702209
1137,285.9,5.62962961196899
1138,286.1,21.9523639678955
1139,286.2,10802.326171875
1140,286.4,39.8126029968262
1141,286.6,0.685418128967285
1142,286.8,3.16724896430969
1143,287.0,19.6444206237793
1144,287.1,23.307710647583
1145,287.2,9631.240234375
1146,287.4,60.935359954834
1147,287.6,0.505474030971527
1148,287.9,2.62136030197144
1149,288.1,8.20906162261963
1150,288.2,10180.1435546875
1151,288.4,163.844741821289
1152,288.5,3.56300950050354
1153,288.8,5.76380157470703
1154,289.0,31.8393898010254
1155,289.2,6842.181640625
1156,289.3,1843.55126953125
1157,289.5,2.15164232254028
1158,289.8,1.43722343444824
1159,290.0,7.09899854660034
1160,290.2,5850.2568359375
1161,290.3,2802.85009765625
1162,290.5,2.79897499084473
1163,290.8,1.18471932411194
1164,290.9,2.21197295188904
1165,291.1,9.51723766326904
1166,291.2,7350.732421875
1167,291.4,78.8457946777344
1168,291.7,1.77626371383667
1169,291.9,6.60202646255493
1170,292.1,5.18227338790894
1171,292.2,7971.72998046875
1172,292.4,216.371307373047
1173,292.7,1.52154672145844
1174,292.8,1.768110871315
1175,293.0,9.10412311553955
1176,293.2,3938.12158203125
1177,293.3,2529.220703125
1178,293.5,4.38434648513794
1179,293.6,1.02539014816284
1180,293.9,16.3822498321533
1181,294.1,5.77416706085205
1182,294.2,8166.763671875
1183,294.4,204.307479858398
1184,294.5,6.62904739379883
1185,294.8,1.95504307746887
1186,295.0,6.74831104278564
1187,295.2,4326.99853515625
1188,295.3,2780.8359375
1189,295.5,3.80992317199707
1190,295.6,1.319939494133
1191,295.8,4.39564418792725
1192,295.9,11.6088981628418
1193,296.2,5471.724609375
1194,296.3,2984.05078125
1195,296.5,2.2811553478241
1196,296.7,1.1295131444931
1197,296.9,5.04204511642456
1198,297.1,16.0711631774902
1199,297.2,7118.13037109375
1200,297.4,74.5358734130859
1201,297.5,1.80409967899323
1202,297.8,3.07570457458496
1203,298.0,6.05613803863525
1204,298.2,5907.6982421875
1205,298.3,2651.94580078125
1206,298.4,59.7186126708984
1207,298.6,0.468902856111526
1208,298.8,1.59911489486694
1209,299.0,7.92732334136963
1210,299.2,6028.3974609375
1211,299.3,1882.8095703125
1212,299.5,1.46389472484589
1213,299.7,4.56871652603149
1214,299.8,6.52131366729736
1215,300.1,6.84102010726929
1216,300.2,8797.9326171875
1217,300.4,163.233520507813
1218,300.7,0.712322413921356
1219,300.9,2.23829483985901
1220,301.1,11.0535755157471
1221,301.2,5428.5439453125
1222,301.3,2038.51904296875
1223,301.5,1.52014911174774
1224,301.7,1.29128813743591
1225,301.9,5.24668073654175
1226,302.1,5.1957836151123
1227,302.2,8118.5205078125
1228,302.4,312.460052490234
1229,302.7,0.800256252288818
1230,302.8,0.676682949066162
1231,303.0,4.39133453369141
1232,303.2,3371.9384765625
1233,303.3,3090.16870117188
1234,303.5,4.70789670944214
1235,303.7,1.50896811485291
1236,303.9,12.6366176605225
1237,304.1,5.67132520675659
1238,304.3,6690.57470703125
1239,304.4,178.138137817383
1240,304.6,0.805963218212128
1241,304.9,1.92254829406738
1242,305.1,4.84265089035034
1243,305.3,5513.421875
1244,305.4,106.61669921875
1245,305.5,7.82156991958618
1246,305.8,5.33135318756104
1247,305.9,7.81190299987793
1248,306.2,1940.71203613281
1249,306.3,4151.12841796875
1250,306.4,274.354187011719
1251,306.6,1.04169583320618
1252,306.8,0.759725153446198
1253,307.0,2.57919859886169
1254,307.2,1692.216796875
1255,307.3,3074.20581054688
1256,307.5,8.10447216033936
1257,307.8,2.46866989135742
1258,307.9,3.66259026527405
1259,308.2,2135.7392578125
1260,308.3,3979.79174804688
1261,308.5,6.67703247070313
1262,308.7,0.317493587732315
1263,308.9,1.11670160293579
1264,309.1,4.87141847610474
1265,309.2,2014.80334472656
1266,309.3,2939.05908203125
1267,309.5,6.09235954284668
1268,309.8,1.15373861789703
1269,309.9,0.702539026737213
1270,310.1,4.18343830108643
1271,310.3,6320.326171875
1272,310.4,176.388534545898
1273,310.5,1.80934083461761
1274,310.8,1.65758216381073
1275,310.9,1.34521317481995
1276,311.1,8.09049606323242
1277,311.2,2882.55541992188
1278,311.3,2414.5439453125
1279,311.5,6.82681131362915
1280,311.8,0.401001632213593
1281,312.0,1.97228050231934
1282,312.1,3.86047053337097
1283,312.3,6606.185546875
1284,312.4,192.054504394531
1285,312.7,0.579315185546875
1286,312.9,1.81784296035767
1287,313.1,8.14057731628418
1288,313.2,3047.74560546875
1289,313.3,2827.9912109375
1290,313.5,3.96296286582947
1291,313.7,0.824714660644531
1292,314.0,1.45702302455902
1293,314.2,3030.76513671875
1294,314.3,3758.4794921875
1295,314.4,317.619598388672
1296,314.7,0.672606587409973
1297,314.8,0.658513844013214
1298,315.0,2.41078495979309
1299,315.2,2187.09521484375
1300,315.3,3500.34619140625
1301,315.5,4.35581159591675
1302,315.8,0.443163275718689
1303,316.0,1.59620308876038
1304,316.2,2129.21435546875
1305,316.3,4546.2568359375
1306,316.5,6.00430917739868
1307,316.7,0.228860929608345
1308,316.9,0.932564616203308
1309,317.1,3.50850224494934
1310,317.3,4823.0244140625
1311,317.4,238.151992797852
1312,317.5,8.92685794830322
1313,317.8,0.618215680122375
1314,317.9,0.317842990159988
1315,318.1,3.23899364471436
1316,318.3,5319.720703125
1317,318.4,267.074768066406
1318,318.5,9.7210578918457
1319,318.7,0.207547172904015
1320,318.9,0.716398775577545
1321,319.1,4.0001163482666
1322,319.2,701.068237304688
1323,319.3,3716.25341796875
1324,319.5,12.0022125244141
1325,319.8,0.676566481590271
1326,319.9,0.595853686332703
1327,320.1,2.60668540000916
1328,320.2,551.282104492188
1329,320.3,4653.77490234375
1330,320.5,11.3922662734985
1331,320.7,0.383181929588318
1332,321.0,1.03750288486481
1333,321.1,2.17691588401794
1334,321.3,3622.24731445313
1335,321.4,126.852081298828
1336,321.6,0.524458408355713
1337,321.7,0.458653628826141
1338,322.0,1.44770562648773
1339,322.2,807.813293457031
1340,322.3,4065.45532226563
1341,322.5,11.9023990631104
1342,322.8,1.0465874671936
1343,323.0,2.57710218429565
1344,323.1,4.11029577255249
1345,323.3,3301.8701171875
1346,323.4,342.862670898438
1347,323.5,8.05299282073975
1348,323.7,0.332518041133881
1349,323.9,1.13126015663147
1350,324.1,4.95317935943604
1351,324.2,1114.03601074219
1352,324.3,3742.05908203125
1353,324.5,10.709527015686
1354,324.7,3.03191232681274
1355,324.9,13.8617515563965
1356,325.1,40.3780555725098
1357,325.3,3670.03955078125
1358,325.4,221.554733276367
1359,325.6,1.09364080429077
1360,325.8,1.04588866233826
1361,326.0,8.1762170791626
1362,326.2,1325.04846191406
1363,326.3,3998.02368164063
1364,326.5,5.8511528968811
1365,326.8,13.0270204544067
1366,326.9,25.5430927276611
1367,327.1,97.6064529418945
1368,327.2,1176.01159667969
1369,327.3,3250.71240234375
1370,327.5,2.90402984619141
1371,327.8,4.64989519119263
1372,328.0,15.689377784729
1373,328.2,762.165283203125
1374,328.3,4371.916015625
1375,328.4,554.791870117188
1376,328.6,0.576403439044952
1377,328.8,4.50861883163452
1378,329.0,17.1734218597412
1379,329.2,556.387145996094
1380,329.3,3504.91088867188
1381,329.4,259.229095458984
1382,329.6,1.47612392902374
1383,329.8,1.07966458797455
1384,330.0,3.85639405250549
1385,330.1,3.7796413898468
1386,330.3,4686.83642578125
1387,330.4,661.676330566406
1388,330.5,8.092942237854
1389,330.8,2.41614246368408
1390,331.0,7.52317714691162
1391,331.2,185.69450378418
1392,331.3,3466.18969726563
1393,331.4,327.516296386719
1394,331.6,1.67330539226532
1395,331.9,1.58059632778168
1396,332.1,4.25436735153198
1397,332.3,4263.310546875
1398,332.4,408.46923828125
1399,332.6,1.25401818752289
1400,332.9,1.22932684421539
1401,333.0,1.81155371665955
1402,333.2,102.413696289063
1403,333.3,3180.60424804688
1404,333.4,290.977996826172
1405,333.6,0.989284873008728
1406,333.9,0.852550685405731
1407,334.1,2.82308411598206
1408,334.3,3856.44165039063
1409,334.4,500.382934570313
1410,334.6,1.83251810073853
1411,334.8,0.535290002822876
1412,335.0,1.79606330394745
1413,335.2,125.018287658691
1414,335.3,2725.35205078125
1415,335.4,251.418243408203
1416,335.6,1.95131611824036
1417,335.8,1.34998834133148
1418,336.0,2.15338921546936
1419,336.2,180.19206237793
1420,336.3,3830.36889648438
1421,336.5,14.9029817581177
1422,336.6,1.5776846408844
1423,336.9,0.705916583538055
1424,337.1,3.74621486663818
1425,337.2,156.392379760742
1426,337.3,2770.58642578125
1427,337.5,12.9829959869385
1428,337.7,1.44374561309814
1429,337.8,3.76962494850159
1430,338.0,0.726531565189362
1431,338.2,196.738067626953
1432,338.3,2969.5615234375
1433,338.4,678.67822265625
1434,338.6,0.798276245594025
1435,338.9,2.20649886131287
1436,339.0,2.6088981628418
1437,339.2,232.20637512207
1438,339.3,2677.10888671875
1439,339.5,13.5911951065063
1440,339.7,1.34614491462708
1441,339.8,2.23421859741211
1442,339.9,3.55217790603638
1443,340.1,2.47950148582458
1444,340.3,3268.21948242188
1445,340.4,807.016784667969
1446,340.7,4.39017009735107
1447,340.9,39.3407859802246
1448,341.1,182.025161743164
1449,341.3,3138.48413085938
1450,341.4,230.361404418945
1451,341.7,2.59399032592773
1452,341.9,14.0524110794067
1453,342.1,47.8218040466309
1454,342.2,125.316909790039
1455,342.3,4401.240234375
1456,342.5,9.39995384216309
1457,342.6,2.95015144348145
1458,342.9,14.7456321716309
1459,343.1,48.3587226867676
1460,343.2,83.4619140625
1461,343.3,3182.89697265625
1462,343.5,6.74074077606201
1463,343.7,0.619030952453613
1464,343.9,2.7589099407196
1465,344.1,8.80200290679932
1466,344.3,3526.74536132813
1467,344.4,793.389343261719
1468,344.6,1.78301882743835
1469,344.8,6.6811089515686
1470,345.0,28.8611698150635
1471,345.2,62.9698333740234
1472,345.3,3179.18237304688
1473,345.5,14.6014442443848
1474,345.8,2.5167715549469
1475,346.0,6.53761959075928
1476,346.2,37.9562072753906
1477,346.3,3171.95190429688
1478,346.4,701.224182128906
1479,346.6,2.00826930999756
1480,346.9,3.56102967262268
1481,347.1,11.9848594665527
1482,347.3,2459.0537109375
1483,347.4,492.337646484375
1484,347.6,2.02352666854858
1485,347.8,0.944095015525818
1486,348.0,2.11833214759827
1487,348.2,22.5833911895752
1488,348.3,2837.2802734375
1489,348.4,871.876647949219
1490,348.6,3.29478216171265
1491,348.9,4.36454677581787
1492,349.0,2.7643837928772
1493,349.2,26.0679016113281
1494,349.3,2619.35864257813
1495,349.5,15.8404378890991
1496,349.8,2.82191944122314
1497,350.0,2.9351270198822
1498,350.2,25.0679016113281
1499,350.3,2408.96435546875
1500,350.4,1066.09887695313
1501,350.6,1.27521550655365
1502,350.8,0.83508038520813
1503,351.1,3.57046365737915
1504,351.2,29.9461917877197
1505,351.3,2494.05834960938
1506,351.5,17.5103664398193
1507,351.7,1.14535295963287
1508,352.0,1.66783130168915
1509,352.1,2.1787793636322
1510,352.3,2074.015625
1511,352.4,1127.66613769531
1512,352.5,54.248893737793
1513,352.7,0.329023987054825
1514,352.9,0.852201282978058
1515,353.1,4.40449571609497
1516,353.3,1629.94689941406
1517,353.4,778.563842773438
1518,353.6,1.10319125652313
1519,353.9,0.696832060813904
1520,354.1,2.76915907859802
1521,354.3,2128.17333984375
1522,354.4,1111.45849609375
1523,354.6,3.56510591506958
1524,354.9,18.0510139465332
1525,355.1,161.297805786133
1526,355.3,2435.70385742188
1527,355.4,389.433044433594
1528,355.5,1.57453989982605
1529,355.8,2.06592130661011
1530,356.0,22.9280223846436
1531,356.2,79.3442840576172
1532,356.3,2491.2392578125
1533,356.4,1058.11547851563
1534,356.6,0.907290935516357
1535,356.8,3.13393902778625
1536,357.0,18.7815055847168
1537,357.1,23.7795257568359
1538,357.3,1913.88647460938
1539,357.4,586.069274902344
1540,357.6,1.19124150276184
1541,357.9,2.4792685508728
1542,358.1,8.19380378723145
1543,358.3,2350.55712890625
1544,358.4,1099.33374023438
1545,358.5,33.0845565795898
1546,358.8,4.44619131088257
1547,359.0,17.0477523803711
1548,359.2,52.0705795288086
1549,359.3,1846.75390625
1550,359.4,633.497680664063
1551,359.6,1.34626138210297
1552,359.8,1.31062197685242
1553,360.0,5.13952922821045
1554,360.2,16.5430927276611
1555,360.3,3266.5693359375
1556,360.5,27.0394821166992
1557,360.8,1.20673191547394
1558,361.0,5.48474264144897
1559,361.2,17.4319820404053
1560,361.3,2354.87915039063
1561,361.5,23.8618679046631
1562,361.7,0.877358496189117
1563,362.0,2.07908225059509
1564,362.1,2.10202646255493
1565,362.3,1849.64147949219
1566,362.4,1314.84460449219
1567,362.5,42.2725372314453
1568,362.8,2.74260425567627
1569,362.9,4.01793622970581
1570,363.1,20.0535755157471
1571,363.3,1257.24719238281
1572,363.4,1011.19567871094
1573,363.5,24.6055202484131
1574,363.7,0.411250859498978
1575,363.9,1.8950617313385
1576,364.1,5.95492649078369
1577,364.3,1363.11169433594
1578,364.4,1620.96179199219
1579,364.5,51.9758911132813
1580,364.8,0.65129280090332
1581,365.0,2.30934071540833
1582,365.2,13.608549118042
1583,365.4,2306.9365234375
1584,365.5,25.5754718780518
1585,365.6,2.36233401298523
1586,365.9,0.530514776706696
1587,366.1,2.71546697616577
1588,366.3,1093.66357421875
1589,366.4,1753.39270019531
1590,366.6,1.30992317199707
1591,366.9,1.94327974319458
1592,367.0,1.38434660434723
1593,367.2,14.1429071426392
1594,367.4,2034.41625976563
1595,367.5,27.1722564697266
1596,367.8,0.507570445537567
1597,368.0,1.16154205799103
1598,368.2,10.336594581604
1599,368.4,2740.09814453125
1600,368.5,20.7402744293213
1601,368.6,1.38516187667847
1602,368.8,0.323084086179733
1603,369.0,1.62019562721252
1604,369.2,9.75168895721436
1605,369.3,874.764038085938
1606,369.4,1084.46215820313
1607,369.6,1.59235966205597
1608,369.9,0.699394345283508
1609,370.1,2.05963206291199
1610,370.3,1233.75500488281
1611,370.4,1593.57495117188
1612,370.6,1.51793622970581
1613,370.8,1.11542046070099
1614,371.0,2.90996980667114
1615,371.2,11.1597948074341
1616,371.3,794.557678222656
1617,371.4,1046.13879394531
1618,371.6,2.2706732749939
1619,371.7,1.31586301326752
1620,372.0,1.18052649497986
1621,372.2,5.18238973617554
1622,372.4,2673.00341796875
1623,372.5,78.7139511108398
1624,372.6,3.34626126289368
1625,372.9,2.0970184803009
1626,373.0,2.03855109214783
1627,373.2,13.9254598617554
1628,373.3,775.593994140625
1629,373.4,1070.05615234375
1630,373.6,2.22792911529541
1631,373.9,0.908921480178833
1632,374.1,2.94467735290527
1633,374.2,4.92417907714844
1634,374.4,2565.17163085938
1635,374.5,44.8268127441406
1636,374.7,0.774400174617767
1637,374.9,1.25611460208893
1638,375.1,3.32459807395935
1639,375.3,678.390625
1640,375.4,1145.17712402344
1641,375.6,2.71569991111755
1642,375.8,0.321104109287262
1643,376.0,1.23538315296173
1644,376.2,5.47367811203003
1645,376.4,2599.203125
1646,376.5,74.0713958740234
1647,376.7,0.57302588224411
1648,376.9,0.985674381256104
1649,377.1,3.44456100463867
1650,377.2,7.25821113586426
1651,377.4,1710.96691894531
1652,377.5,37.3162117004395
1653,377.8,0.701490819454193
1654,378.0,0.946773827075958
1655,378.2,6.85220146179199
1656,378.3,448.200897216797
1657,378.4,2096.07348632813
1658,378.6,2.50151419639587
1659,378.9,0.95271372795105
1660,379.1,2.67901229858398
1661,379.3,327.719879150391
1662,379.4,1377.041015625
1663,379.5,50.296760559082
1664,379.8,0.429419994354248
1665,380.0,0.976822733879089
1666,380.2,7.98334503173828
1667,380.4,2262.17431640625
1668,380.5,57.1518745422363
1669,380.6,1.15967857837677
1670,380.9,0.620894491672516
1671,381.0,0.808874905109406
1672,381.2,7.32191944122314
1673,381.3,311.709747314453
1674,381.4,1257.48742675781
1675,381.6,1.91171669960022
1676,381.9,0.897740483283997
1677,382.1,1.48870253562927
1678,382.2,5.09783363342285
1679,382.4,2078.86181640625
1680,382.5,55.3625679016113
1681,382.7,0.844747245311737
1682,382.9,1.13545310497284
1683,383.1,4.02643823623657
1684,383.3,318.333557128906
1685,383.4,1215.55773925781
1686,383.6,3.47635674476624
1687,383.8,1.46727228164673
1688,384.1,1.96738874912262
1689,384.3,435.182495117188
1690,384.4,1730.24011230469
1691,384.6,2.20533418655396
1692,384.8,2.25133943557739
1693,385.0,5.29082250595093
1694,385.2,11.5414628982544
1695,385.4,1296.18286132813
1696,385.5,76.9564437866211
1697,385.6,4.28581428527832
1698,385.9,1.55637085437775
1699,386.1,3.16107606887817
1700,386.3,371.334045410156
1701,386.4,1526.54443359375
1702,386.5,177.60319519043
1703,386.7,0.985557913780212
1704,386.9,3.37246680259705
1705,387.1,7.23014211654663
1706,387.3,296.476013183594
1707,387.4,1051.43872070313
1708,387.6,4.00675535202026
1709,387.8,1.79711163043976
1710,387.9,0.687048673629761
1711,388.1,3.4079897403717
1712,388.2,4.3991379737854
1713,388.4,1878.203125
1714,388.5,90.5156097412109
1715,388.7,2.12392258644104
1716,389.0,3.16026091575623
1717,389.2,8.49277877807617
1718,389.3,200.037963867188
1719,389.4,1119.53674316406
1720,389.6,4.0062894821167
1721,389.9,0.965641736984253
1722,390.1,2.04379224777222
1723,390.2,4.06522226333618
1724,390.4,1983.01770019531
1725,390.5,125.944213867188
1726,390.7,0.818075954914093
1727,391.0,2.19927787780762
1728,391.2,6.89389705657959
1729,391.4,1242.60363769531
1730,391.5,67.005126953125
1731,391.7,1.12928020954132
1732,392.0,1.37211740016937
1733,392.1,1.25658047199249
1734,392.3,136.025039672852
1735,392.4,1874.44653320313
1736,392.5,83.5022125244141
1737,392.7,0.297926843166351
1738,392.9,0.75320291519165
1739,393.1,2.17819714546204
1740,393.3,82.8067779541016
1741,393.4,1280.21740722656
1742,393.6,3.82203578948975
1743,393.9,1.14337289333344
1744,394.1,2.03028178215027
1745,394.3,116.153968811035
1746,394.4,1835.81640625
1747,394.6,1.77672958374023
1748,394.8,0.340787321329117
1749,395.0,0.737246692180634
1750,395.2,5.66480302810669
1751,395.4,1141.91540527344
1752,395.5,106.610527038574
1753,395.7,0.961914718151093
1754,396.0,0.993710696697235
1755,396.2,3.81330060958862
1756,396.4,1677.30139160156
1757,396.5,155.330184936523
1758,396.7,0.531679451465607
1759,397.0,0.630910813808441
1760,397.2,4.77672958374023
1761,397.4,1032.71948242188
1762,397.5,153.110992431641
1763,397.7,0.799324452877045
1764,397.8,0.564756572246552
1765,398.1,1.62112736701965
1766,398.2,2.88318181037903
1767,398.4,1562.61547851563
1768,398.5,297.369445800781
1769,398.7,1.00931751728058
1770,398.9,2.73165607452393
1771,399.1,7.18204069137573
1772,399.2,6.24831104278564
1773,399.4,885.838317871094
1774,399.5,167.816207885742
1775,399.6,4.04402494430542
1776,399.9,1.46156537532806
1777,400.1,2.59375739097595
1778,400.3,97.6558380126953
1779,400.4,1202.3876953125
1780,400.5,341.087249755859
1781,400.8,13.1126251220703
1782,401.0,47.9509658813477
1783,401.1,68.228630065918
1784,401.4,919.976013183594
1785,401.5,95.4245300292969
1786,401.8,4.27929210662842
1787,402.0,14.0280685424805
1788,402.2,19.5338916778564
1789,402.4,1298.64599609375
1790,402.5,137.315856933594
1791,402.6,8.44642448425293
1792,402.8,2.98835301399231
1793,403.0,14.8292570114136
1794,403.2,24.1340560913086
1795,403.3,83.45947265625
1796,403.4,849.263427734375
1797,403.6,3.16864657402039
1798,403.7,2.16107606887817
1799,404.0,2.87607741355896
1800,404.2,7.47775459289551
1801,404.4,1305.0849609375
1802,404.5,174.314117431641
1803,404.7,1.55718612670898
1804,404.9,6.62625217437744
1805,405.0,6.35208463668823
1806,405.2,22.9866065979004
1807,405.3,76.4043807983398
1808,405.4,823.212097167969
1809,405.6,4.05578851699829
1810,405.8,2.00198006629944
1811,406.0,2.55031442642212
1812,406.2,10.34241771698
1813,406.4,1308.283203125
1814,406.5,182.798385620117
1815,406.8,1.71069180965424
1816,407.0,3.45515966415405
1817,407.1,3.78686237335205
1818,407.3,54.3508033752441
1819,407.4,893.975891113281
1820,407.6,4.9055438041687
1821,407.9,0.656068027019501
1822,408.0,0.790822267532349
1823,408.2,6.87479639053345
1824,408.4,1225.775390625
1825,408.5,240.237823486328
1826,408.7,0.988819003105164
1827,409.0,1.75623106956482
1828,409.2,6.91567659378052
1829,409.4,684.078247070313
1830,409.5,198.323318481445
1831,409.7,0.943862080574036
1832,410.0,0.840205013751984
1833,410.1,0.899953424930573
1834,410.3,22.8039836883545
1835,410.4,1438.03369140625
1836,410.6,3.37095260620117
1837,410.7,0.73002564907074
1838,411.0,0.727812707424164
1839,411.2,3.26100635528564
1840,411.4,596.720581054688
1841,411.5,248.16584777832
1842,411.6,5.6217098236084
1843,411.9,0.595154881477356
1844,412.1,1.41986954212189
1845,412.3,16.1140232086182
1846,412.4,1375.35729980469
1847,412.6,6.52003240585327
1848,412.9,0.829140484333038
1849,413.1,2.26787805557251
1850,413.3,27.1762180328369
1851,413.4,506.468566894531
1852,413.5,225.593170166016
1853,413.7,1.39704167842865
1854,414.0,0.792685747146606
1855,414.2,2.83717679977417
1856,414.4,689.404479980469
1857,414.5,493.114013671875
1858,414.8,8.27754497528076
1859,415.0,29.5422782897949
1860,415.2,61.825065612793
1861,415.4,603.318298339844
1862,415.5,131.123565673828
1863,415.8,2.27987432479858
1864,415.9,3.16806435585022
1865,416.1,15.6833219528198
1866,416.3,44.2177963256836
1867,416.4,758.977661132813
1868,416.5,217.316558837891
1869,416.7,3.7252504825592
1870,417.0,9.53319358825684
1871,417.2,22.4701843261719
1872,417.4,517.387023925781
1873,417.5,112.821685791016
1874,417.6,5.88877248764038
1875,417.8,2.07628703117371
1876,418.1,3.97297930717468
1877,418.3,21.3433494567871
1878,418.4,979.932800292969
1879,418.6,9.27824401855469
1880,418.8,2.66154193878174
1881,419.0,8.03226184844971
1882,419.1,7.6762170791626
1883,419.3,55.2681121826172
1884,419.4,542.651733398438
1885,419.6,5.53424167633057
1886,419.8,1.14803171157837
1887,420.0,2.39273238182068
1888,420.2,7.45166540145874
1889,420.4,702.804443359375
1890,420.5,270.665283203125
1891,420.6,7.40076875686646
1892,420.8,0.971814572811127
1893,421.0,5.72699737548828
1894,421.2,19.1543216705322
1895,421.3,23.839506149292
1896,421.4,589.858703613281
1897,421.6,7.44164896011353
1898,421.8,0.42487770318985
1899,422.0,2.32506394386292
1900,422.1,2.1620078086853
1901,422.3,24.8115539550781
1902,422.4,614.008483886719
1903,422.5,347.758666992188
1904,422.7,1.69671559333801
1905,423.0,3.95807123184204
1906,423.2,12.1636381149292
1907,423.4,343.710571289063
1908,423.5,231.93815612793
1909,423.7,0.811903119087219
1910,423.8,0.900186359882355
1911,424.1,2.69205689430237
1912,424.2,3.50186347961426
1913,424.4,522.752746582031
1914,424.5,472.484985351563
1915,424.8,0.88073605298996
1916,425.0,1.12904727458954
1917,425.1,1.65222454071045
1918,425.3,20.768461227417
1919,425.4,300.942932128906
1920,425.5,229.238647460938
1921,425.7,1.40833914279938
1922,426.0,0.906242728233337
1923,426.1,0.765082716941833
1924,426.3,12.2532024383545
1925,426.5,956.010498046875
1926,426.6,11.2617053985596
1927,426.8,0.487654328346252
1928,427.0,0.861052870750427
1929,427.1,0.939319849014282
1930,427.3,16.9634284973145
1931,427.5,485.080932617188
1932,427.6,13.3512697219849
1933,427.9,0.92487770318985
1934,428.0,0.64337295293808
1935,428.2,2.95306301116943
1936,428.3,9.0129280090332
1937,428.5,793.5400390625
1938,428.6,27.6408100128174
1939,428.8,3.37328219413757
1940,429.0,23.4979038238525
1941,429.2,70.8935470581055
1942,429.4,358.69775390625
1943,429.5,147.220352172852
1944,429.6,6.95481014251709
1945,429.9,3.99068260192871
1946,430.1,15.3481245040894
1947,430.3,35.8693237304688
1948,430.4,365.892272949219
1949,430.5,277.561614990234
1950,430.7,3.41369676589966
1951,431.0,6.86571168899536
1952,431.2,21.3134174346924
1953,431.3,30.3497562408447
1954,431.4,370.09130859375
1955,431.6,8.47868633270264
1956,431.8,1.40379691123962
1957,432.1,3.91416263580322
1958,432.3,15.1716747283936
1959,432.4,291.535522460938
1960,432.5,342.882843017578
1961,432.7,2.67505240440369
1962,433.0,4.40274858474731
1963,433.2,12.3952941894531
1964,433.4,220.567901611328
1965,433.5,156.469131469727
1966,433.7,1.52166318893433
1967,434.0,1.8004891872406
1968,434.2,6.08572101593018
1969,434.3,14.4977874755859
1970,434.5,575.584533691406
1971,434.6,10.129280090332
1972,434.7,1.53540647029877
1973,434.9,1.02282786369324
1974,435.1,2.61448860168457
1975,435.2,4.79501533508301
1976,435.4,178.020965576172
1977,435.5,185.452255249023
1978,435.6,9.93792247772217
1979,435.8,0.941532731056213
1980,436.1,1.69100856781006
1981,436.2,3.21581649780273
1982,436.4,270.521423339844
1983,436.5,334.243530273438
1984,436.6,9.54367542266846
1985,436.9,1.57838344573975
1986,437.1,4.19392013549805
1987,437.3,18.795597076416
1988,437.5,325.874206542969
1989,437.6,14.3459119796753
1990,437.7,1.33950614929199
1991,437.9,0.602026581764221
1992,438.1,2.97356152534485
1993,438.3,16.4470062255859
1994,438.4,246.075592041016
1995,438.5,373.887268066406
1996,438.7,1.18600046634674
1997,438.9,0.274982541799545
1998,439.1,1.61588633060455
1999,439.3,13.4076404571533
2000,439.5,315.443634033203
2001,439.6,14.1620082855225
2002,439.9,0.941066861152649
2003,440.1,1.10598647594452
2004,440.2,2.02375960350037
2005,440.4,169.621704101563
2006,440.5,443.714538574219
2007,440.7,1.31038904190063
2008,440.8,0.862217545509338
2009,441.1,1.66561841964722
2010,441.3,9.74633121490479
2011,441.5,289.978576660156
2012,441.6,18.6375503540039
2013,441.7,2.3717679977417
2014,442.0,0.845446050167084
2015,442.2,2.78185415267944
2016,442.4,100.445259094238
2017,442.5,403.867584228516
2018,442.7,1.92126715183258
2019,442.8,0.856510579586029
2020,443.1,1.35697650909424
2021,443.3,10.3215703964233
2022,443.4,87.6300964355469
2023,443.5,181.894714355469
2024,443.7,2.35685992240906
2025,444.0,0.818425357341766
2026,444.2,3.66398787498474
2027,444.4,115.629745483398
2028,444.5,275.367218017578
2029,444.7,3.61681818962097
2030,445.0,2.41323089599609
2031,445.2,4.88201713562012
2032,445.4,97.1866989135742
2033,445.5,117.288261413574
2034,445.6,18.8137664794922
2035,445.9,1.03738641738892
2036,446.0,0.619380414485931
2037,446.2,3.65129280090332
2038,446.3,5.6955509185791
2039,446.5,363.921142578125
2040,446.6,23.1653861999512
2041,446.7,2.70218968391418
2042,447.0,1.5505473613739
2043,447.2,4.98590707778931
2044,447.4,88.4259262084961
2045,447.5,115.976707458496
2046,447.6,15.5528764724731
2047,447.8,0.454344272613525
2048,448.0,0.972629845142365
2049,448.2,3.58094573020935
2050,448.4,122.922897338867
2051,448.5,208.494522094727
2052,448.6,19.1348705291748
2053,448.8,0.455741912126541
2054,448.9,1.14814817905426
2055,449.2,3.30025625228882
2056,449.4,80.5500793457031
2057,449.5,130.902755737305
2058,449.7,1.5076869726181
2059,449.9,0.352434188127518
2060,450.1,1.38690888881683
2061,450.3,12.1340551376343
2062,450.5,336.077911376953
2063,450.6,11.8074769973755
2064,450.7,1.61903095245361
2065,451.0,1.0232937335968
2066,451.2,3.69263911247253
2067,451.4,80.4403686523438
2068,451.5,109.580947875977
2069,451.6,17.4224319458008
2070,451.8,0.843582570552826
2071,452.1,0.985324919223785
2072,452.2,1.72000932693481
2073,452.4,101.826461791992
2074,452.5,260.355804443359
2075,452.6,16.5821113586426
2076,452.8,0.761006295681
2077,453.0,0.416142553091049
2078,453.2,3.21977639198303
2079,453.4,63.0815277099609
2080,453.5,139.028762817383
2081,453.7,1.63754951953888
2082,453.8,0.977405071258545
2083,454.1,0.965408802032471
2084,454.3,8.32518005371094
2085,454.4,60.383415222168
2086,454.5,296.44384765625
2087,454.7,2.72303748130798
2088,454.9,0.402282774448395
2089,455.1,1.0427440404892
2090,455.3,10.0125789642334
2091,455.5,152.297348022461
2092,455.6,22.8923835754395
2093,455.7,2.89797353744507
2094,456.0,0.742837190628052
2095,456.2,2.17924523353577
2096,456.4,49.3098068237305
2097,456.5,244.673187255859
2098,456.7,2.66491961479187
2099,457.0,0.987654328346252
2100,457.2,2.89972043037415
2101,457.4,46.3873748779297
2102,457.5,110.641738891602
2103,457.7,3.05252742767334
2104,458.0,0.660144448280334
2105,458.2,2.56999778747559
2106,458.4,54.6572341918945
2107,458.5,142.76741027832
2108,458.6,31.2075462341309
2109,458.8,2.69065928459167
2110,459.1,4.54041481018066
2111,459.3,12.5677843093872
2112,459.4,40.661075592041
2113,459.5,81.5073394775391
2114,459.7,2.11169338226318
2115,459.8,1.67214071750641
2116,460.1,2.52515721321106
2117,460.3,9.79431629180908
2118,460.4,47.853946685791
2119,460.5,163.65071105957
2120,460.7,4.48218011856079
2121,460.9,10.1609592437744
2122,461.1,15.4496850967407
2123,461.3,29.1349868774414
2124,461.4,55.1999778747559
2125,461.5,56.856861114502
2126,461.7,2.91043567657471
2127,461.9,3.56603765487671
2128,462.1,5.1890287399292
2129,462.2,4.2165150642395
2130,462.4,67.9488677978516
2131,462.5,125.710693359375
2132,462.7,1.91882133483887
2133,462.9,3.1955509185791
2134,463.0,2.19846272468567
2135,463.2,8.03342628479004
2136,463.3,11.8660612106323
2137,463.5,90.2173309326172
2138,463.6,15.072793006897
2139,463.7,3.09876537322998
2140,463.9,0.557651996612549
2141,464.1,1.919753074646
2142,464.2,2.34975552558899
2143,464.4,53.1354522705078
2144,464.5,145.993362426758
2145,464.7,1.45457720756531
2146,464.9,1.74854409694672
2147,465.1,3.0478687286377
2148,465.3,11.1340551376343
2149,465.4,30.2027721405029
2150,465.5,72.8963394165039
2151,465.7,3.84253430366516
2152,465.9,0.545772194862366
2153,466.1,1.87141859531403
2154,466.3,8.04390907287598
2155,466.5,171.659210205078
2156,466.6,28.9735622406006
2157,466.8,0.44700676202774
2158,467.0,0.924178898334503
2159,467.2,2.72990918159485
2160,467.4,32.1652679443359
2161,467.5,76.0617294311523
2162,467.7,3.26123929023743
2163,467.9,0.298509210348129
2164,468.1,1.21570003032684
2165,468.3,6.94095039367676
2166,468.5,150.392272949219
2167,468.6,38.1047058105469
2168,468.9,1.1748194694519
2169,469.0,0.380037277936935
2170,469.2,2.29850912094116
2171,469.4,27.6465167999268
2172,469.5,67.6893768310547
2173,469.7,3.585604429245
2174,470.0,0.994875371456146
2175,470.2,1.81900763511658
2176,470.3,4.06638717651367
2177,470.5,109.966453552246
2178,470.6,40.473560333252
2179,470.7,3.18844628334045
2180,470.9,0.397740513086319
2181,471.1,0.874330282211304
2182,471.3,7.36699295043945
2183,471.5,57.1729545593262
2184,471.6,23.0266704559326
2185,471.8,0.479035645723343
2186,472.0,1.08525502681732
2187,472.2,2.06906580924988
2188,472.3,3.79326820373535
2189,472.5,89.2490081787109
2190,472.6,30.7992076873779
2191,472.7,3.93931984901428
2192,473.0,1.04099702835083
2193,473.1,1.35359883308411
2194,473.3,8.92743968963623
2195,473.4,19.26904296875
2196,473.5,42.3618698120117
2197,473.7,3.62112736701965
2198,474.0,1.01770329475403
2199,474.1,0.708478927612305
2200,474.3,7.16573476791382
2201,474.5,69.3792190551758
2202,474.6,36.4895172119141
2203,474.7,11.6800603866577
2204,475.0,13.6339387893677
2205,475.2,33.1843681335449
2206,475.4,57.7091789245605
2207,475.5,27.8971576690674
2208,475.7,2.87526202201843
2209,476.0,5.47833681106567
2210,476.2,12.7798738479614
2211,476.4,48.7904739379883
2212,476.5,63.4631958007813
2213,476.7,2.33938980102539
2214,476.9,2.74842762947083
2215,477.1,7.65245771408081
2216,477.3,19.0393657684326
2217,477.5,44.4845085144043
2218,477.6,10.0986490249634
2219,477.7,3.21919393539429
2220,478.0,1.79233634471893
2221,478.2,4.75483322143555
2222,478.4,33.9638938903809
2223,478.5,52.4870719909668
2224,478.6,21.4005355834961
2225,478.8,1.12555325031281
2226,479.0,5.16736555099487
2227,479.1,5.65350580215454
2228,479.3,17.7831344604492
2229,479.5,42.6012115478516
2230,479.6,13.0915441513062
2231,479.8,1.29443275928497
2232,480.0,2.1192638874054
2233,480.2,5.46226406097412
2234,480.4,32.4963912963867
2235,480.5,52.7653160095215
2236,480.6,26.4769401550293
2237,480.8,1.86804103851318
2238,481.0,8.87328243255615
2239,481.1,9.17831325531006
2240,481.3,25.7633361816406
2241,481.5,40.8065452575684
2242,481.6,12.8563938140869
2243,481.7,3.70661544799805
2244,482.0,3.25739574432373
2245,482.2,7.26403427124023
2246,482.3,8.14838123321533
2247,482.5,63.9109001159668
2248,482.6,25.1712093353271
2249,482.7,4.13021183013916
2250,482.9,0.683554649353027
2251,483.1,3.40589332580566
2252,483.2,4.03808546066284
2253,483.4,18.7909393310547
2254,483.5,19.6642208099365
2255,483.6,14.8593053817749
2256,483.8,0.63603538274765
2257,484.0,1.29070580005646
2258,484.2,3.08071279525757
2259,484.4,18.763219833374
2260,484.5,30.0512466430664
2261,484.6,27.7520389556885
2262,484.8,1.23538315296173
2263,485.0,0.212438851594925
2264,485.2,2.55660367012024
2265,485.3,3.38423013687134
2266,485.5,24.0043087005615
2267,485.6,13.6289310455322
2268,485.8,0.961798250675201
2269,486.0,1.10237598419189
2270,486.2,2.40053582191467
2271,486.4,14.6547870635986
2272,486.5,25.5192165374756
2273,486.6,22.3485908508301
2274,486.8,0.606918215751648
2275,487.0,1.07290935516357
2276,487.1,0.662240862846375
2277,487.3,6.09713506698608
2278,487.5,21.0394821166992
2279,487.6,10.4825296401978
2280,487.9,1.4210342168808
2281,488.0,0.589564383029938
2282,488.2,2.35557889938354
2283,488.4,15.5916604995728
2284,488.5,18.9866065979004
2285,488.6,22.9044952392578
2286,488.8,3.80235266685486
2287,489.0,14.1093645095825
2288,489.2,31.5083866119385
2289,489.3,43.155834197998
2290,489.5,11.6925230026245
2291,489.7,1.52166318893433
2292,489.9,3.11413931846619
2293,490.1,8.5416955947876
2294,490.2,6.26717901229858
2295,490.4,34.2169799804688
2296,490.5,27.0673179626465
2297,490.7,4.22338676452637
2298,491.0,5.5881667137146
2299,491.2,10.9341955184937
2300,491.4,22.9616813659668
2301,491.5,16.0391330718994
2302,491.7,3.29781031608582
2303,492.0,1.79419982433319
2304,492.2,4.43466091156006
2305,492.4,19.9880027770996
2306,492.5,32.4027481079102
2307,492.7,4.3508038520813
2308,493.0,3.31073832511902
2309,493.2,9.08211040496826
2310,493.4,20.719310760498
2311,493.5,16.3206386566162
2312,493.7,2.19741439819336
2313,494.0,1.63335657119751
2314,494.2,4.50093173980713
2315,494.4,19.6694622039795
2316,494.5,20.314582824707
2317,494.6,18.7070808410645
2318,494.8,1.3548800945282
2319,495.0,4.14220809936523
2320,495.2,9.32401561737061
2321,495.3,9.16550159454346
2322,495.5,19.755298614502
2323,495.6,8.16224098205566
2324,495.8,1.79361748695374
2325,496.1,2.85977172851563
2326,496.3,7.55974864959717
2327,496.5,26.5528774261475
2328,496.6,18.0250415802002
2329,496.9,2.47088289260864
2330,497.1,5.86477994918823
2331,497.3,12.4386205673218
2332,497.4,8.15863037109375
2333,497.6,13.4149780273438
2334,497.7,2.62683439254761
2335,498.0,2.02096438407898
2336,498.1,1.68821334838867
2337,498.3,6.43862104415894
2338,498.5,18.8534832000732
2339,498.6,13.637433052063
2340,498.8,1.3186582326889
2341,499.1,1.71779644489288
2342,499.3,5.02690410614014
2343,499.5,10.6764497756958
2344,499.6,5.84847402572632
2345,499.9,1.29070580005646
2346,500.1,1.07360816001892
2347,500.2,0.859538793563843
2348,500.4,8.74539947509766
2349,500.6,17.5053577423096
2350,500.7,3.26112270355225
2351,500.8,1.54868388175964
2352,501.1,1.17633354663849
2353,501.2,1.51747035980225
2354,501.4,6.96436071395874
2355,501.6,8.8174934387207
2356,501.7,2.56638717651367
2357,502.0,0.852084815502167
2358,502.2,1.67679941654205
2359,502.4,9.4452600479126
2360,502.5,15.3715353012085
2361,502.7,5.35499668121338
2362,503.0,6.62532043457031
2363,503.2,13.2495927810669
2364,503.3,9.82436561584473
2365,503.4,12.8117866516113
2366,503.6,3.9366409778595
2367,503.9,2.56277656555176
2368,504.0,1.69112503528595
2369,504.2,7.47379446029663
2370,504.4,15.7316560745239
2371,504.5,13.1261358261108
2372,504.7,2.66853022575378
2373,504.9,2.79175400733948
2374,505.1,3.59538793563843
2375,505.3,8.32681083679199
2376,505.5,9.81423282623291
2377,505.6,3.71989274024963
2378,505.9,1.00512456893921
2379,506.1,1.86559510231018
2380,506.3,6.1490797996521
2381,506.4,6.39855575561523
2382,506.5,14.8428840637207
2383,506.7,4.49650573730469
2384,507.0,2.4520149230957
2385,507.2,5.60913133621216
2386,507.4,11.0677843093872
2387,507.5,6.48637294769287
2388,507.7,2.92709064483643
2389,508.0,1.29326808452606
2390,508.2,3.41625905036926
2391,508.4,9.96203136444092
2392,508.6,14.1865825653076
2393,508.7,2.66107606887817
2394,508.8,1.40647566318512
2395,509.1,1.29815983772278
2396,509.3,4.82553005218506
2397,509.5,8.22490119934082
2398,509.6,4.62881422042847
2399,509.8,1.17435359954834
2400,510.1,1.20172369480133
2401,510.3,3.24097371101379
2402,510.5,10.6001634597778
2403,510.6,6.09585380554199
2404,510.7,3.51583981513977
2405,511.0,1.54856741428375
2406,511.2,2.72350335121155
2407,511.4,5.84754228591919
2408,511.5,5.52946662902832
2409,511.7,1.83263456821442
2410,511.9,1.0764034986496
2411,512.2,2.41346383094788
2412,512.4,5.65781497955322
2413,512.5,4.35441398620605
2414,512.6,6.01945018768311
2415,512.8,0.565804779529572
2416,513.0,0.943396210670471
2417,513.2,1.60994637012482
2418,513.4,4.24400186538696
2419,513.5,3.60785007476807
2420,513.7,1.87689256668091
2421,514.0,0.698462605476379
2422,514.1,0.622175633907318
2423,514.3,2.8638482093811
2424,514.5,6.66491985321045
2425,514.6,4.63987874984741
2426,514.8,1.23876082897186
2427,515.1,1.13417196273804
2428,515.3,2.37747502326965
2429,515.4,1.90973675251007
2430,515.5,3.74039125442505
2431,515.7,1.3277428150177
2432,515.9,0.212555319070816
2433,516.1,0.778942465782166
2434,516.3,3.23421859741211
2435,516.4,3.21197295188904
2436,516.6,6.75098991394043
2437,516.7,2.46051716804504
2438,517.0,0.938388049602509
2439,517.2,1.41148376464844
2440,517.4,3.22618222236633
2441,517.6,3.57640337944031
2442,517.7,0.941416263580322
2443,517.9,1.02271139621735
2444,518.1,1.0194503068924
2445,518.3,3.03307700157166
2446,518.5,5.0879340171814
2447,518.6,5.35662698745728
2448,518.8,1.80060565471649
2449,519.0,1.1334730386734
2450,519.2,3.65338921546936
2451,519.4,5.40018653869629
2452,519.5,1.82343351840973
2453,519.6,2.16596794128418
2454,519.9,1.20265543460846
2455,520.1,1.77742838859558
2456,520.3,3.67144179344177
2457,520.5,6.54484033584595
2458,520.6,4.85173559188843
2459,520.9,2.34323310852051
2460,521.1,2.7837176322937
2461,521.3,4.9183554649353
2462,521.4,4.24831104278564
2463,521.6,1.30363380908966
2464,521.8,1.48381090164185
2465,522.0,1.11856508255005
2466,522.2,2.60948061943054
2467,522.4,4.84963893890381
2468,522.5,3.16049385070801
2469,522.6,4.40624284744263
2470,522.9,1.22117400169373
2471,523.0,0.506755173206329
2472,523.2,1.77917540073395
2473,523.4,3.3652458190918
2474,523.5,2.85930585861206
2475,523.7,1.47845327854156
2476,524.0,0.675984144210815
2477,524.2,1.80724430084229
2478,524.3,1.86943864822388
2479,524.5,5.51246213912964
2480,524.6,3.27556490898132
2481,524.8,0.926741182804108
2482,525.0,0.360121130943298
2483,525.2,0.904845118522644
2484,525.4,2.26554846763611
2485,525.5,1.47460985183716
2486,525.6,1.69601678848267
2487,525.8,0.393664091825485
2488,526.0,0.521313786506653
2489,526.2,1.07023060321808
2490,526.3,1.25331938266754
2491,526.5,3.30340099334717
2492,526.6,2.43699049949646
2493,526.8,0.635685980319977
2494,527.1,0.616002798080444
2495,527.3,1.34428143501282
2496,527.4,0.662357330322266
2497,527.5,1.5764034986496
2498,527.7,0.618565082550049
2499,527.9,0.225949212908745
2500,528.1,0.774400174617767
2501,528.3,1.40333104133606
2502,528.4,1.47996735572815
2503,528.5,2.92941999435425
2504,528.7,0.623223841190338
2505,528.8,0.637898921966553
2506,529.1,0.56359189748764
2507,529.3,1.07966458797455
2508,529.5,1.44316327571869
2509,529.7,0.912648499011993
2510,529.9,0.512112736701965
2511,530.1,0.571278810501099
2512,530.2,0.749708831310272
2513,530.4,2.61635231971741
2514,530.5,1.28593063354492
2515,530.6,1.29629623889923
2516,530.8,0.319124162197113
2517,531.0,0.320987641811371
2518,531.2,0.877242028713226
2519,531.4,1.26997435092926
2520,531.6,1.29373395442963
2521,531.7,0.326112270355225
2522,531.9,0.268576741218567
2523,532.1,0.792336344718933
2524,532.3,1.69357097148895
2525,532.4,1.5918937921524
2526,532.6,2.46051716804504
2527,532.7,1.19392037391663
2528,533.0,1.36745870113373
2529,533.2,2.02620553970337
2530,533.4,2.5633590221405
2531,533.5,1.46063363552094
2532,533.8,0.547519207000732
2533,534.0,0.69543445110321
2534,534.2,1.46936869621277
2535,534.4,2.28301882743835
2536,534.5,1.31656181812286
2537,534.7,2.68355464935303
2538,534.9,4.92976951599121
2539,535.1,10.865478515625
2540,535.2,12.1233406066895
2541,535.4,4.25669717788696
2542,535.6,0.596901953220367
2543,535.8,1.33601212501526
2544,536.0,3.14523649215698
2545,536.2,5.63848114013672
2546,536.3,3.36198472976685
2547,536.4,3.97181463241577
2548,536.7,1.93675756454468
2549,536.8,1.00582349300385
2550,537.0,2.88993716239929
2551,537.2,4.40193319320679
2552,537.3,4.17994403839111
2553,537.5,1.42184948921204
2554,537.8,0.898439347743988
2555,538.0,0.832750976085663
2556,538.1,0.82459819316864
2557,538.3,2.24970889091492
2558,538.5,2.61192631721497
2559,538.6,1.99021661281586
2560,538.9,1.3846960067749
2561,539.0,0.988003730773926
2562,539.2,2.02597260475159
2563,539.3,2.30782675743103
2564,539.5,1.34963893890381
2565,539.8,0.724901020526886
2566,539.9,0.728977382183075
2567,540.1,0.662124395370483
2568,540.3,1.87456321716309
2569,540.5,1.95853710174561
2570,540.7,1.04064750671387
2571,540.8,0.29781037569046
2572,540.9,0.439086884260178
2573,541.2,1.35732591152191
2574,541.3,1.34463083744049
2575,541.6,0.83717679977417
2576,541.7,0.177614718675613
2577,541.9,0.350454241037369
2578,542.0,0.27078965306282
2579,542.2,0.890402972698212
2580,542.4,1.17458653450012
2581,542.5,1.16538548469543
2582,542.7,0.18588399887085
2583,542.8,0.397274643182755
2584,543.1,0.668763101100922
2585,543.3,0.890752375125885
2586,543.5,0.725716292858124
2587,543.6,0.379687875509262
2588,543.8,0.364313989877701
2589,544.0,0.545772194862366
2590,544.2,0.641858816146851
2591,544.3,0.436524569988251
2592,544.5,1.1346378326416
2593,544.6,0.39599347114563
2594,544.8,0.30072209239006
2595,544.9,0.0822268798947334
2596,545.1,0.293151646852493
2597,545.3,0.901234567165375
2598,545.5,0.837759137153625
2599,545.7,0.656766831874847
2600,545.8,0.116818077862263
2601,546.1,0.442580938339233
2602,546.3,0.915676653385162
2603,546.5,1.00151407718658
2604,546.6,0.498369425535202
2605,546.8,0.60191011428833
2606,547.0,0.359655261039734
2607,547.1,0.599580705165863
2608,547.4,1.20032608509064
2609,547.5,0.297577440738678
2610,547.6,0.640228271484375
2611,547.8,0.0821104124188423
2612,548.0,0.302935004234314
2613,548.2,0.792219877243042
2614,548.3,0.582809209823608
2615,548.5,1.05951547622681
2616,548.6,0.575005829334259
2617,548.8,1.25902628898621
2618,549.0,6.04472398757935
2619,549.2,18.2518043518066
2620,549.3,10.0528764724731
2621,549.4,7.6828556060791
2622,549.7,0.809923112392426
2623,549.9,1.19473564624786
