#"+ Scan (rt: 0.088-39.997 min, 6919 scans) SHEW_2.D "
#Point,X(Thompsons),Y(Counts)
0,45.1,67028.4453125
1,45.3,1.26145398616791
2,45.7,0.0732764825224876
3,45.9,6.23558330535889
4,46.1,17791.484375
5,46.2,3424.09301757813
6,46.4,2.38719463348389
7,46.6,0.0836826115846634
8,46.8,0.216938868165016
9,47.0,74.919059753418
10,47.2,6513.7666015625
11,47.3,2.30437922477722
12,47.5,0.0355542711913586
13,47.6,0.257118076086044
14,47.8,3.18557596206665
15,48.0,139.296569824219
16,48.2,2809.96166992188
17,48.3,27.2341384887695
18,48.5,1.00072264671326
19,48.7,0.139326497912407
20,48.9,8.41769027709961
21,49.1,1585.23486328125
22,49.2,1575.57568359375
23,49.4,2.07067489624023
24,49.9,0.418702125549316
25,50.1,2033.17602539063
26,50.2,9926.99609375
27,50.4,0.189767301082611
28,50.7,0.0515970513224602
29,50.9,0.330539107322693
30,51.1,1325.73852539063
31,51.2,16532.658203125
32,51.4,0.108541697263718
33,51.9,0.340078055858612
34,52.1,1123.22241210938
35,52.2,14294.1259765625
36,52.4,0.442694038152695
37,52.8,0.104494869709015
38,53.0,4.19338035583496
39,53.2,34145.67578125
40,53.3,10.3172426223755
41,53.4,0.289348185062408
42,53.9,0.164619162678719
43,54.1,5687.763671875
44,54.2,22801.595703125
45,54.4,0.618152916431427
46,55.0,0.491111427545547
47,55.2,69231.1640625
48,55.3,6.10088157653809
49,55.9,0.128486782312393
50,56.1,586.241088867188
51,56.2,27981.380859375
52,56.4,0.115334585309029
53,56.7,0.0122850118204951
54,56.9,0.150888860225677
55,57.1,215.64778137207
56,57.2,65731.2890625
57,57.4,0.308715134859085
58,57.5,0.168087869882584
59,57.9,1.30770337581635
60,58.1,608.810546875
61,58.2,23736.66015625
62,58.3,78.5486373901367
63,58.6,132.455703735352
64,58.7,48.7327651977539
65,58.9,3.31160569190979
66,59.1,1758.39343261719
67,59.2,9917.56640625
68,59.4,0.288336455821991
69,59.5,0.140338197350502
70,59.7,0.097846508026123
71,59.9,0.69056224822998
72,60.1,30041.02734375
73,60.2,23028.693359375
74,60.4,0.187165781855583
75,60.6,0.0768897235393524
76,60.8,0.189189195632935
77,61.0,29.4992046356201
78,61.2,11142.5791015625
79,61.3,6.46437358856201
80,61.5,0.0964012145996094
81,61.7,0.262032091617584
82,61.9,5.20132970809937
83,62.0,49.5216064453125
84,62.2,3739.90576171875
85,62.3,14.979043006897
86,62.5,0.0818037316203117
87,62.8,0.121404826641083
88,63.0,27.7866744995117
89,63.1,2645.05419921875
90,63.2,4756.55908203125
91,63.4,0.308426082134247
92,63.7,0.212313920259476
93,63.9,2.41928029060364
94,64.1,2399.13232421875
95,64.2,2828.20874023438
96,64.4,0.245122134685516
97,64.7,0.0508744046092033
98,64.9,0.37086284160614
99,65.1,1624.22888183594
100,65.2,11050.556640625
101,65.4,0.679144382476807
102,65.8,0.1923688352108
103,66.0,27.670618057251
104,66.1,2245.2412109375
105,66.2,9264.5546875
106,66.4,0.565110564231873
107,66.6,0.0901864394545555
108,66.8,0.0296285599470139
109,67.0,2.24801278114319
110,67.2,23683.013671875
111,67.3,14.9981212615967
112,67.6,0.0484174005687237
113,67.8,0.0757334902882576
114,68.0,4.22662258148193
115,68.2,35077.1328125
116,68.3,14.687671661377
117,68.9,0.204942911863327
118,69.1,4051.25390625
119,69.2,34924.23046875
120,69.4,0.392831325531006
121,69.9,0.48605290055275
122,70.1,1189.80493164063
123,70.2,27766.970703125
124,70.4,0.621621608734131
125,70.6,0.0935106202960014
126,70.8,0.0975574478507042
127,71.0,5.40887403488159
128,71.2,37031.546875
129,71.3,38.7673072814941
130,71.5,0.162451222538948
131,71.8,0.233415231108665
132,72.0,26.9845352172852
133,72.2,14580.083984375
134,72.3,55.934383392334
135,72.5,0.191212609410286
136,72.8,0.0573782324790955
137,73.0,4.93221569061279
138,73.2,35768.19140625
139,73.3,2.10030341148376
140,73.4,0.323457151651382
141,73.8,0.187021240592003
142,74.0,22.3960113525391
143,74.2,13853.7890625
144,74.3,12.0005779266357
145,74.6,0.0725538358092308
146,74.9,0.454689979553223
147,75.1,4305.689453125
148,75.2,2571.87060546875
149,75.4,0.0599797666072845
150,75.7,0.150599792599678
151,75.9,4.30148887634277
152,76.1,1762.30981445313
153,76.2,1310.87487792969
154,76.3,27.7131080627441
155,76.5,0.102760516107082
156,77.0,7.62653541564941
157,77.2,15881.6884765625
158,77.3,2.21231389045715
159,77.9,0.348894357681274
160,78.1,2600.08544921875
161,78.2,6888.8037109375
162,78.4,0.152334153652191
163,78.8,0.102471455931664
164,79.0,6.39485454559326
165,79.2,20213.94140625
166,79.3,1.54762244224548
167,79.8,0.196560189127922
168,79.9,0.441248744726181
169,80.1,2533.7119140625
170,80.2,13562.3623046875
171,80.3,10.3718748092651
172,80.6,0.120104059576988
173,81.0,5.35843324661255
174,81.2,35489.4375
175,81.3,2.46726393699646
176,81.9,0.23009105026722
177,82.1,3792.0439453125
178,82.2,16453.080078125
179,82.4,0.146119385957718
180,82.6,0.0596907064318657
181,82.8,0.308426082134247
182,83.0,6.82454109191895
183,83.2,19947.38671875
184,83.3,33.6551513671875
185,83.6,0.28877004981041
186,83.9,0.783205687999725
187,84.1,19819.083984375
188,84.2,15956.1748046875
189,84.4,0.561930894851685
190,84.7,0.120682179927826
191,84.8,0.228501230478287
192,85.0,9.30654716491699
193,85.2,35456.78125
194,85.3,28.5992202758789
195,85.5,0.162017628550529
196,85.7,0.106373757123947
197,85.9,3.70414805412292
198,86.1,5212.083984375
199,86.2,5123.63427734375
200,86.4,2.05405402183533
201,86.5,0.57016909122467
202,86.8,0.504408180713654
203,86.9,2.45613527297974
204,87.1,3763.572265625
205,87.2,4334.89990234375
206,87.4,1.03931200504303
207,87.6,0.433299601078033
208,87.8,1.8441971540451
209,87.9,10.0066480636597
210,88.1,1618.89050292969
211,88.2,1475.67761230469
212,88.4,2.74721789360046
213,88.6,0.169388636946678
214,88.8,0.571903467178345
215,88.9,3.94796943664551
216,89.1,3910.40649414063
217,89.2,3082.70971679688
218,89.3,15.1465530395508
219,89.6,0.375343263149261
220,89.8,3.13542413711548
221,90.0,82.7138290405273
222,90.2,3930.92724609375
223,90.3,62.8434753417969
224,90.5,0.348605275154114
225,91.0,9.12964344024658
226,91.2,23418.0546875
227,91.3,9.38762855529785
228,91.7,0.0676398351788521
229,91.9,1.85460329055786
230,92.1,2969.1337890625
231,92.2,8909.8466796875
232,92.4,1.28848099708557
233,92.6,0.00896083284169436
234,92.8,0.126607894897461
235,93.0,16.9046096801758
236,93.2,10840.4287109375
237,93.3,25.7469291687012
238,93.7,0.137303084135056
239,93.9,0.635351955890656
240,94.1,8566.083984375
241,94.2,14365.638671875
242,94.4,0.222575515508652
243,94.5,0.0857060253620148
244,94.7,0.0592571198940277
245,94.9,0.704870641231537
246,95.1,39316.51953125
247,95.2,17938.0234375
248,95.4,0.725104808807373
249,95.6,0.116057232022285
250,95.8,0.122850120067596
251,96.0,18.0436477661133
252,96.2,33531.5859375
253,96.3,5.42824125289917
254,96.5,0.0150310741737485
255,96.6,0.0897528529167175
256,96.9,2.62552380561829
257,97.1,19693.939453125
258,97.2,13997.44140625
259,97.4,0.736667156219482
260,97.6,0.0570891760289669
261,97.8,0.23225899040699
262,98.0,13.8651542663574
263,98.1,36457.64453125
264,98.3,19.5811538696289
265,98.5,0.0673507750034332
266,98.6,0.156814575195313
267,98.8,0.531724214553833
268,99.0,27.0302066802979
269,99.2,15583.4931640625
270,99.3,29.7258281707764
271,99.4,1.55239200592041
272,99.7,0.429397314786911
273,99.9,6.63665246963501
274,100.1,6666.11376953125
275,100.2,3013.86962890625
276,100.4,1.72972977161407
277,100.7,0.262610197067261
278,100.9,4.75892448425293
279,101.1,10104.501953125
280,101.2,1834.24853515625
281,101.4,0.918340802192688
282,101.6,0.180228352546692
283,101.8,1.06763982772827
284,102.0,73.3194122314453
285,102.1,7134.66162109375
286,102.3,22.3522186279297
287,102.5,0.296863704919815
288,102.6,0.128775835037231
289,102.9,3.29541850090027
290,103.1,3688.89038085938
291,103.2,2500.89770507813
292,103.3,8.35164070129395
293,103.5,0.226911410689354
294,103.8,0.441393256187439
295,104.0,59.052318572998
296,104.2,5807.61962890625
297,104.3,22.8310451507568
298,104.5,0.0977019816637039
299,104.7,0.16664257645607
300,104.9,2.40468287467957
301,105.1,3791.20849609375
302,105.2,4224.60107421875
303,105.4,0.488798946142197
304,105.8,0.430409014225006
305,105.9,2.54256391525269
306,106.1,2488.29833984375
307,106.2,5140.505859375
308,106.4,1.22561061382294
309,106.6,0.0922098532319069
310,106.8,0.200607031583786
311,107.0,22.8264198303223
312,107.2,18970.458984375
313,107.3,16.0088157653809
314,107.4,0.269403100013733
315,107.7,0.156380981206894
316,107.9,1.13036561012268
317,108.1,3167.47973632813
318,108.2,13243.2275390625
319,108.3,21.9447898864746
320,108.5,0.087584912776947
321,108.7,0.0604133531451225
322,108.9,1.869056224823
323,109.1,11879.1220703125
324,109.2,12828.0107421875
325,109.3,22.3243236541748
326,109.5,0.0413354523479939
327,109.7,0.126174300909042
328,109.9,2.05333137512207
329,110.1,15956.16015625
330,110.2,9446.728515625
331,110.4,1.23919641971588
332,110.6,0.045526809990406
333,110.8,0.291516125202179
334,111.0,22.0196552276611
335,111.1,12342.091796875
336,111.2,10725.13671875
337,111.4,1.03512072563171
338,111.7,0.102471455931664
339,111.9,1.82352936267853
340,112.1,18192.34765625
341,112.2,5490.96435546875
342,112.3,17.970516204834
343,112.5,0.218817755579948
344,112.7,0.500939428806305
345,112.9,6.57479381561279
346,113.1,4414.0546875
347,113.2,5204.0654296875
348,113.4,1.89940738677979
349,113.6,0.40829598903656
350,113.8,1.79129934310913
351,114.0,58.0211029052734
352,114.1,4991.06982421875
353,114.3,27.01806640625
354,114.4,2.58346581459045
355,114.6,0.162884816527367
356,114.9,3.09929180145264
357,115.1,4391.689453125
358,115.2,4789.51123046875
359,115.4,0.421737253665924
360,115.7,0.146263912320137
361,115.8,0.599364042282104
362,116.0,50.6249465942383
363,116.1,5600.4208984375
364,116.2,2660.1455078125
365,116.4,1.22416532039642
366,116.6,0.45758056640625
367,116.8,0.594883680343628
368,117.0,35.034252166748
369,117.2,11782.51171875
370,117.3,9.91487216949463
371,117.5,0.293105930089951
372,117.8,0.864431262016296
373,118.0,51.2374610900879
374,118.2,6054.173828125
375,118.3,20.3831481933594
376,118.4,1.49226772785187
377,118.6,0.0854169651865959
378,118.8,0.437924563884735
379,119.0,58.3351631164551
380,119.2,7213.82958984375
381,119.3,9.81904888153076
382,119.5,0.0696632489562035
383,119.7,0.277785807847977
384,119.9,4.61323881149292
385,120.1,3110.28588867188
386,120.2,5193.0849609375
387,120.4,0.849689245223999
388,120.6,0.259575068950653
389,120.8,0.713686943054199
390,121.0,34.9536056518555
391,121.1,3406.45190429688
392,121.2,8099.9443359375
393,121.4,1.04465961456299
394,121.6,0.0651828274130821
395,121.8,0.32649227976799
396,122.0,31.2073993682861
397,122.2,10665.041015625
398,122.3,24.3874835968018
399,122.6,0.343691289424896
400,122.8,0.662234425544739
401,123.0,29.824686050415
402,123.1,2891.11206054688
403,123.2,8428.7783203125
404,123.4,1.70053470134735
405,123.6,0.165919929742813
406,123.8,0.833935558795929
407,124.0,27.3717308044434
408,124.2,12366.748046875
409,124.3,32.1501655578613
410,124.6,0.699812114238739
411,124.7,0.268824964761734
412,124.9,4.40786218643188
413,125.1,5095.04345703125
414,125.2,7409.46240234375
415,125.4,1.96300041675568
416,125.5,0.544009268283844
417,125.7,1.50513076782227
418,126.0,54.6071701049805
419,126.1,23116.330078125
420,126.2,3880.716796875
421,126.4,2.35742163658142
422,126.7,1.30018794536591
423,126.8,2.25422739982605
424,127.0,54.2494583129883
425,127.2,8092.1982421875
426,127.3,40.6158409118652
427,127.6,0.644601821899414
428,127.8,1.19843912124634
429,128.0,54.1047821044922
430,128.1,12745.544921875
431,128.3,41.4476089477539
432,128.5,0.428096532821655
433,128.7,0.355831772089005
434,128.8,0.537360906600952
435,129.0,37.2364501953125
436,129.2,11132.544921875
437,129.3,19.5509471893311
438,129.5,0.29585200548172
439,129.6,0.473623365163803
440,129.9,5.49544715881348
441,130.1,2305.9609375
442,130.2,5140.3642578125
443,130.4,1.84159564971924
444,130.6,0.135713249444962
445,130.8,0.764561355113983
446,131.0,43.0231246948242
447,131.2,7723.46630859375
448,131.3,16.9280242919922
449,131.6,0.369706600904465
450,131.8,1.06821799278259
451,131.9,6.16765451431274
452,132.1,3010.78491210938
453,132.2,3734.30200195313
454,132.4,2.17227911949158
455,132.5,0.322589963674545
456,132.7,0.0618586502969265
457,132.9,3.97817611694336
458,133.1,5254.0947265625
459,133.2,4870.6015625
460,133.4,0.0832490250468254
461,133.5,0.187310308218002
462,133.8,1.38502669334412
463,134.0,70.3451385498047
464,134.2,7412.2421875
465,134.3,19.5995082855225
466,134.5,0.432432442903519
467,134.7,0.216649800539017
468,134.9,5.33675384521484
469,135.1,3504.32568359375
470,135.2,6837.45458984375
471,135.4,0.700968325138092
472,135.6,0.251481413841248
473,135.8,1.00419139862061
474,136.0,32.8891448974609
475,136.2,8468.4658203125
476,136.3,21.8658771514893
477,136.5,0.181529119610786
478,136.6,0.399479687213898
479,136.9,5.95490694046021
480,137.1,3527.69360351563
481,137.2,7304.83984375
482,137.4,0.505275309085846
483,137.7,0.254950135946274
484,137.9,5.04090166091919
485,138.1,1746.21215820313
486,138.2,9192.466796875
487,138.4,1.60427808761597
488,138.7,0.864864885807037
489,138.9,6.4098858833313
490,139.1,2701.59643554688
491,139.2,4817.8203125
492,139.4,0.714843213558197
493,139.7,0.466396868228912
494,139.9,6.37910079956055
495,140.0,42.3811225891113
496,140.2,5417.81982421875
497,140.3,199.369125366211
498,140.4,2.69692158699036
499,140.6,0.410608470439911
500,140.8,2.20248579978943
501,141.0,50.5706024169922
502,141.2,3822.33447265625
503,141.3,657.593994140625
504,141.4,3.81370139122009
505,141.6,0.409596771001816
506,141.8,2.81615829467773
507,142.0,82.6301498413086
508,142.1,6316.9375
509,142.3,83.7441864013672
510,142.5,0.418557584285736
511,142.7,0.210001438856125
512,142.9,7.26333284378052
513,143.1,1743.76696777344
514,143.2,2879.74267578125
515,143.4,2.17126750946045
516,143.6,0.232981652021408
517,143.8,1.08570599555969
518,144.0,51.9001312255859
519,144.1,12483.5107421875
520,144.3,28.866455078125
521,144.5,0.299754291772842
522,144.6,0.842751860618591
523,144.9,6.33068370819092
524,145.1,2927.93823242188
525,145.2,3499.56005859375
526,145.4,2.12978744506836
527,145.7,0.509322166442871
528,145.9,5.65905475616455
529,146.1,2202.21166992188
530,146.2,3704.48803710938
531,146.4,2.60268831253052
532,146.6,0.211735799908638
533,146.8,0.985257983207703
534,147.0,44.1828308105469
535,147.2,8789.2841796875
536,147.3,10.2435321807861
537,147.5,0.0241364352405071
538,147.7,0.571036279201508
539,147.9,6.23934078216553
540,148.1,2436.72534179688
541,148.2,4243.50439453125
542,148.4,1.7524209022522
543,148.6,0.116779878735542
544,148.8,0.873536646366119
545,149.0,54.0041923522949
546,149.2,8004.7890625
547,149.3,14.7097845077515
548,149.5,0.454834520816803
549,149.8,1.06532740592957
550,150.0,42.2256088256836
551,150.1,1947.07946777344
552,150.2,5204.7236328125
553,150.4,1.30452382564545
554,150.6,0.864575803279877
555,150.8,1.27966463565826
556,151.0,48.3263473510742
557,151.1,2716.240234375
558,151.2,7034.43798828125
559,151.4,0.945801436901093
560,151.6,0.41537794470787
561,151.7,0.439369857311249
562,151.9,4.99985551834106
563,152.1,2181.84741210938
564,152.2,6611.740234375
565,152.3,34.9223861694336
566,152.5,0.60153204202652
567,152.8,1.00375771522522
568,153.0,67.6362228393555
569,153.2,5681.70751953125
570,153.3,74.4568557739258
571,153.5,0.181384593248367
572,153.7,0.536782801151276
573,153.9,6.80069351196289
574,154.1,1761.94885253906
575,154.2,7841.296875
576,154.4,2.16635346412659
577,154.6,0.827142655849457
578,154.9,11.8520021438599
579,155.1,1396.77844238281
580,155.2,3190.11254882813
581,155.4,1.30929327011108
582,155.6,0.681312322616577
583,155.9,10.4977598190308
584,156.0,52.9679145812988
585,156.2,2741.53491210938
586,156.3,99.2193984985352
587,156.5,0.820205211639404
588,156.8,1.88076317310333
589,157.0,48.2449760437012
590,157.1,1069.80859375
591,157.2,3676.68090820313
592,157.4,1.7985258102417
593,157.7,0.610926449298859
594,157.9,7.85908365249634
595,158.1,1056.54028320313
596,158.2,2212.08349609375
597,158.3,34.2409324645996
598,158.5,0.463072687387466
599,158.7,0.981500208377838
600,158.9,9.23616123199463
601,159.1,1446.47497558594
602,159.2,2780.96899414063
603,159.3,23.27952003479
604,159.5,0.448330670595169
605,159.7,0.484896659851074
606,159.8,1.62827003002167
607,160.0,43.1923675537109
608,160.2,4677.455078125
609,160.3,27.377799987793
610,160.5,0.798814833164215
611,160.8,1.95794188976288
612,161.0,72.8489685058594
613,161.2,6211.5380859375
614,161.3,15.797080039978
615,161.4,2.45078778266907
616,161.6,0.303945660591125
617,161.8,1.8957941532135
618,162.0,56.2378959655762
619,162.2,5480.263671875
620,162.3,28.910680770874
621,162.5,0.683913886547089
622,162.7,1.19338059425354
623,162.8,2.36826133728027
624,163.0,112.283569335938
625,163.1,1850.35473632813
626,163.2,3956.84399414063
627,163.4,1.81023263931274
628,163.5,1.0244255065918
629,163.7,0.727561771869659
630,163.9,10.2928171157837
631,164.0,45.1046409606934
632,164.2,5223.43115234375
633,164.3,35.7042922973633
634,164.5,1.29469573497772
635,164.7,0.343835800886154
636,164.9,10.6920070648193
637,165.1,1293.810546875
638,165.2,4626.0576171875
639,165.4,1.89825117588043
640,165.6,0.252348601818085
641,165.8,2.17502522468567
642,166.0,47.5363502502441
643,166.2,6201.50732421875
644,166.3,37.9176177978516
645,166.5,1.06937420368195
646,166.8,2.31767606735229
647,167.0,54.7608032226563
648,167.2,4845.7353515625
649,167.3,55.8850975036621
650,167.5,0.530134439468384
651,167.7,0.754444301128387
652,167.9,8.68058967590332
653,168.1,1075.34460449219
654,168.2,2699.63354492188
655,168.3,486.077453613281
656,168.5,1.21188032627106
657,168.8,2.37823390960693
658,169.0,50.3724517822266
659,169.2,2501.66040039063
660,169.3,808.595458984375
661,169.5,1.04364788532257
662,169.8,2.33025002479553
663,170.0,57.1928024291992
664,170.2,2378.44604492188
665,170.3,119.982223510742
666,170.4,3.71527671813965
667,170.7,0.736811697483063
668,170.8,1.21260297298431
669,171.0,39.0131530761719
670,171.2,4650.58251953125
671,171.3,50.9758644104004
672,171.5,0.680878758430481
673,171.7,1.01445293426514
674,171.9,7.99378538131714
675,172.1,1053.36157226563
676,172.2,2284.57006835938
677,172.4,3.80488514900208
678,172.7,1.06446015834808
679,172.9,8.72712802886963
680,173.1,1195.90576171875
681,173.2,2477.71704101563
682,173.4,2.68058967590332
683,173.6,0.306691706180573
684,173.8,2.03165197372437
685,174.0,38.7567558288574
686,174.2,3973.10473632813
687,174.3,30.8267097473145
688,174.5,0.759358286857605
689,174.8,2.4305534362793
690,175.0,38.6571769714355
691,175.2,5235.48876953125
692,175.3,25.3906631469727
693,175.5,1.1355687379837
694,175.8,2.19757199287415
695,176.0,60.9791870117188
696,176.1,1981.61840820313
697,176.2,3057.59033203125
698,176.4,2.21332573890686
699,176.6,0.454979032278061
700,176.8,2.58823537826538
701,177.0,136.942916870117
702,177.1,1677.07019042969
703,177.2,3298.01733398438
704,177.4,1.40728425979614
705,177.6,0.597485184669495
706,177.8,2.58823537826538
707,178.0,76.9212341308594
708,178.2,4306.185546875
709,178.3,28.1247291564941
710,178.4,2.46379542350769
711,178.7,1.26029777526855
712,178.9,13.2598638534546
713,179.1,1078.88635253906
714,179.2,3153.17700195313
715,179.4,1.87021243572235
716,179.7,0.794189929962158
717,179.9,9.59777450561523
718,180.1,886.942321777344
719,180.2,3041.74731445313
720,180.3,42.9264335632324
721,180.5,0.735944509506226
722,180.7,1.27316081523895
723,180.9,11.5065765380859
724,181.1,746.1533203125
725,181.2,2040.7255859375
726,181.4,2.53071260452271
727,181.7,0.752854466438293
728,181.9,7.96531295776367
729,182.0,41.1823959350586
730,182.2,3040.92724609375
731,182.3,416.314208984375
732,182.5,0.493857502937317
733,182.7,1.02630436420441
734,182.9,9.38256931304932
735,183.1,664.958251953125
736,183.2,2228.35766601563
737,183.4,3.99985551834106
738,183.6,0.676253795623779
739,183.9,8.24945831298828
740,184.1,668.55224609375
741,184.2,1524.58154296875
742,184.3,122.820785522461
743,184.5,1.14684200286865
744,184.8,1.71917903423309
745,185.0,38.8832206726074
746,185.2,4914.83642578125
747,185.3,68.0004348754883
748,185.5,0.916895508766174
749,185.8,2.25971961021423
750,186.0,45.1143226623535
751,186.2,3345.85815429688
752,186.3,39.4201469421387
753,186.4,3.98525810241699
754,186.7,1.05145251750946
755,186.9,9.52478694915771
756,187.1,1014.791015625
757,187.2,2055.64526367188
758,187.3,34.5775413513184
759,187.5,0.779881477355957
760,187.8,2.43272137641907
761,188.0,42.0534744262695
762,188.2,3067.32348632813
763,188.3,40.1828308105469
764,188.5,0.966469168663025
765,188.7,1.05419862270355
766,188.9,8.68955039978027
767,189.1,1000.64184570313
768,189.2,2528.548828125
769,189.4,2.77193236351013
770,189.7,0.794334411621094
771,189.9,7.76759624481201
772,190.1,1115.93530273438
773,190.2,2471.57690429688
774,190.4,2.57132530212402
775,190.5,0.960254371166229
776,190.8,1.6339066028595
777,191.0,199.818756103516
778,191.1,2332.333984375
779,191.2,2255.33374023438
780,191.4,0.868189036846161
781,191.6,0.0715421289205551
782,191.8,2.75617861747742
783,192.0,95.2039337158203
784,192.2,3624.3486328125
785,192.3,26.4610500335693
786,192.5,0.639398753643036
787,192.7,0.286313056945801
788,192.9,14.2552394866943
789,193.1,2750.74340820313
790,193.2,2022.60559082031
791,193.4,0.360745757818222
792,193.6,0.0453822799026966
793,193.8,3.07081937789917
794,194.0,69.0344009399414
795,194.1,761.099609375
796,194.2,3524.40991210938
797,194.4,1.76745200157166
798,194.7,1.08194828033447
799,194.9,15.0312185287476
800,195.1,920.473022460938
801,195.2,1830.31201171875
802,195.4,1.05448758602142
803,195.5,0.702991783618927
804,195.8,2.80445146560669
805,196.0,45.0242805480957
806,196.2,2102.09838867188
807,196.3,486.883941650391
808,196.5,0.78898686170578
809,196.7,1.01488649845123
810,196.9,12.2445440292358
811,197.1,633.786376953125
812,197.2,2075.03369140625
813,197.4,2.07660055160522
814,197.5,0.891024708747864
815,197.7,0.670183539390564
816,197.9,9.42824077606201
817,198.1,619.305847167969
818,198.2,1304.5751953125
819,198.3,123.718315124512
820,198.6,1.53215777873993
821,198.8,2.59242653846741
822,199.0,39.6524047851563
823,199.1,530.85400390625
824,199.2,2765.82153320313
825,199.4,3.72308135032654
826,199.7,1.16230666637421
827,199.8,1.91805171966553
828,200.0,42.1095542907715
829,200.2,2475.28955078125
830,200.3,69.7512664794922
831,200.5,1.44341671466827
832,200.8,2.43936991691589
833,201.0,49.2709922790527
834,201.2,2204.40991210938
835,201.3,41.8050308227539
836,201.5,1.48460757732391
837,201.8,2.31276202201843
838,202.0,37.2092781066895
839,202.2,2185.4892578125
840,202.3,52.6323165893555
841,202.4,4.31550788879395
842,202.7,1.71571040153503
843,202.9,11.2899265289307
844,203.1,795.516540527344
845,203.2,1657.36999511719
846,203.3,32.8933372497559
847,203.6,1.05824542045593
848,203.7,0.473045229911804
849,203.9,8.53490352630615
850,204.1,599.638793945313
851,204.2,1771.66137695313
852,204.4,3.90099716186523
853,204.5,1.25336027145386
854,204.7,0.710940897464752
855,204.9,11.118803024292
856,205.1,656.236328125
857,205.2,1588.51635742188
858,205.4,3.30004334449768
859,205.7,0.904321432113647
860,205.9,8.17892742156982
861,206.1,526.816467285156
862,206.2,1605.91333007813
863,206.4,1.19236886501312
864,206.6,0.0618586502969265
865,207.0,79.1797943115234
866,207.1,16676.0234375
867,207.3,0.884087324142456
868,207.6,0.0215349029749632
869,207.8,0.762537956237793
870,208.0,63.902587890625
871,208.1,5115.32568359375
872,208.3,22.4958801269531
873,208.6,0.329382866621017
874,208.8,1.32909381389618
875,209.0,89.0666275024414
876,209.1,3605.44287109375
877,209.3,38.6817474365234
878,209.5,0.379823684692383
879,209.8,1.78913140296936
880,210.0,70.6369400024414
881,210.2,1815.91247558594
882,210.3,349.457580566406
883,210.4,2.63347315788269
884,210.7,0.582165062427521
885,210.9,15.1849975585938
886,211.1,1101.13537597656
887,211.2,1485.62182617188
888,211.3,527.473754882813
889,211.6,0.216505274176598
890,211.8,2.77699089050293
891,212.0,60.5422744750977
892,212.2,1618.9970703125
893,212.3,128.010269165039
894,212.5,1.01922237873077
895,212.7,0.606446027755737
896,212.9,10.9725389480591
897,213.1,526.266540527344
898,213.2,4705.41845703125
899,213.4,3.40757346153259
900,213.7,1.04494869709015
901,213.9,8.69200706481934
902,214.0,35.3762092590332
903,214.2,1846.81884765625
904,214.3,319.748657226563
905,214.4,3.60760235786438
906,214.6,0.465963304042816
907,214.8,2.88798952102661
908,215.0,61.619743347168
909,215.1,658.270141601563
910,215.2,1322.15771484375
911,215.4,2.54617714881897
912,215.7,1.13701403141022
913,215.8,1.86226332187653
914,216.0,48.7096405029297
915,216.2,1516.75573730469
916,216.3,56.759937286377
917,216.5,1.36724960803986
918,216.7,0.999710917472839
919,216.9,11.8239631652832
920,217.0,39.7190361022949
921,217.2,1487.70983886719
922,217.3,55.0861396789551
923,217.4,3.32663679122925
924,217.7,1.33111727237701
925,217.9,9.68752670288086
926,218.1,367.612518310547
927,218.2,1100.62658691406
928,218.3,58.5461769104004
929,218.5,1.08006942272186
930,218.7,1.55687236785889
931,218.9,12.0157537460327
932,219.0,42.9930610656738
933,219.2,1415.43664550781
934,219.3,54.1094093322754
935,219.5,1.15797078609467
936,219.7,1.65399622917175
937,219.9,11.1469869613647
938,220.1,413.984680175781
939,220.2,1183.40771484375
940,220.4,5.07544422149658
941,220.6,1.30278944969177
942,220.9,8.16519737243652
943,221.1,699.694580078125
944,221.2,1273.49243164063
945,221.4,4.17878293991089
946,221.7,1.27518427371979
947,221.9,8.08657360076904
948,222.1,398.578552246094
949,222.2,958.506713867188
950,222.3,109.199447631836
951,222.5,1.27475070953369
952,222.7,1.40641713142395
953,222.9,14.5006504058838
954,223.1,530.170227050781
955,223.2,857.009094238281
956,223.4,3.24772357940674
957,223.7,1.12371730804443
958,223.9,11.1133108139038
959,224.1,321.490966796875
960,224.2,1119.94580078125
961,224.4,6.14062738418579
962,224.7,1.45685791969299
963,224.9,10.3856048583984
964,225.1,599.88671875
965,225.2,1554.10827636719
966,225.4,1.92628991603851
967,225.5,1.13672494888306
968,225.8,2.73782348632813
969,226.0,51.7879753112793
970,226.2,1223.13610839844
971,226.3,131.485336303711
972,226.5,0.879173278808594
973,226.7,1.64835953712463
974,226.8,2.28472328186035
975,227.0,50.665412902832
976,227.1,283.524505615234
977,227.2,1977.04345703125
978,227.4,5.27214908599854
979,227.6,0.439514368772507
980,227.8,2.66483592987061
981,228.0,42.5630874633789
982,228.1,297.025726318359
983,228.2,1250.85607910156
984,228.4,5.21838426589966
985,228.7,1.81413495540619
986,228.9,15.317964553833
987,229.1,361.996673583984
988,229.2,924.011108398438
989,229.4,4.73478841781616
990,229.6,0.624512195587158
991,229.8,2.46755313873291
992,230.0,50.1047821044922
993,230.1,317.198425292969
994,230.2,845.041198730469
995,230.4,5.53490400314331
996,230.7,1.80835378170013
997,230.9,10.9580860137939
998,231.0,36.1910667419434
999,231.2,1006.84204101563
1000,231.3,80.3192672729492
1001,231.6,1.37996816635132
1002,231.8,3.22604417800903
1003,232.0,35.1235733032227
1004,232.1,262.716278076172
1005,232.2,793.275024414063
1006,232.4,6.49515819549561
1007,232.6,1.17733776569366
1008,232.8,4.75155353546143
1009,233.0,49.3910980224609
1010,233.1,318.316650390625
1011,233.2,740.912292480469
1012,233.4,4.61584043502808
1013,233.7,1.6431565284729
1014,233.8,2.27084827423096
1015,234.0,41.4762229919434
1016,234.2,962.357116699219
1017,234.3,64.4765167236328
1018,234.5,1.34080064296722
1019,234.7,2.08845210075378
1020,234.9,15.0810813903809
1021,235.1,349.979034423828
1022,235.2,553.992797851563
1023,235.3,64.764274597168
1024,235.5,1.33588671684265
1025,235.8,4.08050298690796
1026,236.0,47.4146537780762
1027,236.2,895.098876953125
1028,236.3,158.534332275391
1029,236.5,1.83292388916016
1030,236.7,2.86703276634216
1031,236.9,16.4506435394287
1032,237.1,315.083251953125
1033,237.2,610.244995117188
1034,237.4,6.24454402923584
1035,237.7,2.22127485275269
1036,237.9,12.0024566650391
1037,238.1,250.877731323242
1038,238.2,799.0966796875
1039,238.4,35.6318817138672
1040,238.7,2.05000734329224
1041,238.9,11.6128053665161
1042,239.1,197.207977294922
1043,239.3,1365.49267578125
1044,239.4,92.120246887207
1045,239.7,1.79260003566742
1046,239.9,10.1248731613159
1047,240.1,251.849258422852
1048,240.2,600.07861328125
1049,240.3,177.738983154297
1050,240.6,1.67567563056946
1051,240.8,3.74562788009644
1052,241.0,40.6726417541504
1053,241.2,965.673217773438
1054,241.3,586.591552734375
1055,241.5,0.803439795970917
1056,241.7,1.8400057554245
1057,241.9,10.395866394043
1058,242.0,29.934383392334
1059,242.2,854.648803710938
1060,242.3,193.545745849609
1061,242.4,7.90388774871826
1062,242.7,1.54184126853943
1063,242.9,11.1507444381714
1064,243.1,279.588104248047
1065,243.2,598.4892578125
1066,243.4,4.25350475311279
1067,243.5,1.60398900508881
1068,243.8,3.29787540435791
1069,244.0,41.1498756408691
1070,244.2,682.530883789063
1071,244.3,86.9070663452148
1072,244.5,1.18528687953949
1073,244.7,1.67928886413574
1074,244.9,9.6713399887085
1075,245.1,226.15739440918
1076,245.2,414.730163574219
1077,245.3,88.2037887573242
1078,245.5,1.3909524679184
1079,245.7,2.32389068603516
1080,245.9,11.5083103179932
1081,246.1,267.511627197266
1082,246.2,525.656311035156
1083,246.4,7.24150896072388
1084,246.7,2.00664830207825
1085,246.9,11.8946380615234
1086,247.1,248.508895874023
1087,247.2,488.27880859375
1088,247.4,7.36117935180664
1089,247.6,0.694030940532684
1090,247.8,4.22127485275269
1091,248.0,44.7212028503418
1092,248.2,578.603393554688
1093,248.3,95.4987716674805
1094,248.5,1.61208271980286
1095,248.7,2.10752987861633
1096,248.9,24.1511783599854
1097,249.0,179.316802978516
1098,249.1,811.331420898438
1099,249.3,41.1456871032715
1100,249.4,2.96733641624451
1101,249.6,0.942621767520905
1102,249.8,5.62003183364868
1103,250.0,93.1409149169922
1104,250.1,262.931640625
1105,250.2,417.711517333984
1106,250.4,5.62480115890503
1107,250.7,3.33848810195923
1108,250.9,33.2850112915039
1109,251.1,640.594909667969
1110,251.2,358.342376708984
1111,251.4,3.41393256187439
1112,251.7,2.31897664070129
1113,251.8,4.84246301651001
1114,252.0,78.6680145263672
1115,252.1,234.632751464844
1116,252.2,509.048126220703
1117,252.4,107.323020935059
1118,252.6,0.888712227344513
1119,252.8,6.85865020751953
1120,253.0,119.484176635742
1121,253.2,805.904479980469
1122,253.4,445.741424560547
1123,253.5,0.58389937877655
1124,253.7,1.44023704528809
1125,253.9,15.5571613311768
1126,254.1,271.232269287109
1127,254.2,493.788696289063
1128,254.4,48.2111587524414
1129,254.7,2.81558036804199
1130,254.9,17.9901714324951
1131,255.1,291.259857177734
1132,255.2,549.977600097656
1133,255.4,4.56915760040283
1134,255.5,1.42058098316193
1135,255.7,0.711085438728333
1136,255.9,4.7178783416748
1137,256.1,91.8723831176758
1138,256.3,4318.53369140625
1139,256.4,38.1102752685547
1140,256.7,3.08859658241272
1141,256.9,8.23630619049072
1142,257.1,148.417404174805
1143,257.2,427.311737060547
1144,257.3,726.506713867188
1145,257.5,2.7741003036499
1146,257.8,3.77858066558838
1147,257.9,8.76788520812988
1148,258.1,194.561645507813
1149,258.2,462.084564208984
1150,258.4,8.02832794189453
1151,258.5,2.62537932395935
1152,258.8,3.61309432983398
1153,259.0,40.7115173339844
1154,259.2,416.298889160156
1155,259.3,94.2866058349609
1156,259.4,10.4486198425293
1157,259.7,1.60254371166229
1158,259.9,10.5823097229004
1159,260.0,34.3942756652832
1160,260.2,392.158111572266
1161,260.3,87.7769927978516
1162,260.5,2.8608181476593
1163,260.7,1.12892031669617
1164,260.9,11.2712821960449
1165,261.1,162.327072143555
1166,261.2,310.348175048828
1167,261.4,8.07819080352783
1168,261.5,2.76008105278015
1169,261.7,0.909235417842865
1170,261.9,9.71397590637207
1171,262.1,151.890594482422
1172,262.2,340.546905517578
1173,262.4,12.0445146560669
1174,262.7,2.64662528038025
1175,262.9,14.8517122268677
1176,263.0,38.2633323669434
1177,263.2,370.122985839844
1178,263.3,79.423469543457
1179,263.5,2.77207684516907
1180,263.7,1.00260150432587
1181,263.9,7.99161720275879
1182,264.0,32.5849113464355
1183,264.2,353.468994140625
1184,264.3,143.545303344727
1185,264.4,14.6152620315552
1186,264.7,3.27055931091309
1187,264.9,20.7674522399902
1188,265.1,646.578002929688
1189,265.2,293.143218994141
1190,265.3,49.1624526977539
1191,265.5,1.41046392917633
1192,265.8,4.38748359680176
1193,266.0,72.406852722168
1194,266.2,437.2412109375
1195,266.3,263.242370605469
1196,266.5,1.56901288032532
1197,266.7,1.7648503780365
1198,266.8,4.96675825119019
1199,267.0,380.096405029297
1200,267.1,1199.12316894531
1201,267.2,385.520751953125
1202,267.4,316.589538574219
1203,267.6,0.210579559206963
1204,267.8,7.13542413711548
1205,268.0,149.29801940918
1206,268.1,632.71728515625
1207,268.3,69.7700500488281
1208,268.4,51.4317092895508
1209,268.7,2.12516260147095
1210,268.9,33.6347732543945
1211,269.0,127.173721313477
1212,269.1,763.983093261719
1213,269.3,45.341667175293
1214,269.6,1.60557889938354
1215,269.8,5.92816877365112
1216,269.9,12.4763698577881
1217,270.1,236.988143920898
1218,270.2,360.533020019531
1219,270.4,7.87079048156738
1220,270.7,3.92571187019348
1221,270.8,7.27764129638672
1222,271.0,126.16577911377
1223,271.2,531.479125976563
1224,271.3,42.3501968383789
1225,271.5,1.66974997520447
1226,271.8,5.71339797973633
1227,272.0,58.3770790100098
1228,272.2,335.454986572266
1229,272.3,64.9897384643555
1230,272.6,3.34961700439453
1231,272.8,6.33632040023804
1232,273.0,53.8361053466797
1233,273.2,310.081939697266
1234,273.3,63.5275344848633
1235,273.5,2.8035843372345
1236,273.8,4.15479135513306
1237,274.0,43.4558448791504
1238,274.2,270.983825683594
1239,274.3,69.0810775756836
1240,274.4,12.482439994812
1241,274.7,3.10608458518982
1242,274.9,11.946234703064
1243,275.1,126.087585449219
1244,275.2,210.633041381836
1245,275.4,12.1627407073975
1246,275.7,2.24729013442993
1247,275.8,2.28515672683716
1248,276.0,37.2264785766602
1249,276.2,264.028198242188
1250,276.3,101.704437255859
1251,276.5,3.2932505607605
1252,276.7,1.60326635837555
1253,276.9,12.1232833862305
1254,277.1,142.134124755859
1255,277.2,213.709350585938
1256,277.4,12.5463218688965
1257,277.7,2.00404691696167
1258,277.9,9.79043197631836
1259,278.1,120.068359375
1260,278.2,256.737670898438
1261,278.4,19.8875560760498
1262,278.7,3.18152904510498
1263,278.9,15.8949270248413
1264,279.1,176.018493652344
1265,279.2,256.530853271484
1266,279.4,10.4668302536011
1267,279.5,2.90244245529175
1268,279.8,3.54126310348511
1269,280.0,27.5178489685059
1270,280.1,68.6898422241211
1271,280.3,249.733200073242
1272,280.4,158.029632568359
1273,280.6,0.323457151651382
1274,280.8,1.60861396789551
1275,281.0,143.856918334961
1276,281.1,7377.83056640625
1277,281.4,346.188903808594
1278,281.6,0.190779015421867
1279,281.8,3.27793025970459
1280,282.0,127.954040527344
1281,282.1,2211.00439453125
1282,282.4,104.549209594727
1283,282.5,0.651828289031982
1284,282.7,1.61222720146179
1285,282.9,19.8673210144043
1286,283.0,110.065757751465
1287,283.1,1742.2568359375
1288,283.3,38.911693572998
1289,283.6,0.922532141208649
1290,283.8,3.46451807022095
1291,284.0,65.4038162231445
1292,284.2,575.782470703125
1293,284.3,1057.1357421875
1294,284.5,2.11287760734558
1295,284.7,2.60991477966309
1296,284.9,30.4934234619141
1297,285.1,540.109558105469
1298,285.2,526.907043457031
1299,285.4,20.9348163604736
1300,285.7,1.91068077087402
1301,285.8,4.69186305999756
1302,286.0,73.5713272094727
1303,286.1,140.983520507813
1304,286.2,244.406265258789
1305,286.4,10.6195983886719
1306,286.7,2.85966181755066
1307,286.9,24.5201625823975
1308,287.1,302.203918457031
1309,287.2,200.568145751953
1310,287.3,49.4853286743164
1311,287.5,1.62032079696655
1312,287.8,4.16909980773926
1313,288.0,50.0302047729492
1314,288.1,97.3379135131836
1315,288.2,176.200607299805
1316,288.4,9.28530120849609
1317,288.6,4.97846508026123
1318,288.7,2.07313203811646
1319,288.9,30.5120677947998
1320,289.1,229.280532836914
1321,289.2,189.323455810547
1322,289.4,6.74577236175537
1323,289.7,2.62277793884277
1324,289.9,14.6593437194824
1325,290.1,119.786529541016
1326,290.2,156.227340698242
1327,290.4,12.9986991882324
1328,290.7,3.76268243789673
1329,290.8,4.6256685256958
1330,291.0,46.7389793395996
1331,291.1,75.3428268432617
1332,291.2,145.18962097168
1333,291.4,14.0505857467651
1334,291.7,2.66555857658386
1335,291.9,11.2722940444946
1336,292.1,94.8050308227539
1337,292.2,89.5729141235352
1338,292.3,67.8706436157227
1339,292.5,3.11822509765625
1340,292.7,3.65544152259827
1341,292.9,14.0215349197388
1342,293.1,116.251625061035
1343,293.2,150.020233154297
1344,293.4,11.5966176986694
1345,293.6,1.19916176795959
1346,293.8,4.35814428329468
1347,294.0,35.6227760314941
1348,294.2,156.218963623047
1349,294.4,221.594299316406
1350,294.5,6.6888279914856
1351,294.7,1.89232552051544
1352,294.9,15.9327936172485
1353,295.1,178.209564208984
1354,295.2,153.76643371582
1355,295.4,404.468414306641
1356,295.5,4.89261436462402
1357,295.8,4.62552404403687
1358,296.0,41.8459320068359
1359,296.2,183.521469116211
1360,296.4,148.798965454102
1361,296.5,2.96415662765503
1362,296.7,4.62537956237793
1363,296.8,4.98626947402954
1364,297.0,55.2457008361816
1365,297.2,204.312759399414
1366,297.3,70.0618591308594
1367,297.5,3.16982221603394
1368,297.8,5.0530424118042
1369,298.0,39.6560211181641
1370,298.2,154.55094909668
1371,298.3,60.5616416931152
1372,298.5,4.84202909469604
1373,298.7,1.9391530752182
1374,298.9,17.2578411102295
1375,299.1,199.256546020508
1376,299.2,216.078048706055
1377,299.4,10.782772064209
1378,299.6,0.770920634269714
1379,299.8,5.48171710968018
1380,300.0,45.7910118103027
1381,300.2,175.612808227539
1382,300.3,56.1932373046875
1383,300.5,3.57248163223267
1384,300.8,6.66743755340576
1385,301.0,46.0092506408691
1386,301.2,165.692153930664
1387,301.3,50.1987266540527
1388,301.4,13.5364933013916
1389,301.6,1.16216218471527
1390,301.8,4.90865755081177
1391,302.0,34.1481437683105
1392,302.2,126.441390991211
1393,302.3,62.4179801940918
1394,302.5,3.39196419715881
1395,302.7,3.1235728263855
1396,302.8,3.06561636924744
1397,303.0,35.8994064331055
1398,303.2,124.586067199707
1399,303.3,42.8534469604492
1400,303.4,15.6466255187988
1401,303.7,3.11475658416748
1402,303.8,3.91891884803772
1403,304.0,35.1575355529785
1404,304.2,126.876136779785
1405,304.3,54.1049270629883
1406,304.5,2.98323464393616
1407,304.7,3.62133264541626
1408,304.9,12.0342531204224
1409,305.1,73.9702301025391
1410,305.2,106.90128326416
1411,305.4,17.8446311950684
1412,305.7,3.56901288032532
1413,305.8,3.17502522468567
1414,306.0,30.8824977874756
1415,306.2,111.746925354004
1416,306.3,54.0153198242188
1417,306.5,6.18470859527588
1418,306.8,5.36623811721802
1419,307.0,34.7295837402344
1420,307.1,57.8787384033203
1421,307.2,105.697937011719
1422,307.4,14.7212028503418
1423,307.7,3.17054486274719
1424,307.9,10.6256685256958
1425,308.1,63.2782211303711
1426,308.2,60.2225761413574
1427,308.4,194.794616699219
1428,308.5,11.2089900970459
1429,308.7,2.79635787010193
1430,308.9,18.9923400878906
1431,309.1,96.538948059082
1432,309.2,120.325912475586
1433,309.4,336.056518554688
1434,309.7,3.51553702354431
1435,309.9,12.0975570678711
1436,310.0,24.9929180145264
1437,310.2,105.568000793457
1438,310.3,45.8450660705566
1439,310.4,109.158981323242
1440,310.6,2.78277206420898
1441,310.8,9.29888725280762
1442,310.9,14.5406847000122
1443,311.1,116.324905395508
1444,311.2,126.778144836426
1445,311.4,19.2049427032471
1446,311.5,5.2439661026001
1447,311.8,5.33805465698242
1448,312.0,33.8209266662598
1449,312.1,53.0578117370605
1450,312.2,107.828735351563
1451,312.4,18.6084690093994
1452,312.7,4.22503232955933
1453,312.8,3.45252203941345
1454,313.0,30.4107532501221
1455,313.2,255.411041259766
1456,313.3,168.793472290039
1457,313.5,6.67278528213501
1458,313.8,5.27793025970459
1459,314.0,30.1351356506348
1460,314.2,132.255233764648
1461,314.3,57.9836692810059
1462,314.4,25.7589244842529
1463,314.6,2.14019370079041
1464,314.8,6.35135126113892
1465,315.0,33.4451522827148
1466,315.2,121.416244506836
1467,315.3,42.6956214904785
1468,315.4,18.9719619750977
1469,315.7,2.96386766433716
1470,315.8,3.4254949092865
1471,316.0,27.3809795379639
1472,316.2,93.2456970214844
1473,316.3,48.6951866149902
1474,316.5,5.90937995910645
1475,316.8,4.77944803237915
1476,317.0,29.1708335876465
1477,317.1,44.4098854064941
1478,317.2,90.6323165893555
1479,317.4,18.0933666229248
1480,317.7,3.81760358810425
1481,317.8,3.19858360290527
1482,318.0,27.7243824005127
1483,318.2,82.8696365356445
1484,318.3,47.0828170776367
1485,318.5,6.40887403488159
1486,318.8,5.07298755645752
1487,319.0,28.0783348083496
1488,319.2,82.3965911865234
1489,319.3,45.6600646972656
1490,319.5,5.68203496932983
1491,319.8,4.96603536605835
1492,319.9,7.09885835647583
1493,320.1,51.4585914611816
1494,320.2,64.6938858032227
1495,320.3,49.2897834777832
1496,320.5,7.74721765518188
1497,320.8,6.2608757019043
1498,321.0,28.7375335693359
1499,321.2,91.2968673706055
1500,321.3,33.3097267150879
1501,321.4,15.7837839126587
1502,321.7,3.20537638664246
1503,321.8,2.85301351547241
1504,322.0,23.9692153930664
1505,322.2,77.7801742553711
1506,322.4,173.745910644531
1507,322.5,12.9507150650024
1508,322.6,6.40713977813721
1509,322.9,20.4308433532715
1510,323.1,91.9562072753906
1511,323.2,106.000869750977
1512,323.4,331.84765625
1513,323.7,4.72467136383057
1514,323.9,16.4974708557129
1515,324.1,74.7265472412109
1516,324.2,47.296142578125
1517,324.4,194.355255126953
1518,324.5,22.0462493896484
1519,324.7,6.54343128204346
1520,324.9,56.2649230957031
1521,325.1,306.349914550781
1522,325.2,101.14900970459
1523,325.4,22.6376647949219
1524,325.5,12.8661651611328
1525,325.8,12.4989156723022
1526,326.0,72.9040298461914
1527,326.1,124.571617126465
1528,326.3,33.1819610595703
1529,326.5,3.20797801017761
1530,326.7,5.72409296035767
1531,326.9,83.9050445556641
1532,327.1,621.153625488281
1533,327.2,98.5833206176758
1534,327.3,7.88582181930542
1535,327.5,0.742737412452698
1536,327.7,4.67741012573242
1537,327.9,48.8881340026855
1538,328.1,196.512359619141
1539,328.2,73.2887725830078
1540,328.3,28.0807914733887
1541,328.6,5.58100891113281
1542,328.8,17.9131374359131
1543,328.9,35.5958938598633
1544,329.1,187.098709106445
1545,329.2,92.6868057250977
1546,329.4,5.24006366729736
1547,329.6,3.81644749641418
1548,329.8,9.46726417541504
1549,329.9,15.3118944168091
1550,330.1,76.3074111938477
1551,330.2,73.1413497924805
1552,330.4,15.2725830078125
1553,330.7,6.70718288421631
1554,330.9,22.145975112915
1555,331.1,85.0695190429688
1556,331.2,50.972972869873
1557,331.3,34.8788833618164
1558,331.5,4.9040322303772
1559,331.8,7.01907777786255
1560,332.0,31.3568439483643
1561,332.2,72.7444686889648
1562,332.3,42.9955177307129
1563,332.5,6.31276178359985
1564,332.7,2.56482148170471
1565,332.9,12.8385601043701
1566,333.1,53.9465255737305
1567,333.2,64.7790145874023
1568,333.4,15.4477529525757
1569,333.6,4.1092643737793
1570,333.9,9.12357234954834
1571,334.1,41.8811950683594
1572,334.2,58.4530982971191
1573,334.4,18.8548927307129
1574,334.7,5.18124008178711
1575,334.9,11.9278793334961
1576,335.1,43.9932060241699
1577,335.2,32.1812400817871
1578,335.3,37.1565246582031
1579,335.5,5.64966058731079
1580,335.8,4.43864727020264
1581,336.0,20.4526672363281
1582,336.2,56.3909530639648
1583,336.4,110.691429138184
1584,336.5,18.1558036804199
1585,336.8,6.76788568496704
1586,337.0,28.5617866516113
1587,337.2,66.637809753418
1588,337.3,36.3725967407227
1589,337.4,227.1083984375
1590,337.6,5.63968801498413
1591,337.9,10.0562219619751
1592,338.1,40.4126319885254
1593,338.2,30.4918346405029
1594,338.4,80.4386444091797
1595,338.5,231.480560302734
1596,338.8,10.6034107208252
1597,339.0,53.954906463623
1598,339.2,129.087158203125
1599,339.3,29.5763835906982
1600,339.5,73.8837966918945
1601,339.7,4.3993353843689
1602,339.9,15.5424194335938
1603,340.1,59.3554000854492
1604,340.2,30.7658615112305
1605,340.3,22.7207679748535
1606,340.5,6.01633167266846
1607,340.8,9.02977275848389
1608,341.0,295.70458984375
1609,341.1,699.252075195313
1610,341.2,188.008239746094
1611,341.4,1.71209716796875
1612,341.7,2.78913140296936
1613,341.9,45.1224174499512
1614,342.0,115.528541564941
1615,342.1,294.827728271484
1616,342.3,23.1519012451172
1617,342.4,7.69894504547119
1618,342.7,4.55036878585815
1619,342.9,38.5051307678223
1620,343.1,317.078186035156
1621,343.2,155.951293945313
1622,343.4,4.45830345153809
1623,343.6,1.16404104232788
1624,343.8,8.80705261230469
1625,344.0,58.0468292236328
1626,344.2,119.869491577148
1627,344.3,37.8592300415039
1628,344.5,7.60615682601929
1629,344.8,15.5349035263062
1630,345.0,134.614532470703
1631,345.1,245.044082641602
1632,345.3,28.7405700683594
1633,345.6,3.01662087440491
1634,345.7,2.20364212989807
1635,345.9,23.9856910705566
1636,346.1,84.3565521240234
1637,346.2,74.9605407714844
1638,346.4,11.723370552063
1639,346.7,6.69345283508301
1640,346.8,7.36840581893921
1641,347.0,56.8241081237793
1642,347.2,103.765716552734
1643,347.3,34.9223861694336
1644,347.5,2.70096826553345
1645,347.7,3.81890439987183
1646,347.9,12.7372455596924
1647,348.1,43.7009696960449
1648,348.3,51.5044097900391
1649,348.4,16.7626819610596
1650,348.7,5.74851846694946
1651,348.9,14.6570310592651
1652,349.1,46.6677284240723
1653,349.2,50.9680595397949
1654,349.4,13.0625810623169
1655,349.7,4.0492844581604
1656,349.9,10.7045812606812
1657,350.1,35.0121421813965
1658,350.3,50.5266647338867
1659,350.4,37.9903182983398
1660,350.6,5.58057498931885
1661,350.9,11.2128915786743
1662,351.1,36.4679870605469
1663,351.2,25.3679714202881
1664,351.4,76.5097579956055
1665,351.5,22.705738067627
1666,351.8,4.80922079086304
1667,351.9,6.19482564926147
1668,352.1,31.1717014312744
1669,352.2,22.4867763519287
1670,352.4,47.2826995849609
1671,352.5,272.529418945313
1672,352.8,7.70949554443359
1673,353.0,25.6896953582764
1674,353.2,54.260440826416
1675,353.4,45.2162170410156
1676,353.5,68.6156921386719
1677,353.8,5.42058086395264
1678,354.0,19.5838985443115
1679,354.2,36.6119384765625
1680,354.3,14.3928318023682
1681,354.5,6.57912969589233
1682,354.7,2.89825129508972
1683,354.9,24.6602115631104
1684,355.1,1192.0087890625
1685,355.2,423.063873291016
1686,355.4,3.04841732978821
1687,355.7,2.03540968894958
1688,355.9,24.6331844329834
1689,356.1,396.421173095703
1690,356.2,195.742736816406
1691,356.3,30.0901870727539
1692,356.6,2.04061269760132
1693,356.8,6.79968214035034
1694,356.9,22.0699520111084
1695,357.1,327.942047119141
1696,357.2,146.541549682617
1697,357.3,32.7433166503906
1698,357.5,0.931926608085632
1699,357.7,2.12747502326965
1700,357.9,22.1662082672119
1701,358.1,97.5283966064453
1702,358.2,90.1725692749023
1703,358.4,11.9585199356079
1704,358.7,4.33357429504395
1705,358.8,7.98193359375
1706,359.0,115.148864746094
1707,359.1,244.017639160156
1708,359.3,34.4624938964844
1709,359.5,2.66122269630432
1710,359.7,2.32779312133789
1711,359.9,25.1315212249756
1712,360.1,84.4376373291016
1713,360.2,77.8668899536133
1714,360.4,13.3876285552979
1715,360.7,5.17372465133667
1716,360.9,26.5282554626465
1717,361.0,35.0871505737305
1718,361.2,96.9891586303711
1719,361.3,32.8820648193359
1720,361.5,4.72250318527222
1721,361.7,2.87064599990845
1722,361.9,13.8877000808716
1723,362.1,42.972827911377
1724,362.2,42.1186599731445
1725,362.4,8.54993534088135
1726,362.5,5.71831178665161
1727,362.8,14.2773523330688
1728,363.0,167.192794799805
1729,363.1,240.257263183594
1730,363.3,13.9447898864746
1731,363.4,3.61323881149292
1732,363.7,3.94117641448975
1733,363.9,28.43532371521
1734,364.1,81.911979675293
1735,364.2,42.199161529541
1736,364.3,32.1315231323242
1737,364.5,4.5482006072998
1738,364.7,7.44659614562988
1739,364.8,8.28573513031006
1740,365.0,43.2089881896973
1741,365.2,67.1432266235352
1742,365.3,31.2826995849609
1743,365.5,5.30654716491699
1744,365.7,5.22402095794678
1745,365.9,10.3305387496948
1746,366.1,28.0618591308594
1747,366.3,34.8248291015625
1748,366.5,145.049423217773
1749,366.6,2.9682035446167
1750,366.8,7.15276765823364
1751,366.9,7.78407287597656
1752,367.1,32.5808639526367
1753,367.2,43.3178215026855
1754,367.5,50.2169380187988
1755,367.7,3.68897247314453
1756,367.9,7.70458173751831
1757,368.1,23.7596473693848
1758,368.3,35.8861122131348
1759,368.4,18.1769046783447
1760,368.6,6.21563816070557
1761,368.8,4.87975120544434
1762,369.0,33.4977607727051
1763,369.2,72.7912979125977
1764,369.3,23.8485336303711
1765,369.4,13.1461191177368
1766,369.6,1.6385315656662
1767,369.8,4.94637966156006
1768,370.0,20.5758056640625
1769,370.2,41.9098129272461
1770,370.3,26.0599803924561
1771,370.5,6.22127485275269
1772,370.8,6.86125183105469
1773,371.0,31.8661651611328
1774,371.2,87.4928436279297
1775,371.3,55.9222412109375
1776,371.5,6.80343961715698
1777,371.7,2.23254799842834
1778,371.9,10.6412773132324
1779,372.1,33.2802429199219
1780,372.2,47.7563247680664
1781,372.4,16.4545459747314
1782,372.7,6.56380987167358
1783,372.8,5.00534772872925
1784,373.0,37.3572769165039
1785,373.2,66.7982330322266
1786,373.3,30.6110706329346
1787,373.5,3.17936110496521
1788,373.7,3.71498775482178
1789,373.9,11.9469575881958
1790,374.1,35.3653717041016
1791,374.2,37.2470016479492
1792,374.4,8.87729454040527
1793,374.5,6.9745626449585
1794,374.7,2.47217798233032
1795,374.9,11.2611646652222
1796,375.0,12.6200313568115
1797,375.2,41.9141502380371
1798,375.3,28.3900852203369
1799,375.5,6.96531295776367
1800,375.7,1.69807779788971
1801,375.9,6.80734205245972
1802,376.1,21.8632755279541
1803,376.3,30.9387187957764
1804,376.4,9.21245861053467
1805,376.5,8.0106954574585
1806,376.7,2.23905181884766
1807,376.9,9.66136741638184
1808,377.1,23.2587070465088
1809,377.2,15.350772857666
1810,377.3,21.1923694610596
1811,377.5,5.5301342010498
1812,377.8,4.65703153610229
1813,378.0,15.1978607177734
1814,378.2,28.0513076782227
1815,378.3,22.0716857910156
1816,378.5,6.11490106582642
1817,378.7,2.34123420715332
1818,378.9,7.81138896942139
1819,379.1,19.6427230834961
1820,379.3,24.7966461181641
1821,379.4,10.9760084152222
1822,379.7,4.10998678207397
1823,379.8,2.81312322616577
1824,380.0,12.6680154800415
1825,380.1,11.3948545455933
1826,380.3,24.145975112915
1827,380.4,16.8544578552246
1828,380.6,2.17213463783264
1829,380.8,5.4814281463623
1830,381.0,15.0497179031372
1831,381.2,27.1884670257568
1832,381.3,20.8920364379883
1833,381.5,7.42809677124023
1834,381.8,4.26896953582764
1835,382.0,11.854024887085
1836,382.2,24.0518856048584
1837,382.3,20.2949848175049
1838,382.6,8.18066215515137
1839,382.8,11.6022548675537
1840,383.0,31.2587070465088
1841,383.2,44.0634498596191
1842,383.3,24.4431266784668
1843,383.5,6.23139190673828
1844,383.8,5.83870506286621
1845,384.0,16.690128326416
1846,384.2,30.3273601531982
1847,384.3,11.7369565963745
1848,384.4,13.4856195449829
1849,384.7,10.7001008987427
1850,384.9,34.2313919067383
1851,385.1,79.2206954956055
1852,385.2,46.5098991394043
1853,385.4,6.39442110061646
1854,385.6,4.73565530776978
1855,385.7,3.14149451255798
1856,385.9,15.7613821029663
1857,386.1,39.3084259033203
1858,386.2,41.6652679443359
1859,386.4,19.7576236724854
1860,386.6,4.50744342803955
1861,386.8,17.1133117675781
1862,387.0,63.3091468811035
1863,387.2,110.129928588867
1864,387.3,45.6477813720703
1865,387.5,5.79014301300049
1866,387.8,8.94002056121826
1867,388.0,28.615406036377
1868,388.2,51.2273445129395
1869,388.3,29.589391708374
1870,388.6,8.09495544433594
1871,388.7,4.09322166442871
1872,388.9,17.3111724853516
1873,389.0,16.8699226379395
1874,389.2,46.2098579406738
1875,389.3,22.9960975646973
1876,389.5,6.37664413452148
1877,389.8,6.02948379516602
1878,390.0,15.5088882446289
1879,390.2,25.6480712890625
1880,390.3,18.2867469787598
1881,390.5,6.23442697525024
1882,390.7,2.15204501152039
1883,390.9,8.71672248840332
1884,391.1,23.3611793518066
1885,391.3,27.0138740539551
1886,391.4,7.33314085006714
1887,391.5,5.56655597686768
1888,391.7,1.73218667507172
1889,391.9,7.34831619262695
1890,392.0,6.71484327316284
1891,392.2,22.8433303833008
1892,392.3,17.2329807281494
1893,392.5,3.63766431808472
1894,392.7,3.87469291687012
1895,392.8,2.56973552703857
1896,393.0,11.6498050689697
1897,393.2,21.0696640014648
1898,393.3,16.3848819732666
1899,393.5,3.61526226997375
1900,393.6,3.32417988777161
1901,393.8,2.20783352851868
1902,394.0,8.39037418365479
1903,394.2,17.975284576416
1904,394.3,15.9242668151855
1905,394.5,3.5440092086792
1906,394.6,3.8907356262207
1907,394.9,6.73233127593994
1908,395.1,16.3230228424072
1909,395.3,20.4315643310547
1910,395.4,9.9745626449585
1911,395.6,2.99580860137939
1912,395.9,5.72308158874512
1913,396.1,13.3942766189575
1914,396.3,19.0436477661133
1915,396.4,9.37996864318848
1916,396.6,2.55932927131653
1917,396.8,6.51568126678467
1918,397.0,14.7336320877075
1919,397.2,24.4997825622559
1920,397.3,10.011417388916
1921,397.4,9.4337329864502
1922,397.7,3.77193236351013
1923,397.8,2.73406553268433
1924,398.0,11.4957361221313
1925,398.1,9.76745223999023
1926,398.3,18.3344421386719
1927,398.4,9.49674797058105
1928,398.6,3.58765721321106
1929,398.8,14.8661651611328
1930,398.9,20.4948692321777
1931,399.1,68.3140640258789
1932,399.2,29.0783348083496
1933,399.3,19.9788990020752
1934,399.6,4.37794494628906
1935,399.8,8.66830444335938
1936,399.9,10.1388931274414
1937,400.1,32.3815574645996
1938,400.2,22.2948398590088
1939,400.4,4.65919923782349
1940,400.6,1.83046686649323
1941,400.8,21.0767459869385
1942,401.0,216.491104125977
1943,401.1,253.456130981445
1944,401.3,11.1029052734375
1945,401.4,2.84130644798279
1946,401.7,6.18600940704346
1947,401.9,45.3016319274902
1948,402.1,120.163749694824
1949,402.2,40.1094093322754
1950,402.3,19.0713977813721
1951,402.5,2.52825546264648
1952,402.7,8.47940444946289
1953,402.9,45.651538848877
1954,403.1,108.328948974609
1955,403.2,39.7106513977051
1956,403.3,20.7597923278809
1957,403.6,4.99667596817017
1958,403.8,10.4549789428711
1959,404.0,28.6276912689209
1960,404.2,38.9155960083008
1961,404.3,12.4374914169312
1962,404.4,9.77005386352539
1963,404.7,7.14799833297729
1964,404.9,22.8332138061523
1965,405.1,46.4412498474121
1966,405.2,32.9511489868164
1967,405.4,6.07139778137207
1968,405.5,4.63188314437866
1969,405.8,5.89044666290283
1970,406.0,16.7946243286133
1971,406.1,12.4111862182617
1972,406.2,23.0355548858643
1973,406.4,5.73637819290161
1974,406.5,5.41075277328491
1975,406.7,2.73392105102539
1976,406.9,9.08310413360596
1977,407.1,21.1659202575684
1978,407.2,20.0672054290771
1979,407.4,9.23630619049072
1980,407.6,1.56149733066559
1981,407.8,3.87122416496277
1982,407.9,3.89796209335327
1983,408.1,13.5633764266968
1984,408.2,8.17300224304199
1985,408.3,13.9166069030762
1986,408.5,5.09351062774658
1987,408.8,4.33227348327637
1988,409.0,11.0491399765015
1989,409.1,8.03743362426758
1990,409.2,15.2256107330322
1991,409.4,9.07212066650391
1992,409.6,3.39283132553101
1993,409.9,5.02746057510376
1994,410.1,12.8521461486816
1995,410.3,15.8785953521729
1996,410.4,10.1871662139893
1997,410.6,3.75415515899658
1998,410.8,3.07703423500061
1999,411.0,10.9825115203857
2000,411.2,20.5587520599365
2001,411.3,8.61251640319824
2002,411.4,9.70516014099121
2003,411.6,3.73348760604858
2004,411.9,5.38676118850708
2005,412.1,12.1149005889893
2006,412.2,7.95346164703369
2007,412.3,13.1523342132568
2008,412.5,3.07616710662842
2009,412.7,4.78494024276733
2010,412.9,10.3572769165039
2011,413.0,12.077033996582
2012,413.2,28.8761386871338
2013,413.3,10.2066774368286
2014,413.4,9.18282985687256
2015,413.7,3.45208835601807
2016,413.8,2.55817317962646
2017,414.0,11.38112449646
2018,414.2,18.3932647705078
2019,414.3,5.51625967025757
2020,414.4,3.58303213119507
2021,414.7,3.59343838691711
2022,414.9,34.900276184082
2023,415.1,329.307403564453
2024,415.2,139.173294067383
2025,415.3,28.9034538269043
2026,415.6,2.20682168006897
2027,415.8,8.65905475616455
2028,416.0,73.0755920410156
2029,416.2,140.882781982422
2030,416.3,36.6376647949219
2031,416.5,5.74678421020508
2032,416.8,11.1360025405884
2033,416.9,21.8706455230713
2034,417.1,119.264923095703
2035,417.2,59.4188461303711
2036,417.3,30.1151905059814
2037,417.6,3.12068223953247
2038,417.8,7.92397737503052
2039,418.0,32.6529846191406
2040,418.2,46.0861396789551
2041,418.3,21.0885963439941
2042,418.6,6.61988735198975
2043,418.8,14.0517416000366
2044,419.0,57.3325614929199
2045,419.2,83.4265060424805
2046,419.3,25.8966617584229
2047,419.5,3.03251910209656
2048,419.7,4.73478841781616
2049,419.8,5.07905769348145
2050,420.0,24.6068801879883
2051,420.2,33.6710510253906
2052,420.3,17.4007797241211
2053,420.5,5.17415809631348
2054,420.8,9.86038398742676
2055,421.0,38.8931922912598
2056,421.2,63.9034538269043
2057,421.3,24.3942775726318
2058,421.5,4.44356107711792
2059,421.8,5.28934812545776
2060,421.9,6.52420854568481
2061,422.1,24.0433597564697
2062,422.2,23.7016906738281
2063,422.4,9.07399940490723
2064,422.6,2.3301055431366
2065,422.8,7.04798364639282
2066,423.0,23.1560916900635
2067,423.2,36.9498481750488
2068,423.3,12.8177480697632
2069,423.4,9.59777450561523
2070,423.7,3.73710083961487
2071,423.8,2.31969928741455
2072,424.0,12.1404829025269
2073,424.2,18.5211734771729
2074,424.3,14.00563621521
2075,424.5,2.50773239135742
2076,424.7,3.47506856918335
2077,424.9,7.80575227737427
2078,425.1,15.699667930603
2079,425.2,16.3104496002197
2080,425.4,6.85619306564331
2081,425.6,3.16201758384705
2082,425.8,1.71758925914764
2083,426.0,6.82309579849243
2084,426.2,12.4662523269653
2085,426.3,10.1261739730835
2086,426.6,4.28024291992188
2087,426.8,4.46076011657715
2088,427.0,10.6552972793579
2089,427.2,15.7830610275269
2090,427.3,11.6944646835327
2091,427.5,3.83422470092773
2092,427.8,3.73421025276184
2093,428.0,7.56713390350342
2094,428.1,6.05289793014526
2095,428.3,10.6142501831055
2096,428.4,3.43185424804688
2097,428.7,3.50093936920166
2098,428.8,4.80329513549805
2099,429.0,93.5320129394531
2100,429.1,284.159118652344
2101,429.3,37.794189453125
2102,429.5,1.06070244312286
2103,429.7,2.77352213859558
2104,429.9,21.0054912567139
2105,430.1,100.665412902832
2106,430.2,80.6450347900391
2107,430.4,8.40352630615234
2108,430.5,5.21520471572876
2109,430.8,8.78176021575928
2110,431.0,54.5330238342285
2111,431.1,101.867179870605
2112,431.3,24.0150318145752
2113,431.4,8.34094524383545
2114,431.6,0.90330970287323
2115,431.8,6.3117504119873
2116,432.0,24.6217670440674
2117,432.2,38.1284866333008
2118,432.3,20.5784072875977
2119,432.6,4.51177930831909
2120,432.7,3.06156969070435
2121,432.9,23.598352432251
2122,433.0,25.807487487793
2123,433.2,64.2043685913086
2124,433.3,24.8144245147705
2125,433.5,2.5827431678772
2126,433.7,4.20537662506104
2127,433.9,12.3919639587402
2128,434.0,13.4663972854614
2129,434.2,29.0481281280518
2130,434.3,17.7553119659424
2131,434.5,4.91660642623901
2132,434.8,7.70385885238647
2133,435.0,20.7414360046387
2134,435.2,31.8508453369141
2135,435.3,16.2011852264404
2136,435.5,4.6511058807373
2137,435.8,4.87469291687012
2138,436.0,11.7888422012329
2139,436.1,8.74996376037598
2140,436.2,14.6198873519897
2141,436.4,6.16461896896362
2142,436.6,2.45078778266907
2143,436.8,15.1258850097656
2144,436.9,30.9955196380615
2145,437.1,105.313919067383
2146,437.2,60.5765266418457
2147,437.4,5.5158257484436
2148,437.7,4.639976978302
2149,437.9,20.300910949707
2150,438.1,41.3798217773438
2151,438.2,19.1662082672119
2152,438.3,16.3965892791748
2153,438.5,5.2370285987854
2154,438.7,3.2545166015625
2155,438.9,16.0764560699463
2156,439.0,13.4948692321777
2157,439.2,28.652551651001
2158,439.3,13.9080791473389
2159,439.5,2.17560338973999
2160,439.7,3.41205382347107
2161,439.8,2.74100303649902
2162,440.0,10.1676540374756
2163,440.2,13.267523765564
2164,440.3,9.78725242614746
2165,440.6,3.87050151824951
2166,440.8,4.31984376907349
2167,441.0,9.84029483795166
2168,441.2,13.7483739852905
2169,441.3,6.16404104232788
2170,441.4,6.36985111236572
2171,441.7,2.49949407577515
2172,441.8,1.82627546787262
2173,442.0,6.25422763824463
2174,442.2,11.0572338104248
2175,442.3,5.23558330535889
2176,442.4,7.83191204071045
2177,442.7,4.71469879150391
2178,442.9,8.11013126373291
2179,443.0,5.98843765258789
2180,443.2,14.4542560577393
2181,443.3,6.6256685256958
2182,443.4,7.44095945358276
2183,443.6,1.56236445903778
2184,443.8,4.15464639663696
2185,443.9,2.96791434288025
2186,444.1,9.54805564880371
2187,444.3,10.2769184112549
2188,444.4,6.51250171661377
2189,444.6,2.69749975204468
2190,444.8,8.35351943969727
2191,445.0,19.2565402984619
2192,445.2,26.890157699585
2193,445.3,14.7743892669678
2194,445.5,4.68478107452393
2195,445.8,4.91675090789795
2196,446.0,11.4603261947632
2197,446.1,8.13715839385986
2198,446.3,14.420147895813
2199,446.4,4.8970947265625
2200,446.6,4.95100450515747
2201,446.8,6.70342540740967
2202,446.9,7.69880056381226
2203,447.1,22.4134998321533
2204,447.2,12.6781330108643
2205,447.3,12.5395288467407
2206,447.5,2.48070526123047
2207,447.7,3.29541850090027
2208,447.9,7.29469585418701
2209,448.1,13.1503105163574
2210,448.2,7.55224752426147
2211,448.3,9.86298561096191
2212,448.5,4.42679595947266
2213,448.8,4.02370262145996
2214,449.0,9.46104907989502
2215,449.2,13.5143804550171
2216,449.3,9.68246841430664
2217,449.5,3.99161720275879
2218,449.8,2.68911695480347
2219,450.0,5.69880056381226
2220,450.2,9.20523166656494
2221,450.3,7.88249731063843
2222,450.5,2.44139337539673
2223,450.7,3.15623641014099
2224,450.8,1.86341953277588
2225,451.0,7.09943628311157
2226,451.2,11.9083681106567
2227,451.3,5.12805318832397
2228,451.4,6.12256097793579
2229,451.7,2.83697056770325
2230,451.8,2.00101161003113
2231,452.0,5.75372171401978
2232,452.2,10.1146116256714
2233,452.4,8.71498775482178
2234,452.5,3.33386325836182
2235,452.8,2.78132677078247
2236,453.0,6.05145263671875
2237,453.1,3.86804461479187
2238,453.3,9.20248603820801
2239,453.4,5.50787687301636
2240,453.6,1.30235588550568
2241,453.8,2.45367836952209
2242,453.9,2.06301498413086
2243,454.1,6.47333431243896
2244,454.3,7.80893182754517
2245,454.4,4.98800420761108
2246,454.7,2.79014301300049
2247,454.9,4.02933931350708
2248,455.1,7.48634195327759
2249,455.2,8.10796356201172
2250,455.4,5.15739250183105
2251,455.7,2.29960966110229
2252,455.9,3.60080933570862
2253,456.1,6.54270839691162
2254,456.3,7.7804594039917
2255,456.4,5.36248016357422
2256,456.7,3.81109976768494
2257,456.9,6.23543882369995
2258,457.0,4.39427661895752
2259,457.2,10.7094955444336
2260,457.3,8.79592418670654
2261,457.5,4.28154373168945
2262,457.7,1.52984535694122
2263,457.9,4.45945930480957
2264,458.0,3.91819620132446
2265,458.2,9.12357234954834
2266,458.3,3.66310167312622
2267,458.5,5.41711235046387
2268,458.7,7.40237045288086
2269,458.8,7.31001567840576
2270,459.0,27.0471172332764
2271,459.2,27.101749420166
2272,459.3,10.9342393875122
2273,459.6,3.93221569061279
2274,459.8,6.09784650802612
2275,460.0,12.7905769348145
2276,460.2,16.157247543335
2277,460.3,5.01098442077637
2278,460.4,6.00202322006226
2279,460.7,9.08180332183838
2280,460.8,13.8177480697632
2281,461.0,77.7548751831055
2282,461.1,84.4713134765625
2283,461.3,14.5781183242798
2284,461.4,7.06850719451904
2285,461.7,5.88538789749146
2286,461.9,21.5393848419189
2287,462.0,20.0952453613281
2288,462.1,40.7151336669922
2289,462.3,13.9695043563843
2290,462.5,2.85922813415527
2291,462.7,6.73464393615723
2292,462.8,7.53143501281738
2293,463.0,29.346004486084
2294,463.1,31.8525791168213
2295,463.3,12.6480703353882
2296,463.6,4.18514251708984
2297,463.8,6.1664981842041
2298,464.0,11.6974992752075
2299,464.1,13.7378234863281
2300,464.3,8.32273483276367
2301,464.5,1.66844916343689
2302,464.7,4.00158977508545
2303,464.9,7.54848957061768
2304,465.1,14.461049079895
2305,465.2,11.9460906982422
2306,465.4,3.2780749797821
2307,465.5,4.00780439376831
2308,465.8,3.39962410926819
2309,466.0,6.38979625701904
2310,466.2,8.79390048980713
2311,466.3,4.29469585418701
2312,466.4,5.35120677947998
2313,466.7,2.9027316570282
2314,466.9,4.35568714141846
2315,467.1,7.10044813156128
2316,467.3,7.93337202072144
2317,467.4,4.57089185714722
2318,467.7,2.52478671073914
2319,467.8,1.25393843650818
2320,468.0,4.52160739898682
2321,468.2,6.82916593551636
2322,468.3,5.92990303039551
2323,468.6,3.73955774307251
2324,468.8,2.69822239875793
2325,469.0,4.70212459564209
2326,469.1,3.29064893722534
2327,469.2,6.50469732284546
2328,469.4,3.8759937286377
2329,469.7,2.65645313262939
2330,469.9,2.67784357070923
2331,470.1,4.89001321792603
2332,470.3,5.85388040542603
2333,470.4,2.47275614738464
2334,470.5,3.77424478530884
2335,470.8,2.82237315177917
2336,471.0,5.39673376083374
2337,471.2,8.19121265411377
2338,471.3,6.78710794448853
2339,471.5,3.01907801628113
2340,471.8,2.8004047870636
2341,472.0,4.85734939575195
2342,472.2,6.28067636489868
2343,472.3,5.57999706268311
2344,472.6,3.75097560882568
2345,472.8,5.95880889892578
2346,473.0,12.1539239883423
2347,473.2,16.1056518554688
2348,473.3,10.2387628555298
2349,473.5,2.9294695854187
2350,473.8,3.70198011398315
2351,474.0,7.23066902160645
2352,474.2,9.65948867797852
2353,474.3,5.46552991867065
2354,474.5,1.40901863574982
2355,474.7,4.0742883682251
2356,474.8,5.59473896026611
2357,475.0,72.8514251708984
2358,475.2,194.033096313477
2359,475.3,37.5259437561035
2360,475.4,7.62321138381958
2361,475.7,3.66454696655273
2362,475.8,4.79187726974487
2363,476.0,43.7167205810547
2364,476.1,42.723949432373
2365,476.2,65.0865707397461
2366,476.4,10.6151180267334
2367,476.7,4.24280977249146
2368,476.8,6.27055931091309
2369,477.0,38.3292388916016
2370,477.2,59.4919776916504
2371,477.3,25.4244842529297
2372,477.5,2.34817171096802
2373,477.7,3.87975144386292
2374,477.8,3.74056935310364
2375,478.0,16.1086864471436
2376,478.2,21.3176765441895
2377,478.3,8.62957096099854
2378,478.4,7.05116367340088
2379,478.7,4.52420854568481
2380,478.8,4.4098858833313
2381,479.0,19.1984386444092
2382,479.1,13.0024566650391
2383,479.2,20.6837692260742
2384,479.4,7.86544275283813
2385,479.6,1.7621043920517
2386,479.8,4.53157949447632
2387,479.9,3.82237315177917
2388,480.1,10.5935831069946
2389,480.2,12.4346008300781
2390,480.4,5.17502546310425
2391,480.7,3.23283720016479
2392,480.9,6.59199285507202
2393,481.0,4.84202909469604
2394,481.2,11.904465675354
2395,481.3,5.36089038848877
2396,481.4,5.20971250534058
2397,481.6,2.6911404132843
2398,481.9,3.65573048591614
2399,482.1,6.54010677337646
2400,482.2,3.85012292861938
2401,482.3,5.95967626571655
2402,482.5,3.14929914474487
2403,482.7,1.26376640796661
2404,482.9,3.98728132247925
2405,483.1,7.1271858215332
2406,483.2,3.52681016921997
2407,483.3,5.71021842956543
2408,483.5,2.95505142211914
2409,483.8,2.4486198425293
2410,484.0,4.37649965286255
2411,484.1,2.38025736808777
2412,484.3,5.86688804626465
2413,484.4,2.37071824073792
2414,484.5,3.06388211250305
2415,484.8,2.65674233436584
2416,485.0,4.95924282073975
2417,485.2,7.10594034194946
2418,485.3,5.7242374420166
2419,485.5,2.69027304649353
2420,485.7,1.06388211250305
2421,485.9,2.7579128742218
2422,486.1,4.86341953277588
2423,486.2,2.7349328994751
2424,486.4,4.92787981033325
2425,486.5,3.19771647453308
2426,486.7,1.49226772785187
2427,486.9,5.24280977249146
2428,487.1,8.85243511199951
2429,487.3,9.40005779266357
2430,487.4,4.41003036499023
2431,487.6,2.17878317832947
2432,487.9,3.52536487579346
2433,488.1,6.13715839385986
2434,488.2,6.38329219818115
2435,488.4,1.39890158176422
2436,488.6,2.45801424980164
2437,488.8,7.26607894897461
2438,489.0,65.9654541015625
2439,489.2,150.62580871582
2440,489.3,46.0531883239746
2441,489.5,3.31565260887146
2442,489.7,1.69041764736176
2443,489.9,16.2337036132813
2444,490.1,63.0735664367676
2445,490.2,35.4013595581055
2446,490.3,28.9258556365967
2447,490.5,4.59719610214233
2448,490.8,7.38719463348389
2449,491.0,35.0575218200684
2450,491.2,57.4403800964355
2451,491.3,18.2866020202637
2452,491.4,9.83509159088135
2453,491.6,1.44226038455963
2454,491.8,4.91877460479736
2455,492.0,16.271427154541
2456,492.2,22.0777568817139
2457,492.3,13.7873973846436
2458,492.6,4.93236017227173
2459,492.8,9.94030952453613
2460,493.0,26.24338722229
2461,493.2,37.7220687866211
2462,493.3,17.3941326141357
2463,493.5,3.9838125705719
2464,493.7,2.15088891983032
2465,493.9,9.0043363571167
2466,494.1,15.8612518310547
2467,494.2,8.92773532867432
2468,494.3,10.2126026153564
2469,494.5,2.36970663070679
2470,494.7,4.18600940704346
2471,494.8,3.7261164188385
2472,495.0,16.4474639892578
2473,495.2,23.6740856170654
2474,495.3,8.43994808197021
2475,495.4,7.21809530258179
2476,495.7,3.1461193561554
2477,495.9,4.80372905731201
2478,496.0,5.38155794143677
2479,496.2,10.6970663070679
2480,496.3,7.85229063034058
2481,496.5,2.04755020141602
2482,496.7,3.92455554008484
2483,496.9,11.3522186279297
2484,497.1,22.5961837768555
2485,497.2,22.1679439544678
2486,497.4,5.28168821334839
2487,497.5,3.2821216583252
2488,497.8,4.42087030410767
2489,498.0,9.47000980377197
2490,498.2,12.3074140548706
2491,498.3,5.5932936668396
2492,498.4,4.94898128509521
2493,498.7,2.90200901031494
2494,498.9,5.47824811935425
2495,499.0,4.29671907424927
2496,499.2,8.69142913818359
2497,499.3,6.96935987472534
2498,499.5,1.61439514160156
2499,499.7,2.59777426719666
2500,499.9,3.85127902030945
2501,500.1,5.65645313262939
2502,500.2,5.27460622787476
2503,500.4,1.71816742420197
2504,500.5,2.81644749641418
2505,500.7,1.43329966068268
2506,500.9,4.03208541870117
2507,501.0,2.80300617218018
2508,501.2,6.51047849655151
2509,501.3,3.30163311958313
2510,501.4,4.18774366378784
2511,501.7,2.92412209510803
2512,501.9,3.30582451820374
2513,502.1,5.17271280288696
2514,502.2,2.72279238700867
2515,502.3,4.37881183624268
2516,502.6,2.81717014312744
2517,502.7,2.36681604385376
2518,502.9,14.1066627502441
2519,503.1,41.2026290893555
2520,503.2,35.925422668457
2521,503.4,8.70010089874268
2522,503.7,3.31825399398804
2523,503.8,3.20523190498352
2524,504.0,15.6206102371216
2525,504.2,23.0913429260254
2526,504.3,12.9488363265991
2527,504.5,2.35077333450317
2528,504.7,3.96285581588745
2529,504.9,9.87743854522705
2530,505.1,19.2925281524658
2531,505.2,11.5539817810059
2532,505.3,12.2741727828979
2533,505.5,2.27662968635559
2534,505.7,2.3905189037323
2535,505.8,2.50758790969849
2536,506.0,8.56077480316162
2537,506.1,5.9183406829834
2538,506.2,9.60297775268555
2539,506.4,4.85677099227905
2540,506.7,3.87050151824951
2541,506.9,8.61092662811279
2542,507.1,19.6448917388916
2543,507.3,17.9150161743164
2544,507.4,7.03815603256226
2545,507.7,3.11056518554688
2546,507.8,2.12848687171936
2547,508.0,8.73030757904053
2548,508.2,11.1163463592529
2549,508.3,8.30943775177002
2550,508.6,3.45526814460754
2551,508.7,1.74996387958527
2552,508.9,5.44833087921143
2553,509.1,9.43011951446533
2554,509.2,5.23038005828857
2555,509.3,7.31695318222046
2556,509.5,1.77670180797577
2557,509.7,2.2987425327301
2558,509.8,1.53909528255463
2559,510.0,4.50802135467529
2560,510.2,6.34441375732422
2561,510.3,4.97904300689697
2562,510.5,1.84087300300598
2563,510.7,5.24324321746826
2564,510.8,5.67899990081787
2565,511.0,19.9880046844482
2566,511.2,24.817892074585
2567,511.3,12.0423469543457
2568,511.5,1.45165491104126
2569,511.7,3.43286609649658
2570,511.8,3.23023557662964
2571,512.0,10.7954902648926
2572,512.1,6.42939710617065
2573,512.3,10.9174737930298
2574,512.4,4.23601675033569
2575,512.7,2.85720491409302
2576,512.8,2.86414217948914
2577,513.0,8.34311294555664
2578,513.2,9.78840827941895
2579,513.3,5.79231119155884
2580,513.5,2.48894357681274
2581,513.7,1.18225181102753
2582,513.9,2.88307547569275
2583,514.0,2.38473773002625
2584,514.2,4.89232540130615
2585,514.3,2.31464076042175
2586,514.4,3.13556861877441
2587,514.7,2.37389802932739
2588,514.9,3.31189489364624
2589,515.1,5.71412038803101
2590,515.3,5.37967920303345
2591,515.4,3.1429398059845
2592,515.7,1.97340655326843
2593,515.9,2.11432290077209
2594,516.1,3.90258717536926
2595,516.3,4.12111568450928
2596,516.4,3.23760652542114
2597,516.7,2.60182118415833
2598,516.9,4.35106229782104
2599,517.1,6.23240375518799
2600,517.2,2.78913140296936
2601,517.4,4.98583602905273
2602,517.6,2.37794470787048
2603,517.7,1.019366979599
2604,517.9,2.90836834907532
2605,518.1,4.34874963760376
2606,518.3,4.85359144210815
2607,518.4,3.53634929656982
2608,518.7,4.02977323532104
2609,518.9,9.6532735824585
2610,519.0,8.40786266326904
2611,519.2,17.7389793395996
2612,519.3,9.96661376953125
2613,519.5,1.7791588306427
2614,519.7,3.23587226867676
2615,519.9,5.91703987121582
2616,520.1,9.21939563751221
2617,520.2,8.88090801239014
2618,520.4,2.79910397529602
2619,520.6,4.39109706878662
2620,520.8,7.49299049377441
2621,521.0,16.3526515960693
2622,521.1,9.46408462524414
2623,521.2,14.044225692749
2624,521.4,3.18890023231506
2625,521.6,3.28111004829407
2626,521.8,4.53186893463135
2627,522.0,8.14033794403076
2628,522.2,10.4140768051147
2629,522.3,6.67567586898804
2630,522.5,1.79635787010193
2631,522.7,3.37201905250549
2632,522.9,6.0280385017395
2633,523.1,8.24656772613525
2634,523.2,4.08021402359009
2635,523.3,5.63549661636353
2636,523.5,2.71527671813965
2637,523.7,1.11099874973297
2638,523.9,3.21881771087646
2639,524.1,4.6495156288147
2640,524.2,2.09264349937439
2641,524.3,4.11229944229126
2642,524.5,2.75964736938477
2643,524.8,2.75025296211243
2644,525.0,3.87729430198669
2645,525.2,5.04639387130737
2646,525.3,4.10565090179443
2647,525.6,2.81745910644531
2648,525.8,2.24121975898743
2649,526.0,3.14033818244934
2650,526.2,4.07934665679932
2651,526.3,4.14510774612427
2652,526.6,2.30857062339783
2653,526.7,1.04422605037689
2654,526.9,2.59502816200256
2655,527.1,3.62870359420776
2656,527.2,1.832634806633
2657,527.4,3.4347448348999
2658,527.5,2.33371877670288
2659,527.7,0.673074126243591
2660,527.9,2.00433588027954
2661,528.0,1.68955051898956
2662,528.2,2.99898838996887
2663,528.3,1.49602544307709
2664,528.4,2.52420878410339
2665,528.6,0.985980629920959
2666,528.8,1.95259428024292
2667,528.9,1.41870212554932
2668,529.1,3.12039303779602
2669,529.2,3.869056224823
2670,529.4,3.06099152565002
2671,529.6,1.8686226606369
2672,529.9,2.0737099647522
2673,530.0,1.46047115325928
2674,530.2,3.68203496932983
2675,530.3,3.16635346412659
2676,530.6,2.39167499542236
2677,530.7,0.892759084701538
2678,530.9,2.59358286857605
2679,531.0,1.90446591377258
2680,531.2,5.14510774612427
2681,531.3,1.69301927089691
2682,531.4,2.72756171226501
2683,531.6,1.14091634750366
2684,531.8,2.05203056335449
2685,532.0,2.82078337669373
2686,532.2,3.51886105537415
2687,532.3,1.89275908470154
2688,532.5,2.79129934310913
2689,532.6,1.54689979553223
2690,532.8,5.41855764389038
2691,533.0,10.8548927307129
2692,533.2,11.9829454421997
2693,533.3,6.43763542175293
2694,533.5,2.46567416191101
2695,533.8,4.06446027755737
2696,534.0,6.55123567581177
2697,534.1,3.78811955451965
2698,534.2,6.08339357376099
2699,534.5,3.59054780006409
2700,534.6,2.12140488624573
2701,534.8,13.2117357254028
2702,535.0,43.8736801147461
2703,535.1,52.9131393432617
2704,535.3,18.5185718536377
2705,535.6,3.99320721626282
2706,535.8,8.83942794799805
2707,535.9,10.0878744125366
2708,536.1,29.4711666107178
2709,536.2,20.4682750701904
2710,536.4,7.26044225692749
2711,536.7,4.99638652801514
2712,536.9,12.6453247070313
2713,537.1,22.8632755279541
2714,537.2,16.7168674468994
2715,537.4,4.24194240570068
2716,537.5,3.24382138252258
2717,537.7,1.35496461391449
2718,537.9,6.31521892547607
2719,538.1,9.5620756149292
2720,538.2,8.92542266845703
2721,538.4,2.43185424804688
2722,538.6,3.34817171096802
2723,538.7,1.57667291164398
2724,538.9,5.56857919692993
2725,539.0,4.45324468612671
2726,539.2,8.20971202850342
2727,539.3,5.57884073257446
2728,539.5,1.46899843215942
2729,539.7,2.32013297080994
2730,539.9,3.33256244659424
2731,540.1,4.7879753112793
2732,540.3,5.04726123809814
2733,540.4,3.0410463809967
2734,540.6,1.09206533432007
2735,540.8,2.68478107452393
2736,541.0,3.29903173446655
2737,541.2,4.51784944534302
2738,541.3,2.1023268699646
2739,541.4,2.72510480880737
2740,541.6,0.971961259841919
2741,541.8,2.12472891807556
2742,541.9,1.02283561229706
2743,542.1,2.71888995170593
2744,542.2,1.55181384086609
2745,542.4,2.8353807926178
2746,542.5,2.15233421325684
2747,542.8,1.79303371906281
2748,543.0,2.66050004959106
2749,543.2,3.0622923374176
2750,543.3,2.86226344108582
2751,543.6,1.66035556793213
2752,543.7,0.763549625873566
2753,543.9,1.75560057163239
2754,544.1,2.47665858268738
2755,544.3,2.80430698394775
2756,544.5,2.30987143516541
2757,544.6,0.89160281419754
2758,544.8,1.96661365032196
2759,545.0,2.68593716621399
2760,545.2,3.6431565284729
2761,545.3,3.55614972114563
2762,545.5,1.22373175621033
2763,545.6,1.36753869056702
2764,545.9,1.94247722625732
2765,546.0,1.30423474311829
2766,546.2,3.39471030235291
2767,546.3,2.95765280723572
2768,546.6,1.86674380302429
2769,546.7,1.43893623352051
2770,546.9,3.60991477966309
2771,547.1,6.25234842300415
2772,547.3,5.81962728500366
2773,547.4,3.60933661460876
2774,547.6,1.11735796928406
2775,547.8,2.50310730934143
2776,547.9,1.56698942184448
2777,548.1,4.06792879104614
2778,548.2,2.48489665985107
2779,548.3,3.18846654891968
2780,548.6,2.19005632400513
2781,548.8,5.88076305389404
2782,549.0,42.0414810180664
2783,549.2,114.57869720459
2784,549.3,47.3866157531738
2785,549.5,2.36406993865967
2786,549.7,2.94927000999451
2787,549.9,12.4838848114014
#"+ Scan (rt: 4.991-39.997 min, 6069 scans) SHEW_2.D "
#Point,X(Thompsons),Y(Counts)
0,45.2,29650.08203125
1,45.3,0.835722506046295
2,45.8,0.0968858152627945
3,46.0,50.9499092102051
4,46.1,6349.1435546875
5,46.3,23.02174949646
6,46.5,0.490855157375336
7,47.0,79.5982894897461
8,47.2,4294.6572265625
9,47.3,1.86999499797821
10,47.6,0.0341077595949173
11,47.8,3.60652494430542
12,48.0,154.249298095703
13,48.1,996.692687988281
14,48.3,30.2618217468262
15,48.5,1.04877245426178
16,48.8,0.931290149688721
17,49.0,75.289665222168
18,49.2,2676.53247070313
19,49.3,22.8245182037354
20,49.5,0.206129506230354
21,49.8,0.0682155191898346
22,50.0,17.1351127624512
23,50.2,10977.921875
24,50.3,12.4341735839844
25,51.0,5.78283071517944
26,51.2,17719.744140625
27,51.3,10.6182241439819
28,52.0,8.24946403503418
29,52.2,14843.3720703125
30,52.3,14.2690725326538
31,53.0,2.3140549659729
32,53.2,33881.37890625
33,53.3,9.44900321960449
34,54.0,0.439281582832336
35,54.2,25190.23828125
36,54.3,8.29592990875244
37,55.2,69242
38,55.3,2.9060800075531
39,56.0,1.15785133838654
40,56.2,29814.35546875
41,56.3,15.7790412902832
42,57.2,68042.75
43,57.3,45.9762725830078
44,58.0,12.7366943359375
45,58.2,18447.1171875
46,58.3,82.2982406616211
47,58.5,6.70407009124756
48,58.6,199.366455078125
49,59.0,42.3255882263184
50,59.2,11204.783203125
51,59.3,17.4185199737549
52,60.0,5.76305818557739
53,60.2,36926.69921875
54,60.3,1.95205140113831
55,60.8,0.0858461037278175
56,61.0,28.8111705780029
57,61.2,11736.125
58,61.3,6.47223615646362
59,61.8,0.523974299430847
60,62.0,55.0350952148438
61,62.2,3633.63061523438
62,62.3,15.5961446762085
63,62.5,0.0271873455494642
64,63.0,23.8353939056396
65,63.2,7573.43896484375
66,63.3,9.22128868103027
67,63.7,0.231010049581528
68,64.0,60.2555618286133
69,64.2,5264.02783203125
70,64.3,16.1453285217285
71,64.4,0.104630090296268
72,65.0,8.56912136077881
73,65.2,12853.0556640625
74,65.3,15.5594005584717
75,65.8,0.0728291347622871
76,66.0,28.1866855621338
77,66.2,12018.9951171875
78,66.3,16.0622844696045
79,66.5,0.131652668118477
80,67.0,0.392815947532654
81,67.2,20726.310546875
82,67.3,10.4524631500244
83,68.0,1.26890754699707
84,68.2,38161.71484375
85,68.3,11.9214038848877
86,69.2,42743.1015625
87,69.3,14.5801610946655
88,70.0,2.41192936897278
89,70.2,31622.93359375
90,70.3,18.6361846923828
91,71.0,2.30812335014343
92,71.2,40770.37890625
93,71.3,39.1097373962402
94,71.8,0.188498929142952
95,72.0,27.6172351837158
96,72.2,12404.9697265625
97,72.3,61.6623840332031
98,73.2,38784.33203125
99,74.0,19.935245513916
100,74.2,12155.4287109375
101,74.3,11.1403856277466
102,75.0,7.22408962249756
103,75.1,7173.50341796875
104,75.3,1.47421324253082
105,75.8,0.455923557281494
106,76.0,64.7923889160156
107,76.1,3210.587890625
108,76.3,27.3180103302002
109,76.5,0.117152743041515
110,77.0,5.12324953079224
111,77.2,17131.95703125
112,77.3,0.885648369789124
113,78.0,11.1646070480347
114,78.2,9922.8837890625
115,78.3,14.8658761978149
116,79.0,5.27912330627441
117,79.2,19275.130859375
118,79.8,0.101828970015049
119,80.0,6.23974275588989
120,80.2,16675.572265625
121,80.3,9.00032997131348
122,81.0,2.27566313743591
123,81.2,36413.04296875
124,81.3,0.359532058238983
125,82.0,5.63107585906982
126,82.2,19608.908203125
127,82.3,11.5516557693481
128,83.0,3.25523161888123
129,83.2,21978.400390625
130,83.3,29.9902782440186
131,83.6,0.183555781841278
132,84.0,8.28884506225586
133,84.2,30275.359375
134,84.3,16.8075466156006
135,85.0,5.51276969909668
136,85.2,39441.44921875
137,85.3,25.67160987854
138,85.8,0.193936392664909
139,86.0,28.637336730957
140,86.2,9139.26953125
141,86.3,39.200855255127
142,86.5,0.465809851884842
143,87.0,45.3646392822266
144,87.2,8926.00390625
145,87.3,14.7637176513672
146,87.6,0.224419176578522
147,87.8,1.48442912101746
148,88.0,86.1482925415039
149,88.2,3158.9931640625
150,88.3,24.3631572723389
151,88.5,0.351293444633484
152,88.8,0.101334653794765
153,89.0,62.4794845581055
154,89.1,7521.88232421875
155,89.3,11.8594493865967
156,89.7,0.528093576431274
157,89.9,11.4649858474731
158,90.1,1353.16967773438
159,90.2,3131.78051757813
160,90.4,3.79469442367554
161,91.0,4.75185346603394
162,91.2,18161.2265625
163,91.3,5.56170701980591
164,91.9,0.687427937984467
165,92.1,3207.55786132813
166,92.2,5116.85693359375
167,92.4,0.765364944934845
168,93.0,10.5908718109131
169,93.2,11784.2041015625
170,93.3,19.5406169891357
171,94.0,4.55478668212891
172,94.2,25132.251953125
173,94.3,6.76964902877808
174,95.0,1.8159499168396
175,95.1,62437.94140625
176,95.3,5.57900810241699
177,96.0,10.9662218093872
178,96.1,35373.8046875
179,96.3,0.797165930271149
180,96.8,0.297248303890228
181,97.0,28.1789417266846
182,97.1,37888.5078125
183,97.3,11.9993410110474
184,98.0,5.73273992538452
185,98.1,41262.2734375
186,98.3,11.7462511062622
187,98.8,0.116493657231331
188,99.0,19.0034599304199
189,99.2,17698.544921875
190,99.3,28.8818588256836
191,99.6,0.0463008731603622
192,99.8,0.664689421653748
193,100.0,49.6524963378906
194,100.1,10286.37890625
195,100.3,16.628438949585
196,100.4,1.17202174663544
197,100.6,0.048113364726305
198,100.9,2.50057673454285
199,101.1,11491.83984375
200,101.2,2060.61962890625
201,101.8,0.559235453605652
202,102.0,72.1423645019531
203,102.1,6859.5634765625
204,102.3,21.399242401123
205,102.5,0.142362833023071
206,102.8,0.051573570817709
207,103.0,80.602897644043
208,103.1,6850.77294921875
209,103.3,3.65266108512878
210,103.6,0.0428406670689583
211,103.8,0.137419670820236
212,104.0,52.0627784729004
213,104.2,6558.18359375
214,104.3,19.7974948883057
215,104.9,0.735211730003357
216,105.1,4258.0126953125
217,105.2,4772.8837890625
218,105.9,0.547371864318848
219,106.1,2788.74267578125
220,106.2,5830.75048828125
221,106.4,0.222606688737869
222,107.0,12.0767831802368
223,107.2,21507.333984375
224,107.3,12.5793380737305
225,108.0,14.5842809677124
226,108.2,18596.32421875
227,108.3,16.9976940155029
228,109.0,6.9705057144165
229,109.2,28013.6171875
230,109.3,17.3013668060303
231,109.9,0.165925189852715
232,110.1,18136.759765625
233,110.2,10510.5947265625
234,110.4,0.370406985282898
235,110.9,0.141044646501541
236,111.1,14059.9306640625
237,111.2,12166.794921875
238,111.3,15.3855657577515
239,112.0,23.6838035583496
240,112.1,26909.564453125
241,112.3,13.3952875137329
242,112.7,0.0927665159106255
243,112.9,4.39017963409424
244,113.1,5015.74951171875
245,113.2,5894.6298828125
246,113.3,27.3544235229492
247,113.5,0.115505024790764
248,113.7,0.366782009601593
249,113.9,7.48146295547485
250,114.1,3709.04541015625
251,114.2,2033.89538574219
252,114.4,1.73455262184143
253,114.5,0.165925189852715
254,114.8,0.156203657388687
255,115.0,40.8884506225586
256,115.2,10338.3349609375
257,115.3,6.32657766342163
258,115.8,0.129510626196861
259,116.0,46.2257385253906
260,116.1,9380.6416015625
261,116.3,6.67276334762573
262,116.8,0.144175320863724
263,117.0,25.7994728088379
264,117.1,5656.3671875
265,117.2,7716.82666015625
266,117.6,0.019113527610898
267,117.9,2.27698135375977
268,118.1,2972.60107421875
269,118.2,3954.81298828125
270,118.4,0.573570609092712
271,118.5,0.163288846611977
272,118.9,1.83275663852692
273,119.1,3972.3935546875
274,119.2,4253.4814453125
275,119.4,0.0499258525669575
276,119.6,0.0354259349405766
277,119.9,2.36793541908264
278,120.1,3515.51489257813
279,120.2,5894.80615234375
280,120.4,0.215686276555061
281,120.6,0.0670621171593666
282,120.8,0.138243526220322
283,121.0,26.4903602600098
284,121.2,13046.94921875
285,121.3,12.5264463424683
286,122.0,21.105619430542
287,122.2,12109.794921875
288,122.3,20.4671287536621
289,122.4,0.741473078727722
290,122.6,0.127698138356209
291,122.9,1.43664526939392
292,123.1,3292.68090820313
293,123.2,9587.5830078125
294,123.4,0.822211265563965
295,123.5,0.169714942574501
296,123.9,1.42659413814545
297,124.1,3720.9404296875
298,124.2,10396.0166015625
299,124.4,0.325094729661942
300,124.5,0.0484429076313972
301,124.8,0.313890248537064
302,125.0,27.7266445159912
303,125.1,5761.75537109375
304,125.2,8431.6044921875
305,125.4,0.954852521419525
306,125.7,0.683967709541321
307,125.9,3.69484257698059
308,126.1,26389.900390625
309,126.2,4407.6455078125
310,126.4,1.04860770702362
311,126.7,0.679848432540894
312,126.9,8.24336814880371
313,127.0,42.0886459350586
314,127.2,9199.25390625
315,127.3,42.1229209899902
316,127.5,0.137254908680916
317,127.6,0.411435157060623
318,127.9,4.77986478805542
319,128.1,11110.7890625
320,128.2,3465.56860351563
321,128.4,1.04712474346161
322,128.6,0.0939199179410934
323,128.9,1.67325758934021
324,129.1,3289.123046875
325,129.2,9389.017578125
326,129.3,14.7897510528564
327,129.5,0.0774427428841591
328,129.6,0.227714613080025
329,129.9,2.61707043647766
330,130.0,41.0690383911133
331,130.2,8389.6103515625
332,130.3,13.0169715881348
333,130.5,0.0642609968781471
334,130.7,0.160322949290276
335,130.9,1.68561542034149
336,131.1,3808.69458007813
337,131.2,4997.4599609375
338,131.4,0.482122272253036
339,131.7,0.259845107793808
340,131.9,4.407151222229
341,132.1,3406.65014648438
342,132.2,4235.50439453125
343,132.4,1.10512435436249
344,132.9,1.35442411899567
345,133.1,5905.99951171875
346,133.2,5515.30517578125
347,133.4,0.0632723644375801
348,133.7,0.0322952717542648
349,133.9,4.89421653747559
350,134.1,3412.8173828125
351,134.2,5075.4462890625
352,134.4,0.737848103046417
353,134.6,0.0369088798761368
354,134.8,0.254737198352814
355,134.9,2.95452308654785
356,135.1,3940.53100585938
357,135.2,7760.47412109375
358,135.4,0.349645733833313
359,135.6,0.0375679694116116
360,135.8,0.464821219444275
361,136.0,26.9210739135742
362,136.2,9620.884765625
363,136.3,18.4547710418701
364,136.5,0.0227385070174932
365,136.6,0.159004777669907
366,136.9,3.61212730407715
367,137.1,3948.27612304688
368,137.2,8295.1416015625
369,137.4,0.0734882205724716
370,137.8,0.556269586086273
371,138.0,26.2260665893555
372,138.1,1942.0234375
373,138.2,10461.69140625
374,138.4,0.68133133649826
375,138.6,0.348821878433228
376,138.8,0.868512094020844
377,139.0,36.5526428222656
378,139.2,8462.75
379,139.3,34.655460357666
380,139.5,0.118635691702366
381,139.7,0.219640791416168
382,139.9,4.05668163299561
383,140.1,2579.58374023438
384,140.2,3846.98291015625
385,140.4,1.47256553173065
386,140.6,0.566650211811066
387,140.8,1.15422642230988
388,141.0,45.687427520752
389,141.2,4331.92138671875
390,141.3,747.104125976563
391,141.5,0.797495484352112
392,141.8,1.47833251953125
393,142.0,76.5819702148438
394,142.1,7181.03759765625
395,142.3,89.6426086425781
396,142.4,1.94364809989929
397,142.7,0.134783327579498
398,142.9,4.98599433898926
399,143.1,1969.294921875
400,143.2,3266.17504882813
401,143.4,0.935244679450989
402,143.6,0.269566655158997
403,143.7,0.138243526220322
404,143.9,3.86538147926331
405,144.1,11294.3671875
406,144.2,2982.81298828125
407,144.4,0.70851868391037
408,144.6,0.471247315406799
409,144.8,0.580985307693481
410,145.0,38.3941345214844
411,145.2,7226.36865234375
412,145.3,17.9367275238037
413,145.5,0.432031631469727
414,145.8,1.07958471775055
415,145.9,3.23677706718445
416,146.1,2483.34765625
417,146.2,4205.69189453125
418,146.4,2.03196573257446
419,146.6,0.195584118366241
420,146.8,1.00065910816193
421,147.0,34.0917778015137
422,147.2,9927.923828125
423,147.3,4.4397759437561
424,147.5,0.0275168884545565
425,147.7,0.362662702798843
426,147.9,4.02553939819336
427,148.1,2750.0849609375
428,148.2,4813.55419921875
429,148.4,0.806722700595856
430,148.6,0.0687098354101181
431,148.8,0.489207446575165
432,149.0,45.9596290588379
433,149.2,9073.62109375
434,149.3,10.2456750869751
435,149.5,0.0950733199715614
436,149.7,0.125391334295273
437,149.9,4.81891584396362
438,150.1,2237.1318359375
439,150.2,5915.40673828125
440,150.4,0.675234794616699
441,150.6,0.51985502243042
442,150.8,0.881693840026855
443,151.0,40.9833564758301
444,151.2,11053.5625
445,151.3,21.3071346282959
446,151.5,0.102652825415134
447,151.7,0.277970016002655
448,151.9,3.31075954437256
449,152.1,2460.38500976563
450,152.2,7555.365234375
451,152.4,0.815620362758636
452,152.5,0.369088798761368
453,152.8,0.394957989454269
454,153.0,59.8418197631836
455,153.2,6410.8408203125
456,153.3,79.7783813476563
457,153.5,0.0603064745664597
458,153.7,0.274015486240387
459,153.9,4.46894073486328
460,154.1,1986.85632324219
461,154.2,8923.9482421875
462,154.4,1.39083874225616
463,154.6,0.446861088275909
464,154.8,1.29609489440918
465,155.0,74.9654006958008
466,155.2,4060.78759765625
467,155.3,1042.96484375
468,155.5,0.0655791759490967
469,155.6,0.566485404968262
470,155.9,8.21387386322021
471,156.1,1444.55126953125
472,156.2,1820.10498046875
473,156.4,2.54127526283264
474,156.6,0.214697644114494
475,156.8,1.54176962375641
476,157.0,40.3168563842773
477,157.2,5339.99072265625
478,157.3,34.8365478515625
479,157.5,0.415554463863373
480,157.8,1.39693522453308
481,158.0,48.7202186584473
482,158.2,3650.40234375
483,158.3,33.1955833435059
484,158.6,0.847256541252136
485,158.8,1.36249792575836
486,159.0,55.7185707092285
487,159.2,4731.84228515625
488,159.3,21.1560382843018
489,159.5,0.457406491041183
490,159.8,1.18223762512207
491,160.0,39.8248481750488
492,160.2,5305.76806640625
493,160.3,24.9637508392334
494,160.5,0.399901151657104
495,160.7,0.442082703113556
496,160.9,7.7876091003418
497,161.1,2712.54418945313
498,161.2,4417.4697265625
499,161.4,1.46251440048218
500,161.6,0.19113527238369
501,161.8,1.25786781311035
502,162.0,54.8304481506348
503,162.2,6223.9580078125
504,162.3,26.9823684692383
505,162.6,0.851705372333527
506,162.8,2.23595309257507
507,163.0,115.269073486328
508,163.2,6578.7734375
509,163.3,9.23364639282227
510,163.4,1.57933759689331
511,163.6,0.144010543823242
512,163.8,2.1487889289856
513,164.0,52.2908210754395
514,164.2,5934.0146484375
515,164.3,35.0151596069336
516,164.5,0.402867019176483
517,164.6,0.627451002597809
518,164.9,8.62992286682129
519,165.1,1449.5380859375
520,165.2,5253.97265625
521,165.4,1.02801120281219
522,165.7,0.5920250415802
523,165.9,7.9678692817688
524,166.1,1864.39575195313
525,166.2,5260.03955078125
526,166.4,1.28011202812195
527,166.5,0.809523820877075
528,166.8,1.70406985282898
529,167.0,53.1344528198242
530,167.2,5506.98388671875
531,167.3,57.7035751342773
532,167.5,0.304168730974197
533,167.7,0.503707349300385
534,167.9,6.71741628646851
535,168.1,1211.49304199219
536,168.2,3615.79296875
537,168.4,2.7572910785675
538,168.5,0.83753502368927
539,168.8,1.67111551761627
540,169.0,50.0133476257324
541,169.1,949.085327148438
542,169.2,2800.72241210938
543,169.4,2.11188006401062
544,169.6,0.66238260269165
545,169.8,1.6238260269165
546,170.0,57.8617553710938
547,170.2,2694.48706054688
548,170.3,134.615264892578
549,170.5,0.653155386447906
550,170.8,0.98731255531311
551,171.0,36.7801933288574
552,171.1,823.252624511719
553,171.2,4508.39208984375
554,171.4,1.9919261932373
555,171.7,0.646070182323456
556,171.9,6.44817924499512
557,172.0,38.2939529418945
558,172.2,3705.50927734375
559,172.3,34.6813316345215
560,172.5,0.279123425483704
561,172.7,0.764211595058441
562,172.8,0.967045664787292
563,173.0,50.4290657043457
564,173.2,4083.48266601563
565,173.3,31.9115180969238
566,173.5,0.292305171489716
567,173.7,0.58477509021759
568,173.9,5.46218490600586
569,174.1,1293.30712890625
570,174.2,3246.89794921875
571,174.3,29.2820892333984
572,174.5,0.419344216585159
573,174.8,1.86093258857727
574,175.0,35.7475700378418
575,175.1,2163.1201171875
576,175.2,3806.181640625
577,175.4,2.05668139457703
578,175.7,0.69401878118515
579,175.9,8.44340133666992
580,176.1,2301.97216796875
581,176.2,3470.88208007813
582,176.4,1.39874768257141
583,176.6,0.261987149715424
584,176.8,1.71296751499176
585,177.0,143.108917236328
586,177.2,5630.80908203125
587,177.3,12.9225568771362
588,177.6,0.19970341026783
589,177.8,1.9777557849884
590,178.0,77.9920883178711
591,178.2,4887.41650390625
592,178.3,28.9836883544922
593,178.5,0.742296934127808
594,178.7,0.616576015949249
595,178.9,11.1090793609619
596,179.1,1210.64990234375
597,179.2,3581.72875976563
598,179.4,0.923051595687866
599,179.6,0.263305336236954
600,179.8,2.01400566101074
601,180.0,47.6002655029297
602,180.2,4418.74267578125
603,180.3,40.6228370666504
604,180.4,2.69467782974243
605,180.6,0.376009225845337
606,180.8,2.31768012046814
607,181.0,55.7139549255371
608,181.1,783.156372070313
609,181.2,2312.87133789063
610,181.4,1.5379798412323
611,181.6,0.410281747579575
612,181.8,1.60075795650482
613,182.0,45.6567802429199
614,182.2,3451.14916992188
615,182.3,470.041015625
616,182.6,0.621354401111603
617,182.8,1.93310260772705
618,183.0,47.8919105529785
619,183.2,2418.99584960938
620,183.3,817.24169921875
621,183.6,0.564837694168091
622,183.8,1.42708849906921
623,184.0,50.0677223205566
624,184.2,2434.90014648438
625,184.3,135.45378112793
626,184.5,0.779041051864624
627,184.8,0.960125207901001
628,185.0,35.1293449401855
629,185.2,5583.984375
630,185.3,69.3623352050781
631,185.4,2.85697817802429
632,185.6,0.236612290143967
633,185.8,1.68314385414124
634,186.0,44.3987464904785
635,186.1,1418.6708984375
636,186.2,2418.55126953125
637,186.4,2.90673923492432
638,186.7,0.686604082584381
639,186.9,6.94101190567017
640,187.1,1141.37365722656
641,187.2,2334.6416015625
642,187.3,34.755313873291
643,187.5,0.484429061412811
644,187.7,0.6353600025177
645,187.9,5.8630747795105
646,188.1,916.65576171875
647,188.2,2638.12036132813
648,188.4,3.0759596824646
649,188.7,0.830120265483856
650,188.9,7.34602069854736
651,189.1,1125.27453613281
652,189.2,2867.7822265625
653,189.4,1.41687262058258
654,189.7,0.68676882982254
655,189.9,6.30301523208618
656,190.1,1259.119140625
657,190.2,2771.3955078125
658,190.3,37.0324592590332
659,190.5,0.453781515359879
660,190.9,9.98171043395996
661,191.1,2831.5556640625
662,191.2,2554.53564453125
663,191.4,0.188498929142952
664,191.5,0.188004612922668
665,191.8,2.14120936393738
666,192.0,99.4526290893555
667,192.2,4114.18017578125
668,192.3,25.3005428314209
669,192.5,0.337946951389313
670,192.8,0.784478485584259
671,193.0,168.784149169922
672,193.1,5206.24365234375
673,193.3,3.63667821884155
674,193.7,0.496786952018738
675,193.9,10.2239246368408
676,194.1,917.529235839844
677,194.2,4005.53442382813
678,194.4,1.07793700695038
679,194.7,0.728620886802673
680,194.9,12.9899492263794
681,195.1,1027.12854003906
682,195.2,2071.75903320313
683,195.4,0.924864053726196
684,195.6,0.149942323565483
685,195.8,2.31883335113525
686,196.0,44.2423782348633
687,196.2,2381.47607421875
688,196.3,549.818603515625
689,196.5,0.680177927017212
690,196.7,0.692865371704102
691,196.9,10.3600263595581
692,197.0,47.9278297424316
693,197.2,2290.263671875
694,197.3,724.427429199219
695,197.5,0.341571927070618
696,197.7,0.829625964164734
697,197.9,7.68610954284668
698,198.1,694.60009765625
699,198.2,1614.33410644531
700,198.4,2.41308283805847
701,198.6,0.488218814134598
702,198.8,2.07777237892151
703,199.0,37.504695892334
704,199.2,3549.50170898438
705,199.3,191.974792480469
706,199.6,0.59301370382309
707,199.8,2.01252269744873
708,200.0,41.8701591491699
709,200.1,843.526794433594
710,200.2,2034.26708984375
711,200.4,3.75547862052917
712,200.6,0.374691039323807
713,200.8,2.00543737411499
714,200.9,7.23183393478394
715,201.1,688.425415039063
716,201.2,1890.00756835938
717,201.4,3.81908059120178
718,201.6,0.787279605865479
719,201.9,7.16411256790161
720,202.1,647.093933105469
721,202.2,1916.01879882813
722,202.4,3.5920250415802
723,202.7,1.08683478832245
724,202.9,9.19541931152344
725,203.1,891.838500976563
726,203.2,1913.31896972656
727,203.4,2.30482792854309
728,203.6,0.878233671188354
729,203.8,1.6495304107666
730,204.0,40.9344215393066
731,204.1,637.005920410156
732,204.2,2010.498046875
733,204.4,3.98220467567444
734,204.7,0.755149126052856
735,204.9,10.0711812973022
736,205.0,56.699951171875
737,205.2,2451.1953125
738,205.3,32.5030479431152
739,205.5,0.363157033920288
740,205.7,0.638820230960846
741,205.9,7.24254417419434
742,206.1,591.471740722656
743,206.2,1823.35803222656
744,206.4,0.872796177864075
745,206.9,0.194265946745872
746,207.1,17137.240234375
747,207.2,1595.8642578125
748,207.7,0.0558576360344887
749,207.9,5.94265937805176
750,208.1,3759.84838867188
751,208.2,2068.35815429688
752,208.4,0.270555287599564
753,208.6,0.0365793369710445
754,208.8,0.704069852828979
755,209.0,80.4885482788086
756,209.1,4053.6708984375
757,209.3,40.4518051147461
758,209.5,0.196243196725845
759,209.7,0.226561218500137
760,209.9,8.26215171813965
761,210.1,731.796203613281
762,210.2,1780.13391113281
763,210.4,1.47684955596924
764,210.7,0.295930147171021
765,210.9,11.8848247528076
766,211.1,1220.80737304688
767,211.2,2276.97729492188
768,211.4,0.0698632374405861
769,211.7,0.432525962591171
770,211.9,12.1023235321045
771,212.1,541.782348632813
772,212.2,1473.18664550781
773,212.4,6.88713121414185
774,212.5,0.747569620609283
775,212.7,0.527269721031189
776,212.9,9.24682807922363
777,213.1,582.402526855469
778,213.2,2956.60668945313
779,213.3,2395.41333007813
780,213.5,0.211072668433189
781,213.7,0.815785109996796
782,213.9,7.83407497406006
783,214.0,36.4328536987305
784,214.2,2091.521484375
785,214.3,363.439788818359
786,214.5,0.787773907184601
787,214.8,1.98665344715118
788,215.0,62.5860939025879
789,215.1,742.854187011719
790,215.2,1496.49865722656
791,215.4,1.7442741394043
792,215.6,0.467292785644531
793,215.7,0.566814959049225
794,215.9,8.59317874908447
795,216.0,42.4659729003906
796,216.2,1718.86560058594
797,216.3,60.4369735717773
798,216.5,0.746251463890076
799,216.8,2.82830786705017
800,216.9,7.66584300994873
801,217.1,444.305480957031
802,217.2,1337.3642578125
803,217.4,2.75663208961487
804,217.7,1.0667325258255
805,217.9,7.93672752380371
806,218.1,407.870330810547
807,218.2,1307.94958496094
808,218.4,3.99044322967529
809,218.5,1.36892402172089
810,218.7,0.690393805503845
811,218.9,9.95633506774902
812,219.1,488.079406738281
813,219.2,1207.17626953125
814,219.4,3.40484428405762
815,219.7,1.143021941185
816,219.9,9.07760715484619
817,220.1,457.357879638672
818,220.2,1340.07666015625
819,220.4,4.57834911346436
820,220.7,0.995715916156769
821,220.9,6.46432685852051
822,221.1,782.186218261719
823,221.2,1437.00439453125
824,221.4,3.28966879844666
825,221.7,0.766024053096771
826,221.9,6.14829444885254
827,222.1,443.988800048828
828,222.2,1203.6005859375
829,222.4,4.44570779800415
830,222.6,0.43104299902916
831,222.8,3.74641633033752
832,223.0,72.7289505004883
833,223.2,1437.10119628906
834,223.3,63.629264831543
835,223.5,0.293788105249405
836,223.7,0.871313214302063
837,223.9,10.0550336837769
838,224.0,41.9471092224121
839,224.2,1190.36645507813
840,224.3,399.780853271484
841,224.5,1.14434003829956
842,224.8,1.83061456680298
843,225.0,80.6798477172852
844,225.2,1787.2919921875
845,225.3,573.795837402344
846,225.5,0.663041710853577
847,225.7,0.458724677562714
848,225.9,10.6174001693726
849,226.1,435.716430664063
850,226.2,1128.06359863281
851,226.4,11.4939861297607
852,226.7,1.38638985157013
853,226.9,12.262975692749
854,227.0,41.7978248596191
855,227.2,1732.00158691406
856,227.3,834.089111328125
857,227.5,0.910858452320099
858,227.8,2.20464658737183
859,228.0,43.0833740234375
860,228.2,1465.07678222656
861,228.3,290.694671630859
862,228.6,1.37913990020752
863,228.8,3.59630918502808
864,229.0,58.374195098877
865,229.2,1301.70764160156
866,229.3,76.2633056640625
867,229.4,3.99126720428467
868,229.7,1.11089146137238
869,229.8,1.38704895973206
870,230.0,50.5842819213867
871,230.2,1239.88562011719
872,230.3,74.3516235351563
873,230.5,1.30647552013397
874,230.7,0.928653836250305
875,230.9,10.0832099914551
876,231.1,332.488220214844
877,231.2,926.302856445313
878,231.4,5.82089328765869
879,231.6,1.08798813819885
880,231.9,7.91596651077271
881,232.1,325.518035888672
882,232.2,898.471740722656
883,232.4,5.95584106445313
884,232.7,1.95139229297638
885,232.9,10.0397100448608
886,233.1,394.843811035156
887,233.2,838.210083007813
888,233.4,4.4654803276062
889,233.7,1.30664026737213
890,233.9,7.82797813415527
891,234.1,355.749206542969
892,234.2,831.790893554688
893,234.4,5.47569608688354
894,234.5,1.93194925785065
895,234.8,3.6824848651886
896,235.0,64.4353256225586
897,235.2,952.30859375
898,235.3,71.6037216186523
899,235.5,1.07052230834961
900,235.8,3.23018622398376
901,236.0,46.5465469360352
902,236.1,336.350311279297
903,236.2,844.397277832031
904,236.4,8.41736698150635
905,236.7,2.57027506828308
906,236.9,16.17333984375
907,237.1,351.635864257813
908,237.2,689.246337890625
909,237.4,5.33003807067871
910,237.6,0.871478021144867
911,237.8,3.6786949634552
912,238.0,45.1445045471191
913,238.2,824.06884765625
914,238.3,362.94775390625
915,238.6,1.84412586688995
916,238.8,3.19706702232361
917,239.0,39.4719047546387
918,239.2,995.065734863281
919,239.3,843.089660644531
920,239.5,1.73652994632721
921,239.7,1.00263631343842
922,239.9,9.38325881958008
923,240.1,280.565002441406
924,240.2,844.957641601563
925,240.4,35.1478004455566
926,240.6,0.713297069072723
927,240.8,3.29148125648499
928,240.9,9.17366981506348
929,241.1,248.861587524414
930,241.2,878.129699707031
931,241.3,664.846618652344
932,241.6,1.29609489440918
933,241.8,2.88729619979858
934,242.0,39.180591583252
935,242.1,242.898330688477
936,242.2,942.581298828125
937,242.4,7.24649858474731
938,242.7,1.41753172874451
939,242.8,2.02603387832642
940,243.0,54.768497467041
941,243.2,859.308776855469
942,243.3,88.4817962646484
943,243.5,0.916790246963501
944,243.7,1.19986820220947
945,243.9,11.418025970459
946,244.1,275.988311767578
947,244.2,620.543395996094
948,244.4,5.22491359710693
949,244.5,1.91662549972534
950,244.8,2.98401713371277
951,245.0,43.7536659240723
952,245.2,686.757446289063
953,245.3,97.3003768920898
954,245.5,1.2028341293335
955,245.7,1.96688091754913
956,245.9,10.9347505569458
957,246.1,298.900299072266
958,246.2,594.160827636719
959,246.4,6.83868837356567
960,246.7,1.73603558540344
961,246.8,2.44587254524231
962,247.0,50.3972663879395
963,247.2,693.6015625
964,247.3,101.36595916748
965,247.5,1.90196073055267
966,247.8,3.59746241569519
967,248.0,45.0693702697754
968,248.2,650.933898925781
969,248.3,105.871475219727
970,248.5,2.42329883575439
971,248.7,1.01466464996338
972,248.9,24.009391784668
973,249.1,780.057189941406
974,249.2,382.062957763672
975,249.4,2.17795348167419
976,249.7,1.78513753414154
977,249.9,19.9548530578613
978,250.1,369.170715332031
979,250.2,401.023071289063
980,250.3,74.6511764526367
981,250.5,1.01367604732513
982,250.7,2.77393317222595
983,250.9,33.7498779296875
984,251.1,719.404174804688
985,251.2,375.296752929688
986,251.3,29.5818099975586
987,251.6,0.816609025001526
988,251.8,5.27236795425415
989,251.9,15.3877077102661
990,252.1,319.987487792969
991,252.2,378.010559082031
992,252.3,315.057342529297
993,252.5,1.66485416889191
994,252.7,2.37782168388367
995,252.9,24.306640625
996,253.1,543.740661621094
997,253.2,703.398742675781
998,253.4,274.012359619141
999,253.7,1.23611795902252
1000,253.9,15.3595323562622
1001,254.1,302.267578125
1002,254.2,557.470397949219
1003,254.4,53.5674743652344
1004,254.7,2.61377501487732
1005,254.9,17.8070526123047
1006,255.1,326.264465332031
1007,255.2,620.901611328125
1008,255.4,5.28884506225586
1009,255.6,0.422804415225983
1010,255.8,1.64771795272827
1011,256.0,15.1029825210571
1012,256.2,829.136413574219
1013,256.3,4171.376953125
1014,256.4,40.7147789001465
1015,256.7,2.87114834785461
1016,256.9,7.81496143341064
1017,257.1,164.749542236328
1018,257.3,1292.72314453125
1019,257.4,18.1497783660889
1020,257.6,0.728950381278992
1021,257.8,3.47652006149292
1022,258.0,49.8536834716797
1023,258.2,535.682800292969
1024,258.3,163.327407836914
1025,258.4,9.88301181793213
1026,258.7,1.73900151252747
1027,258.9,11.5007410049438
1028,259.0,34.8525276184082
1029,259.2,469.755310058594
1030,259.3,106.107269287109
1031,259.4,10.6213541030884
1032,259.6,0.666666686534882
1033,259.8,2.91843795776367
1034,260.0,45.9845123291016
1035,260.2,442.426422119141
1036,260.3,90.2717056274414
1037,260.4,8.766188621521
1038,260.7,1.77739334106445
1039,260.9,11.0192785263062
1040,261.1,181.051239013672
1041,261.2,349.849731445313
1042,261.4,10.1367607116699
1043,261.7,1.47289502620697
1044,261.9,9.7228536605835
1045,262.1,169.472229003906
1046,262.2,383.693695068359
1047,262.4,12.3453617095947
1048,262.7,2.65430879592896
1049,262.9,15.0767831802368
1050,263.1,205.845779418945
1051,263.2,253.492660522461
1052,263.3,87.8312759399414
1053,263.5,2.5778546333313
1054,263.8,2.31454944610596
1055,264.0,41.158016204834
1056,264.2,398.720703125
1057,264.3,175.401382446289
1058,264.5,2.58757615089417
1059,264.8,5.59713315963745
1060,265.0,167.089309692383
1061,265.1,908.913513183594
1062,265.3,53.4434013366699
1063,265.5,0.925358355045319
1064,265.8,3.87230181694031
1065,266.0,79.1140213012695
1066,266.1,210.944305419922
1067,266.2,448.508972167969
1068,266.4,132.305816650391
1069,266.7,1.11583459377289
1070,266.9,31.8342399597168
1071,267.1,1734.58630371094
1072,267.2,429.420989990234
1073,267.4,360.305480957031
1074,267.7,1.22524309158325
1075,267.9,33.1252250671387
1076,268.1,528.122924804688
1077,268.2,396.395446777344
1078,268.4,56.4076461791992
1079,268.5,1.66287696361542
1080,268.8,6.76042175292969
1081,269.0,167.33235168457
1082,269.1,856.519348144531
1083,269.3,49.2295265197754
1084,269.6,1.09902787208557
1085,269.8,5.55659914016724
1086,270.0,67.6879196166992
1087,270.2,517.8388671875
1088,270.3,103.597129821777
1089,270.5,1.73175156116486
1090,270.7,3.67111539840698
1091,270.8,7.39957141876221
1092,271.0,137.578186035156
1093,271.2,596.471252441406
1094,271.3,44.4043502807617
1095,271.5,0.569780826568604
1096,271.7,2.22194766998291
1097,271.9,18.8956985473633
1098,272.1,208.939529418945
1099,272.2,280.033935546875
1100,272.4,8.11682319641113
1101,272.6,3.12390828132629
1102,272.7,1.76833081245422
1103,272.9,17.0397090911865
1104,273.0,46.0258674621582
1105,273.2,349.810333251953
1106,273.3,69.9059143066406
1107,273.5,2.50024724006653
1108,273.8,4.03971004486084
1109,274.0,46.8945465087891
1110,274.2,305.415557861328
1111,274.3,77.2786254882813
1112,274.4,12.694842338562
1113,274.7,3.05552816390991
1114,274.9,12.2285385131836
1115,275.0,33.8065567016602
1116,275.2,267.502044677734
1117,275.3,86.8044128417969
1118,275.5,3.01169872283936
1119,275.8,3.22244191169739
1120,276.0,40.1118812561035
1121,276.2,297.542114257813
1122,276.3,113.488876342773
1123,276.5,2.17877745628357
1124,276.7,2.53073000907898
1125,276.9,12.1260499954224
1126,277.1,159.184707641602
1127,277.2,240.064254760742
1128,277.4,13.1344537734985
1129,277.7,1.86142694950104
1130,277.8,2.32509469985962
1131,278.0,35.987476348877
1132,278.2,289.253570556641
1133,278.3,123.487228393555
1134,278.5,5.03657913208008
1135,278.8,5.44340085983276
1136,279.0,59.0214195251465
1137,279.2,356.291809082031
1138,279.3,94.1268768310547
1139,279.5,1.70522332191467
1140,279.7,2.05256223678589
1141,279.8,2.12011861801147
1142,280.0,29.0052719116211
1143,280.2,227.82731628418
1144,280.4,308.944976806641
1145,280.5,0.972483098506927
1146,280.7,0.0797495469450951
1147,280.9,6.79222297668457
1148,281.1,7885.8486328125
1149,281.2,689.944946289063
1150,281.4,302.535522460938
1151,281.7,0.246333822607994
1152,281.9,16.1069374084473
1153,282.1,2019.19360351563
1154,282.2,663.418518066406
1155,282.4,58.5465469360352
1156,282.6,0.567309260368347
1157,282.8,3.90327906608582
1158,283.0,134.431869506836
1159,283.1,1969.58776855469
1160,283.3,39.5369911193848
1161,283.6,0.69401878118515
1162,283.8,3.05206799507141
1163,284.0,70.1756439208984
1164,284.2,650.00244140625
1165,284.3,1201.83142089844
1166,284.5,3.05981206893921
1167,284.7,1.24237930774689
1168,284.9,31.11501121521
1169,285.0,145.748229980469
1170,285.2,840.609497070313
1171,285.3,235.569290161133
1172,285.6,1.0843631029129
1173,285.8,6.10298252105713
1174,286.0,80.8586273193359
1175,286.2,349.454925537109
1176,286.3,92.8437957763672
1177,286.6,2.62761569023132
1178,286.8,6.05190324783325
1179,287.0,108.641784667969
1180,287.2,478.697479248047
1181,287.3,50.4300537109375
1182,287.4,3.56665015220642
1183,287.7,1.61855328083038
1184,287.9,14.8058986663818
1185,288.0,43.3420677185059
1186,288.2,247.235946655273
1187,288.3,69.8924026489258
1188,288.6,4.97775602340698
1189,288.8,9.20629405975342
1190,288.9,25.4911842346191
1191,289.1,257.151092529297
1192,289.2,163.246002197266
1193,289.3,55.2652816772461
1194,289.5,1.15340256690979
1195,289.7,2.53402543067932
1196,289.8,3.76487064361572
1197,290.0,48.8037567138672
1198,290.2,214.848739624023
1199,290.3,68.8352279663086
1200,290.6,3.43746900558472
1201,290.8,7.03707361221313
1202,291.0,51.5801620483398
1203,291.1,84.7106628417969
1204,291.2,162.93342590332
1205,291.4,12.2048110961914
1206,291.5,3.96688079833984
1207,291.8,4.11863565444946
1208,291.9,8.89372253417969
1209,292.1,105.41291809082
1210,292.2,161.060470581055
1211,292.4,18.4401054382324
1212,292.6,1.72565495967865
1213,292.8,6.2166748046875
1214,293.0,49.5243034362793
1215,293.2,203.724334716797
1216,293.3,55.7871131896973
1217,293.4,12.2550668716431
1218,293.6,1.1817432641983
1219,293.8,4.30383920669556
1220,294.0,38.6437644958496
1221,294.1,70.3077926635742
1222,294.3,191.705718994141
1223,294.4,163.910369873047
1224,294.5,6.89767694473267
1225,294.7,1.92354583740234
1226,294.9,16.0789260864258
1227,295.1,199.022415161133
1228,295.2,173.437301635742
1229,295.4,457.945617675781
1230,295.5,5.0037899017334
1231,295.8,4.57670116424561
1232,296.0,45.3748550415039
1233,296.2,205.630752563477
1234,296.3,75.3732070922852
1235,296.4,95.1647720336914
1236,296.7,4.56648540496826
1237,296.9,20.1075954437256
1238,297.1,149.20036315918
1239,297.2,189.086334228516
1240,297.4,16.0781021118164
1241,297.7,3.26264619827271
1242,297.9,13.0143346786499
1243,298.1,111.27961730957
1244,298.2,95.9701766967773
1245,298.3,67.2196426391602
1246,298.5,4.88465976715088
1247,298.8,5.96506834030151
1248,299.0,73.6740798950195
1249,299.2,336.064758300781
1250,299.3,78.3310241699219
1251,299.5,1.50716757774353
1252,299.7,2.32789587974548
1253,299.9,15.1257209777832
1254,300.1,130.950073242188
1255,300.2,105.061126708984
1256,300.3,62.3399238586426
1257,300.5,3.52776408195496
1258,300.8,6.8095235824585
1259,301.0,50.7256546020508
1260,301.2,185.778045654297
1261,301.3,68.2547378540039
1262,301.5,3.62926340103149
1263,301.8,4.90855169296265
1264,302.0,37.3857307434082
1265,302.2,141.93244934082
1266,302.3,69.4485092163086
1267,302.5,5.02488040924072
1268,302.7,1.67095077037811
1269,302.9,13.712308883667
1270,303.0,28.7913990020752
1271,303.2,140.148620605469
1272,303.3,61.7319145202637
1273,303.5,2.89289832115173
1274,303.7,3.18289661407471
1275,303.9,13.8197393417358
1276,304.1,92.3796310424805
1277,304.2,125.335144042969
1278,304.4,13.975284576416
1279,304.5,4.80062627792358
1280,304.8,5.18619203567505
1281,305.0,35.7642097473145
1282,305.2,128.481796264648
1283,305.3,64.0153274536133
1284,305.5,5.12802791595459
1285,305.7,1.65941667556763
1286,305.9,12.8991594314575
1287,306.1,78.8459396362305
1288,306.2,115.840827941895
1289,306.4,20.0387210845947
1290,306.6,1.80672264099121
1291,306.8,5.28802108764648
1292,307.0,38.4389533996582
1293,307.2,136.424285888672
1294,307.3,59.842643737793
1295,307.5,4.66436004638672
1296,307.8,4.73471736907959
1297,308.0,30.9331035614014
1298,308.2,115.451637268066
1299,308.3,58.2168388366699
1300,308.4,171.576370239258
1301,308.7,6.29428243637085
1302,308.9,20.064754486084
1303,309.1,107.311912536621
1304,309.2,135.177291870117
1305,309.4,382.257049560547
1306,309.6,1.8381941318512
1307,309.8,5.43318510055542
1308,310.0,36.7019271850586
1309,310.1,51.2692375183105
1310,310.2,118.348495483398
1311,310.4,114.678527832031
1312,310.5,11.6376667022705
1313,310.8,9.74608707427979
1314,311.0,59.8536834716797
1315,311.2,177.436309814453
1316,311.3,71.7849731445313
1317,311.5,5.42000341415405
1318,311.8,5.43549203872681
1319,312.0,36.9761085510254
1320,312.2,132.744445800781
1321,312.3,47.8146324157715
1322,312.4,20.4478492736816
1323,312.7,4.08057355880737
1324,312.9,11.0710163116455
1325,313.0,24.8925685882568
1326,313.2,288.27880859375
1327,313.3,191.041687011719
1328,313.5,5.22722053527832
1329,313.7,3.98945450782776
1330,313.8,3.43532705307007
1331,314.0,32.6623840332031
1332,314.2,148.938217163086
1333,314.3,89.6384887695313
1334,314.5,4.25127696990967
1335,314.7,4.82929658889771
1336,314.9,12.9416704177856
1337,315.1,86.2341384887695
1338,315.2,125.894378662109
1339,315.4,20.9339256286621
1340,315.6,1.31949245929718
1341,315.8,5.42857122421265
1342,316.0,29.9441432952881
1343,316.2,104.19953918457
1344,316.3,54.2455101013184
1345,316.5,4.11253929138184
1346,316.7,4.33448696136475
1347,316.8,2.81100678443909
1348,317.0,32.0326232910156
1349,317.1,49.8668632507324
1350,317.2,101.966384887695
1351,317.4,19.6569442749023
1352,317.7,3.87559723854065
1353,317.9,12.9672107696533
1354,318.1,62.180591583252
1355,318.2,90.1692199707031
1356,318.4,18.869665145874
1357,318.6,4.07612466812134
1358,318.9,12.3297080993652
1359,319.0,22.1344547271729
1360,319.2,92.5307312011719
1361,319.3,50.8591194152832
1362,319.5,4.29329395294189
1363,319.7,3.67507004737854
1364,319.9,10.8006258010864
1365,320.1,57.6277809143066
1366,320.2,110.30647277832
1367,320.4,22.7472400665283
1368,320.6,3.166419506073
1369,320.8,6.78678512573242
1370,321.0,31.6696319580078
1371,321.2,102.944969177246
1372,321.3,37.3570594787598
1373,321.4,17.1997032165527
1374,321.7,3.29823684692383
1375,321.8,3.03592014312744
1376,322.0,26.297248840332
1377,322.2,87.2781372070313
1378,322.3,44.8861427307129
1379,322.4,166.925521850586
1380,322.6,3.82435321807861
1381,322.8,9.24040222167969
1382,323.0,55.4621849060059
1383,323.2,132.589385986328
1384,323.3,50.2995567321777
1385,323.4,377.353424072266
1386,323.6,2.06574392318726
1387,323.8,8.56796836853027
1388,323.9,12.6842975616455
1389,324.1,83.7085189819336
1390,324.2,53.1833915710449
1391,324.4,220.270385742188
1392,324.5,28.021915435791
1393,324.7,3.64326906204224
1394,324.9,60.7022590637207
1395,325.0,142.416549682617
1396,325.1,295.064422607422
1397,325.4,44.64013671875
1398,325.5,12.5422639846802
1399,325.7,5.20299863815308
1400,325.9,34.4972801208496
1401,326.0,56.1163291931152
1402,326.1,139.677215576172
1403,326.3,26.9263477325439
1404,326.4,13.0505847930908
1405,326.7,5.24798154830933
1406,326.8,13.5425939559937
1407,327.0,375.615081787109
1408,327.1,505.472564697266
1409,327.3,7.38111734390259
1410,327.6,1.56335473060608
1411,327.8,16.7881031036377
1412,328.0,129.363983154297
1413,328.1,212.680511474609
1414,328.3,30.4877243041992
1415,328.6,5.78035926818848
1416,328.7,5.35145807266235
1417,328.9,51.8434677124023
1418,329.0,88.4939880371094
1419,329.1,200.718078613281
1420,329.3,22.9391994476318
1421,329.4,7.57373523712158
1422,329.7,4.92173337936401
1423,329.9,23.4302196502686
1424,330.1,84.7447662353516
1425,330.2,81.8747711181641
1426,330.4,16.687427520752
1427,330.6,3.18981719017029
1428,330.8,11.5618715286255
1429,331.0,54.5931777954102
1430,331.2,113.804580688477
1431,331.3,38.7536659240723
1432,331.5,3.35722517967224
1433,331.7,4.71824026107788
1434,331.9,15.1270389556885
1435,332.1,60.3343200683594
1436,332.2,45.4768486022949
1437,332.3,48.1036415100098
1438,332.5,6.71807527542114
1439,332.8,6.87790393829346
1440,333.0,32.2385902404785
1441,333.2,78.6195449829102
1442,333.3,44.5383110046387
1443,333.5,4.09128379821777
1444,333.6,4.36892414093018
1445,333.9,9.84659767150879
1446,334.0,17.337947845459
1447,334.2,65.5872497558594
1448,334.3,44.5061798095703
1449,334.5,8.1985502243042
1450,334.7,2.7431206703186
1451,334.9,12.9759435653687
1452,335.1,49.1389007568359
1453,335.2,36.2400741577148
1454,335.3,41.3250961303711
1455,335.5,3.87609171867371
1456,335.6,3.60570120811462
1457,335.9,9.59268379211426
1458,336.1,43.4547691345215
1459,336.3,68.9871444702148
1460,336.4,109.228706359863
1461,336.7,6.2316689491272
1462,336.8,4.17333984375
1463,337.0,31.6793537139893
1464,337.2,74.7941970825195
1465,337.4,259.081726074219
1466,337.5,43.5458908081055
1467,337.8,5.8849892616272
1468,338.0,23.9207439422607
1469,338.2,62.9495811462402
1470,338.4,90.8049087524414
1471,338.5,259.349639892578
1472,338.7,8.06393146514893
1473,338.8,7.4976110458374
1474,339.0,60.1234130859375
1475,339.2,145.03955078125
1476,339.3,47.0522308349609
1477,339.5,71.8554916381836
1478,339.7,2.45279288291931
1479,339.9,16.8222103118896
1480,340.1,66.310920715332
1481,340.2,50.5315551757813
1482,340.4,8.57917308807373
1483,340.5,6.2852201461792
1484,340.8,7.86950063705444
1485,341.0,326.121276855469
1486,341.1,988.868835449219
1487,341.3,9.51112174987793
1488,341.5,0.3217993080616
1489,341.7,2.73949575424194
1490,341.9,48.9848403930664
1491,342.1,345.463653564453
1492,342.2,115.231834411621
1493,342.3,30.7114849090576
1494,342.5,2.09919261932373
1495,342.7,4.1695499420166
1496,342.9,40.5633544921875
1497,343.1,354.278961181641
1498,343.2,172.609161376953
1499,343.4,3.83737015724182
1500,343.6,1.09128355979919
1501,343.8,9.16427707672119
1502,344.0,64.3685913085938
1503,344.2,133.697311401367
1504,344.3,41.7637176513672
1505,344.5,8.23331642150879
1506,344.8,16.6197071075439
1507,345.0,149.499923706055
1508,345.1,273.737030029297
1509,345.3,30.0751361846924
1510,345.5,2.77277970314026
1511,345.8,9.15636825561523
1512,346.0,55.7902450561523
1513,346.2,112.107429504395
1514,346.3,29.0098857879639
1515,346.4,12.4338445663452
1516,346.7,7.22112369537354
1517,346.8,8.11698818206787
1518,347.0,63.5529747009277
1519,347.2,116.702919006348
1520,347.3,38.8401718139648
1521,347.5,4.4076452255249
1522,347.8,7.16806745529175
1523,348.0,27.5134296417236
1524,348.2,61.179931640625
1525,348.3,39.6310768127441
1526,348.5,8.61196231842041
1527,348.7,3.17795348167419
1528,348.9,16.0929317474365
1529,349.1,52.2204627990723
1530,349.2,57.1244010925293
1531,349.4,14.2952709197998
1532,349.7,4.3097710609436
1533,349.9,11.5893888473511
1534,350.0,17.0350971221924
1535,350.2,52.829460144043
1536,350.3,25.842643737793
1537,350.4,42.7884330749512
1538,350.6,6.01334667205811
1539,350.9,12.2389192581177
1540,351.1,40.7600936889648
1541,351.3,55.6419525146484
1542,351.4,82.1260528564453
1543,351.6,4.46712779998779
1544,351.8,3.22441911697388
1545,352.0,20.7184047698975
1546,352.2,45.8678512573242
1547,352.4,53.0837059020996
1548,352.5,306.02587890625
1549,352.6,7.50584936141968
1550,352.9,15.244686126709
1551,353.1,45.2160148620605
1552,353.2,60.4124221801758
1553,353.5,99.7470779418945
1554,353.6,1.78876256942749
1555,353.8,5.62959289550781
1556,354.0,21.5640144348145
1557,354.2,40.5402870178223
1558,354.3,15.6818256378174
1559,354.5,7.32130479812622
1560,354.6,2.3320152759552
1561,354.8,3.71115493774414
1562,355.0,194.763885498047
1563,355.1,1625.87036132813
1564,355.3,24.2115669250488
1565,355.5,0.298072159290314
1566,355.7,1.53830945491791
1567,355.9,25.9495792388916
1568,356.0,115.872299194336
1569,356.1,552.751831054688
1570,356.3,31.9640789031982
1571,356.6,1.79304659366608
1572,356.8,6.43565654754639
1573,356.9,24.0431709289551
1574,357.1,369.727630615234
1575,357.2,164.891418457031
1576,357.3,35.0512428283691
1577,357.5,0.882517695426941
1578,357.7,1.97610807418823
1579,357.9,24.4613609313965
1580,358.0,42.808536529541
1581,358.2,133.603393554688
1582,358.3,43.6521682739258
1583,358.5,3.36266279220581
1584,358.7,4.41654300689697
1585,358.9,39.7198867797852
1586,359.1,258.006439208984
1587,359.2,150.090454101563
1588,359.4,6.0390510559082
1589,359.7,3.73438787460327
1590,359.9,27.7436141967773
1591,360.1,95.0693664550781
1592,360.2,87.4910202026367
1593,360.4,11.0551986694336
1594,360.5,6.27170848846436
1595,360.8,11.4394464492798
1596,361.0,60.4059982299805
1597,361.1,55.4035263061523
1598,361.2,82.2287063598633
1599,361.4,11.0967206954956
1600,361.7,5.01087474822998
1601,361.8,4.79617738723755
1602,362.0,30.8002967834473
1603,362.1,27.8368759155273
1604,362.2,47.2417221069336
1605,362.4,12.900972366333
1606,362.7,6.66814947128296
1607,362.9,62.4786605834961
1608,363.1,318.257049560547
1609,363.2,109.226066589355
1610,363.4,3.56203651428223
1611,363.7,4.23974275588989
1612,363.8,8.52051448822021
1613,364.0,64.275993347168
1614,364.1,51.7938690185547
1615,364.2,73.6225051879883
1616,364.4,9.80342769622803
1617,364.5,8.76816654205322
1618,364.7,4.48508834838867
1619,364.9,27.086009979248
1620,365.1,71.2936248779297
1621,365.2,57.5849380493164
1622,365.4,12.7978248596191
1623,365.5,9.03229522705078
1624,365.7,2.64195084571838
1625,365.9,11.4374694824219
1626,366.1,31.42165184021
1627,366.2,21.2395782470703
1628,366.4,39.535343170166
1629,366.5,146.5205078125
1630,366.8,7.5628604888916
1631,367.0,22.8030967712402
1632,367.1,22.1794357299805
1633,367.2,48.7383422851563
1634,367.5,56.7497100830078
1635,367.6,3.92766523361206
1636,367.9,8.20382308959961
1637,368.0,10.3191633224487
1638,368.2,37.6671600341797
1639,368.3,18.3227882385254
1640,368.4,20.3092765808105
1641,368.6,3.69929146766663
1642,368.8,8.21222591400146
1643,369.0,36.972484588623
1644,369.2,81.3771591186523
1645,369.3,37.4829444885254
1646,369.5,3.44175314903259
1647,369.7,3.65068387985229
1648,369.9,10.8456087112427
1649,370.0,15.132640838623
1650,370.2,46.6943473815918
1651,370.3,19.2267265319824
1652,370.4,13.6213541030884
1653,370.7,5.31059503555298
1654,370.8,4.67226886749268
1655,371.0,35.2524299621582
1656,371.2,98.3402557373047
1657,371.3,62.6951713562012
1658,371.5,5.40418529510498
1659,371.7,4.44422483444214
1660,371.8,4.0245509147644
1661,372.0,22.2094249725342
1662,372.2,51.8098526000977
1663,372.3,36.3545875549316
1664,372.5,9.49036121368408
1665,372.8,8.80227375030518
1666,373.0,41.369255065918
1667,373.2,74.7739334106445
1668,373.3,33.9817085266113
1669,373.5,5.14747095108032
1670,373.8,6.02718734741211
1671,374.0,25.4511451721191
1672,374.2,46.8629112243652
1673,374.3,27.5307292938232
1674,374.5,5.0690393447876
1675,374.7,5.15719223022461
1676,374.9,12.3796339035034
1677,375.1,36.2369422912598
1678,375.3,46.0448188781738
1679,375.4,15.8212223052979
1680,375.6,4.01598262786865
1681,375.9,7.35557746887207
1682,376.0,9.86686420440674
1683,376.2,32.7477340698242
1684,376.3,16.3013668060303
1685,376.4,15.7648706436157
1686,376.6,5.513099193573
1687,376.9,10.5422639846802
1688,377.0,10.7220296859741
1689,377.2,32.5231513977051
1690,377.3,23.4320316314697
1691,377.5,4.03460216522217
1692,377.7,3.64326906204224
1693,377.8,3.22211241722107
1694,378.0,16.718240737915
1695,378.1,14.3559074401855
1696,378.3,31.8340740203857
1697,378.4,9.82155227661133
1698,378.5,6.5452299118042
1699,378.8,5.52842330932617
1700,379.0,14.8897676467896
1701,379.1,12.4157190322876
1702,379.3,27.6248149871826
1703,379.4,12.1216020584106
1704,379.7,4.38391828536987
1705,379.9,7.97231817245483
1706,380.1,21.8723011016846
1707,380.3,26.8670291900635
1708,380.4,18.7876091003418
1709,380.7,4.55742311477661
1710,380.9,9.89586448669434
1711,381.0,10.4583950042725
1712,381.2,30.1977252960205
1713,381.3,23.1286869049072
1714,381.5,8.04135799407959
1715,381.7,1.75350141525269
1716,381.9,7.19640779495239
1717,382.1,21.851375579834
1718,382.2,13.410117149353
1719,382.3,22.6666660308838
1720,382.6,8.88251781463623
1721,382.8,12.5434169769287
1722,383.0,34.8841667175293
1723,383.2,49.3990783691406
1724,383.3,27.1632881164551
1725,383.5,6.73208093643188
1726,383.7,2.68545055389404
1727,383.9,10.9632558822632
1728,384.1,28.0289993286133
1729,384.2,30.0171356201172
1730,384.4,14.9696817398071
1731,384.7,11.3104305267334
1732,384.9,37.6864395141602
1733,385.1,88.8807067871094
1734,385.2,34.0495948791504
1735,385.3,25.0817260742188
1736,385.6,4.98286390304565
1737,385.8,9.43186664581299
1738,386.0,30.1614761352539
1739,386.1,24.879222869873
1740,386.2,46.7076950073242
1741,386.4,22.1136932373047
1742,386.7,12.0563516616821
1743,386.9,36.272533416748
1744,387.1,110.436973571777
1745,387.2,97.3496475219727
1746,387.4,13.3549184799194
1747,387.5,6.11336278915405
1748,387.8,9.69319534301758
1749,388.0,31.8924045562744
1750,388.2,57.5219955444336
1751,388.3,20.3394298553467
1752,388.4,17.4768505096436
1753,388.7,8.28851509094238
1754,388.9,18.9454612731934
1755,389.0,18.687427520752
1756,389.2,51.7352104187012
1757,389.3,25.6310768127441
1758,389.5,6.69006443023682
1759,389.8,6.48640632629395
1760,390.0,17.0764541625977
1761,390.2,28.5664863586426
1762,390.3,12.6017465591431
1763,390.4,12.2637996673584
1764,390.7,4.44175338745117
1765,390.9,9.41835594177246
1766,391.0,10.4745426177979
1767,391.2,32.0813980102539
1768,391.3,21.8693351745605
1769,391.5,6.13560724258423
1770,391.7,1.79139888286591
1771,391.9,7.96918773651123
1772,392.0,7.40813970565796
1773,392.2,25.474048614502
1774,392.3,19.2626457214355
1775,392.5,6.05305671691895
1776,392.8,4.85846090316772
1777,392.9,4.52825832366943
1778,393.1,19.7576198577881
1779,393.3,22.7170867919922
1780,393.4,11.3942985534668
1781,393.6,3.36332178115845
1782,393.8,2.37419676780701
1783,394.0,9.14269256591797
1784,394.1,9.0042839050293
1785,394.3,20.7678356170654
1786,394.4,7.90838670730591
1787,394.5,6.24336814880371
1788,394.8,4.52512788772583
1789,395.0,12.3583784103394
1790,395.2,22.0324592590332
1791,395.3,18.3786449432373
1792,395.5,5.41868495941162
1793,395.8,3.48607683181763
1794,395.9,4.09952211380005
1795,396.1,14.9210739135742
1796,396.3,20.9078922271729
1797,396.4,6.57274675369263
1798,396.5,6.41011714935303
1799,396.8,6.95617055892944
1800,396.9,6.07843160629272
1801,397.1,23.6472244262695
1802,397.2,25.2377662658691
1803,397.4,10.411600112915
1804,397.7,4.12885141372681
1805,397.8,2.86373376846313
1806,398.0,12.6050424575806
1807,398.2,21.981050491333
1808,398.3,15.710825920105
1809,398.6,7.6683144569397
1810,398.7,5.43532705307007
1811,398.9,33.539134979248
1812,399.0,34.0184555053711
1813,399.1,75.4035263061523
1814,399.3,22.1367607116699
1815,399.5,2.28505516052246
1816,399.7,5.4414234161377
1817,399.9,17.476354598999
1818,400.1,36.2347984313965
1819,400.2,24.8737850189209
1820,400.4,3.44702577590942
1821,400.6,2.94315361976624
1822,400.8,21.7684955596924
1823,401.0,242.758117675781
1824,401.1,284.368591308594
1825,401.3,12.8569784164429
1826,401.5,1.08864724636078
1827,401.7,6.35623645782471
1828,401.9,50.2926330566406
1829,402.0,64.5824661254883
1830,402.1,115.036582946777
1831,402.3,20.9141540527344
1832,402.5,2.70621180534363
1833,402.7,9.10528945922852
1834,402.9,50.3585433959961
1835,403.1,121.381614685059
1836,403.2,62.1746597290039
1837,403.4,5.10907888412476
1838,403.6,5.16411256790161
1839,403.8,11.3532705307007
1840,404.0,31.855001449585
1841,404.2,43.5060157775879
1842,404.3,20.8497276306152
1843,404.6,7.15982866287231
1844,404.8,13.1852035522461
1845,404.9,16.1431865692139
1846,405.1,52.1216011047363
1847,405.2,36.8709831237793
1848,405.4,9.47322463989258
1849,405.6,2.10874938964844
1850,405.8,6.23628282546997
1851,406.0,18.6167411804199
1852,406.2,28.5201854705811
1853,406.3,17.2249126434326
1854,406.5,5.81051254272461
1855,406.8,6.80820560455322
1856,406.9,6.03114175796509
1857,407.1,23.6983032226563
1858,407.2,22.3420658111572
1859,407.4,10.2076120376587
1860,407.7,3.47190642356873
1861,407.8,2.13659572601318
1862,408.0,10.7884330749512
1863,408.1,8.54275798797607
1864,408.3,18.0072498321533
1865,408.4,9.9357385635376
1866,408.6,2.0716757774353
1867,408.8,4.62300205230713
1868,409.0,12.2436971664429
1869,409.2,18.359203338623
1870,409.3,7.46630430221558
1871,409.4,10.0352611541748
1872,409.6,3.53880381584167
1873,409.9,5.40962266921997
1874,410.1,14.2263965606689
1875,410.3,17.6211891174316
1876,410.4,11.3611793518066
1877,410.6,4.02043151855469
1878,410.9,7.74031972885132
1879,411.1,18.839017868042
1880,411.2,21.579008102417
1881,411.4,7.18866348266602
1882,411.5,5.77212047576904
1883,411.8,3.70588231086731
1884,412.0,8.84709167480469
1885,412.1,8.12374401092529
1886,412.3,17.2530899047852
1887,412.4,9.66221809387207
1888,412.6,2.35920262336731
1889,412.8,6.67885971069336
1890,412.9,7.20332860946655
1891,413.1,29.4748725891113
1892,413.2,27.7482280731201
1893,413.4,10.1861925125122
1894,413.7,3.73817753791809
1895,413.9,7.23249292373657
1896,414.1,18.3905086517334
1897,414.2,16.0296592712402
1898,414.4,3.75679683685303
1899,414.6,1.01548850536346
1900,414.8,9.20151615142822
1901,415.0,163.614929199219
1902,415.1,395.300720214844
1903,415.3,31.1583461761475
1904,415.6,2.05783486366272
1905,415.7,2.38853192329407
1906,415.9,30.6183891296387
1907,416.0,57.5160636901855
1908,416.2,158.998687744141
1909,416.3,34.0878219604492
1910,416.4,10.0608005523682
1911,416.7,5.96589231491089
1912,416.9,32.3040046691895
1913,417.1,133.583297729492
1914,417.2,93.916130065918
1915,417.4,5.72417211532593
1916,417.6,3.28274846076965
1917,417.8,8.55462169647217
1918,418.0,36.3410758972168
1919,418.2,51.4264297485352
1920,418.3,16.5000820159912
1921,418.4,10.5340251922607
1922,418.7,7.74921751022339
1923,418.8,11.001482963562
1924,419.0,64.3054885864258
1925,419.2,93.5959777832031
1926,419.3,28.4926681518555
1927,419.5,3.28291320800781
1928,419.7,5.00164794921875
1929,419.8,5.63832569122314
1930,420.0,27.3559074401855
1931,420.2,37.678035736084
1932,420.3,19.4417533874512
1933,420.5,5.4692702293396
1934,420.8,10.8584613800049
1935,420.9,15.2334814071655
1936,421.1,65.6099853515625
1937,421.2,55.9911041259766
1938,421.4,9.53896808624268
1939,421.6,1.59153068065643
1940,421.8,5.73521184921265
1941,422.0,19.1367607116699
1942,422.1,15.101993560791
1943,422.2,26.6169052124023
1944,422.4,9.88779067993164
1945,422.7,4.99703407287598
1946,422.9,15.7909049987793
1947,423.1,36.5832939147949
1948,423.2,35.0879898071289
1949,423.4,7.69270038604736
1950,423.5,4.59004783630371
1951,423.7,2.23512935638428
1952,423.9,7.63980865478516
1953,424.1,17.8121604919434
1954,424.3,20.5602245330811
1955,424.4,8.92255687713623
1956,424.7,3.63107585906982
1957,424.9,8.65183734893799
1958,425.1,17.6737518310547
1959,425.2,18.3972644805908
1960,425.4,7.56549692153931
1961,425.6,1.98484098911285
1962,425.8,3.17647051811218
1963,425.9,2.76734232902527
1964,426.1,11.3152084350586
1965,426.3,13.5050258636475
1966,426.4,7.44373035430908
1967,426.7,4.03839159011841
1968,426.9,7.95452308654785
1969,427.0,6.52298545837402
1970,427.2,17.624979019165
1971,427.3,12.9059152603149
1972,427.5,4.08601093292236
1973,427.8,3.89932441711426
1974,428.0,8.22886848449707
1975,428.2,13.0944147109985
1976,428.3,7.52265596389771
1977,428.6,2.67325758934021
1978,428.8,6.93969345092773
1979,429.0,104.764373779297
1980,429.1,183.594665527344
1981,429.2,173.610473632813
1982,429.4,5.56154203414917
1983,429.6,1.94315373897552
1984,429.7,1.93606853485107
1985,429.9,23.0667324066162
1986,430.0,42.0309753417969
1987,430.2,132.02571105957
1988,430.3,39.3771629333496
1989,430.5,3.21337938308716
1990,430.7,5.63470077514648
1991,430.9,26.6661720275879
1992,431.0,40.4300537109375
1993,431.1,114.522323608398
1994,431.3,33.7464179992676
1995,431.5,2.17037391662598
1996,431.7,2.9927499294281
1997,431.9,14.4107761383057
1998,432.0,17.7754154205322
1999,432.2,42.6739158630371
2000,432.3,22.5808200836182
2001,432.6,4.91365957260132
2002,432.8,11.9466142654419
2003,433.0,46.4264297485352
2004,433.2,72.3465118408203
2005,433.3,27.7940349578857
2006,433.5,4.93606853485107
2007,433.8,6.98879528045654
2008,434.0,24.3155384063721
2009,434.2,32.6188812255859
2010,434.3,12.7652006149292
2011,434.4,10.1896524429321
2012,434.7,4.98566484451294
2013,434.9,14.2998847961426
2014,435.1,32.1908073425293
2015,435.2,29.696325302124
2016,435.4,9.35722541809082
2017,435.7,3.92865371704102
2018,435.8,3.29510617256165
2019,436.0,13.0174655914307
2020,436.2,19.2926349639893
2021,436.3,11.0082387924194
2022,436.5,2.47915625572205
2023,436.7,7.42478179931641
2024,436.9,47.2463340759277
2025,437.0,52.8802108764648
2026,437.1,117.555442810059
2027,437.3,18.0222434997559
2028,437.4,5.8876256942749
2029,437.6,1.79815459251404
2030,437.8,10.8322620391846
2031,437.9,15.2809362411499
2032,438.1,46.7918930053711
2033,438.2,21.6167411804199
2034,438.3,18.4097881317139
2035,438.5,5.76338768005371
2036,438.7,3.58345699310303
2037,438.9,18.0074138641357
2038,439.0,15.2595157623291
2039,439.2,32.4264297485352
2040,439.3,15.5388040542603
2041,439.5,2.37831592559814
2042,439.7,3.6142692565918
2043,439.9,7.69368934631348
2044,440.0,6.51837205886841
2045,440.2,14.8339099884033
2046,440.3,10.8002967834473
2047,440.6,4.11303329467773
2048,440.8,4.60866689682007
2049,441.0,10.8732900619507
2050,441.2,15.2809362411499
2051,441.3,11.2646236419678
2052,441.5,2.47800302505493
2053,441.7,2.54934906959534
2054,441.9,4.4516396522522
2055,442.1,10.5694513320923
2056,442.3,11.8746089935303
2057,442.4,8.56022453308105
2058,442.7,5.06590890884399
2059,442.9,8.73438739776611
2060,443.1,13.9823694229126
2061,443.3,15.9896192550659
2062,443.4,5.086669921875
2063,443.5,4.79469442367554
2064,443.8,4.45724153518677
2065,443.9,3.19723176956177
2066,444.1,10.4780025482178
2067,444.3,11.3310260772705
2068,444.4,7.04794836044312
2069,444.7,6.19953870773315
2070,444.9,14.8253421783447
2071,445.1,27.9663867950439
2072,445.2,25.5038719177246
2073,445.4,5.48574733734131
2074,445.5,4.94661378860474
2075,445.7,2.06393146514893
2076,445.9,7.63288831710815
2077,446.1,17.2455101013184
2078,446.2,8.58115005493164
2079,446.3,12.9538640975952
2080,446.5,2.73125720024109
2081,446.7,5.4616904258728
2082,446.9,12.8540124893188
2083,447.1,25.1095733642578
2084,447.2,23.4699287414551
2085,447.4,4.6645245552063
2086,447.5,4.14747095108032
2087,447.8,5.07118129730225
2088,447.9,4.83769989013672
2089,448.1,14.7053880691528
2090,448.2,8.45295810699463
2091,448.3,10.9599599838257
2092,448.5,3.08024382591248
2093,448.7,3.6564507484436
2094,448.9,6.80672264099121
2095,449.1,12.7465810775757
2096,449.2,14.7727794647217
2097,449.4,6.86505174636841
2098,449.6,2.84346675872803
2099,449.8,1.60454773902893
2100,450.0,6.320481300354
2101,450.2,10.0609655380249
2102,450.3,5.22408962249756
2103,450.4,6.14664697647095
2104,450.7,3.19146490097046
2105,450.9,5.10940837860107
2106,451.0,4.69566631317139
2107,451.2,13.1863565444946
2108,451.3,9.80375671386719
2109,451.5,3.94842648506165
2110,451.8,3.64738845825195
2111,452.0,6.32130479812622
2112,452.1,5.33399248123169
2113,452.3,10.9609489440918
2114,452.4,6.69105291366577
2115,452.7,2.66880869865417
2116,452.9,4.18734550476074
2117,453.1,7.98154544830322
2118,453.2,5.16444206237793
2119,453.3,8.65776920318604
2120,453.5,2.37666821479797
2121,453.6,2.46169066429138
2122,453.8,1.26758933067322
2123,454.0,5.22194766998291
2124,454.2,8.29741287231445
2125,454.4,8.086669921875
2126,454.5,1.70785963535309
2127,454.7,3.01136922836304
2128,454.9,4.40154886245728
2129,455.1,8.23282241821289
2130,455.2,5.11352777481079
2131,455.4,7.11171531677246
2132,455.5,2.25935077667236
2133,455.7,2.44686102867126
2134,455.9,3.90031313896179
2135,456.1,7.12456750869751
2136,456.3,8.57785511016846
2137,456.4,5.85977935791016
2138,456.6,2.01202845573425
2139,456.8,4.95485258102417
2140,457.0,8.76108074188232
2141,457.2,11.9497442245483
2142,457.3,9.77179145812988
2143,457.5,2.83423948287964
2144,457.7,3.40912842750549
2145,457.8,1.77673423290253
2146,458.0,7.31685638427734
2147,458.2,9.96243190765381
2148,458.3,4.06343698501587
2149,458.5,5.8988299369812
2150,458.7,8.07398223876953
2151,458.8,8.10874938964844
2152,459.0,30.1759757995605
2153,459.1,30.3784809112549
2154,459.3,8.42181587219238
2155,459.4,6.00593185424805
2156,459.7,4.43664503097534
2157,459.9,9.74724006652832
2158,460.0,8.25473690032959
2159,460.2,17.9515571594238
2160,460.3,5.60092258453369
2161,460.4,6.48607683181763
2162,460.7,9.70110416412354
2163,460.8,15.3300380706787
2164,461.0,87.3531036376953
2165,461.1,95.2252426147461
2166,461.3,16.3641452789307
2167,461.4,7.5885648727417
2168,461.7,6.36216831207275
2169,461.8,8.37518501281738
2170,462.0,38.1276969909668
2171,462.1,45.8751029968262
2172,462.3,15.4321966171265
2173,462.5,3.08601093292236
2174,462.7,7.32624816894531
2175,462.8,8.53089427947998
2176,463.0,32.7688255310059
2177,463.1,19.6838035583496
2178,463.2,25.6258029937744
2179,463.4,6.61212730407715
2180,463.7,4.52858781814575
2181,463.9,10.2685775756836
2182,464.1,15.4585599899292
2183,464.3,12.1873455047607
2184,464.4,3.47437787055969
2185,464.6,3.993079662323
2186,464.8,5.42148637771606
2187,464.9,4.98055696487427
2188,465.1,16.2399082183838
2189,465.2,13.2458391189575
2190,465.4,3.54885482788086
2191,465.5,4.28126525878906
2192,465.8,3.55429220199585
2193,466.0,7.01103973388672
2194,466.2,9.68050765991211
2195,466.3,8.38671970367432
2196,466.5,3.78942155838013
2197,466.8,3.19162964820862
2198,467.0,6.25935077667236
2199,467.2,9.05058479309082
2200,467.3,7.06673240661621
2201,467.5,3.42972493171692
2202,467.8,2.3830943107605
2203,468.0,4.85714292526245
2204,468.2,7.50519037246704
2205,468.3,6.47932100296021
2206,468.6,4.07628917694092
2207,468.8,2.92848896980286
2208,469.0,5.17366933822632
2209,469.2,7.56236600875854
2210,469.3,5.75712633132935
2211,469.6,3.16411280632019
2212,469.7,1.25523149967194
2213,469.9,2.81331348419189
2214,470.0,2.53237771987915
2215,470.2,5.85697793960571
2216,470.3,3.27764058113098
2217,470.5,5.33102655410767
2218,470.7,2.67737674713135
2219,470.8,1.67078590393066
2220,471.0,5.81117153167725
2221,471.2,8.9609489440918
2222,471.3,7.4414234161377
2223,471.5,3.14055037498474
2224,471.7,1.14532876014709
2225,471.9,3.79057502746582
2226,472.1,6.64722347259521
2227,472.3,6.8185863494873
2228,472.4,4.66320657730103
2229,472.7,4.55264472961426
2230,472.9,9.53946304321289
2231,473.0,7.67885971069336
2232,473.2,17.8924045562744
2233,473.3,11.4282417297363
2234,473.5,3.16032290458679
2235,473.8,4.02224397659302
2236,474.0,7.93227863311768
2237,474.2,10.7068710327148
2238,474.3,5.98418188095093
2239,474.6,2.81034755706787
2240,474.8,8.73653030395508
2241,475.0,81.3681030273438
2242,475.2,219.476348876953
2243,475.3,48.1632881164551
2244,475.5,2.04926681518555
2245,475.7,3.6786949634552
2246,475.9,20.2044811248779
2247,476.1,82.3549194335938
2248,476.2,73.37353515625
2249,476.4,11.6157522201538
2250,476.7,4.42296934127808
2251,476.8,6.92651176452637
2252,477.0,42.9830284118652
2253,477.1,36.0036239624023
2254,477.2,51.7075309753418
2255,477.4,10.1397266387939
2256,477.7,4.10265302658081
2257,477.9,11.3346519470215
2258,478.0,10.5841159820557
2259,478.2,23.8192462921143
2260,478.3,9.64376354217529
2261,478.4,7.81809186935425
2262,478.7,4.82303524017334
2263,478.9,13.9487562179565
2264,479.1,26.941011428833
2265,479.2,23.2463340759277
2266,479.4,8.5709342956543
2267,479.7,4.01779556274414
2268,479.9,7.0514087677002
2269,480.1,11.8457736968994
2270,480.2,7.8512110710144
2271,480.3,9.54176998138428
2272,480.6,3.65826320648193
2273,480.8,4.99703407287598
2274,481.0,9.42263984680176
2275,481.1,6.87592697143555
2276,481.3,12.4369745254517
2277,481.4,5.75053548812866
2278,481.6,2.71000170707703
2279,481.9,3.94562530517578
2280,482.0,2.86669969558716
2281,482.2,8.63486576080322
2282,482.3,6.53369569778442
2283,482.5,3.22672605514526
2284,482.8,3.24534511566162
2285,483.0,5.86702919006348
2286,483.1,4.26099872589111
2287,483.3,7.69550180435181
2288,483.4,4.44817924499512
2289,483.7,2.28110074996948
2290,483.9,3.21980547904968
2291,484.1,5.17333984375
2292,484.3,6.28999853134155
2293,484.4,2.56730937957764
2294,484.5,3.22804427146912
2295,484.7,1.49859941005707
2296,484.9,3.95930147171021
2297,485.1,6.52545738220215
2298,485.3,7.59713315963745
2299,485.4,4.44125890731812
2300,485.6,1.00296592712402
2301,485.8,2.37172508239746
2302,486.0,3.62646245956421
2303,486.2,5.97907400131226
2304,486.4,5.21815776824951
2305,486.5,1.90888118743896
2306,486.7,3.08914160728455
2307,486.9,5.48706531524658
2308,487.1,9.71972274780273
2309,487.2,5.31800937652588
2310,487.3,8.08485794067383
2311,487.5,3.13066411018372
2312,487.8,2.65397930145264
2313,487.9,2.08732914924622
2314,488.1,6.64788246154785
2315,488.2,6.99604558944702
2316,488.4,1.48344039916992
2317,488.6,2.43598604202271
2318,488.8,7.67111539840698
2319,489.0,74.1547241210938
2320,489.2,170.225082397461
2321,489.3,51.390510559082
2322,489.5,3.36299228668213
2323,489.8,6.1192946434021
2324,490.0,42.8854827880859
2325,490.2,81.7011032104492
2326,490.3,23.4447193145752
2327,490.4,11.6859445571899
2328,490.7,4.39083862304688
2329,490.8,5.5747241973877
2330,491.0,39.1632881164551
2331,491.1,33.4139060974121
2332,491.2,51.6254730224609
2333,491.4,8.07414722442627
2334,491.5,3.95304012298584
2335,491.8,5.25819730758667
2336,492.0,18.1240730285645
2337,492.2,24.5885639190674
2338,492.3,15.3577194213867
2339,492.6,5.30103826522827
2340,492.8,10.761739730835
2341,493.0,29.3102645874023
2342,493.2,42.4216499328613
2343,493.3,19.1474704742432
2344,493.5,4.33942985534668
2345,493.7,2.2354588508606
2346,493.9,9.9052562713623
2347,494.1,17.7792053222656
2348,494.2,16.9411773681641
2349,494.4,6.83901786804199
2350,494.7,4.49892902374268
2351,494.8,4.08601093292236
2352,495.0,18.5098037719727
2353,495.2,26.5158996582031
2354,495.3,14.83753490448
2355,495.5,4.04580640792847
2356,495.8,3.81001806259155
2357,495.9,3.28785634040833
2358,496.1,12.2105779647827
2359,496.3,11.0947437286377
2360,496.4,5.49695158004761
2361,496.7,4.19294786453247
2362,496.8,4.75317192077637
2363,497.0,18.8026027679443
2364,497.2,29.7656936645508
2365,497.3,10.1245670318604
2366,497.4,7.746910572052
2367,497.6,1.35854339599609
2368,497.8,4.58180904388428
2369,498.0,10.3262481689453
2370,498.1,6.45806550979614
2371,498.3,13.5028839111328
2372,498.4,3.42033290863037
2373,498.5,3.59400224685669
2374,498.8,3.93194913864136
2375,499.0,8.45493507385254
2376,499.2,9.65150737762451
2377,499.3,7.66106462478638
2378,499.5,1.69995057582855
2379,499.7,2.26693034172058
2380,499.9,3.29840183258057
2381,500.1,5.61789417266846
2382,500.3,5.66814947128296
2383,500.5,3.72697305679321
2384,500.7,2.67292809486389
2385,500.8,1.8627450466156
2386,501.0,5.46844625473022
2387,501.2,7.10495948791504
2388,501.3,6.20365810394287
2389,501.5,1.8136430978775
2390,501.7,2.39133310317993
2391,501.8,1.12127208709717
2392,502.0,3.83325099945068
2393,502.2,5.81084203720093
2394,502.3,2.69088816642761
2395,502.4,3.42181587219238
2396,502.7,4.09210729598999
2397,502.8,5.42395782470703
2398,503.0,28.1425285339355
2399,503.2,53.1441764831543
2400,503.3,22.2155208587646
2401,503.5,4.3980884552002
2402,503.8,5.1085844039917
2403,503.9,6.67968368530273
2404,504.1,23.1978912353516
2405,504.2,22.8320980072021
2406,504.4,7.58230352401733
2407,504.6,2.01103973388672
2408,504.8,6.44488382339478
2409,504.9,6.67193937301636
2410,505.1,21.5149116516113
2411,505.2,22.0224094390869
2412,505.4,6.91283559799194
2413,505.7,2.47652006149292
2414,505.9,6.25770330429077
2415,506.1,12.2097549438477
2416,506.2,5.97742605209351
2417,506.3,7.64903593063354
2418,506.5,3.7081892490387
2419,506.8,6.24402713775635
2420,507.0,16.3606853485107
2421,507.2,21.7620697021484
2422,507.3,9.5490198135376
2423,507.4,7.65529727935791
2424,507.6,1.47421324253082
2425,507.8,4.19492483139038
2426,508.0,9.54078102111816
2427,508.1,5.8731255531311
2428,508.3,11.8238592147827
2429,508.4,5.67408132553101
2430,508.7,3.60322952270508
2431,508.8,2.15801620483398
2432,509.0,8.82567119598389
2433,509.2,11.0986986160278
2434,509.3,8.06755638122559
2435,509.5,3.06475520133972
2436,509.8,2.86785292625427
2437,510.0,4.93557405471802
2438,510.2,6.82682466506958
2439,510.3,5.34783315658569
2440,510.5,1.99538636207581
2441,510.7,5.74839353561401
2442,510.9,16.2090950012207
2443,511.1,27.5045318603516
2444,511.2,12.9991760253906
2445,511.3,13.5890588760376
2446,511.5,2.85088157653809
2447,511.7,2.36431050300598
2448,511.9,8.86686420440674
2449,512.1,14.0678863525391
2450,512.3,12.1400556564331
2451,512.4,4.63799619674683
2452,512.7,3.00049424171448
2453,512.9,7.17828321456909
2454,513.1,10.5536336898804
2455,513.2,9.30614566802979
2456,513.4,2.57455921173096
2457,513.5,2.38523650169373
2458,513.7,1.29609489440918
2459,513.9,2.89405179023743
2460,514.1,5.24995899200439
2461,514.3,5.08749389648438
2462,514.4,2.21832251548767
2463,514.6,2.46037244796753
2464,514.7,1.21601581573486
2465,514.9,3.47520184516907
2466,515.1,6.16328907012939
2467,515.3,5.97363662719727
2468,515.4,3.29873132705688
2469,515.7,2.02290320396423
2470,515.9,2.11138582229614
2471,516.1,4.15373229980469
2472,516.3,4.41555452346802
2473,516.4,3.45196890830994
2474,516.6,1.2614928483963
2475,516.8,3.30186200141907
2476,516.9,2.76800131797791
2477,517.1,6.77937078475952
2478,517.3,6.04119300842285
2479,517.4,3.64722371101379
2480,517.6,1.07958471775055
2481,517.8,2.21370911598206
2482,518.0,4.05618715286255
2483,518.2,5.12011861801147
2484,518.3,4.69500732421875
2485,518.5,1.65496790409088
2486,518.7,4.30037879943848
2487,518.9,10.6078433990479
2488,519.1,19.5984516143799
2489,519.2,16.4654808044434
2490,519.4,6.10446548461914
2491,519.7,3.34338450431824
2492,519.9,6.40533876419067
2493,520.0,5.47338914871216
2494,520.2,10.4766845703125
2495,520.3,4.09441423416138
2496,520.4,5.48179292678833
2497,520.7,5.27055549621582
2498,520.9,13.5531387329102
2499,521.1,20.7600917816162
2500,521.2,15.5798320770264
2501,521.4,5.24336814880371
2502,521.7,3.58774089813232
2503,521.8,3.06475520133972
2504,522.0,8.9828634262085
2505,522.2,11.6116333007813
2506,522.3,7.43087816238403
2507,522.6,3.73933100700378
2508,522.7,1.85104632377625
2509,522.9,6.57027530670166
2510,523.0,4.35491847991943
2511,523.2,9.20464611053467
2512,523.3,6.2492995262146
2513,523.5,1.79008078575134
2514,523.7,2.29658913612366
2515,523.8,1.75300705432892
2516,524.0,3.68512105941772
2517,524.1,5.24897003173828
2518,524.3,4.49134969711304
2519,524.5,2.800626039505
2520,524.7,1.47520184516907
2521,524.9,3.42099189758301
2522,525.1,4.79980230331421
2523,525.2,2.89652323722839
2524,525.3,4.4045147895813
2525,525.5,2.89141535758972
2526,525.8,2.18849897384644
2527,525.9,1.65150761604309
2528,526.1,3.89800620079041
2529,526.2,2.18487405776978
2530,526.3,4.46300888061523
2531,526.6,2.44603729248047
2532,526.8,2.21387386322021
2533,526.9,1.5628604888916
2534,527.1,3.89833569526672
2535,527.3,3.94232988357544
2536,527.4,3.17284560203552
2537,527.6,1.75481963157654
2538,527.9,2.15785145759583
2539,528.0,3.23035097122192
2540,528.2,1.69813811779022
2541,528.4,3.24435663223267
2542,528.6,1.98550009727478
2543,528.8,1.97149443626404
2544,529.0,3.04547691345215
2545,529.2,4.12044811248779
2546,529.3,1.75893890857697
2547,529.4,3.093590259552
2548,529.6,1.95831274986267
2549,529.9,2.20645904541016
2550,530.1,3.3753502368927
2551,530.3,4
2552,530.5,2.72911524772644
2553,530.7,2.12967538833618
2554,530.8,0.9800626039505
2555,531.0,3.79337620735168
2556,531.1,2.81265449523926
2557,531.2,4.53633213043213
2558,531.4,1.62530899047852
2559,531.6,2.38243532180786
2560,531.8,2.14895367622375
2561,532.0,3.0583291053772
2562,532.2,3.63272356987
2563,532.3,3.50403690338135
2564,532.6,3.13643097877502
2565,532.8,5.84198379516602
2566,533.0,12.1415386199951
2567,533.2,13.2934589385986
2568,533.3,7.19805574417114
2569,533.5,1.61295104026794
2570,533.7,2.47717905044556
2571,533.9,6.35788440704346
2572,534.1,7.90838670730591
2573,534.2,3.87213706970215
2574,534.3,4.64162158966064
2575,534.5,1.89883017539978
2576,534.7,7.71593332290649
2577,534.9,28.857307434082
2578,535.0,29.4938201904297
2579,535.1,59.6020774841309
2580,535.3,20.6427745819092
2581,535.6,4.27022552490234
2582,535.8,9.78695011138916
2583,535.9,11.2606687545776
2584,536.1,32.9855003356934
2585,536.2,22.8938865661621
2586,536.4,7.92206287384033
2587,536.7,5.30861759185791
2588,536.9,14.0995225906372
2589,537.1,25.5902118682861
2590,537.2,10.8319330215454
2591,537.3,12.3926515579224
2592,537.5,1.90789258480072
2593,537.7,2.95584106445313
2594,537.8,2.69055867195129
2595,538.0,9.48970222473145
2596,538.1,5.37287855148315
2597,538.2,9.87098407745361
2598,538.4,4.54490041732788
2599,538.6,1.68281435966492
2600,538.8,4.29148149490356
2601,538.9,3.53682661056519
2602,539.1,9.36678218841553
2603,539.2,8.24501609802246
2604,539.4,4.12835741043091
2605,539.7,2.39759421348572
2606,539.8,1.51738345623016
2607,540.0,4.21272039413452
2608,540.2,5.51853704452515
2609,540.3,4.64145660400391
2610,540.6,2.46119618415833
2611,540.8,2.84939861297607
2612,540.9,1.51161646842957
2613,541.1,4.46053695678711
2614,541.3,4.63206481933594
2615,541.4,1.68874609470367
2616,541.6,2.18289661407471
2617,541.7,1.09589719772339
2618,541.9,2.2166748046875
2619,542.0,1.18701601028442
2620,542.2,3.34948086738586
2621,542.4,3.04531216621399
2622,542.5,2.23199868202209
2623,542.8,1.75910365581512
2624,543.0,2.81842160224915
2625,543.2,3.31504368782043
2626,543.3,3.07019281387329
2627,543.5,0.811006784439087
2628,543.7,1.58889436721802
2629,543.9,1.87230181694031
2630,544.1,2.58411598205566
2631,544.3,2.94793200492859
2632,544.4,2.3316855430603
2633,544.6,0.917778849601746
2634,544.8,2.01334643363953
2635,545.0,2.75893878936768
2636,545.2,3.90047788619995
2637,545.3,3.93079590797424
2638,545.5,2.1300048828125
2639,545.7,0.627451002597809
2640,545.9,1.91349482536316
2641,546.1,3.04349970817566
2642,546.3,3.69154715538025
2643,546.4,2.37683320045471
2644,546.6,0.968199014663696
2645,546.8,2.97561383247375
2646,546.9,2.33613443374634
2647,547.1,6.79930782318115
2648,547.3,6.30664014816284
2649,547.4,3.80919432640076
2650,547.7,2.24748730659485
2651,547.8,1.53287196159363
2652,548.0,3.88515400886536
2653,548.2,4.79518842697144
2654,548.3,2.11748218536377
2655,548.4,2.28785634040833
2656,548.7,2.94496631622314
2657,548.9,16.1395626068115
2658,549.0,35.6885795593262
2659,549.2,129.916625976563
2660,549.3,53.2339744567871
2661,549.5,2.51837205886841
2662,549.7,3.00477838516235
2663,549.9,13.8203983306885
